{
  "nodeName" : {
    "name" : "nodeC"
  },
  "timestamp" : 417981,
  "demandEstimationWindow" : "SHORT",
  "nodeComputeCapacity" : {
    "CPU" : 8.0,
    "MEMORY" : 1.6E10,
    "DISK" : 10.0,
    "TASK_CONTAINERS" : 8.0
  },
  "networkCapacity" : {
    "interface-nodeE ( nodeE )" : {
      "DATARATE_RX" : 100.0,
      "DATARATE_TX" : 100.0
    },
    "interface-nodeB ( nodeB )" : {
      "DATARATE_RX" : 100.0,
      "DATARATE_TX" : 100.0
    },
    "interface-nodeI ( nodeI )" : {
      "DATARATE_RX" : 100.0,
      "DATARATE_TX" : 100.0
    },
    "interface-nodeF ( nodeF )" : {
      "DATARATE_RX" : 100.0,
      "DATARATE_TX" : 100.0
    },
    "interface-nodeG ( nodeG )" : {
      "DATARATE_RX" : 100.0,
      "DATARATE_TX" : 100.0
    },
    "interface-nodeL ( nodeL )" : {
      "DATARATE_RX" : 100.0,
      "DATARATE_TX" : 100.0
    },
    "interface-nodeJ ( nodeJ )" : {
      "DATARATE_RX" : 100.0,
      "DATARATE_TX" : 100.0
    },
    "interface-nodeA ( nodeA )" : {
      "DATARATE_RX" : 100.0,
      "DATARATE_TX" : 100.0
    },
    "interface-nodeN ( nodeN )" : {
      "DATARATE_RX" : 100.0,
      "DATARATE_TX" : 100.0
    },
    "interface-nodeO ( nodeO )" : {
      "DATARATE_RX" : 100.0,
      "DATARATE_TX" : 100.0
    }
  },
  "networkLoad" : {
    "interface-nodeE ( nodeE )" : { },
    "interface-nodeB ( nodeB )" : {
      "(nodeC_c06, clientPoolB, nodeC_c06)" : {
        "AppCoordinates {com.bbn, test-service2, 1}" : {
          "DATARATE_TX" : -3.8116482626443515E-21,
          "DATARATE_RX" : -7.623296525288703E-21
        }
      },
      "(nodeC_c07, clientPoolB, nodeC_c07)" : {
        "AppCoordinates {com.bbn, test-service2, 1}" : {
          "DATARATE_TX" : -3.8116482626443515E-21,
          "DATARATE_RX" : -7.623296525288703E-21
        },
        "AppCoordinates {com.bbn, test-service1, 1}" : {
          "DATARATE_TX" : 6.79999999999999E-5,
          "DATARATE_RX" : 1.359999999999998E-4
        }
      },
      "(nodeC_c04, clientPoolB, nodeC_c04)" : {
        "AppCoordinates {com.bbn, test-service3, 1}" : {
          "DATARATE_TX" : 4.399999999999997E-5,
          "DATARATE_RX" : 8.799999999999994E-5
        },
        "AppCoordinates {com.bbn, test-service2, 1}" : {
          "DATARATE_TX" : -4.2351647362715017E-22,
          "DATARATE_RX" : -8.470329472543003E-22
        },
        "AppCoordinates {com.bbn, test-service1, 1}" : {
          "DATARATE_TX" : -3.8116482626443515E-21,
          "DATARATE_RX" : -7.623296525288703E-21
        }
      },
      "(nodeC_c05, clientPoolB, nodeC_c05)" : {
        "AppCoordinates {com.bbn, test-service3, 1}" : {
          "DATARATE_TX" : 3.699999999999999E-5,
          "DATARATE_RX" : 7.399999999999998E-5
        }
      },
      "(nodeC_c02, clientPoolB, nodeC_c02)" : {
        "AppCoordinates {com.bbn, test-service3, 1}" : {
          "DATARATE_TX" : 3.5999999999999994E-5,
          "DATARATE_RX" : 7.199999999999999E-5
        }
      },
      "(nodeC_c03, clientPoolB, nodeC_c03)" : {
        "AppCoordinates {com.bbn, test-service3, 1}" : {
          "DATARATE_TX" : 4.399999999999997E-5,
          "DATARATE_RX" : 8.799999999999994E-5
        },
        "AppCoordinates {com.bbn, test-service1, 1}" : {
          "DATARATE_TX" : -3.8116482626443515E-21,
          "DATARATE_RX" : -7.623296525288703E-21
        }
      },
      "(nodeC_c00, clientPoolB, nodeC_c00)" : {
        "AppCoordinates {com.bbn, test-service3, 1}" : {
          "DATARATE_TX" : 4.099999999999998E-5,
          "DATARATE_RX" : 8.199999999999996E-5
        },
        "AppCoordinates {com.bbn, test-service1, 1}" : {
          "DATARATE_TX" : -3.8116482626443515E-21,
          "DATARATE_RX" : -7.623296525288703E-21
        }
      },
      "(nodeC_c01, clientPoolB, nodeC_c01)" : {
        "AppCoordinates {com.bbn, test-service3, 1}" : {
          "DATARATE_TX" : 4.399999999999997E-5,
          "DATARATE_RX" : 8.799999999999994E-5
        },
        "AppCoordinates {com.bbn, test-service2, 1}" : {
          "DATARATE_TX" : -3.8116482626443515E-21,
          "DATARATE_RX" : -7.623296525288703E-21
        }
      }
    },
    "interface-nodeI ( nodeI )" : { },
    "interface-nodeF ( nodeF )" : { },
    "interface-nodeG ( nodeG )" : { },
    "interface-nodeL ( nodeL )" : { },
    "interface-nodeJ ( nodeJ )" : {
      "(nodeC_c06, clientPoolJ, nodeC_c06)" : {
        "AppCoordinates {com.bbn, test-service2, 1}" : {
          "DATARATE_TX" : -3.8116482626443515E-21,
          "DATARATE_RX" : -7.623296525288703E-21
        }
      },
      "(nodeC_c07, clientPoolJ, nodeC_c07)" : {
        "AppCoordinates {com.bbn, test-service2, 1}" : {
          "DATARATE_TX" : 9.740878893424454E-21,
          "DATARATE_RX" : 1.9481757786848908E-20
        },
        "AppCoordinates {com.bbn, test-service1, 1}" : {
          "DATARATE_TX" : 6.599999999999991E-5,
          "DATARATE_RX" : 1.3199999999999982E-4
        }
      },
      "(nodeC_c04, clientPoolJ, nodeC_c04)" : {
        "AppCoordinates {com.bbn, test-service3, 1}" : {
          "DATARATE_TX" : 2.3000000000000003E-5,
          "DATARATE_RX" : 4.600000000000001E-5
        },
        "AppCoordinates {com.bbn, test-service2, 1}" : {
          "DATARATE_TX" : -4.2351647362715017E-22,
          "DATARATE_RX" : -8.470329472543003E-22
        },
        "AppCoordinates {com.bbn, test-service1, 1}" : {
          "DATARATE_TX" : -3.8116482626443515E-21,
          "DATARATE_RX" : -7.623296525288703E-21
        }
      },
      "(nodeC_c05, clientPoolJ, nodeC_c05)" : {
        "AppCoordinates {com.bbn, test-service3, 1}" : {
          "DATARATE_TX" : 1.8E-5,
          "DATARATE_RX" : 3.6E-5
        }
      },
      "(nodeC_c02, clientPoolJ, nodeC_c02)" : {
        "AppCoordinates {com.bbn, test-service3, 1}" : {
          "DATARATE_TX" : 2.2000000000000003E-5,
          "DATARATE_RX" : 4.4000000000000006E-5
        }
      },
      "(nodeC_c03, clientPoolJ, nodeC_c03)" : {
        "AppCoordinates {com.bbn, test-service3, 1}" : {
          "DATARATE_TX" : 1.4999999999999999E-5,
          "DATARATE_RX" : 2.9999999999999997E-5
        },
        "AppCoordinates {com.bbn, test-service1, 1}" : {
          "DATARATE_TX" : -3.8116482626443515E-21,
          "DATARATE_RX" : -7.623296525288703E-21
        }
      },
      "(nodeC_c00, clientPoolJ, nodeC_c00)" : {
        "AppCoordinates {com.bbn, test-service3, 1}" : {
          "DATARATE_TX" : 1.3999999999999998E-5,
          "DATARATE_RX" : 2.7999999999999996E-5
        },
        "AppCoordinates {com.bbn, test-service1, 1}" : {
          "DATARATE_TX" : -3.8116482626443515E-21,
          "DATARATE_RX" : -7.623296525288703E-21
        }
      },
      "(nodeC_c01, clientPoolJ, nodeC_c01)" : {
        "AppCoordinates {com.bbn, test-service3, 1}" : {
          "DATARATE_TX" : 1.1999999999999997E-5,
          "DATARATE_RX" : 2.3999999999999994E-5
        },
        "AppCoordinates {com.bbn, test-service2, 1}" : {
          "DATARATE_TX" : -3.8116482626443515E-21,
          "DATARATE_RX" : -7.623296525288703E-21
        }
      }
    },
    "interface-nodeA ( nodeA )" : { },
    "interface-nodeN ( nodeN )" : { },
    "interface-nodeO ( nodeO )" : {
      "(nodeC_c03, clientPoolO, nodeC_c03)" : {
        "AppCoordinates {com.bbn, test-service3, 1}" : {
          "DATARATE_TX" : 3.8999999999999986E-5,
          "DATARATE_RX" : 7.799999999999997E-5
        },
        "AppCoordinates {com.bbn, test-service1, 1}" : {
          "DATARATE_TX" : -3.8116482626443515E-21,
          "DATARATE_RX" : -7.623296525288703E-21
        }
      },
      "(nodeC_c04, clientPoolO, nodeC_c04)" : {
        "AppCoordinates {com.bbn, test-service3, 1}" : {
          "DATARATE_TX" : 3.0000000000000008E-5,
          "DATARATE_RX" : 6.0000000000000015E-5
        },
        "AppCoordinates {com.bbn, test-service2, 1}" : {
          "DATARATE_TX" : -4.2351647362715017E-22,
          "DATARATE_RX" : -8.470329472543003E-22
        },
        "AppCoordinates {com.bbn, test-service1, 1}" : {
          "DATARATE_TX" : -3.8116482626443515E-21,
          "DATARATE_RX" : -7.623296525288703E-21
        }
      },
      "(nodeC_c01, clientPoolO, nodeC_c01)" : {
        "AppCoordinates {com.bbn, test-service3, 1}" : {
          "DATARATE_TX" : 3.8999999999999986E-5,
          "DATARATE_RX" : 7.799999999999997E-5
        },
        "AppCoordinates {com.bbn, test-service2, 1}" : {
          "DATARATE_TX" : -3.8116482626443515E-21,
          "DATARATE_RX" : -7.623296525288703E-21
        }
      },
      "(nodeC_c02, clientPoolO, nodeC_c02)" : {
        "AppCoordinates {com.bbn, test-service3, 1}" : {
          "DATARATE_TX" : 3.999999999999998E-5,
          "DATARATE_RX" : 7.999999999999997E-5
        }
      },
      "(nodeC_c00, clientPoolO, nodeC_c00)" : {
        "AppCoordinates {com.bbn, test-service3, 1}" : {
          "DATARATE_TX" : 4.399999999999997E-5,
          "DATARATE_RX" : 8.799999999999994E-5
        },
        "AppCoordinates {com.bbn, test-service1, 1}" : {
          "DATARATE_TX" : -3.8116482626443515E-21,
          "DATARATE_RX" : -7.623296525288703E-21
        }
      },
      "(nodeC_c07, clientPoolO, nodeC_c07)" : {
        "AppCoordinates {com.bbn, test-service2, 1}" : {
          "DATARATE_TX" : 9.740878893424454E-21,
          "DATARATE_RX" : 1.9481757786848908E-20
        },
        "AppCoordinates {com.bbn, test-service1, 1}" : {
          "DATARATE_TX" : 6.699999999999991E-5,
          "DATARATE_RX" : 1.3399999999999981E-4
        }
      },
      "(nodeC_c05, clientPoolO, nodeC_c05)" : {
        "AppCoordinates {com.bbn, test-service3, 1}" : {
          "DATARATE_TX" : 4.499999999999997E-5,
          "DATARATE_RX" : 8.999999999999994E-5
        }
      },
      "(nodeC_c06, clientPoolO, nodeC_c06)" : {
        "AppCoordinates {com.bbn, test-service2, 1}" : {
          "DATARATE_TX" : -3.8116482626443515E-21,
          "DATARATE_RX" : -7.623296525288703E-21
        }
      }
    }
  },
  "networkDemand" : {
    "interface-nodeE ( nodeE )" : { },
    "interface-nodeB ( nodeB )" : {
      "(nodeC_c06, clientPoolB, nodeC_c06)" : {
        "AppCoordinates {com.bbn, test-service2, 1}" : {
          "DATARATE_TX" : -3.8116482626443515E-21,
          "DATARATE_RX" : -7.623296525288703E-21
        }
      },
      "(nodeC_c07, clientPoolB, nodeC_c07)" : {
        "AppCoordinates {com.bbn, test-service2, 1}" : {
          "DATARATE_TX" : -3.8116482626443515E-21,
          "DATARATE_RX" : -7.623296525288703E-21
        },
        "AppCoordinates {com.bbn, test-service1, 1}" : {
          "DATARATE_TX" : 6.82857142857142E-5,
          "DATARATE_RX" : 1.365714285714284E-4
        }
      },
      "(nodeC_c04, clientPoolB, nodeC_c04)" : {
        "AppCoordinates {com.bbn, test-service3, 1}" : {
          "DATARATE_TX" : 5.4999999999999934E-5,
          "DATARATE_RX" : 1.0999999999999987E-4
        },
        "AppCoordinates {com.bbn, test-service2, 1}" : {
          "DATARATE_TX" : -4.2351647362715017E-22,
          "DATARATE_RX" : -8.470329472543003E-22
        },
        "AppCoordinates {com.bbn, test-service1, 1}" : {
          "DATARATE_TX" : -3.8116482626443515E-21,
          "DATARATE_RX" : -7.623296525288703E-21
        }
      },
      "(nodeC_c05, clientPoolB, nodeC_c05)" : {
        "AppCoordinates {com.bbn, test-service3, 1}" : {
          "DATARATE_TX" : 4.2999999999999975E-5,
          "DATARATE_RX" : 8.599999999999995E-5
        }
      },
      "(nodeC_c02, clientPoolB, nodeC_c02)" : {
        "AppCoordinates {com.bbn, test-service3, 1}" : {
          "DATARATE_TX" : 4.414285714285712E-5,
          "DATARATE_RX" : 8.828571428571423E-5
        }
      },
      "(nodeC_c03, clientPoolB, nodeC_c03)" : {
        "AppCoordinates {com.bbn, test-service3, 1}" : {
          "DATARATE_TX" : 5.28571428571428E-5,
          "DATARATE_RX" : 1.057142857142856E-4
        },
        "AppCoordinates {com.bbn, test-service1, 1}" : {
          "DATARATE_TX" : -3.8116482626443515E-21,
          "DATARATE_RX" : -7.623296525288703E-21
        }
      },
      "(nodeC_c00, clientPoolB, nodeC_c00)" : {
        "AppCoordinates {com.bbn, test-service3, 1}" : {
          "DATARATE_TX" : 4.957142857142853E-5,
          "DATARATE_RX" : 9.914285714285706E-5
        },
        "AppCoordinates {com.bbn, test-service1, 1}" : {
          "DATARATE_TX" : -3.8116482626443515E-21,
          "DATARATE_RX" : -7.623296525288703E-21
        }
      },
      "(nodeC_c01, clientPoolB, nodeC_c01)" : {
        "AppCoordinates {com.bbn, test-service3, 1}" : {
          "DATARATE_TX" : 5.071428571428566E-5,
          "DATARATE_RX" : 1.0142857142857132E-4
        },
        "AppCoordinates {com.bbn, test-service2, 1}" : {
          "DATARATE_TX" : -3.8116482626443515E-21,
          "DATARATE_RX" : -7.623296525288703E-21
        }
      }
    },
    "interface-nodeA ( nodeA )" : { },
    "interface-nodeO ( nodeO )" : {
      "(nodeC_c03, clientPoolO, nodeC_c03)" : {
        "AppCoordinates {com.bbn, test-service3, 1}" : {
          "DATARATE_TX" : 4.328571428571426E-5,
          "DATARATE_RX" : 8.657142857142852E-5
        },
        "AppCoordinates {com.bbn, test-service1, 1}" : {
          "DATARATE_TX" : -3.8116482626443515E-21,
          "DATARATE_RX" : -7.623296525288703E-21
        }
      },
      "(nodeC_c04, clientPoolO, nodeC_c04)" : {
        "AppCoordinates {com.bbn, test-service3, 1}" : {
          "DATARATE_TX" : 3.714285714285713E-5,
          "DATARATE_RX" : 7.428571428571426E-5
        },
        "AppCoordinates {com.bbn, test-service2, 1}" : {
          "DATARATE_TX" : -4.2351647362715017E-22,
          "DATARATE_RX" : -8.470329472543003E-22
        },
        "AppCoordinates {com.bbn, test-service1, 1}" : {
          "DATARATE_TX" : -3.8116482626443515E-21,
          "DATARATE_RX" : -7.623296525288703E-21
        }
      },
      "(nodeC_c01, clientPoolO, nodeC_c01)" : {
        "AppCoordinates {com.bbn, test-service3, 1}" : {
          "DATARATE_TX" : 4.942857142857138E-5,
          "DATARATE_RX" : 9.885714285714276E-5
        },
        "AppCoordinates {com.bbn, test-service2, 1}" : {
          "DATARATE_TX" : -3.8116482626443515E-21,
          "DATARATE_RX" : -7.623296525288703E-21
        }
      },
      "(nodeC_c02, clientPoolO, nodeC_c02)" : {
        "AppCoordinates {com.bbn, test-service3, 1}" : {
          "DATARATE_TX" : 4.81428571428571E-5,
          "DATARATE_RX" : 9.62857142857142E-5
        }
      },
      "(nodeC_c00, clientPoolO, nodeC_c00)" : {
        "AppCoordinates {com.bbn, test-service3, 1}" : {
          "DATARATE_TX" : 5.342857142857138E-5,
          "DATARATE_RX" : 1.0685714285714277E-4
        },
        "AppCoordinates {com.bbn, test-service1, 1}" : {
          "DATARATE_TX" : -3.8116482626443515E-21,
          "DATARATE_RX" : -7.623296525288703E-21
        }
      },
      "(nodeC_c07, clientPoolO, nodeC_c07)" : {
        "AppCoordinates {com.bbn, test-service2, 1}" : {
          "DATARATE_TX" : 9.740878893424454E-21,
          "DATARATE_RX" : 1.9481757786848908E-20
        },
        "AppCoordinates {com.bbn, test-service1, 1}" : {
          "DATARATE_TX" : 6.72857142857142E-5,
          "DATARATE_RX" : 1.345714285714284E-4
        }
      },
      "(nodeC_c05, clientPoolO, nodeC_c05)" : {
        "AppCoordinates {com.bbn, test-service3, 1}" : {
          "DATARATE_TX" : 5.528571428571422E-5,
          "DATARATE_RX" : 1.1057142857142844E-4
        }
      },
      "(nodeC_c06, clientPoolO, nodeC_c06)" : {
        "AppCoordinates {com.bbn, test-service2, 1}" : {
          "DATARATE_TX" : -3.8116482626443515E-21,
          "DATARATE_RX" : -7.623296525288703E-21
        }
      }
    },
    "interface-nodeN ( nodeN )" : { },
    "interface-nodeL ( nodeL )" : { },
    "interface-nodeJ ( nodeJ )" : {
      "(nodeC_c06, clientPoolJ, nodeC_c06)" : {
        "AppCoordinates {com.bbn, test-service2, 1}" : {
          "DATARATE_TX" : -3.8116482626443515E-21,
          "DATARATE_RX" : -7.623296525288703E-21
        }
      },
      "(nodeC_c07, clientPoolJ, nodeC_c07)" : {
        "AppCoordinates {com.bbn, test-service2, 1}" : {
          "DATARATE_TX" : 9.740878893424454E-21,
          "DATARATE_RX" : 1.9481757786848908E-20
        },
        "AppCoordinates {com.bbn, test-service1, 1}" : {
          "DATARATE_TX" : 6.542857142857134E-5,
          "DATARATE_RX" : 1.3085714285714268E-4
        }
      },
      "(nodeC_c04, clientPoolJ, nodeC_c04)" : {
        "AppCoordinates {com.bbn, test-service3, 1}" : {
          "DATARATE_TX" : 2.514285714285715E-5,
          "DATARATE_RX" : 5.02857142857143E-5
        },
        "AppCoordinates {com.bbn, test-service2, 1}" : {
          "DATARATE_TX" : -4.2351647362715017E-22,
          "DATARATE_RX" : -8.470329472543003E-22
        },
        "AppCoordinates {com.bbn, test-service1, 1}" : {
          "DATARATE_TX" : -3.8116482626443515E-21,
          "DATARATE_RX" : -7.623296525288703E-21
        }
      },
      "(nodeC_c05, clientPoolJ, nodeC_c05)" : {
        "AppCoordinates {com.bbn, test-service3, 1}" : {
          "DATARATE_TX" : 2.1142857142857144E-5,
          "DATARATE_RX" : 4.228571428571429E-5
        }
      },
      "(nodeC_c02, clientPoolJ, nodeC_c02)" : {
        "AppCoordinates {com.bbn, test-service3, 1}" : {
          "DATARATE_TX" : 2.528571428571429E-5,
          "DATARATE_RX" : 5.057142857142858E-5
        }
      },
      "(nodeC_c03, clientPoolJ, nodeC_c03)" : {
        "AppCoordinates {com.bbn, test-service3, 1}" : {
          "DATARATE_TX" : 2.1000000000000002E-5,
          "DATARATE_RX" : 4.2000000000000004E-5
        },
        "AppCoordinates {com.bbn, test-service1, 1}" : {
          "DATARATE_TX" : -3.8116482626443515E-21,
          "DATARATE_RX" : -7.623296525288703E-21
        }
      },
      "(nodeC_c00, clientPoolJ, nodeC_c00)" : {
        "AppCoordinates {com.bbn, test-service3, 1}" : {
          "DATARATE_TX" : 1.8142857142857142E-5,
          "DATARATE_RX" : 3.6285714285714285E-5
        },
        "AppCoordinates {com.bbn, test-service1, 1}" : {
          "DATARATE_TX" : -3.8116482626443515E-21,
          "DATARATE_RX" : -7.623296525288703E-21
        }
      },
      "(nodeC_c01, clientPoolJ, nodeC_c01)" : {
        "AppCoordinates {com.bbn, test-service3, 1}" : {
          "DATARATE_TX" : 1.657142857142857E-5,
          "DATARATE_RX" : 3.314285714285714E-5
        },
        "AppCoordinates {com.bbn, test-service2, 1}" : {
          "DATARATE_TX" : -3.8116482626443515E-21,
          "DATARATE_RX" : -7.623296525288703E-21
        }
      }
    },
    "interface-nodeI ( nodeI )" : { },
    "interface-nodeG ( nodeG )" : { },
    "interface-nodeF ( nodeF )" : { }
  },
  "containerReports" : {
    "nodeC_c01" : {
      "containerName" : {
        "name" : "nodeC_c01"
      },
      "timestamp" : 417981,
      "service" : {
        "group" : "com.bbn",
        "artifact" : "test-service3",
        "version" : "1"
      },
      "serviceStatus" : "RUNNING",
      "demandEstimationWindow" : "SHORT",
      "computeCapacity" : {
        "CPU" : 1.0,
        "TASK_CONTAINERS" : 100.0,
        "QueueLength" : 1000000.0
      },
      "computeLoad" : {
        "UNKNOWN" : {
          "QueueLength" : 95.0,
          "TASK_CONTAINERS" : 47.5
        }
      },
      "computeDemand" : {
        "UNKNOWN" : {
          "QueueLength" : 102.125,
          "TASK_CONTAINERS" : 51.0625
        }
      },
      "averageProcessingTime" : 120000.0,
      "networkCapacity" : {
        "interface-nodeC ( nodeC )" : {
          "DATARATE_TX" : 100.0,
          "DATARATE_RX" : 100.0
        }
      },
      "networkLoad" : {
        "interface-nodeC ( nodeC )" : {
          "(clientPoolJ, nodeC_c01, nodeC_c01)" : {
            "AppCoordinates {com.bbn, test-service3, 1}" : {
              "DATARATE_TX" : 7.199999999999999E-5,
              "DATARATE_RX" : 3.5999999999999994E-5
            }
          },
          "(clientPoolO, nodeC_c01, nodeC_c01)" : {
            "AppCoordinates {com.bbn, test-service3, 1}" : {
              "DATARATE_TX" : 1.4999999999999977E-4,
              "DATARATE_RX" : 7.499999999999989E-5
            }
          },
          "(clientPoolB, nodeC_c01, nodeC_c01)" : {
            "AppCoordinates {com.bbn, test-service3, 1}" : {
              "DATARATE_TX" : 1.439999999999998E-4,
              "DATARATE_RX" : 7.19999999999999E-5
            }
          }
        }
      },
      "networkDemand" : {
        "interface-nodeC ( nodeC )" : {
          "(clientPoolJ, nodeC_c01, nodeC_c01)" : {
            "AppCoordinates {com.bbn, test-service3, 1}" : {
              "DATARATE_TX" : 8.11428571428571E-5,
              "DATARATE_RX" : 4.057142857142855E-5
            }
          },
          "(clientPoolO, nodeC_c01, nodeC_c01)" : {
            "AppCoordinates {com.bbn, test-service3, 1}" : {
              "DATARATE_TX" : 1.7085714285714255E-4,
              "DATARATE_RX" : 8.542857142857127E-5
            }
          },
          "(clientPoolB, nodeC_c01, nodeC_c01)" : {
            "AppCoordinates {com.bbn, test-service3, 1}" : {
              "DATARATE_TX" : 1.5742857142857117E-4,
              "DATARATE_RX" : 7.871428571428558E-5
            }
          }
        }
      }
    },
    "nodeC_c02" : {
      "containerName" : {
        "name" : "nodeC_c02"
      },
      "timestamp" : 417983,
      "service" : {
        "group" : "com.bbn",
        "artifact" : "test-service3",
        "version" : "1"
      },
      "serviceStatus" : "RUNNING",
      "demandEstimationWindow" : "SHORT",
      "computeCapacity" : {
        "CPU" : 1.0,
        "TASK_CONTAINERS" : 100.0,
        "QueueLength" : 1000000.0
      },
      "computeLoad" : {
        "UNKNOWN" : {
          "QueueLength" : 98.0,
          "TASK_CONTAINERS" : 49.0
        }
      },
      "computeDemand" : {
        "UNKNOWN" : {
          "QueueLength" : 102.875,
          "TASK_CONTAINERS" : 51.4375
        }
      },
      "averageProcessingTime" : 120000.0,
      "networkCapacity" : {
        "interface-nodeC ( nodeC )" : {
          "DATARATE_TX" : 100.0,
          "DATARATE_RX" : 100.0
        }
      },
      "networkLoad" : {
        "interface-nodeC ( nodeC )" : {
          "(clientPoolO, nodeC_c02, nodeC_c02)" : {
            "AppCoordinates {com.bbn, test-service3, 1}" : {
              "DATARATE_TX" : 1.4399999999999987E-4,
              "DATARATE_RX" : 7.199999999999993E-5
            }
          },
          "(clientPoolJ, nodeC_c02, nodeC_c02)" : {
            "AppCoordinates {com.bbn, test-service3, 1}" : {
              "DATARATE_TX" : 7.400000000000006E-5,
              "DATARATE_RX" : 3.700000000000003E-5
            }
          },
          "(clientPoolB, nodeC_c02, nodeC_c02)" : {
            "AppCoordinates {com.bbn, test-service3, 1}" : {
              "DATARATE_TX" : 1.5399999999999984E-4,
              "DATARATE_RX" : 7.699999999999992E-5
            }
          }
        }
      },
      "networkDemand" : {
        "interface-nodeC ( nodeC )" : {
          "(clientPoolO, nodeC_c02, nodeC_c02)" : {
            "AppCoordinates {com.bbn, test-service3, 1}" : {
              "DATARATE_TX" : 1.6028571428571413E-4,
              "DATARATE_RX" : 8.014285714285706E-5
            }
          },
          "(clientPoolJ, nodeC_c02, nodeC_c02)" : {
            "AppCoordinates {com.bbn, test-service3, 1}" : {
              "DATARATE_TX" : 8.057142857142862E-5,
              "DATARATE_RX" : 4.028571428571431E-5
            }
          },
          "(clientPoolB, nodeC_c02, nodeC_c02)" : {
            "AppCoordinates {com.bbn, test-service3, 1}" : {
              "DATARATE_TX" : 1.702857142857141E-4,
              "DATARATE_RX" : 8.514285714285705E-5
            }
          }
        }
      }
    },
    "nodeC_c00" : {
      "containerName" : {
        "name" : "nodeC_c00"
      },
      "timestamp" : 417985,
      "service" : {
        "group" : "com.bbn",
        "artifact" : "test-service3",
        "version" : "1"
      },
      "serviceStatus" : "RUNNING",
      "demandEstimationWindow" : "SHORT",
      "computeCapacity" : {
        "CPU" : 1.0,
        "TASK_CONTAINERS" : 100.0,
        "QueueLength" : 1000000.0
      },
      "computeLoad" : {
        "UNKNOWN" : {
          "QueueLength" : 99.0,
          "TASK_CONTAINERS" : 49.5
        }
      },
      "computeDemand" : {
        "UNKNOWN" : {
          "QueueLength" : 106.0,
          "TASK_CONTAINERS" : 53.0
        }
      },
      "averageProcessingTime" : 120000.0,
      "networkCapacity" : {
        "interface-nodeC ( nodeC )" : {
          "DATARATE_TX" : 100.0,
          "DATARATE_RX" : 100.0
        }
      },
      "networkLoad" : {
        "interface-nodeC ( nodeC )" : {
          "(clientPoolJ, nodeC_c00, nodeC_c00)" : {
            "AppCoordinates {com.bbn, test-service3, 1}" : {
              "DATARATE_TX" : 5.200000000000001E-5,
              "DATARATE_RX" : 2.6000000000000005E-5
            }
          },
          "(clientPoolB, nodeC_c00, nodeC_c00)" : {
            "AppCoordinates {com.bbn, test-service3, 1}" : {
              "DATARATE_TX" : 1.5199999999999976E-4,
              "DATARATE_RX" : 7.599999999999988E-5
            }
          },
          "(clientPoolO, nodeC_c00, nodeC_c00)" : {
            "AppCoordinates {com.bbn, test-service3, 1}" : {
              "DATARATE_TX" : 1.5999999999999974E-4,
              "DATARATE_RX" : 7.999999999999987E-5
            }
          }
        }
      },
      "networkDemand" : {
        "interface-nodeC ( nodeC )" : {
          "(clientPoolJ, nodeC_c00, nodeC_c00)" : {
            "AppCoordinates {com.bbn, test-service3, 1}" : {
              "DATARATE_TX" : 6.028571428571429E-5,
              "DATARATE_RX" : 3.0142857142857146E-5
            }
          },
          "(clientPoolB, nodeC_c00, nodeC_c00)" : {
            "AppCoordinates {com.bbn, test-service3, 1}" : {
              "DATARATE_TX" : 1.6914285714285683E-4,
              "DATARATE_RX" : 8.457142857142841E-5
            }
          },
          "(clientPoolO, nodeC_c00, nodeC_c00)" : {
            "AppCoordinates {com.bbn, test-service3, 1}" : {
              "DATARATE_TX" : 1.7885714285714255E-4,
              "DATARATE_RX" : 8.942857142857128E-5
            }
          }
        }
      }
    },
    "nodeC_c05" : {
      "containerName" : {
        "name" : "nodeC_c05"
      },
      "timestamp" : 417987,
      "service" : {
        "group" : "com.bbn",
        "artifact" : "test-service3",
        "version" : "1"
      },
      "serviceStatus" : "RUNNING",
      "demandEstimationWindow" : "SHORT",
      "computeCapacity" : {
        "CPU" : 1.0,
        "TASK_CONTAINERS" : 100.0,
        "QueueLength" : 1000000.0
      },
      "computeLoad" : {
        "UNKNOWN" : {
          "QueueLength" : 100.0,
          "TASK_CONTAINERS" : 50.0
        }
      },
      "computeDemand" : {
        "UNKNOWN" : {
          "QueueLength" : 104.625,
          "TASK_CONTAINERS" : 52.3125
        }
      },
      "averageProcessingTime" : 120000.0,
      "networkCapacity" : {
        "interface-nodeC ( nodeC )" : {
          "DATARATE_TX" : 100.0,
          "DATARATE_RX" : 100.0
        }
      },
      "networkLoad" : {
        "interface-nodeC ( nodeC )" : {
          "(clientPoolO, nodeC_c05, nodeC_c05)" : {
            "AppCoordinates {com.bbn, test-service3, 1}" : {
              "DATARATE_TX" : 1.6999999999999974E-4,
              "DATARATE_RX" : 8.499999999999987E-5
            }
          },
          "(clientPoolB, nodeC_c05, nodeC_c05)" : {
            "AppCoordinates {com.bbn, test-service3, 1}" : {
              "DATARATE_TX" : 1.3999999999999983E-4,
              "DATARATE_RX" : 6.999999999999991E-5
            }
          },
          "(clientPoolJ, nodeC_c05, nodeC_c05)" : {
            "AppCoordinates {com.bbn, test-service3, 1}" : {
              "DATARATE_TX" : 5.400000000000004E-5,
              "DATARATE_RX" : 2.700000000000002E-5
            }
          }
        }
      },
      "networkDemand" : {
        "interface-nodeC ( nodeC )" : {
          "(clientPoolO, nodeC_c05, nodeC_c05)" : {
            "AppCoordinates {com.bbn, test-service3, 1}" : {
              "DATARATE_TX" : 1.9085714285714254E-4,
              "DATARATE_RX" : 9.542857142857127E-5
            }
          },
          "(clientPoolB, nodeC_c05, nodeC_c05)" : {
            "AppCoordinates {com.bbn, test-service3, 1}" : {
              "DATARATE_TX" : 1.519999999999998E-4,
              "DATARATE_RX" : 7.59999999999999E-5
            }
          },
          "(clientPoolJ, nodeC_c05, nodeC_c05)" : {
            "AppCoordinates {com.bbn, test-service3, 1}" : {
              "DATARATE_TX" : 6.028571428571433E-5,
              "DATARATE_RX" : 3.0142857142857166E-5
            }
          }
        }
      }
    },
    "nodeC_c06" : {
      "containerName" : {
        "name" : "nodeC_c06"
      },
      "timestamp" : 417990,
      "service" : {
        "group" : "com.bbn",
        "artifact" : "test-service2",
        "version" : "1"
      },
      "serviceStatus" : "RUNNING",
      "demandEstimationWindow" : "SHORT",
      "computeCapacity" : {
        "CPU" : 1.0,
        "TASK_CONTAINERS" : 100.0,
        "QueueLength" : 1000000.0
      },
      "computeLoad" : {
        "UNKNOWN" : {
          "QueueLength" : 0.0,
          "TASK_CONTAINERS" : 0.0
        }
      },
      "computeDemand" : {
        "UNKNOWN" : {
          "QueueLength" : 0.0,
          "TASK_CONTAINERS" : 0.0
        }
      },
      "averageProcessingTime" : 120000.0,
      "networkCapacity" : {
        "interface-nodeC ( nodeC )" : {
          "DATARATE_TX" : 100.0,
          "DATARATE_RX" : 100.0
        }
      },
      "networkLoad" : {
        "interface-nodeC ( nodeC )" : {
          "(clientPoolB, nodeC_c06, nodeC_c06)" : {
            "AppCoordinates {com.bbn, test-service2, 1}" : {
              "DATARATE_TX" : 8.000000000000064E-4,
              "DATARATE_RX" : 4.000000000000032E-4
            }
          },
          "(clientPoolO, nodeC_c06, nodeC_c06)" : {
            "AppCoordinates {com.bbn, test-service2, 1}" : {
              "DATARATE_TX" : 8.000000000000064E-4,
              "DATARATE_RX" : 4.000000000000032E-4
            }
          },
          "(clientPoolJ, nodeC_c06, nodeC_c06)" : {
            "AppCoordinates {com.bbn, test-service2, 1}" : {
              "DATARATE_TX" : 8.000000000000064E-4,
              "DATARATE_RX" : 4.000000000000032E-4
            }
          }
        }
      },
      "networkDemand" : {
        "interface-nodeC ( nodeC )" : {
          "(clientPoolB, nodeC_c06, nodeC_c06)" : {
            "AppCoordinates {com.bbn, test-service2, 1}" : {
              "DATARATE_TX" : 8.000000000000064E-4,
              "DATARATE_RX" : 4.000000000000032E-4
            }
          },
          "(clientPoolO, nodeC_c06, nodeC_c06)" : {
            "AppCoordinates {com.bbn, test-service2, 1}" : {
              "DATARATE_TX" : 8.000000000000064E-4,
              "DATARATE_RX" : 4.000000000000032E-4
            }
          },
          "(clientPoolJ, nodeC_c06, nodeC_c06)" : {
            "AppCoordinates {com.bbn, test-service2, 1}" : {
              "DATARATE_TX" : 8.000000000000064E-4,
              "DATARATE_RX" : 4.000000000000032E-4
            }
          }
        }
      }
    },
    "nodeC_c03" : {
      "containerName" : {
        "name" : "nodeC_c03"
      },
      "timestamp" : 418000,
      "service" : {
        "group" : "com.bbn",
        "artifact" : "test-service3",
        "version" : "1"
      },
      "serviceStatus" : "RUNNING",
      "demandEstimationWindow" : "SHORT",
      "computeCapacity" : {
        "CPU" : 1.0,
        "TASK_CONTAINERS" : 100.0,
        "QueueLength" : 1000000.0
      },
      "computeLoad" : {
        "UNKNOWN" : {
          "QueueLength" : 98.0,
          "TASK_CONTAINERS" : 49.0
        }
      },
      "computeDemand" : {
        "UNKNOWN" : {
          "QueueLength" : 97.71428571428571,
          "TASK_CONTAINERS" : 48.857142857142854
        }
      },
      "averageProcessingTime" : 120000.0,
      "networkCapacity" : {
        "interface-nodeC ( nodeC )" : {
          "DATARATE_TX" : 100.0,
          "DATARATE_RX" : 100.0
        }
      },
      "networkLoad" : {
        "interface-nodeC ( nodeC )" : {
          "(clientPoolO, nodeC_c03, nodeC_c03)" : {
            "AppCoordinates {com.bbn, test-service3, 1}" : {
              "DATARATE_TX" : 1.5399999999999976E-4,
              "DATARATE_RX" : 7.699999999999988E-5
            }
          },
          "(clientPoolJ, nodeC_c03, nodeC_c03)" : {
            "AppCoordinates {com.bbn, test-service3, 1}" : {
              "DATARATE_TX" : 6.8E-5,
              "DATARATE_RX" : 3.4E-5
            }
          },
          "(clientPoolB, nodeC_c03, nodeC_c03)" : {
            "AppCoordinates {com.bbn, test-service3, 1}" : {
              "DATARATE_TX" : 1.4999999999999977E-4,
              "DATARATE_RX" : 7.499999999999989E-5
            }
          }
        }
      },
      "networkDemand" : {
        "interface-nodeC ( nodeC )" : {
          "(clientPoolO, nodeC_c03, nodeC_c03)" : {
            "AppCoordinates {com.bbn, test-service3, 1}" : {
              "DATARATE_TX" : 1.606666666666664E-4,
              "DATARATE_RX" : 8.03333333333332E-5
            }
          },
          "(clientPoolJ, nodeC_c03, nodeC_c03)" : {
            "AppCoordinates {com.bbn, test-service3, 1}" : {
              "DATARATE_TX" : 7.866666666666665E-5,
              "DATARATE_RX" : 3.9333333333333325E-5
            }
          },
          "(clientPoolB, nodeC_c03, nodeC_c03)" : {
            "AppCoordinates {com.bbn, test-service3, 1}" : {
              "DATARATE_TX" : 1.646666666666664E-4,
              "DATARATE_RX" : 8.23333333333332E-5
            }
          }
        }
      }
    },
    "nodeC_c04" : {
      "containerName" : {
        "name" : "nodeC_c04"
      },
      "timestamp" : 418001,
      "service" : {
        "group" : "com.bbn",
        "artifact" : "test-service3",
        "version" : "1"
      },
      "serviceStatus" : "RUNNING",
      "demandEstimationWindow" : "SHORT",
      "computeCapacity" : {
        "CPU" : 1.0,
        "TASK_CONTAINERS" : 100.0,
        "QueueLength" : 1000000.0
      },
      "computeLoad" : {
        "UNKNOWN" : {
          "QueueLength" : 97.0,
          "TASK_CONTAINERS" : 48.5
        }
      },
      "computeDemand" : {
        "UNKNOWN" : {
          "QueueLength" : 97.42857142857143,
          "TASK_CONTAINERS" : 48.714285714285715
        }
      },
      "averageProcessingTime" : 120000.0,
      "networkCapacity" : {
        "interface-nodeC ( nodeC )" : {
          "DATARATE_TX" : 100.0,
          "DATARATE_RX" : 100.0
        }
      },
      "networkLoad" : {
        "interface-nodeC ( nodeC )" : {
          "(clientPoolO, nodeC_c04, nodeC_c04)" : {
            "AppCoordinates {com.bbn, test-service3, 1}" : {
              "DATARATE_TX" : 1.1799999999999986E-4,
              "DATARATE_RX" : 5.899999999999993E-5
            }
          },
          "(clientPoolJ, nodeC_c04, nodeC_c04)" : {
            "AppCoordinates {com.bbn, test-service3, 1}" : {
              "DATARATE_TX" : 7.999999999999997E-5,
              "DATARATE_RX" : 3.999999999999998E-5
            }
          },
          "(clientPoolB, nodeC_c04, nodeC_c04)" : {
            "AppCoordinates {com.bbn, test-service3, 1}" : {
              "DATARATE_TX" : 1.6999999999999974E-4,
              "DATARATE_RX" : 8.499999999999987E-5
            }
          }
        }
      },
      "networkDemand" : {
        "interface-nodeC ( nodeC )" : {
          "(clientPoolO, nodeC_c04, nodeC_c04)" : {
            "AppCoordinates {com.bbn, test-service3, 1}" : {
              "DATARATE_TX" : 1.296666666666665E-4,
              "DATARATE_RX" : 6.483333333333325E-5
            }
          },
          "(clientPoolJ, nodeC_c04, nodeC_c04)" : {
            "AppCoordinates {com.bbn, test-service3, 1}" : {
              "DATARATE_TX" : 8.33333333333333E-5,
              "DATARATE_RX" : 4.166666666666665E-5
            }
          },
          "(clientPoolB, nodeC_c04, nodeC_c04)" : {
            "AppCoordinates {com.bbn, test-service3, 1}" : {
              "DATARATE_TX" : 1.8833333333333302E-4,
              "DATARATE_RX" : 9.416666666666651E-5
            }
          }
        }
      }
    },
    "nodeC_c07" : {
      "containerName" : {
        "name" : "nodeC_c07"
      },
      "timestamp" : 418012,
      "service" : {
        "group" : "com.bbn",
        "artifact" : "test-service1",
        "version" : "1"
      },
      "serviceStatus" : "RUNNING",
      "demandEstimationWindow" : "SHORT",
      "computeCapacity" : {
        "CPU" : 1.0,
        "TASK_CONTAINERS" : 100.0,
        "QueueLength" : 1000000.0
      },
      "computeLoad" : {
        "UNKNOWN" : {
          "QueueLength" : 200.0,
          "TASK_CONTAINERS" : 100.0
        }
      },
      "computeDemand" : {
        "UNKNOWN" : {
          "QueueLength" : 171.42857142857142,
          "TASK_CONTAINERS" : 85.71428571428571
        }
      },
      "averageProcessingTime" : 120000.0,
      "networkCapacity" : {
        "interface-nodeC ( nodeC )" : {
          "DATARATE_TX" : 100.0,
          "DATARATE_RX" : 100.0
        }
      },
      "networkLoad" : {
        "interface-nodeC ( nodeC )" : {
          "(clientPoolB, nodeC_c07, nodeC_c07)" : {
            "AppCoordinates {com.bbn, test-service1, 1}" : {
              "DATARATE_TX" : 6.460000000000027E-4,
              "DATARATE_RX" : 3.2300000000000135E-4
            }
          },
          "(clientPoolO, nodeC_c07, nodeC_c07)" : {
            "AppCoordinates {com.bbn, test-service1, 1}" : {
              "DATARATE_TX" : 6.440000000000026E-4,
              "DATARATE_RX" : 3.220000000000013E-4
            }
          },
          "(clientPoolJ, nodeC_c07, nodeC_c07)" : {
            "AppCoordinates {com.bbn, test-service1, 1}" : {
              "DATARATE_TX" : 6.380000000000025E-4,
              "DATARATE_RX" : 3.1900000000000125E-4
            }
          }
        }
      },
      "networkDemand" : {
        "interface-nodeC ( nodeC )" : {
          "(clientPoolB, nodeC_c07, nodeC_c07)" : {
            "AppCoordinates {com.bbn, test-service1, 1}" : {
              "DATARATE_TX" : 5.466666666666672E-4,
              "DATARATE_RX" : 2.733333333333336E-4
            }
          },
          "(clientPoolO, nodeC_c07, nodeC_c07)" : {
            "AppCoordinates {com.bbn, test-service1, 1}" : {
              "DATARATE_TX" : 5.450000000000005E-4,
              "DATARATE_RX" : 2.725000000000002E-4
            }
          },
          "(clientPoolJ, nodeC_c07, nodeC_c07)" : {
            "AppCoordinates {com.bbn, test-service1, 1}" : {
              "DATARATE_TX" : 5.39666666666667E-4,
              "DATARATE_RX" : 2.698333333333335E-4
            }
          }
        }
      }
    }
  },
  "maximumServiceContainers" : 8,
  "allocatedServiceContainers" : 8,
  "computeDemand" : {
    "AppCoordinates {com.bbn, test-service3, 1}" : {
      "UNKNOWN" : {
        "QueueLength" : 610.7678571428571,
        "TASK_CONTAINERS" : 305.38392857142856
      }
    },
    "AppCoordinates {com.bbn, test-service2, 1}" : {
      "UNKNOWN" : {
        "QueueLength" : 0.0,
        "TASK_CONTAINERS" : 0.0
      }
    },
    "AppCoordinates {com.bbn, test-service1, 1}" : {
      "UNKNOWN" : {
        "QueueLength" : 171.42857142857142,
        "TASK_CONTAINERS" : 85.71428571428571
      }
    }
  },
  "containerNetworkLoad" : {
    "interface-nodeC ( nodeC )" : {
      "(clientPoolO, nodeC_c05, nodeC_c05)" : {
        "AppCoordinates {com.bbn, test-service3, 1}" : {
          "DATARATE_TX" : 1.6999999999999974E-4,
          "DATARATE_RX" : 8.499999999999987E-5
        }
      },
      "(clientPoolJ, nodeC_c00, nodeC_c00)" : {
        "AppCoordinates {com.bbn, test-service3, 1}" : {
          "DATARATE_TX" : 5.200000000000001E-5,
          "DATARATE_RX" : 2.6000000000000005E-5
        }
      },
      "(clientPoolO, nodeC_c04, nodeC_c04)" : {
        "AppCoordinates {com.bbn, test-service3, 1}" : {
          "DATARATE_TX" : 1.1799999999999986E-4,
          "DATARATE_RX" : 5.899999999999993E-5
        }
      },
      "(clientPoolO, nodeC_c03, nodeC_c03)" : {
        "AppCoordinates {com.bbn, test-service3, 1}" : {
          "DATARATE_TX" : 1.5399999999999976E-4,
          "DATARATE_RX" : 7.699999999999988E-5
        }
      },
      "(clientPoolO, nodeC_c02, nodeC_c02)" : {
        "AppCoordinates {com.bbn, test-service3, 1}" : {
          "DATARATE_TX" : 1.4399999999999987E-4,
          "DATARATE_RX" : 7.199999999999993E-5
        }
      },
      "(clientPoolJ, nodeC_c04, nodeC_c04)" : {
        "AppCoordinates {com.bbn, test-service3, 1}" : {
          "DATARATE_TX" : 7.999999999999997E-5,
          "DATARATE_RX" : 3.999999999999998E-5
        }
      },
      "(clientPoolJ, nodeC_c03, nodeC_c03)" : {
        "AppCoordinates {com.bbn, test-service3, 1}" : {
          "DATARATE_TX" : 6.8E-5,
          "DATARATE_RX" : 3.4E-5
        }
      },
      "(clientPoolO, nodeC_c07, nodeC_c07)" : {
        "AppCoordinates {com.bbn, test-service1, 1}" : {
          "DATARATE_TX" : 6.440000000000026E-4,
          "DATARATE_RX" : 3.220000000000013E-4
        }
      },
      "(clientPoolJ, nodeC_c02, nodeC_c02)" : {
        "AppCoordinates {com.bbn, test-service3, 1}" : {
          "DATARATE_TX" : 7.400000000000006E-5,
          "DATARATE_RX" : 3.700000000000003E-5
        }
      },
      "(clientPoolO, nodeC_c06, nodeC_c06)" : {
        "AppCoordinates {com.bbn, test-service2, 1}" : {
          "DATARATE_TX" : 8.000000000000064E-4,
          "DATARATE_RX" : 4.000000000000032E-4
        }
      },
      "(clientPoolJ, nodeC_c01, nodeC_c01)" : {
        "AppCoordinates {com.bbn, test-service3, 1}" : {
          "DATARATE_TX" : 7.199999999999999E-5,
          "DATARATE_RX" : 3.5999999999999994E-5
        }
      },
      "(clientPoolB, nodeC_c00, nodeC_c00)" : {
        "AppCoordinates {com.bbn, test-service3, 1}" : {
          "DATARATE_TX" : 1.5199999999999976E-4,
          "DATARATE_RX" : 7.599999999999988E-5
        }
      },
      "(clientPoolJ, nodeC_c07, nodeC_c07)" : {
        "AppCoordinates {com.bbn, test-service1, 1}" : {
          "DATARATE_TX" : 6.380000000000025E-4,
          "DATARATE_RX" : 3.1900000000000125E-4
        }
      },
      "(clientPoolJ, nodeC_c06, nodeC_c06)" : {
        "AppCoordinates {com.bbn, test-service2, 1}" : {
          "DATARATE_TX" : 8.000000000000064E-4,
          "DATARATE_RX" : 4.000000000000032E-4
        }
      },
      "(clientPoolJ, nodeC_c05, nodeC_c05)" : {
        "AppCoordinates {com.bbn, test-service3, 1}" : {
          "DATARATE_TX" : 5.400000000000004E-5,
          "DATARATE_RX" : 2.700000000000002E-5
        }
      },
      "(clientPoolB, nodeC_c04, nodeC_c04)" : {
        "AppCoordinates {com.bbn, test-service3, 1}" : {
          "DATARATE_TX" : 1.6999999999999974E-4,
          "DATARATE_RX" : 8.499999999999987E-5
        }
      },
      "(clientPoolB, nodeC_c03, nodeC_c03)" : {
        "AppCoordinates {com.bbn, test-service3, 1}" : {
          "DATARATE_TX" : 1.4999999999999977E-4,
          "DATARATE_RX" : 7.499999999999989E-5
        }
      },
      "(clientPoolB, nodeC_c02, nodeC_c02)" : {
        "AppCoordinates {com.bbn, test-service3, 1}" : {
          "DATARATE_TX" : 1.5399999999999984E-4,
          "DATARATE_RX" : 7.699999999999992E-5
        }
      },
      "(clientPoolB, nodeC_c01, nodeC_c01)" : {
        "AppCoordinates {com.bbn, test-service3, 1}" : {
          "DATARATE_TX" : 1.439999999999998E-4,
          "DATARATE_RX" : 7.19999999999999E-5
        }
      },
      "(clientPoolB, nodeC_c07, nodeC_c07)" : {
        "AppCoordinates {com.bbn, test-service1, 1}" : {
          "DATARATE_TX" : 6.460000000000027E-4,
          "DATARATE_RX" : 3.2300000000000135E-4
        }
      },
      "(clientPoolB, nodeC_c06, nodeC_c06)" : {
        "AppCoordinates {com.bbn, test-service2, 1}" : {
          "DATARATE_TX" : 8.000000000000064E-4,
          "DATARATE_RX" : 4.000000000000032E-4
        }
      },
      "(clientPoolB, nodeC_c05, nodeC_c05)" : {
        "AppCoordinates {com.bbn, test-service3, 1}" : {
          "DATARATE_TX" : 1.3999999999999983E-4,
          "DATARATE_RX" : 6.999999999999991E-5
        }
      },
      "(clientPoolO, nodeC_c01, nodeC_c01)" : {
        "AppCoordinates {com.bbn, test-service3, 1}" : {
          "DATARATE_TX" : 1.4999999999999977E-4,
          "DATARATE_RX" : 7.499999999999989E-5
        }
      },
      "(clientPoolO, nodeC_c00, nodeC_c00)" : {
        "AppCoordinates {com.bbn, test-service3, 1}" : {
          "DATARATE_TX" : 1.5999999999999974E-4,
          "DATARATE_RX" : 7.999999999999987E-5
        }
      }
    }
  },
  "containerNetworkDemand" : {
    "interface-nodeC ( nodeC )" : {
      "(clientPoolO, nodeC_c05, nodeC_c05)" : {
        "AppCoordinates {com.bbn, test-service3, 1}" : {
          "DATARATE_TX" : 1.9085714285714254E-4,
          "DATARATE_RX" : 9.542857142857127E-5
        }
      },
      "(clientPoolJ, nodeC_c00, nodeC_c00)" : {
        "AppCoordinates {com.bbn, test-service3, 1}" : {
          "DATARATE_TX" : 6.028571428571429E-5,
          "DATARATE_RX" : 3.0142857142857146E-5
        }
      },
      "(clientPoolO, nodeC_c04, nodeC_c04)" : {
        "AppCoordinates {com.bbn, test-service3, 1}" : {
          "DATARATE_TX" : 1.296666666666665E-4,
          "DATARATE_RX" : 6.483333333333325E-5
        }
      },
      "(clientPoolO, nodeC_c03, nodeC_c03)" : {
        "AppCoordinates {com.bbn, test-service3, 1}" : {
          "DATARATE_TX" : 1.606666666666664E-4,
          "DATARATE_RX" : 8.03333333333332E-5
        }
      },
      "(clientPoolO, nodeC_c02, nodeC_c02)" : {
        "AppCoordinates {com.bbn, test-service3, 1}" : {
          "DATARATE_TX" : 1.6028571428571413E-4,
          "DATARATE_RX" : 8.014285714285706E-5
        }
      },
      "(clientPoolJ, nodeC_c04, nodeC_c04)" : {
        "AppCoordinates {com.bbn, test-service3, 1}" : {
          "DATARATE_TX" : 8.33333333333333E-5,
          "DATARATE_RX" : 4.166666666666665E-5
        }
      },
      "(clientPoolJ, nodeC_c03, nodeC_c03)" : {
        "AppCoordinates {com.bbn, test-service3, 1}" : {
          "DATARATE_TX" : 7.866666666666665E-5,
          "DATARATE_RX" : 3.9333333333333325E-5
        }
      },
      "(clientPoolO, nodeC_c07, nodeC_c07)" : {
        "AppCoordinates {com.bbn, test-service1, 1}" : {
          "DATARATE_TX" : 5.450000000000005E-4,
          "DATARATE_RX" : 2.725000000000002E-4
        }
      },
      "(clientPoolJ, nodeC_c02, nodeC_c02)" : {
        "AppCoordinates {com.bbn, test-service3, 1}" : {
          "DATARATE_TX" : 8.057142857142862E-5,
          "DATARATE_RX" : 4.028571428571431E-5
        }
      },
      "(clientPoolO, nodeC_c06, nodeC_c06)" : {
        "AppCoordinates {com.bbn, test-service2, 1}" : {
          "DATARATE_TX" : 8.000000000000064E-4,
          "DATARATE_RX" : 4.000000000000032E-4
        }
      },
      "(clientPoolJ, nodeC_c01, nodeC_c01)" : {
        "AppCoordinates {com.bbn, test-service3, 1}" : {
          "DATARATE_TX" : 8.11428571428571E-5,
          "DATARATE_RX" : 4.057142857142855E-5
        }
      },
      "(clientPoolB, nodeC_c00, nodeC_c00)" : {
        "AppCoordinates {com.bbn, test-service3, 1}" : {
          "DATARATE_TX" : 1.6914285714285683E-4,
          "DATARATE_RX" : 8.457142857142841E-5
        }
      },
      "(clientPoolJ, nodeC_c07, nodeC_c07)" : {
        "AppCoordinates {com.bbn, test-service1, 1}" : {
          "DATARATE_TX" : 5.39666666666667E-4,
          "DATARATE_RX" : 2.698333333333335E-4
        }
      },
      "(clientPoolJ, nodeC_c06, nodeC_c06)" : {
        "AppCoordinates {com.bbn, test-service2, 1}" : {
          "DATARATE_TX" : 8.000000000000064E-4,
          "DATARATE_RX" : 4.000000000000032E-4
        }
      },
      "(clientPoolJ, nodeC_c05, nodeC_c05)" : {
        "AppCoordinates {com.bbn, test-service3, 1}" : {
          "DATARATE_TX" : 6.028571428571433E-5,
          "DATARATE_RX" : 3.0142857142857166E-5
        }
      },
      "(clientPoolB, nodeC_c04, nodeC_c04)" : {
        "AppCoordinates {com.bbn, test-service3, 1}" : {
          "DATARATE_TX" : 1.8833333333333302E-4,
          "DATARATE_RX" : 9.416666666666651E-5
        }
      },
      "(clientPoolB, nodeC_c03, nodeC_c03)" : {
        "AppCoordinates {com.bbn, test-service3, 1}" : {
          "DATARATE_TX" : 1.646666666666664E-4,
          "DATARATE_RX" : 8.23333333333332E-5
        }
      },
      "(clientPoolB, nodeC_c02, nodeC_c02)" : {
        "AppCoordinates {com.bbn, test-service3, 1}" : {
          "DATARATE_TX" : 1.702857142857141E-4,
          "DATARATE_RX" : 8.514285714285705E-5
        }
      },
      "(clientPoolB, nodeC_c01, nodeC_c01)" : {
        "AppCoordinates {com.bbn, test-service3, 1}" : {
          "DATARATE_TX" : 1.5742857142857117E-4,
          "DATARATE_RX" : 7.871428571428558E-5
        }
      },
      "(clientPoolB, nodeC_c07, nodeC_c07)" : {
        "AppCoordinates {com.bbn, test-service1, 1}" : {
          "DATARATE_TX" : 5.466666666666672E-4,
          "DATARATE_RX" : 2.733333333333336E-4
        }
      },
      "(clientPoolB, nodeC_c06, nodeC_c06)" : {
        "AppCoordinates {com.bbn, test-service2, 1}" : {
          "DATARATE_TX" : 8.000000000000064E-4,
          "DATARATE_RX" : 4.000000000000032E-4
        }
      },
      "(clientPoolB, nodeC_c05, nodeC_c05)" : {
        "AppCoordinates {com.bbn, test-service3, 1}" : {
          "DATARATE_TX" : 1.519999999999998E-4,
          "DATARATE_RX" : 7.59999999999999E-5
        }
      },
      "(clientPoolO, nodeC_c01, nodeC_c01)" : {
        "AppCoordinates {com.bbn, test-service3, 1}" : {
          "DATARATE_TX" : 1.7085714285714255E-4,
          "DATARATE_RX" : 8.542857142857127E-5
        }
      },
      "(clientPoolO, nodeC_c00, nodeC_c00)" : {
        "AppCoordinates {com.bbn, test-service3, 1}" : {
          "DATARATE_TX" : 1.7885714285714255E-4,
          "DATARATE_RX" : 8.942857142857128E-5
        }
      }
    }
  },
  "computeLoad" : {
    "AppCoordinates {com.bbn, test-service3, 1}" : {
      "UNKNOWN" : {
        "QueueLength" : 587.0,
        "TASK_CONTAINERS" : 293.5
      }
    },
    "AppCoordinates {com.bbn, test-service2, 1}" : {
      "UNKNOWN" : {
        "QueueLength" : 0.0,
        "TASK_CONTAINERS" : 0.0
      }
    },
    "AppCoordinates {com.bbn, test-service1, 1}" : {
      "UNKNOWN" : {
        "QueueLength" : 200.0,
        "TASK_CONTAINERS" : 100.0
      }
    }
  },
  "allocatedComputeCapacity" : {
    "CPU" : 8.0,
    "QueueLength" : 8000000.0,
    "TASK_CONTAINERS" : 800.0
  },
  "availableServiceContainers" : 0,
  "averageProcessingTime" : {
    "AppCoordinates {com.bbn, test-service3, 1}" : 120000.0,
    "AppCoordinates {com.bbn, test-service2, 1}" : 120000.0,
    "AppCoordinates {com.bbn, test-service1, 1}" : 120000.0
  }
}