{
  "region" : {
    "name" : "J"
  },
  "minTimestamp" : 145997,
  "maxTimestamp" : 145997,
  "demandEstimationWindow" : "LONG",
  "serverCapacity" : {
    "DISK" : 10.0,
    "MEMORY" : 8.0E9,
    "CPU" : 4.0,
    "TASK_CONTAINERS" : 20.0
  },
  "serverLoad" : {
    "AppCoordinates {com.bbn, test-service2, 1}" : {
      "unknown" : {
        "QueueLength" : 17.0,
        "TASK_CONTAINERS" : 8.5
      }
    }
  },
  "serverDemand" : {
    "AppCoordinates {com.bbn, test-service2, 1}" : {
      "unknown" : {
        "QueueLength" : 14.935064935064934,
        "TASK_CONTAINERS" : 7.666666666666667
      }
    }
  },
  "serverAverageProcessingTimeCount" : { },
  "serverAverageProcessingTimeSum" : { },
  "networkCapacity" : {
    "A" : {
      "DATARATE_RX" : 100.0,
      "DATARATE_TX" : 100.0
    },
    "D" : {
      "DATARATE_RX" : 100.0,
      "DATARATE_TX" : 100.0
    }
  },
  "networkLoad" : {
    "A" : {
      "(G, I, I)" : {
        "AppCoordinates {com.bbn, test-service2, 1}" : {
          "DATARATE_TX" : 2.2000000000000003E-5,
          "DATARATE_RX" : 1.1000000000000001E-5
        }
      },
      "(G, A, A)" : {
        "AppCoordinates {com.bbn, test-service2, 1}" : {
          "DATARATE_TX" : 1.6E-5,
          "DATARATE_RX" : 8.0E-6
        }
      },
      "(G, B, B)" : {
        "AppCoordinates {com.bbn, test-service3, 1}" : {
          "DATARATE_TX" : -1.5246593050577406E-20,
          "DATARATE_RX" : -7.623296525288703E-21
        },
        "AppCoordinates {com.bbn, test-service2, 1}" : {
          "DATARATE_TX" : 2.1599999999999978E-4,
          "DATARATE_RX" : 1.0799999999999989E-4
        },
        "AppCoordinates {com.bbn, test-service1, 1}" : {
          "DATARATE_TX" : 3.979999999999995E-4,
          "DATARATE_RX" : 1.9899999999999974E-4
        }
      }
    },
    "D" : {
      "(B, G, B)" : {
        "AppCoordinates {com.bbn, test-service3, 1}" : {
          "DATARATE_TX" : -7.623296525288703E-21,
          "DATARATE_RX" : -1.5246593050577406E-20
        },
        "AppCoordinates {com.bbn, test-service2, 1}" : {
          "DATARATE_TX" : 1.0799999999999989E-4,
          "DATARATE_RX" : 2.1599999999999978E-4
        },
        "AppCoordinates {com.bbn, test-service1, 1}" : {
          "DATARATE_TX" : 1.9899999999999974E-4,
          "DATARATE_RX" : 3.979999999999995E-4
        }
      },
      "(A, G, A)" : {
        "AppCoordinates {com.bbn, test-service2, 1}" : {
          "DATARATE_TX" : 8.0E-6,
          "DATARATE_RX" : 1.6E-5
        }
      },
      "(J, G, J)" : {
        "AppCoordinates {com.bbn, test-service2, 1}" : {
          "DATARATE_TX" : 1.7000000000000003E-5,
          "DATARATE_RX" : 3.4000000000000007E-5
        }
      },
      "(I, G, I)" : {
        "AppCoordinates {com.bbn, test-service2, 1}" : {
          "DATARATE_TX" : 1.1000000000000001E-5,
          "DATARATE_RX" : 2.2000000000000003E-5
        }
      }
    }
  },
  "networkDemand" : {
    "A" : {
      "(G, I, I)" : {
        "AppCoordinates {com.bbn, test-service2, 1}" : {
          "DATARATE_TX" : 2.071428571428574E-5,
          "DATARATE_RX" : 1.035714285714287E-5
        }
      },
      "(G, A, A)" : {
        "AppCoordinates {com.bbn, test-service2, 1}" : {
          "DATARATE_TX" : 1.479452054794519E-5,
          "DATARATE_RX" : 7.397260273972595E-6
        }
      },
      "(G, B, B)" : {
        "AppCoordinates {com.bbn, test-service3, 1}" : {
          "DATARATE_TX" : 1.8722098672136438E-4,
          "DATARATE_RX" : 9.361049336068219E-5
        },
        "AppCoordinates {com.bbn, test-service2, 1}" : {
          "DATARATE_TX" : 2.96416966243191E-4,
          "DATARATE_RX" : 1.482084831215955E-4
        },
        "AppCoordinates {com.bbn, test-service1, 1}" : {
          "DATARATE_TX" : 4.107397645661256E-4,
          "DATARATE_RX" : 2.053698822830628E-4
        }
      }
    },
    "D" : {
      "(B, G, B)" : {
        "AppCoordinates {com.bbn, test-service3, 1}" : {
          "DATARATE_TX" : 9.361049336068219E-5,
          "DATARATE_RX" : 1.8722098672136438E-4
        },
        "AppCoordinates {com.bbn, test-service2, 1}" : {
          "DATARATE_TX" : 1.482084831215955E-4,
          "DATARATE_RX" : 2.96416966243191E-4
        },
        "AppCoordinates {com.bbn, test-service1, 1}" : {
          "DATARATE_TX" : 2.053698822830628E-4,
          "DATARATE_RX" : 4.107397645661256E-4
        }
      },
      "(A, G, A)" : {
        "AppCoordinates {com.bbn, test-service2, 1}" : {
          "DATARATE_TX" : 7.397260273972595E-6,
          "DATARATE_RX" : 1.479452054794519E-5
        }
      },
      "(J, G, J)" : {
        "AppCoordinates {com.bbn, test-service2, 1}" : {
          "DATARATE_TX" : 1.554054054054054E-5,
          "DATARATE_RX" : 3.108108108108108E-5
        }
      },
      "(I, G, I)" : {
        "AppCoordinates {com.bbn, test-service2, 1}" : {
          "DATARATE_TX" : 1.035714285714287E-5,
          "DATARATE_RX" : 2.071428571428574E-5
        }
      }
    }
  },
  "maximumServiceContainers" : 20,
  "allocatedServiceContainers" : 1,
  "serverAverageProcessingTime" : { },
  "availableServiceContainers" : 19,
  "nullSummary" : false
}