{
  "region" : {
    "name" : "C"
  },
  "timestamp" : 286207,
  "plan" : {
    "AppCoordinates {com.bbn, test-service3, 1}" : {
      "A" : 0.0,
      "B" : 0.0,
      "E" : 0.0,
      "F" : 0.0,
      "G" : 0.0,
      "I" : 0.0,
      "J" : 0.0,
      "L" : 0.0,
      "N" : 0.0,
      "O" : 0.0,
      "C" : 1.0
    },
    "AppCoordinates {com.bbn, test-service2, 1}" : {
      "A" : 0.0,
      "B" : 0.0,
      "E" : 0.0,
      "F" : 0.0,
      "G" : 0.0,
      "I" : 0.0,
      "J" : 0.0,
      "L" : 0.0,
      "N" : 0.0,
      "O" : 0.0,
      "C" : 1.0
    },
    "AppCoordinates {com.bbn, test-service1, 1}" : {
      "A" : 0.0,
      "B" : 0.0,
      "E" : 0.0,
      "F" : 0.0,
      "G" : 0.0,
      "I" : 0.0,
      "J" : 0.0,
      "L" : 0.0,
      "N" : 0.0,
      "O" : 0.0,
      "C" : 1.0
    }
  }
}