{
  "nodeName" : {
    "name" : "nodeL"
  },
  "timestamp" : 159982,
  "demandEstimationWindow" : "SHORT",
  "nodeComputeCapacity" : {
    "CPU" : 4.0,
    "MEMORY" : 8.0E9,
    "DISK" : 10.0,
    "TASK_CONTAINERS" : 20.0
  },
  "networkCapacity" : {
    "interface-nodeG ( nodeG )" : {
      "DATARATE_RX" : 100.0,
      "DATARATE_TX" : 100.0
    }
  },
  "networkLoad" : {
    "interface-nodeG ( nodeG )" : {
      "(clientPoolL, nodeB_c05, nodeB_c05)" : {
        "AppCoordinates {com.bbn, test-service3, 1}" : {
          "DATARATE_TX" : 2.5999999999999995E-5,
          "DATARATE_RX" : 1.2999999999999998E-5
        },
        "AppCoordinates {com.bbn, test-service1, 1}" : {
          "DATARATE_TX" : -7.623296525288703E-21,
          "DATARATE_RX" : -3.8116482626443515E-21
        }
      },
      "(clientPoolL, nodeB_c04, nodeB_c04)" : {
        "AppCoordinates {com.bbn, test-service3, 1}" : {
          "DATARATE_TX" : 1.5599999999999975E-4,
          "DATARATE_RX" : 7.799999999999988E-5
        },
        "AppCoordinates {com.bbn, test-service1, 1}" : {
          "DATARATE_TX" : -7.623296525288703E-21,
          "DATARATE_RX" : -3.8116482626443515E-21
        }
      },
      "(clientPoolL, nodeD_c01, nodeD_c01)" : {
        "AppCoordinates {com.bbn, test-service2, 1}" : {
          "DATARATE_TX" : 3.4000000000000007E-5,
          "DATARATE_RX" : 1.7000000000000003E-5
        }
      },
      "(clientPoolL, nodeB_c07, nodeB_c07)" : {
        "AppCoordinates {com.bbn, test-service2, 1}" : {
          "DATARATE_TX" : 3.2E-5,
          "DATARATE_RX" : 1.6E-5
        }
      },
      "(clientPoolL, nodeD_c00, nodeD_c00)" : {
        "AppCoordinates {com.bbn, test-service2, 1}" : {
          "DATARATE_TX" : 1.0799999999999989E-4,
          "DATARATE_RX" : 5.3999999999999944E-5
        }
      },
      "(clientPoolL, nodeB_c06, nodeB_c06)" : {
        "AppCoordinates {com.bbn, test-service2, 1}" : {
          "DATARATE_TX" : 0.0,
          "DATARATE_RX" : 0.0
        },
        "AppCoordinates {com.bbn, test-service1, 1}" : {
          "DATARATE_TX" : -7.623296525288703E-21,
          "DATARATE_RX" : -3.8116482626443515E-21
        }
      },
      "(clientPoolL, nodeB_c01, nodeB_c01)" : {
        "AppCoordinates {com.bbn, test-service2, 1}" : {
          "DATARATE_TX" : 1.1599999999999987E-4,
          "DATARATE_RX" : 5.799999999999993E-5
        }
      },
      "(clientPoolL, nodeB_c00, nodeB_c00)" : {
        "AppCoordinates {com.bbn, test-service1, 1}" : {
          "DATARATE_TX" : -7.623296525288703E-21,
          "DATARATE_RX" : -3.8116482626443515E-21
        }
      },
      "(clientPoolL, nodeB_c03, nodeB_c03)" : {
        "AppCoordinates {com.bbn, test-service3, 1}" : {
          "DATARATE_TX" : 1.3199999999999982E-4,
          "DATARATE_RX" : 6.599999999999991E-5
        },
        "AppCoordinates {com.bbn, test-service1, 1}" : {
          "DATARATE_TX" : 8.599999999999995E-5,
          "DATARATE_RX" : 4.2999999999999975E-5
        }
      },
      "(clientPoolL, nodeB_c02, nodeB_c02)" : {
        "AppCoordinates {com.bbn, test-service3, 1}" : {
          "DATARATE_TX" : 1.3199999999999982E-4,
          "DATARATE_RX" : 6.599999999999991E-5
        }
      },
      "(clientPoolL, nodeM_c00, nodeM_c00)" : {
        "AppCoordinates {com.bbn, test-service2, 1}" : {
          "DATARATE_TX" : 1.039999999999999E-4,
          "DATARATE_RX" : 5.199999999999995E-5
        }
      },
      "(clientPoolL, nodeG_c01, nodeG_c01)" : {
        "AppCoordinates {com.bbn, test-service2, 1}" : {
          "DATARATE_TX" : 3.600000000000001E-5,
          "DATARATE_RX" : 1.8000000000000004E-5
        }
      },
      "(clientPoolL, nodeG_c00, nodeG_c00)" : {
        "AppCoordinates {com.bbn, test-service2, 1}" : {
          "DATARATE_TX" : 1.399999999999998E-4,
          "DATARATE_RX" : 6.99999999999999E-5
        }
      }
    }
  },
  "networkDemand" : {
    "interface-nodeG ( nodeG )" : {
      "(clientPoolL, nodeB_c05, nodeB_c05)" : {
        "AppCoordinates {com.bbn, test-service3, 1}" : {
          "DATARATE_TX" : 2.5999999999999988E-5,
          "DATARATE_RX" : 1.2999999999999994E-5
        },
        "AppCoordinates {com.bbn, test-service1, 1}" : {
          "DATARATE_TX" : -7.623296525288703E-21,
          "DATARATE_RX" : -3.8116482626443515E-21
        }
      },
      "(clientPoolL, nodeB_c04, nodeB_c04)" : {
        "AppCoordinates {com.bbn, test-service3, 1}" : {
          "DATARATE_TX" : 1.5599999999999975E-4,
          "DATARATE_RX" : 7.799999999999988E-5
        },
        "AppCoordinates {com.bbn, test-service1, 1}" : {
          "DATARATE_TX" : -7.623296525288703E-21,
          "DATARATE_RX" : -3.8116482626443515E-21
        }
      },
      "(clientPoolL, nodeB_c07, nodeB_c07)" : {
        "AppCoordinates {com.bbn, test-service2, 1}" : {
          "DATARATE_TX" : 3.2E-5,
          "DATARATE_RX" : 1.6E-5
        }
      },
      "(clientPoolL, nodeD_c01, nodeD_c01)" : {
        "AppCoordinates {com.bbn, test-service2, 1}" : {
          "DATARATE_TX" : 2.266666666666667E-5,
          "DATARATE_RX" : 1.1333333333333336E-5
        }
      },
      "(clientPoolL, nodeB_c06, nodeB_c06)" : {
        "AppCoordinates {com.bbn, test-service2, 1}" : {
          "DATARATE_TX" : 0.0,
          "DATARATE_RX" : 0.0
        },
        "AppCoordinates {com.bbn, test-service1, 1}" : {
          "DATARATE_TX" : 3.1428571428571344E-6,
          "DATARATE_RX" : 1.5714285714285672E-6
        }
      },
      "(clientPoolL, nodeD_c00, nodeD_c00)" : {
        "AppCoordinates {com.bbn, test-service2, 1}" : {
          "DATARATE_TX" : 1.0457142857142848E-4,
          "DATARATE_RX" : 5.228571428571424E-5
        }
      },
      "(clientPoolL, nodeB_c01, nodeB_c01)" : {
        "AppCoordinates {com.bbn, test-service2, 1}" : {
          "DATARATE_TX" : 1.1599999999999988E-4,
          "DATARATE_RX" : 5.799999999999994E-5
        }
      },
      "(clientPoolL, nodeB_c00, nodeB_c00)" : {
        "AppCoordinates {com.bbn, test-service1, 1}" : {
          "DATARATE_TX" : 1.4285714285714208E-6,
          "DATARATE_RX" : 7.142857142857104E-7
        }
      },
      "(clientPoolL, nodeB_c03, nodeB_c03)" : {
        "AppCoordinates {com.bbn, test-service3, 1}" : {
          "DATARATE_TX" : 1.3199999999999982E-4,
          "DATARATE_RX" : 6.599999999999991E-5
        },
        "AppCoordinates {com.bbn, test-service1, 1}" : {
          "DATARATE_TX" : 1.0971428571428559E-4,
          "DATARATE_RX" : 5.4857142857142796E-5
        }
      },
      "(clientPoolL, nodeB_c02, nodeB_c02)" : {
        "AppCoordinates {com.bbn, test-service3, 1}" : {
          "DATARATE_TX" : 1.3199999999999982E-4,
          "DATARATE_RX" : 6.599999999999991E-5
        }
      },
      "(clientPoolL, nodeM_c00, nodeM_c00)" : {
        "AppCoordinates {com.bbn, test-service2, 1}" : {
          "DATARATE_TX" : 1.002857142857142E-4,
          "DATARATE_RX" : 5.01428571428571E-5
        }
      },
      "(clientPoolL, nodeG_c01, nodeG_c01)" : {
        "AppCoordinates {com.bbn, test-service2, 1}" : {
          "DATARATE_TX" : 2.971428571428572E-5,
          "DATARATE_RX" : 1.485714285714286E-5
        }
      },
      "(clientPoolL, nodeG_c00, nodeG_c00)" : {
        "AppCoordinates {com.bbn, test-service2, 1}" : {
          "DATARATE_TX" : 1.345714285714284E-4,
          "DATARATE_RX" : 6.72857142857142E-5
        }
      }
    }
  },
  "containerReports" : {
    "nodeL_c01" : {
      "containerName" : {
        "name" : "nodeL_c01"
      },
      "timestamp" : 159983,
      "service" : {
        "group" : "com.bbn",
        "artifact" : "test-service2",
        "version" : "1"
      },
      "serviceStatus" : "RUNNING",
      "demandEstimationWindow" : "SHORT",
      "computeCapacity" : {
        "CPU" : 1.0,
        "TASK_CONTAINERS" : 100.0,
        "QueueLength" : 1000000.0
      },
      "computeLoad" : {
        "UNKNOWN" : {
          "QueueLength" : 52.0,
          "TASK_CONTAINERS" : 26.0
        }
      },
      "computeDemand" : {
        "UNKNOWN" : {
          "QueueLength" : 38.285714285714285,
          "TASK_CONTAINERS" : 19.142857142857142
        }
      },
      "averageProcessingTime" : "NaN",
      "networkCapacity" : {
        "interface-nodeL ( nodeL )" : {
          "DATARATE_TX" : 100.0,
          "DATARATE_RX" : 100.0
        }
      },
      "networkLoad" : {
        "interface-nodeL ( nodeL )" : {
          "(clientPoolL, nodeL_c01, nodeL_c01)" : {
            "AppCoordinates {com.bbn, test-service2, 1}" : {
              "DATARATE_TX" : 1.039999999999999E-4,
              "DATARATE_RX" : 5.199999999999995E-5
            }
          }
        }
      },
      "networkDemand" : {
        "interface-nodeL ( nodeL )" : {
          "(clientPoolL, nodeL_c01, nodeL_c01)" : {
            "AppCoordinates {com.bbn, test-service2, 1}" : {
              "DATARATE_TX" : 8.933333333333329E-5,
              "DATARATE_RX" : 4.466666666666664E-5
            }
          }
        }
      }
    },
    "nodeL_c00" : {
      "containerName" : {
        "name" : "nodeL_c00"
      },
      "timestamp" : 159983,
      "service" : {
        "group" : "com.bbn",
        "artifact" : "test-service2",
        "version" : "1"
      },
      "serviceStatus" : "RUNNING",
      "demandEstimationWindow" : "SHORT",
      "computeCapacity" : {
        "CPU" : 1.0,
        "TASK_CONTAINERS" : 100.0,
        "QueueLength" : 1000000.0
      },
      "computeLoad" : {
        "UNKNOWN" : {
          "QueueLength" : 197.0,
          "TASK_CONTAINERS" : 98.5
        }
      },
      "computeDemand" : {
        "UNKNOWN" : {
          "QueueLength" : 165.85714285714286,
          "TASK_CONTAINERS" : 82.92857142857143
        }
      },
      "averageProcessingTime" : "NaN",
      "networkCapacity" : {
        "interface-nodeL ( nodeL )" : {
          "DATARATE_TX" : 100.0,
          "DATARATE_RX" : 100.0
        }
      },
      "networkLoad" : {
        "interface-nodeL ( nodeL )" : {
          "(clientPoolL, nodeL_c00, nodeL_c00)" : {
            "AppCoordinates {com.bbn, test-service2, 1}" : {
              "DATARATE_TX" : 3.939999999999991E-4,
              "DATARATE_RX" : 1.9699999999999956E-4
            }
          }
        }
      },
      "networkDemand" : {
        "interface-nodeL ( nodeL )" : {
          "(clientPoolL, nodeL_c00, nodeL_c00)" : {
            "AppCoordinates {com.bbn, test-service2, 1}" : {
              "DATARATE_TX" : 3.8699999999999916E-4,
              "DATARATE_RX" : 1.9349999999999958E-4
            }
          }
        }
      }
    }
  },
  "maximumServiceContainers" : 20,
  "allocatedServiceContainers" : 2,
  "computeDemand" : {
    "AppCoordinates {com.bbn, test-service2, 1}" : {
      "UNKNOWN" : {
        "QueueLength" : 204.14285714285714,
        "TASK_CONTAINERS" : 102.07142857142857
      }
    }
  },
  "containerNetworkLoad" : {
    "interface-nodeL ( nodeL )" : {
      "(clientPoolL, nodeL_c00, nodeL_c00)" : {
        "AppCoordinates {com.bbn, test-service2, 1}" : {
          "DATARATE_TX" : 3.939999999999991E-4,
          "DATARATE_RX" : 1.9699999999999956E-4
        }
      },
      "(clientPoolL, nodeL_c01, nodeL_c01)" : {
        "AppCoordinates {com.bbn, test-service2, 1}" : {
          "DATARATE_TX" : 1.039999999999999E-4,
          "DATARATE_RX" : 5.199999999999995E-5
        }
      }
    }
  },
  "containerNetworkDemand" : {
    "interface-nodeL ( nodeL )" : {
      "(clientPoolL, nodeL_c00, nodeL_c00)" : {
        "AppCoordinates {com.bbn, test-service2, 1}" : {
          "DATARATE_TX" : 3.8699999999999916E-4,
          "DATARATE_RX" : 1.9349999999999958E-4
        }
      },
      "(clientPoolL, nodeL_c01, nodeL_c01)" : {
        "AppCoordinates {com.bbn, test-service2, 1}" : {
          "DATARATE_TX" : 8.933333333333329E-5,
          "DATARATE_RX" : 4.466666666666664E-5
        }
      }
    }
  },
  "computeLoad" : {
    "AppCoordinates {com.bbn, test-service2, 1}" : {
      "UNKNOWN" : {
        "QueueLength" : 249.0,
        "TASK_CONTAINERS" : 124.5
      }
    }
  },
  "allocatedComputeCapacity" : {
    "CPU" : 2.0,
    "QueueLength" : 2000000.0,
    "TASK_CONTAINERS" : 200.0
  },
  "availableServiceContainers" : 18,
  "averageProcessingTime" : { }
}