{
  "region" : {
    "name" : "K"
  },
  "minTimestamp" : 356489,
  "maxTimestamp" : 356489,
  "demandEstimationWindow" : "LONG",
  "serverCapacity" : {
    "DISK" : 10.0,
    "MEMORY" : 8.0E9,
    "CPU" : 4.0,
    "TASK_CONTAINERS" : 20.0
  },
  "serverLoad" : {
    "AppCoordinates {com.bbn, test-service3, 1}" : {
      "unknown" : {
        "QueueLength" : 57.0,
        "TASK_CONTAINERS" : 28.5
      }
    }
  },
  "serverDemand" : {
    "AppCoordinates {com.bbn, test-service3, 1}" : {
      "unknown" : {
        "QueueLength" : 58.62707182320442,
        "TASK_CONTAINERS" : 29.31353591160221
      }
    }
  },
  "serverAverageProcessingTimeCount" : {
    "AppCoordinates {com.bbn, test-service3, 1}" : 1
  },
  "serverAverageProcessingTimeSum" : {
    "AppCoordinates {com.bbn, test-service3, 1}" : 120000.0
  },
  "networkCapacity" : {
    "L" : {
      "DATARATE_RX" : 100.0,
      "DATARATE_TX" : 100.0
    },
    "N" : {
      "DATARATE_RX" : 100.0,
      "DATARATE_TX" : 100.0
    }
  },
  "networkLoad" : {
    "L" : {
      "(K, L, K)" : {
        "AppCoordinates {com.bbn, test-service3, 1}" : {
          "DATARATE_TX" : 3.0000000000000004E-5,
          "DATARATE_RX" : 6.000000000000001E-5
        }
      },
      "(C, L, C)" : {
        "AppCoordinates {com.bbn, test-service3, 1}" : {
          "DATARATE_TX" : 2.8799999999999974E-4,
          "DATARATE_RX" : 5.759999999999995E-4
        },
        "AppCoordinates {com.bbn, test-service2, 1}" : {
          "DATARATE_TX" : 6.69999999999999E-5,
          "DATARATE_RX" : 1.339999999999998E-4
        },
        "AppCoordinates {com.bbn, test-service1, 1}" : {
          "DATARATE_TX" : 7.09999999999999E-5,
          "DATARATE_RX" : 1.419999999999998E-4
        }
      },
      "(N, L, N)" : {
        "AppCoordinates {com.bbn, test-service3, 1}" : {
          "DATARATE_TX" : 3.0000000000000004E-5,
          "DATARATE_RX" : 6.000000000000001E-5
        }
      }
    },
    "N" : {
      "(L, N, N)" : {
        "AppCoordinates {com.bbn, test-service3, 1}" : {
          "DATARATE_TX" : 6.000000000000001E-5,
          "DATARATE_RX" : 3.0000000000000004E-5
        }
      },
      "(K, N, N)" : {
        "AppCoordinates {com.bbn, test-service3, 1}" : {
          "DATARATE_TX" : 5.600000000000003E-5,
          "DATARATE_RX" : 2.8000000000000017E-5
        }
      },
      "(L, C, C)" : {
        "AppCoordinates {com.bbn, test-service3, 1}" : {
          "DATARATE_TX" : 5.759999999999995E-4,
          "DATARATE_RX" : 2.8799999999999974E-4
        },
        "AppCoordinates {com.bbn, test-service2, 1}" : {
          "DATARATE_TX" : 1.339999999999998E-4,
          "DATARATE_RX" : 6.69999999999999E-5
        },
        "AppCoordinates {com.bbn, test-service1, 1}" : {
          "DATARATE_TX" : 1.419999999999998E-4,
          "DATARATE_RX" : 7.09999999999999E-5
        }
      },
      "(K, C, C)" : {
        "AppCoordinates {com.bbn, test-service3, 1}" : {
          "DATARATE_TX" : 7.119999999999992E-4,
          "DATARATE_RX" : 3.559999999999996E-4
        },
        "AppCoordinates {com.bbn, test-service2, 1}" : {
          "DATARATE_TX" : 1.3399999999999981E-4,
          "DATARATE_RX" : 6.699999999999991E-5
        },
        "AppCoordinates {com.bbn, test-service1, 1}" : {
          "DATARATE_TX" : 1.4799999999999975E-4,
          "DATARATE_RX" : 7.399999999999987E-5
        }
      }
    }
  },
  "networkDemand" : {
    "L" : {
      "(K, L, K)" : {
        "AppCoordinates {com.bbn, test-service3, 1}" : {
          "DATARATE_TX" : 2.489196675900273E-5,
          "DATARATE_RX" : 4.978393351800546E-5
        }
      },
      "(C, L, C)" : {
        "AppCoordinates {com.bbn, test-service3, 1}" : {
          "DATARATE_TX" : 2.279538114291572E-4,
          "DATARATE_RX" : 4.559076228583144E-4
        },
        "AppCoordinates {com.bbn, test-service2, 1}" : {
          "DATARATE_TX" : 5.531578947368406E-5,
          "DATARATE_RX" : 1.1063157894736812E-4
        },
        "AppCoordinates {com.bbn, test-service1, 1}" : {
          "DATARATE_TX" : 1.3552329989694888E-4,
          "DATARATE_RX" : 2.7104659979389776E-4
        }
      },
      "(N, L, N)" : {
        "AppCoordinates {com.bbn, test-service3, 1}" : {
          "DATARATE_TX" : 3.408033240997228E-5,
          "DATARATE_RX" : 6.816066481994456E-5
        }
      }
    },
    "N" : {
      "(L, N, N)" : {
        "AppCoordinates {com.bbn, test-service3, 1}" : {
          "DATARATE_TX" : 6.816066481994456E-5,
          "DATARATE_RX" : 3.408033240997228E-5
        }
      },
      "(K, N, N)" : {
        "AppCoordinates {com.bbn, test-service3, 1}" : {
          "DATARATE_TX" : 8.028808864265909E-5,
          "DATARATE_RX" : 4.0144044321329546E-5
        }
      },
      "(L, C, C)" : {
        "AppCoordinates {com.bbn, test-service3, 1}" : {
          "DATARATE_TX" : 4.559076228583144E-4,
          "DATARATE_RX" : 2.279538114291572E-4
        },
        "AppCoordinates {com.bbn, test-service2, 1}" : {
          "DATARATE_TX" : 1.1063157894736812E-4,
          "DATARATE_RX" : 5.531578947368406E-5
        },
        "AppCoordinates {com.bbn, test-service1, 1}" : {
          "DATARATE_TX" : 2.7104659979389776E-4,
          "DATARATE_RX" : 1.3552329989694888E-4
        }
      },
      "(K, C, C)" : {
        "AppCoordinates {com.bbn, test-service3, 1}" : {
          "DATARATE_TX" : 5.872114496768216E-4,
          "DATARATE_RX" : 2.936057248384108E-4
        },
        "AppCoordinates {com.bbn, test-service2, 1}" : {
          "DATARATE_TX" : 1.1099722991689713E-4,
          "DATARATE_RX" : 5.549861495844857E-5
        },
        "AppCoordinates {com.bbn, test-service1, 1}" : {
          "DATARATE_TX" : 2.655430213759644E-4,
          "DATARATE_RX" : 1.327715106879822E-4
        }
      }
    }
  },
  "maximumServiceContainers" : 20,
  "allocatedServiceContainers" : 1,
  "serverAverageProcessingTime" : {
    "AppCoordinates {com.bbn, test-service3, 1}" : 120000.0
  },
  "availableServiceContainers" : 19,
  "nullSummary" : false
}