{
  "AppCoordinates {com.bbn, test-service3, 1}" : {
    "serverDemand" : {
      "A" : {
        "QueueLength" : 107.21335856849352,
        "TASK_CONTAINERS" : 90.76700078856824
      },
      "E" : {
        "QueueLength" : 100.72646410647346,
        "TASK_CONTAINERS" : 85.27518556506342
      }
    }
  },
  "AppCoordinates {com.bbn, test-service2, 1}" : {
    "serverDemand" : {
      "A" : {
        "QueueLength" : 130.96176993200638,
        "TASK_CONTAINERS" : 91.9961483735157
      },
      "E" : {
        "QueueLength" : 135.41584200829212,
        "TASK_CONTAINERS" : 95.12498112989229
      }
    }
  },
  "AppCoordinates {com.bbn, test-service1, 1}" : {
    "serverDemand" : {
      "A" : {
        "QueueLength" : 149.2330552668038,
        "TASK_CONTAINERS" : 92.43779057130548
      },
      "E" : {
        "QueueLength" : 161.36126558687675,
        "TASK_CONTAINERS" : 99.95023453733769
      }
    }
  }
}