{
  "region" : {
    "name" : "I"
  },
  "minTimestamp" : 184997,
  "maxTimestamp" : 184997,
  "demandEstimationWindow" : "LONG",
  "serverCapacity" : {
    "DISK" : 10.0,
    "MEMORY" : 8.0E9,
    "CPU" : 4.0,
    "TASK_CONTAINERS" : 20.0
  },
  "serverLoad" : {
    "AppCoordinates {com.bbn, test-service1, 1}" : {
      "unknown" : {
        "QueueLength" : 76.0,
        "TASK_CONTAINERS" : 19.0
      }
    }
  },
  "serverDemand" : {
    "AppCoordinates {com.bbn, test-service1, 1}" : {
      "unknown" : {
        "QueueLength" : 66.84384995638267,
        "TASK_CONTAINERS" : 19.468284298882303
      }
    }
  },
  "serverAverageProcessingTimeCount" : {
    "AppCoordinates {com.bbn, test-service1, 1}" : 1
  },
  "serverAverageProcessingTimeSum" : {
    "AppCoordinates {com.bbn, test-service1, 1}" : 240000.0
  },
  "networkCapacity" : {
    "A" : {
      "DATARATE_RX" : 100.0,
      "DATARATE_TX" : 100.0
    },
    "B" : {
      "DATARATE_RX" : 100.0,
      "DATARATE_TX" : 100.0
    },
    "C" : {
      "DATARATE_RX" : 100.0,
      "DATARATE_TX" : 100.0
    },
    "D" : {
      "DATARATE_RX" : 100.0,
      "DATARATE_TX" : 100.0
    },
    "G" : {
      "DATARATE_RX" : 100.0,
      "DATARATE_TX" : 100.0
    },
    "I" : {
      "DATARATE_RX" : 100.0,
      "DATARATE_TX" : 100.0
    }
  },
  "networkLoad" : {
    "A" : { },
    "B" : {
      "(I, B, B)" : {
        "AppCoordinates {com.bbn, test-service1, 1}" : {
          "DATARATE_TX" : 6.6E-5,
          "DATARATE_RX" : 3.3E-5
        }
      }
    },
    "C" : { },
    "D" : { },
    "G" : { },
    "I" : {
      "(I, I, I)" : {
        "AppCoordinates {com.bbn, test-service1, 1}" : {
          "DATARATE_TX" : 7.600000000000002E-5,
          "DATARATE_RX" : 1.5200000000000004E-4
        }
      },
      "(B, I, B)" : {
        "AppCoordinates {com.bbn, test-service1, 1}" : {
          "DATARATE_TX" : 3.3E-5,
          "DATARATE_RX" : 6.6E-5
        }
      }
    }
  },
  "networkDemand" : {
    "A" : { },
    "B" : {
      "(I, B, B)" : {
        "AppCoordinates {com.bbn, test-service1, 1}" : {
          "DATARATE_TX" : 6.400997991285469E-5,
          "DATARATE_RX" : 3.2004989956427347E-5
        }
      }
    },
    "C" : { },
    "D" : { },
    "G" : { },
    "I" : {
      "(I, I, I)" : {
        "AppCoordinates {com.bbn, test-service1, 1}" : {
          "DATARATE_TX" : 7.816402959669584E-5,
          "DATARATE_RX" : 1.5632805919339168E-4
        }
      },
      "(B, I, B)" : {
        "AppCoordinates {com.bbn, test-service1, 1}" : {
          "DATARATE_TX" : 3.200498995642734E-5,
          "DATARATE_RX" : 6.400997991285468E-5
        }
      }
    }
  },
  "maximumServiceContainers" : 20,
  "allocatedServiceContainers" : 20,
  "serverAverageProcessingTime" : {
    "AppCoordinates {com.bbn, test-service1, 1}" : 240000.0
  },
  "availableServiceContainers" : 0,
  "nullSummary" : false
}