{
  "region" : {
    "name" : "D"
  },
  "timestamp" : 105908,
  "plan" : {
    "AppCoordinates {com.bbn, test-service3, 1}" : {
      "C" : 0.6679577088943265,
      "E" : 0.0,
      "F" : 0.0,
      "G" : 0.0,
      "H" : 0.0,
      "J" : 0.0,
      "D" : 0.3320422911056735
    },
    "AppCoordinates {com.bbn, test-service2, 1}" : {
      "C" : 1.0,
      "E" : 0.0,
      "F" : 0.0,
      "G" : 0.0,
      "H" : 0.0,
      "J" : 0.0,
      "D" : 0.0
    },
    "AppCoordinates {com.bbn, test-service1, 1}" : {
      "C" : 1.0,
      "E" : 0.0,
      "F" : 0.0,
      "G" : 0.0,
      "H" : 0.0,
      "J" : 0.0,
      "D" : 0.0
    }
  }
}