{
  "nodeName" : {
    "name" : "nodeG"
  },
  "timestamp" : 41986,
  "demandEstimationWindow" : "SHORT",
  "nodeComputeCapacity" : {
    "CPU" : 4.0,
    "MEMORY" : 8.0E9,
    "DISK" : 10.0,
    "TASK_CONTAINERS" : 20.0
  },
  "networkCapacity" : {
    "interface-nodeE ( nodeE )" : {
      "DATARATE_RX" : 100.0,
      "DATARATE_TX" : 100.0
    },
    "interface-nodeB ( nodeB )" : {
      "DATARATE_RX" : 100.0,
      "DATARATE_TX" : 100.0
    },
    "interface-nodeL ( nodeL )" : {
      "DATARATE_RX" : 100.0,
      "DATARATE_TX" : 100.0
    },
    "interface-nodeJ ( nodeJ )" : {
      "DATARATE_RX" : 100.0,
      "DATARATE_TX" : 100.0
    },
    "interface-nodeA ( nodeA )" : {
      "DATARATE_RX" : 100.0,
      "DATARATE_TX" : 100.0
    },
    "interface-nodeN ( nodeN )" : {
      "DATARATE_RX" : 100.0,
      "DATARATE_TX" : 100.0
    },
    "interface-nodeO ( nodeO )" : {
      "DATARATE_RX" : 100.0,
      "DATARATE_TX" : 100.0
    }
  },
  "networkLoad" : {
    "interface-nodeE ( nodeE )" : { },
    "interface-nodeB ( nodeB )" : { },
    "interface-nodeL ( nodeL )" : { },
    "interface-nodeJ ( nodeJ )" : { },
    "interface-nodeA ( nodeA )" : { },
    "interface-nodeN ( nodeN )" : { },
    "interface-nodeO ( nodeO )" : { }
  },
  "networkDemand" : {
    "interface-nodeE ( nodeE )" : { },
    "interface-nodeB ( nodeB )" : { },
    "interface-nodeA ( nodeA )" : { },
    "interface-nodeO ( nodeO )" : { },
    "interface-nodeN ( nodeN )" : { },
    "interface-nodeL ( nodeL )" : { },
    "interface-nodeJ ( nodeJ )" : { }
  },
  "containerReports" : { },
  "maximumServiceContainers" : 20,
  "allocatedServiceContainers" : 0,
  "computeDemand" : { },
  "containerNetworkLoad" : { },
  "containerNetworkDemand" : { },
  "computeLoad" : { },
  "allocatedComputeCapacity" : { },
  "availableServiceContainers" : 20,
  "averageProcessingTime" : { }
}