{
  "region" : {
    "name" : "B"
  },
  "timestamp" : 252801,
  "servicePlan" : {
    "nodeB" : [ {
      "id" : {
        "name" : "nodeB_c00"
      },
      "service" : {
        "group" : "com.bbn",
        "artifact" : "test-service3",
        "version" : "1"
      },
      "weight" : 1.0,
      "stopTrafficTo" : false,
      "stop" : false
    } ]
  },
  "overflowPlan" : {
    "AppCoordinates {com.bbn, test-service3, 1}" : {
      "C" : 0.7800900410589886,
      "E" : 0.0,
      "I" : 0.10995497947050573,
      "B" : 0.1099549794705057
    },
    "AppCoordinates {com.bbn, test-service2, 1}" : {
      "C" : 1.0,
      "E" : 0.0,
      "I" : 0.0,
      "B" : 0.0
    },
    "AppCoordinates {com.bbn, test-service1, 1}" : {
      "C" : 1.0,
      "E" : 0.0,
      "I" : 0.0,
      "B" : 0.0
    }
  }
}