186,1,DNS_UPDATE_SUCCEEDED
40914,82,DCOP_PLAN_PLUBLIED
40918,82,RLG_PLAN_PUBLISHED
41415,83,DNS_UPDATE_SUCCEEDED
221140,439,DCOP_PLAN_PLUBLIED
221196,439,RLG_PLAN_PUBLISHED
341137,677,DCOP_PLAN_PLUBLIED
341358,677,RLG_PLAN_PUBLISHED
341565,678,DNS_UPDATE_SUCCEEDED
461378,915,DCOP_PLAN_PLUBLIED
461478,915,RLG_PLAN_PUBLISHED
461496,916,DNS_UPDATE_SUCCEEDED
581184,1153,DCOP_PLAN_PLUBLIED
581657,1154,RLG_PLAN_PUBLISHED
581967,1155,DNS_UPDATE_SUCCEEDED
701370,1391,DCOP_PLAN_PLUBLIED
701804,1392,RLG_PLAN_PUBLISHED
701901,1393,DNS_UPDATE_SUCCEEDED
821303,1629,DCOP_PLAN_PLUBLIED
821953,1631,RLG_PLAN_PUBLISHED
822364,1632,DNS_UPDATE_SUCCEEDED
941209,1867,DCOP_PLAN_PLUBLIED
942126,1869,RLG_PLAN_PUBLISHED
942289,1870,DNS_UPDATE_SUCCEEDED
1061246,2106,DCOP_PLAN_PLUBLIED
1062307,2108,RLG_PLAN_PUBLISHED
1062706,2109,DNS_UPDATE_SUCCEEDED
1181298,2344,DCOP_PLAN_PLUBLIED
1182440,2346,RLG_PLAN_PUBLISHED
1182561,2347,DNS_UPDATE_SUCCEEDED
1301241,2582,DCOP_PLAN_PLUBLIED
1302607,2585,RLG_PLAN_PUBLISHED
1303056,2586,DNS_UPDATE_SUCCEEDED
1421196,2820,DCOP_PLAN_PLUBLIED
1422753,2823,RLG_PLAN_PUBLISHED
1422889,2824,DNS_UPDATE_SUCCEEDED
1541253,3058,DCOP_PLAN_PLUBLIED
1542882,3062,RLG_PLAN_PUBLISHED
1543289,3063,DNS_UPDATE_SUCCEEDED
1661191,3297,DCOP_PLAN_PLUBLIED
1663020,3300,RLG_PLAN_PUBLISHED
1663171,3301,DNS_UPDATE_SUCCEEDED
