679,2,DNS_UPDATE_SUCCEEDED
41921,84,RLG_PLAN_PUBLISHED
41949,84,DCOP_PLAN_PLUBLIED
42415,85,DNS_UPDATE_SUCCEEDED
222295,441,DCOP_PLAN_PLUBLIED
225191,447,RLG_PLAN_PUBLISHED
342287,679,DCOP_PLAN_PLUBLIED
342357,679,RLG_PLAN_PUBLISHED
342589,680,DNS_UPDATE_SUCCEEDED
345362,685,RLG_PLAN_PUBLISHED
582217,1154,DCOP_PLAN_PLUBLIED
582704,1155,RLG_PLAN_PUBLISHED
583286,1157,DNS_UPDATE_SUCCEEDED
585709,1161,RLG_PLAN_PUBLISHED
633796,1257,RLG_PLAN_PUBLISHED
634280,1258,DNS_UPDATE_SUCCEEDED
634786,1259,DNS_UPDATE_SUCCEEDED
636801,1262,RLG_PLAN_PUBLISHED
636804,1263,DNS_UPDATE_SUCCEEDED
702350,1392,DCOP_PLAN_PLUBLIED
702886,1393,RLG_PLAN_PUBLISHED
702918,1394,DNS_UPDATE_SUCCEEDED
705892,1399,RLG_PLAN_PUBLISHED
1182406,2343,DCOP_PLAN_PLUBLIED
1183696,2346,RLG_PLAN_PUBLISHED
1184462,2348,DNS_UPDATE_SUCCEEDED
1186700,2352,RLG_PLAN_PUBLISHED
1231770,2441,RLG_PLAN_PUBLISHED
1231887,2442,DNS_UPDATE_SUCCEEDED
1232393,2443,DNS_UPDATE_SUCCEEDED
1234773,2447,RLG_PLAN_PUBLISHED
1234920,2448,DNS_UPDATE_SUCCEEDED
1302020,2580,DCOP_PLAN_PLUBLIED
1303867,2584,RLG_PLAN_PUBLISHED
1304081,2585,DNS_UPDATE_SUCCEEDED
1306871,2590,RLG_PLAN_PUBLISHED
1422435,2819,DCOP_PLAN_PLUBLIED
1424025,2822,RLG_PLAN_PUBLISHED
1424734,2824,DNS_UPDATE_SUCCEEDED
1427025,2828,RLG_PLAN_PUBLISHED
1472091,2917,RLG_PLAN_PUBLISHED
1472182,2918,DNS_UPDATE_SUCCEEDED
1472687,2919,DNS_UPDATE_SUCCEEDED
1475096,2923,RLG_PLAN_PUBLISHED
1475212,2924,DNS_UPDATE_SUCCEEDED
1542308,3056,DCOP_PLAN_PLUBLIED
1544198,3060,RLG_PLAN_PUBLISHED
1544366,3061,DNS_UPDATE_SUCCEEDED
1547204,3066,RLG_PLAN_PUBLISHED
