{
  "clientName" : "clientPoolE",
  "clientRegion" : {
    "name" : "E"
  },
  "numRequestsAttempted" : 6000,
  "numRequestsSucceeded" : 3109,
  "numRequestsFailedForServerLoad" : 2891,
  "numRequestsFailedForNetworkLoad" : 0,
  "numRequestsSlowForServerLoad" : 1363,
  "numRequestsSlowForNetworkLoad" : 0,
  "numRequestsSlowForNetworkAndServerLoad" : 0,
  "numRequestsServicedByRegion" : {
    "A" : 48,
    "C" : 736,
    "D" : 497,
    "E" : 1711,
    "I" : 117
  },
  "numRequestsFailedForDownNode" : 0
}