1143,1,DNS_UPDATE_SUCCEEDED
1207,1,RLG_PLAN_PUBLISHED
1203,1,DCOP_PLAN_PLUBLIED
106292,212,DCOP_PLAN_PLUBLIED
109175,217,RLG_PLAN_PUBLISHED
109239,218,DNS_UPDATE_SUCCEEDED
109738,219,DNS_UPDATE_SUCCEEDED
112187,223,RLG_PLAN_PUBLISHED
112243,224,DNS_UPDATE_SUCCEEDED
118184,235,RLG_PLAN_PUBLISHED
118238,236,DNS_UPDATE_SUCCEEDED
118740,237,DNS_UPDATE_SUCCEEDED
121184,241,RLG_PLAN_PUBLISHED
121241,242,DNS_UPDATE_SUCCEEDED
166261,331,DCOP_PLAN_PLUBLIED
169186,337,RLG_PLAN_PUBLISHED
169306,338,DNS_UPDATE_SUCCEEDED
169802,339,DNS_UPDATE_SUCCEEDED
172186,343,RLG_PLAN_PUBLISHED
172302,344,DNS_UPDATE_SUCCEEDED
181186,361,RLG_PLAN_PUBLISHED
181317,362,DNS_UPDATE_SUCCEEDED
184187,367,RLG_PLAN_PUBLISHED
184322,368,DNS_UPDATE_SUCCEEDED
184827,369,DNS_UPDATE_SUCCEEDED
187186,373,RLG_PLAN_PUBLISHED
187320,374,DNS_UPDATE_SUCCEEDED
190187,379,RLG_PLAN_PUBLISHED
190325,380,DNS_UPDATE_SUCCEEDED
193189,385,RLG_PLAN_PUBLISHED
193317,386,DNS_UPDATE_SUCCEEDED
193822,387,DNS_UPDATE_SUCCEEDED
196189,391,RLG_PLAN_PUBLISHED
196324,392,DNS_UPDATE_SUCCEEDED
226336,451,DCOP_PLAN_PLUBLIED
229193,457,RLG_PLAN_PUBLISHED
229348,458,DNS_UPDATE_SUCCEEDED
286324,571,DCOP_PLAN_PLUBLIED
289213,577,RLG_PLAN_PUBLISHED
289411,578,DNS_UPDATE_SUCCEEDED
346313,691,DCOP_PLAN_PLUBLIED
349249,697,RLG_PLAN_PUBLISHED
349451,698,DNS_UPDATE_SUCCEEDED
406285,811,DCOP_PLAN_PLUBLIED
406290,811,RLG_PLAN_PUBLISHED
406514,812,DNS_UPDATE_SUCCEEDED
466292,931,DCOP_PLAN_PLUBLIED
466331,931,RLG_PLAN_PUBLISHED
466557,932,DNS_UPDATE_SUCCEEDED
526269,1051,DCOP_PLAN_PLUBLIED
526333,1051,RLG_PLAN_PUBLISHED
526598,1052,DNS_UPDATE_SUCCEEDED
577352,1153,RLG_PLAN_PUBLISHED
577632,1154,DNS_UPDATE_SUCCEEDED
578134,1155,DNS_UPDATE_SUCCEEDED
580351,1159,RLG_PLAN_PUBLISHED
580628,1160,DNS_UPDATE_SUCCEEDED
586317,1171,DCOP_PLAN_PLUBLIED
586353,1171,RLG_PLAN_PUBLISHED
586638,1172,DNS_UPDATE_SUCCEEDED
630006,1258,DCOP_PLAN_PLUBLIED
