{
  "clientName" : "clientPoolH",
  "clientRegion" : {
    "name" : "H"
  },
  "numRequestsAttempted" : 3536,
  "numRequestsSucceeded" : 1937,
  "numRequestsFailedForServerLoad" : 1599,
  "numRequestsFailedForNetworkLoad" : 0,
  "numRequestsSlowForServerLoad" : 278,
  "numRequestsSlowForNetworkLoad" : 0,
  "numRequestsSlowForNetworkAndServerLoad" : 0,
  "numRequestsServicedByRegion" : {
    "B" : 119,
    "C" : 937,
    "D" : 298,
    "G" : 136,
    "H" : 377,
    "I" : 70
  },
  "numRequestsFailedForDownNode" : 0
}