{
  "region" : {
    "name" : "A"
  },
  "nodeResourceReports" : [ {
    "nodeName" : {
      "name" : "nodeA"
    },
    "timestamp" : 53998,
    "demandEstimationWindow" : "SHORT",
    "nodeComputeCapacity" : {
      "CPU" : 8.0,
      "MEMORY" : 1.6E10,
      "DISK" : 10.0,
      "TASK_CONTAINERS" : 8.0
    },
    "networkCapacity" : {
      "interface-nodeB ( nodeB )" : {
        "DATARATE_RX" : 100.0,
        "DATARATE_TX" : 100.0
      },
      "interface-nodeL ( nodeL )" : {
        "DATARATE_RX" : 100.0,
        "DATARATE_TX" : 100.0
      },
      "interface-nodeK ( nodeK )" : {
        "DATARATE_RX" : 100.0,
        "DATARATE_TX" : 100.0
      },
      "interface-nodeN ( nodeN )" : {
        "DATARATE_RX" : 100.0,
        "DATARATE_TX" : 100.0
      }
    },
    "networkLoad" : {
      "interface-nodeB ( nodeB )" : {
        "(nodeA_c00, clientPoolE, nodeA_c00)" : {
          "AppCoordinates {com.bbn, test-service1, 1}" : {
            "DATARATE_TX" : 0.003,
            "DATARATE_RX" : 0.006
          }
        },
        "(nodeA_c01, clientPoolE, nodeA_c01)" : {
          "AppCoordinates {com.bbn, test-service2, 1}" : {
            "DATARATE_TX" : 0.003,
            "DATARATE_RX" : 0.006
          }
        },
        "(nodeA_c02, clientPoolE, nodeA_c02)" : {
          "AppCoordinates {com.bbn, test-service3, 1}" : {
            "DATARATE_TX" : 0.003,
            "DATARATE_RX" : 0.006
          }
        },
        "(nodeA_c00, clientPoolC, nodeA_c00)" : {
          "AppCoordinates {com.bbn, test-service1, 1}" : {
            "DATARATE_TX" : 0.004,
            "DATARATE_RX" : 0.008
          }
        },
        "(nodeA_c01, clientPoolC, nodeA_c01)" : {
          "AppCoordinates {com.bbn, test-service2, 1}" : {
            "DATARATE_TX" : 0.004,
            "DATARATE_RX" : 0.008
          }
        },
        "(nodeA_c02, clientPoolC, nodeA_c02)" : {
          "AppCoordinates {com.bbn, test-service3, 1}" : {
            "DATARATE_TX" : 0.004,
            "DATARATE_RX" : 0.008
          }
        }
      },
      "interface-nodeL ( nodeL )" : { },
      "interface-nodeK ( nodeK )" : { },
      "interface-nodeN ( nodeN )" : { }
    },
    "networkDemand" : {
      "interface-nodeB ( nodeB )" : {
        "(nodeA_c00, clientPoolE, nodeA_c00)" : {
          "AppCoordinates {com.bbn, test-service1, 1}" : {
            "DATARATE_TX" : 0.0029999999999999996,
            "DATARATE_RX" : 0.005999999999999999
          }
        },
        "(nodeA_c01, clientPoolE, nodeA_c01)" : {
          "AppCoordinates {com.bbn, test-service2, 1}" : {
            "DATARATE_TX" : 0.0029999999999999996,
            "DATARATE_RX" : 0.005999999999999999
          }
        },
        "(nodeA_c00, clientPoolC, nodeA_c00)" : {
          "AppCoordinates {com.bbn, test-service1, 1}" : {
            "DATARATE_TX" : 0.004,
            "DATARATE_RX" : 0.008
          }
        },
        "(nodeA_c02, clientPoolE, nodeA_c02)" : {
          "AppCoordinates {com.bbn, test-service3, 1}" : {
            "DATARATE_TX" : 0.0029999999999999996,
            "DATARATE_RX" : 0.005999999999999999
          }
        },
        "(nodeA_c01, clientPoolC, nodeA_c01)" : {
          "AppCoordinates {com.bbn, test-service2, 1}" : {
            "DATARATE_TX" : 0.004,
            "DATARATE_RX" : 0.008
          }
        },
        "(nodeA_c02, clientPoolC, nodeA_c02)" : {
          "AppCoordinates {com.bbn, test-service3, 1}" : {
            "DATARATE_TX" : 0.004,
            "DATARATE_RX" : 0.008
          }
        }
      },
      "interface-nodeN ( nodeN )" : { },
      "interface-nodeL ( nodeL )" : { },
      "interface-nodeK ( nodeK )" : { }
    },
    "containerReports" : {
      "nodeA_c03" : {
        "containerName" : {
          "name" : "nodeA_c03"
        },
        "timestamp" : 53998,
        "service" : {
          "group" : "com.bbn",
          "artifact" : "test-service3",
          "version" : "1"
        },
        "serviceStatus" : "RUNNING",
        "demandEstimationWindow" : "SHORT",
        "computeCapacity" : {
          "CPU" : 1.0,
          "TASK_CONTAINERS" : 1.0,
          "QueueLength" : 1000000.0
        },
        "computeLoad" : {
          "UNKNOWN" : {
            "QueueLength" : 0.0
          }
        },
        "computeDemand" : {
          "UNKNOWN" : {
            "QueueLength" : 0.0
          }
        },
        "averageProcessingTime" : "NaN",
        "networkCapacity" : {
          "interface-nodeA ( nodeA )" : {
            "DATARATE_TX" : 100.0,
            "DATARATE_RX" : 100.0
          }
        },
        "networkLoad" : {
          "interface-nodeA ( nodeA )" : { }
        },
        "networkDemand" : {
          "interface-nodeA ( nodeA )" : { }
        }
      },
      "nodeA_c04" : {
        "containerName" : {
          "name" : "nodeA_c04"
        },
        "timestamp" : 53998,
        "service" : {
          "group" : "com.bbn",
          "artifact" : "test-service2",
          "version" : "1"
        },
        "serviceStatus" : "RUNNING",
        "demandEstimationWindow" : "SHORT",
        "computeCapacity" : {
          "CPU" : 1.0,
          "TASK_CONTAINERS" : 1.0,
          "QueueLength" : 1000000.0
        },
        "computeLoad" : {
          "UNKNOWN" : {
            "QueueLength" : 0.0
          }
        },
        "computeDemand" : {
          "UNKNOWN" : {
            "QueueLength" : 0.0
          }
        },
        "averageProcessingTime" : "NaN",
        "networkCapacity" : {
          "interface-nodeA ( nodeA )" : {
            "DATARATE_TX" : 100.0,
            "DATARATE_RX" : 100.0
          }
        },
        "networkLoad" : {
          "interface-nodeA ( nodeA )" : { }
        },
        "networkDemand" : {
          "interface-nodeA ( nodeA )" : { }
        }
      },
      "nodeA_c01" : {
        "containerName" : {
          "name" : "nodeA_c01"
        },
        "timestamp" : 53998,
        "service" : {
          "group" : "com.bbn",
          "artifact" : "test-service2",
          "version" : "1"
        },
        "serviceStatus" : "RUNNING",
        "demandEstimationWindow" : "SHORT",
        "computeCapacity" : {
          "CPU" : 1.0,
          "TASK_CONTAINERS" : 1.0,
          "QueueLength" : 1000000.0
        },
        "computeLoad" : {
          "UNKNOWN" : {
            "QueueLength" : 10.0,
            "TASK_CONTAINERS" : 0.9999999999999999
          }
        },
        "computeDemand" : {
          "UNKNOWN" : {
            "QueueLength" : 8.75,
            "TASK_CONTAINERS" : 0.8749999999999999
          }
        },
        "averageProcessingTime" : "NaN",
        "networkCapacity" : {
          "interface-nodeA ( nodeA )" : {
            "DATARATE_TX" : 100.0,
            "DATARATE_RX" : 100.0
          }
        },
        "networkLoad" : {
          "interface-nodeA ( nodeA )" : {
            "(clientPoolE, nodeA_c01, nodeA_c01)" : {
              "AppCoordinates {com.bbn, test-service2, 1}" : {
                "DATARATE_TX" : 0.04000000000000002,
                "DATARATE_RX" : 0.02000000000000001
              }
            },
            "(clientPoolA, nodeA_c01, nodeA_c01)" : {
              "AppCoordinates {com.bbn, test-service2, 1}" : {
                "DATARATE_TX" : 0.04000000000000002,
                "DATARATE_RX" : 0.02000000000000001
              }
            },
            "(clientPoolC, nodeA_c01, nodeA_c01)" : {
              "AppCoordinates {com.bbn, test-service2, 1}" : {
                "DATARATE_TX" : 0.04000000000000002,
                "DATARATE_RX" : 0.02000000000000001
              }
            }
          }
        },
        "networkDemand" : {
          "interface-nodeA ( nodeA )" : {
            "(clientPoolE, nodeA_c01, nodeA_c01)" : {
              "AppCoordinates {com.bbn, test-service2, 1}" : {
                "DATARATE_TX" : 0.04000000000000003,
                "DATARATE_RX" : 0.020000000000000014
              }
            },
            "(clientPoolA, nodeA_c01, nodeA_c01)" : {
              "AppCoordinates {com.bbn, test-service2, 1}" : {
                "DATARATE_TX" : 0.04000000000000003,
                "DATARATE_RX" : 0.020000000000000014
              }
            },
            "(clientPoolC, nodeA_c01, nodeA_c01)" : {
              "AppCoordinates {com.bbn, test-service2, 1}" : {
                "DATARATE_TX" : 0.04000000000000003,
                "DATARATE_RX" : 0.020000000000000014
              }
            }
          }
        }
      },
      "nodeA_c02" : {
        "containerName" : {
          "name" : "nodeA_c02"
        },
        "timestamp" : 53998,
        "service" : {
          "group" : "com.bbn",
          "artifact" : "test-service3",
          "version" : "1"
        },
        "serviceStatus" : "RUNNING",
        "demandEstimationWindow" : "SHORT",
        "computeCapacity" : {
          "CPU" : 1.0,
          "TASK_CONTAINERS" : 1.0,
          "QueueLength" : 1000000.0
        },
        "computeLoad" : {
          "UNKNOWN" : {
            "QueueLength" : 10.0,
            "TASK_CONTAINERS" : 0.9999999999999999
          }
        },
        "computeDemand" : {
          "UNKNOWN" : {
            "QueueLength" : 8.75,
            "TASK_CONTAINERS" : 0.8749999999999999
          }
        },
        "averageProcessingTime" : "NaN",
        "networkCapacity" : {
          "interface-nodeA ( nodeA )" : {
            "DATARATE_TX" : 100.0,
            "DATARATE_RX" : 100.0
          }
        },
        "networkLoad" : {
          "interface-nodeA ( nodeA )" : {
            "(clientPoolA, nodeA_c02, nodeA_c02)" : {
              "AppCoordinates {com.bbn, test-service3, 1}" : {
                "DATARATE_TX" : 0.04000000000000002,
                "DATARATE_RX" : 0.02000000000000001
              }
            },
            "(clientPoolC, nodeA_c02, nodeA_c02)" : {
              "AppCoordinates {com.bbn, test-service3, 1}" : {
                "DATARATE_TX" : 0.04000000000000002,
                "DATARATE_RX" : 0.02000000000000001
              }
            },
            "(clientPoolE, nodeA_c02, nodeA_c02)" : {
              "AppCoordinates {com.bbn, test-service3, 1}" : {
                "DATARATE_TX" : 0.04000000000000002,
                "DATARATE_RX" : 0.02000000000000001
              }
            }
          }
        },
        "networkDemand" : {
          "interface-nodeA ( nodeA )" : {
            "(clientPoolA, nodeA_c02, nodeA_c02)" : {
              "AppCoordinates {com.bbn, test-service3, 1}" : {
                "DATARATE_TX" : 0.04000000000000003,
                "DATARATE_RX" : 0.020000000000000014
              }
            },
            "(clientPoolC, nodeA_c02, nodeA_c02)" : {
              "AppCoordinates {com.bbn, test-service3, 1}" : {
                "DATARATE_TX" : 0.04000000000000003,
                "DATARATE_RX" : 0.020000000000000014
              }
            },
            "(clientPoolE, nodeA_c02, nodeA_c02)" : {
              "AppCoordinates {com.bbn, test-service3, 1}" : {
                "DATARATE_TX" : 0.04000000000000003,
                "DATARATE_RX" : 0.020000000000000014
              }
            }
          }
        }
      },
      "nodeA_c00" : {
        "containerName" : {
          "name" : "nodeA_c00"
        },
        "timestamp" : 53999,
        "service" : {
          "group" : "com.bbn",
          "artifact" : "test-service1",
          "version" : "1"
        },
        "serviceStatus" : "RUNNING",
        "demandEstimationWindow" : "SHORT",
        "computeCapacity" : {
          "CPU" : 1.0,
          "TASK_CONTAINERS" : 1.0,
          "QueueLength" : 1000000.0
        },
        "computeLoad" : {
          "UNKNOWN" : {
            "QueueLength" : 10.0,
            "TASK_CONTAINERS" : 0.9999999999999999
          }
        },
        "computeDemand" : {
          "UNKNOWN" : {
            "QueueLength" : 8.75,
            "TASK_CONTAINERS" : 0.8749999999999999
          }
        },
        "averageProcessingTime" : "NaN",
        "networkCapacity" : {
          "interface-nodeA ( nodeA )" : {
            "DATARATE_TX" : 100.0,
            "DATARATE_RX" : 100.0
          }
        },
        "networkLoad" : {
          "interface-nodeA ( nodeA )" : {
            "(clientPoolE, nodeA_c00, nodeA_c00)" : {
              "AppCoordinates {com.bbn, test-service1, 1}" : {
                "DATARATE_TX" : 0.04000000000000002,
                "DATARATE_RX" : 0.02000000000000001
              }
            },
            "(clientPoolA, nodeA_c00, nodeA_c00)" : {
              "AppCoordinates {com.bbn, test-service1, 1}" : {
                "DATARATE_TX" : 0.04000000000000002,
                "DATARATE_RX" : 0.02000000000000001
              }
            },
            "(clientPoolC, nodeA_c00, nodeA_c00)" : {
              "AppCoordinates {com.bbn, test-service1, 1}" : {
                "DATARATE_TX" : 0.04000000000000002,
                "DATARATE_RX" : 0.02000000000000001
              }
            }
          }
        },
        "networkDemand" : {
          "interface-nodeA ( nodeA )" : {
            "(clientPoolE, nodeA_c00, nodeA_c00)" : {
              "AppCoordinates {com.bbn, test-service1, 1}" : {
                "DATARATE_TX" : 0.04000000000000003,
                "DATARATE_RX" : 0.020000000000000014
              }
            },
            "(clientPoolA, nodeA_c00, nodeA_c00)" : {
              "AppCoordinates {com.bbn, test-service1, 1}" : {
                "DATARATE_TX" : 0.04000000000000003,
                "DATARATE_RX" : 0.020000000000000014
              }
            },
            "(clientPoolC, nodeA_c00, nodeA_c00)" : {
              "AppCoordinates {com.bbn, test-service1, 1}" : {
                "DATARATE_TX" : 0.04000000000000003,
                "DATARATE_RX" : 0.020000000000000014
              }
            }
          }
        }
      },
      "nodeA_c05" : {
        "containerName" : {
          "name" : "nodeA_c05"
        },
        "timestamp" : 53999,
        "service" : {
          "group" : "com.bbn",
          "artifact" : "test-service1",
          "version" : "1"
        },
        "serviceStatus" : "RUNNING",
        "demandEstimationWindow" : "SHORT",
        "computeCapacity" : {
          "CPU" : 1.0,
          "TASK_CONTAINERS" : 1.0,
          "QueueLength" : 1000000.0
        },
        "computeLoad" : {
          "UNKNOWN" : {
            "QueueLength" : 0.0
          }
        },
        "computeDemand" : {
          "UNKNOWN" : {
            "QueueLength" : 0.0
          }
        },
        "averageProcessingTime" : "NaN",
        "networkCapacity" : {
          "interface-nodeA ( nodeA )" : {
            "DATARATE_TX" : 100.0,
            "DATARATE_RX" : 100.0
          }
        },
        "networkLoad" : {
          "interface-nodeA ( nodeA )" : { }
        },
        "networkDemand" : {
          "interface-nodeA ( nodeA )" : { }
        }
      }
    },
    "maximumServiceContainers" : 8,
    "allocatedServiceContainers" : 6,
    "computeDemand" : {
      "AppCoordinates {com.bbn, test-service3, 1}" : {
        "UNKNOWN" : {
          "QueueLength" : 8.75,
          "TASK_CONTAINERS" : 0.8749999999999999
        }
      },
      "AppCoordinates {com.bbn, test-service2, 1}" : {
        "UNKNOWN" : {
          "QueueLength" : 8.75,
          "TASK_CONTAINERS" : 0.8749999999999999
        }
      },
      "AppCoordinates {com.bbn, test-service1, 1}" : {
        "UNKNOWN" : {
          "QueueLength" : 8.75,
          "TASK_CONTAINERS" : 0.8749999999999999
        }
      }
    },
    "containerNetworkLoad" : {
      "interface-nodeA ( nodeA )" : {
        "(clientPoolE, nodeA_c01, nodeA_c01)" : {
          "AppCoordinates {com.bbn, test-service2, 1}" : {
            "DATARATE_TX" : 0.04000000000000002,
            "DATARATE_RX" : 0.02000000000000001
          }
        },
        "(clientPoolE, nodeA_c00, nodeA_c00)" : {
          "AppCoordinates {com.bbn, test-service1, 1}" : {
            "DATARATE_TX" : 0.04000000000000002,
            "DATARATE_RX" : 0.02000000000000001
          }
        },
        "(clientPoolA, nodeA_c02, nodeA_c02)" : {
          "AppCoordinates {com.bbn, test-service3, 1}" : {
            "DATARATE_TX" : 0.04000000000000002,
            "DATARATE_RX" : 0.02000000000000001
          }
        },
        "(clientPoolA, nodeA_c01, nodeA_c01)" : {
          "AppCoordinates {com.bbn, test-service2, 1}" : {
            "DATARATE_TX" : 0.04000000000000002,
            "DATARATE_RX" : 0.02000000000000001
          }
        },
        "(clientPoolA, nodeA_c00, nodeA_c00)" : {
          "AppCoordinates {com.bbn, test-service1, 1}" : {
            "DATARATE_TX" : 0.04000000000000002,
            "DATARATE_RX" : 0.02000000000000001
          }
        },
        "(clientPoolC, nodeA_c02, nodeA_c02)" : {
          "AppCoordinates {com.bbn, test-service3, 1}" : {
            "DATARATE_TX" : 0.04000000000000002,
            "DATARATE_RX" : 0.02000000000000001
          }
        },
        "(clientPoolC, nodeA_c01, nodeA_c01)" : {
          "AppCoordinates {com.bbn, test-service2, 1}" : {
            "DATARATE_TX" : 0.04000000000000002,
            "DATARATE_RX" : 0.02000000000000001
          }
        },
        "(clientPoolC, nodeA_c00, nodeA_c00)" : {
          "AppCoordinates {com.bbn, test-service1, 1}" : {
            "DATARATE_TX" : 0.04000000000000002,
            "DATARATE_RX" : 0.02000000000000001
          }
        },
        "(clientPoolE, nodeA_c02, nodeA_c02)" : {
          "AppCoordinates {com.bbn, test-service3, 1}" : {
            "DATARATE_TX" : 0.04000000000000002,
            "DATARATE_RX" : 0.02000000000000001
          }
        }
      }
    },
    "containerNetworkDemand" : {
      "interface-nodeA ( nodeA )" : {
        "(clientPoolE, nodeA_c01, nodeA_c01)" : {
          "AppCoordinates {com.bbn, test-service2, 1}" : {
            "DATARATE_TX" : 0.04000000000000003,
            "DATARATE_RX" : 0.020000000000000014
          }
        },
        "(clientPoolE, nodeA_c00, nodeA_c00)" : {
          "AppCoordinates {com.bbn, test-service1, 1}" : {
            "DATARATE_TX" : 0.04000000000000003,
            "DATARATE_RX" : 0.020000000000000014
          }
        },
        "(clientPoolA, nodeA_c02, nodeA_c02)" : {
          "AppCoordinates {com.bbn, test-service3, 1}" : {
            "DATARATE_TX" : 0.04000000000000003,
            "DATARATE_RX" : 0.020000000000000014
          }
        },
        "(clientPoolA, nodeA_c01, nodeA_c01)" : {
          "AppCoordinates {com.bbn, test-service2, 1}" : {
            "DATARATE_TX" : 0.04000000000000003,
            "DATARATE_RX" : 0.020000000000000014
          }
        },
        "(clientPoolA, nodeA_c00, nodeA_c00)" : {
          "AppCoordinates {com.bbn, test-service1, 1}" : {
            "DATARATE_TX" : 0.04000000000000003,
            "DATARATE_RX" : 0.020000000000000014
          }
        },
        "(clientPoolC, nodeA_c02, nodeA_c02)" : {
          "AppCoordinates {com.bbn, test-service3, 1}" : {
            "DATARATE_TX" : 0.04000000000000003,
            "DATARATE_RX" : 0.020000000000000014
          }
        },
        "(clientPoolC, nodeA_c01, nodeA_c01)" : {
          "AppCoordinates {com.bbn, test-service2, 1}" : {
            "DATARATE_TX" : 0.04000000000000003,
            "DATARATE_RX" : 0.020000000000000014
          }
        },
        "(clientPoolC, nodeA_c00, nodeA_c00)" : {
          "AppCoordinates {com.bbn, test-service1, 1}" : {
            "DATARATE_TX" : 0.04000000000000003,
            "DATARATE_RX" : 0.020000000000000014
          }
        },
        "(clientPoolE, nodeA_c02, nodeA_c02)" : {
          "AppCoordinates {com.bbn, test-service3, 1}" : {
            "DATARATE_TX" : 0.04000000000000003,
            "DATARATE_RX" : 0.020000000000000014
          }
        }
      }
    },
    "computeLoad" : {
      "AppCoordinates {com.bbn, test-service3, 1}" : {
        "UNKNOWN" : {
          "QueueLength" : 10.0,
          "TASK_CONTAINERS" : 0.9999999999999999
        }
      },
      "AppCoordinates {com.bbn, test-service2, 1}" : {
        "UNKNOWN" : {
          "QueueLength" : 10.0,
          "TASK_CONTAINERS" : 0.9999999999999999
        }
      },
      "AppCoordinates {com.bbn, test-service1, 1}" : {
        "UNKNOWN" : {
          "QueueLength" : 10.0,
          "TASK_CONTAINERS" : 0.9999999999999999
        }
      }
    },
    "availableServiceContainers" : 2,
    "averageProcessingTime" : { },
    "allocatedComputeCapacity" : {
      "CPU" : 6.0,
      "QueueLength" : 6000000.0,
      "TASK_CONTAINERS" : 6.0
    }
  } ]
}