245,1,DNS_UPDATE_SUCCEEDED
46920,94,DCOP_PLAN_PLUBLIED
46921,94,RLG_PLAN_PUBLISHED
47423,95,DNS_UPDATE_SUCCEEDED
227104,451,DCOP_PLAN_PLUBLIED
227159,451,RLG_PLAN_PUBLISHED
347119,689,DCOP_PLAN_PLUBLIED
347308,690,RLG_PLAN_PUBLISHED
347665,691,DNS_UPDATE_SUCCEEDED
467269,928,DCOP_PLAN_PLUBLIED
467457,928,RLG_PLAN_PUBLISHED
467587,929,DNS_UPDATE_SUCCEEDED
587159,1166,DCOP_PLAN_PLUBLIED
587608,1167,RLG_PLAN_PUBLISHED
587994,1168,DNS_UPDATE_SUCCEEDED
707213,1404,DCOP_PLAN_PLUBLIED
707810,1405,RLG_PLAN_PUBLISHED
707995,1406,DNS_UPDATE_SUCCEEDED
827311,1642,DCOP_PLAN_PLUBLIED
827994,1643,RLG_PLAN_PUBLISHED
828020,1644,DNS_UPDATE_SUCCEEDED
947457,1880,DCOP_PLAN_PLUBLIED
948184,1882,RLG_PLAN_PUBLISHED
948581,1883,DNS_UPDATE_SUCCEEDED
1067324,2118,DCOP_PLAN_PLUBLIED
1068363,2120,RLG_PLAN_PUBLISHED
1068648,2121,DNS_UPDATE_SUCCEEDED
1187356,2356,DCOP_PLAN_PLUBLIED
1188533,2358,RLG_PLAN_PUBLISHED
1188692,2359,DNS_UPDATE_SUCCEEDED
1307105,2593,DCOP_PLAN_PLUBLIED
1308715,2596,RLG_PLAN_PUBLISHED
1308742,2597,DNS_UPDATE_SUCCEEDED
1427380,2832,DCOP_PLAN_PLUBLIED
1428889,2835,RLG_PLAN_PUBLISHED
1429292,2836,DNS_UPDATE_SUCCEEDED
1547268,3070,DCOP_PLAN_PLUBLIED
1549073,3073,RLG_PLAN_PUBLISHED
1549226,3074,DNS_UPDATE_SUCCEEDED
1667427,3308,DCOP_PLAN_PLUBLIED
1669227,3312,RLG_PLAN_PUBLISHED
1669624,3313,DNS_UPDATE_SUCCEEDED
1786993,3545,DCOP_PLAN_PLUBLIED
1789405,3550,RLG_PLAN_PUBLISHED
1789728,3551,DNS_UPDATE_SUCCEEDED
