{
  "region" : {
    "name" : "A"
  },
  "minTimestamp" : 346999,
  "maxTimestamp" : 346999,
  "demandEstimationWindow" : "SHORT",
  "serverCapacity" : {
    "DISK" : 10.0,
    "MEMORY" : 8.0E9,
    "CPU" : 4.0,
    "TASK_CONTAINERS" : 20.0
  },
  "serverLoad" : {
    "AppCoordinates {com.bbn, test-service3, 1}" : {
      "unknown" : {
        "QueueLength" : 73.0,
        "TASK_CONTAINERS" : 36.5
      }
    }
  },
  "serverDemand" : {
    "AppCoordinates {com.bbn, test-service3, 1}" : {
      "unknown" : {
        "QueueLength" : 63.875,
        "TASK_CONTAINERS" : 31.9375
      }
    }
  },
  "serverAverageProcessingTimeCount" : {
    "AppCoordinates {com.bbn, test-service3, 1}" : 1
  },
  "serverAverageProcessingTimeSum" : {
    "AppCoordinates {com.bbn, test-service3, 1}" : 120000.0
  },
  "networkCapacity" : {
    "B" : {
      "DATARATE_RX" : 100.0,
      "DATARATE_TX" : 100.0
    },
    "D" : {
      "DATARATE_RX" : 100.0,
      "DATARATE_TX" : 100.0
    },
    "E" : {
      "DATARATE_RX" : 100.0,
      "DATARATE_TX" : 100.0
    },
    "F" : {
      "DATARATE_RX" : 100.0,
      "DATARATE_TX" : 100.0
    },
    "G" : {
      "DATARATE_RX" : 100.0,
      "DATARATE_TX" : 100.0
    },
    "I" : {
      "DATARATE_RX" : 100.0,
      "DATARATE_TX" : 100.0
    },
    "J" : {
      "DATARATE_RX" : 100.0,
      "DATARATE_TX" : 100.0
    },
    "K" : {
      "DATARATE_RX" : 100.0,
      "DATARATE_TX" : 100.0
    },
    "M" : {
      "DATARATE_RX" : 100.0,
      "DATARATE_TX" : 100.0
    },
    "N" : {
      "DATARATE_RX" : 100.0,
      "DATARATE_TX" : 100.0
    }
  },
  "networkLoad" : {
    "B" : {
      "(A, B, A)" : {
        "AppCoordinates {com.bbn, test-service3, 1}" : {
          "DATARATE_TX" : 4.299999999999997E-5,
          "DATARATE_RX" : 8.599999999999994E-5
        }
      }
    },
    "D" : { },
    "E" : { },
    "F" : { },
    "G" : { },
    "I" : {
      "(A, I, I)" : {
        "AppCoordinates {com.bbn, test-service3, 1}" : {
          "DATARATE_TX" : 7.399999999999991E-4,
          "DATARATE_RX" : 3.6999999999999956E-4
        },
        "AppCoordinates {com.bbn, test-service2, 1}" : {
          "DATARATE_TX" : 1.319999999999998E-4,
          "DATARATE_RX" : 6.59999999999999E-5
        },
        "AppCoordinates {com.bbn, test-service1, 1}" : {
          "DATARATE_TX" : 1.2999999999999983E-4,
          "DATARATE_RX" : 6.499999999999991E-5
        }
      }
    },
    "J" : { },
    "K" : { },
    "M" : { },
    "N" : { }
  },
  "networkDemand" : {
    "B" : {
      "(A, B, A)" : {
        "AppCoordinates {com.bbn, test-service3, 1}" : {
          "DATARATE_TX" : 4.299999999999996E-5,
          "DATARATE_RX" : 8.599999999999992E-5
        }
      }
    },
    "D" : { },
    "E" : { },
    "F" : { },
    "G" : { },
    "I" : {
      "(A, I, I)" : {
        "AppCoordinates {com.bbn, test-service3, 1}" : {
          "DATARATE_TX" : 7.399999999999991E-4,
          "DATARATE_RX" : 3.6999999999999956E-4
        },
        "AppCoordinates {com.bbn, test-service2, 1}" : {
          "DATARATE_TX" : 1.334285714285712E-4,
          "DATARATE_RX" : 6.67142857142856E-5
        },
        "AppCoordinates {com.bbn, test-service1, 1}" : {
          "DATARATE_TX" : 1.2999999999999983E-4,
          "DATARATE_RX" : 6.499999999999991E-5
        }
      }
    },
    "J" : { },
    "K" : { },
    "M" : { },
    "N" : { }
  },
  "maximumServiceContainers" : 20,
  "allocatedServiceContainers" : 1,
  "serverAverageProcessingTime" : {
    "AppCoordinates {com.bbn, test-service3, 1}" : 120000.0
  },
  "availableServiceContainers" : 19,
  "nullSummary" : false
}