{
  "region" : {
    "name" : "C"
  },
  "minTimestamp" : 232991,
  "maxTimestamp" : 232991,
  "demandEstimationWindow" : "SHORT",
  "serverCapacity" : {
    "DISK" : 10.0,
    "MEMORY" : 1.6E10,
    "CPU" : 8.0,
    "TASK_CONTAINERS" : 8.0
  },
  "serverLoad" : {
    "AppCoordinates {com.bbn, test-service3, 1}" : {
      "unknown" : {
        "QueueLength" : 358.0,
        "TASK_CONTAINERS" : 179.0
      }
    },
    "AppCoordinates {com.bbn, test-service2, 1}" : {
      "unknown" : {
        "QueueLength" : 269.0,
        "TASK_CONTAINERS" : 134.5
      }
    },
    "AppCoordinates {com.bbn, test-service1, 1}" : {
      "unknown" : {
        "QueueLength" : 400.0,
        "TASK_CONTAINERS" : 200.0
      }
    }
  },
  "serverDemand" : {
    "AppCoordinates {com.bbn, test-service3, 1}" : {
      "unknown" : {
        "QueueLength" : 175.46428571428572,
        "TASK_CONTAINERS" : 87.73214285714286
      }
    },
    "AppCoordinates {com.bbn, test-service2, 1}" : {
      "unknown" : {
        "QueueLength" : 235.375,
        "TASK_CONTAINERS" : 117.6875
      }
    },
    "AppCoordinates {com.bbn, test-service1, 1}" : {
      "unknown" : {
        "QueueLength" : 342.85714285714283,
        "TASK_CONTAINERS" : 171.42857142857142
      }
    }
  },
  "serverAverageProcessingTimeCount" : {
    "AppCoordinates {com.bbn, test-service3, 1}" : 1,
    "AppCoordinates {com.bbn, test-service2, 1}" : 1,
    "AppCoordinates {com.bbn, test-service1, 1}" : 1
  },
  "serverAverageProcessingTimeSum" : {
    "AppCoordinates {com.bbn, test-service3, 1}" : 120000.0,
    "AppCoordinates {com.bbn, test-service2, 1}" : 120000.0,
    "AppCoordinates {com.bbn, test-service1, 1}" : 120000.0
  },
  "networkCapacity" : {
    "E" : {
      "DATARATE_RX" : 100.0,
      "DATARATE_TX" : 100.0
    }
  },
  "networkLoad" : {
    "E" : {
      "(C, B, C)" : {
        "AppCoordinates {com.bbn, test-service3, 1}" : {
          "DATARATE_TX" : 1.0999999999999995E-4,
          "DATARATE_RX" : 2.199999999999999E-4
        },
        "AppCoordinates {com.bbn, test-service2, 1}" : {
          "DATARATE_TX" : 8.999999999999991E-5,
          "DATARATE_RX" : 1.7999999999999982E-4
        },
        "AppCoordinates {com.bbn, test-service1, 1}" : {
          "DATARATE_TX" : 1.3299999999999982E-4,
          "DATARATE_RX" : 2.6599999999999964E-4
        }
      },
      "(C, E, C)" : {
        "AppCoordinates {com.bbn, test-service3, 1}" : {
          "DATARATE_TX" : 1.289999999999999E-4,
          "DATARATE_RX" : 2.579999999999998E-4
        },
        "AppCoordinates {com.bbn, test-service2, 1}" : {
          "DATARATE_TX" : 8.89999999999999E-5,
          "DATARATE_RX" : 1.779999999999998E-4
        },
        "AppCoordinates {com.bbn, test-service1, 1}" : {
          "DATARATE_TX" : 1.409999999999998E-4,
          "DATARATE_RX" : 2.819999999999996E-4
        }
      },
      "(C, A, C)" : {
        "AppCoordinates {com.bbn, test-service3, 1}" : {
          "DATARATE_TX" : 1.1999999999999992E-4,
          "DATARATE_RX" : 2.3999999999999984E-4
        },
        "AppCoordinates {com.bbn, test-service2, 1}" : {
          "DATARATE_TX" : 8.999999999999991E-5,
          "DATARATE_RX" : 1.7999999999999982E-4
        },
        "AppCoordinates {com.bbn, test-service1, 1}" : {
          "DATARATE_TX" : 1.2599999999999984E-4,
          "DATARATE_RX" : 2.519999999999997E-4
        }
      }
    }
  },
  "networkDemand" : {
    "E" : {
      "(C, B, C)" : {
        "AppCoordinates {com.bbn, test-service3, 1}" : {
          "DATARATE_TX" : 5.6714285714285706E-5,
          "DATARATE_RX" : 1.1342857142857141E-4
        },
        "AppCoordinates {com.bbn, test-service2, 1}" : {
          "DATARATE_TX" : 8.999999999999991E-5,
          "DATARATE_RX" : 1.7999999999999982E-4
        },
        "AppCoordinates {com.bbn, test-service1, 1}" : {
          "DATARATE_TX" : 1.3557142857142837E-4,
          "DATARATE_RX" : 2.7114285714285673E-4
        }
      },
      "(C, E, C)" : {
        "AppCoordinates {com.bbn, test-service3, 1}" : {
          "DATARATE_TX" : 6.714285714285713E-5,
          "DATARATE_RX" : 1.3428571428571425E-4
        },
        "AppCoordinates {com.bbn, test-service2, 1}" : {
          "DATARATE_TX" : 8.899999999999989E-5,
          "DATARATE_RX" : 1.7799999999999977E-4
        },
        "AppCoordinates {com.bbn, test-service1, 1}" : {
          "DATARATE_TX" : 1.437142857142855E-4,
          "DATARATE_RX" : 2.87428571428571E-4
        }
      },
      "(C, A, C)" : {
        "AppCoordinates {com.bbn, test-service3, 1}" : {
          "DATARATE_TX" : 6.185714285714284E-5,
          "DATARATE_RX" : 1.2371428571428567E-4
        },
        "AppCoordinates {com.bbn, test-service2, 1}" : {
          "DATARATE_TX" : 8.999999999999992E-5,
          "DATARATE_RX" : 1.7999999999999985E-4
        },
        "AppCoordinates {com.bbn, test-service1, 1}" : {
          "DATARATE_TX" : 1.285714285714284E-4,
          "DATARATE_RX" : 2.571428571428568E-4
        }
      }
    }
  },
  "maximumServiceContainers" : 8,
  "allocatedServiceContainers" : 8,
  "serverAverageProcessingTime" : {
    "AppCoordinates {com.bbn, test-service3, 1}" : 120000.0,
    "AppCoordinates {com.bbn, test-service2, 1}" : 120000.0,
    "AppCoordinates {com.bbn, test-service1, 1}" : 120000.0
  },
  "availableServiceContainers" : 0,
  "nullSummary" : false
}