{
  "nodeName" : {
    "name" : "nodeK"
  },
  "timestamp" : 245489,
  "demandEstimationWindow" : "LONG",
  "nodeComputeCapacity" : {
    "CPU" : 4.0,
    "MEMORY" : 8.0E9,
    "DISK" : 10.0,
    "TASK_CONTAINERS" : 20.0
  },
  "networkCapacity" : {
    "interface-nodeL ( nodeL )" : {
      "DATARATE_RX" : 100.0,
      "DATARATE_TX" : 100.0
    },
    "interface-nodeN ( nodeN )" : {
      "DATARATE_RX" : 100.0,
      "DATARATE_TX" : 100.0
    }
  },
  "networkLoad" : {
    "interface-nodeL ( nodeL )" : {
      "(nodeN_c00, clientPoolL, nodeN_c00)" : {
        "AppCoordinates {com.bbn, test-service3, 1}" : {
          "DATARATE_TX" : -3.8116482626443515E-21,
          "DATARATE_RX" : -7.623296525288703E-21
        }
      },
      "(nodeC_c00, clientPoolL, nodeC_c00)" : {
        "AppCoordinates {com.bbn, test-service3, 1}" : {
          "DATARATE_TX" : 6.499999999999991E-5,
          "DATARATE_RX" : 1.2999999999999983E-4
        },
        "AppCoordinates {com.bbn, test-service1, 1}" : {
          "DATARATE_TX" : -3.8116482626443515E-21,
          "DATARATE_RX" : -7.623296525288703E-21
        }
      },
      "(nodeC_c01, clientPoolL, nodeC_c01)" : {
        "AppCoordinates {com.bbn, test-service3, 1}" : {
          "DATARATE_TX" : 2.999999999999996E-6,
          "DATARATE_RX" : 5.999999999999992E-6
        },
        "AppCoordinates {com.bbn, test-service2, 1}" : {
          "DATARATE_TX" : -3.8116482626443515E-21,
          "DATARATE_RX" : -7.623296525288703E-21
        }
      },
      "(nodeN_c01, clientPoolL, nodeN_c01)" : {
        "AppCoordinates {com.bbn, test-service3, 1}" : {
          "DATARATE_TX" : 1.2999999999999998E-5,
          "DATARATE_RX" : 2.5999999999999995E-5
        }
      },
      "(nodeC_c06, clientPoolL, nodeC_c06)" : {
        "AppCoordinates {com.bbn, test-service2, 1}" : {
          "DATARATE_TX" : -3.8116482626443515E-21,
          "DATARATE_RX" : -7.623296525288703E-21
        },
        "AppCoordinates {com.bbn, test-service1, 1}" : {
          "DATARATE_TX" : 6.89999999999999E-5,
          "DATARATE_RX" : 1.379999999999998E-4
        }
      },
      "(nodeC_c07, clientPoolL, nodeC_c07)" : {
        "AppCoordinates {com.bbn, test-service2, 1}" : {
          "DATARATE_TX" : 6.499999999999991E-5,
          "DATARATE_RX" : 1.2999999999999983E-4
        }
      },
      "(nodeC_c04, clientPoolL, nodeC_c04)" : {
        "AppCoordinates {com.bbn, test-service3, 1}" : {
          "DATARATE_TX" : 7.499999999999989E-5,
          "DATARATE_RX" : 1.4999999999999977E-4
        },
        "AppCoordinates {com.bbn, test-service1, 1}" : {
          "DATARATE_TX" : -3.8116482626443515E-21,
          "DATARATE_RX" : -7.623296525288703E-21
        }
      },
      "(nodeC_c05, clientPoolL, nodeC_c05)" : {
        "AppCoordinates {com.bbn, test-service1, 1}" : {
          "DATARATE_TX" : -3.8116482626443515E-21,
          "DATARATE_RX" : -7.623296525288703E-21
        }
      },
      "(nodeK_c00, clientPoolL, nodeK_c00)" : {
        "AppCoordinates {com.bbn, test-service3, 1}" : {
          "DATARATE_TX" : -3.8116482626443515E-21,
          "DATARATE_RX" : -7.623296525288703E-21
        }
      },
      "(nodeC_c02, clientPoolL, nodeC_c02)" : {
        "AppCoordinates {com.bbn, test-service3, 1}" : {
          "DATARATE_TX" : 5.899999999999993E-5,
          "DATARATE_RX" : 1.1799999999999986E-4
        }
      },
      "(nodeK_c01, clientPoolL, nodeK_c01)" : {
        "AppCoordinates {com.bbn, test-service3, 1}" : {
          "DATARATE_TX" : 1.2999999999999998E-5,
          "DATARATE_RX" : 2.5999999999999995E-5
        }
      },
      "(nodeC_c03, clientPoolL, nodeC_c03)" : {
        "AppCoordinates {com.bbn, test-service1, 1}" : {
          "DATARATE_TX" : -3.8116482626443515E-21,
          "DATARATE_RX" : -7.623296525288703E-21
        }
      }
    },
    "interface-nodeN ( nodeN )" : {
      "(clientPoolL, nodeC_c02, nodeC_c02)" : {
        "AppCoordinates {com.bbn, test-service3, 1}" : {
          "DATARATE_TX" : 1.1799999999999986E-4,
          "DATARATE_RX" : 5.899999999999993E-5
        }
      },
      "(clientPoolK, nodeC_c01, nodeC_c01)" : {
        "AppCoordinates {com.bbn, test-service3, 1}" : {
          "DATARATE_TX" : 5.999999999999992E-6,
          "DATARATE_RX" : 2.999999999999996E-6
        },
        "AppCoordinates {com.bbn, test-service2, 1}" : {
          "DATARATE_TX" : -7.623296525288703E-21,
          "DATARATE_RX" : -3.8116482626443515E-21
        }
      },
      "(clientPoolL, nodeC_c01, nodeC_c01)" : {
        "AppCoordinates {com.bbn, test-service3, 1}" : {
          "DATARATE_TX" : 5.999999999999992E-6,
          "DATARATE_RX" : 2.999999999999996E-6
        },
        "AppCoordinates {com.bbn, test-service2, 1}" : {
          "DATARATE_TX" : -7.623296525288703E-21,
          "DATARATE_RX" : -3.8116482626443515E-21
        }
      },
      "(clientPoolK, nodeC_c00, nodeC_c00)" : {
        "AppCoordinates {com.bbn, test-service3, 1}" : {
          "DATARATE_TX" : 1.3399999999999981E-4,
          "DATARATE_RX" : 6.699999999999991E-5
        },
        "AppCoordinates {com.bbn, test-service1, 1}" : {
          "DATARATE_TX" : -7.623296525288703E-21,
          "DATARATE_RX" : -3.8116482626443515E-21
        }
      },
      "(clientPoolL, nodeC_c00, nodeC_c00)" : {
        "AppCoordinates {com.bbn, test-service3, 1}" : {
          "DATARATE_TX" : 1.2999999999999983E-4,
          "DATARATE_RX" : 6.499999999999991E-5
        },
        "AppCoordinates {com.bbn, test-service1, 1}" : {
          "DATARATE_TX" : -7.623296525288703E-21,
          "DATARATE_RX" : -3.8116482626443515E-21
        }
      },
      "(clientPoolK, nodeC_c05, nodeC_c05)" : {
        "AppCoordinates {com.bbn, test-service1, 1}" : {
          "DATARATE_TX" : -7.623296525288703E-21,
          "DATARATE_RX" : -3.8116482626443515E-21
        }
      },
      "(clientPoolL, nodeC_c06, nodeC_c06)" : {
        "AppCoordinates {com.bbn, test-service2, 1}" : {
          "DATARATE_TX" : -7.623296525288703E-21,
          "DATARATE_RX" : -3.8116482626443515E-21
        },
        "AppCoordinates {com.bbn, test-service1, 1}" : {
          "DATARATE_TX" : 1.379999999999998E-4,
          "DATARATE_RX" : 6.89999999999999E-5
        }
      },
      "(clientPoolL, nodeC_c05, nodeC_c05)" : {
        "AppCoordinates {com.bbn, test-service1, 1}" : {
          "DATARATE_TX" : -7.623296525288703E-21,
          "DATARATE_RX" : -3.8116482626443515E-21
        }
      },
      "(clientPoolK, nodeC_c04, nodeC_c04)" : {
        "AppCoordinates {com.bbn, test-service3, 1}" : {
          "DATARATE_TX" : 1.0999999999999988E-4,
          "DATARATE_RX" : 5.499999999999994E-5
        },
        "AppCoordinates {com.bbn, test-service1, 1}" : {
          "DATARATE_TX" : -7.623296525288703E-21,
          "DATARATE_RX" : -3.8116482626443515E-21
        }
      },
      "(clientPoolL, nodeC_c04, nodeC_c04)" : {
        "AppCoordinates {com.bbn, test-service3, 1}" : {
          "DATARATE_TX" : 1.4999999999999977E-4,
          "DATARATE_RX" : 7.499999999999989E-5
        },
        "AppCoordinates {com.bbn, test-service1, 1}" : {
          "DATARATE_TX" : -7.623296525288703E-21,
          "DATARATE_RX" : -3.8116482626443515E-21
        }
      },
      "(clientPoolK, nodeC_c03, nodeC_c03)" : {
        "AppCoordinates {com.bbn, test-service1, 1}" : {
          "DATARATE_TX" : -7.623296525288703E-21,
          "DATARATE_RX" : -3.8116482626443515E-21
        }
      },
      "(clientPoolK, nodeC_c02, nodeC_c02)" : {
        "AppCoordinates {com.bbn, test-service3, 1}" : {
          "DATARATE_TX" : 1.719999999999997E-4,
          "DATARATE_RX" : 8.599999999999985E-5
        }
      },
      "(clientPoolL, nodeC_c03, nodeC_c03)" : {
        "AppCoordinates {com.bbn, test-service1, 1}" : {
          "DATARATE_TX" : -7.623296525288703E-21,
          "DATARATE_RX" : -3.8116482626443515E-21
        }
      },
      "(clientPoolK, nodeC_c07, nodeC_c07)" : {
        "AppCoordinates {com.bbn, test-service2, 1}" : {
          "DATARATE_TX" : 1.2999999999999983E-4,
          "DATARATE_RX" : 6.499999999999991E-5
        }
      },
      "(clientPoolL, nodeC_c07, nodeC_c07)" : {
        "AppCoordinates {com.bbn, test-service2, 1}" : {
          "DATARATE_TX" : 1.2999999999999983E-4,
          "DATARATE_RX" : 6.499999999999991E-5
        }
      },
      "(clientPoolK, nodeC_c06, nodeC_c06)" : {
        "AppCoordinates {com.bbn, test-service2, 1}" : {
          "DATARATE_TX" : -7.623296525288703E-21,
          "DATARATE_RX" : -3.8116482626443515E-21
        },
        "AppCoordinates {com.bbn, test-service1, 1}" : {
          "DATARATE_TX" : 1.379999999999998E-4,
          "DATARATE_RX" : 6.89999999999999E-5
        }
      },
      "(clientPoolK, nodeN_c01, nodeN_c01)" : {
        "AppCoordinates {com.bbn, test-service3, 1}" : {
          "DATARATE_TX" : 2.9999999999999997E-5,
          "DATARATE_RX" : 1.4999999999999999E-5
        }
      },
      "(clientPoolL, nodeN_c00, nodeN_c00)" : {
        "AppCoordinates {com.bbn, test-service3, 1}" : {
          "DATARATE_TX" : -7.623296525288703E-21,
          "DATARATE_RX" : -3.8116482626443515E-21
        }
      },
      "(clientPoolL, nodeN_c01, nodeN_c01)" : {
        "AppCoordinates {com.bbn, test-service3, 1}" : {
          "DATARATE_TX" : 2.5999999999999995E-5,
          "DATARATE_RX" : 1.2999999999999998E-5
        }
      },
      "(clientPoolK, nodeN_c00, nodeN_c00)" : {
        "AppCoordinates {com.bbn, test-service3, 1}" : {
          "DATARATE_TX" : 1.9481757786848908E-20,
          "DATARATE_RX" : 9.740878893424454E-21
        }
      }
    }
  },
  "networkDemand" : {
    "interface-nodeN ( nodeN )" : {
      "(clientPoolK, nodeC_c01, nodeC_c01)" : {
        "AppCoordinates {com.bbn, test-service3, 1}" : {
          "DATARATE_TX" : 9.228467153284646E-5,
          "DATARATE_RX" : 4.614233576642323E-5
        },
        "AppCoordinates {com.bbn, test-service2, 1}" : {
          "DATARATE_TX" : 2.5872576177285315E-5,
          "DATARATE_RX" : 1.2936288088642658E-5
        }
      },
      "(clientPoolL, nodeC_c02, nodeC_c02)" : {
        "AppCoordinates {com.bbn, test-service3, 1}" : {
          "DATARATE_TX" : 7.708033240997235E-5,
          "DATARATE_RX" : 3.8540166204986176E-5
        }
      },
      "(clientPoolK, nodeC_c00, nodeC_c00)" : {
        "AppCoordinates {com.bbn, test-service3, 1}" : {
          "DATARATE_TX" : 6.850632911392414E-5,
          "DATARATE_RX" : 3.425316455696207E-5
        },
        "AppCoordinates {com.bbn, test-service1, 1}" : {
          "DATARATE_TX" : 6.533518005540171E-5,
          "DATARATE_RX" : 3.2667590027700855E-5
        }
      },
      "(clientPoolL, nodeC_c01, nodeC_c01)" : {
        "AppCoordinates {com.bbn, test-service3, 1}" : {
          "DATARATE_TX" : 4.832727272727261E-5,
          "DATARATE_RX" : 2.4163636363636305E-5
        },
        "AppCoordinates {com.bbn, test-service2, 1}" : {
          "DATARATE_TX" : 2.624930747922435E-5,
          "DATARATE_RX" : 1.3124653739612174E-5
        }
      },
      "(clientPoolL, nodeC_c00, nodeC_c00)" : {
        "AppCoordinates {com.bbn, test-service3, 1}" : {
          "DATARATE_TX" : 4.1810126582278406E-5,
          "DATARATE_RX" : 2.0905063291139203E-5
        },
        "AppCoordinates {com.bbn, test-service1, 1}" : {
          "DATARATE_TX" : 6.0969529085872545E-5,
          "DATARATE_RX" : 3.0484764542936272E-5
        }
      },
      "(clientPoolL, nodeC_c06, nodeC_c06)" : {
        "AppCoordinates {com.bbn, test-service2, 1}" : {
          "DATARATE_TX" : 7.399445983379501E-5,
          "DATARATE_RX" : 3.6997229916897504E-5
        },
        "AppCoordinates {com.bbn, test-service1, 1}" : {
          "DATARATE_TX" : 1.3022535211267588E-4,
          "DATARATE_RX" : 6.511267605633794E-5
        }
      },
      "(clientPoolK, nodeC_c05, nodeC_c05)" : {
        "AppCoordinates {com.bbn, test-service1, 1}" : {
          "DATARATE_TX" : 1.057170418006431E-4,
          "DATARATE_RX" : 5.285852090032155E-5
        }
      },
      "(clientPoolK, nodeC_c04, nodeC_c04)" : {
        "AppCoordinates {com.bbn, test-service3, 1}" : {
          "DATARATE_TX" : 8.890858725761746E-5,
          "DATARATE_RX" : 4.445429362880873E-5
        },
        "AppCoordinates {com.bbn, test-service1, 1}" : {
          "DATARATE_TX" : 1.7407202216066494E-5,
          "DATARATE_RX" : 8.703601108033247E-6
        }
      },
      "(clientPoolL, nodeC_c05, nodeC_c05)" : {
        "AppCoordinates {com.bbn, test-service1, 1}" : {
          "DATARATE_TX" : 1.180900321543409E-4,
          "DATARATE_RX" : 5.904501607717045E-5
        }
      },
      "(clientPoolK, nodeC_c03, nodeC_c03)" : {
        "AppCoordinates {com.bbn, test-service1, 1}" : {
          "DATARATE_TX" : 9.956786703601082E-5,
          "DATARATE_RX" : 4.978393351800541E-5
        }
      },
      "(clientPoolL, nodeC_c04, nodeC_c04)" : {
        "AppCoordinates {com.bbn, test-service3, 1}" : {
          "DATARATE_TX" : 6.761218836565084E-5,
          "DATARATE_RX" : 3.380609418282542E-5
        },
        "AppCoordinates {com.bbn, test-service1, 1}" : {
          "DATARATE_TX" : 1.7850415512465337E-5,
          "DATARATE_RX" : 8.925207756232668E-6
        }
      },
      "(clientPoolL, nodeC_c03, nodeC_c03)" : {
        "AppCoordinates {com.bbn, test-service1, 1}" : {
          "DATARATE_TX" : 1.1952354570637088E-4,
          "DATARATE_RX" : 5.976177285318544E-5
        }
      },
      "(clientPoolK, nodeC_c02, nodeC_c02)" : {
        "AppCoordinates {com.bbn, test-service3, 1}" : {
          "DATARATE_TX" : 1.1128531855955633E-4,
          "DATARATE_RX" : 5.5642659279778163E-5
        }
      },
      "(clientPoolK, nodeC_c07, nodeC_c07)" : {
        "AppCoordinates {com.bbn, test-service2, 1}" : {
          "DATARATE_TX" : 9.647645429362852E-5,
          "DATARATE_RX" : 4.823822714681426E-5
        }
      },
      "(clientPoolK, nodeC_c06, nodeC_c06)" : {
        "AppCoordinates {com.bbn, test-service2, 1}" : {
          "DATARATE_TX" : 6.914681440443208E-5,
          "DATARATE_RX" : 3.457340720221604E-5
        },
        "AppCoordinates {com.bbn, test-service1, 1}" : {
          "DATARATE_TX" : 1.3005633802816888E-4,
          "DATARATE_RX" : 6.502816901408444E-5
        }
      },
      "(clientPoolL, nodeC_c07, nodeC_c07)" : {
        "AppCoordinates {com.bbn, test-service2, 1}" : {
          "DATARATE_TX" : 9.100277008310225E-5,
          "DATARATE_RX" : 4.550138504155112E-5
        }
      },
      "(clientPoolK, nodeN_c01, nodeN_c01)" : {
        "AppCoordinates {com.bbn, test-service3, 1}" : {
          "DATARATE_TX" : 8.015853658536581E-5,
          "DATARATE_RX" : 4.0079268292682904E-5
        }
      },
      "(clientPoolL, nodeN_c00, nodeN_c00)" : {
        "AppCoordinates {com.bbn, test-service3, 1}" : {
          "DATARATE_TX" : 6.730627306273068E-5,
          "DATARATE_RX" : 3.365313653136534E-5
        }
      },
      "(clientPoolL, nodeN_c01, nodeN_c01)" : {
        "AppCoordinates {com.bbn, test-service3, 1}" : {
          "DATARATE_TX" : 5.6317073170731616E-5,
          "DATARATE_RX" : 2.8158536585365808E-5
        }
      },
      "(clientPoolK, nodeN_c00, nodeN_c00)" : {
        "AppCoordinates {com.bbn, test-service3, 1}" : {
          "DATARATE_TX" : 1.0939705882352907E-4,
          "DATARATE_RX" : 5.469852941176453E-5
        }
      }
    },
    "interface-nodeL ( nodeL )" : {
      "(nodeC_c00, clientPoolL, nodeC_c00)" : {
        "AppCoordinates {com.bbn, test-service3, 1}" : {
          "DATARATE_TX" : 2.0905063291139203E-5,
          "DATARATE_RX" : 4.1810126582278406E-5
        },
        "AppCoordinates {com.bbn, test-service1, 1}" : {
          "DATARATE_TX" : 3.0484764542936272E-5,
          "DATARATE_RX" : 6.0969529085872545E-5
        }
      },
      "(nodeN_c00, clientPoolL, nodeN_c00)" : {
        "AppCoordinates {com.bbn, test-service3, 1}" : {
          "DATARATE_TX" : 3.365313653136534E-5,
          "DATARATE_RX" : 6.730627306273068E-5
        }
      },
      "(nodeC_c01, clientPoolL, nodeC_c01)" : {
        "AppCoordinates {com.bbn, test-service3, 1}" : {
          "DATARATE_TX" : 2.4163636363636305E-5,
          "DATARATE_RX" : 4.832727272727261E-5
        },
        "AppCoordinates {com.bbn, test-service2, 1}" : {
          "DATARATE_TX" : 1.3124653739612174E-5,
          "DATARATE_RX" : 2.624930747922435E-5
        }
      },
      "(nodeN_c01, clientPoolL, nodeN_c01)" : {
        "AppCoordinates {com.bbn, test-service3, 1}" : {
          "DATARATE_TX" : 2.8158536585365808E-5,
          "DATARATE_RX" : 5.6317073170731616E-5
        }
      },
      "(nodeC_c06, clientPoolL, nodeC_c06)" : {
        "AppCoordinates {com.bbn, test-service2, 1}" : {
          "DATARATE_TX" : 3.6997229916897504E-5,
          "DATARATE_RX" : 7.399445983379501E-5
        },
        "AppCoordinates {com.bbn, test-service1, 1}" : {
          "DATARATE_TX" : 6.511267605633794E-5,
          "DATARATE_RX" : 1.3022535211267588E-4
        }
      },
      "(nodeC_c07, clientPoolL, nodeC_c07)" : {
        "AppCoordinates {com.bbn, test-service2, 1}" : {
          "DATARATE_TX" : 4.550138504155112E-5,
          "DATARATE_RX" : 9.100277008310225E-5
        }
      },
      "(nodeC_c04, clientPoolL, nodeC_c04)" : {
        "AppCoordinates {com.bbn, test-service3, 1}" : {
          "DATARATE_TX" : 3.380609418282542E-5,
          "DATARATE_RX" : 6.761218836565084E-5
        },
        "AppCoordinates {com.bbn, test-service1, 1}" : {
          "DATARATE_TX" : 8.925207756232668E-6,
          "DATARATE_RX" : 1.7850415512465337E-5
        }
      },
      "(nodeC_c05, clientPoolL, nodeC_c05)" : {
        "AppCoordinates {com.bbn, test-service1, 1}" : {
          "DATARATE_TX" : 5.904501607717045E-5,
          "DATARATE_RX" : 1.180900321543409E-4
        }
      },
      "(nodeC_c02, clientPoolL, nodeC_c02)" : {
        "AppCoordinates {com.bbn, test-service3, 1}" : {
          "DATARATE_TX" : 3.8540166204986176E-5,
          "DATARATE_RX" : 7.708033240997235E-5
        }
      },
      "(nodeK_c00, clientPoolL, nodeK_c00)" : {
        "AppCoordinates {com.bbn, test-service3, 1}" : {
          "DATARATE_TX" : 2.7790441176470532E-5,
          "DATARATE_RX" : 5.5580882352941064E-5
        }
      },
      "(nodeK_c01, clientPoolL, nodeK_c01)" : {
        "AppCoordinates {com.bbn, test-service3, 1}" : {
          "DATARATE_TX" : 2.3517441860465167E-5,
          "DATARATE_RX" : 4.7034883720930334E-5
        }
      },
      "(nodeC_c03, clientPoolL, nodeC_c03)" : {
        "AppCoordinates {com.bbn, test-service1, 1}" : {
          "DATARATE_TX" : 5.976177285318544E-5,
          "DATARATE_RX" : 1.1952354570637088E-4
        }
      }
    }
  },
  "containerReports" : {
    "nodeK_c01" : {
      "containerName" : {
        "name" : "nodeK_c01"
      },
      "timestamp" : 245489,
      "service" : {
        "group" : "com.bbn",
        "artifact" : "test-service3",
        "version" : "1"
      },
      "serviceStatus" : "RUNNING",
      "demandEstimationWindow" : "LONG",
      "computeCapacity" : {
        "CPU" : 1.0,
        "TASK_CONTAINERS" : 100.0,
        "QueueLength" : 1000000.0
      },
      "computeLoad" : {
        "UNKNOWN" : {
          "QueueLength" : 33.0,
          "TASK_CONTAINERS" : 16.5
        }
      },
      "computeDemand" : {
        "UNKNOWN" : {
          "QueueLength" : 42.91439688715953,
          "TASK_CONTAINERS" : 31.8757225433526
        }
      },
      "averageProcessingTime" : 120000.0,
      "networkCapacity" : {
        "interface-nodeK ( nodeK )" : {
          "DATARATE_TX" : 100.0,
          "DATARATE_RX" : 100.0
        }
      },
      "networkLoad" : {
        "interface-nodeK ( nodeK )" : {
          "(clientPoolL, nodeK_c01, nodeK_c01)" : {
            "AppCoordinates {com.bbn, test-service3, 1}" : {
              "DATARATE_TX" : 2.5999999999999995E-5,
              "DATARATE_RX" : 1.2999999999999998E-5
            }
          },
          "(clientPoolK, nodeK_c01, nodeK_c01)" : {
            "AppCoordinates {com.bbn, test-service3, 1}" : {
              "DATARATE_TX" : 4.0E-5,
              "DATARATE_RX" : 2.0E-5
            }
          }
        }
      },
      "networkDemand" : {
        "interface-nodeK ( nodeK )" : {
          "(clientPoolL, nodeK_c01, nodeK_c01)" : {
            "AppCoordinates {com.bbn, test-service3, 1}" : {
              "DATARATE_TX" : 4.7034883720930334E-5,
              "DATARATE_RX" : 2.3517441860465167E-5
            }
          },
          "(clientPoolK, nodeK_c01, nodeK_c01)" : {
            "AppCoordinates {com.bbn, test-service3, 1}" : {
              "DATARATE_TX" : 8.120930232558145E-5,
              "DATARATE_RX" : 4.060465116279073E-5
            }
          }
        }
      }
    }
  },
  "maximumServiceContainers" : 20,
  "allocatedServiceContainers" : 1,
  "computeDemand" : {
    "AppCoordinates {com.bbn, test-service3, 1}" : {
      "UNKNOWN" : {
        "QueueLength" : 42.91439688715953,
        "TASK_CONTAINERS" : 31.8757225433526
      }
    }
  },
  "containerNetworkLoad" : {
    "interface-nodeK ( nodeK )" : {
      "(clientPoolL, nodeK_c01, nodeK_c01)" : {
        "AppCoordinates {com.bbn, test-service3, 1}" : {
          "DATARATE_TX" : 2.5999999999999995E-5,
          "DATARATE_RX" : 1.2999999999999998E-5
        }
      },
      "(clientPoolK, nodeK_c01, nodeK_c01)" : {
        "AppCoordinates {com.bbn, test-service3, 1}" : {
          "DATARATE_TX" : 4.0E-5,
          "DATARATE_RX" : 2.0E-5
        }
      }
    }
  },
  "containerNetworkDemand" : {
    "interface-nodeK ( nodeK )" : {
      "(clientPoolL, nodeK_c01, nodeK_c01)" : {
        "AppCoordinates {com.bbn, test-service3, 1}" : {
          "DATARATE_TX" : 4.7034883720930334E-5,
          "DATARATE_RX" : 2.3517441860465167E-5
        }
      },
      "(clientPoolK, nodeK_c01, nodeK_c01)" : {
        "AppCoordinates {com.bbn, test-service3, 1}" : {
          "DATARATE_TX" : 8.120930232558145E-5,
          "DATARATE_RX" : 4.060465116279073E-5
        }
      }
    }
  },
  "computeLoad" : {
    "AppCoordinates {com.bbn, test-service3, 1}" : {
      "UNKNOWN" : {
        "QueueLength" : 33.0,
        "TASK_CONTAINERS" : 16.5
      }
    }
  },
  "allocatedComputeCapacity" : {
    "CPU" : 1.0,
    "QueueLength" : 1000000.0,
    "TASK_CONTAINERS" : 100.0
  },
  "availableServiceContainers" : 19,
  "averageProcessingTime" : {
    "AppCoordinates {com.bbn, test-service3, 1}" : 120000.0
  }
}