{
  "region" : {
    "name" : "E"
  },
  "minTimestamp" : 204976,
  "maxTimestamp" : 204976,
  "demandEstimationWindow" : "SHORT",
  "serverCapacity" : {
    "DISK" : 10.0,
    "MEMORY" : 8.0E9,
    "CPU" : 4.0,
    "TASK_CONTAINERS" : 20.0
  },
  "serverLoad" : {
    "AppCoordinates {com.bbn, test-service3, 1}" : {
      "unknown" : {
        "QueueLength" : 158.0,
        "TASK_CONTAINERS" : 79.0
      }
    }
  },
  "serverDemand" : {
    "AppCoordinates {com.bbn, test-service3, 1}" : {
      "unknown" : {
        "QueueLength" : 138.25,
        "TASK_CONTAINERS" : 69.125
      }
    }
  },
  "serverAverageProcessingTimeCount" : {
    "AppCoordinates {com.bbn, test-service3, 1}" : 1
  },
  "serverAverageProcessingTimeSum" : {
    "AppCoordinates {com.bbn, test-service3, 1}" : 120000.0
  },
  "networkCapacity" : {
    "A" : {
      "DATARATE_RX" : 100.0,
      "DATARATE_TX" : 100.0
    }
  },
  "networkLoad" : {
    "A" : {
      "(E, D, D)" : {
        "AppCoordinates {com.bbn, test-service3, 1}" : {
          "DATARATE_TX" : 7.199999999999999E-5,
          "DATARATE_RX" : 3.5999999999999994E-5
        },
        "AppCoordinates {com.bbn, test-service2, 1}" : {
          "DATARATE_TX" : 5.000000000000001E-5,
          "DATARATE_RX" : 2.5000000000000005E-5
        }
      },
      "(E, A, A)" : {
        "AppCoordinates {com.bbn, test-service3, 1}" : {
          "DATARATE_TX" : 1.4399999999999981E-4,
          "DATARATE_RX" : 7.199999999999991E-5
        },
        "AppCoordinates {com.bbn, test-service2, 1}" : {
          "DATARATE_TX" : 7.799999999999997E-5,
          "DATARATE_RX" : 3.8999999999999986E-5
        }
      },
      "(E, C, C)" : {
        "AppCoordinates {com.bbn, test-service3, 1}" : {
          "DATARATE_TX" : 6.599999999999999E-5,
          "DATARATE_RX" : 3.2999999999999996E-5
        },
        "AppCoordinates {com.bbn, test-service2, 1}" : {
          "DATARATE_TX" : 1.439999999999998E-4,
          "DATARATE_RX" : 7.19999999999999E-5
        },
        "AppCoordinates {com.bbn, test-service1, 1}" : {
          "DATARATE_TX" : 4.579999999999994E-4,
          "DATARATE_RX" : 2.289999999999997E-4
        }
      }
    }
  },
  "networkDemand" : {
    "A" : {
      "(E, D, D)" : {
        "AppCoordinates {com.bbn, test-service3, 1}" : {
          "DATARATE_TX" : 7.2E-5,
          "DATARATE_RX" : 3.6E-5
        },
        "AppCoordinates {com.bbn, test-service2, 1}" : {
          "DATARATE_TX" : 5.0000000000000016E-5,
          "DATARATE_RX" : 2.5000000000000008E-5
        }
      },
      "(E, A, A)" : {
        "AppCoordinates {com.bbn, test-service3, 1}" : {
          "DATARATE_TX" : 1.4399999999999981E-4,
          "DATARATE_RX" : 7.199999999999991E-5
        },
        "AppCoordinates {com.bbn, test-service2, 1}" : {
          "DATARATE_TX" : 7.799999999999996E-5,
          "DATARATE_RX" : 3.899999999999998E-5
        }
      },
      "(E, C, C)" : {
        "AppCoordinates {com.bbn, test-service3, 1}" : {
          "DATARATE_TX" : 6.599999999999998E-5,
          "DATARATE_RX" : 3.299999999999999E-5
        },
        "AppCoordinates {com.bbn, test-service2, 1}" : {
          "DATARATE_TX" : 1.439999999999998E-4,
          "DATARATE_RX" : 7.19999999999999E-5
        },
        "AppCoordinates {com.bbn, test-service1, 1}" : {
          "DATARATE_TX" : 4.579999999999994E-4,
          "DATARATE_RX" : 2.289999999999997E-4
        }
      }
    }
  },
  "maximumServiceContainers" : 20,
  "allocatedServiceContainers" : 2,
  "serverAverageProcessingTime" : {
    "AppCoordinates {com.bbn, test-service3, 1}" : 120000.0
  },
  "availableServiceContainers" : 18,
  "nullSummary" : false
}