672,2,DNS_UPDATE_SUCCEEDED
42278,84,RLG_PLAN_PUBLISHED
42287,84,DCOP_PLAN_PLUBLIED
42784,85,DNS_UPDATE_SUCCEEDED
462364,909,DCOP_PLAN_PLUBLIED
463579,912,RLG_PLAN_PUBLISHED
942549,1853,DCOP_PLAN_PLUBLIED
944977,1857,RLG_PLAN_PUBLISHED
945084,1858,DNS_UPDATE_SUCCEEDED
1062425,2086,DCOP_PLAN_PLUBLIED
1063506,2088,RLG_PLAN_PUBLISHED
1063664,2089,DNS_UPDATE_SUCCEEDED
1182791,2324,DCOP_PLAN_PLUBLIED
1183691,2326,RLG_PLAN_PUBLISHED
1183888,2327,DNS_UPDATE_SUCCEEDED
1186696,2332,RLG_PLAN_PUBLISHED
1542770,3035,DCOP_PLAN_PLUBLIED
1544366,3038,RLG_PLAN_PUBLISHED
1544878,3040,DNS_UPDATE_SUCCEEDED
1547376,3044,RLG_PLAN_PUBLISHED
1592502,3133,RLG_PLAN_PUBLISHED
1592721,3134,DNS_UPDATE_SUCCEEDED
1593231,3135,DNS_UPDATE_SUCCEEDED
1595511,3139,RLG_PLAN_PUBLISHED
1595784,3140,DNS_UPDATE_SUCCEEDED
