{
  "region" : {
    "name" : "H"
  },
  "timestamp" : 396620,
  "servicePlan" : {
    "nodeH" : [ {
      "id" : {
        "name" : "nodeH_c01"
      },
      "service" : {
        "group" : "com.bbn",
        "artifact" : "test-service3",
        "version" : "1"
      },
      "weight" : 1.0,
      "stopTrafficTo" : false,
      "stop" : false
    } ]
  },
  "overflowPlan" : {
    "AppCoordinates {com.bbn, test-service3, 1}" : {
      "C" : 0.9194569729305944,
      "J" : 0.0,
      "H" : 0.08054302706940564
    },
    "AppCoordinates {com.bbn, test-service2, 1}" : {
      "C" : 1.0,
      "J" : 0.0,
      "H" : 0.0
    },
    "AppCoordinates {com.bbn, test-service1, 1}" : {
      "C" : 1.0,
      "J" : 0.0,
      "H" : 0.0
    }
  }
}