{
  "region" : {
    "name" : "B"
  },
  "minTimestamp" : 254993,
  "maxTimestamp" : 254993,
  "demandEstimationWindow" : "LONG",
  "serverCapacity" : {
    "DISK" : 10.0,
    "MEMORY" : 8.0E9,
    "CPU" : 4.0,
    "TASK_CONTAINERS" : 20.0
  },
  "serverLoad" : {
    "AppCoordinates {com.bbn, test-service3, 1}" : {
      "unknown" : {
        "QueueLength" : 22.0,
        "TASK_CONTAINERS" : 11.0
      }
    }
  },
  "serverDemand" : {
    "AppCoordinates {com.bbn, test-service3, 1}" : {
      "unknown" : {
        "QueueLength" : 38.07749077490775,
        "TASK_CONTAINERS" : 26.73316062176166
      }
    }
  },
  "serverAverageProcessingTimeCount" : {
    "AppCoordinates {com.bbn, test-service3, 1}" : 1
  },
  "serverAverageProcessingTimeSum" : {
    "AppCoordinates {com.bbn, test-service3, 1}" : 120000.0
  },
  "networkCapacity" : {
    "C" : {
      "DATARATE_RX" : 100.0,
      "DATARATE_TX" : 100.0
    },
    "D" : {
      "DATARATE_RX" : 100.0,
      "DATARATE_TX" : 100.0
    },
    "E" : {
      "DATARATE_RX" : 100.0,
      "DATARATE_TX" : 100.0
    }
  },
  "networkLoad" : {
    "C" : { },
    "D" : {
      "(B, A, B)" : {
        "AppCoordinates {com.bbn, test-service3, 1}" : {
          "DATARATE_TX" : 1.0999999999999998E-5,
          "DATARATE_RX" : 2.1999999999999996E-5
        }
      },
      "(E, A, E)" : {
        "AppCoordinates {com.bbn, test-service3, 1}" : {
          "DATARATE_TX" : 2.769999999999997E-4,
          "DATARATE_RX" : 5.539999999999994E-4
        },
        "AppCoordinates {com.bbn, test-service2, 1}" : {
          "DATARATE_TX" : 6.699999999999992E-5,
          "DATARATE_RX" : 1.3399999999999984E-4
        },
        "AppCoordinates {com.bbn, test-service1, 1}" : {
          "DATARATE_TX" : -1.3976043629695956E-20,
          "DATARATE_RX" : -2.795208725939191E-20
        }
      }
    },
    "E" : {
      "(B, E, E)" : {
        "AppCoordinates {com.bbn, test-service3, 1}" : {
          "DATARATE_TX" : 6.019999999999993E-4,
          "DATARATE_RX" : 3.0099999999999967E-4
        },
        "AppCoordinates {com.bbn, test-service2, 1}" : {
          "DATARATE_TX" : 1.3399999999999984E-4,
          "DATARATE_RX" : 6.699999999999992E-5
        },
        "AppCoordinates {com.bbn, test-service1, 1}" : {
          "DATARATE_TX" : -3.134021904840911E-20,
          "DATARATE_RX" : -1.5670109524204556E-20
        }
      },
      "(A, E, E)" : {
        "AppCoordinates {com.bbn, test-service3, 1}" : {
          "DATARATE_TX" : 5.539999999999994E-4,
          "DATARATE_RX" : 2.769999999999997E-4
        },
        "AppCoordinates {com.bbn, test-service2, 1}" : {
          "DATARATE_TX" : 1.3399999999999984E-4,
          "DATARATE_RX" : 6.699999999999992E-5
        },
        "AppCoordinates {com.bbn, test-service1, 1}" : {
          "DATARATE_TX" : -2.795208725939191E-20,
          "DATARATE_RX" : -1.3976043629695956E-20
        }
      }
    }
  },
  "networkDemand" : {
    "C" : { },
    "D" : {
      "(B, A, B)" : {
        "AppCoordinates {com.bbn, test-service3, 1}" : {
          "DATARATE_TX" : 2.9535958904109525E-5,
          "DATARATE_RX" : 5.907191780821905E-5
        }
      },
      "(E, A, E)" : {
        "AppCoordinates {com.bbn, test-service3, 1}" : {
          "DATARATE_TX" : 1.4154475956585215E-4,
          "DATARATE_RX" : 2.830895191317043E-4
        },
        "AppCoordinates {com.bbn, test-service2, 1}" : {
          "DATARATE_TX" : 1.0368144044321289E-4,
          "DATARATE_RX" : 2.0736288088642578E-4
        },
        "AppCoordinates {com.bbn, test-service1, 1}" : {
          "DATARATE_TX" : 1.1519792663476848E-4,
          "DATARATE_RX" : 2.3039585326953697E-4
        }
      }
    },
    "E" : {
      "(B, E, E)" : {
        "AppCoordinates {com.bbn, test-service3, 1}" : {
          "DATARATE_TX" : 5.477003543505497E-4,
          "DATARATE_RX" : 2.7385017717527485E-4
        },
        "AppCoordinates {com.bbn, test-service2, 1}" : {
          "DATARATE_TX" : 1.9827700831024904E-4,
          "DATARATE_RX" : 9.913850415512452E-5
        },
        "AppCoordinates {com.bbn, test-service1, 1}" : {
          "DATARATE_TX" : 2.3177533786619637E-4,
          "DATARATE_RX" : 1.1588766893309819E-4
        }
      },
      "(A, E, E)" : {
        "AppCoordinates {com.bbn, test-service3, 1}" : {
          "DATARATE_TX" : 2.830895191317043E-4,
          "DATARATE_RX" : 1.4154475956585215E-4
        },
        "AppCoordinates {com.bbn, test-service2, 1}" : {
          "DATARATE_TX" : 2.0736288088642578E-4,
          "DATARATE_RX" : 1.0368144044321289E-4
        },
        "AppCoordinates {com.bbn, test-service1, 1}" : {
          "DATARATE_TX" : 2.3039585326953697E-4,
          "DATARATE_RX" : 1.1519792663476848E-4
        }
      }
    }
  },
  "maximumServiceContainers" : 20,
  "allocatedServiceContainers" : 1,
  "serverAverageProcessingTime" : {
    "AppCoordinates {com.bbn, test-service3, 1}" : 120000.0
  },
  "availableServiceContainers" : 19,
  "nullSummary" : false
}