{
  "region" : {
    "name" : "D"
  },
  "nodeResourceReports" : [ {
    "nodeName" : {
      "name" : "nodeD"
    },
    "timestamp" : 364988,
    "demandEstimationWindow" : "SHORT",
    "nodeComputeCapacity" : {
      "CPU" : 4.0,
      "MEMORY" : 8.0E9,
      "DISK" : 10.0,
      "TASK_CONTAINERS" : 20.0
    },
    "networkCapacity" : {
      "interface-nodeC ( nodeC )" : {
        "DATARATE_RX" : 100.0,
        "DATARATE_TX" : 100.0
      },
      "interface-nodeJ ( nodeJ )" : {
        "DATARATE_RX" : 100.0,
        "DATARATE_TX" : 100.0
      }
    },
    "networkLoad" : {
      "interface-nodeC ( nodeC )" : {
        "(clientPoolD, nodeC_c07, nodeC_c07)" : {
          "AppCoordinates {com.bbn, test-service3, 1}" : {
            "DATARATE_TX" : 7.999999999999997E-5,
            "DATARATE_RX" : 3.999999999999998E-5
          },
          "AppCoordinates {com.bbn, test-service2, 1}" : {
            "DATARATE_TX" : -7.623296525288703E-21,
            "DATARATE_RX" : -3.8116482626443515E-21
          }
        },
        "(clientPoolD, nodeC_c02, nodeC_c02)" : {
          "AppCoordinates {com.bbn, test-service3, 1}" : {
            "DATARATE_TX" : 7.199999999999999E-5,
            "DATARATE_RX" : 3.5999999999999994E-5
          }
        },
        "(clientPoolD, nodeC_c01, nodeC_c01)" : {
          "AppCoordinates {com.bbn, test-service3, 1}" : {
            "DATARATE_TX" : 8.199999999999996E-5,
            "DATARATE_RX" : 4.099999999999998E-5
          },
          "AppCoordinates {com.bbn, test-service2, 1}" : {
            "DATARATE_TX" : -7.623296525288703E-21,
            "DATARATE_RX" : -3.8116482626443515E-21
          }
        },
        "(clientPoolD, nodeC_c00, nodeC_c00)" : {
          "AppCoordinates {com.bbn, test-service3, 1}" : {
            "DATARATE_TX" : 9.799999999999992E-5,
            "DATARATE_RX" : 4.899999999999996E-5
          },
          "AppCoordinates {com.bbn, test-service1, 1}" : {
            "DATARATE_TX" : -7.623296525288703E-21,
            "DATARATE_RX" : -3.8116482626443515E-21
          }
        },
        "(clientPoolD, nodeC_c06, nodeC_c06)" : {
          "AppCoordinates {com.bbn, test-service2, 1}" : {
            "DATARATE_TX" : 1.3399999999999981E-4,
            "DATARATE_RX" : 6.699999999999991E-5
          }
        },
        "(clientPoolD, nodeC_c05, nodeC_c05)" : {
          "AppCoordinates {com.bbn, test-service3, 1}" : {
            "DATARATE_TX" : 7.999999999999997E-5,
            "DATARATE_RX" : 3.999999999999998E-5
          }
        },
        "(clientPoolD, nodeC_c04, nodeC_c04)" : {
          "AppCoordinates {com.bbn, test-service3, 1}" : {
            "DATARATE_TX" : 9.999999999999991E-5,
            "DATARATE_RX" : 4.9999999999999955E-5
          },
          "AppCoordinates {com.bbn, test-service1, 1}" : {
            "DATARATE_TX" : -7.623296525288703E-21,
            "DATARATE_RX" : -3.8116482626443515E-21
          }
        },
        "(clientPoolD, nodeC_c03, nodeC_c03)" : {
          "AppCoordinates {com.bbn, test-service1, 1}" : {
            "DATARATE_TX" : 1.399999999999998E-4,
            "DATARATE_RX" : 6.99999999999999E-5
          }
        }
      },
      "interface-nodeJ ( nodeJ )" : { }
    },
    "networkDemand" : {
      "interface-nodeC ( nodeC )" : {
        "(clientPoolD, nodeC_c07, nodeC_c07)" : {
          "AppCoordinates {com.bbn, test-service3, 1}" : {
            "DATARATE_TX" : 7.999999999999998E-5,
            "DATARATE_RX" : 3.999999999999999E-5
          },
          "AppCoordinates {com.bbn, test-service2, 1}" : {
            "DATARATE_TX" : -7.623296525288703E-21,
            "DATARATE_RX" : -3.8116482626443515E-21
          }
        },
        "(clientPoolD, nodeC_c02, nodeC_c02)" : {
          "AppCoordinates {com.bbn, test-service3, 1}" : {
            "DATARATE_TX" : 7.2E-5,
            "DATARATE_RX" : 3.6E-5
          }
        },
        "(clientPoolD, nodeC_c01, nodeC_c01)" : {
          "AppCoordinates {com.bbn, test-service3, 1}" : {
            "DATARATE_TX" : 8.199999999999995E-5,
            "DATARATE_RX" : 4.099999999999997E-5
          },
          "AppCoordinates {com.bbn, test-service2, 1}" : {
            "DATARATE_TX" : -7.623296525288703E-21,
            "DATARATE_RX" : -3.8116482626443515E-21
          }
        },
        "(clientPoolD, nodeC_c00, nodeC_c00)" : {
          "AppCoordinates {com.bbn, test-service3, 1}" : {
            "DATARATE_TX" : 9.79999999999999E-5,
            "DATARATE_RX" : 4.899999999999995E-5
          },
          "AppCoordinates {com.bbn, test-service1, 1}" : {
            "DATARATE_TX" : -7.623296525288703E-21,
            "DATARATE_RX" : -3.8116482626443515E-21
          }
        },
        "(clientPoolD, nodeC_c06, nodeC_c06)" : {
          "AppCoordinates {com.bbn, test-service2, 1}" : {
            "DATARATE_TX" : 1.3399999999999981E-4,
            "DATARATE_RX" : 6.699999999999991E-5
          }
        },
        "(clientPoolD, nodeC_c05, nodeC_c05)" : {
          "AppCoordinates {com.bbn, test-service3, 1}" : {
            "DATARATE_TX" : 7.999999999999998E-5,
            "DATARATE_RX" : 3.999999999999999E-5
          }
        },
        "(clientPoolD, nodeC_c04, nodeC_c04)" : {
          "AppCoordinates {com.bbn, test-service3, 1}" : {
            "DATARATE_TX" : 9.999999999999992E-5,
            "DATARATE_RX" : 4.999999999999996E-5
          },
          "AppCoordinates {com.bbn, test-service1, 1}" : {
            "DATARATE_TX" : -7.623296525288703E-21,
            "DATARATE_RX" : -3.8116482626443515E-21
          }
        },
        "(clientPoolD, nodeC_c03, nodeC_c03)" : {
          "AppCoordinates {com.bbn, test-service1, 1}" : {
            "DATARATE_TX" : 1.399999999999998E-4,
            "DATARATE_RX" : 6.99999999999999E-5
          }
        }
      },
      "interface-nodeJ ( nodeJ )" : { }
    },
    "containerReports" : {
      "nodeD_c01" : {
        "containerName" : {
          "name" : "nodeD_c01"
        },
        "timestamp" : 364988,
        "service" : {
          "group" : "com.bbn",
          "artifact" : "test-service3",
          "version" : "1"
        },
        "serviceStatus" : "RUNNING",
        "demandEstimationWindow" : "SHORT",
        "computeCapacity" : {
          "CPU" : 1.0,
          "TASK_CONTAINERS" : 100.0,
          "QueueLength" : 1000000.0
        },
        "computeLoad" : {
          "UNKNOWN" : {
            "QueueLength" : 32.0,
            "TASK_CONTAINERS" : 16.0
          }
        },
        "computeDemand" : {
          "UNKNOWN" : {
            "QueueLength" : 28.0,
            "TASK_CONTAINERS" : 14.0
          }
        },
        "averageProcessingTime" : 120000.0,
        "networkCapacity" : {
          "interface-nodeD ( nodeD )" : {
            "DATARATE_TX" : 100.0,
            "DATARATE_RX" : 100.0
          }
        },
        "networkLoad" : {
          "interface-nodeD ( nodeD )" : {
            "(clientPoolD, nodeD_c01, nodeD_c01)" : {
              "AppCoordinates {com.bbn, test-service3, 1}" : {
                "DATARATE_TX" : 6.400000000000001E-5,
                "DATARATE_RX" : 3.2000000000000005E-5
              }
            }
          }
        },
        "networkDemand" : {
          "interface-nodeD ( nodeD )" : {
            "(clientPoolD, nodeD_c01, nodeD_c01)" : {
              "AppCoordinates {com.bbn, test-service3, 1}" : {
                "DATARATE_TX" : 6.400000000000002E-5,
                "DATARATE_RX" : 3.200000000000001E-5
              }
            }
          }
        }
      }
    },
    "maximumServiceContainers" : 20,
    "allocatedServiceContainers" : 1,
    "computeDemand" : {
      "AppCoordinates {com.bbn, test-service3, 1}" : {
        "UNKNOWN" : {
          "QueueLength" : 28.0,
          "TASK_CONTAINERS" : 14.0
        }
      }
    },
    "containerNetworkLoad" : {
      "interface-nodeD ( nodeD )" : {
        "(clientPoolD, nodeD_c01, nodeD_c01)" : {
          "AppCoordinates {com.bbn, test-service3, 1}" : {
            "DATARATE_TX" : 6.400000000000001E-5,
            "DATARATE_RX" : 3.2000000000000005E-5
          }
        }
      }
    },
    "containerNetworkDemand" : {
      "interface-nodeD ( nodeD )" : {
        "(clientPoolD, nodeD_c01, nodeD_c01)" : {
          "AppCoordinates {com.bbn, test-service3, 1}" : {
            "DATARATE_TX" : 6.400000000000002E-5,
            "DATARATE_RX" : 3.200000000000001E-5
          }
        }
      }
    },
    "computeLoad" : {
      "AppCoordinates {com.bbn, test-service3, 1}" : {
        "UNKNOWN" : {
          "QueueLength" : 32.0,
          "TASK_CONTAINERS" : 16.0
        }
      }
    },
    "allocatedComputeCapacity" : {
      "CPU" : 1.0,
      "QueueLength" : 1000000.0,
      "TASK_CONTAINERS" : 100.0
    },
    "availableServiceContainers" : 19,
    "averageProcessingTime" : {
      "AppCoordinates {com.bbn, test-service3, 1}" : 120000.0
    }
  } ]
}