4802,1,DNS_UPDATE_SUCCEEDED
47765,84,DCOP_PLAN_PLUBLIED
47785,84,RLG_PLAN_PUBLISHED
48242,85,DNS_UPDATE_SUCCEEDED
228188,440,DCOP_PLAN_PLUBLIED
231070,446,RLG_PLAN_PUBLISHED
231516,447,DNS_UPDATE_SUCCEEDED
348024,673,DCOP_PLAN_PLUBLIED
348583,674,RLG_PLAN_PUBLISHED
348990,675,DNS_UPDATE_SUCCEEDED
587875,1117,DCOP_PLAN_PLUBLIED
589068,1119,RLG_PLAN_PUBLISHED
589408,1120,DNS_UPDATE_SUCCEEDED
708278,1345,DCOP_PLAN_PLUBLIED
710105,1349,RLG_PLAN_PUBLISHED
710530,1350,DNS_UPDATE_SUCCEEDED
4147,1,DNS_UPDATE_SUCCEEDED
47900,84,DCOP_PLAN_PLUBLIED
48160,85,RLG_PLAN_PUBLISHED
48609,86,DNS_UPDATE_SUCCEEDED
228435,424,DCOP_PLAN_PLUBLIED
231527,430,RLG_PLAN_PUBLISHED
232148,431,DNS_UPDATE_SUCCEEDED
234218,435,RLG_PLAN_PUBLISHED
290,1,DNS_UPDATE_SUCCEEDED
40964,82,DCOP_PLAN_PLUBLIED
40965,82,RLG_PLAN_PUBLISHED
41468,83,DNS_UPDATE_SUCCEEDED
221008,438,DCOP_PLAN_PLUBLIED
221248,438,RLG_PLAN_PUBLISHED
221271,439,DNS_UPDATE_SUCCEEDED
341287,676,DCOP_PLAN_PLUBLIED
341427,677,RLG_PLAN_PUBLISHED
341914,678,DNS_UPDATE_SUCCEEDED
