{
  "nodeName" : {
    "name" : "nodeA"
  },
  "timestamp" : 285999,
  "demandEstimationWindow" : "LONG",
  "nodeComputeCapacity" : {
    "CPU" : 4.0,
    "MEMORY" : 8.0E9,
    "DISK" : 10.0,
    "TASK_CONTAINERS" : 20.0
  },
  "networkCapacity" : {
    "interface-nodeI ( nodeI )" : {
      "DATARATE_RX" : 100.0,
      "DATARATE_TX" : 100.0
    },
    "interface-nodeG ( nodeG )" : {
      "DATARATE_RX" : 100.0,
      "DATARATE_TX" : 100.0
    },
    "interface-nodeJ ( nodeJ )" : {
      "DATARATE_RX" : 100.0,
      "DATARATE_TX" : 100.0
    }
  },
  "networkLoad" : {
    "interface-nodeI ( nodeI )" : {
      "(clientPoolA, nodeC_c07, nodeC_c07)" : {
        "AppCoordinates {com.bbn, test-service3, 1}" : {
          "DATARATE_TX" : 9.399999999999993E-5,
          "DATARATE_RX" : 4.699999999999996E-5
        },
        "AppCoordinates {com.bbn, test-service1, 1}" : {
          "DATARATE_TX" : -7.623296525288703E-21,
          "DATARATE_RX" : -3.8116482626443515E-21
        }
      },
      "(clientPoolA, nodeC_c06, nodeC_c06)" : {
        "AppCoordinates {com.bbn, test-service2, 1}" : {
          "DATARATE_TX" : 1.2599999999999986E-4,
          "DATARATE_RX" : 6.299999999999993E-5
        }
      },
      "(clientPoolA, nodeC_c05, nodeC_c05)" : {
        "AppCoordinates {com.bbn, test-service3, 1}" : {
          "DATARATE_TX" : 3.8E-5,
          "DATARATE_RX" : 1.9E-5
        }
      },
      "(clientPoolA, nodeC_c04, nodeC_c04)" : {
        "AppCoordinates {com.bbn, test-service3, 1}" : {
          "DATARATE_TX" : 1.1799999999999986E-4,
          "DATARATE_RX" : 5.899999999999993E-5
        },
        "AppCoordinates {com.bbn, test-service1, 1}" : {
          "DATARATE_TX" : -7.623296525288703E-21,
          "DATARATE_RX" : -3.8116482626443515E-21
        }
      },
      "(clientPoolA, nodeI_c00, nodeI_c00)" : {
        "AppCoordinates {com.bbn, test-service3, 1}" : {
          "DATARATE_TX" : 6.200000000000004E-5,
          "DATARATE_RX" : 3.100000000000002E-5
        }
      },
      "(clientPoolA, nodeC_c03, nodeC_c03)" : {
        "AppCoordinates {com.bbn, test-service3, 1}" : {
          "DATARATE_TX" : 1.019999999999999E-4,
          "DATARATE_RX" : 5.099999999999995E-5
        },
        "AppCoordinates {com.bbn, test-service1, 1}" : {
          "DATARATE_TX" : -7.623296525288703E-21,
          "DATARATE_RX" : -3.8116482626443515E-21
        }
      },
      "(clientPoolA, nodeC_c02, nodeC_c02)" : {
        "AppCoordinates {com.bbn, test-service3, 1}" : {
          "DATARATE_TX" : -7.623296525288703E-21,
          "DATARATE_RX" : -3.8116482626443515E-21
        },
        "AppCoordinates {com.bbn, test-service2, 1}" : {
          "DATARATE_TX" : 1.419999999999998E-4,
          "DATARATE_RX" : 7.09999999999999E-5
        }
      },
      "(clientPoolA, nodeC_c01, nodeC_c01)" : {
        "AppCoordinates {com.bbn, test-service3, 1}" : {
          "DATARATE_TX" : 6.0E-6,
          "DATARATE_RX" : 3.0E-6
        },
        "AppCoordinates {com.bbn, test-service2, 1}" : {
          "DATARATE_TX" : -7.623296525288703E-21,
          "DATARATE_RX" : -3.8116482626443515E-21
        }
      },
      "(clientPoolA, nodeC_c00, nodeC_c00)" : {
        "AppCoordinates {com.bbn, test-service1, 1}" : {
          "DATARATE_TX" : 1.3399999999999981E-4,
          "DATARATE_RX" : 6.699999999999991E-5
        }
      }
    },
    "interface-nodeG ( nodeG )" : {
      "(clientPoolA, nodeG_c00, nodeG_c00)" : {
        "AppCoordinates {com.bbn, test-service3, 1}" : {
          "DATARATE_TX" : 6.200000000000004E-5,
          "DATARATE_RX" : 3.100000000000002E-5
        }
      }
    },
    "interface-nodeJ ( nodeJ )" : {
      "(clientPoolA, nodeJ_c00, nodeJ_c00)" : {
        "AppCoordinates {com.bbn, test-service3, 1}" : {
          "DATARATE_TX" : 6.400000000000004E-5,
          "DATARATE_RX" : 3.200000000000002E-5
        }
      }
    }
  },
  "networkDemand" : {
    "interface-nodeJ ( nodeJ )" : {
      "(clientPoolA, nodeJ_c00, nodeJ_c00)" : {
        "AppCoordinates {com.bbn, test-service3, 1}" : {
          "DATARATE_TX" : 1.0905084745762707E-4,
          "DATARATE_RX" : 5.4525423728813536E-5
        }
      }
    },
    "interface-nodeI ( nodeI )" : {
      "(clientPoolA, nodeC_c07, nodeC_c07)" : {
        "AppCoordinates {com.bbn, test-service3, 1}" : {
          "DATARATE_TX" : 8.895575221238954E-5,
          "DATARATE_RX" : 4.447787610619477E-5
        },
        "AppCoordinates {com.bbn, test-service1, 1}" : {
          "DATARATE_TX" : 3.681666666666664E-5,
          "DATARATE_RX" : 1.840833333333332E-5
        }
      },
      "(clientPoolA, nodeC_c06, nodeC_c06)" : {
        "AppCoordinates {com.bbn, test-service2, 1}" : {
          "DATARATE_TX" : 1.3380000000000027E-4,
          "DATARATE_RX" : 6.690000000000014E-5
        }
      },
      "(clientPoolA, nodeC_c05, nodeC_c05)" : {
        "AppCoordinates {com.bbn, test-service3, 1}" : {
          "DATARATE_TX" : 3.2833333333333336E-5,
          "DATARATE_RX" : 1.6416666666666668E-5
        }
      },
      "(clientPoolA, nodeC_c04, nodeC_c04)" : {
        "AppCoordinates {com.bbn, test-service3, 1}" : {
          "DATARATE_TX" : 5.8314606741573045E-5,
          "DATARATE_RX" : 2.9157303370786522E-5
        },
        "AppCoordinates {com.bbn, test-service1, 1}" : {
          "DATARATE_TX" : -7.623296525288703E-21,
          "DATARATE_RX" : -3.8116482626443515E-21
        }
      },
      "(clientPoolA, nodeI_c00, nodeI_c00)" : {
        "AppCoordinates {com.bbn, test-service3, 1}" : {
          "DATARATE_TX" : 1.1253672316384171E-4,
          "DATARATE_RX" : 5.6268361581920855E-5
        }
      },
      "(clientPoolA, nodeC_c03, nodeC_c03)" : {
        "AppCoordinates {com.bbn, test-service3, 1}" : {
          "DATARATE_TX" : 6.237154150197622E-5,
          "DATARATE_RX" : 3.118577075098811E-5
        },
        "AppCoordinates {com.bbn, test-service1, 1}" : {
          "DATARATE_TX" : 3.759444444444445E-5,
          "DATARATE_RX" : 1.8797222222222225E-5
        }
      },
      "(clientPoolA, nodeC_c02, nodeC_c02)" : {
        "AppCoordinates {com.bbn, test-service3, 1}" : {
          "DATARATE_TX" : 1.5905555555555563E-5,
          "DATARATE_RX" : 7.952777777777782E-6
        },
        "AppCoordinates {com.bbn, test-service2, 1}" : {
          "DATARATE_TX" : 2.1964912280701755E-5,
          "DATARATE_RX" : 1.0982456140350877E-5
        }
      },
      "(clientPoolA, nodeC_c01, nodeC_c01)" : {
        "AppCoordinates {com.bbn, test-service3, 1}" : {
          "DATARATE_TX" : 6.0E-6,
          "DATARATE_RX" : 3.0E-6
        },
        "AppCoordinates {com.bbn, test-service2, 1}" : {
          "DATARATE_TX" : 4.116666666666673E-5,
          "DATARATE_RX" : 2.0583333333333364E-5
        }
      },
      "(clientPoolA, nodeC_c00, nodeC_c00)" : {
        "AppCoordinates {com.bbn, test-service1, 1}" : {
          "DATARATE_TX" : 8.961111111111068E-5,
          "DATARATE_RX" : 4.480555555555534E-5
        }
      }
    },
    "interface-nodeG ( nodeG )" : {
      "(clientPoolA, nodeG_c00, nodeG_c00)" : {
        "AppCoordinates {com.bbn, test-service3, 1}" : {
          "DATARATE_TX" : 1.1193785310734428E-4,
          "DATARATE_RX" : 5.596892655367214E-5
        }
      }
    }
  },
  "containerReports" : {
    "nodeA_c00" : {
      "containerName" : {
        "name" : "nodeA_c00"
      },
      "timestamp" : 285999,
      "service" : {
        "group" : "com.bbn",
        "artifact" : "test-service3",
        "version" : "1"
      },
      "serviceStatus" : "RUNNING",
      "demandEstimationWindow" : "LONG",
      "computeCapacity" : {
        "CPU" : 1.0,
        "TASK_CONTAINERS" : 100.0,
        "QueueLength" : 1000000.0
      },
      "computeLoad" : {
        "UNKNOWN" : {
          "QueueLength" : 32.0,
          "TASK_CONTAINERS" : 16.0
        }
      },
      "computeDemand" : {
        "UNKNOWN" : {
          "QueueLength" : 69.53781512605042,
          "TASK_CONTAINERS" : 34.96478873239437
        }
      },
      "averageProcessingTime" : 120000.0,
      "networkCapacity" : {
        "interface-nodeA ( nodeA )" : {
          "DATARATE_TX" : 100.0,
          "DATARATE_RX" : 100.0
        }
      },
      "networkLoad" : {
        "interface-nodeA ( nodeA )" : {
          "(clientPoolA, nodeA_c00, nodeA_c00)" : {
            "AppCoordinates {com.bbn, test-service3, 1}" : {
              "DATARATE_TX" : 6.400000000000004E-5,
              "DATARATE_RX" : 3.200000000000002E-5
            }
          }
        }
      },
      "networkDemand" : {
        "interface-nodeA ( nodeA )" : {
          "(clientPoolA, nodeA_c00, nodeA_c00)" : {
            "AppCoordinates {com.bbn, test-service3, 1}" : {
              "DATARATE_TX" : 1.4025423728813551E-4,
              "DATARATE_RX" : 7.012711864406776E-5
            }
          }
        }
      }
    }
  },
  "maximumServiceContainers" : 20,
  "allocatedServiceContainers" : 1,
  "computeDemand" : {
    "AppCoordinates {com.bbn, test-service3, 1}" : {
      "UNKNOWN" : {
        "QueueLength" : 69.53781512605042,
        "TASK_CONTAINERS" : 34.96478873239437
      }
    }
  },
  "containerNetworkLoad" : {
    "interface-nodeA ( nodeA )" : {
      "(clientPoolA, nodeA_c00, nodeA_c00)" : {
        "AppCoordinates {com.bbn, test-service3, 1}" : {
          "DATARATE_TX" : 6.400000000000004E-5,
          "DATARATE_RX" : 3.200000000000002E-5
        }
      }
    }
  },
  "containerNetworkDemand" : {
    "interface-nodeA ( nodeA )" : {
      "(clientPoolA, nodeA_c00, nodeA_c00)" : {
        "AppCoordinates {com.bbn, test-service3, 1}" : {
          "DATARATE_TX" : 1.4025423728813551E-4,
          "DATARATE_RX" : 7.012711864406776E-5
        }
      }
    }
  },
  "computeLoad" : {
    "AppCoordinates {com.bbn, test-service3, 1}" : {
      "UNKNOWN" : {
        "QueueLength" : 32.0,
        "TASK_CONTAINERS" : 16.0
      }
    }
  },
  "availableServiceContainers" : 19,
  "averageProcessingTime" : {
    "AppCoordinates {com.bbn, test-service3, 1}" : 120000.0
  },
  "allocatedComputeCapacity" : {
    "CPU" : 1.0,
    "QueueLength" : 1000000.0,
    "TASK_CONTAINERS" : 100.0
  }
}