{
  "region" : {
    "name" : "O"
  },
  "minTimestamp" : 358496,
  "maxTimestamp" : 358496,
  "demandEstimationWindow" : "LONG",
  "serverCapacity" : {
    "DISK" : 10.0,
    "MEMORY" : 1.6E10,
    "CPU" : 8.0,
    "TASK_CONTAINERS" : 8.0
  },
  "serverLoad" : {
    "AppCoordinates {com.bbn, test-service3, 1}" : {
      "unknown" : {
        "QueueLength" : 400.0,
        "TASK_CONTAINERS" : 200.0
      }
    },
    "AppCoordinates {com.bbn, test-service2, 1}" : {
      "unknown" : {
        "QueueLength" : 400.0,
        "TASK_CONTAINERS" : 200.0
      }
    },
    "AppCoordinates {com.bbn, test-service1, 1}" : {
      "unknown" : {
        "QueueLength" : 400.0,
        "TASK_CONTAINERS" : 200.0
      }
    }
  },
  "serverDemand" : {
    "AppCoordinates {com.bbn, test-service3, 1}" : {
      "unknown" : {
        "QueueLength" : 230.27080917627265,
        "TASK_CONTAINERS" : 115.48140803741316
      }
    },
    "AppCoordinates {com.bbn, test-service2, 1}" : {
      "unknown" : {
        "QueueLength" : 339.03867403314916,
        "TASK_CONTAINERS" : 192.2108390635558
      }
    },
    "AppCoordinates {com.bbn, test-service1, 1}" : {
      "unknown" : {
        "QueueLength" : 352.2850957965817,
        "TASK_CONTAINERS" : 177.71998685075607
      }
    }
  },
  "serverAverageProcessingTimeCount" : {
    "AppCoordinates {com.bbn, test-service3, 1}" : 1,
    "AppCoordinates {com.bbn, test-service2, 1}" : 1,
    "AppCoordinates {com.bbn, test-service1, 1}" : 1
  },
  "serverAverageProcessingTimeSum" : {
    "AppCoordinates {com.bbn, test-service3, 1}" : 120000.0,
    "AppCoordinates {com.bbn, test-service2, 1}" : 120000.0,
    "AppCoordinates {com.bbn, test-service1, 1}" : 120000.0
  },
  "networkCapacity" : {
    "A" : {
      "DATARATE_RX" : 100.0,
      "DATARATE_TX" : 100.0
    },
    "B" : {
      "DATARATE_RX" : 100.0,
      "DATARATE_TX" : 100.0
    },
    "G" : {
      "DATARATE_RX" : 100.0,
      "DATARATE_TX" : 100.0
    },
    "H" : {
      "DATARATE_RX" : 100.0,
      "DATARATE_TX" : 100.0
    },
    "I" : {
      "DATARATE_RX" : 100.0,
      "DATARATE_TX" : 100.0
    },
    "K" : {
      "DATARATE_RX" : 100.0,
      "DATARATE_TX" : 100.0
    },
    "L" : {
      "DATARATE_RX" : 100.0,
      "DATARATE_TX" : 100.0
    },
    "N" : {
      "DATARATE_RX" : 100.0,
      "DATARATE_TX" : 100.0
    }
  },
  "networkLoad" : {
    "A" : { },
    "B" : { },
    "G" : {
      "(O, J, O)" : {
        "AppCoordinates {com.bbn, test-service3, 1}" : {
          "DATARATE_TX" : 1.1699999999999986E-4,
          "DATARATE_RX" : 2.3399999999999972E-4
        },
        "AppCoordinates {com.bbn, test-service2, 1}" : {
          "DATARATE_TX" : 1.9899999999999974E-4,
          "DATARATE_RX" : 3.979999999999995E-4
        },
        "AppCoordinates {com.bbn, test-service1, 1}" : {
          "DATARATE_TX" : 1.7799999999999977E-4,
          "DATARATE_RX" : 3.5599999999999955E-4
        }
      }
    },
    "H" : { },
    "I" : {
      "(O, I, O)" : {
        "AppCoordinates {com.bbn, test-service3, 1}" : {
          "DATARATE_TX" : 1.2899999999999983E-4,
          "DATARATE_RX" : 2.5799999999999966E-4
        },
        "AppCoordinates {com.bbn, test-service2, 1}" : {
          "DATARATE_TX" : 2.0699999999999972E-4,
          "DATARATE_RX" : 4.1399999999999944E-4
        },
        "AppCoordinates {com.bbn, test-service1, 1}" : {
          "DATARATE_TX" : 1.809999999999998E-4,
          "DATARATE_RX" : 3.619999999999996E-4
        }
      }
    },
    "K" : {
      "(O, K, O)" : {
        "AppCoordinates {com.bbn, test-service3, 1}" : {
          "DATARATE_TX" : 1.5399999999999976E-4,
          "DATARATE_RX" : 3.079999999999995E-4
        },
        "AppCoordinates {com.bbn, test-service2, 1}" : {
          "DATARATE_TX" : 1.9399999999999973E-4,
          "DATARATE_RX" : 3.8799999999999946E-4
        },
        "AppCoordinates {com.bbn, test-service1, 1}" : {
          "DATARATE_TX" : 1.789999999999998E-4,
          "DATARATE_RX" : 3.579999999999996E-4
        }
      }
    },
    "L" : { },
    "N" : { }
  },
  "networkDemand" : {
    "A" : { },
    "B" : { },
    "G" : {
      "(O, J, O)" : {
        "AppCoordinates {com.bbn, test-service3, 1}" : {
          "DATARATE_TX" : 8.744621421975973E-5,
          "DATARATE_RX" : 1.7489242843951946E-4
        },
        "AppCoordinates {com.bbn, test-service2, 1}" : {
          "DATARATE_TX" : 1.569222176665297E-4,
          "DATARATE_RX" : 3.138444353330594E-4
        },
        "AppCoordinates {com.bbn, test-service1, 1}" : {
          "DATARATE_TX" : 1.4580109414424476E-4,
          "DATARATE_RX" : 2.916021882884895E-4
        }
      }
    },
    "H" : { },
    "I" : {
      "(O, I, O)" : {
        "AppCoordinates {com.bbn, test-service3, 1}" : {
          "DATARATE_TX" : 1.284032317636198E-4,
          "DATARATE_RX" : 2.568064635272396E-4
        },
        "AppCoordinates {com.bbn, test-service2, 1}" : {
          "DATARATE_TX" : 1.6847692430772907E-4,
          "DATARATE_RX" : 3.3695384861545815E-4
        },
        "AppCoordinates {com.bbn, test-service1, 1}" : {
          "DATARATE_TX" : 1.5099019282556185E-4,
          "DATARATE_RX" : 3.019803856511237E-4
        }
      }
    },
    "K" : {
      "(O, K, O)" : {
        "AppCoordinates {com.bbn, test-service3, 1}" : {
          "DATARATE_TX" : 5.061341951369653E-5,
          "DATARATE_RX" : 1.0122683902739306E-4
        },
        "AppCoordinates {com.bbn, test-service2, 1}" : {
          "DATARATE_TX" : 1.4471701151034524E-4,
          "DATARATE_RX" : 2.894340230206905E-4
        },
        "AppCoordinates {com.bbn, test-service1, 1}" : {
          "DATARATE_TX" : 1.4709773995169684E-4,
          "DATARATE_RX" : 2.941954799033937E-4
        }
      }
    },
    "L" : { },
    "N" : { }
  },
  "maximumServiceContainers" : 8,
  "allocatedServiceContainers" : 8,
  "serverAverageProcessingTime" : {
    "AppCoordinates {com.bbn, test-service3, 1}" : 120000.0,
    "AppCoordinates {com.bbn, test-service2, 1}" : 120000.0,
    "AppCoordinates {com.bbn, test-service1, 1}" : 120000.0
  },
  "availableServiceContainers" : 0,
  "nullSummary" : false
}