{
  "nodeName" : {
    "name" : "nodeO"
  },
  "timestamp" : 358496,
  "demandEstimationWindow" : "LONG",
  "nodeComputeCapacity" : {
    "CPU" : 8.0,
    "MEMORY" : 1.6E10,
    "DISK" : 10.0,
    "TASK_CONTAINERS" : 8.0
  },
  "networkCapacity" : {
    "interface-nodeB ( nodeB )" : {
      "DATARATE_RX" : 100.0,
      "DATARATE_TX" : 100.0
    },
    "interface-nodeH ( nodeH )" : {
      "DATARATE_RX" : 100.0,
      "DATARATE_TX" : 100.0
    },
    "interface-nodeI ( nodeI )" : {
      "DATARATE_RX" : 100.0,
      "DATARATE_TX" : 100.0
    },
    "interface-nodeG ( nodeG )" : {
      "DATARATE_RX" : 100.0,
      "DATARATE_TX" : 100.0
    },
    "interface-nodeL ( nodeL )" : {
      "DATARATE_RX" : 100.0,
      "DATARATE_TX" : 100.0
    },
    "interface-nodeK ( nodeK )" : {
      "DATARATE_RX" : 100.0,
      "DATARATE_TX" : 100.0
    },
    "interface-nodeA ( nodeA )" : {
      "DATARATE_RX" : 100.0,
      "DATARATE_TX" : 100.0
    },
    "interface-nodeN ( nodeN )" : {
      "DATARATE_RX" : 100.0,
      "DATARATE_TX" : 100.0
    }
  },
  "networkLoad" : {
    "interface-nodeB ( nodeB )" : { },
    "interface-nodeH ( nodeH )" : { },
    "interface-nodeI ( nodeI )" : {
      "(nodeO_c07, clientPoolI, nodeO_c07)" : {
        "AppCoordinates {com.bbn, test-service2, 1}" : {
          "DATARATE_TX" : 6.699999999999991E-5,
          "DATARATE_RX" : 1.3399999999999981E-4
        }
      },
      "(nodeO_c03, clientPoolI, nodeO_c03)" : {
        "AppCoordinates {com.bbn, test-service1, 1}" : {
          "DATARATE_TX" : 6.399999999999992E-5,
          "DATARATE_RX" : 1.2799999999999983E-4
        }
      },
      "(nodeO_c04, clientPoolI, nodeO_c04)" : {
        "AppCoordinates {com.bbn, test-service3, 1}" : {
          "DATARATE_TX" : 1.2705494208814505E-21,
          "DATARATE_RX" : 2.541098841762901E-21
        },
        "AppCoordinates {com.bbn, test-service2, 1}" : {
          "DATARATE_TX" : 6.89999999999999E-5,
          "DATARATE_RX" : 1.379999999999998E-4
        },
        "AppCoordinates {com.bbn, test-service1, 1}" : {
          "DATARATE_TX" : -3.8116482626443515E-21,
          "DATARATE_RX" : -7.623296525288703E-21
        }
      },
      "(nodeO_c05, clientPoolI, nodeO_c05)" : {
        "AppCoordinates {com.bbn, test-service3, 1}" : {
          "DATARATE_TX" : -3.8116482626443515E-21,
          "DATARATE_RX" : -7.623296525288703E-21
        },
        "AppCoordinates {com.bbn, test-service2, 1}" : {
          "DATARATE_TX" : 7.09999999999999E-5,
          "DATARATE_RX" : 1.419999999999998E-4
        }
      },
      "(nodeO_c06, clientPoolI, nodeO_c06)" : {
        "AppCoordinates {com.bbn, test-service1, 1}" : {
          "DATARATE_TX" : 5.099999999999995E-5,
          "DATARATE_RX" : 1.019999999999999E-4
        }
      },
      "(nodeO_c00, clientPoolI, nodeO_c00)" : {
        "AppCoordinates {com.bbn, test-service3, 1}" : {
          "DATARATE_TX" : 6.299999999999992E-5,
          "DATARATE_RX" : 1.2599999999999984E-4
        },
        "AppCoordinates {com.bbn, test-service1, 1}" : {
          "DATARATE_TX" : -3.8116482626443515E-21,
          "DATARATE_RX" : -7.623296525288703E-21
        }
      },
      "(nodeO_c01, clientPoolI, nodeO_c01)" : {
        "AppCoordinates {com.bbn, test-service2, 1}" : {
          "DATARATE_TX" : -3.8116482626443515E-21,
          "DATARATE_RX" : -7.623296525288703E-21
        },
        "AppCoordinates {com.bbn, test-service1, 1}" : {
          "DATARATE_TX" : 6.599999999999991E-5,
          "DATARATE_RX" : 1.3199999999999982E-4
        }
      },
      "(nodeO_c02, clientPoolI, nodeO_c02)" : {
        "AppCoordinates {com.bbn, test-service3, 1}" : {
          "DATARATE_TX" : 6.599999999999992E-5,
          "DATARATE_RX" : 1.3199999999999985E-4
        }
      }
    },
    "interface-nodeG ( nodeG )" : {
      "(nodeO_c04, clientPoolJ, nodeO_c04)" : {
        "AppCoordinates {com.bbn, test-service2, 1}" : {
          "DATARATE_TX" : 6.199999999999992E-5,
          "DATARATE_RX" : 1.2399999999999984E-4
        },
        "AppCoordinates {com.bbn, test-service1, 1}" : {
          "DATARATE_TX" : -3.8116482626443515E-21,
          "DATARATE_RX" : -7.623296525288703E-21
        }
      },
      "(nodeO_c05, clientPoolJ, nodeO_c05)" : {
        "AppCoordinates {com.bbn, test-service3, 1}" : {
          "DATARATE_TX" : -3.8116482626443515E-21,
          "DATARATE_RX" : -7.623296525288703E-21
        },
        "AppCoordinates {com.bbn, test-service2, 1}" : {
          "DATARATE_TX" : 6.299999999999992E-5,
          "DATARATE_RX" : 1.2599999999999984E-4
        }
      },
      "(nodeO_c06, clientPoolJ, nodeO_c06)" : {
        "AppCoordinates {com.bbn, test-service1, 1}" : {
          "DATARATE_TX" : 4.2999999999999975E-5,
          "DATARATE_RX" : 8.599999999999995E-5
        }
      },
      "(nodeO_c07, clientPoolJ, nodeO_c07)" : {
        "AppCoordinates {com.bbn, test-service2, 1}" : {
          "DATARATE_TX" : 7.399999999999989E-5,
          "DATARATE_RX" : 1.4799999999999978E-4
        }
      },
      "(nodeO_c00, clientPoolJ, nodeO_c00)" : {
        "AppCoordinates {com.bbn, test-service3, 1}" : {
          "DATARATE_TX" : 6.399999999999992E-5,
          "DATARATE_RX" : 1.2799999999999983E-4
        },
        "AppCoordinates {com.bbn, test-service1, 1}" : {
          "DATARATE_TX" : -3.8116482626443515E-21,
          "DATARATE_RX" : -7.623296525288703E-21
        }
      },
      "(nodeO_c01, clientPoolJ, nodeO_c01)" : {
        "AppCoordinates {com.bbn, test-service2, 1}" : {
          "DATARATE_TX" : -3.8116482626443515E-21,
          "DATARATE_RX" : -7.623296525288703E-21
        },
        "AppCoordinates {com.bbn, test-service1, 1}" : {
          "DATARATE_TX" : 6.599999999999991E-5,
          "DATARATE_RX" : 1.3199999999999982E-4
        }
      },
      "(nodeO_c02, clientPoolJ, nodeO_c02)" : {
        "AppCoordinates {com.bbn, test-service3, 1}" : {
          "DATARATE_TX" : 5.2999999999999947E-5,
          "DATARATE_RX" : 1.0599999999999989E-4
        }
      },
      "(nodeO_c03, clientPoolJ, nodeO_c03)" : {
        "AppCoordinates {com.bbn, test-service1, 1}" : {
          "DATARATE_TX" : 6.89999999999999E-5,
          "DATARATE_RX" : 1.379999999999998E-4
        }
      }
    },
    "interface-nodeL ( nodeL )" : { },
    "interface-nodeK ( nodeK )" : {
      "(nodeO_c05, clientPoolK, nodeO_c05)" : {
        "AppCoordinates {com.bbn, test-service3, 1}" : {
          "DATARATE_TX" : -3.8116482626443515E-21,
          "DATARATE_RX" : -7.623296525288703E-21
        },
        "AppCoordinates {com.bbn, test-service2, 1}" : {
          "DATARATE_TX" : 6.599999999999991E-5,
          "DATARATE_RX" : 1.3199999999999982E-4
        }
      },
      "(nodeO_c06, clientPoolK, nodeO_c06)" : {
        "AppCoordinates {com.bbn, test-service1, 1}" : {
          "DATARATE_TX" : 4.399999999999997E-5,
          "DATARATE_RX" : 8.799999999999994E-5
        }
      },
      "(nodeO_c07, clientPoolK, nodeO_c07)" : {
        "AppCoordinates {com.bbn, test-service2, 1}" : {
          "DATARATE_TX" : 5.899999999999993E-5,
          "DATARATE_RX" : 1.1799999999999986E-4
        }
      },
      "(nodeO_c01, clientPoolK, nodeO_c01)" : {
        "AppCoordinates {com.bbn, test-service2, 1}" : {
          "DATARATE_TX" : -3.8116482626443515E-21,
          "DATARATE_RX" : -7.623296525288703E-21
        },
        "AppCoordinates {com.bbn, test-service1, 1}" : {
          "DATARATE_TX" : 6.79999999999999E-5,
          "DATARATE_RX" : 1.359999999999998E-4
        }
      },
      "(nodeO_c02, clientPoolK, nodeO_c02)" : {
        "AppCoordinates {com.bbn, test-service3, 1}" : {
          "DATARATE_TX" : 8.099999999999987E-5,
          "DATARATE_RX" : 1.6199999999999974E-4
        }
      },
      "(nodeO_c03, clientPoolK, nodeO_c03)" : {
        "AppCoordinates {com.bbn, test-service1, 1}" : {
          "DATARATE_TX" : 6.699999999999991E-5,
          "DATARATE_RX" : 1.3399999999999981E-4
        }
      },
      "(nodeO_c04, clientPoolK, nodeO_c04)" : {
        "AppCoordinates {com.bbn, test-service2, 1}" : {
          "DATARATE_TX" : 6.89999999999999E-5,
          "DATARATE_RX" : 1.379999999999998E-4
        },
        "AppCoordinates {com.bbn, test-service1, 1}" : {
          "DATARATE_TX" : -3.8116482626443515E-21,
          "DATARATE_RX" : -7.623296525288703E-21
        }
      },
      "(nodeO_c00, clientPoolK, nodeO_c00)" : {
        "AppCoordinates {com.bbn, test-service3, 1}" : {
          "DATARATE_TX" : 7.299999999999989E-5,
          "DATARATE_RX" : 1.4599999999999978E-4
        },
        "AppCoordinates {com.bbn, test-service1, 1}" : {
          "DATARATE_TX" : -3.8116482626443515E-21,
          "DATARATE_RX" : -7.623296525288703E-21
        }
      }
    },
    "interface-nodeA ( nodeA )" : { },
    "interface-nodeN ( nodeN )" : { }
  },
  "networkDemand" : {
    "interface-nodeB ( nodeB )" : { },
    "interface-nodeA ( nodeA )" : { },
    "interface-nodeN ( nodeN )" : { },
    "interface-nodeL ( nodeL )" : { },
    "interface-nodeK ( nodeK )" : {
      "(nodeO_c05, clientPoolK, nodeO_c05)" : {
        "AppCoordinates {com.bbn, test-service3, 1}" : {
          "DATARATE_TX" : -3.8116482626443515E-21,
          "DATARATE_RX" : -7.623296525288703E-21
        },
        "AppCoordinates {com.bbn, test-service2, 1}" : {
          "DATARATE_TX" : 5.737906137184121E-5,
          "DATARATE_RX" : 1.1475812274368242E-4
        }
      },
      "(nodeO_c06, clientPoolK, nodeO_c06)" : {
        "AppCoordinates {com.bbn, test-service1, 1}" : {
          "DATARATE_TX" : 4.194736842105263E-5,
          "DATARATE_RX" : 8.389473684210526E-5
        }
      },
      "(nodeO_c07, clientPoolK, nodeO_c07)" : {
        "AppCoordinates {com.bbn, test-service2, 1}" : {
          "DATARATE_TX" : 2.5257617728531825E-5,
          "DATARATE_RX" : 5.051523545706365E-5
        }
      },
      "(nodeO_c01, clientPoolK, nodeO_c01)" : {
        "AppCoordinates {com.bbn, test-service2, 1}" : {
          "DATARATE_TX" : -3.8116482626443515E-21,
          "DATARATE_RX" : -7.623296525288703E-21
        },
        "AppCoordinates {com.bbn, test-service1, 1}" : {
          "DATARATE_TX" : 5.414206128133682E-5,
          "DATARATE_RX" : 1.0828412256267364E-4
        }
      },
      "(nodeO_c02, clientPoolK, nodeO_c02)" : {
        "AppCoordinates {com.bbn, test-service3, 1}" : {
          "DATARATE_TX" : 1.3168975069252137E-5,
          "DATARATE_RX" : 2.6337950138504274E-5
        }
      },
      "(nodeO_c03, clientPoolK, nodeO_c03)" : {
        "AppCoordinates {com.bbn, test-service1, 1}" : {
          "DATARATE_TX" : 5.100831024930741E-5,
          "DATARATE_RX" : 1.0201662049861482E-4
        }
      },
      "(nodeO_c04, clientPoolK, nodeO_c04)" : {
        "AppCoordinates {com.bbn, test-service2, 1}" : {
          "DATARATE_TX" : 6.208033240997219E-5,
          "DATARATE_RX" : 1.2416066481994438E-4
        },
        "AppCoordinates {com.bbn, test-service1, 1}" : {
          "DATARATE_TX" : -3.8116482626443515E-21,
          "DATARATE_RX" : -7.623296525288703E-21
        }
      },
      "(nodeO_c00, clientPoolK, nodeO_c00)" : {
        "AppCoordinates {com.bbn, test-service3, 1}" : {
          "DATARATE_TX" : 3.74444444444444E-5,
          "DATARATE_RX" : 7.48888888888888E-5
        },
        "AppCoordinates {com.bbn, test-service1, 1}" : {
          "DATARATE_TX" : -3.8116482626443515E-21,
          "DATARATE_RX" : -7.623296525288703E-21
        }
      }
    },
    "interface-nodeI ( nodeI )" : {
      "(nodeO_c07, clientPoolI, nodeO_c07)" : {
        "AppCoordinates {com.bbn, test-service2, 1}" : {
          "DATARATE_TX" : 2.8506925207756184E-5,
          "DATARATE_RX" : 5.701385041551237E-5
        }
      },
      "(nodeO_c03, clientPoolI, nodeO_c03)" : {
        "AppCoordinates {com.bbn, test-service1, 1}" : {
          "DATARATE_TX" : 4.935457063711892E-5,
          "DATARATE_RX" : 9.870914127423784E-5
        }
      },
      "(nodeO_c04, clientPoolI, nodeO_c04)" : {
        "AppCoordinates {com.bbn, test-service3, 1}" : {
          "DATARATE_TX" : 1.2705494208814505E-21,
          "DATARATE_RX" : 2.541098841762901E-21
        },
        "AppCoordinates {com.bbn, test-service2, 1}" : {
          "DATARATE_TX" : 6.667036011080306E-5,
          "DATARATE_RX" : 1.3334072022160612E-4
        },
        "AppCoordinates {com.bbn, test-service1, 1}" : {
          "DATARATE_TX" : -3.8116482626443515E-21,
          "DATARATE_RX" : -7.623296525288703E-21
        }
      },
      "(nodeO_c05, clientPoolI, nodeO_c05)" : {
        "AppCoordinates {com.bbn, test-service3, 1}" : {
          "DATARATE_TX" : 2.770083102492709E-8,
          "DATARATE_RX" : 5.540166204985418E-8
        },
        "AppCoordinates {com.bbn, test-service2, 1}" : {
          "DATARATE_TX" : 7.329963898916982E-5,
          "DATARATE_RX" : 1.4659927797833964E-4
        }
      },
      "(nodeO_c06, clientPoolI, nodeO_c06)" : {
        "AppCoordinates {com.bbn, test-service1, 1}" : {
          "DATARATE_TX" : 4.490581717451533E-5,
          "DATARATE_RX" : 8.981163434903066E-5
        }
      },
      "(nodeO_c00, clientPoolI, nodeO_c00)" : {
        "AppCoordinates {com.bbn, test-service3, 1}" : {
          "DATARATE_TX" : 4.456666666666671E-5,
          "DATARATE_RX" : 8.913333333333342E-5
        },
        "AppCoordinates {com.bbn, test-service1, 1}" : {
          "DATARATE_TX" : -3.8116482626443515E-21,
          "DATARATE_RX" : -7.623296525288703E-21
        }
      },
      "(nodeO_c01, clientPoolI, nodeO_c01)" : {
        "AppCoordinates {com.bbn, test-service2, 1}" : {
          "DATARATE_TX" : -3.8116482626443515E-21,
          "DATARATE_RX" : -7.623296525288703E-21
        },
        "AppCoordinates {com.bbn, test-service1, 1}" : {
          "DATARATE_TX" : 5.67298050139276E-5,
          "DATARATE_RX" : 1.134596100278552E-4
        }
      },
      "(nodeO_c02, clientPoolI, nodeO_c02)" : {
        "AppCoordinates {com.bbn, test-service3, 1}" : {
          "DATARATE_TX" : 8.380886426592816E-5,
          "DATARATE_RX" : 1.6761772853185632E-4
        }
      }
    },
    "interface-nodeH ( nodeH )" : { },
    "interface-nodeG ( nodeG )" : {
      "(nodeO_c04, clientPoolJ, nodeO_c04)" : {
        "AppCoordinates {com.bbn, test-service2, 1}" : {
          "DATARATE_TX" : 6.067590027700822E-5,
          "DATARATE_RX" : 1.2135180055401644E-4
        },
        "AppCoordinates {com.bbn, test-service1, 1}" : {
          "DATARATE_TX" : -3.8116482626443515E-21,
          "DATARATE_RX" : -7.623296525288703E-21
        }
      },
      "(nodeO_c05, clientPoolJ, nodeO_c05)" : {
        "AppCoordinates {com.bbn, test-service3, 1}" : {
          "DATARATE_TX" : -3.8116482626443515E-21,
          "DATARATE_RX" : -7.623296525288703E-21
        },
        "AppCoordinates {com.bbn, test-service2, 1}" : {
          "DATARATE_TX" : 6.568953068592046E-5,
          "DATARATE_RX" : 1.3137906137184092E-4
        }
      },
      "(nodeO_c06, clientPoolJ, nodeO_c06)" : {
        "AppCoordinates {com.bbn, test-service1, 1}" : {
          "DATARATE_TX" : 4.3016620498614834E-5,
          "DATARATE_RX" : 8.603324099722967E-5
        }
      },
      "(nodeO_c07, clientPoolJ, nodeO_c07)" : {
        "AppCoordinates {com.bbn, test-service2, 1}" : {
          "DATARATE_TX" : 3.055678670360102E-5,
          "DATARATE_RX" : 6.111357340720205E-5
        }
      },
      "(nodeO_c00, clientPoolJ, nodeO_c00)" : {
        "AppCoordinates {com.bbn, test-service3, 1}" : {
          "DATARATE_TX" : 3.708333333333326E-5,
          "DATARATE_RX" : 7.416666666666651E-5
        },
        "AppCoordinates {com.bbn, test-service1, 1}" : {
          "DATARATE_TX" : -3.8116482626443515E-21,
          "DATARATE_RX" : -7.623296525288703E-21
        }
      },
      "(nodeO_c01, clientPoolJ, nodeO_c01)" : {
        "AppCoordinates {com.bbn, test-service2, 1}" : {
          "DATARATE_TX" : -3.8116482626443515E-21,
          "DATARATE_RX" : -7.623296525288703E-21
        },
        "AppCoordinates {com.bbn, test-service1, 1}" : {
          "DATARATE_TX" : 5.2097493036211703E-5,
          "DATARATE_RX" : 1.0419498607242341E-4
        }
      },
      "(nodeO_c02, clientPoolJ, nodeO_c02)" : {
        "AppCoordinates {com.bbn, test-service3, 1}" : {
          "DATARATE_TX" : 5.036288088642648E-5,
          "DATARATE_RX" : 1.0072576177285296E-4
        }
      },
      "(nodeO_c03, clientPoolJ, nodeO_c03)" : {
        "AppCoordinates {com.bbn, test-service1, 1}" : {
          "DATARATE_TX" : 5.068698060941824E-5,
          "DATARATE_RX" : 1.0137396121883648E-4
        }
      }
    }
  },
  "containerReports" : {
    "nodeO_c07" : {
      "containerName" : {
        "name" : "nodeO_c07"
      },
      "timestamp" : 358496,
      "service" : {
        "group" : "com.bbn",
        "artifact" : "test-service1",
        "version" : "1"
      },
      "serviceStatus" : "RUNNING",
      "demandEstimationWindow" : "LONG",
      "computeCapacity" : {
        "CPU" : 1.0,
        "TASK_CONTAINERS" : 100.0,
        "QueueLength" : 1000000.0
      },
      "computeLoad" : {
        "UNKNOWN" : {
          "QueueLength" : 0.0
        }
      },
      "computeDemand" : {
        "UNKNOWN" : {
          "QueueLength" : 0.0
        }
      },
      "averageProcessingTime" : "NaN",
      "networkCapacity" : {
        "interface-nodeO ( nodeO )" : {
          "DATARATE_TX" : 100.0,
          "DATARATE_RX" : 100.0
        }
      },
      "networkLoad" : {
        "interface-nodeO ( nodeO )" : { }
      },
      "networkDemand" : {
        "interface-nodeO ( nodeO )" : { }
      }
    },
    "nodeO_c02" : {
      "containerName" : {
        "name" : "nodeO_c02"
      },
      "timestamp" : 358496,
      "service" : {
        "group" : "com.bbn",
        "artifact" : "test-service3",
        "version" : "1"
      },
      "serviceStatus" : "RUNNING",
      "demandEstimationWindow" : "LONG",
      "computeCapacity" : {
        "CPU" : 1.0,
        "TASK_CONTAINERS" : 100.0,
        "QueueLength" : 1000000.0
      },
      "computeLoad" : {
        "UNKNOWN" : {
          "QueueLength" : 200.0,
          "TASK_CONTAINERS" : 100.0
        }
      },
      "computeDemand" : {
        "UNKNOWN" : {
          "QueueLength" : 146.88397790055248,
          "TASK_CONTAINERS" : 73.44198895027624
        }
      },
      "averageProcessingTime" : 120000.0,
      "networkCapacity" : {
        "interface-nodeO ( nodeO )" : {
          "DATARATE_TX" : 100.0,
          "DATARATE_RX" : 100.0
        }
      },
      "networkLoad" : {
        "interface-nodeO ( nodeO )" : {
          "(clientPoolK, nodeO_c02, nodeO_c02)" : {
            "AppCoordinates {com.bbn, test-service3, 1}" : {
              "DATARATE_TX" : 1.7399999999999978E-4,
              "DATARATE_RX" : 8.699999999999989E-5
            }
          },
          "(clientPoolJ, nodeO_c02, nodeO_c02)" : {
            "AppCoordinates {com.bbn, test-service3, 1}" : {
              "DATARATE_TX" : 1.1999999999999994E-4,
              "DATARATE_RX" : 5.999999999999997E-5
            }
          },
          "(clientPoolI, nodeO_c02, nodeO_c02)" : {
            "AppCoordinates {com.bbn, test-service3, 1}" : {
              "DATARATE_TX" : 1.4399999999999987E-4,
              "DATARATE_RX" : 7.199999999999993E-5
            }
          }
        }
      },
      "networkDemand" : {
        "interface-nodeO ( nodeO )" : {
          "(clientPoolK, nodeO_c02, nodeO_c02)" : {
            "AppCoordinates {com.bbn, test-service3, 1}" : {
              "DATARATE_TX" : 2.6393351800554152E-5,
              "DATARATE_RX" : 1.3196675900277076E-5
            }
          },
          "(clientPoolJ, nodeO_c02, nodeO_c02)" : {
            "AppCoordinates {com.bbn, test-service3, 1}" : {
              "DATARATE_TX" : 1.944875346260385E-4,
              "DATARATE_RX" : 9.724376731301925E-5
            }
          },
          "(clientPoolI, nodeO_c02, nodeO_c02)" : {
            "AppCoordinates {com.bbn, test-service3, 1}" : {
              "DATARATE_TX" : 2.6732409972299114E-4,
              "DATARATE_RX" : 1.3366204986149557E-4
            }
          }
        }
      }
    },
    "nodeO_c01" : {
      "containerName" : {
        "name" : "nodeO_c01"
      },
      "timestamp" : 358497,
      "service" : {
        "group" : "com.bbn",
        "artifact" : "test-service1",
        "version" : "1"
      },
      "serviceStatus" : "RUNNING",
      "demandEstimationWindow" : "LONG",
      "computeCapacity" : {
        "CPU" : 1.0,
        "TASK_CONTAINERS" : 100.0,
        "QueueLength" : 1000000.0
      },
      "computeLoad" : {
        "UNKNOWN" : {
          "QueueLength" : 200.0,
          "TASK_CONTAINERS" : 100.0
        }
      },
      "computeDemand" : {
        "UNKNOWN" : {
          "QueueLength" : 161.52486187845304,
          "TASK_CONTAINERS" : 81.21111111111111
        }
      },
      "averageProcessingTime" : 120000.0,
      "networkCapacity" : {
        "interface-nodeO ( nodeO )" : {
          "DATARATE_TX" : 100.0,
          "DATARATE_RX" : 100.0
        }
      },
      "networkLoad" : {
        "interface-nodeO ( nodeO )" : {
          "(clientPoolK, nodeO_c01, nodeO_c01)" : {
            "AppCoordinates {com.bbn, test-service1, 1}" : {
              "DATARATE_TX" : 2.759999999999995E-4,
              "DATARATE_RX" : 1.3799999999999975E-4
            }
          },
          "(clientPoolJ, nodeO_c01, nodeO_c01)" : {
            "AppCoordinates {com.bbn, test-service1, 1}" : {
              "DATARATE_TX" : 2.679999999999995E-4,
              "DATARATE_RX" : 1.3399999999999976E-4
            }
          },
          "(clientPoolI, nodeO_c01, nodeO_c01)" : {
            "AppCoordinates {com.bbn, test-service1, 1}" : {
              "DATARATE_TX" : 2.5799999999999955E-4,
              "DATARATE_RX" : 1.2899999999999977E-4
            }
          }
        }
      },
      "networkDemand" : {
        "interface-nodeO ( nodeO )" : {
          "(clientPoolK, nodeO_c01, nodeO_c01)" : {
            "AppCoordinates {com.bbn, test-service1, 1}" : {
              "DATARATE_TX" : 3.346072423398308E-4,
              "DATARATE_RX" : 1.673036211699154E-4
            }
          },
          "(clientPoolJ, nodeO_c01, nodeO_c01)" : {
            "AppCoordinates {com.bbn, test-service1, 1}" : {
              "DATARATE_TX" : 3.031476323119772E-4,
              "DATARATE_RX" : 1.515738161559886E-4
            }
          },
          "(clientPoolI, nodeO_c01, nodeO_c01)" : {
            "AppCoordinates {com.bbn, test-service1, 1}" : {
              "DATARATE_TX" : 3.3480779944289595E-4,
              "DATARATE_RX" : 1.6740389972144798E-4
            }
          }
        }
      }
    },
    "nodeO_c00" : {
      "containerName" : {
        "name" : "nodeO_c00"
      },
      "timestamp" : 358499,
      "service" : {
        "group" : "com.bbn",
        "artifact" : "test-service3",
        "version" : "1"
      },
      "serviceStatus" : "RUNNING",
      "demandEstimationWindow" : "LONG",
      "computeCapacity" : {
        "CPU" : 1.0,
        "TASK_CONTAINERS" : 100.0,
        "QueueLength" : 1000000.0
      },
      "computeLoad" : {
        "UNKNOWN" : {
          "QueueLength" : 200.0,
          "TASK_CONTAINERS" : 100.0
        }
      },
      "computeDemand" : {
        "UNKNOWN" : {
          "QueueLength" : 83.38683127572017,
          "TASK_CONTAINERS" : 42.03941908713693
        }
      },
      "averageProcessingTime" : 120000.0,
      "networkCapacity" : {
        "interface-nodeO ( nodeO )" : {
          "DATARATE_TX" : 100.0,
          "DATARATE_RX" : 100.0
        }
      },
      "networkLoad" : {
        "interface-nodeO ( nodeO )" : {
          "(clientPoolK, nodeO_c00, nodeO_c00)" : {
            "AppCoordinates {com.bbn, test-service3, 1}" : {
              "DATARATE_TX" : 1.5599999999999975E-4,
              "DATARATE_RX" : 7.799999999999988E-5
            }
          },
          "(clientPoolJ, nodeO_c00, nodeO_c00)" : {
            "AppCoordinates {com.bbn, test-service3, 1}" : {
              "DATARATE_TX" : 1.3199999999999982E-4,
              "DATARATE_RX" : 6.599999999999991E-5
            }
          },
          "(clientPoolI, nodeO_c00, nodeO_c00)" : {
            "AppCoordinates {com.bbn, test-service3, 1}" : {
              "DATARATE_TX" : 1.3399999999999981E-4,
              "DATARATE_RX" : 6.699999999999991E-5
            }
          }
        }
      },
      "networkDemand" : {
        "interface-nodeO ( nodeO )" : {
          "(clientPoolK, nodeO_c00, nodeO_c00)" : {
            "AppCoordinates {com.bbn, test-service3, 1}" : {
              "DATARATE_TX" : 7.644444444444436E-5,
              "DATARATE_RX" : 3.822222222222218E-5
            }
          },
          "(clientPoolJ, nodeO_c00, nodeO_c00)" : {
            "AppCoordinates {com.bbn, test-service3, 1}" : {
              "DATARATE_TX" : 7.415833333333319E-5,
              "DATARATE_RX" : 3.7079166666666594E-5
            }
          },
          "(clientPoolI, nodeO_c00, nodeO_c00)" : {
            "AppCoordinates {com.bbn, test-service3, 1}" : {
              "DATARATE_TX" : 8.916666666666674E-5,
              "DATARATE_RX" : 4.458333333333337E-5
            }
          }
        }
      }
    },
    "nodeO_c06" : {
      "containerName" : {
        "name" : "nodeO_c06"
      },
      "timestamp" : 358500,
      "service" : {
        "group" : "com.bbn",
        "artifact" : "test-service3",
        "version" : "1"
      },
      "serviceStatus" : "RUNNING",
      "demandEstimationWindow" : "LONG",
      "computeCapacity" : {
        "CPU" : 1.0,
        "TASK_CONTAINERS" : 100.0,
        "QueueLength" : 1000000.0
      },
      "computeLoad" : {
        "UNKNOWN" : {
          "QueueLength" : 0.0
        }
      },
      "computeDemand" : {
        "UNKNOWN" : {
          "QueueLength" : 0.0
        }
      },
      "averageProcessingTime" : "NaN",
      "networkCapacity" : {
        "interface-nodeO ( nodeO )" : {
          "DATARATE_TX" : 100.0,
          "DATARATE_RX" : 100.0
        }
      },
      "networkLoad" : {
        "interface-nodeO ( nodeO )" : { }
      },
      "networkDemand" : {
        "interface-nodeO ( nodeO )" : { }
      }
    },
    "nodeO_c05" : {
      "containerName" : {
        "name" : "nodeO_c05"
      },
      "timestamp" : 358500,
      "service" : {
        "group" : "com.bbn",
        "artifact" : "test-service2",
        "version" : "1"
      },
      "serviceStatus" : "RUNNING",
      "demandEstimationWindow" : "LONG",
      "computeCapacity" : {
        "CPU" : 1.0,
        "TASK_CONTAINERS" : 100.0,
        "QueueLength" : 1000000.0
      },
      "computeLoad" : {
        "UNKNOWN" : {
          "QueueLength" : 200.0,
          "TASK_CONTAINERS" : 100.0
        }
      },
      "computeDemand" : {
        "UNKNOWN" : {
          "QueueLength" : 150.1961325966851,
          "TASK_CONTAINERS" : 97.78956834532374
        }
      },
      "averageProcessingTime" : 120000.0,
      "networkCapacity" : {
        "interface-nodeO ( nodeO )" : {
          "DATARATE_TX" : 100.0,
          "DATARATE_RX" : 100.0
        }
      },
      "networkLoad" : {
        "interface-nodeO ( nodeO )" : {
          "(clientPoolJ, nodeO_c05, nodeO_c05)" : {
            "AppCoordinates {com.bbn, test-service2, 1}" : {
              "DATARATE_TX" : 2.3199999999999957E-4,
              "DATARATE_RX" : 1.1599999999999978E-4
            }
          },
          "(clientPoolI, nodeO_c05, nodeO_c05)" : {
            "AppCoordinates {com.bbn, test-service2, 1}" : {
              "DATARATE_TX" : 2.7799999999999944E-4,
              "DATARATE_RX" : 1.3899999999999972E-4
            }
          },
          "(clientPoolK, nodeO_c05, nodeO_c05)" : {
            "AppCoordinates {com.bbn, test-service2, 1}" : {
              "DATARATE_TX" : 2.639999999999995E-4,
              "DATARATE_RX" : 1.3199999999999974E-4
            }
          }
        }
      },
      "networkDemand" : {
        "interface-nodeO ( nodeO )" : {
          "(clientPoolJ, nodeO_c05, nodeO_c05)" : {
            "AppCoordinates {com.bbn, test-service2, 1}" : {
              "DATARATE_TX" : 2.973718411552344E-4,
              "DATARATE_RX" : 1.486859205776172E-4
            }
          },
          "(clientPoolI, nodeO_c05, nodeO_c05)" : {
            "AppCoordinates {com.bbn, test-service2, 1}" : {
              "DATARATE_TX" : 3.3177617328519694E-4,
              "DATARATE_RX" : 1.6588808664259847E-4
            }
          },
          "(clientPoolK, nodeO_c05, nodeO_c05)" : {
            "AppCoordinates {com.bbn, test-service2, 1}" : {
              "DATARATE_TX" : 2.681371841155231E-4,
              "DATARATE_RX" : 1.3406859205776156E-4
            }
          }
        }
      }
    },
    "nodeO_c04" : {
      "containerName" : {
        "name" : "nodeO_c04"
      },
      "timestamp" : 358501,
      "service" : {
        "group" : "com.bbn",
        "artifact" : "test-service2",
        "version" : "1"
      },
      "serviceStatus" : "RUNNING",
      "demandEstimationWindow" : "LONG",
      "computeCapacity" : {
        "CPU" : 1.0,
        "TASK_CONTAINERS" : 100.0,
        "QueueLength" : 1000000.0
      },
      "computeLoad" : {
        "UNKNOWN" : {
          "QueueLength" : 200.0,
          "TASK_CONTAINERS" : 100.0
        }
      },
      "computeDemand" : {
        "UNKNOWN" : {
          "QueueLength" : 188.84254143646407,
          "TASK_CONTAINERS" : 94.42127071823204
        }
      },
      "averageProcessingTime" : 120000.0,
      "networkCapacity" : {
        "interface-nodeO ( nodeO )" : {
          "DATARATE_TX" : 100.0,
          "DATARATE_RX" : 100.0
        }
      },
      "networkLoad" : {
        "interface-nodeO ( nodeO )" : {
          "(clientPoolI, nodeO_c04, nodeO_c04)" : {
            "AppCoordinates {com.bbn, test-service2, 1}" : {
              "DATARATE_TX" : 2.559999999999995E-4,
              "DATARATE_RX" : 1.2799999999999975E-4
            }
          },
          "(clientPoolK, nodeO_c04, nodeO_c04)" : {
            "AppCoordinates {com.bbn, test-service2, 1}" : {
              "DATARATE_TX" : 2.4399999999999953E-4,
              "DATARATE_RX" : 1.2199999999999977E-4
            }
          },
          "(clientPoolJ, nodeO_c04, nodeO_c04)" : {
            "AppCoordinates {com.bbn, test-service2, 1}" : {
              "DATARATE_TX" : 2.7999999999999943E-4,
              "DATARATE_RX" : 1.3999999999999972E-4
            }
          }
        }
      },
      "networkDemand" : {
        "interface-nodeO ( nodeO )" : {
          "(clientPoolI, nodeO_c04, nodeO_c04)" : {
            "AppCoordinates {com.bbn, test-service2, 1}" : {
              "DATARATE_TX" : 2.8121329639889186E-4,
              "DATARATE_RX" : 1.4060664819944593E-4
            }
          },
          "(clientPoolK, nodeO_c04, nodeO_c04)" : {
            "AppCoordinates {com.bbn, test-service2, 1}" : {
              "DATARATE_TX" : 2.576952908587246E-4,
              "DATARATE_RX" : 1.288476454293623E-4
            }
          },
          "(clientPoolJ, nodeO_c04, nodeO_c04)" : {
            "AppCoordinates {com.bbn, test-service2, 1}" : {
              "DATARATE_TX" : 2.578504155124644E-4,
              "DATARATE_RX" : 1.289252077562322E-4
            }
          }
        }
      }
    },
    "nodeO_c03" : {
      "containerName" : {
        "name" : "nodeO_c03"
      },
      "timestamp" : 358503,
      "service" : {
        "group" : "com.bbn",
        "artifact" : "test-service1",
        "version" : "1"
      },
      "serviceStatus" : "RUNNING",
      "demandEstimationWindow" : "LONG",
      "computeCapacity" : {
        "CPU" : 1.0,
        "TASK_CONTAINERS" : 100.0,
        "QueueLength" : 1000000.0
      },
      "computeLoad" : {
        "UNKNOWN" : {
          "QueueLength" : 200.0,
          "TASK_CONTAINERS" : 100.0
        }
      },
      "computeDemand" : {
        "UNKNOWN" : {
          "QueueLength" : 190.76023391812865,
          "TASK_CONTAINERS" : 96.50887573964496
        }
      },
      "averageProcessingTime" : 120000.0,
      "networkCapacity" : {
        "interface-nodeO ( nodeO )" : {
          "DATARATE_TX" : 100.0,
          "DATARATE_RX" : 100.0
        }
      },
      "networkLoad" : {
        "interface-nodeO ( nodeO )" : {
          "(clientPoolK, nodeO_c03, nodeO_c03)" : {
            "AppCoordinates {com.bbn, test-service1, 1}" : {
              "DATARATE_TX" : 2.639999999999995E-4,
              "DATARATE_RX" : 1.3199999999999974E-4
            }
          },
          "(clientPoolJ, nodeO_c03, nodeO_c03)" : {
            "AppCoordinates {com.bbn, test-service1, 1}" : {
              "DATARATE_TX" : 2.7799999999999944E-4,
              "DATARATE_RX" : 1.3899999999999972E-4
            }
          },
          "(clientPoolI, nodeO_c03, nodeO_c03)" : {
            "AppCoordinates {com.bbn, test-service1, 1}" : {
              "DATARATE_TX" : 2.579999999999995E-4,
              "DATARATE_RX" : 1.2899999999999975E-4
            }
          }
        }
      },
      "networkDemand" : {
        "interface-nodeO ( nodeO )" : {
          "(clientPoolK, nodeO_c03, nodeO_c03)" : {
            "AppCoordinates {com.bbn, test-service1, 1}" : {
              "DATARATE_TX" : 2.1449999999999958E-4,
              "DATARATE_RX" : 1.0724999999999979E-4
            }
          },
          "(clientPoolJ, nodeO_c03, nodeO_c03)" : {
            "AppCoordinates {com.bbn, test-service1, 1}" : {
              "DATARATE_TX" : 2.1301190476190468E-4,
              "DATARATE_RX" : 1.0650595238095234E-4
            }
          },
          "(clientPoolI, nodeO_c03, nodeO_c03)" : {
            "AppCoordinates {com.bbn, test-service1, 1}" : {
              "DATARATE_TX" : 2.1898809523809506E-4,
              "DATARATE_RX" : 1.0949404761904753E-4
            }
          }
        }
      }
    }
  },
  "maximumServiceContainers" : 8,
  "allocatedServiceContainers" : 8,
  "computeDemand" : {
    "AppCoordinates {com.bbn, test-service3, 1}" : {
      "UNKNOWN" : {
        "QueueLength" : 230.27080917627265,
        "TASK_CONTAINERS" : 115.48140803741316
      }
    },
    "AppCoordinates {com.bbn, test-service2, 1}" : {
      "UNKNOWN" : {
        "QueueLength" : 339.03867403314916,
        "TASK_CONTAINERS" : 192.2108390635558
      }
    },
    "AppCoordinates {com.bbn, test-service1, 1}" : {
      "UNKNOWN" : {
        "QueueLength" : 352.2850957965817,
        "TASK_CONTAINERS" : 177.71998685075607
      }
    }
  },
  "containerNetworkLoad" : {
    "interface-nodeO ( nodeO )" : {
      "(clientPoolK, nodeO_c00, nodeO_c00)" : {
        "AppCoordinates {com.bbn, test-service3, 1}" : {
          "DATARATE_TX" : 1.5599999999999975E-4,
          "DATARATE_RX" : 7.799999999999988E-5
        }
      },
      "(clientPoolJ, nodeO_c00, nodeO_c00)" : {
        "AppCoordinates {com.bbn, test-service3, 1}" : {
          "DATARATE_TX" : 1.3199999999999982E-4,
          "DATARATE_RX" : 6.599999999999991E-5
        }
      },
      "(clientPoolK, nodeO_c01, nodeO_c01)" : {
        "AppCoordinates {com.bbn, test-service1, 1}" : {
          "DATARATE_TX" : 2.759999999999995E-4,
          "DATARATE_RX" : 1.3799999999999975E-4
        }
      },
      "(clientPoolI, nodeO_c04, nodeO_c04)" : {
        "AppCoordinates {com.bbn, test-service2, 1}" : {
          "DATARATE_TX" : 2.559999999999995E-4,
          "DATARATE_RX" : 1.2799999999999975E-4
        }
      },
      "(clientPoolJ, nodeO_c05, nodeO_c05)" : {
        "AppCoordinates {com.bbn, test-service2, 1}" : {
          "DATARATE_TX" : 2.3199999999999957E-4,
          "DATARATE_RX" : 1.1599999999999978E-4
        }
      },
      "(clientPoolI, nodeO_c05, nodeO_c05)" : {
        "AppCoordinates {com.bbn, test-service2, 1}" : {
          "DATARATE_TX" : 2.7799999999999944E-4,
          "DATARATE_RX" : 1.3899999999999972E-4
        }
      },
      "(clientPoolI, nodeO_c00, nodeO_c00)" : {
        "AppCoordinates {com.bbn, test-service3, 1}" : {
          "DATARATE_TX" : 1.3399999999999981E-4,
          "DATARATE_RX" : 6.699999999999991E-5
        }
      },
      "(clientPoolJ, nodeO_c01, nodeO_c01)" : {
        "AppCoordinates {com.bbn, test-service1, 1}" : {
          "DATARATE_TX" : 2.679999999999995E-4,
          "DATARATE_RX" : 1.3399999999999976E-4
        }
      },
      "(clientPoolK, nodeO_c02, nodeO_c02)" : {
        "AppCoordinates {com.bbn, test-service3, 1}" : {
          "DATARATE_TX" : 1.7399999999999978E-4,
          "DATARATE_RX" : 8.699999999999989E-5
        }
      },
      "(clientPoolK, nodeO_c03, nodeO_c03)" : {
        "AppCoordinates {com.bbn, test-service1, 1}" : {
          "DATARATE_TX" : 2.639999999999995E-4,
          "DATARATE_RX" : 1.3199999999999974E-4
        }
      },
      "(clientPoolI, nodeO_c01, nodeO_c01)" : {
        "AppCoordinates {com.bbn, test-service1, 1}" : {
          "DATARATE_TX" : 2.5799999999999955E-4,
          "DATARATE_RX" : 1.2899999999999977E-4
        }
      },
      "(clientPoolJ, nodeO_c02, nodeO_c02)" : {
        "AppCoordinates {com.bbn, test-service3, 1}" : {
          "DATARATE_TX" : 1.1999999999999994E-4,
          "DATARATE_RX" : 5.999999999999997E-5
        }
      },
      "(clientPoolJ, nodeO_c03, nodeO_c03)" : {
        "AppCoordinates {com.bbn, test-service1, 1}" : {
          "DATARATE_TX" : 2.7799999999999944E-4,
          "DATARATE_RX" : 1.3899999999999972E-4
        }
      },
      "(clientPoolK, nodeO_c04, nodeO_c04)" : {
        "AppCoordinates {com.bbn, test-service2, 1}" : {
          "DATARATE_TX" : 2.4399999999999953E-4,
          "DATARATE_RX" : 1.2199999999999977E-4
        }
      },
      "(clientPoolI, nodeO_c02, nodeO_c02)" : {
        "AppCoordinates {com.bbn, test-service3, 1}" : {
          "DATARATE_TX" : 1.4399999999999987E-4,
          "DATARATE_RX" : 7.199999999999993E-5
        }
      },
      "(clientPoolI, nodeO_c03, nodeO_c03)" : {
        "AppCoordinates {com.bbn, test-service1, 1}" : {
          "DATARATE_TX" : 2.579999999999995E-4,
          "DATARATE_RX" : 1.2899999999999975E-4
        }
      },
      "(clientPoolJ, nodeO_c04, nodeO_c04)" : {
        "AppCoordinates {com.bbn, test-service2, 1}" : {
          "DATARATE_TX" : 2.7999999999999943E-4,
          "DATARATE_RX" : 1.3999999999999972E-4
        }
      },
      "(clientPoolK, nodeO_c05, nodeO_c05)" : {
        "AppCoordinates {com.bbn, test-service2, 1}" : {
          "DATARATE_TX" : 2.639999999999995E-4,
          "DATARATE_RX" : 1.3199999999999974E-4
        }
      }
    }
  },
  "containerNetworkDemand" : {
    "interface-nodeO ( nodeO )" : {
      "(clientPoolK, nodeO_c00, nodeO_c00)" : {
        "AppCoordinates {com.bbn, test-service3, 1}" : {
          "DATARATE_TX" : 7.644444444444436E-5,
          "DATARATE_RX" : 3.822222222222218E-5
        }
      },
      "(clientPoolJ, nodeO_c00, nodeO_c00)" : {
        "AppCoordinates {com.bbn, test-service3, 1}" : {
          "DATARATE_TX" : 7.415833333333319E-5,
          "DATARATE_RX" : 3.7079166666666594E-5
        }
      },
      "(clientPoolK, nodeO_c01, nodeO_c01)" : {
        "AppCoordinates {com.bbn, test-service1, 1}" : {
          "DATARATE_TX" : 3.346072423398308E-4,
          "DATARATE_RX" : 1.673036211699154E-4
        }
      },
      "(clientPoolI, nodeO_c04, nodeO_c04)" : {
        "AppCoordinates {com.bbn, test-service2, 1}" : {
          "DATARATE_TX" : 2.8121329639889186E-4,
          "DATARATE_RX" : 1.4060664819944593E-4
        }
      },
      "(clientPoolJ, nodeO_c05, nodeO_c05)" : {
        "AppCoordinates {com.bbn, test-service2, 1}" : {
          "DATARATE_TX" : 2.973718411552344E-4,
          "DATARATE_RX" : 1.486859205776172E-4
        }
      },
      "(clientPoolI, nodeO_c05, nodeO_c05)" : {
        "AppCoordinates {com.bbn, test-service2, 1}" : {
          "DATARATE_TX" : 3.3177617328519694E-4,
          "DATARATE_RX" : 1.6588808664259847E-4
        }
      },
      "(clientPoolI, nodeO_c00, nodeO_c00)" : {
        "AppCoordinates {com.bbn, test-service3, 1}" : {
          "DATARATE_TX" : 8.916666666666674E-5,
          "DATARATE_RX" : 4.458333333333337E-5
        }
      },
      "(clientPoolJ, nodeO_c01, nodeO_c01)" : {
        "AppCoordinates {com.bbn, test-service1, 1}" : {
          "DATARATE_TX" : 3.031476323119772E-4,
          "DATARATE_RX" : 1.515738161559886E-4
        }
      },
      "(clientPoolK, nodeO_c02, nodeO_c02)" : {
        "AppCoordinates {com.bbn, test-service3, 1}" : {
          "DATARATE_TX" : 2.6393351800554152E-5,
          "DATARATE_RX" : 1.3196675900277076E-5
        }
      },
      "(clientPoolK, nodeO_c03, nodeO_c03)" : {
        "AppCoordinates {com.bbn, test-service1, 1}" : {
          "DATARATE_TX" : 2.1449999999999958E-4,
          "DATARATE_RX" : 1.0724999999999979E-4
        }
      },
      "(clientPoolI, nodeO_c01, nodeO_c01)" : {
        "AppCoordinates {com.bbn, test-service1, 1}" : {
          "DATARATE_TX" : 3.3480779944289595E-4,
          "DATARATE_RX" : 1.6740389972144798E-4
        }
      },
      "(clientPoolJ, nodeO_c02, nodeO_c02)" : {
        "AppCoordinates {com.bbn, test-service3, 1}" : {
          "DATARATE_TX" : 1.944875346260385E-4,
          "DATARATE_RX" : 9.724376731301925E-5
        }
      },
      "(clientPoolJ, nodeO_c03, nodeO_c03)" : {
        "AppCoordinates {com.bbn, test-service1, 1}" : {
          "DATARATE_TX" : 2.1301190476190468E-4,
          "DATARATE_RX" : 1.0650595238095234E-4
        }
      },
      "(clientPoolK, nodeO_c04, nodeO_c04)" : {
        "AppCoordinates {com.bbn, test-service2, 1}" : {
          "DATARATE_TX" : 2.576952908587246E-4,
          "DATARATE_RX" : 1.288476454293623E-4
        }
      },
      "(clientPoolI, nodeO_c02, nodeO_c02)" : {
        "AppCoordinates {com.bbn, test-service3, 1}" : {
          "DATARATE_TX" : 2.6732409972299114E-4,
          "DATARATE_RX" : 1.3366204986149557E-4
        }
      },
      "(clientPoolI, nodeO_c03, nodeO_c03)" : {
        "AppCoordinates {com.bbn, test-service1, 1}" : {
          "DATARATE_TX" : 2.1898809523809506E-4,
          "DATARATE_RX" : 1.0949404761904753E-4
        }
      },
      "(clientPoolJ, nodeO_c04, nodeO_c04)" : {
        "AppCoordinates {com.bbn, test-service2, 1}" : {
          "DATARATE_TX" : 2.578504155124644E-4,
          "DATARATE_RX" : 1.289252077562322E-4
        }
      },
      "(clientPoolK, nodeO_c05, nodeO_c05)" : {
        "AppCoordinates {com.bbn, test-service2, 1}" : {
          "DATARATE_TX" : 2.681371841155231E-4,
          "DATARATE_RX" : 1.3406859205776156E-4
        }
      }
    }
  },
  "computeLoad" : {
    "AppCoordinates {com.bbn, test-service3, 1}" : {
      "UNKNOWN" : {
        "QueueLength" : 400.0,
        "TASK_CONTAINERS" : 200.0
      }
    },
    "AppCoordinates {com.bbn, test-service2, 1}" : {
      "UNKNOWN" : {
        "QueueLength" : 400.0,
        "TASK_CONTAINERS" : 200.0
      }
    },
    "AppCoordinates {com.bbn, test-service1, 1}" : {
      "UNKNOWN" : {
        "QueueLength" : 400.0,
        "TASK_CONTAINERS" : 200.0
      }
    }
  },
  "allocatedComputeCapacity" : {
    "CPU" : 8.0,
    "QueueLength" : 8000000.0,
    "TASK_CONTAINERS" : 800.0
  },
  "availableServiceContainers" : 0,
  "averageProcessingTime" : {
    "AppCoordinates {com.bbn, test-service3, 1}" : 120000.0,
    "AppCoordinates {com.bbn, test-service2, 1}" : 120000.0,
    "AppCoordinates {com.bbn, test-service1, 1}" : 120000.0
  }
}