1109,1,DNS_UPDATE_SUCCEEDED
1151,2,DCOP_PLAN_PLUBLIED
1151,2,RLG_PLAN_PUBLISHED
106573,212,DCOP_PLAN_PLUBLIED
109139,217,RLG_PLAN_PUBLISHED
109159,218,DNS_UPDATE_SUCCEEDED
109652,219,DNS_UPDATE_SUCCEEDED
112139,223,RLG_PLAN_PUBLISHED
112147,224,DNS_UPDATE_SUCCEEDED
166518,332,DCOP_PLAN_PLUBLIED
169151,337,RLG_PLAN_PUBLISHED
169176,338,DNS_UPDATE_SUCCEEDED
169677,339,DNS_UPDATE_SUCCEEDED
172151,343,RLG_PLAN_PUBLISHED
172176,344,DNS_UPDATE_SUCCEEDED
630004,1260,DNS_UPDATE_SUCCEEDED
630004,1292,DCOP_PLAN_PLUBLIED
