815,1,DNS_UPDATE_SUCCEEDED
887,2,RLG_PLAN_PUBLISHED
894,2,DCOP_PLAN_PLUBLIED
106008,212,DCOP_PLAN_PLUBLIED
108840,218,RLG_PLAN_PUBLISHED
109313,219,DNS_UPDATE_SUCCEEDED
109809,220,DNS_UPDATE_SUCCEEDED
111842,224,RLG_PLAN_PUBLISHED
112321,225,DNS_UPDATE_SUCCEEDED
120841,242,RLG_PLAN_PUBLISHED
121323,243,DNS_UPDATE_SUCCEEDED
121825,244,DNS_UPDATE_SUCCEEDED
123841,248,RLG_PLAN_PUBLISHED
124318,249,DNS_UPDATE_SUCCEEDED
165844,332,RLG_PLAN_PUBLISHED
165936,332,DCOP_PLAN_PLUBLIED
166326,333,DNS_UPDATE_SUCCEEDED
166828,334,DNS_UPDATE_SUCCEEDED
168843,338,RLG_PLAN_PUBLISHED
169326,339,DNS_UPDATE_SUCCEEDED
186845,374,RLG_PLAN_PUBLISHED
187334,375,DNS_UPDATE_SUCCEEDED
189848,380,RLG_PLAN_PUBLISHED
190332,381,DNS_UPDATE_SUCCEEDED
190840,382,DNS_UPDATE_SUCCEEDED
192845,386,RLG_PLAN_PUBLISHED
193333,387,DNS_UPDATE_SUCCEEDED
226217,452,DCOP_PLAN_PLUBLIED
228852,458,RLG_PLAN_PUBLISHED
229338,459,DNS_UPDATE_SUCCEEDED
231861,464,RLG_PLAN_PUBLISHED
232340,465,DNS_UPDATE_SUCCEEDED
232841,466,DNS_UPDATE_SUCCEEDED
234850,470,RLG_PLAN_PUBLISHED
235341,471,DNS_UPDATE_SUCCEEDED
286079,572,DCOP_PLAN_PLUBLIED
288855,577,RLG_PLAN_PUBLISHED
288885,578,DNS_UPDATE_SUCCEEDED
346053,692,DCOP_PLAN_PLUBLIED
348858,697,RLG_PLAN_PUBLISHED
348902,698,DNS_UPDATE_SUCCEEDED
406016,812,DCOP_PLAN_PLUBLIED
408858,817,RLG_PLAN_PUBLISHED
408919,818,DNS_UPDATE_SUCCEEDED
466018,932,DCOP_PLAN_PLUBLIED
468867,937,RLG_PLAN_PUBLISHED
468956,938,DNS_UPDATE_SUCCEEDED
525979,1052,DCOP_PLAN_PLUBLIED
528865,1057,RLG_PLAN_PUBLISHED
528968,1058,DNS_UPDATE_SUCCEEDED
585999,1172,DCOP_PLAN_PLUBLIED
588870,1177,RLG_PLAN_PUBLISHED
589000,1178,DNS_UPDATE_SUCCEEDED
630003,1261,DNS_UPDATE_SUCCEEDED
630003,1292,DCOP_PLAN_PLUBLIED
