{
  "nodeName" : {
    "name" : "nodeA"
  },
  "timestamp" : 51499,
  "demandEstimationWindow" : "LONG",
  "nodeComputeCapacity" : {
    "CPU" : 4.0,
    "MEMORY" : 8.0E9,
    "DISK" : 10.0,
    "TASK_CONTAINERS" : 20.0
  },
  "networkCapacity" : {
    "interface-nodeD ( nodeD )" : {
      "DATARATE_RX" : 100.0,
      "DATARATE_TX" : 100.0
    },
    "interface-nodeE ( nodeE )" : {
      "DATARATE_RX" : 100.0,
      "DATARATE_TX" : 100.0
    },
    "interface-nodeB ( nodeB )" : {
      "DATARATE_RX" : 100.0,
      "DATARATE_TX" : 100.0
    },
    "interface-nodeI ( nodeI )" : {
      "DATARATE_RX" : 100.0,
      "DATARATE_TX" : 100.0
    },
    "interface-nodeF ( nodeF )" : {
      "DATARATE_RX" : 100.0,
      "DATARATE_TX" : 100.0
    },
    "interface-nodeG ( nodeG )" : {
      "DATARATE_RX" : 100.0,
      "DATARATE_TX" : 100.0
    },
    "interface-nodeM ( nodeM )" : {
      "DATARATE_RX" : 100.0,
      "DATARATE_TX" : 100.0
    },
    "interface-nodeJ ( nodeJ )" : {
      "DATARATE_RX" : 100.0,
      "DATARATE_TX" : 100.0
    },
    "interface-nodeK ( nodeK )" : {
      "DATARATE_RX" : 100.0,
      "DATARATE_TX" : 100.0
    },
    "interface-nodeN ( nodeN )" : {
      "DATARATE_RX" : 100.0,
      "DATARATE_TX" : 100.0
    }
  },
  "networkLoad" : {
    "interface-nodeD ( nodeD )" : { },
    "interface-nodeE ( nodeE )" : { },
    "interface-nodeB ( nodeB )" : { },
    "interface-nodeI ( nodeI )" : {
      "(clientPoolA, nodeI_c04, nodeI_c04)" : {
        "AppCoordinates {com.bbn, test-service1, 1}" : {
          "DATARATE_TX" : 1.399999999999998E-4,
          "DATARATE_RX" : 6.99999999999999E-5
        }
      },
      "(clientPoolA, nodeI_c03, nodeI_c03)" : {
        "AppCoordinates {com.bbn, test-service1, 1}" : {
          "DATARATE_TX" : 1.2599999999999984E-4,
          "DATARATE_RX" : 6.299999999999992E-5
        }
      },
      "(clientPoolA, nodeI_c02, nodeI_c02)" : {
        "AppCoordinates {com.bbn, test-service3, 1}" : {
          "DATARATE_TX" : 6.6E-5,
          "DATARATE_RX" : 3.3E-5
        }
      },
      "(clientPoolA, nodeI_c01, nodeI_c01)" : {
        "AppCoordinates {com.bbn, test-service2, 1}" : {
          "DATARATE_TX" : 1.3199999999999982E-4,
          "DATARATE_RX" : 6.599999999999991E-5
        }
      },
      "(clientPoolA, nodeI_c00, nodeI_c00)" : {
        "AppCoordinates {com.bbn, test-service1, 1}" : {
          "DATARATE_TX" : 1.3399999999999981E-4,
          "DATARATE_RX" : 6.699999999999991E-5
        }
      },
      "(clientPoolA, nodeI_c07, nodeI_c07)" : {
        "AppCoordinates {com.bbn, test-service2, 1}" : {
          "DATARATE_TX" : 1.419999999999998E-4,
          "DATARATE_RX" : 7.09999999999999E-5
        }
      }
    },
    "interface-nodeF ( nodeF )" : { },
    "interface-nodeG ( nodeG )" : { },
    "interface-nodeM ( nodeM )" : { },
    "interface-nodeJ ( nodeJ )" : { },
    "interface-nodeK ( nodeK )" : { },
    "interface-nodeN ( nodeN )" : { }
  },
  "networkDemand" : {
    "interface-nodeE ( nodeE )" : { },
    "interface-nodeD ( nodeD )" : { },
    "interface-nodeB ( nodeB )" : { },
    "interface-nodeN ( nodeN )" : { },
    "interface-nodeM ( nodeM )" : { },
    "interface-nodeK ( nodeK )" : { },
    "interface-nodeJ ( nodeJ )" : { },
    "interface-nodeI ( nodeI )" : {
      "(clientPoolA, nodeI_c04, nodeI_c04)" : {
        "AppCoordinates {com.bbn, test-service1, 1}" : {
          "DATARATE_TX" : 1.2771428571428558E-4,
          "DATARATE_RX" : 6.385714285714279E-5
        }
      },
      "(clientPoolA, nodeI_c03, nodeI_c03)" : {
        "AppCoordinates {com.bbn, test-service1, 1}" : {
          "DATARATE_TX" : 1.1799999999999985E-4,
          "DATARATE_RX" : 5.899999999999992E-5
        }
      },
      "(clientPoolA, nodeI_c02, nodeI_c02)" : {
        "AppCoordinates {com.bbn, test-service3, 1}" : {
          "DATARATE_TX" : 4.4000000000000006E-5,
          "DATARATE_RX" : 2.2000000000000003E-5
        }
      },
      "(clientPoolA, nodeI_c01, nodeI_c01)" : {
        "AppCoordinates {com.bbn, test-service2, 1}" : {
          "DATARATE_TX" : 1.1808695652173897E-4,
          "DATARATE_RX" : 5.904347826086948E-5
        }
      },
      "(clientPoolA, nodeI_c00, nodeI_c00)" : {
        "AppCoordinates {com.bbn, test-service1, 1}" : {
          "DATARATE_TX" : 1.2893023255813936E-4,
          "DATARATE_RX" : 6.446511627906968E-5
        }
      },
      "(clientPoolA, nodeI_c07, nodeI_c07)" : {
        "AppCoordinates {com.bbn, test-service2, 1}" : {
          "DATARATE_TX" : 1.1259999999999988E-4,
          "DATARATE_RX" : 5.629999999999994E-5
        }
      }
    },
    "interface-nodeG ( nodeG )" : { },
    "interface-nodeF ( nodeF )" : { }
  },
  "containerReports" : { },
  "maximumServiceContainers" : 20,
  "allocatedServiceContainers" : 0,
  "computeDemand" : { },
  "containerNetworkLoad" : { },
  "containerNetworkDemand" : { },
  "computeLoad" : { },
  "availableServiceContainers" : 20,
  "averageProcessingTime" : { },
  "allocatedComputeCapacity" : { }
}