{
  "region" : {
    "name" : "D"
  },
  "timestamp" : 225892,
  "plan" : {
    "AppCoordinates {com.bbn, test-service3, 1}" : {
      "C" : 0.9309536618813097,
      "E" : 0.0,
      "F" : 0.0,
      "G" : 0.0,
      "H" : 0.0,
      "J" : 0.0,
      "D" : 0.06904633811869032
    },
    "AppCoordinates {com.bbn, test-service2, 1}" : {
      "C" : 1.0,
      "E" : 0.0,
      "F" : 0.0,
      "G" : 0.0,
      "H" : 0.0,
      "J" : 0.0,
      "D" : 0.0
    },
    "AppCoordinates {com.bbn, test-service1, 1}" : {
      "C" : 1.0,
      "E" : 0.0,
      "F" : 0.0,
      "G" : 0.0,
      "H" : 0.0,
      "J" : 0.0,
      "D" : 0.0
    }
  }
}