252,1,DNS_UPDATE_SUCCEEDED
46945,94,DCOP_PLAN_PLUBLIED
46945,94,RLG_PLAN_PUBLISHED
47447,95,DNS_UPDATE_SUCCEEDED
227099,451,DCOP_PLAN_PLUBLIED
227159,451,RLG_PLAN_PUBLISHED
347071,689,DCOP_PLAN_PLUBLIED
347300,689,RLG_PLAN_PUBLISHED
347439,690,DNS_UPDATE_SUCCEEDED
467032,927,DCOP_PLAN_PLUBLIED
467436,928,RLG_PLAN_PUBLISHED
467817,929,DNS_UPDATE_SUCCEEDED
587044,1165,DCOP_PLAN_PLUBLIED
587580,1166,RLG_PLAN_PUBLISHED
587682,1167,DNS_UPDATE_SUCCEEDED
707101,1403,DCOP_PLAN_PLUBLIED
707767,1405,RLG_PLAN_PUBLISHED
708241,1406,DNS_UPDATE_SUCCEEDED
827081,1641,DCOP_PLAN_PLUBLIED
827944,1643,RLG_PLAN_PUBLISHED
828266,1644,DNS_UPDATE_SUCCEEDED
947119,1879,DCOP_PLAN_PLUBLIED
948125,1881,RLG_PLAN_PUBLISHED
948282,1882,DNS_UPDATE_SUCCEEDED
1067158,2117,DCOP_PLAN_PLUBLIED
1068314,2119,RLG_PLAN_PUBLISHED
1068346,2120,DNS_UPDATE_SUCCEEDED
1187154,2355,DCOP_PLAN_PLUBLIED
1188485,2358,RLG_PLAN_PUBLISHED
1188903,2359,DNS_UPDATE_SUCCEEDED
1307153,2593,DCOP_PLAN_PLUBLIED
1308672,2596,RLG_PLAN_PUBLISHED
1308958,2597,DNS_UPDATE_SUCCEEDED
1427154,2831,DCOP_PLAN_PLUBLIED
1428853,2834,RLG_PLAN_PUBLISHED
1428973,2835,DNS_UPDATE_SUCCEEDED
1547112,3069,DCOP_PLAN_PLUBLIED
1549007,3073,RLG_PLAN_PUBLISHED
1549453,3074,DNS_UPDATE_SUCCEEDED
1667103,3307,DCOP_PLAN_PLUBLIED
1669188,3311,RLG_PLAN_PUBLISHED
1669363,3312,DNS_UPDATE_SUCCEEDED
1787214,3545,DCOP_PLAN_PLUBLIED
1789362,3549,RLG_PLAN_PUBLISHED
1789463,3550,DNS_UPDATE_SUCCEEDED
