491,1,DNS_UPDATE_SUCCEEDED
527,1,DCOP_PLAN_PLUBLIED
561,2,RLG_PLAN_PUBLISHED
105632,212,DCOP_PLAN_PLUBLIED
108533,217,RLG_PLAN_PUBLISHED
108537,218,DNS_UPDATE_SUCCEEDED
109035,219,DNS_UPDATE_SUCCEEDED
111527,223,RLG_PLAN_PUBLISHED
111534,224,DNS_UPDATE_SUCCEEDED
165534,331,RLG_PLAN_PUBLISHED
165549,332,DNS_UPDATE_SUCCEEDED
165604,332,DCOP_PLAN_PLUBLIED
166048,333,DNS_UPDATE_SUCCEEDED
168535,337,RLG_PLAN_PUBLISHED
168549,338,DNS_UPDATE_SUCCEEDED
222540,445,RLG_PLAN_PUBLISHED
222584,446,DNS_UPDATE_SUCCEEDED
225542,451,RLG_PLAN_PUBLISHED
225585,452,DNS_UPDATE_SUCCEEDED
225590,452,DCOP_PLAN_PLUBLIED
226085,453,DNS_UPDATE_SUCCEEDED
228543,457,RLG_PLAN_PUBLISHED
228588,458,DNS_UPDATE_SUCCEEDED
285599,571,DCOP_PLAN_PLUBLIED
288553,577,RLG_PLAN_PUBLISHED
288608,578,DNS_UPDATE_SUCCEEDED
345611,691,DCOP_PLAN_PLUBLIED
348557,697,RLG_PLAN_PUBLISHED
348648,698,DNS_UPDATE_SUCCEEDED
405588,811,DCOP_PLAN_PLUBLIED
408562,817,RLG_PLAN_PUBLISHED
408677,818,DNS_UPDATE_SUCCEEDED
465598,931,DCOP_PLAN_PLUBLIED
468566,937,RLG_PLAN_PUBLISHED
468714,938,DNS_UPDATE_SUCCEEDED
525601,1051,DCOP_PLAN_PLUBLIED
528572,1057,RLG_PLAN_PUBLISHED
528748,1058,DNS_UPDATE_SUCCEEDED
585593,1171,DCOP_PLAN_PLUBLIED
588577,1177,RLG_PLAN_PUBLISHED
588790,1178,DNS_UPDATE_SUCCEEDED
630004,1260,DCOP_PLAN_PLUBLIED
