{
  "region" : {
    "name" : "A"
  },
  "minTimestamp" : 186998,
  "maxTimestamp" : 186998,
  "demandEstimationWindow" : "LONG",
  "serverCapacity" : {
    "DISK" : 10.0,
    "MEMORY" : 1.6E10,
    "CPU" : 8.0,
    "TASK_CONTAINERS" : 8.0
  },
  "serverLoad" : {
    "AppCoordinates {com.bbn, test-service3, 1}" : {
      "unknown" : {
        "QueueLength" : 30.0,
        "TASK_CONTAINERS" : 2.9999999999999996
      }
    },
    "AppCoordinates {com.bbn, test-service2, 1}" : {
      "unknown" : {
        "QueueLength" : 20.0,
        "TASK_CONTAINERS" : 1.9999999999999998
      }
    },
    "AppCoordinates {com.bbn, test-service1, 1}" : {
      "unknown" : {
        "QueueLength" : 10.0,
        "TASK_CONTAINERS" : 0.9999999999999999
      }
    }
  },
  "serverDemand" : {
    "AppCoordinates {com.bbn, test-service3, 1}" : {
      "unknown" : {
        "QueueLength" : 18.627891307795863,
        "TASK_CONTAINERS" : 2.9672205890955885
      }
    },
    "AppCoordinates {com.bbn, test-service2, 1}" : {
      "unknown" : {
        "QueueLength" : 15.003455747236774,
        "TASK_CONTAINERS" : 1.99049603109252
      }
    },
    "AppCoordinates {com.bbn, test-service1, 1}" : {
      "unknown" : {
        "QueueLength" : 6.402640264026402,
        "TASK_CONTAINERS" : 0.9948717948717948
      }
    }
  },
  "serverAverageProcessingTimeCount" : { },
  "serverAverageProcessingTimeSum" : { },
  "networkCapacity" : {
    "B" : {
      "DATARATE_RX" : 100.0,
      "DATARATE_TX" : 100.0
    },
    "C" : {
      "DATARATE_RX" : 100.0,
      "DATARATE_TX" : 100.0
    },
    "E" : {
      "DATARATE_RX" : 100.0,
      "DATARATE_TX" : 100.0
    }
  },
  "networkLoad" : {
    "B" : { },
    "C" : {
      "(A, H, A)" : {
        "AppCoordinates {com.bbn, test-service3, 1}" : {
          "DATARATE_TX" : 0.011,
          "DATARATE_RX" : 0.022
        },
        "AppCoordinates {com.bbn, test-service2, 1}" : {
          "DATARATE_TX" : 0.011,
          "DATARATE_RX" : 0.022
        },
        "AppCoordinates {com.bbn, test-service1, 1}" : {
          "DATARATE_TX" : 0.008,
          "DATARATE_RX" : 0.016
        }
      }
    },
    "E" : {
      "(A, E, A)" : {
        "AppCoordinates {com.bbn, test-service3, 1}" : {
          "DATARATE_TX" : 0.009000000000000001,
          "DATARATE_RX" : 0.018000000000000002
        },
        "AppCoordinates {com.bbn, test-service2, 1}" : {
          "DATARATE_TX" : 0.008,
          "DATARATE_RX" : 0.016
        },
        "AppCoordinates {com.bbn, test-service1, 1}" : {
          "DATARATE_TX" : 0.006,
          "DATARATE_RX" : 0.012
        }
      }
    }
  },
  "networkDemand" : {
    "B" : { },
    "C" : {
      "(A, H, A)" : {
        "AppCoordinates {com.bbn, test-service3, 1}" : {
          "DATARATE_TX" : 0.01094846280844229,
          "DATARATE_RX" : 0.02189692561688458
        },
        "AppCoordinates {com.bbn, test-service2, 1}" : {
          "DATARATE_TX" : 0.011003205128205136,
          "DATARATE_RX" : 0.022006410256410272
        },
        "AppCoordinates {com.bbn, test-service1, 1}" : {
          "DATARATE_TX" : 0.008006369426751597,
          "DATARATE_RX" : 0.016012738853503194
        }
      }
    },
    "E" : {
      "(A, E, A)" : {
        "AppCoordinates {com.bbn, test-service3, 1}" : {
          "DATARATE_TX" : 0.009008492931084475,
          "DATARATE_RX" : 0.01801698586216895
        },
        "AppCoordinates {com.bbn, test-service2, 1}" : {
          "DATARATE_TX" : 0.007994872961841879,
          "DATARATE_RX" : 0.015989745923683758
        },
        "AppCoordinates {com.bbn, test-service1, 1}" : {
          "DATARATE_TX" : 0.006003184713375801,
          "DATARATE_RX" : 0.012006369426751602
        }
      }
    }
  },
  "maximumServiceContainers" : 8,
  "allocatedServiceContainers" : 8,
  "serverAverageProcessingTime" : { },
  "availableServiceContainers" : 0,
  "nullSummary" : false
}