{
  "nodeName" : {
    "name" : "nodeH"
  },
  "timestamp" : 122981,
  "demandEstimationWindow" : "LONG",
  "nodeComputeCapacity" : {
    "CPU" : 4.0,
    "MEMORY" : 8.0E9,
    "DISK" : 10.0,
    "TASK_CONTAINERS" : 20.0
  },
  "networkCapacity" : {
    "interface-nodeF ( nodeF )" : {
      "DATARATE_RX" : 100.0,
      "DATARATE_TX" : 100.0
    }
  },
  "networkLoad" : {
    "interface-nodeF ( nodeF )" : {
      "(nodeH_c00, clientPoolF, nodeH_c00)" : {
        "AppCoordinates {com.bbn, test-service3, 1}" : {
          "DATARATE_TX" : 7.599999999999988E-5,
          "DATARATE_RX" : 1.5199999999999976E-4
        }
      }
    }
  },
  "networkDemand" : {
    "interface-nodeF ( nodeF )" : {
      "(nodeH_c00, clientPoolF, nodeH_c00)" : {
        "AppCoordinates {com.bbn, test-service3, 1}" : {
          "DATARATE_TX" : 5.555555555555548E-5,
          "DATARATE_RX" : 1.1111111111111095E-4
        }
      }
    }
  },
  "containerReports" : {
    "nodeH_c00" : {
      "containerName" : {
        "name" : "nodeH_c00"
      },
      "timestamp" : 122981,
      "service" : {
        "group" : "com.bbn",
        "artifact" : "test-service3",
        "version" : "1"
      },
      "serviceStatus" : "RUNNING",
      "demandEstimationWindow" : "LONG",
      "computeCapacity" : {
        "CPU" : 1.0,
        "TASK_CONTAINERS" : 100.0,
        "QueueLength" : 1000000.0
      },
      "computeLoad" : {
        "UNKNOWN" : {
          "QueueLength" : 76.0,
          "TASK_CONTAINERS" : 38.0
        }
      },
      "computeDemand" : {
        "UNKNOWN" : {
          "QueueLength" : 50.0,
          "TASK_CONTAINERS" : 26.785714285714285
        }
      },
      "averageProcessingTime" : "NaN",
      "networkCapacity" : {
        "interface-nodeH ( nodeH )" : {
          "DATARATE_TX" : 100.0,
          "DATARATE_RX" : 100.0
        }
      },
      "networkLoad" : {
        "interface-nodeH ( nodeH )" : {
          "(clientPoolF, nodeH_c00, nodeH_c00)" : {
            "AppCoordinates {com.bbn, test-service3, 1}" : {
              "DATARATE_TX" : 1.5199999999999976E-4,
              "DATARATE_RX" : 7.599999999999988E-5
            }
          }
        }
      },
      "networkDemand" : {
        "interface-nodeH ( nodeH )" : {
          "(clientPoolF, nodeH_c00, nodeH_c00)" : {
            "AppCoordinates {com.bbn, test-service3, 1}" : {
              "DATARATE_TX" : 1.1111111111111097E-4,
              "DATARATE_RX" : 5.5555555555555484E-5
            }
          }
        }
      }
    }
  },
  "maximumServiceContainers" : 20,
  "allocatedServiceContainers" : 1,
  "computeDemand" : {
    "AppCoordinates {com.bbn, test-service3, 1}" : {
      "UNKNOWN" : {
        "QueueLength" : 50.0,
        "TASK_CONTAINERS" : 26.785714285714285
      }
    }
  },
  "containerNetworkLoad" : {
    "interface-nodeH ( nodeH )" : {
      "(clientPoolF, nodeH_c00, nodeH_c00)" : {
        "AppCoordinates {com.bbn, test-service3, 1}" : {
          "DATARATE_TX" : 1.5199999999999976E-4,
          "DATARATE_RX" : 7.599999999999988E-5
        }
      }
    }
  },
  "containerNetworkDemand" : {
    "interface-nodeH ( nodeH )" : {
      "(clientPoolF, nodeH_c00, nodeH_c00)" : {
        "AppCoordinates {com.bbn, test-service3, 1}" : {
          "DATARATE_TX" : 1.1111111111111097E-4,
          "DATARATE_RX" : 5.5555555555555484E-5
        }
      }
    }
  },
  "computeLoad" : {
    "AppCoordinates {com.bbn, test-service3, 1}" : {
      "UNKNOWN" : {
        "QueueLength" : 76.0,
        "TASK_CONTAINERS" : 38.0
      }
    }
  },
  "allocatedComputeCapacity" : {
    "CPU" : 1.0,
    "QueueLength" : 1000000.0,
    "TASK_CONTAINERS" : 100.0
  },
  "availableServiceContainers" : 19,
  "averageProcessingTime" : { }
}