509,1,DNS_UPDATE_SUCCEEDED
539,1,DCOP_PLAN_PLUBLIED
567,2,RLG_PLAN_PUBLISHED
105649,212,DCOP_PLAN_PLUBLIED
108540,217,RLG_PLAN_PUBLISHED
108569,218,DNS_UPDATE_SUCCEEDED
109066,219,DNS_UPDATE_SUCCEEDED
111538,223,RLG_PLAN_PUBLISHED
111567,224,DNS_UPDATE_SUCCEEDED
162552,325,RLG_PLAN_PUBLISHED
162608,326,DNS_UPDATE_SUCCEEDED
163108,327,DNS_UPDATE_SUCCEEDED
165552,331,RLG_PLAN_PUBLISHED
165609,332,DNS_UPDATE_SUCCEEDED
165615,332,DCOP_PLAN_PLUBLIED
168552,337,RLG_PLAN_PUBLISHED
168611,338,DNS_UPDATE_SUCCEEDED
222554,445,RLG_PLAN_PUBLISHED
222635,446,DNS_UPDATE_SUCCEEDED
225555,451,RLG_PLAN_PUBLISHED
225629,451,DCOP_PLAN_PLUBLIED
225638,452,DNS_UPDATE_SUCCEEDED
226138,453,DNS_UPDATE_SUCCEEDED
228555,457,RLG_PLAN_PUBLISHED
228644,458,DNS_UPDATE_SUCCEEDED
285628,571,DCOP_PLAN_PLUBLIED
288561,577,RLG_PLAN_PUBLISHED
288681,578,DNS_UPDATE_SUCCEEDED
345639,691,DCOP_PLAN_PLUBLIED
348566,697,RLG_PLAN_PUBLISHED
348715,698,DNS_UPDATE_SUCCEEDED
405624,811,DCOP_PLAN_PLUBLIED
408570,817,RLG_PLAN_PUBLISHED
408768,818,DNS_UPDATE_SUCCEEDED
465618,931,DCOP_PLAN_PLUBLIED
468577,937,RLG_PLAN_PUBLISHED
468804,938,DNS_UPDATE_SUCCEEDED
525620,1051,DCOP_PLAN_PLUBLIED
528581,1057,RLG_PLAN_PUBLISHED
528848,1058,DNS_UPDATE_SUCCEEDED
585649,1171,DCOP_PLAN_PLUBLIED
588586,1177,RLG_PLAN_PUBLISHED
588882,1178,DNS_UPDATE_SUCCEEDED
630003,1260,DCOP_PLAN_PLUBLIED
