{
  "client" : {
    "name" : "clientPoolH"
  },
  "request" : {
    "startTime" : 1230000,
    "networkDuration" : 60000,
    "service" : {
      "group" : "com.bbn",
      "artifact" : "test-service1",
      "version" : "1"
    },
    "networkLoad" : {
      "DATARATE_TX" : 1.0E-6,
      "DATARATE_RX" : 2.0E-6
    },
    "serverDuration" : 60000,
    "nodeLoad" : {
      "TASK_CONTAINERS" : 0.25
    },
    "numClients" : 200
  },
  "timeReceived" : 1230025,
  "status" : "SUCCESS",
  "load" : {
    "TASK_CONTAINERS" : 0.25
  },
  "serverCapacity" : {
    "CPU" : 1.0,
    "TASK_CONTAINERS" : 1.0,
    "QueueLength" : 1000000.0
  }
}{
  "client" : {
    "name" : "clientPoolH"
  },
  "request" : {
    "startTime" : 1230000,
    "networkDuration" : 60000,
    "service" : {
      "group" : "com.bbn",
      "artifact" : "test-service1",
      "version" : "1"
    },
    "networkLoad" : {
      "DATARATE_TX" : 1.0E-6,
      "DATARATE_RX" : 2.0E-6
    },
    "serverDuration" : 60000,
    "nodeLoad" : {
      "TASK_CONTAINERS" : 0.25
    },
    "numClients" : 200
  },
  "timeReceived" : 1230147,
  "status" : "SUCCESS",
  "load" : {
    "TASK_CONTAINERS" : 0.5
  },
  "serverCapacity" : {
    "CPU" : 1.0,
    "TASK_CONTAINERS" : 1.0,
    "QueueLength" : 1000000.0
  }
}{
  "client" : {
    "name" : "clientPoolH"
  },
  "request" : {
    "startTime" : 1290000,
    "networkDuration" : 60000,
    "service" : {
      "group" : "com.bbn",
      "artifact" : "test-service1",
      "version" : "1"
    },
    "networkLoad" : {
      "DATARATE_TX" : 1.0E-6,
      "DATARATE_RX" : 2.0E-6
    },
    "serverDuration" : 60000,
    "nodeLoad" : {
      "TASK_CONTAINERS" : 0.25
    },
    "numClients" : 200
  },
  "timeReceived" : 1290067,
  "status" : "SUCCESS",
  "load" : {
    "TASK_CONTAINERS" : 0.5
  },
  "serverCapacity" : {
    "CPU" : 1.0,
    "TASK_CONTAINERS" : 1.0,
    "QueueLength" : 1000000.0
  }
}