{
  "region" : {
    "name" : "B"
  },
  "nodeResourceReports" : [ {
    "nodeName" : {
      "name" : "nodeB"
    },
    "timestamp" : 242487,
    "demandEstimationWindow" : "SHORT",
    "nodeComputeCapacity" : {
      "CPU" : 4.0,
      "MEMORY" : 8.0E9,
      "DISK" : 10.0,
      "TASK_CONTAINERS" : 20.0
    },
    "networkCapacity" : {
      "interface-nodeD ( nodeD )" : {
        "DATARATE_RX" : 100.0,
        "DATARATE_TX" : 100.0
      },
      "interface-nodeC ( nodeC )" : {
        "DATARATE_RX" : 100.0,
        "DATARATE_TX" : 100.0
      },
      "interface-nodeF ( nodeF )" : {
        "DATARATE_RX" : 100.0,
        "DATARATE_TX" : 100.0
      },
      "interface-nodeJ ( nodeJ )" : {
        "DATARATE_RX" : 100.0,
        "DATARATE_TX" : 100.0
      },
      "interface-nodeA ( nodeA )" : {
        "DATARATE_RX" : 100.0,
        "DATARATE_TX" : 100.0
      }
    },
    "networkLoad" : {
      "interface-nodeD ( nodeD )" : {
        "(clientPoolB, nodeD_c05, nodeD_c05)" : {
          "AppCoordinates {com.bbn, test-service2, 1}" : {
            "DATARATE_TX" : 1.359999999999998E-4,
            "DATARATE_RX" : 6.79999999999999E-5
          }
        },
        "(clientPoolB, nodeD_c04, nodeD_c04)" : {
          "AppCoordinates {com.bbn, test-service3, 1}" : {
            "DATARATE_TX" : 4.4000000000000006E-5,
            "DATARATE_RX" : 2.2000000000000003E-5
          }
        },
        "(clientPoolB, nodeD_c07, nodeD_c07)" : {
          "AppCoordinates {com.bbn, test-service3, 1}" : {
            "DATARATE_TX" : 1.5599999999999975E-4,
            "DATARATE_RX" : 7.799999999999988E-5
          }
        },
        "(clientPoolB, nodeD_c06, nodeD_c06)" : {
          "AppCoordinates {com.bbn, test-service3, 1}" : {
            "DATARATE_TX" : 1.419999999999998E-4,
            "DATARATE_RX" : 7.09999999999999E-5
          },
          "AppCoordinates {com.bbn, test-service1, 1}" : {
            "DATARATE_TX" : -7.623296525288703E-21,
            "DATARATE_RX" : -3.8116482626443515E-21
          }
        },
        "(clientPoolB, nodeD_c01, nodeD_c01)" : {
          "AppCoordinates {com.bbn, test-service3, 1}" : {
            "DATARATE_TX" : 1.0999999999999988E-4,
            "DATARATE_RX" : 5.499999999999994E-5
          },
          "AppCoordinates {com.bbn, test-service2, 1}" : {
            "DATARATE_TX" : -7.623296525288703E-21,
            "DATARATE_RX" : -3.8116482626443515E-21
          }
        },
        "(clientPoolB, nodeD_c00, nodeD_c00)" : {
          "AppCoordinates {com.bbn, test-service3, 1}" : {
            "DATARATE_TX" : 1.2799999999999983E-4,
            "DATARATE_RX" : 6.399999999999992E-5
          },
          "AppCoordinates {com.bbn, test-service1, 1}" : {
            "DATARATE_TX" : -7.623296525288703E-21,
            "DATARATE_RX" : -3.8116482626443515E-21
          }
        },
        "(clientPoolB, nodeD_c03, nodeD_c03)" : {
          "AppCoordinates {com.bbn, test-service1, 1}" : {
            "DATARATE_TX" : -7.623296525288703E-21,
            "DATARATE_RX" : -3.8116482626443515E-21
          }
        },
        "(clientPoolB, nodeD_c02, nodeD_c02)" : {
          "AppCoordinates {com.bbn, test-service3, 1}" : {
            "DATARATE_TX" : -7.623296525288703E-21,
            "DATARATE_RX" : -3.8116482626443515E-21
          },
          "AppCoordinates {com.bbn, test-service2, 1}" : {
            "DATARATE_TX" : 6.0E-6,
            "DATARATE_RX" : 3.0E-6
          }
        }
      },
      "interface-nodeC ( nodeC )" : { },
      "interface-nodeF ( nodeF )" : { },
      "interface-nodeJ ( nodeJ )" : { },
      "interface-nodeA ( nodeA )" : { }
    },
    "networkDemand" : {
      "interface-nodeD ( nodeD )" : {
        "(clientPoolB, nodeD_c05, nodeD_c05)" : {
          "AppCoordinates {com.bbn, test-service2, 1}" : {
            "DATARATE_TX" : 1.359999999999998E-4,
            "DATARATE_RX" : 6.79999999999999E-5
          }
        },
        "(clientPoolB, nodeD_c04, nodeD_c04)" : {
          "AppCoordinates {com.bbn, test-service3, 1}" : {
            "DATARATE_TX" : 4.4E-5,
            "DATARATE_RX" : 2.2E-5
          }
        },
        "(clientPoolB, nodeD_c07, nodeD_c07)" : {
          "AppCoordinates {com.bbn, test-service3, 1}" : {
            "DATARATE_TX" : 1.5599999999999975E-4,
            "DATARATE_RX" : 7.799999999999988E-5
          }
        },
        "(clientPoolB, nodeD_c06, nodeD_c06)" : {
          "AppCoordinates {com.bbn, test-service3, 1}" : {
            "DATARATE_TX" : 1.419999999999998E-4,
            "DATARATE_RX" : 7.09999999999999E-5
          },
          "AppCoordinates {com.bbn, test-service1, 1}" : {
            "DATARATE_TX" : -7.623296525288703E-21,
            "DATARATE_RX" : -3.8116482626443515E-21
          }
        },
        "(clientPoolB, nodeD_c01, nodeD_c01)" : {
          "AppCoordinates {com.bbn, test-service3, 1}" : {
            "DATARATE_TX" : 1.0999999999999987E-4,
            "DATARATE_RX" : 5.4999999999999934E-5
          },
          "AppCoordinates {com.bbn, test-service2, 1}" : {
            "DATARATE_TX" : -7.623296525288703E-21,
            "DATARATE_RX" : -3.8116482626443515E-21
          }
        },
        "(clientPoolB, nodeD_c00, nodeD_c00)" : {
          "AppCoordinates {com.bbn, test-service3, 1}" : {
            "DATARATE_TX" : 1.2799999999999983E-4,
            "DATARATE_RX" : 6.399999999999992E-5
          },
          "AppCoordinates {com.bbn, test-service1, 1}" : {
            "DATARATE_TX" : -7.623296525288703E-21,
            "DATARATE_RX" : -3.8116482626443515E-21
          }
        },
        "(clientPoolB, nodeD_c03, nodeD_c03)" : {
          "AppCoordinates {com.bbn, test-service1, 1}" : {
            "DATARATE_TX" : -7.623296525288703E-21,
            "DATARATE_RX" : -3.8116482626443515E-21
          }
        },
        "(clientPoolB, nodeD_c02, nodeD_c02)" : {
          "AppCoordinates {com.bbn, test-service3, 1}" : {
            "DATARATE_TX" : -7.623296525288703E-21,
            "DATARATE_RX" : -3.8116482626443515E-21
          },
          "AppCoordinates {com.bbn, test-service2, 1}" : {
            "DATARATE_TX" : 6.000000000000001E-6,
            "DATARATE_RX" : 3.0000000000000005E-6
          }
        }
      },
      "interface-nodeC ( nodeC )" : { },
      "interface-nodeA ( nodeA )" : { },
      "interface-nodeJ ( nodeJ )" : { },
      "interface-nodeF ( nodeF )" : { }
    },
    "containerReports" : {
      "nodeB_c01" : {
        "containerName" : {
          "name" : "nodeB_c01"
        },
        "timestamp" : 242487,
        "service" : {
          "group" : "com.bbn",
          "artifact" : "test-service3",
          "version" : "1"
        },
        "serviceStatus" : "RUNNING",
        "demandEstimationWindow" : "SHORT",
        "computeCapacity" : {
          "CPU" : 1.0,
          "TASK_CONTAINERS" : 100.0,
          "QueueLength" : 1000000.0
        },
        "computeLoad" : {
          "UNKNOWN" : {
            "QueueLength" : 52.0,
            "TASK_CONTAINERS" : 26.0
          }
        },
        "computeDemand" : {
          "UNKNOWN" : {
            "QueueLength" : 45.5,
            "TASK_CONTAINERS" : 22.75
          }
        },
        "averageProcessingTime" : 120000.0,
        "networkCapacity" : {
          "interface-nodeB ( nodeB )" : {
            "DATARATE_TX" : 100.0,
            "DATARATE_RX" : 100.0
          }
        },
        "networkLoad" : {
          "interface-nodeB ( nodeB )" : {
            "(clientPoolB, nodeB_c01, nodeB_c01)" : {
              "AppCoordinates {com.bbn, test-service3, 1}" : {
                "DATARATE_TX" : 1.039999999999999E-4,
                "DATARATE_RX" : 5.199999999999995E-5
              }
            }
          }
        },
        "networkDemand" : {
          "interface-nodeB ( nodeB )" : {
            "(clientPoolB, nodeB_c01, nodeB_c01)" : {
              "AppCoordinates {com.bbn, test-service3, 1}" : {
                "DATARATE_TX" : 1.0399999999999991E-4,
                "DATARATE_RX" : 5.1999999999999956E-5
              }
            }
          }
        }
      }
    },
    "maximumServiceContainers" : 20,
    "allocatedServiceContainers" : 1,
    "computeDemand" : {
      "AppCoordinates {com.bbn, test-service3, 1}" : {
        "UNKNOWN" : {
          "QueueLength" : 45.5,
          "TASK_CONTAINERS" : 22.75
        }
      }
    },
    "containerNetworkLoad" : {
      "interface-nodeB ( nodeB )" : {
        "(clientPoolB, nodeB_c01, nodeB_c01)" : {
          "AppCoordinates {com.bbn, test-service3, 1}" : {
            "DATARATE_TX" : 1.039999999999999E-4,
            "DATARATE_RX" : 5.199999999999995E-5
          }
        }
      }
    },
    "containerNetworkDemand" : {
      "interface-nodeB ( nodeB )" : {
        "(clientPoolB, nodeB_c01, nodeB_c01)" : {
          "AppCoordinates {com.bbn, test-service3, 1}" : {
            "DATARATE_TX" : 1.0399999999999991E-4,
            "DATARATE_RX" : 5.1999999999999956E-5
          }
        }
      }
    },
    "computeLoad" : {
      "AppCoordinates {com.bbn, test-service3, 1}" : {
        "UNKNOWN" : {
          "QueueLength" : 52.0,
          "TASK_CONTAINERS" : 26.0
        }
      }
    },
    "allocatedComputeCapacity" : {
      "CPU" : 1.0,
      "QueueLength" : 1000000.0,
      "TASK_CONTAINERS" : 100.0
    },
    "availableServiceContainers" : 19,
    "averageProcessingTime" : {
      "AppCoordinates {com.bbn, test-service3, 1}" : 120000.0
    }
  } ]
}