{
  "region" : {
    "name" : "E"
  },
  "minTimestamp" : 81995,
  "maxTimestamp" : 81995,
  "demandEstimationWindow" : "LONG",
  "serverCapacity" : {
    "DISK" : 10.0,
    "MEMORY" : 8.0E9,
    "CPU" : 4.0,
    "TASK_CONTAINERS" : 20.0
  },
  "serverLoad" : { },
  "serverDemand" : { },
  "serverAverageProcessingTimeCount" : { },
  "serverAverageProcessingTimeSum" : { },
  "networkCapacity" : {
    "C" : {
      "DATARATE_RX" : 100.0,
      "DATARATE_TX" : 100.0
    },
    "D" : {
      "DATARATE_RX" : 100.0,
      "DATARATE_TX" : 100.0
    }
  },
  "networkLoad" : {
    "C" : {
      "(D, C, D)" : {
        "AppCoordinates {com.bbn, test-service3, 1}" : {
          "DATARATE_TX" : 8.499999999999991E-5,
          "DATARATE_RX" : 1.6999999999999982E-4
        },
        "AppCoordinates {com.bbn, test-service2, 1}" : {
          "DATARATE_TX" : 1.3199999999999982E-4,
          "DATARATE_RX" : 2.6399999999999964E-4
        },
        "AppCoordinates {com.bbn, test-service1, 1}" : {
          "DATARATE_TX" : 2.039999999999997E-4,
          "DATARATE_RX" : 4.079999999999994E-4
        }
      }
    },
    "D" : {
      "(C, D, D)" : {
        "AppCoordinates {com.bbn, test-service3, 1}" : {
          "DATARATE_TX" : 1.6999999999999982E-4,
          "DATARATE_RX" : 8.499999999999991E-5
        },
        "AppCoordinates {com.bbn, test-service2, 1}" : {
          "DATARATE_TX" : 2.639999999999997E-4,
          "DATARATE_RX" : 1.3199999999999985E-4
        },
        "AppCoordinates {com.bbn, test-service1, 1}" : {
          "DATARATE_TX" : 4.079999999999994E-4,
          "DATARATE_RX" : 2.039999999999997E-4
        }
      }
    }
  },
  "networkDemand" : {
    "C" : {
      "(D, C, D)" : {
        "AppCoordinates {com.bbn, test-service3, 1}" : {
          "DATARATE_TX" : 8.361742424242413E-5,
          "DATARATE_RX" : 1.6723484848484826E-4
        },
        "AppCoordinates {com.bbn, test-service2, 1}" : {
          "DATARATE_TX" : 1.2941463046757157E-4,
          "DATARATE_RX" : 2.5882926093514315E-4
        },
        "AppCoordinates {com.bbn, test-service1, 1}" : {
          "DATARATE_TX" : 2.0009572649572611E-4,
          "DATARATE_RX" : 4.0019145299145223E-4
        }
      }
    },
    "D" : {
      "(C, D, D)" : {
        "AppCoordinates {com.bbn, test-service3, 1}" : {
          "DATARATE_TX" : 1.6723484848484826E-4,
          "DATARATE_RX" : 8.361742424242413E-5
        },
        "AppCoordinates {com.bbn, test-service2, 1}" : {
          "DATARATE_TX" : 2.588292609351432E-4,
          "DATARATE_RX" : 1.294146304675716E-4
        },
        "AppCoordinates {com.bbn, test-service1, 1}" : {
          "DATARATE_TX" : 4.0019145299145223E-4,
          "DATARATE_RX" : 2.0009572649572611E-4
        }
      }
    }
  },
  "maximumServiceContainers" : 20,
  "allocatedServiceContainers" : 0,
  "serverAverageProcessingTime" : { },
  "availableServiceContainers" : 20,
  "nullSummary" : false
}