{
  "region" : {
    "name" : "G"
  },
  "timestamp" : 306869,
  "servicePlan" : {
    "nodeG" : [ {
      "id" : {
        "name" : "nodeG_c01"
      },
      "service" : {
        "group" : "com.bbn",
        "artifact" : "test-service3",
        "version" : "1"
      },
      "weight" : 1.0,
      "stopTrafficTo" : false,
      "stop" : false
    } ]
  },
  "overflowPlan" : {
    "AppCoordinates {com.bbn, test-service3, 1}" : {
      "B" : 0.0,
      "E" : 0.8150677709606138,
      "F" : 0.0,
      "H" : 0.0,
      "I" : 0.0,
      "G" : 0.18493222903938622
    },
    "AppCoordinates {com.bbn, test-service2, 1}" : {
      "B" : 0.0,
      "E" : 1.0,
      "F" : 0.0,
      "H" : 0.0,
      "I" : 0.0,
      "G" : 0.0
    },
    "AppCoordinates {com.bbn, test-service1, 1}" : {
      "B" : 0.0,
      "E" : 1.0,
      "F" : 0.0,
      "H" : 0.0,
      "I" : 0.0,
      "G" : 0.0
    }
  }
}