{
  "nodeName" : {
    "name" : "nodeC"
  },
  "timestamp" : 342998,
  "demandEstimationWindow" : "SHORT",
  "nodeComputeCapacity" : {
    "CPU" : 8.0,
    "MEMORY" : 1.6E10,
    "DISK" : 10.0,
    "TASK_CONTAINERS" : 8.0
  },
  "networkCapacity" : {
    "interface-nodeD ( nodeD )" : {
      "DATARATE_RX" : 100.0,
      "DATARATE_TX" : 100.0
    },
    "interface-nodeE ( nodeE )" : {
      "DATARATE_RX" : 100.0,
      "DATARATE_TX" : 100.0
    },
    "interface-nodeA ( nodeA )" : {
      "DATARATE_RX" : 100.0,
      "DATARATE_TX" : 100.0
    }
  },
  "networkLoad" : {
    "interface-nodeD ( nodeD )" : { },
    "interface-nodeE ( nodeE )" : {
      "(nodeC_c07, clientPoolE, nodeC_c07)" : {
        "AppCoordinates {com.bbn, test-service2, 1}" : {
          "DATARATE_TX" : -3.8116482626443515E-21,
          "DATARATE_RX" : -7.623296525288703E-21
        },
        "AppCoordinates {com.bbn, test-service1, 1}" : {
          "DATARATE_TX" : 6.499999999999991E-5,
          "DATARATE_RX" : 1.2999999999999983E-4
        }
      },
      "(nodeC_c05, clientPoolE, nodeC_c05)" : {
        "AppCoordinates {com.bbn, test-service3, 1}" : {
          "DATARATE_TX" : 5.6999999999999935E-5,
          "DATARATE_RX" : 1.1399999999999987E-4
        }
      },
      "(nodeC_c06, clientPoolE, nodeC_c06)" : {
        "AppCoordinates {com.bbn, test-service3, 1}" : {
          "DATARATE_TX" : 5.2999999999999947E-5,
          "DATARATE_RX" : 1.0599999999999989E-4
        },
        "AppCoordinates {com.bbn, test-service2, 1}" : {
          "DATARATE_TX" : -3.8116482626443515E-21,
          "DATARATE_RX" : -7.623296525288703E-21
        }
      },
      "(nodeC_c03, clientPoolE, nodeC_c03)" : {
        "AppCoordinates {com.bbn, test-service3, 1}" : {
          "DATARATE_TX" : 6.79999999999999E-5,
          "DATARATE_RX" : 1.359999999999998E-4
        },
        "AppCoordinates {com.bbn, test-service1, 1}" : {
          "DATARATE_TX" : -3.8116482626443515E-21,
          "DATARATE_RX" : -7.623296525288703E-21
        }
      },
      "(nodeC_c04, clientPoolE, nodeC_c04)" : {
        "AppCoordinates {com.bbn, test-service3, 1}" : {
          "DATARATE_TX" : 5.599999999999994E-5,
          "DATARATE_RX" : 1.1199999999999988E-4
        },
        "AppCoordinates {com.bbn, test-service1, 1}" : {
          "DATARATE_TX" : -3.8116482626443515E-21,
          "DATARATE_RX" : -7.623296525288703E-21
        }
      },
      "(nodeC_c01, clientPoolE, nodeC_c01)" : {
        "AppCoordinates {com.bbn, test-service2, 1}" : {
          "DATARATE_TX" : 6.699999999999991E-5,
          "DATARATE_RX" : 1.3399999999999981E-4
        }
      },
      "(nodeC_c02, clientPoolE, nodeC_c02)" : {
        "AppCoordinates {com.bbn, test-service3, 1}" : {
          "DATARATE_TX" : 3.699999999999999E-5,
          "DATARATE_RX" : 7.399999999999998E-5
        }
      },
      "(nodeC_c00, clientPoolE, nodeC_c00)" : {
        "AppCoordinates {com.bbn, test-service3, 1}" : {
          "DATARATE_TX" : 6.199999999999992E-5,
          "DATARATE_RX" : 1.2399999999999984E-4
        },
        "AppCoordinates {com.bbn, test-service1, 1}" : {
          "DATARATE_TX" : -3.8116482626443515E-21,
          "DATARATE_RX" : -7.623296525288703E-21
        }
      }
    },
    "interface-nodeA ( nodeA )" : {
      "(nodeC_c05, clientPoolA, nodeC_c05)" : {
        "AppCoordinates {com.bbn, test-service3, 1}" : {
          "DATARATE_TX" : 5.999999999999993E-5,
          "DATARATE_RX" : 1.1999999999999985E-4
        }
      },
      "(nodeC_c06, clientPoolA, nodeC_c06)" : {
        "AppCoordinates {com.bbn, test-service3, 1}" : {
          "DATARATE_TX" : 5.899999999999993E-5,
          "DATARATE_RX" : 1.1799999999999986E-4
        },
        "AppCoordinates {com.bbn, test-service2, 1}" : {
          "DATARATE_TX" : -3.8116482626443515E-21,
          "DATARATE_RX" : -7.623296525288703E-21
        }
      },
      "(nodeC_c03, clientPoolA, nodeC_c03)" : {
        "AppCoordinates {com.bbn, test-service3, 1}" : {
          "DATARATE_TX" : 5.599999999999994E-5,
          "DATARATE_RX" : 1.1199999999999988E-4
        },
        "AppCoordinates {com.bbn, test-service1, 1}" : {
          "DATARATE_TX" : -3.8116482626443515E-21,
          "DATARATE_RX" : -7.623296525288703E-21
        }
      },
      "(nodeC_c04, clientPoolA, nodeC_c04)" : {
        "AppCoordinates {com.bbn, test-service3, 1}" : {
          "DATARATE_TX" : 6.199999999999992E-5,
          "DATARATE_RX" : 1.2399999999999984E-4
        },
        "AppCoordinates {com.bbn, test-service1, 1}" : {
          "DATARATE_TX" : -4.2351647362715017E-22,
          "DATARATE_RX" : -8.470329472543003E-22
        }
      },
      "(nodeC_c01, clientPoolA, nodeC_c01)" : {
        "AppCoordinates {com.bbn, test-service2, 1}" : {
          "DATARATE_TX" : 6.699999999999991E-5,
          "DATARATE_RX" : 1.3399999999999981E-4
        }
      },
      "(nodeC_c02, clientPoolA, nodeC_c02)" : {
        "AppCoordinates {com.bbn, test-service3, 1}" : {
          "DATARATE_TX" : 4.2999999999999975E-5,
          "DATARATE_RX" : 8.599999999999995E-5
        }
      },
      "(nodeC_c00, clientPoolA, nodeC_c00)" : {
        "AppCoordinates {com.bbn, test-service3, 1}" : {
          "DATARATE_TX" : 5.599999999999994E-5,
          "DATARATE_RX" : 1.1199999999999988E-4
        },
        "AppCoordinates {com.bbn, test-service1, 1}" : {
          "DATARATE_TX" : -3.8116482626443515E-21,
          "DATARATE_RX" : -7.623296525288703E-21
        }
      },
      "(nodeC_c07, clientPoolA, nodeC_c07)" : {
        "AppCoordinates {com.bbn, test-service2, 1}" : {
          "DATARATE_TX" : -3.8116482626443515E-21,
          "DATARATE_RX" : -7.623296525288703E-21
        },
        "AppCoordinates {com.bbn, test-service1, 1}" : {
          "DATARATE_TX" : 6.89999999999999E-5,
          "DATARATE_RX" : 1.379999999999998E-4
        }
      }
    }
  },
  "networkDemand" : {
    "interface-nodeE ( nodeE )" : {
      "(nodeC_c07, clientPoolE, nodeC_c07)" : {
        "AppCoordinates {com.bbn, test-service2, 1}" : {
          "DATARATE_TX" : -3.8116482626443515E-21,
          "DATARATE_RX" : -7.623296525288703E-21
        },
        "AppCoordinates {com.bbn, test-service1, 1}" : {
          "DATARATE_TX" : 6.514285714285705E-5,
          "DATARATE_RX" : 1.302857142857141E-4
        }
      },
      "(nodeC_c05, clientPoolE, nodeC_c05)" : {
        "AppCoordinates {com.bbn, test-service3, 1}" : {
          "DATARATE_TX" : 5.699999999999993E-5,
          "DATARATE_RX" : 1.1399999999999986E-4
        }
      },
      "(nodeC_c06, clientPoolE, nodeC_c06)" : {
        "AppCoordinates {com.bbn, test-service3, 1}" : {
          "DATARATE_TX" : 5.299999999999994E-5,
          "DATARATE_RX" : 1.0599999999999988E-4
        },
        "AppCoordinates {com.bbn, test-service2, 1}" : {
          "DATARATE_TX" : -3.8116482626443515E-21,
          "DATARATE_RX" : -7.623296525288703E-21
        }
      },
      "(nodeC_c03, clientPoolE, nodeC_c03)" : {
        "AppCoordinates {com.bbn, test-service3, 1}" : {
          "DATARATE_TX" : 6.79999999999999E-5,
          "DATARATE_RX" : 1.359999999999998E-4
        },
        "AppCoordinates {com.bbn, test-service1, 1}" : {
          "DATARATE_TX" : -3.8116482626443515E-21,
          "DATARATE_RX" : -7.623296525288703E-21
        }
      },
      "(nodeC_c04, clientPoolE, nodeC_c04)" : {
        "AppCoordinates {com.bbn, test-service3, 1}" : {
          "DATARATE_TX" : 5.5999999999999945E-5,
          "DATARATE_RX" : 1.1199999999999989E-4
        },
        "AppCoordinates {com.bbn, test-service1, 1}" : {
          "DATARATE_TX" : -3.8116482626443515E-21,
          "DATARATE_RX" : -7.623296525288703E-21
        }
      },
      "(nodeC_c01, clientPoolE, nodeC_c01)" : {
        "AppCoordinates {com.bbn, test-service2, 1}" : {
          "DATARATE_TX" : 6.699999999999991E-5,
          "DATARATE_RX" : 1.3399999999999981E-4
        }
      },
      "(nodeC_c02, clientPoolE, nodeC_c02)" : {
        "AppCoordinates {com.bbn, test-service3, 1}" : {
          "DATARATE_TX" : 3.6999999999999985E-5,
          "DATARATE_RX" : 7.399999999999997E-5
        }
      },
      "(nodeC_c00, clientPoolE, nodeC_c00)" : {
        "AppCoordinates {com.bbn, test-service3, 1}" : {
          "DATARATE_TX" : 6.199999999999992E-5,
          "DATARATE_RX" : 1.2399999999999984E-4
        },
        "AppCoordinates {com.bbn, test-service1, 1}" : {
          "DATARATE_TX" : -3.8116482626443515E-21,
          "DATARATE_RX" : -7.623296525288703E-21
        }
      }
    },
    "interface-nodeD ( nodeD )" : { },
    "interface-nodeA ( nodeA )" : {
      "(nodeC_c05, clientPoolA, nodeC_c05)" : {
        "AppCoordinates {com.bbn, test-service3, 1}" : {
          "DATARATE_TX" : 5.9999999999999934E-5,
          "DATARATE_RX" : 1.1999999999999987E-4
        }
      },
      "(nodeC_c06, clientPoolA, nodeC_c06)" : {
        "AppCoordinates {com.bbn, test-service3, 1}" : {
          "DATARATE_TX" : 5.899999999999992E-5,
          "DATARATE_RX" : 1.1799999999999985E-4
        },
        "AppCoordinates {com.bbn, test-service2, 1}" : {
          "DATARATE_TX" : -3.8116482626443515E-21,
          "DATARATE_RX" : -7.623296525288703E-21
        }
      },
      "(nodeC_c03, clientPoolA, nodeC_c03)" : {
        "AppCoordinates {com.bbn, test-service3, 1}" : {
          "DATARATE_TX" : 5.5999999999999945E-5,
          "DATARATE_RX" : 1.1199999999999989E-4
        },
        "AppCoordinates {com.bbn, test-service1, 1}" : {
          "DATARATE_TX" : -3.8116482626443515E-21,
          "DATARATE_RX" : -7.623296525288703E-21
        }
      },
      "(nodeC_c04, clientPoolA, nodeC_c04)" : {
        "AppCoordinates {com.bbn, test-service3, 1}" : {
          "DATARATE_TX" : 6.199999999999992E-5,
          "DATARATE_RX" : 1.2399999999999984E-4
        },
        "AppCoordinates {com.bbn, test-service1, 1}" : {
          "DATARATE_TX" : -4.2351647362715017E-22,
          "DATARATE_RX" : -8.470329472543003E-22
        }
      },
      "(nodeC_c01, clientPoolA, nodeC_c01)" : {
        "AppCoordinates {com.bbn, test-service2, 1}" : {
          "DATARATE_TX" : 6.699999999999991E-5,
          "DATARATE_RX" : 1.3399999999999981E-4
        }
      },
      "(nodeC_c02, clientPoolA, nodeC_c02)" : {
        "AppCoordinates {com.bbn, test-service3, 1}" : {
          "DATARATE_TX" : 4.299999999999997E-5,
          "DATARATE_RX" : 8.599999999999994E-5
        }
      },
      "(nodeC_c00, clientPoolA, nodeC_c00)" : {
        "AppCoordinates {com.bbn, test-service3, 1}" : {
          "DATARATE_TX" : 5.5999999999999945E-5,
          "DATARATE_RX" : 1.1199999999999989E-4
        },
        "AppCoordinates {com.bbn, test-service1, 1}" : {
          "DATARATE_TX" : -3.8116482626443515E-21,
          "DATARATE_RX" : -7.623296525288703E-21
        }
      },
      "(nodeC_c07, clientPoolA, nodeC_c07)" : {
        "AppCoordinates {com.bbn, test-service2, 1}" : {
          "DATARATE_TX" : -3.8116482626443515E-21,
          "DATARATE_RX" : -7.623296525288703E-21
        },
        "AppCoordinates {com.bbn, test-service1, 1}" : {
          "DATARATE_TX" : 6.842857142857133E-5,
          "DATARATE_RX" : 1.3685714285714267E-4
        }
      }
    }
  },
  "containerReports" : {
    "nodeC_c01" : {
      "containerName" : {
        "name" : "nodeC_c01"
      },
      "timestamp" : 342998,
      "service" : {
        "group" : "com.bbn",
        "artifact" : "test-service2",
        "version" : "1"
      },
      "serviceStatus" : "RUNNING",
      "demandEstimationWindow" : "SHORT",
      "computeCapacity" : {
        "CPU" : 1.0,
        "TASK_CONTAINERS" : 100.0,
        "QueueLength" : 1000000.0
      },
      "computeLoad" : {
        "UNKNOWN" : {
          "QueueLength" : 200.0,
          "TASK_CONTAINERS" : 100.0
        }
      },
      "computeDemand" : {
        "UNKNOWN" : {
          "QueueLength" : 175.0,
          "TASK_CONTAINERS" : 87.5
        }
      },
      "averageProcessingTime" : 120000.0,
      "networkCapacity" : {
        "interface-nodeC ( nodeC )" : {
          "DATARATE_TX" : 100.0,
          "DATARATE_RX" : 100.0
        }
      },
      "networkLoad" : {
        "interface-nodeC ( nodeC )" : {
          "(clientPoolC, nodeC_c01, nodeC_c01)" : {
            "AppCoordinates {com.bbn, test-service2, 1}" : {
              "DATARATE_TX" : 8.000000000000064E-4,
              "DATARATE_RX" : 4.000000000000032E-4
            }
          },
          "(clientPoolE, nodeC_c01, nodeC_c01)" : {
            "AppCoordinates {com.bbn, test-service2, 1}" : {
              "DATARATE_TX" : 8.000000000000064E-4,
              "DATARATE_RX" : 4.000000000000032E-4
            }
          },
          "(clientPoolA, nodeC_c01, nodeC_c01)" : {
            "AppCoordinates {com.bbn, test-service2, 1}" : {
              "DATARATE_TX" : 8.000000000000064E-4,
              "DATARATE_RX" : 4.000000000000032E-4
            }
          }
        }
      },
      "networkDemand" : {
        "interface-nodeC ( nodeC )" : {
          "(clientPoolC, nodeC_c01, nodeC_c01)" : {
            "AppCoordinates {com.bbn, test-service2, 1}" : {
              "DATARATE_TX" : 8.000000000000064E-4,
              "DATARATE_RX" : 4.000000000000032E-4
            }
          },
          "(clientPoolE, nodeC_c01, nodeC_c01)" : {
            "AppCoordinates {com.bbn, test-service2, 1}" : {
              "DATARATE_TX" : 8.000000000000064E-4,
              "DATARATE_RX" : 4.000000000000032E-4
            }
          },
          "(clientPoolA, nodeC_c01, nodeC_c01)" : {
            "AppCoordinates {com.bbn, test-service2, 1}" : {
              "DATARATE_TX" : 8.000000000000064E-4,
              "DATARATE_RX" : 4.000000000000032E-4
            }
          }
        }
      }
    },
    "nodeC_c02" : {
      "containerName" : {
        "name" : "nodeC_c02"
      },
      "timestamp" : 343000,
      "service" : {
        "group" : "com.bbn",
        "artifact" : "test-service3",
        "version" : "1"
      },
      "serviceStatus" : "RUNNING",
      "demandEstimationWindow" : "SHORT",
      "computeCapacity" : {
        "CPU" : 1.0,
        "TASK_CONTAINERS" : 100.0,
        "QueueLength" : 1000000.0
      },
      "computeLoad" : {
        "UNKNOWN" : {
          "QueueLength" : 124.0,
          "TASK_CONTAINERS" : 62.0
        }
      },
      "computeDemand" : {
        "UNKNOWN" : {
          "QueueLength" : 108.5,
          "TASK_CONTAINERS" : 54.25
        }
      },
      "averageProcessingTime" : 120000.0,
      "networkCapacity" : {
        "interface-nodeC ( nodeC )" : {
          "DATARATE_TX" : 100.0,
          "DATARATE_RX" : 100.0
        }
      },
      "networkLoad" : {
        "interface-nodeC ( nodeC )" : {
          "(clientPoolE, nodeC_c02, nodeC_c02)" : {
            "AppCoordinates {com.bbn, test-service3, 1}" : {
              "DATARATE_TX" : 1.1199999999999988E-4,
              "DATARATE_RX" : 5.599999999999994E-5
            }
          },
          "(clientPoolA, nodeC_c02, nodeC_c02)" : {
            "AppCoordinates {com.bbn, test-service3, 1}" : {
              "DATARATE_TX" : 1.2199999999999985E-4,
              "DATARATE_RX" : 6.0999999999999924E-5
            }
          },
          "(clientPoolC, nodeC_c02, nodeC_c02)" : {
            "AppCoordinates {com.bbn, test-service3, 1}" : {
              "DATARATE_TX" : 1.379999999999998E-4,
              "DATARATE_RX" : 6.89999999999999E-5
            }
          }
        }
      },
      "networkDemand" : {
        "interface-nodeC ( nodeC )" : {
          "(clientPoolE, nodeC_c02, nodeC_c02)" : {
            "AppCoordinates {com.bbn, test-service3, 1}" : {
              "DATARATE_TX" : 1.1199999999999989E-4,
              "DATARATE_RX" : 5.5999999999999945E-5
            }
          },
          "(clientPoolA, nodeC_c02, nodeC_c02)" : {
            "AppCoordinates {com.bbn, test-service3, 1}" : {
              "DATARATE_TX" : 1.2199999999999983E-4,
              "DATARATE_RX" : 6.099999999999992E-5
            }
          },
          "(clientPoolC, nodeC_c02, nodeC_c02)" : {
            "AppCoordinates {com.bbn, test-service3, 1}" : {
              "DATARATE_TX" : 1.379999999999998E-4,
              "DATARATE_RX" : 6.89999999999999E-5
            }
          }
        }
      }
    },
    "nodeC_c00" : {
      "containerName" : {
        "name" : "nodeC_c00"
      },
      "timestamp" : 343002,
      "service" : {
        "group" : "com.bbn",
        "artifact" : "test-service3",
        "version" : "1"
      },
      "serviceStatus" : "RUNNING",
      "demandEstimationWindow" : "SHORT",
      "computeCapacity" : {
        "CPU" : 1.0,
        "TASK_CONTAINERS" : 100.0,
        "QueueLength" : 1000000.0
      },
      "computeLoad" : {
        "UNKNOWN" : {
          "QueueLength" : 187.0,
          "TASK_CONTAINERS" : 93.5
        }
      },
      "computeDemand" : {
        "UNKNOWN" : {
          "QueueLength" : 163.625,
          "TASK_CONTAINERS" : 81.8125
        }
      },
      "averageProcessingTime" : "NaN",
      "networkCapacity" : {
        "interface-nodeC ( nodeC )" : {
          "DATARATE_TX" : 100.0,
          "DATARATE_RX" : 100.0
        }
      },
      "networkLoad" : {
        "interface-nodeC ( nodeC )" : {
          "(clientPoolC, nodeC_c00, nodeC_c00)" : {
            "AppCoordinates {com.bbn, test-service3, 1}" : {
              "DATARATE_TX" : 1.379999999999998E-4,
              "DATARATE_RX" : 6.89999999999999E-5
            }
          },
          "(clientPoolE, nodeC_c00, nodeC_c00)" : {
            "AppCoordinates {com.bbn, test-service3, 1}" : {
              "DATARATE_TX" : 1.2399999999999984E-4,
              "DATARATE_RX" : 6.199999999999992E-5
            }
          },
          "(clientPoolA, nodeC_c00, nodeC_c00)" : {
            "AppCoordinates {com.bbn, test-service3, 1}" : {
              "DATARATE_TX" : 1.1199999999999988E-4,
              "DATARATE_RX" : 5.599999999999994E-5
            }
          }
        }
      },
      "networkDemand" : {
        "interface-nodeC ( nodeC )" : {
          "(clientPoolC, nodeC_c00, nodeC_c00)" : {
            "AppCoordinates {com.bbn, test-service3, 1}" : {
              "DATARATE_TX" : 1.379999999999998E-4,
              "DATARATE_RX" : 6.89999999999999E-5
            }
          },
          "(clientPoolE, nodeC_c00, nodeC_c00)" : {
            "AppCoordinates {com.bbn, test-service3, 1}" : {
              "DATARATE_TX" : 1.2399999999999984E-4,
              "DATARATE_RX" : 6.199999999999992E-5
            }
          },
          "(clientPoolA, nodeC_c00, nodeC_c00)" : {
            "AppCoordinates {com.bbn, test-service3, 1}" : {
              "DATARATE_TX" : 1.1199999999999989E-4,
              "DATARATE_RX" : 5.5999999999999945E-5
            }
          }
        }
      }
    },
    "nodeC_c05" : {
      "containerName" : {
        "name" : "nodeC_c05"
      },
      "timestamp" : 343003,
      "service" : {
        "group" : "com.bbn",
        "artifact" : "test-service3",
        "version" : "1"
      },
      "serviceStatus" : "RUNNING",
      "demandEstimationWindow" : "SHORT",
      "computeCapacity" : {
        "CPU" : 1.0,
        "TASK_CONTAINERS" : 100.0,
        "QueueLength" : 1000000.0
      },
      "computeLoad" : {
        "UNKNOWN" : {
          "QueueLength" : 178.0,
          "TASK_CONTAINERS" : 89.0
        }
      },
      "computeDemand" : {
        "UNKNOWN" : {
          "QueueLength" : 155.75,
          "TASK_CONTAINERS" : 77.875
        }
      },
      "averageProcessingTime" : 120000.0,
      "networkCapacity" : {
        "interface-nodeC ( nodeC )" : {
          "DATARATE_TX" : 100.0,
          "DATARATE_RX" : 100.0
        }
      },
      "networkLoad" : {
        "interface-nodeC ( nodeC )" : {
          "(clientPoolA, nodeC_c05, nodeC_c05)" : {
            "AppCoordinates {com.bbn, test-service3, 1}" : {
              "DATARATE_TX" : 1.2399999999999987E-4,
              "DATARATE_RX" : 6.199999999999993E-5
            }
          },
          "(clientPoolC, nodeC_c05, nodeC_c05)" : {
            "AppCoordinates {com.bbn, test-service3, 1}" : {
              "DATARATE_TX" : 1.2799999999999986E-4,
              "DATARATE_RX" : 6.399999999999993E-5
            }
          },
          "(clientPoolE, nodeC_c05, nodeC_c05)" : {
            "AppCoordinates {com.bbn, test-service3, 1}" : {
              "DATARATE_TX" : 1.1999999999999988E-4,
              "DATARATE_RX" : 5.999999999999994E-5
            }
          }
        }
      },
      "networkDemand" : {
        "interface-nodeC ( nodeC )" : {
          "(clientPoolA, nodeC_c05, nodeC_c05)" : {
            "AppCoordinates {com.bbn, test-service3, 1}" : {
              "DATARATE_TX" : 1.2399999999999987E-4,
              "DATARATE_RX" : 6.199999999999993E-5
            }
          },
          "(clientPoolC, nodeC_c05, nodeC_c05)" : {
            "AppCoordinates {com.bbn, test-service3, 1}" : {
              "DATARATE_TX" : 1.2799999999999986E-4,
              "DATARATE_RX" : 6.399999999999993E-5
            }
          },
          "(clientPoolE, nodeC_c05, nodeC_c05)" : {
            "AppCoordinates {com.bbn, test-service3, 1}" : {
              "DATARATE_TX" : 1.1999999999999988E-4,
              "DATARATE_RX" : 5.999999999999994E-5
            }
          }
        }
      }
    },
    "nodeC_c06" : {
      "containerName" : {
        "name" : "nodeC_c06"
      },
      "timestamp" : 343005,
      "service" : {
        "group" : "com.bbn",
        "artifact" : "test-service3",
        "version" : "1"
      },
      "serviceStatus" : "RUNNING",
      "demandEstimationWindow" : "SHORT",
      "computeCapacity" : {
        "CPU" : 1.0,
        "TASK_CONTAINERS" : 100.0,
        "QueueLength" : 1000000.0
      },
      "computeLoad" : {
        "UNKNOWN" : {
          "QueueLength" : 181.0,
          "TASK_CONTAINERS" : 90.5
        }
      },
      "computeDemand" : {
        "UNKNOWN" : {
          "QueueLength" : 158.375,
          "TASK_CONTAINERS" : 79.1875
        }
      },
      "averageProcessingTime" : 120000.0,
      "networkCapacity" : {
        "interface-nodeC ( nodeC )" : {
          "DATARATE_TX" : 100.0,
          "DATARATE_RX" : 100.0
        }
      },
      "networkLoad" : {
        "interface-nodeC ( nodeC )" : {
          "(clientPoolA, nodeC_c06, nodeC_c06)" : {
            "AppCoordinates {com.bbn, test-service3, 1}" : {
              "DATARATE_TX" : 1.1999999999999985E-4,
              "DATARATE_RX" : 5.999999999999993E-5
            }
          },
          "(clientPoolC, nodeC_c06, nodeC_c06)" : {
            "AppCoordinates {com.bbn, test-service3, 1}" : {
              "DATARATE_TX" : 1.419999999999998E-4,
              "DATARATE_RX" : 7.09999999999999E-5
            }
          },
          "(clientPoolE, nodeC_c06, nodeC_c06)" : {
            "AppCoordinates {com.bbn, test-service3, 1}" : {
              "DATARATE_TX" : 1.1199999999999988E-4,
              "DATARATE_RX" : 5.599999999999994E-5
            }
          }
        }
      },
      "networkDemand" : {
        "interface-nodeC ( nodeC )" : {
          "(clientPoolA, nodeC_c06, nodeC_c06)" : {
            "AppCoordinates {com.bbn, test-service3, 1}" : {
              "DATARATE_TX" : 1.1999999999999987E-4,
              "DATARATE_RX" : 5.9999999999999934E-5
            }
          },
          "(clientPoolC, nodeC_c06, nodeC_c06)" : {
            "AppCoordinates {com.bbn, test-service3, 1}" : {
              "DATARATE_TX" : 1.419999999999998E-4,
              "DATARATE_RX" : 7.09999999999999E-5
            }
          },
          "(clientPoolE, nodeC_c06, nodeC_c06)" : {
            "AppCoordinates {com.bbn, test-service3, 1}" : {
              "DATARATE_TX" : 1.1199999999999989E-4,
              "DATARATE_RX" : 5.5999999999999945E-5
            }
          }
        }
      }
    },
    "nodeC_c03" : {
      "containerName" : {
        "name" : "nodeC_c03"
      },
      "timestamp" : 343008,
      "service" : {
        "group" : "com.bbn",
        "artifact" : "test-service3",
        "version" : "1"
      },
      "serviceStatus" : "RUNNING",
      "demandEstimationWindow" : "SHORT",
      "computeCapacity" : {
        "CPU" : 1.0,
        "TASK_CONTAINERS" : 100.0,
        "QueueLength" : 1000000.0
      },
      "computeLoad" : {
        "UNKNOWN" : {
          "QueueLength" : 183.0,
          "TASK_CONTAINERS" : 91.5
        }
      },
      "computeDemand" : {
        "UNKNOWN" : {
          "QueueLength" : 160.125,
          "TASK_CONTAINERS" : 80.0625
        }
      },
      "averageProcessingTime" : 120000.0,
      "networkCapacity" : {
        "interface-nodeC ( nodeC )" : {
          "DATARATE_TX" : 100.0,
          "DATARATE_RX" : 100.0
        }
      },
      "networkLoad" : {
        "interface-nodeC ( nodeC )" : {
          "(clientPoolE, nodeC_c03, nodeC_c03)" : {
            "AppCoordinates {com.bbn, test-service3, 1}" : {
              "DATARATE_TX" : 1.359999999999998E-4,
              "DATARATE_RX" : 6.79999999999999E-5
            }
          },
          "(clientPoolA, nodeC_c03, nodeC_c03)" : {
            "AppCoordinates {com.bbn, test-service3, 1}" : {
              "DATARATE_TX" : 1.1799999999999986E-4,
              "DATARATE_RX" : 5.899999999999993E-5
            }
          },
          "(clientPoolC, nodeC_c03, nodeC_c03)" : {
            "AppCoordinates {com.bbn, test-service3, 1}" : {
              "DATARATE_TX" : 1.1999999999999985E-4,
              "DATARATE_RX" : 5.999999999999993E-5
            }
          }
        }
      },
      "networkDemand" : {
        "interface-nodeC ( nodeC )" : {
          "(clientPoolE, nodeC_c03, nodeC_c03)" : {
            "AppCoordinates {com.bbn, test-service3, 1}" : {
              "DATARATE_TX" : 1.359999999999998E-4,
              "DATARATE_RX" : 6.79999999999999E-5
            }
          },
          "(clientPoolA, nodeC_c03, nodeC_c03)" : {
            "AppCoordinates {com.bbn, test-service3, 1}" : {
              "DATARATE_TX" : 1.1799999999999985E-4,
              "DATARATE_RX" : 5.899999999999992E-5
            }
          },
          "(clientPoolC, nodeC_c03, nodeC_c03)" : {
            "AppCoordinates {com.bbn, test-service3, 1}" : {
              "DATARATE_TX" : 1.1999999999999987E-4,
              "DATARATE_RX" : 5.9999999999999934E-5
            }
          }
        }
      }
    },
    "nodeC_c04" : {
      "containerName" : {
        "name" : "nodeC_c04"
      },
      "timestamp" : 343010,
      "service" : {
        "group" : "com.bbn",
        "artifact" : "test-service3",
        "version" : "1"
      },
      "serviceStatus" : "RUNNING",
      "demandEstimationWindow" : "SHORT",
      "computeCapacity" : {
        "CPU" : 1.0,
        "TASK_CONTAINERS" : 100.0,
        "QueueLength" : 1000000.0
      },
      "computeLoad" : {
        "UNKNOWN" : {
          "QueueLength" : 182.0,
          "TASK_CONTAINERS" : 91.0
        }
      },
      "computeDemand" : {
        "UNKNOWN" : {
          "QueueLength" : 159.25,
          "TASK_CONTAINERS" : 79.625
        }
      },
      "averageProcessingTime" : 120000.0,
      "networkCapacity" : {
        "interface-nodeC ( nodeC )" : {
          "DATARATE_TX" : 100.0,
          "DATARATE_RX" : 100.0
        }
      },
      "networkLoad" : {
        "interface-nodeC ( nodeC )" : {
          "(clientPoolA, nodeC_c04, nodeC_c04)" : {
            "AppCoordinates {com.bbn, test-service3, 1}" : {
              "DATARATE_TX" : 1.2399999999999987E-4,
              "DATARATE_RX" : 6.199999999999993E-5
            }
          },
          "(clientPoolC, nodeC_c04, nodeC_c04)" : {
            "AppCoordinates {com.bbn, test-service3, 1}" : {
              "DATARATE_TX" : 1.3399999999999984E-4,
              "DATARATE_RX" : 6.699999999999992E-5
            }
          },
          "(clientPoolE, nodeC_c04, nodeC_c04)" : {
            "AppCoordinates {com.bbn, test-service3, 1}" : {
              "DATARATE_TX" : 1.1599999999999989E-4,
              "DATARATE_RX" : 5.7999999999999946E-5
            }
          }
        }
      },
      "networkDemand" : {
        "interface-nodeC ( nodeC )" : {
          "(clientPoolA, nodeC_c04, nodeC_c04)" : {
            "AppCoordinates {com.bbn, test-service3, 1}" : {
              "DATARATE_TX" : 1.2399999999999987E-4,
              "DATARATE_RX" : 6.199999999999993E-5
            }
          },
          "(clientPoolC, nodeC_c04, nodeC_c04)" : {
            "AppCoordinates {com.bbn, test-service3, 1}" : {
              "DATARATE_TX" : 1.3399999999999981E-4,
              "DATARATE_RX" : 6.699999999999991E-5
            }
          },
          "(clientPoolE, nodeC_c04, nodeC_c04)" : {
            "AppCoordinates {com.bbn, test-service3, 1}" : {
              "DATARATE_TX" : 1.1599999999999989E-4,
              "DATARATE_RX" : 5.7999999999999946E-5
            }
          }
        }
      }
    },
    "nodeC_c07" : {
      "containerName" : {
        "name" : "nodeC_c07"
      },
      "timestamp" : 343030,
      "service" : {
        "group" : "com.bbn",
        "artifact" : "test-service1",
        "version" : "1"
      },
      "serviceStatus" : "RUNNING",
      "demandEstimationWindow" : "SHORT",
      "computeCapacity" : {
        "CPU" : 1.0,
        "TASK_CONTAINERS" : 100.0,
        "QueueLength" : 1000000.0
      },
      "computeLoad" : {
        "UNKNOWN" : {
          "QueueLength" : 200.0,
          "TASK_CONTAINERS" : 100.0
        }
      },
      "computeDemand" : {
        "UNKNOWN" : {
          "QueueLength" : 171.42857142857142,
          "TASK_CONTAINERS" : 85.71428571428571
        }
      },
      "averageProcessingTime" : 120000.0,
      "networkCapacity" : {
        "interface-nodeC ( nodeC )" : {
          "DATARATE_TX" : 100.0,
          "DATARATE_RX" : 100.0
        }
      },
      "networkLoad" : {
        "interface-nodeC ( nodeC )" : {
          "(clientPoolA, nodeC_c07, nodeC_c07)" : {
            "AppCoordinates {com.bbn, test-service1, 1}" : {
              "DATARATE_TX" : 8.000000000000064E-4,
              "DATARATE_RX" : 4.000000000000032E-4
            }
          },
          "(clientPoolC, nodeC_c07, nodeC_c07)" : {
            "AppCoordinates {com.bbn, test-service1, 1}" : {
              "DATARATE_TX" : 8.020000000000065E-4,
              "DATARATE_RX" : 4.0100000000000324E-4
            }
          },
          "(clientPoolE, nodeC_c07, nodeC_c07)" : {
            "AppCoordinates {com.bbn, test-service1, 1}" : {
              "DATARATE_TX" : 8.000000000000064E-4,
              "DATARATE_RX" : 4.000000000000032E-4
            }
          }
        }
      },
      "networkDemand" : {
        "interface-nodeC ( nodeC )" : {
          "(clientPoolA, nodeC_c07, nodeC_c07)" : {
            "AppCoordinates {com.bbn, test-service1, 1}" : {
              "DATARATE_TX" : 8.000000000000064E-4,
              "DATARATE_RX" : 4.000000000000032E-4
            }
          },
          "(clientPoolC, nodeC_c07, nodeC_c07)" : {
            "AppCoordinates {com.bbn, test-service1, 1}" : {
              "DATARATE_TX" : 8.020000000000064E-4,
              "DATARATE_RX" : 4.010000000000032E-4
            }
          },
          "(clientPoolE, nodeC_c07, nodeC_c07)" : {
            "AppCoordinates {com.bbn, test-service1, 1}" : {
              "DATARATE_TX" : 8.000000000000064E-4,
              "DATARATE_RX" : 4.000000000000032E-4
            }
          }
        }
      }
    }
  },
  "maximumServiceContainers" : 8,
  "allocatedServiceContainers" : 8,
  "computeDemand" : {
    "AppCoordinates {com.bbn, test-service3, 1}" : {
      "UNKNOWN" : {
        "QueueLength" : 905.625,
        "TASK_CONTAINERS" : 452.8125
      }
    },
    "AppCoordinates {com.bbn, test-service2, 1}" : {
      "UNKNOWN" : {
        "QueueLength" : 175.0,
        "TASK_CONTAINERS" : 87.5
      }
    },
    "AppCoordinates {com.bbn, test-service1, 1}" : {
      "UNKNOWN" : {
        "QueueLength" : 171.42857142857142,
        "TASK_CONTAINERS" : 85.71428571428571
      }
    }
  },
  "containerNetworkLoad" : {
    "interface-nodeC ( nodeC )" : {
      "(clientPoolE, nodeC_c03, nodeC_c03)" : {
        "AppCoordinates {com.bbn, test-service3, 1}" : {
          "DATARATE_TX" : 1.359999999999998E-4,
          "DATARATE_RX" : 6.79999999999999E-5
        }
      },
      "(clientPoolC, nodeC_c01, nodeC_c01)" : {
        "AppCoordinates {com.bbn, test-service2, 1}" : {
          "DATARATE_TX" : 8.000000000000064E-4,
          "DATARATE_RX" : 4.000000000000032E-4
        }
      },
      "(clientPoolC, nodeC_c00, nodeC_c00)" : {
        "AppCoordinates {com.bbn, test-service3, 1}" : {
          "DATARATE_TX" : 1.379999999999998E-4,
          "DATARATE_RX" : 6.89999999999999E-5
        }
      },
      "(clientPoolE, nodeC_c02, nodeC_c02)" : {
        "AppCoordinates {com.bbn, test-service3, 1}" : {
          "DATARATE_TX" : 1.1199999999999988E-4,
          "DATARATE_RX" : 5.599999999999994E-5
        }
      },
      "(clientPoolE, nodeC_c01, nodeC_c01)" : {
        "AppCoordinates {com.bbn, test-service2, 1}" : {
          "DATARATE_TX" : 8.000000000000064E-4,
          "DATARATE_RX" : 4.000000000000032E-4
        }
      },
      "(clientPoolE, nodeC_c00, nodeC_c00)" : {
        "AppCoordinates {com.bbn, test-service3, 1}" : {
          "DATARATE_TX" : 1.2399999999999984E-4,
          "DATARATE_RX" : 6.199999999999992E-5
        }
      },
      "(clientPoolE, nodeC_c07, nodeC_c07)" : {
        "AppCoordinates {com.bbn, test-service1, 1}" : {
          "DATARATE_TX" : 8.000000000000064E-4,
          "DATARATE_RX" : 4.000000000000032E-4
        }
      },
      "(clientPoolA, nodeC_c03, nodeC_c03)" : {
        "AppCoordinates {com.bbn, test-service3, 1}" : {
          "DATARATE_TX" : 1.1799999999999986E-4,
          "DATARATE_RX" : 5.899999999999993E-5
        }
      },
      "(clientPoolC, nodeC_c05, nodeC_c05)" : {
        "AppCoordinates {com.bbn, test-service3, 1}" : {
          "DATARATE_TX" : 1.2799999999999986E-4,
          "DATARATE_RX" : 6.399999999999993E-5
        }
      },
      "(clientPoolC, nodeC_c04, nodeC_c04)" : {
        "AppCoordinates {com.bbn, test-service3, 1}" : {
          "DATARATE_TX" : 1.3399999999999984E-4,
          "DATARATE_RX" : 6.699999999999992E-5
        }
      },
      "(clientPoolE, nodeC_c06, nodeC_c06)" : {
        "AppCoordinates {com.bbn, test-service3, 1}" : {
          "DATARATE_TX" : 1.1199999999999988E-4,
          "DATARATE_RX" : 5.599999999999994E-5
        }
      },
      "(clientPoolA, nodeC_c02, nodeC_c02)" : {
        "AppCoordinates {com.bbn, test-service3, 1}" : {
          "DATARATE_TX" : 1.2199999999999985E-4,
          "DATARATE_RX" : 6.0999999999999924E-5
        }
      },
      "(clientPoolC, nodeC_c03, nodeC_c03)" : {
        "AppCoordinates {com.bbn, test-service3, 1}" : {
          "DATARATE_TX" : 1.1999999999999985E-4,
          "DATARATE_RX" : 5.999999999999993E-5
        }
      },
      "(clientPoolE, nodeC_c05, nodeC_c05)" : {
        "AppCoordinates {com.bbn, test-service3, 1}" : {
          "DATARATE_TX" : 1.1999999999999988E-4,
          "DATARATE_RX" : 5.999999999999994E-5
        }
      },
      "(clientPoolA, nodeC_c01, nodeC_c01)" : {
        "AppCoordinates {com.bbn, test-service2, 1}" : {
          "DATARATE_TX" : 8.000000000000064E-4,
          "DATARATE_RX" : 4.000000000000032E-4
        }
      },
      "(clientPoolE, nodeC_c04, nodeC_c04)" : {
        "AppCoordinates {com.bbn, test-service3, 1}" : {
          "DATARATE_TX" : 1.1599999999999989E-4,
          "DATARATE_RX" : 5.7999999999999946E-5
        }
      },
      "(clientPoolA, nodeC_c00, nodeC_c00)" : {
        "AppCoordinates {com.bbn, test-service3, 1}" : {
          "DATARATE_TX" : 1.1199999999999988E-4,
          "DATARATE_RX" : 5.599999999999994E-5
        }
      },
      "(clientPoolC, nodeC_c02, nodeC_c02)" : {
        "AppCoordinates {com.bbn, test-service3, 1}" : {
          "DATARATE_TX" : 1.379999999999998E-4,
          "DATARATE_RX" : 6.89999999999999E-5
        }
      },
      "(clientPoolA, nodeC_c07, nodeC_c07)" : {
        "AppCoordinates {com.bbn, test-service1, 1}" : {
          "DATARATE_TX" : 8.000000000000064E-4,
          "DATARATE_RX" : 4.000000000000032E-4
        }
      },
      "(clientPoolA, nodeC_c06, nodeC_c06)" : {
        "AppCoordinates {com.bbn, test-service3, 1}" : {
          "DATARATE_TX" : 1.1999999999999985E-4,
          "DATARATE_RX" : 5.999999999999993E-5
        }
      },
      "(clientPoolC, nodeC_c07, nodeC_c07)" : {
        "AppCoordinates {com.bbn, test-service1, 1}" : {
          "DATARATE_TX" : 8.020000000000065E-4,
          "DATARATE_RX" : 4.0100000000000324E-4
        }
      },
      "(clientPoolA, nodeC_c05, nodeC_c05)" : {
        "AppCoordinates {com.bbn, test-service3, 1}" : {
          "DATARATE_TX" : 1.2399999999999987E-4,
          "DATARATE_RX" : 6.199999999999993E-5
        }
      },
      "(clientPoolA, nodeC_c04, nodeC_c04)" : {
        "AppCoordinates {com.bbn, test-service3, 1}" : {
          "DATARATE_TX" : 1.2399999999999987E-4,
          "DATARATE_RX" : 6.199999999999993E-5
        }
      },
      "(clientPoolC, nodeC_c06, nodeC_c06)" : {
        "AppCoordinates {com.bbn, test-service3, 1}" : {
          "DATARATE_TX" : 1.419999999999998E-4,
          "DATARATE_RX" : 7.09999999999999E-5
        }
      }
    }
  },
  "containerNetworkDemand" : {
    "interface-nodeC ( nodeC )" : {
      "(clientPoolE, nodeC_c03, nodeC_c03)" : {
        "AppCoordinates {com.bbn, test-service3, 1}" : {
          "DATARATE_TX" : 1.359999999999998E-4,
          "DATARATE_RX" : 6.79999999999999E-5
        }
      },
      "(clientPoolC, nodeC_c01, nodeC_c01)" : {
        "AppCoordinates {com.bbn, test-service2, 1}" : {
          "DATARATE_TX" : 8.000000000000064E-4,
          "DATARATE_RX" : 4.000000000000032E-4
        }
      },
      "(clientPoolC, nodeC_c00, nodeC_c00)" : {
        "AppCoordinates {com.bbn, test-service3, 1}" : {
          "DATARATE_TX" : 1.379999999999998E-4,
          "DATARATE_RX" : 6.89999999999999E-5
        }
      },
      "(clientPoolE, nodeC_c02, nodeC_c02)" : {
        "AppCoordinates {com.bbn, test-service3, 1}" : {
          "DATARATE_TX" : 1.1199999999999989E-4,
          "DATARATE_RX" : 5.5999999999999945E-5
        }
      },
      "(clientPoolE, nodeC_c01, nodeC_c01)" : {
        "AppCoordinates {com.bbn, test-service2, 1}" : {
          "DATARATE_TX" : 8.000000000000064E-4,
          "DATARATE_RX" : 4.000000000000032E-4
        }
      },
      "(clientPoolE, nodeC_c00, nodeC_c00)" : {
        "AppCoordinates {com.bbn, test-service3, 1}" : {
          "DATARATE_TX" : 1.2399999999999984E-4,
          "DATARATE_RX" : 6.199999999999992E-5
        }
      },
      "(clientPoolE, nodeC_c07, nodeC_c07)" : {
        "AppCoordinates {com.bbn, test-service1, 1}" : {
          "DATARATE_TX" : 8.000000000000064E-4,
          "DATARATE_RX" : 4.000000000000032E-4
        }
      },
      "(clientPoolA, nodeC_c03, nodeC_c03)" : {
        "AppCoordinates {com.bbn, test-service3, 1}" : {
          "DATARATE_TX" : 1.1799999999999985E-4,
          "DATARATE_RX" : 5.899999999999992E-5
        }
      },
      "(clientPoolC, nodeC_c05, nodeC_c05)" : {
        "AppCoordinates {com.bbn, test-service3, 1}" : {
          "DATARATE_TX" : 1.2799999999999986E-4,
          "DATARATE_RX" : 6.399999999999993E-5
        }
      },
      "(clientPoolC, nodeC_c04, nodeC_c04)" : {
        "AppCoordinates {com.bbn, test-service3, 1}" : {
          "DATARATE_TX" : 1.3399999999999981E-4,
          "DATARATE_RX" : 6.699999999999991E-5
        }
      },
      "(clientPoolE, nodeC_c06, nodeC_c06)" : {
        "AppCoordinates {com.bbn, test-service3, 1}" : {
          "DATARATE_TX" : 1.1199999999999989E-4,
          "DATARATE_RX" : 5.5999999999999945E-5
        }
      },
      "(clientPoolA, nodeC_c02, nodeC_c02)" : {
        "AppCoordinates {com.bbn, test-service3, 1}" : {
          "DATARATE_TX" : 1.2199999999999983E-4,
          "DATARATE_RX" : 6.099999999999992E-5
        }
      },
      "(clientPoolC, nodeC_c03, nodeC_c03)" : {
        "AppCoordinates {com.bbn, test-service3, 1}" : {
          "DATARATE_TX" : 1.1999999999999987E-4,
          "DATARATE_RX" : 5.9999999999999934E-5
        }
      },
      "(clientPoolE, nodeC_c05, nodeC_c05)" : {
        "AppCoordinates {com.bbn, test-service3, 1}" : {
          "DATARATE_TX" : 1.1999999999999988E-4,
          "DATARATE_RX" : 5.999999999999994E-5
        }
      },
      "(clientPoolA, nodeC_c01, nodeC_c01)" : {
        "AppCoordinates {com.bbn, test-service2, 1}" : {
          "DATARATE_TX" : 8.000000000000064E-4,
          "DATARATE_RX" : 4.000000000000032E-4
        }
      },
      "(clientPoolE, nodeC_c04, nodeC_c04)" : {
        "AppCoordinates {com.bbn, test-service3, 1}" : {
          "DATARATE_TX" : 1.1599999999999989E-4,
          "DATARATE_RX" : 5.7999999999999946E-5
        }
      },
      "(clientPoolA, nodeC_c00, nodeC_c00)" : {
        "AppCoordinates {com.bbn, test-service3, 1}" : {
          "DATARATE_TX" : 1.1199999999999989E-4,
          "DATARATE_RX" : 5.5999999999999945E-5
        }
      },
      "(clientPoolC, nodeC_c02, nodeC_c02)" : {
        "AppCoordinates {com.bbn, test-service3, 1}" : {
          "DATARATE_TX" : 1.379999999999998E-4,
          "DATARATE_RX" : 6.89999999999999E-5
        }
      },
      "(clientPoolA, nodeC_c07, nodeC_c07)" : {
        "AppCoordinates {com.bbn, test-service1, 1}" : {
          "DATARATE_TX" : 8.000000000000064E-4,
          "DATARATE_RX" : 4.000000000000032E-4
        }
      },
      "(clientPoolA, nodeC_c06, nodeC_c06)" : {
        "AppCoordinates {com.bbn, test-service3, 1}" : {
          "DATARATE_TX" : 1.1999999999999987E-4,
          "DATARATE_RX" : 5.9999999999999934E-5
        }
      },
      "(clientPoolC, nodeC_c07, nodeC_c07)" : {
        "AppCoordinates {com.bbn, test-service1, 1}" : {
          "DATARATE_TX" : 8.020000000000064E-4,
          "DATARATE_RX" : 4.010000000000032E-4
        }
      },
      "(clientPoolA, nodeC_c05, nodeC_c05)" : {
        "AppCoordinates {com.bbn, test-service3, 1}" : {
          "DATARATE_TX" : 1.2399999999999987E-4,
          "DATARATE_RX" : 6.199999999999993E-5
        }
      },
      "(clientPoolA, nodeC_c04, nodeC_c04)" : {
        "AppCoordinates {com.bbn, test-service3, 1}" : {
          "DATARATE_TX" : 1.2399999999999987E-4,
          "DATARATE_RX" : 6.199999999999993E-5
        }
      },
      "(clientPoolC, nodeC_c06, nodeC_c06)" : {
        "AppCoordinates {com.bbn, test-service3, 1}" : {
          "DATARATE_TX" : 1.419999999999998E-4,
          "DATARATE_RX" : 7.09999999999999E-5
        }
      }
    }
  },
  "computeLoad" : {
    "AppCoordinates {com.bbn, test-service3, 1}" : {
      "UNKNOWN" : {
        "QueueLength" : 1035.0,
        "TASK_CONTAINERS" : 517.5
      }
    },
    "AppCoordinates {com.bbn, test-service2, 1}" : {
      "UNKNOWN" : {
        "QueueLength" : 200.0,
        "TASK_CONTAINERS" : 100.0
      }
    },
    "AppCoordinates {com.bbn, test-service1, 1}" : {
      "UNKNOWN" : {
        "QueueLength" : 200.0,
        "TASK_CONTAINERS" : 100.0
      }
    }
  },
  "allocatedComputeCapacity" : {
    "CPU" : 8.0,
    "QueueLength" : 8000000.0,
    "TASK_CONTAINERS" : 800.0
  },
  "availableServiceContainers" : 0,
  "averageProcessingTime" : {
    "AppCoordinates {com.bbn, test-service3, 1}" : 120000.0,
    "AppCoordinates {com.bbn, test-service2, 1}" : 120000.0,
    "AppCoordinates {com.bbn, test-service1, 1}" : 120000.0
  }
}