677,2,DNS_UPDATE_SUCCEEDED
41032,82,RLG_PLAN_PUBLISHED
41034,82,DCOP_PLAN_PLUBLIED
41541,83,DNS_UPDATE_SUCCEEDED
221335,436,DCOP_PLAN_PLUBLIED
221566,437,RLG_PLAN_PUBLISHED
341041,673,DCOP_PLAN_PLUBLIED
341780,674,RLG_PLAN_PUBLISHED
341897,675,DNS_UPDATE_SUCCEEDED
461073,911,DCOP_PLAN_PLUBLIED
461939,912,RLG_PLAN_PUBLISHED
461994,913,DNS_UPDATE_SUCCEEDED
581142,1148,DCOP_PLAN_PLUBLIED
582132,1150,RLG_PLAN_PUBLISHED
582266,1151,DNS_UPDATE_SUCCEEDED
701447,1384,DCOP_PLAN_PLUBLIED
702473,1386,RLG_PLAN_PUBLISHED
702500,1387,DNS_UPDATE_SUCCEEDED
821460,1620,DCOP_PLAN_PLUBLIED
822837,1623,RLG_PLAN_PUBLISHED
823237,1624,DNS_UPDATE_SUCCEEDED
941215,1855,DCOP_PLAN_PLUBLIED
943180,1859,RLG_PLAN_PUBLISHED
943414,1860,DNS_UPDATE_SUCCEEDED
1061114,2091,DCOP_PLAN_PLUBLIED
1063508,2095,RLG_PLAN_PUBLISHED
1063643,2096,DNS_UPDATE_SUCCEEDED
1181114,2326,DCOP_PLAN_PLUBLIED
1183826,2331,RLG_PLAN_PUBLISHED
1183873,2332,DNS_UPDATE_SUCCEEDED
1301126,2562,DCOP_PLAN_PLUBLIED
1301145,2562,RLG_PLAN_PUBLISHED
1301542,2563,DNS_UPDATE_SUCCEEDED
1421556,2798,DCOP_PLAN_PLUBLIED
1424521,2804,RLG_PLAN_PUBLISHED
1424776,2805,DNS_UPDATE_SUCCEEDED
1541195,3033,DCOP_PLAN_PLUBLIED
1541890,3034,RLG_PLAN_PUBLISHED
1541909,3035,DNS_UPDATE_SUCCEEDED
1661467,3269,DCOP_PLAN_PLUBLIED
1662248,3271,RLG_PLAN_PUBLISHED
1662562,3272,DNS_UPDATE_SUCCEEDED
1781135,3504,DCOP_PLAN_PLUBLIED
1782627,3507,RLG_PLAN_PUBLISHED
1782761,3508,DNS_UPDATE_SUCCEEDED
