{
  "clientName" : "clientPoolI",
  "clientRegion" : {
    "name" : "I"
  },
  "numRequestsAttempted" : 2800,
  "numRequestsSucceeded" : 1367,
  "numRequestsFailedForServerLoad" : 1433,
  "numRequestsFailedForNetworkLoad" : 0,
  "numRequestsSlowForServerLoad" : 510,
  "numRequestsSlowForNetworkLoad" : 0,
  "numRequestsSlowForNetworkAndServerLoad" : 0,
  "numRequestsServicedByRegion" : {
    "A" : 253,
    "B" : 188,
    "C" : 86,
    "D" : 100,
    "I" : 740
  },
  "numRequestsFailedForDownNode" : 0
}