{
  "clientName" : "clientPoolE",
  "clientRegion" : {
    "name" : "E"
  },
  "numRequestsAttempted" : 9600,
  "numRequestsSucceeded" : 7660,
  "numRequestsFailedForServerLoad" : 1940,
  "numRequestsFailedForNetworkLoad" : 0,
  "numRequestsSlowForServerLoad" : 1082,
  "numRequestsSlowForNetworkLoad" : 0,
  "numRequestsSlowForNetworkAndServerLoad" : 0,
  "numRequestsServicedByRegion" : {
    "A" : 791,
    "B" : 15,
    "C" : 6,
    "D" : 7,
    "E" : 6841
  },
  "numRequestsFailedForDownNode" : 0
}