595,1,DNS_UPDATE_SUCCEEDED
649,2,DCOP_PLAN_PLUBLIED
681,2,RLG_PLAN_PUBLISHED
105761,212,DCOP_PLAN_PLUBLIED
108625,217,RLG_PLAN_PUBLISHED
108644,218,DNS_UPDATE_SUCCEEDED
109140,219,DNS_UPDATE_SUCCEEDED
111619,223,RLG_PLAN_PUBLISHED
111640,224,DNS_UPDATE_SUCCEEDED
129618,259,RLG_PLAN_PUBLISHED
129642,260,DNS_UPDATE_SUCCEEDED
130143,261,DNS_UPDATE_SUCCEEDED
132620,265,RLG_PLAN_PUBLISHED
132644,266,DNS_UPDATE_SUCCEEDED
165687,332,DCOP_PLAN_PLUBLIED
168628,337,RLG_PLAN_PUBLISHED
168671,338,DNS_UPDATE_SUCCEEDED
189619,379,RLG_PLAN_PUBLISHED
189671,380,DNS_UPDATE_SUCCEEDED
192621,385,RLG_PLAN_PUBLISHED
192678,386,DNS_UPDATE_SUCCEEDED
193177,387,DNS_UPDATE_SUCCEEDED
195619,391,RLG_PLAN_PUBLISHED
195678,392,DNS_UPDATE_SUCCEEDED
225693,452,DCOP_PLAN_PLUBLIED
228623,457,RLG_PLAN_PUBLISHED
228690,458,DNS_UPDATE_SUCCEEDED
285692,571,DCOP_PLAN_PLUBLIED
288634,577,RLG_PLAN_PUBLISHED
288706,578,DNS_UPDATE_SUCCEEDED
345699,691,DCOP_PLAN_PLUBLIED
348639,697,RLG_PLAN_PUBLISHED
348726,698,DNS_UPDATE_SUCCEEDED
405685,811,DCOP_PLAN_PLUBLIED
408641,817,RLG_PLAN_PUBLISHED
408740,818,DNS_UPDATE_SUCCEEDED
465708,931,DCOP_PLAN_PLUBLIED
468644,937,RLG_PLAN_PUBLISHED
468749,938,DNS_UPDATE_SUCCEEDED
525696,1051,DCOP_PLAN_PLUBLIED
528656,1057,RLG_PLAN_PUBLISHED
528758,1058,DNS_UPDATE_SUCCEEDED
576659,1153,RLG_PLAN_PUBLISHED
576812,1154,DNS_UPDATE_SUCCEEDED
577305,1155,DNS_UPDATE_SUCCEEDED
579659,1159,RLG_PLAN_PUBLISHED
579805,1160,DNS_UPDATE_SUCCEEDED
585657,1171,RLG_PLAN_PUBLISHED
585682,1171,DCOP_PLAN_PLUBLIED
585805,1172,DNS_UPDATE_SUCCEEDED
586304,1173,DNS_UPDATE_SUCCEEDED
588660,1177,RLG_PLAN_PUBLISHED
588805,1178,DNS_UPDATE_SUCCEEDED
630003,1260,DCOP_PLAN_PLUBLIED
