{
  "nodeName" : {
    "name" : "nodeC"
  },
  "timestamp" : 60991,
  "demandEstimationWindow" : "SHORT",
  "nodeComputeCapacity" : {
    "CPU" : 8.0,
    "MEMORY" : 1.6E10,
    "DISK" : 10.0,
    "TASK_CONTAINERS" : 8.0
  },
  "networkCapacity" : {
    "interface-nodeE ( nodeE )" : {
      "DATARATE_RX" : 100.0,
      "DATARATE_TX" : 100.0
    }
  },
  "networkLoad" : {
    "interface-nodeE ( nodeE )" : {
      "(nodeC_c05, clientPoolA, nodeC_c05)" : {
        "AppCoordinates {com.bbn, test-service3, 1}" : {
          "DATARATE_TX" : 1.3000000000000003E-5,
          "DATARATE_RX" : 2.6000000000000005E-5
        }
      },
      "(nodeC_c07, clientPoolB, nodeC_c07)" : {
        "AppCoordinates {com.bbn, test-service2, 1}" : {
          "DATARATE_TX" : 7.09999999999999E-5,
          "DATARATE_RX" : 1.419999999999998E-4
        }
      },
      "(nodeC_c07, clientPoolE, nodeC_c07)" : {
        "AppCoordinates {com.bbn, test-service2, 1}" : {
          "DATARATE_TX" : 6.499999999999991E-5,
          "DATARATE_RX" : 1.2999999999999983E-4
        }
      },
      "(nodeC_c04, clientPoolB, nodeC_c04)" : {
        "AppCoordinates {com.bbn, test-service1, 1}" : {
          "DATARATE_TX" : 6.699999999999991E-5,
          "DATARATE_RX" : 1.3399999999999981E-4
        }
      },
      "(nodeC_c03, clientPoolA, nodeC_c03)" : {
        "AppCoordinates {com.bbn, test-service1, 1}" : {
          "DATARATE_TX" : 6.99999999999999E-5,
          "DATARATE_RX" : 1.399999999999998E-4
        }
      },
      "(nodeC_c05, clientPoolB, nodeC_c05)" : {
        "AppCoordinates {com.bbn, test-service3, 1}" : {
          "DATARATE_TX" : 1.4000000000000003E-5,
          "DATARATE_RX" : 2.8000000000000006E-5
        }
      },
      "(nodeC_c04, clientPoolA, nodeC_c04)" : {
        "AppCoordinates {com.bbn, test-service1, 1}" : {
          "DATARATE_TX" : 6.79999999999999E-5,
          "DATARATE_RX" : 1.359999999999998E-4
        }
      },
      "(nodeC_c05, clientPoolE, nodeC_c05)" : {
        "AppCoordinates {com.bbn, test-service3, 1}" : {
          "DATARATE_TX" : 1.4000000000000003E-5,
          "DATARATE_RX" : 2.8000000000000006E-5
        }
      },
      "(nodeC_c02, clientPoolB, nodeC_c02)" : {
        "AppCoordinates {com.bbn, test-service3, 1}" : {
          "DATARATE_TX" : 6.699999999999991E-5,
          "DATARATE_RX" : 1.3399999999999981E-4
        }
      },
      "(nodeC_c01, clientPoolA, nodeC_c01)" : {
        "AppCoordinates {com.bbn, test-service2, 1}" : {
          "DATARATE_TX" : 6.599999999999991E-5,
          "DATARATE_RX" : 1.3199999999999982E-4
        }
      },
      "(nodeC_c02, clientPoolA, nodeC_c02)" : {
        "AppCoordinates {com.bbn, test-service3, 1}" : {
          "DATARATE_TX" : 6.699999999999991E-5,
          "DATARATE_RX" : 1.3399999999999981E-4
        }
      },
      "(nodeC_c03, clientPoolB, nodeC_c03)" : {
        "AppCoordinates {com.bbn, test-service1, 1}" : {
          "DATARATE_TX" : 6.89999999999999E-5,
          "DATARATE_RX" : 1.379999999999998E-4
        }
      },
      "(nodeC_c03, clientPoolE, nodeC_c03)" : {
        "AppCoordinates {com.bbn, test-service1, 1}" : {
          "DATARATE_TX" : 6.0999999999999924E-5,
          "DATARATE_RX" : 1.2199999999999985E-4
        }
      },
      "(nodeC_c00, clientPoolB, nodeC_c00)" : {
        "AppCoordinates {com.bbn, test-service1, 1}" : {
          "DATARATE_TX" : 6.699999999999991E-5,
          "DATARATE_RX" : 1.3399999999999981E-4
        }
      },
      "(nodeC_c01, clientPoolB, nodeC_c01)" : {
        "AppCoordinates {com.bbn, test-service2, 1}" : {
          "DATARATE_TX" : 6.699999999999991E-5,
          "DATARATE_RX" : 1.3399999999999981E-4
        }
      },
      "(nodeC_c04, clientPoolE, nodeC_c04)" : {
        "AppCoordinates {com.bbn, test-service1, 1}" : {
          "DATARATE_TX" : 6.299999999999992E-5,
          "DATARATE_RX" : 1.2599999999999984E-4
        }
      },
      "(nodeC_c00, clientPoolA, nodeC_c00)" : {
        "AppCoordinates {com.bbn, test-service1, 1}" : {
          "DATARATE_TX" : 6.599999999999991E-5,
          "DATARATE_RX" : 1.3199999999999982E-4
        }
      },
      "(nodeC_c01, clientPoolE, nodeC_c01)" : {
        "AppCoordinates {com.bbn, test-service2, 1}" : {
          "DATARATE_TX" : 6.699999999999991E-5,
          "DATARATE_RX" : 1.3399999999999981E-4
        }
      },
      "(nodeC_c02, clientPoolE, nodeC_c02)" : {
        "AppCoordinates {com.bbn, test-service3, 1}" : {
          "DATARATE_TX" : 6.599999999999991E-5,
          "DATARATE_RX" : 1.3199999999999982E-4
        }
      },
      "(nodeC_c00, clientPoolE, nodeC_c00)" : {
        "AppCoordinates {com.bbn, test-service1, 1}" : {
          "DATARATE_TX" : 6.699999999999991E-5,
          "DATARATE_RX" : 1.3399999999999981E-4
        }
      },
      "(nodeC_c07, clientPoolA, nodeC_c07)" : {
        "AppCoordinates {com.bbn, test-service2, 1}" : {
          "DATARATE_TX" : 6.399999999999992E-5,
          "DATARATE_RX" : 1.2799999999999983E-4
        }
      }
    }
  },
  "networkDemand" : {
    "interface-nodeE ( nodeE )" : {
      "(nodeC_c05, clientPoolA, nodeC_c05)" : {
        "AppCoordinates {com.bbn, test-service3, 1}" : {
          "DATARATE_TX" : 1.2833333333333336E-5,
          "DATARATE_RX" : 2.5666666666666673E-5
        }
      },
      "(nodeC_c07, clientPoolB, nodeC_c07)" : {
        "AppCoordinates {com.bbn, test-service2, 1}" : {
          "DATARATE_TX" : 7.09999999999999E-5,
          "DATARATE_RX" : 1.419999999999998E-4
        }
      },
      "(nodeC_c03, clientPoolA, nodeC_c03)" : {
        "AppCoordinates {com.bbn, test-service1, 1}" : {
          "DATARATE_TX" : 6.99999999999999E-5,
          "DATARATE_RX" : 1.399999999999998E-4
        }
      },
      "(nodeC_c04, clientPoolB, nodeC_c04)" : {
        "AppCoordinates {com.bbn, test-service1, 1}" : {
          "DATARATE_TX" : 6.699999999999991E-5,
          "DATARATE_RX" : 1.3399999999999981E-4
        }
      },
      "(nodeC_c07, clientPoolE, nodeC_c07)" : {
        "AppCoordinates {com.bbn, test-service2, 1}" : {
          "DATARATE_TX" : 6.499999999999991E-5,
          "DATARATE_RX" : 1.2999999999999983E-4
        }
      },
      "(nodeC_c04, clientPoolA, nodeC_c04)" : {
        "AppCoordinates {com.bbn, test-service1, 1}" : {
          "DATARATE_TX" : 6.79999999999999E-5,
          "DATARATE_RX" : 1.359999999999998E-4
        }
      },
      "(nodeC_c05, clientPoolB, nodeC_c05)" : {
        "AppCoordinates {com.bbn, test-service3, 1}" : {
          "DATARATE_TX" : 1.3833333333333337E-5,
          "DATARATE_RX" : 2.7666666666666674E-5
        }
      },
      "(nodeC_c01, clientPoolA, nodeC_c01)" : {
        "AppCoordinates {com.bbn, test-service2, 1}" : {
          "DATARATE_TX" : 6.599999999999991E-5,
          "DATARATE_RX" : 1.3199999999999982E-4
        }
      },
      "(nodeC_c02, clientPoolB, nodeC_c02)" : {
        "AppCoordinates {com.bbn, test-service3, 1}" : {
          "DATARATE_TX" : 6.714285714285705E-5,
          "DATARATE_RX" : 1.342857142857141E-4
        }
      },
      "(nodeC_c05, clientPoolE, nodeC_c05)" : {
        "AppCoordinates {com.bbn, test-service3, 1}" : {
          "DATARATE_TX" : 1.3833333333333337E-5,
          "DATARATE_RX" : 2.7666666666666674E-5
        }
      },
      "(nodeC_c03, clientPoolB, nodeC_c03)" : {
        "AppCoordinates {com.bbn, test-service1, 1}" : {
          "DATARATE_TX" : 6.89999999999999E-5,
          "DATARATE_RX" : 1.379999999999998E-4
        }
      },
      "(nodeC_c02, clientPoolA, nodeC_c02)" : {
        "AppCoordinates {com.bbn, test-service3, 1}" : {
          "DATARATE_TX" : 6.699999999999991E-5,
          "DATARATE_RX" : 1.3399999999999981E-4
        }
      },
      "(nodeC_c00, clientPoolB, nodeC_c00)" : {
        "AppCoordinates {com.bbn, test-service1, 1}" : {
          "DATARATE_TX" : 6.699999999999991E-5,
          "DATARATE_RX" : 1.3399999999999981E-4
        }
      },
      "(nodeC_c03, clientPoolE, nodeC_c03)" : {
        "AppCoordinates {com.bbn, test-service1, 1}" : {
          "DATARATE_TX" : 6.099999999999992E-5,
          "DATARATE_RX" : 1.2199999999999983E-4
        }
      },
      "(nodeC_c00, clientPoolA, nodeC_c00)" : {
        "AppCoordinates {com.bbn, test-service1, 1}" : {
          "DATARATE_TX" : 6.599999999999991E-5,
          "DATARATE_RX" : 1.3199999999999982E-4
        }
      },
      "(nodeC_c04, clientPoolE, nodeC_c04)" : {
        "AppCoordinates {com.bbn, test-service1, 1}" : {
          "DATARATE_TX" : 6.299999999999992E-5,
          "DATARATE_RX" : 1.2599999999999984E-4
        }
      },
      "(nodeC_c01, clientPoolB, nodeC_c01)" : {
        "AppCoordinates {com.bbn, test-service2, 1}" : {
          "DATARATE_TX" : 6.699999999999991E-5,
          "DATARATE_RX" : 1.3399999999999981E-4
        }
      },
      "(nodeC_c01, clientPoolE, nodeC_c01)" : {
        "AppCoordinates {com.bbn, test-service2, 1}" : {
          "DATARATE_TX" : 6.699999999999991E-5,
          "DATARATE_RX" : 1.3399999999999981E-4
        }
      },
      "(nodeC_c02, clientPoolE, nodeC_c02)" : {
        "AppCoordinates {com.bbn, test-service3, 1}" : {
          "DATARATE_TX" : 6.614285714285705E-5,
          "DATARATE_RX" : 1.322857142857141E-4
        }
      },
      "(nodeC_c00, clientPoolE, nodeC_c00)" : {
        "AppCoordinates {com.bbn, test-service1, 1}" : {
          "DATARATE_TX" : 6.699999999999991E-5,
          "DATARATE_RX" : 1.3399999999999981E-4
        }
      },
      "(nodeC_c07, clientPoolA, nodeC_c07)" : {
        "AppCoordinates {com.bbn, test-service2, 1}" : {
          "DATARATE_TX" : 6.399999999999992E-5,
          "DATARATE_RX" : 1.2799999999999983E-4
        }
      }
    }
  },
  "containerReports" : {
    "nodeC_c01" : {
      "containerName" : {
        "name" : "nodeC_c01"
      },
      "timestamp" : 60991,
      "service" : {
        "group" : "com.bbn",
        "artifact" : "test-service2",
        "version" : "1"
      },
      "serviceStatus" : "RUNNING",
      "demandEstimationWindow" : "SHORT",
      "computeCapacity" : {
        "CPU" : 1.0,
        "TASK_CONTAINERS" : 100.0,
        "QueueLength" : 1000000.0
      },
      "computeLoad" : {
        "UNKNOWN" : {
          "QueueLength" : 200.0,
          "TASK_CONTAINERS" : 100.0
        }
      },
      "computeDemand" : {
        "UNKNOWN" : {
          "QueueLength" : 175.0,
          "TASK_CONTAINERS" : 87.5
        }
      },
      "averageProcessingTime" : "NaN",
      "networkCapacity" : {
        "interface-nodeC ( nodeC )" : {
          "DATARATE_TX" : 100.0,
          "DATARATE_RX" : 100.0
        }
      },
      "networkLoad" : {
        "interface-nodeC ( nodeC )" : {
          "(clientPoolE, nodeC_c01, nodeC_c01)" : {
            "AppCoordinates {com.bbn, test-service2, 1}" : {
              "DATARATE_TX" : 6.18000000000002E-4,
              "DATARATE_RX" : 3.09000000000001E-4
            }
          },
          "(clientPoolA, nodeC_c01, nodeC_c01)" : {
            "AppCoordinates {com.bbn, test-service2, 1}" : {
              "DATARATE_TX" : 6.360000000000024E-4,
              "DATARATE_RX" : 3.180000000000012E-4
            }
          },
          "(clientPoolB, nodeC_c01, nodeC_c01)" : {
            "AppCoordinates {com.bbn, test-service2, 1}" : {
              "DATARATE_TX" : 6.020000000000016E-4,
              "DATARATE_RX" : 3.010000000000008E-4
            }
          }
        }
      },
      "networkDemand" : {
        "interface-nodeC ( nodeC )" : {
          "(clientPoolE, nodeC_c01, nodeC_c01)" : {
            "AppCoordinates {com.bbn, test-service2, 1}" : {
              "DATARATE_TX" : 6.180000000000021E-4,
              "DATARATE_RX" : 3.0900000000000106E-4
            }
          },
          "(clientPoolA, nodeC_c01, nodeC_c01)" : {
            "AppCoordinates {com.bbn, test-service2, 1}" : {
              "DATARATE_TX" : 6.360000000000023E-4,
              "DATARATE_RX" : 3.1800000000000117E-4
            }
          },
          "(clientPoolB, nodeC_c01, nodeC_c01)" : {
            "AppCoordinates {com.bbn, test-service2, 1}" : {
              "DATARATE_TX" : 6.020000000000017E-4,
              "DATARATE_RX" : 3.0100000000000087E-4
            }
          }
        }
      }
    },
    "nodeC_c02" : {
      "containerName" : {
        "name" : "nodeC_c02"
      },
      "timestamp" : 60991,
      "service" : {
        "group" : "com.bbn",
        "artifact" : "test-service3",
        "version" : "1"
      },
      "serviceStatus" : "RUNNING",
      "demandEstimationWindow" : "SHORT",
      "computeCapacity" : {
        "CPU" : 1.0,
        "TASK_CONTAINERS" : 100.0,
        "QueueLength" : 1000000.0
      },
      "computeLoad" : {
        "UNKNOWN" : {
          "QueueLength" : 200.0,
          "TASK_CONTAINERS" : 100.0
        }
      },
      "computeDemand" : {
        "UNKNOWN" : {
          "QueueLength" : 175.0,
          "TASK_CONTAINERS" : 87.5
        }
      },
      "averageProcessingTime" : "NaN",
      "networkCapacity" : {
        "interface-nodeC ( nodeC )" : {
          "DATARATE_TX" : 100.0,
          "DATARATE_RX" : 100.0
        }
      },
      "networkLoad" : {
        "interface-nodeC ( nodeC )" : {
          "(clientPoolE, nodeC_c02, nodeC_c02)" : {
            "AppCoordinates {com.bbn, test-service3, 1}" : {
              "DATARATE_TX" : 7.720000000000058E-4,
              "DATARATE_RX" : 3.860000000000029E-4
            }
          },
          "(clientPoolA, nodeC_c02, nodeC_c02)" : {
            "AppCoordinates {com.bbn, test-service3, 1}" : {
              "DATARATE_TX" : 7.740000000000058E-4,
              "DATARATE_RX" : 3.870000000000029E-4
            }
          },
          "(clientPoolB, nodeC_c02, nodeC_c02)" : {
            "AppCoordinates {com.bbn, test-service3, 1}" : {
              "DATARATE_TX" : 7.720000000000058E-4,
              "DATARATE_RX" : 3.860000000000029E-4
            }
          }
        }
      },
      "networkDemand" : {
        "interface-nodeC ( nodeC )" : {
          "(clientPoolE, nodeC_c02, nodeC_c02)" : {
            "AppCoordinates {com.bbn, test-service3, 1}" : {
              "DATARATE_TX" : 7.688571428571485E-4,
              "DATARATE_RX" : 3.8442857142857424E-4
            }
          },
          "(clientPoolA, nodeC_c02, nodeC_c02)" : {
            "AppCoordinates {com.bbn, test-service3, 1}" : {
              "DATARATE_TX" : 7.705714285714344E-4,
              "DATARATE_RX" : 3.852857142857172E-4
            }
          },
          "(clientPoolB, nodeC_c02, nodeC_c02)" : {
            "AppCoordinates {com.bbn, test-service3, 1}" : {
              "DATARATE_TX" : 7.688571428571485E-4,
              "DATARATE_RX" : 3.8442857142857424E-4
            }
          }
        }
      }
    },
    "nodeC_c00" : {
      "containerName" : {
        "name" : "nodeC_c00"
      },
      "timestamp" : 60992,
      "service" : {
        "group" : "com.bbn",
        "artifact" : "test-service1",
        "version" : "1"
      },
      "serviceStatus" : "RUNNING",
      "demandEstimationWindow" : "SHORT",
      "computeCapacity" : {
        "CPU" : 1.0,
        "TASK_CONTAINERS" : 100.0,
        "QueueLength" : 1000000.0
      },
      "computeLoad" : {
        "UNKNOWN" : {
          "QueueLength" : 200.0,
          "TASK_CONTAINERS" : 100.0
        }
      },
      "computeDemand" : {
        "UNKNOWN" : {
          "QueueLength" : 175.0,
          "TASK_CONTAINERS" : 87.5
        }
      },
      "averageProcessingTime" : "NaN",
      "networkCapacity" : {
        "interface-nodeC ( nodeC )" : {
          "DATARATE_TX" : 100.0,
          "DATARATE_RX" : 100.0
        }
      },
      "networkLoad" : {
        "interface-nodeC ( nodeC )" : {
          "(clientPoolB, nodeC_c00, nodeC_c00)" : {
            "AppCoordinates {com.bbn, test-service1, 1}" : {
              "DATARATE_TX" : 4.5199999999999895E-4,
              "DATARATE_RX" : 2.2599999999999948E-4
            }
          },
          "(clientPoolE, nodeC_c00, nodeC_c00)" : {
            "AppCoordinates {com.bbn, test-service1, 1}" : {
              "DATARATE_TX" : 4.8599999999999886E-4,
              "DATARATE_RX" : 2.4299999999999943E-4
            }
          },
          "(clientPoolA, nodeC_c00, nodeC_c00)" : {
            "AppCoordinates {com.bbn, test-service1, 1}" : {
              "DATARATE_TX" : 4.4799999999999896E-4,
              "DATARATE_RX" : 2.2399999999999948E-4
            }
          }
        }
      },
      "networkDemand" : {
        "interface-nodeC ( nodeC )" : {
          "(clientPoolB, nodeC_c00, nodeC_c00)" : {
            "AppCoordinates {com.bbn, test-service1, 1}" : {
              "DATARATE_TX" : 4.519999999999989E-4,
              "DATARATE_RX" : 2.2599999999999945E-4
            }
          },
          "(clientPoolE, nodeC_c00, nodeC_c00)" : {
            "AppCoordinates {com.bbn, test-service1, 1}" : {
              "DATARATE_TX" : 4.859999999999989E-4,
              "DATARATE_RX" : 2.4299999999999946E-4
            }
          },
          "(clientPoolA, nodeC_c00, nodeC_c00)" : {
            "AppCoordinates {com.bbn, test-service1, 1}" : {
              "DATARATE_TX" : 4.4799999999999885E-4,
              "DATARATE_RX" : 2.2399999999999943E-4
            }
          }
        }
      }
    },
    "nodeC_c05" : {
      "containerName" : {
        "name" : "nodeC_c05"
      },
      "timestamp" : 60992,
      "service" : {
        "group" : "com.bbn",
        "artifact" : "test-service3",
        "version" : "1"
      },
      "serviceStatus" : "RUNNING",
      "demandEstimationWindow" : "SHORT",
      "computeCapacity" : {
        "CPU" : 1.0,
        "TASK_CONTAINERS" : 100.0,
        "QueueLength" : 1000000.0
      },
      "computeLoad" : {
        "UNKNOWN" : {
          "QueueLength" : 41.0,
          "TASK_CONTAINERS" : 20.5
        }
      },
      "computeDemand" : {
        "UNKNOWN" : {
          "QueueLength" : 30.375,
          "TASK_CONTAINERS" : 17.357142857142858
        }
      },
      "averageProcessingTime" : "NaN",
      "networkCapacity" : {
        "interface-nodeC ( nodeC )" : {
          "DATARATE_TX" : 100.0,
          "DATARATE_RX" : 100.0
        }
      },
      "networkLoad" : {
        "interface-nodeC ( nodeC )" : {
          "(clientPoolA, nodeC_c05, nodeC_c05)" : {
            "AppCoordinates {com.bbn, test-service3, 1}" : {
              "DATARATE_TX" : 2.6000000000000005E-5,
              "DATARATE_RX" : 1.3000000000000003E-5
            }
          },
          "(clientPoolB, nodeC_c05, nodeC_c05)" : {
            "AppCoordinates {com.bbn, test-service3, 1}" : {
              "DATARATE_TX" : 2.8000000000000006E-5,
              "DATARATE_RX" : 1.4000000000000003E-5
            }
          },
          "(clientPoolE, nodeC_c05, nodeC_c05)" : {
            "AppCoordinates {com.bbn, test-service3, 1}" : {
              "DATARATE_TX" : 2.8000000000000006E-5,
              "DATARATE_RX" : 1.4000000000000003E-5
            }
          }
        }
      },
      "networkDemand" : {
        "interface-nodeC ( nodeC )" : {
          "(clientPoolA, nodeC_c05, nodeC_c05)" : {
            "AppCoordinates {com.bbn, test-service3, 1}" : {
              "DATARATE_TX" : 2.5666666666666673E-5,
              "DATARATE_RX" : 1.2833333333333336E-5
            }
          },
          "(clientPoolB, nodeC_c05, nodeC_c05)" : {
            "AppCoordinates {com.bbn, test-service3, 1}" : {
              "DATARATE_TX" : 2.766666666666667E-5,
              "DATARATE_RX" : 1.3833333333333335E-5
            }
          },
          "(clientPoolE, nodeC_c05, nodeC_c05)" : {
            "AppCoordinates {com.bbn, test-service3, 1}" : {
              "DATARATE_TX" : 2.766666666666667E-5,
              "DATARATE_RX" : 1.3833333333333335E-5
            }
          }
        }
      }
    },
    "nodeC_c06" : {
      "containerName" : {
        "name" : "nodeC_c06"
      },
      "timestamp" : 60992,
      "service" : {
        "group" : "com.bbn",
        "artifact" : "test-service2",
        "version" : "1"
      },
      "serviceStatus" : "RUNNING",
      "demandEstimationWindow" : "SHORT",
      "computeCapacity" : {
        "CPU" : 1.0,
        "TASK_CONTAINERS" : 100.0,
        "QueueLength" : 1000000.0
      },
      "computeLoad" : {
        "UNKNOWN" : {
          "QueueLength" : 0.0
        }
      },
      "computeDemand" : {
        "UNKNOWN" : {
          "QueueLength" : 0.0
        }
      },
      "averageProcessingTime" : "NaN",
      "networkCapacity" : {
        "interface-nodeC ( nodeC )" : {
          "DATARATE_TX" : 100.0,
          "DATARATE_RX" : 100.0
        }
      },
      "networkLoad" : {
        "interface-nodeC ( nodeC )" : { }
      },
      "networkDemand" : {
        "interface-nodeC ( nodeC )" : { }
      }
    },
    "nodeC_c03" : {
      "containerName" : {
        "name" : "nodeC_c03"
      },
      "timestamp" : 60993,
      "service" : {
        "group" : "com.bbn",
        "artifact" : "test-service1",
        "version" : "1"
      },
      "serviceStatus" : "RUNNING",
      "demandEstimationWindow" : "SHORT",
      "computeCapacity" : {
        "CPU" : 1.0,
        "TASK_CONTAINERS" : 100.0,
        "QueueLength" : 1000000.0
      },
      "computeLoad" : {
        "UNKNOWN" : {
          "QueueLength" : 200.0,
          "TASK_CONTAINERS" : 100.0
        }
      },
      "computeDemand" : {
        "UNKNOWN" : {
          "QueueLength" : 175.0,
          "TASK_CONTAINERS" : 87.5
        }
      },
      "averageProcessingTime" : "NaN",
      "networkCapacity" : {
        "interface-nodeC ( nodeC )" : {
          "DATARATE_TX" : 100.0,
          "DATARATE_RX" : 100.0
        }
      },
      "networkLoad" : {
        "interface-nodeC ( nodeC )" : {
          "(clientPoolE, nodeC_c03, nodeC_c03)" : {
            "AppCoordinates {com.bbn, test-service1, 1}" : {
              "DATARATE_TX" : 1.8799999999999966E-4,
              "DATARATE_RX" : 9.399999999999983E-5
            }
          },
          "(clientPoolA, nodeC_c03, nodeC_c03)" : {
            "AppCoordinates {com.bbn, test-service1, 1}" : {
              "DATARATE_TX" : 2.1599999999999959E-4,
              "DATARATE_RX" : 1.0799999999999979E-4
            }
          },
          "(clientPoolB, nodeC_c03, nodeC_c03)" : {
            "AppCoordinates {com.bbn, test-service1, 1}" : {
              "DATARATE_TX" : 2.139999999999996E-4,
              "DATARATE_RX" : 1.069999999999998E-4
            }
          }
        }
      },
      "networkDemand" : {
        "interface-nodeC ( nodeC )" : {
          "(clientPoolE, nodeC_c03, nodeC_c03)" : {
            "AppCoordinates {com.bbn, test-service1, 1}" : {
              "DATARATE_TX" : 1.8799999999999964E-4,
              "DATARATE_RX" : 9.399999999999982E-5
            }
          },
          "(clientPoolA, nodeC_c03, nodeC_c03)" : {
            "AppCoordinates {com.bbn, test-service1, 1}" : {
              "DATARATE_TX" : 2.1599999999999959E-4,
              "DATARATE_RX" : 1.0799999999999979E-4
            }
          },
          "(clientPoolB, nodeC_c03, nodeC_c03)" : {
            "AppCoordinates {com.bbn, test-service1, 1}" : {
              "DATARATE_TX" : 2.139999999999996E-4,
              "DATARATE_RX" : 1.069999999999998E-4
            }
          }
        }
      }
    },
    "nodeC_c04" : {
      "containerName" : {
        "name" : "nodeC_c04"
      },
      "timestamp" : 60993,
      "service" : {
        "group" : "com.bbn",
        "artifact" : "test-service1",
        "version" : "1"
      },
      "serviceStatus" : "RUNNING",
      "demandEstimationWindow" : "SHORT",
      "computeCapacity" : {
        "CPU" : 1.0,
        "TASK_CONTAINERS" : 100.0,
        "QueueLength" : 1000000.0
      },
      "computeLoad" : {
        "UNKNOWN" : {
          "QueueLength" : 198.0,
          "TASK_CONTAINERS" : 99.0
        }
      },
      "computeDemand" : {
        "UNKNOWN" : {
          "QueueLength" : 173.25,
          "TASK_CONTAINERS" : 86.625
        }
      },
      "averageProcessingTime" : "NaN",
      "networkCapacity" : {
        "interface-nodeC ( nodeC )" : {
          "DATARATE_TX" : 100.0,
          "DATARATE_RX" : 100.0
        }
      },
      "networkLoad" : {
        "interface-nodeC ( nodeC )" : {
          "(clientPoolA, nodeC_c04, nodeC_c04)" : {
            "AppCoordinates {com.bbn, test-service1, 1}" : {
              "DATARATE_TX" : 1.359999999999998E-4,
              "DATARATE_RX" : 6.79999999999999E-5
            }
          },
          "(clientPoolB, nodeC_c04, nodeC_c04)" : {
            "AppCoordinates {com.bbn, test-service1, 1}" : {
              "DATARATE_TX" : 1.3399999999999981E-4,
              "DATARATE_RX" : 6.699999999999991E-5
            }
          },
          "(clientPoolE, nodeC_c04, nodeC_c04)" : {
            "AppCoordinates {com.bbn, test-service1, 1}" : {
              "DATARATE_TX" : 1.2599999999999984E-4,
              "DATARATE_RX" : 6.299999999999992E-5
            }
          }
        }
      },
      "networkDemand" : {
        "interface-nodeC ( nodeC )" : {
          "(clientPoolA, nodeC_c04, nodeC_c04)" : {
            "AppCoordinates {com.bbn, test-service1, 1}" : {
              "DATARATE_TX" : 1.359999999999998E-4,
              "DATARATE_RX" : 6.79999999999999E-5
            }
          },
          "(clientPoolB, nodeC_c04, nodeC_c04)" : {
            "AppCoordinates {com.bbn, test-service1, 1}" : {
              "DATARATE_TX" : 1.3399999999999981E-4,
              "DATARATE_RX" : 6.699999999999991E-5
            }
          },
          "(clientPoolE, nodeC_c04, nodeC_c04)" : {
            "AppCoordinates {com.bbn, test-service1, 1}" : {
              "DATARATE_TX" : 1.2599999999999984E-4,
              "DATARATE_RX" : 6.299999999999992E-5
            }
          }
        }
      }
    },
    "nodeC_c07" : {
      "containerName" : {
        "name" : "nodeC_c07"
      },
      "timestamp" : 60993,
      "service" : {
        "group" : "com.bbn",
        "artifact" : "test-service2",
        "version" : "1"
      },
      "serviceStatus" : "RUNNING",
      "demandEstimationWindow" : "SHORT",
      "computeCapacity" : {
        "CPU" : 1.0,
        "TASK_CONTAINERS" : 100.0,
        "QueueLength" : 1000000.0
      },
      "computeLoad" : {
        "UNKNOWN" : {
          "QueueLength" : 200.0,
          "TASK_CONTAINERS" : 100.0
        }
      },
      "computeDemand" : {
        "UNKNOWN" : {
          "QueueLength" : 175.0,
          "TASK_CONTAINERS" : 87.5
        }
      },
      "averageProcessingTime" : "NaN",
      "networkCapacity" : {
        "interface-nodeC ( nodeC )" : {
          "DATARATE_TX" : 100.0,
          "DATARATE_RX" : 100.0
        }
      },
      "networkLoad" : {
        "interface-nodeC ( nodeC )" : {
          "(clientPoolA, nodeC_c07, nodeC_c07)" : {
            "AppCoordinates {com.bbn, test-service2, 1}" : {
              "DATARATE_TX" : 1.6399999999999973E-4,
              "DATARATE_RX" : 8.199999999999987E-5
            }
          },
          "(clientPoolB, nodeC_c07, nodeC_c07)" : {
            "AppCoordinates {com.bbn, test-service2, 1}" : {
              "DATARATE_TX" : 1.9799999999999964E-4,
              "DATARATE_RX" : 9.899999999999982E-5
            }
          },
          "(clientPoolE, nodeC_c07, nodeC_c07)" : {
            "AppCoordinates {com.bbn, test-service2, 1}" : {
              "DATARATE_TX" : 1.8199999999999968E-4,
              "DATARATE_RX" : 9.099999999999984E-5
            }
          }
        }
      },
      "networkDemand" : {
        "interface-nodeC ( nodeC )" : {
          "(clientPoolA, nodeC_c07, nodeC_c07)" : {
            "AppCoordinates {com.bbn, test-service2, 1}" : {
              "DATARATE_TX" : 1.639999999999997E-4,
              "DATARATE_RX" : 8.199999999999985E-5
            }
          },
          "(clientPoolB, nodeC_c07, nodeC_c07)" : {
            "AppCoordinates {com.bbn, test-service2, 1}" : {
              "DATARATE_TX" : 1.9799999999999964E-4,
              "DATARATE_RX" : 9.899999999999982E-5
            }
          },
          "(clientPoolE, nodeC_c07, nodeC_c07)" : {
            "AppCoordinates {com.bbn, test-service2, 1}" : {
              "DATARATE_TX" : 1.8199999999999968E-4,
              "DATARATE_RX" : 9.099999999999984E-5
            }
          }
        }
      }
    }
  },
  "maximumServiceContainers" : 8,
  "allocatedServiceContainers" : 8,
  "computeDemand" : {
    "AppCoordinates {com.bbn, test-service3, 1}" : {
      "UNKNOWN" : {
        "QueueLength" : 205.375,
        "TASK_CONTAINERS" : 104.85714285714286
      }
    },
    "AppCoordinates {com.bbn, test-service2, 1}" : {
      "UNKNOWN" : {
        "QueueLength" : 350.0,
        "TASK_CONTAINERS" : 175.0
      }
    },
    "AppCoordinates {com.bbn, test-service1, 1}" : {
      "UNKNOWN" : {
        "QueueLength" : 523.25,
        "TASK_CONTAINERS" : 261.625
      }
    }
  },
  "containerNetworkLoad" : {
    "interface-nodeC ( nodeC )" : {
      "(clientPoolE, nodeC_c03, nodeC_c03)" : {
        "AppCoordinates {com.bbn, test-service1, 1}" : {
          "DATARATE_TX" : 1.8799999999999966E-4,
          "DATARATE_RX" : 9.399999999999983E-5
        }
      },
      "(clientPoolB, nodeC_c00, nodeC_c00)" : {
        "AppCoordinates {com.bbn, test-service1, 1}" : {
          "DATARATE_TX" : 4.5199999999999895E-4,
          "DATARATE_RX" : 2.2599999999999948E-4
        }
      },
      "(clientPoolE, nodeC_c02, nodeC_c02)" : {
        "AppCoordinates {com.bbn, test-service3, 1}" : {
          "DATARATE_TX" : 7.720000000000058E-4,
          "DATARATE_RX" : 3.860000000000029E-4
        }
      },
      "(clientPoolE, nodeC_c01, nodeC_c01)" : {
        "AppCoordinates {com.bbn, test-service2, 1}" : {
          "DATARATE_TX" : 6.18000000000002E-4,
          "DATARATE_RX" : 3.09000000000001E-4
        }
      },
      "(clientPoolE, nodeC_c00, nodeC_c00)" : {
        "AppCoordinates {com.bbn, test-service1, 1}" : {
          "DATARATE_TX" : 4.8599999999999886E-4,
          "DATARATE_RX" : 2.4299999999999943E-4
        }
      },
      "(clientPoolE, nodeC_c07, nodeC_c07)" : {
        "AppCoordinates {com.bbn, test-service2, 1}" : {
          "DATARATE_TX" : 1.8199999999999968E-4,
          "DATARATE_RX" : 9.099999999999984E-5
        }
      },
      "(clientPoolB, nodeC_c04, nodeC_c04)" : {
        "AppCoordinates {com.bbn, test-service1, 1}" : {
          "DATARATE_TX" : 1.3399999999999981E-4,
          "DATARATE_RX" : 6.699999999999991E-5
        }
      },
      "(clientPoolA, nodeC_c03, nodeC_c03)" : {
        "AppCoordinates {com.bbn, test-service1, 1}" : {
          "DATARATE_TX" : 2.1599999999999959E-4,
          "DATARATE_RX" : 1.0799999999999979E-4
        }
      },
      "(clientPoolB, nodeC_c03, nodeC_c03)" : {
        "AppCoordinates {com.bbn, test-service1, 1}" : {
          "DATARATE_TX" : 2.139999999999996E-4,
          "DATARATE_RX" : 1.069999999999998E-4
        }
      },
      "(clientPoolA, nodeC_c02, nodeC_c02)" : {
        "AppCoordinates {com.bbn, test-service3, 1}" : {
          "DATARATE_TX" : 7.740000000000058E-4,
          "DATARATE_RX" : 3.870000000000029E-4
        }
      },
      "(clientPoolE, nodeC_c05, nodeC_c05)" : {
        "AppCoordinates {com.bbn, test-service3, 1}" : {
          "DATARATE_TX" : 2.8000000000000006E-5,
          "DATARATE_RX" : 1.4000000000000003E-5
        }
      },
      "(clientPoolB, nodeC_c02, nodeC_c02)" : {
        "AppCoordinates {com.bbn, test-service3, 1}" : {
          "DATARATE_TX" : 7.720000000000058E-4,
          "DATARATE_RX" : 3.860000000000029E-4
        }
      },
      "(clientPoolA, nodeC_c01, nodeC_c01)" : {
        "AppCoordinates {com.bbn, test-service2, 1}" : {
          "DATARATE_TX" : 6.360000000000024E-4,
          "DATARATE_RX" : 3.180000000000012E-4
        }
      },
      "(clientPoolE, nodeC_c04, nodeC_c04)" : {
        "AppCoordinates {com.bbn, test-service1, 1}" : {
          "DATARATE_TX" : 1.2599999999999984E-4,
          "DATARATE_RX" : 6.299999999999992E-5
        }
      },
      "(clientPoolA, nodeC_c00, nodeC_c00)" : {
        "AppCoordinates {com.bbn, test-service1, 1}" : {
          "DATARATE_TX" : 4.4799999999999896E-4,
          "DATARATE_RX" : 2.2399999999999948E-4
        }
      },
      "(clientPoolB, nodeC_c01, nodeC_c01)" : {
        "AppCoordinates {com.bbn, test-service2, 1}" : {
          "DATARATE_TX" : 6.020000000000016E-4,
          "DATARATE_RX" : 3.010000000000008E-4
        }
      },
      "(clientPoolA, nodeC_c07, nodeC_c07)" : {
        "AppCoordinates {com.bbn, test-service2, 1}" : {
          "DATARATE_TX" : 1.6399999999999973E-4,
          "DATARATE_RX" : 8.199999999999987E-5
        }
      },
      "(clientPoolB, nodeC_c07, nodeC_c07)" : {
        "AppCoordinates {com.bbn, test-service2, 1}" : {
          "DATARATE_TX" : 1.9799999999999964E-4,
          "DATARATE_RX" : 9.899999999999982E-5
        }
      },
      "(clientPoolA, nodeC_c05, nodeC_c05)" : {
        "AppCoordinates {com.bbn, test-service3, 1}" : {
          "DATARATE_TX" : 2.6000000000000005E-5,
          "DATARATE_RX" : 1.3000000000000003E-5
        }
      },
      "(clientPoolA, nodeC_c04, nodeC_c04)" : {
        "AppCoordinates {com.bbn, test-service1, 1}" : {
          "DATARATE_TX" : 1.359999999999998E-4,
          "DATARATE_RX" : 6.79999999999999E-5
        }
      },
      "(clientPoolB, nodeC_c05, nodeC_c05)" : {
        "AppCoordinates {com.bbn, test-service3, 1}" : {
          "DATARATE_TX" : 2.8000000000000006E-5,
          "DATARATE_RX" : 1.4000000000000003E-5
        }
      }
    }
  },
  "containerNetworkDemand" : {
    "interface-nodeC ( nodeC )" : {
      "(clientPoolE, nodeC_c03, nodeC_c03)" : {
        "AppCoordinates {com.bbn, test-service1, 1}" : {
          "DATARATE_TX" : 1.8799999999999964E-4,
          "DATARATE_RX" : 9.399999999999982E-5
        }
      },
      "(clientPoolB, nodeC_c00, nodeC_c00)" : {
        "AppCoordinates {com.bbn, test-service1, 1}" : {
          "DATARATE_TX" : 4.519999999999989E-4,
          "DATARATE_RX" : 2.2599999999999945E-4
        }
      },
      "(clientPoolE, nodeC_c02, nodeC_c02)" : {
        "AppCoordinates {com.bbn, test-service3, 1}" : {
          "DATARATE_TX" : 7.688571428571485E-4,
          "DATARATE_RX" : 3.8442857142857424E-4
        }
      },
      "(clientPoolE, nodeC_c01, nodeC_c01)" : {
        "AppCoordinates {com.bbn, test-service2, 1}" : {
          "DATARATE_TX" : 6.180000000000021E-4,
          "DATARATE_RX" : 3.0900000000000106E-4
        }
      },
      "(clientPoolE, nodeC_c00, nodeC_c00)" : {
        "AppCoordinates {com.bbn, test-service1, 1}" : {
          "DATARATE_TX" : 4.859999999999989E-4,
          "DATARATE_RX" : 2.4299999999999946E-4
        }
      },
      "(clientPoolE, nodeC_c07, nodeC_c07)" : {
        "AppCoordinates {com.bbn, test-service2, 1}" : {
          "DATARATE_TX" : 1.8199999999999968E-4,
          "DATARATE_RX" : 9.099999999999984E-5
        }
      },
      "(clientPoolB, nodeC_c04, nodeC_c04)" : {
        "AppCoordinates {com.bbn, test-service1, 1}" : {
          "DATARATE_TX" : 1.3399999999999981E-4,
          "DATARATE_RX" : 6.699999999999991E-5
        }
      },
      "(clientPoolA, nodeC_c03, nodeC_c03)" : {
        "AppCoordinates {com.bbn, test-service1, 1}" : {
          "DATARATE_TX" : 2.1599999999999959E-4,
          "DATARATE_RX" : 1.0799999999999979E-4
        }
      },
      "(clientPoolB, nodeC_c03, nodeC_c03)" : {
        "AppCoordinates {com.bbn, test-service1, 1}" : {
          "DATARATE_TX" : 2.139999999999996E-4,
          "DATARATE_RX" : 1.069999999999998E-4
        }
      },
      "(clientPoolA, nodeC_c02, nodeC_c02)" : {
        "AppCoordinates {com.bbn, test-service3, 1}" : {
          "DATARATE_TX" : 7.705714285714344E-4,
          "DATARATE_RX" : 3.852857142857172E-4
        }
      },
      "(clientPoolE, nodeC_c05, nodeC_c05)" : {
        "AppCoordinates {com.bbn, test-service3, 1}" : {
          "DATARATE_TX" : 2.766666666666667E-5,
          "DATARATE_RX" : 1.3833333333333335E-5
        }
      },
      "(clientPoolB, nodeC_c02, nodeC_c02)" : {
        "AppCoordinates {com.bbn, test-service3, 1}" : {
          "DATARATE_TX" : 7.688571428571485E-4,
          "DATARATE_RX" : 3.8442857142857424E-4
        }
      },
      "(clientPoolA, nodeC_c01, nodeC_c01)" : {
        "AppCoordinates {com.bbn, test-service2, 1}" : {
          "DATARATE_TX" : 6.360000000000023E-4,
          "DATARATE_RX" : 3.1800000000000117E-4
        }
      },
      "(clientPoolE, nodeC_c04, nodeC_c04)" : {
        "AppCoordinates {com.bbn, test-service1, 1}" : {
          "DATARATE_TX" : 1.2599999999999984E-4,
          "DATARATE_RX" : 6.299999999999992E-5
        }
      },
      "(clientPoolA, nodeC_c00, nodeC_c00)" : {
        "AppCoordinates {com.bbn, test-service1, 1}" : {
          "DATARATE_TX" : 4.4799999999999885E-4,
          "DATARATE_RX" : 2.2399999999999943E-4
        }
      },
      "(clientPoolB, nodeC_c01, nodeC_c01)" : {
        "AppCoordinates {com.bbn, test-service2, 1}" : {
          "DATARATE_TX" : 6.020000000000017E-4,
          "DATARATE_RX" : 3.0100000000000087E-4
        }
      },
      "(clientPoolA, nodeC_c07, nodeC_c07)" : {
        "AppCoordinates {com.bbn, test-service2, 1}" : {
          "DATARATE_TX" : 1.639999999999997E-4,
          "DATARATE_RX" : 8.199999999999985E-5
        }
      },
      "(clientPoolB, nodeC_c07, nodeC_c07)" : {
        "AppCoordinates {com.bbn, test-service2, 1}" : {
          "DATARATE_TX" : 1.9799999999999964E-4,
          "DATARATE_RX" : 9.899999999999982E-5
        }
      },
      "(clientPoolA, nodeC_c05, nodeC_c05)" : {
        "AppCoordinates {com.bbn, test-service3, 1}" : {
          "DATARATE_TX" : 2.5666666666666673E-5,
          "DATARATE_RX" : 1.2833333333333336E-5
        }
      },
      "(clientPoolA, nodeC_c04, nodeC_c04)" : {
        "AppCoordinates {com.bbn, test-service1, 1}" : {
          "DATARATE_TX" : 1.359999999999998E-4,
          "DATARATE_RX" : 6.79999999999999E-5
        }
      },
      "(clientPoolB, nodeC_c05, nodeC_c05)" : {
        "AppCoordinates {com.bbn, test-service3, 1}" : {
          "DATARATE_TX" : 2.766666666666667E-5,
          "DATARATE_RX" : 1.3833333333333335E-5
        }
      }
    }
  },
  "computeLoad" : {
    "AppCoordinates {com.bbn, test-service3, 1}" : {
      "UNKNOWN" : {
        "QueueLength" : 241.0,
        "TASK_CONTAINERS" : 120.5
      }
    },
    "AppCoordinates {com.bbn, test-service2, 1}" : {
      "UNKNOWN" : {
        "QueueLength" : 400.0,
        "TASK_CONTAINERS" : 200.0
      }
    },
    "AppCoordinates {com.bbn, test-service1, 1}" : {
      "UNKNOWN" : {
        "QueueLength" : 598.0,
        "TASK_CONTAINERS" : 299.0
      }
    }
  },
  "allocatedComputeCapacity" : {
    "CPU" : 8.0,
    "QueueLength" : 8000000.0,
    "TASK_CONTAINERS" : 800.0
  },
  "averageProcessingTime" : { },
  "availableServiceContainers" : 0
}