{
  "region" : {
    "name" : "E"
  },
  "timestamp" : 387857,
  "servicePlan" : {
    "nodeE" : [ {
      "id" : {
        "name" : "nodeE_c02"
      },
      "service" : {
        "group" : "com.bbn",
        "artifact" : "test-service3",
        "version" : "1"
      },
      "weight" : 1.0,
      "stopTrafficTo" : false,
      "stop" : false
    } ]
  },
  "overflowPlan" : {
    "AppCoordinates {com.bbn, test-service3, 1}" : {
      "A" : 0.9008148011587295,
      "E" : 0.09918519884127053
    },
    "AppCoordinates {com.bbn, test-service2, 1}" : {
      "A" : 1.0,
      "E" : 0.0
    },
    "AppCoordinates {com.bbn, test-service1, 1}" : {
      "A" : 1.0,
      "E" : 0.0
    }
  }
}