{
  "region" : {
    "name" : "C"
  },
  "timestamp" : 231547,
  "servicePlan" : {
    "nodeC" : [ {
      "id" : {
        "name" : "nodeC_c01"
      },
      "service" : {
        "group" : "com.bbn",
        "artifact" : "test-service3",
        "version" : "1"
      },
      "weight" : 1.0,
      "stopTrafficTo" : false,
      "stop" : false
    } ]
  },
  "overflowPlan" : {
    "AppCoordinates {com.bbn, test-service3, 1}" : {
      "A" : 0.847546900167296,
      "C" : 0.15245309983270405
    },
    "AppCoordinates {com.bbn, test-service2, 1}" : {
      "A" : 1.0,
      "C" : 0.0
    },
    "AppCoordinates {com.bbn, test-service1, 1}" : {
      "A" : 1.0,
      "C" : 0.0
    }
  }
}