{
  "region" : {
    "name" : "D"
  },
  "minTimestamp" : 172988,
  "maxTimestamp" : 172988,
  "demandEstimationWindow" : "SHORT",
  "serverCapacity" : {
    "DISK" : 10.0,
    "MEMORY" : 8.0E9,
    "CPU" : 4.0,
    "TASK_CONTAINERS" : 20.0
  },
  "serverLoad" : {
    "AppCoordinates {com.bbn, test-service3, 1}" : {
      "unknown" : {
        "QueueLength" : 213.0,
        "TASK_CONTAINERS" : 106.5
      }
    },
    "AppCoordinates {com.bbn, test-service2, 1}" : {
      "unknown" : {
        "QueueLength" : 63.0,
        "TASK_CONTAINERS" : 31.5
      }
    }
  },
  "serverDemand" : {
    "AppCoordinates {com.bbn, test-service3, 1}" : {
      "unknown" : {
        "QueueLength" : 221.125,
        "TASK_CONTAINERS" : 110.5625
      }
    },
    "AppCoordinates {com.bbn, test-service2, 1}" : {
      "unknown" : {
        "QueueLength" : 55.125,
        "TASK_CONTAINERS" : 27.5625
      }
    }
  },
  "serverAverageProcessingTimeCount" : {
    "AppCoordinates {com.bbn, test-service3, 1}" : 1
  },
  "serverAverageProcessingTimeSum" : {
    "AppCoordinates {com.bbn, test-service3, 1}" : 120000.0
  },
  "networkCapacity" : {
    "A" : {
      "DATARATE_RX" : 100.0,
      "DATARATE_TX" : 100.0
    },
    "C" : {
      "DATARATE_RX" : 100.0,
      "DATARATE_TX" : 100.0
    },
    "H" : {
      "DATARATE_RX" : 100.0,
      "DATARATE_TX" : 100.0
    }
  },
  "networkLoad" : {
    "A" : {
      "(D, E, E)" : {
        "AppCoordinates {com.bbn, test-service3, 1}" : {
          "DATARATE_TX" : 7.199999999999999E-5,
          "DATARATE_RX" : 3.5999999999999994E-5
        }
      },
      "(D, I, I)" : {
        "AppCoordinates {com.bbn, test-service3, 1}" : {
          "DATARATE_TX" : 1.5799999999999994E-4,
          "DATARATE_RX" : 7.899999999999997E-5
        }
      },
      "(D, A, D)" : {
        "AppCoordinates {com.bbn, test-service2, 1}" : {
          "DATARATE_TX" : 4.9999999999999996E-6,
          "DATARATE_RX" : 9.999999999999999E-6
        }
      },
      "(D, A, A)" : {
        "AppCoordinates {com.bbn, test-service3, 1}" : {
          "DATARATE_TX" : 1.8999999999999996E-4,
          "DATARATE_RX" : 9.499999999999998E-5
        }
      }
    },
    "C" : {
      "(D, C, C)" : {
        "AppCoordinates {com.bbn, test-service3, 1}" : {
          "DATARATE_TX" : 4.000000000000001E-5,
          "DATARATE_RX" : 2.0000000000000005E-5
        },
        "AppCoordinates {com.bbn, test-service2, 1}" : {
          "DATARATE_TX" : 4.1599999999999927E-4,
          "DATARATE_RX" : 2.0799999999999963E-4
        },
        "AppCoordinates {com.bbn, test-service1, 1}" : {
          "DATARATE_TX" : 1.6599999999999973E-4,
          "DATARATE_RX" : 8.299999999999986E-5
        }
      },
      "(D, J, J)" : {
        "AppCoordinates {com.bbn, test-service3, 1}" : {
          "DATARATE_TX" : -8.470329472543003E-21,
          "DATARATE_RX" : -4.235164736271502E-21
        },
        "AppCoordinates {com.bbn, test-service2, 1}" : {
          "DATARATE_TX" : -2.286988957586611E-20,
          "DATARATE_RX" : -1.1434944787933055E-20
        },
        "AppCoordinates {com.bbn, test-service1, 1}" : {
          "DATARATE_TX" : 1.5999999999999993E-4,
          "DATARATE_RX" : 7.999999999999997E-5
        }
      }
    },
    "H" : { }
  },
  "networkDemand" : {
    "A" : {
      "(D, E, E)" : {
        "AppCoordinates {com.bbn, test-service3, 1}" : {
          "DATARATE_TX" : 7.657142857142854E-5,
          "DATARATE_RX" : 3.828571428571427E-5
        }
      },
      "(D, I, I)" : {
        "AppCoordinates {com.bbn, test-service3, 1}" : {
          "DATARATE_TX" : 1.8114285714285704E-4,
          "DATARATE_RX" : 9.057142857142852E-5
        }
      },
      "(D, A, D)" : {
        "AppCoordinates {com.bbn, test-service2, 1}" : {
          "DATARATE_TX" : 4.9999999999999996E-6,
          "DATARATE_RX" : 9.999999999999999E-6
        }
      },
      "(D, A, A)" : {
        "AppCoordinates {com.bbn, test-service3, 1}" : {
          "DATARATE_TX" : 2.1114285714285706E-4,
          "DATARATE_RX" : 1.0557142857142853E-4
        }
      }
    },
    "C" : {
      "(D, C, C)" : {
        "AppCoordinates {com.bbn, test-service3, 1}" : {
          "DATARATE_TX" : 4.114285714285715E-5,
          "DATARATE_RX" : 2.0571428571428576E-5
        },
        "AppCoordinates {com.bbn, test-service2, 1}" : {
          "DATARATE_TX" : 4.1599999999999916E-4,
          "DATARATE_RX" : 2.0799999999999958E-4
        },
        "AppCoordinates {com.bbn, test-service1, 1}" : {
          "DATARATE_TX" : 1.1257142857142844E-4,
          "DATARATE_RX" : 5.628571428571422E-5
        }
      },
      "(D, J, J)" : {
        "AppCoordinates {com.bbn, test-service3, 1}" : {
          "DATARATE_TX" : -8.470329472543003E-21,
          "DATARATE_RX" : -4.235164736271502E-21
        },
        "AppCoordinates {com.bbn, test-service2, 1}" : {
          "DATARATE_TX" : -2.286988957586611E-20,
          "DATARATE_RX" : -1.1434944787933055E-20
        },
        "AppCoordinates {com.bbn, test-service1, 1}" : {
          "DATARATE_TX" : 1.1028571428571424E-4,
          "DATARATE_RX" : 5.514285714285712E-5
        }
      }
    },
    "H" : { }
  },
  "maximumServiceContainers" : 20,
  "allocatedServiceContainers" : 4,
  "serverAverageProcessingTime" : {
    "AppCoordinates {com.bbn, test-service3, 1}" : 120000.0
  },
  "availableServiceContainers" : 16,
  "nullSummary" : false
}