759,1,DNS_UPDATE_SUCCEEDED
825,2,DCOP_PLAN_PLUBLIED
827,2,RLG_PLAN_PUBLISHED
105918,212,DCOP_PLAN_PLUBLIED
108809,217,RLG_PLAN_PUBLISHED
108830,218,DNS_UPDATE_SUCCEEDED
109327,219,DNS_UPDATE_SUCCEEDED
111809,223,RLG_PLAN_PUBLISHED
111824,224,DNS_UPDATE_SUCCEEDED
165812,331,RLG_PLAN_PUBLISHED
165849,332,DNS_UPDATE_SUCCEEDED
165891,332,DCOP_PLAN_PLUBLIED
166348,333,DNS_UPDATE_SUCCEEDED
168812,337,RLG_PLAN_PUBLISHED
168848,338,DNS_UPDATE_SUCCEEDED
225891,452,DCOP_PLAN_PLUBLIED
228815,457,RLG_PLAN_PUBLISHED
228856,458,DNS_UPDATE_SUCCEEDED
231815,463,RLG_PLAN_PUBLISHED
231857,464,DNS_UPDATE_SUCCEEDED
232357,465,DNS_UPDATE_SUCCEEDED
234817,469,RLG_PLAN_PUBLISHED
234859,470,DNS_UPDATE_SUCCEEDED
285904,572,DCOP_PLAN_PLUBLIED
288815,577,RLG_PLAN_PUBLISHED
288886,578,DNS_UPDATE_SUCCEEDED
345902,692,DCOP_PLAN_PLUBLIED
348820,697,RLG_PLAN_PUBLISHED
348895,698,DNS_UPDATE_SUCCEEDED
405914,812,DCOP_PLAN_PLUBLIED
408821,817,RLG_PLAN_PUBLISHED
408911,818,DNS_UPDATE_SUCCEEDED
465903,931,DCOP_PLAN_PLUBLIED
468822,937,RLG_PLAN_PUBLISHED
468932,938,DNS_UPDATE_SUCCEEDED
525908,1051,DCOP_PLAN_PLUBLIED
528830,1057,RLG_PLAN_PUBLISHED
528959,1058,DNS_UPDATE_SUCCEEDED
585915,1171,DCOP_PLAN_PLUBLIED
588832,1177,RLG_PLAN_PUBLISHED
588980,1178,DNS_UPDATE_SUCCEEDED
630003,1260,DCOP_PLAN_PLUBLIED
