810,1,DNS_UPDATE_SUCCEEDED
866,2,DCOP_PLAN_PLUBLIED
889,2,RLG_PLAN_PUBLISHED
105964,212,DCOP_PLAN_PLUBLIED
108848,217,RLG_PLAN_PUBLISHED
108879,218,DNS_UPDATE_SUCCEEDED
109377,219,DNS_UPDATE_SUCCEEDED
111840,223,RLG_PLAN_PUBLISHED
111872,224,DNS_UPDATE_SUCCEEDED
126841,253,RLG_PLAN_PUBLISHED
126882,254,DNS_UPDATE_SUCCEEDED
127383,255,DNS_UPDATE_SUCCEEDED
129842,259,RLG_PLAN_PUBLISHED
129887,260,DNS_UPDATE_SUCCEEDED
165935,332,DCOP_PLAN_PLUBLIED
168845,337,RLG_PLAN_PUBLISHED
168895,338,DNS_UPDATE_SUCCEEDED
171845,343,RLG_PLAN_PUBLISHED
171903,344,DNS_UPDATE_SUCCEEDED
172401,345,DNS_UPDATE_SUCCEEDED
174846,349,RLG_PLAN_PUBLISHED
174903,350,DNS_UPDATE_SUCCEEDED
189847,379,RLG_PLAN_PUBLISHED
189905,380,DNS_UPDATE_SUCCEEDED
192847,385,RLG_PLAN_PUBLISHED
192905,386,DNS_UPDATE_SUCCEEDED
193416,387,DNS_UPDATE_SUCCEEDED
195847,391,RLG_PLAN_PUBLISHED
195911,392,DNS_UPDATE_SUCCEEDED
198849,397,RLG_PLAN_PUBLISHED
198912,398,DNS_UPDATE_SUCCEEDED
201847,403,RLG_PLAN_PUBLISHED
201911,404,DNS_UPDATE_SUCCEEDED
202415,405,DNS_UPDATE_SUCCEEDED
204849,409,RLG_PLAN_PUBLISHED
204914,410,DNS_UPDATE_SUCCEEDED
225918,452,DCOP_PLAN_PLUBLIED
228848,457,RLG_PLAN_PUBLISHED
228918,458,DNS_UPDATE_SUCCEEDED
285965,572,DCOP_PLAN_PLUBLIED
288851,577,RLG_PLAN_PUBLISHED
288934,578,DNS_UPDATE_SUCCEEDED
345944,691,DCOP_PLAN_PLUBLIED
348854,697,RLG_PLAN_PUBLISHED
348957,698,DNS_UPDATE_SUCCEEDED
405917,811,DCOP_PLAN_PLUBLIED
408859,817,RLG_PLAN_PUBLISHED
408989,818,DNS_UPDATE_SUCCEEDED
465937,931,DCOP_PLAN_PLUBLIED
468863,937,RLG_PLAN_PUBLISHED
469014,938,DNS_UPDATE_SUCCEEDED
525923,1051,DCOP_PLAN_PLUBLIED
528865,1057,RLG_PLAN_PUBLISHED
529024,1058,DNS_UPDATE_SUCCEEDED
582876,1165,RLG_PLAN_PUBLISHED
583052,1166,DNS_UPDATE_SUCCEEDED
583552,1167,DNS_UPDATE_SUCCEEDED
585876,1171,RLG_PLAN_PUBLISHED
585946,1171,DCOP_PLAN_PLUBLIED
586061,1172,DNS_UPDATE_SUCCEEDED
588877,1177,RLG_PLAN_PUBLISHED
589060,1178,DNS_UPDATE_SUCCEEDED
630002,1259,DCOP_PLAN_PLUBLIED
