794,1,DNS_UPDATE_SUCCEEDED
822,2,DCOP_PLAN_PLUBLIED
828,2,RLG_PLAN_PUBLISHED
105915,212,DCOP_PLAN_PLUBLIED
108811,217,RLG_PLAN_PUBLISHED
108837,218,DNS_UPDATE_SUCCEEDED
109340,219,DNS_UPDATE_SUCCEEDED
111811,223,RLG_PLAN_PUBLISHED
111837,224,DNS_UPDATE_SUCCEEDED
117811,235,RLG_PLAN_PUBLISHED
117843,236,DNS_UPDATE_SUCCEEDED
118343,237,DNS_UPDATE_SUCCEEDED
120812,241,RLG_PLAN_PUBLISHED
120843,242,DNS_UPDATE_SUCCEEDED
162815,325,RLG_PLAN_PUBLISHED
162870,326,DNS_UPDATE_SUCCEEDED
163352,327,DNS_UPDATE_SUCCEEDED
165816,331,RLG_PLAN_PUBLISHED
165822,331,DCOP_PLAN_PLUBLIED
165855,332,DNS_UPDATE_SUCCEEDED
168816,337,RLG_PLAN_PUBLISHED
168855,338,DNS_UPDATE_SUCCEEDED
169354,339,DNS_UPDATE_SUCCEEDED
171815,343,RLG_PLAN_PUBLISHED
171856,344,DNS_UPDATE_SUCCEEDED
222819,445,RLG_PLAN_PUBLISHED
222878,446,DNS_UPDATE_SUCCEEDED
225818,451,RLG_PLAN_PUBLISHED
225863,451,DCOP_PLAN_PLUBLIED
225880,452,DNS_UPDATE_SUCCEEDED
226374,453,DNS_UPDATE_SUCCEEDED
228819,457,RLG_PLAN_PUBLISHED
228888,458,DNS_UPDATE_SUCCEEDED
229382,459,DNS_UPDATE_SUCCEEDED
231819,463,RLG_PLAN_PUBLISHED
231880,464,DNS_UPDATE_SUCCEEDED
234821,469,RLG_PLAN_PUBLISHED
234884,470,DNS_UPDATE_SUCCEEDED
235385,471,DNS_UPDATE_SUCCEEDED
237820,475,RLG_PLAN_PUBLISHED
237886,476,DNS_UPDATE_SUCCEEDED
286280,572,DCOP_PLAN_PLUBLIED
288822,577,RLG_PLAN_PUBLISHED
288894,578,DNS_UPDATE_SUCCEEDED
289391,579,DNS_UPDATE_SUCCEEDED
291822,583,RLG_PLAN_PUBLISHED
291894,584,DNS_UPDATE_SUCCEEDED
345811,691,DCOP_PLAN_PLUBLIED
345822,691,RLG_PLAN_PUBLISHED
345909,692,DNS_UPDATE_SUCCEEDED
405823,811,DCOP_PLAN_PLUBLIED
405836,811,RLG_PLAN_PUBLISHED
405929,812,DNS_UPDATE_SUCCEEDED
414837,829,RLG_PLAN_PUBLISHED
414926,830,DNS_UPDATE_SUCCEEDED
415430,831,DNS_UPDATE_SUCCEEDED
417837,835,RLG_PLAN_PUBLISHED
417930,836,DNS_UPDATE_SUCCEEDED
423838,847,RLG_PLAN_PUBLISHED
423930,848,DNS_UPDATE_SUCCEEDED
426837,853,RLG_PLAN_PUBLISHED
426931,854,DNS_UPDATE_SUCCEEDED
427431,855,DNS_UPDATE_SUCCEEDED
429836,859,RLG_PLAN_PUBLISHED
429930,860,DNS_UPDATE_SUCCEEDED
465840,931,RLG_PLAN_PUBLISHED
465846,931,DCOP_PLAN_PLUBLIED
465940,932,DNS_UPDATE_SUCCEEDED
468841,937,RLG_PLAN_PUBLISHED
468941,938,DNS_UPDATE_SUCCEEDED
469441,939,DNS_UPDATE_SUCCEEDED
471839,943,RLG_PLAN_PUBLISHED
471940,944,DNS_UPDATE_SUCCEEDED
525827,1051,DCOP_PLAN_PLUBLIED
525843,1051,RLG_PLAN_PUBLISHED
525964,1052,DNS_UPDATE_SUCCEEDED
586309,1172,DCOP_PLAN_PLUBLIED
588846,1177,RLG_PLAN_PUBLISHED
588984,1178,DNS_UPDATE_SUCCEEDED
630010,1260,DCOP_PLAN_PLUBLIED
