{
  "region" : {
    "name" : "D"
  },
  "minTimestamp" : 400994,
  "maxTimestamp" : 400994,
  "demandEstimationWindow" : "LONG",
  "serverCapacity" : {
    "DISK" : 10.0,
    "MEMORY" : 8.0E9,
    "CPU" : 4.0,
    "TASK_CONTAINERS" : 20.0
  },
  "serverLoad" : {
    "AppCoordinates {com.bbn, test-service3, 1}" : {
      "unknown" : {
        "QueueLength" : 60.0,
        "TASK_CONTAINERS" : 30.0
      }
    }
  },
  "serverDemand" : {
    "AppCoordinates {com.bbn, test-service3, 1}" : {
      "unknown" : {
        "QueueLength" : 48.69613259668508,
        "TASK_CONTAINERS" : 24.34806629834254
      }
    }
  },
  "serverAverageProcessingTimeCount" : {
    "AppCoordinates {com.bbn, test-service3, 1}" : 1
  },
  "serverAverageProcessingTimeSum" : {
    "AppCoordinates {com.bbn, test-service3, 1}" : 120000.0
  },
  "networkCapacity" : {
    "B" : {
      "DATARATE_RX" : 100.0,
      "DATARATE_TX" : 100.0
    }
  },
  "networkLoad" : {
    "B" : {
      "(D, C, C)" : {
        "AppCoordinates {com.bbn, test-service3, 1}" : {
          "DATARATE_TX" : 5.619999999999996E-4,
          "DATARATE_RX" : 2.809999999999998E-4
        },
        "AppCoordinates {com.bbn, test-service2, 1}" : {
          "DATARATE_TX" : 1.3199999999999982E-4,
          "DATARATE_RX" : 6.599999999999991E-5
        },
        "AppCoordinates {com.bbn, test-service1, 1}" : {
          "DATARATE_TX" : -3.8116482626443515E-20,
          "DATARATE_RX" : -1.9058241313221758E-20
        }
      },
      "(D, B, B)" : {
        "AppCoordinates {com.bbn, test-service3, 1}" : {
          "DATARATE_TX" : 1.1799999999999986E-4,
          "DATARATE_RX" : 5.899999999999993E-5
        },
        "AppCoordinates {com.bbn, test-service2, 1}" : {
          "DATARATE_TX" : 1.1858461261560205E-20,
          "DATARATE_RX" : 5.929230630780102E-21
        }
      }
    }
  },
  "networkDemand" : {
    "B" : {
      "(D, C, C)" : {
        "AppCoordinates {com.bbn, test-service3, 1}" : {
          "DATARATE_TX" : 4.500277008310253E-4,
          "DATARATE_RX" : 2.2501385041551265E-4
        },
        "AppCoordinates {com.bbn, test-service2, 1}" : {
          "DATARATE_TX" : 1.2753462603878104E-4,
          "DATARATE_RX" : 6.376731301939052E-5
        },
        "AppCoordinates {com.bbn, test-service1, 1}" : {
          "DATARATE_TX" : 1.027756232686978E-4,
          "DATARATE_RX" : 5.13878116343489E-5
        }
      },
      "(D, B, B)" : {
        "AppCoordinates {com.bbn, test-service3, 1}" : {
          "DATARATE_TX" : 9.254293628808855E-5,
          "DATARATE_RX" : 4.627146814404427E-5
        },
        "AppCoordinates {com.bbn, test-service2, 1}" : {
          "DATARATE_TX" : 5.872576177285467E-7,
          "DATARATE_RX" : 2.9362880886427333E-7
        }
      }
    }
  },
  "maximumServiceContainers" : 20,
  "allocatedServiceContainers" : 1,
  "serverAverageProcessingTime" : {
    "AppCoordinates {com.bbn, test-service3, 1}" : 120000.0
  },
  "availableServiceContainers" : 19,
  "nullSummary" : false
}