{
  "nodeName" : {
    "name" : "nodeB"
  },
  "timestamp" : 264982,
  "demandEstimationWindow" : "LONG",
  "nodeComputeCapacity" : {
    "CPU" : 4.0,
    "MEMORY" : 8.0E9,
    "DISK" : 10.0,
    "TASK_CONTAINERS" : 20.0
  },
  "networkCapacity" : {
    "interface-nodeE ( nodeE )" : {
      "DATARATE_RX" : 100.0,
      "DATARATE_TX" : 100.0
    },
    "interface-nodeC ( nodeC )" : {
      "DATARATE_RX" : 100.0,
      "DATARATE_TX" : 100.0
    },
    "interface-nodeI ( nodeI )" : {
      "DATARATE_RX" : 100.0,
      "DATARATE_TX" : 100.0
    }
  },
  "networkLoad" : {
    "interface-nodeE ( nodeE )" : {
      "(nodeC_c02, clientPoolN, nodeC_c02)" : {
        "AppCoordinates {com.bbn, test-service3, 1}" : {
          "DATARATE_TX" : -3.8116482626443515E-21,
          "DATARATE_RX" : -7.623296525288703E-21
        },
        "AppCoordinates {com.bbn, test-service2, 1}" : {
          "DATARATE_TX" : 6.999999999999999E-6,
          "DATARATE_RX" : 1.3999999999999998E-5
        }
      },
      "(nodeC_c03, clientPoolN, nodeC_c03)" : {
        "AppCoordinates {com.bbn, test-service1, 1}" : {
          "DATARATE_TX" : -3.8116482626443515E-21,
          "DATARATE_RX" : -7.623296525288703E-21
        }
      },
      "(nodeI_c01, clientPoolN, nodeI_c01)" : {
        "AppCoordinates {com.bbn, test-service3, 1}" : {
          "DATARATE_TX" : 2.900000000000001E-5,
          "DATARATE_RX" : 5.800000000000002E-5
        }
      },
      "(nodeC_c00, clientPoolN, nodeC_c00)" : {
        "AppCoordinates {com.bbn, test-service3, 1}" : {
          "DATARATE_TX" : 4.199999999999998E-5,
          "DATARATE_RX" : 8.399999999999995E-5
        },
        "AppCoordinates {com.bbn, test-service1, 1}" : {
          "DATARATE_TX" : -3.8116482626443515E-21,
          "DATARATE_RX" : -7.623296525288703E-21
        }
      },
      "(nodeI_c00, clientPoolN, nodeI_c00)" : {
        "AppCoordinates {com.bbn, test-service2, 1}" : {
          "DATARATE_TX" : 1.2705494208814505E-21,
          "DATARATE_RX" : 2.541098841762901E-21
        }
      },
      "(nodeC_c01, clientPoolN, nodeC_c01)" : {
        "AppCoordinates {com.bbn, test-service3, 1}" : {
          "DATARATE_TX" : 2.800000000000001E-5,
          "DATARATE_RX" : 5.600000000000002E-5
        },
        "AppCoordinates {com.bbn, test-service2, 1}" : {
          "DATARATE_TX" : -3.8116482626443515E-21,
          "DATARATE_RX" : -7.623296525288703E-21
        }
      },
      "(nodeB_c00, clientPoolN, nodeB_c00)" : {
        "AppCoordinates {com.bbn, test-service3, 1}" : {
          "DATARATE_TX" : 2.5000000000000008E-5,
          "DATARATE_RX" : 5.0000000000000016E-5
        }
      },
      "(nodeC_c06, clientPoolN, nodeC_c06)" : {
        "AppCoordinates {com.bbn, test-service2, 1}" : {
          "DATARATE_TX" : -3.8116482626443515E-21,
          "DATARATE_RX" : -7.623296525288703E-21
        },
        "AppCoordinates {com.bbn, test-service1, 1}" : {
          "DATARATE_TX" : 6.499999999999991E-5,
          "DATARATE_RX" : 1.2999999999999983E-4
        }
      },
      "(nodeC_c07, clientPoolN, nodeC_c07)" : {
        "AppCoordinates {com.bbn, test-service2, 1}" : {
          "DATARATE_TX" : 6.499999999999991E-5,
          "DATARATE_RX" : 1.2999999999999983E-4
        },
        "AppCoordinates {com.bbn, test-service1, 1}" : {
          "DATARATE_TX" : -3.8116482626443515E-21,
          "DATARATE_RX" : -7.623296525288703E-21
        }
      },
      "(nodeC_c04, clientPoolN, nodeC_c04)" : {
        "AppCoordinates {com.bbn, test-service3, 1}" : {
          "DATARATE_TX" : 3.8999999999999986E-5,
          "DATARATE_RX" : 7.799999999999997E-5
        },
        "AppCoordinates {com.bbn, test-service1, 1}" : {
          "DATARATE_TX" : -3.8116482626443515E-21,
          "DATARATE_RX" : -7.623296525288703E-21
        }
      },
      "(nodeB_c01, clientPoolN, nodeB_c01)" : {
        "AppCoordinates {com.bbn, test-service2, 1}" : {
          "DATARATE_TX" : 1.2705494208814505E-21,
          "DATARATE_RX" : 2.541098841762901E-21
        }
      },
      "(nodeC_c05, clientPoolN, nodeC_c05)" : {
        "AppCoordinates {com.bbn, test-service3, 1}" : {
          "DATARATE_TX" : 3.699999999999999E-5,
          "DATARATE_RX" : 7.399999999999998E-5
        }
      }
    },
    "interface-nodeC ( nodeC )" : {
      "(clientPoolN, nodeC_c04, nodeC_c04)" : {
        "AppCoordinates {com.bbn, test-service3, 1}" : {
          "DATARATE_TX" : 7.799999999999997E-5,
          "DATARATE_RX" : 3.8999999999999986E-5
        },
        "AppCoordinates {com.bbn, test-service1, 1}" : {
          "DATARATE_TX" : -7.623296525288703E-21,
          "DATARATE_RX" : -3.8116482626443515E-21
        }
      },
      "(clientPoolN, nodeC_c03, nodeC_c03)" : {
        "AppCoordinates {com.bbn, test-service1, 1}" : {
          "DATARATE_TX" : -7.623296525288703E-21,
          "DATARATE_RX" : -3.8116482626443515E-21
        }
      },
      "(clientPoolN, nodeC_c02, nodeC_c02)" : {
        "AppCoordinates {com.bbn, test-service3, 1}" : {
          "DATARATE_TX" : -7.623296525288703E-21,
          "DATARATE_RX" : -3.8116482626443515E-21
        },
        "AppCoordinates {com.bbn, test-service2, 1}" : {
          "DATARATE_TX" : 1.3999999999999998E-5,
          "DATARATE_RX" : 6.999999999999999E-6
        }
      },
      "(clientPoolN, nodeC_c01, nodeC_c01)" : {
        "AppCoordinates {com.bbn, test-service3, 1}" : {
          "DATARATE_TX" : 5.600000000000002E-5,
          "DATARATE_RX" : 2.800000000000001E-5
        },
        "AppCoordinates {com.bbn, test-service2, 1}" : {
          "DATARATE_TX" : -7.623296525288703E-21,
          "DATARATE_RX" : -3.8116482626443515E-21
        }
      },
      "(clientPoolN, nodeC_c07, nodeC_c07)" : {
        "AppCoordinates {com.bbn, test-service2, 1}" : {
          "DATARATE_TX" : 1.2999999999999983E-4,
          "DATARATE_RX" : 6.499999999999991E-5
        },
        "AppCoordinates {com.bbn, test-service1, 1}" : {
          "DATARATE_TX" : -7.623296525288703E-21,
          "DATARATE_RX" : -3.8116482626443515E-21
        }
      },
      "(clientPoolN, nodeC_c06, nodeC_c06)" : {
        "AppCoordinates {com.bbn, test-service2, 1}" : {
          "DATARATE_TX" : -7.623296525288703E-21,
          "DATARATE_RX" : -3.8116482626443515E-21
        },
        "AppCoordinates {com.bbn, test-service1, 1}" : {
          "DATARATE_TX" : 1.2999999999999983E-4,
          "DATARATE_RX" : 6.499999999999991E-5
        }
      },
      "(clientPoolN, nodeC_c05, nodeC_c05)" : {
        "AppCoordinates {com.bbn, test-service3, 1}" : {
          "DATARATE_TX" : 7.399999999999998E-5,
          "DATARATE_RX" : 3.699999999999999E-5
        }
      },
      "(clientPoolN, nodeC_c00, nodeC_c00)" : {
        "AppCoordinates {com.bbn, test-service3, 1}" : {
          "DATARATE_TX" : 8.399999999999995E-5,
          "DATARATE_RX" : 4.199999999999998E-5
        },
        "AppCoordinates {com.bbn, test-service1, 1}" : {
          "DATARATE_TX" : -7.623296525288703E-21,
          "DATARATE_RX" : -3.8116482626443515E-21
        }
      }
    },
    "interface-nodeI ( nodeI )" : {
      "(clientPoolN, nodeI_c01, nodeI_c01)" : {
        "AppCoordinates {com.bbn, test-service3, 1}" : {
          "DATARATE_TX" : 5.800000000000002E-5,
          "DATARATE_RX" : 2.900000000000001E-5
        }
      },
      "(clientPoolN, nodeI_c00, nodeI_c00)" : {
        "AppCoordinates {com.bbn, test-service2, 1}" : {
          "DATARATE_TX" : 2.541098841762901E-21,
          "DATARATE_RX" : 1.2705494208814505E-21
        }
      }
    }
  },
  "networkDemand" : {
    "interface-nodeE ( nodeE )" : {
      "(nodeC_c02, clientPoolN, nodeC_c02)" : {
        "AppCoordinates {com.bbn, test-service3, 1}" : {
          "DATARATE_TX" : 9.174999999999986E-6,
          "DATARATE_RX" : 1.834999999999997E-5
        },
        "AppCoordinates {com.bbn, test-service2, 1}" : {
          "DATARATE_TX" : 6.971830985915498E-6,
          "DATARATE_RX" : 1.3943661971830995E-5
        }
      },
      "(nodeC_c03, clientPoolN, nodeC_c03)" : {
        "AppCoordinates {com.bbn, test-service1, 1}" : {
          "DATARATE_TX" : 4.8374999999999915E-5,
          "DATARATE_RX" : 9.674999999999983E-5
        }
      },
      "(nodeI_c01, clientPoolN, nodeI_c01)" : {
        "AppCoordinates {com.bbn, test-service3, 1}" : {
          "DATARATE_TX" : 2.5228571428571426E-5,
          "DATARATE_RX" : 5.045714285714285E-5
        }
      },
      "(nodeC_c00, clientPoolN, nodeC_c00)" : {
        "AppCoordinates {com.bbn, test-service3, 1}" : {
          "DATARATE_TX" : 3.789999999999996E-5,
          "DATARATE_RX" : 7.579999999999992E-5
        },
        "AppCoordinates {com.bbn, test-service1, 1}" : {
          "DATARATE_TX" : 2.544166666666664E-5,
          "DATARATE_RX" : 5.088333333333328E-5
        }
      },
      "(nodeI_c00, clientPoolN, nodeI_c00)" : {
        "AppCoordinates {com.bbn, test-service2, 1}" : {
          "DATARATE_TX" : 4.69565217391304E-6,
          "DATARATE_RX" : 9.39130434782608E-6
        }
      },
      "(nodeC_c01, clientPoolN, nodeC_c01)" : {
        "AppCoordinates {com.bbn, test-service3, 1}" : {
          "DATARATE_TX" : 2.4685714285714318E-5,
          "DATARATE_RX" : 4.9371428571428636E-5
        },
        "AppCoordinates {com.bbn, test-service2, 1}" : {
          "DATARATE_TX" : 2.463333333333328E-5,
          "DATARATE_RX" : 4.926666666666656E-5
        }
      },
      "(nodeB_c00, clientPoolN, nodeB_c00)" : {
        "AppCoordinates {com.bbn, test-service3, 1}" : {
          "DATARATE_TX" : 7.478547854785465E-6,
          "DATARATE_RX" : 1.495709570957093E-5
        }
      },
      "(nodeC_c06, clientPoolN, nodeC_c06)" : {
        "AppCoordinates {com.bbn, test-service2, 1}" : {
          "DATARATE_TX" : 2.892777777777779E-5,
          "DATARATE_RX" : 5.785555555555558E-5
        },
        "AppCoordinates {com.bbn, test-service1, 1}" : {
          "DATARATE_TX" : 6.352727272727268E-5,
          "DATARATE_RX" : 1.2705454545454536E-4
        }
      },
      "(nodeC_c07, clientPoolN, nodeC_c07)" : {
        "AppCoordinates {com.bbn, test-service2, 1}" : {
          "DATARATE_TX" : 5.977391304347799E-5,
          "DATARATE_RX" : 1.1954782608695597E-4
        },
        "AppCoordinates {com.bbn, test-service1, 1}" : {
          "DATARATE_TX" : 2.2288571428571413E-5,
          "DATARATE_RX" : 4.4577142857142826E-5
        }
      },
      "(nodeC_c04, clientPoolN, nodeC_c04)" : {
        "AppCoordinates {com.bbn, test-service3, 1}" : {
          "DATARATE_TX" : 8.421221864951766E-6,
          "DATARATE_RX" : 1.684244372990353E-5
        },
        "AppCoordinates {com.bbn, test-service1, 1}" : {
          "DATARATE_TX" : 3.561111111111106E-6,
          "DATARATE_RX" : 7.122222222222212E-6
        }
      },
      "(nodeB_c01, clientPoolN, nodeB_c01)" : {
        "AppCoordinates {com.bbn, test-service2, 1}" : {
          "DATARATE_TX" : 6.260869565217399E-6,
          "DATARATE_RX" : 1.2521739130434797E-5
        }
      },
      "(nodeC_c05, clientPoolN, nodeC_c05)" : {
        "AppCoordinates {com.bbn, test-service3, 1}" : {
          "DATARATE_TX" : 1.801944444444442E-5,
          "DATARATE_RX" : 3.603888888888884E-5
        }
      }
    },
    "interface-nodeC ( nodeC )" : {
      "(clientPoolN, nodeC_c04, nodeC_c04)" : {
        "AppCoordinates {com.bbn, test-service3, 1}" : {
          "DATARATE_TX" : 1.684244372990353E-5,
          "DATARATE_RX" : 8.421221864951766E-6
        },
        "AppCoordinates {com.bbn, test-service1, 1}" : {
          "DATARATE_TX" : 7.122222222222212E-6,
          "DATARATE_RX" : 3.561111111111106E-6
        }
      },
      "(clientPoolN, nodeC_c03, nodeC_c03)" : {
        "AppCoordinates {com.bbn, test-service1, 1}" : {
          "DATARATE_TX" : 9.674999999999983E-5,
          "DATARATE_RX" : 4.8374999999999915E-5
        }
      },
      "(clientPoolN, nodeC_c02, nodeC_c02)" : {
        "AppCoordinates {com.bbn, test-service3, 1}" : {
          "DATARATE_TX" : 1.834999999999997E-5,
          "DATARATE_RX" : 9.174999999999986E-6
        },
        "AppCoordinates {com.bbn, test-service2, 1}" : {
          "DATARATE_TX" : 1.3943661971830995E-5,
          "DATARATE_RX" : 6.971830985915498E-6
        }
      },
      "(clientPoolN, nodeC_c01, nodeC_c01)" : {
        "AppCoordinates {com.bbn, test-service3, 1}" : {
          "DATARATE_TX" : 4.9371428571428636E-5,
          "DATARATE_RX" : 2.4685714285714318E-5
        },
        "AppCoordinates {com.bbn, test-service2, 1}" : {
          "DATARATE_TX" : 4.926666666666656E-5,
          "DATARATE_RX" : 2.463333333333328E-5
        }
      },
      "(clientPoolN, nodeC_c07, nodeC_c07)" : {
        "AppCoordinates {com.bbn, test-service2, 1}" : {
          "DATARATE_TX" : 1.1954782608695597E-4,
          "DATARATE_RX" : 5.977391304347799E-5
        },
        "AppCoordinates {com.bbn, test-service1, 1}" : {
          "DATARATE_TX" : 4.4577142857142826E-5,
          "DATARATE_RX" : 2.2288571428571413E-5
        }
      },
      "(clientPoolN, nodeC_c06, nodeC_c06)" : {
        "AppCoordinates {com.bbn, test-service2, 1}" : {
          "DATARATE_TX" : 5.785555555555558E-5,
          "DATARATE_RX" : 2.892777777777779E-5
        },
        "AppCoordinates {com.bbn, test-service1, 1}" : {
          "DATARATE_TX" : 1.2705454545454536E-4,
          "DATARATE_RX" : 6.352727272727268E-5
        }
      },
      "(clientPoolN, nodeC_c05, nodeC_c05)" : {
        "AppCoordinates {com.bbn, test-service3, 1}" : {
          "DATARATE_TX" : 3.603888888888884E-5,
          "DATARATE_RX" : 1.801944444444442E-5
        }
      },
      "(clientPoolN, nodeC_c00, nodeC_c00)" : {
        "AppCoordinates {com.bbn, test-service3, 1}" : {
          "DATARATE_TX" : 7.579999999999992E-5,
          "DATARATE_RX" : 3.789999999999996E-5
        },
        "AppCoordinates {com.bbn, test-service1, 1}" : {
          "DATARATE_TX" : 5.088333333333328E-5,
          "DATARATE_RX" : 2.544166666666664E-5
        }
      }
    },
    "interface-nodeI ( nodeI )" : {
      "(clientPoolN, nodeI_c01, nodeI_c01)" : {
        "AppCoordinates {com.bbn, test-service3, 1}" : {
          "DATARATE_TX" : 5.045714285714285E-5,
          "DATARATE_RX" : 2.5228571428571426E-5
        }
      },
      "(clientPoolN, nodeI_c00, nodeI_c00)" : {
        "AppCoordinates {com.bbn, test-service2, 1}" : {
          "DATARATE_TX" : 9.39130434782608E-6,
          "DATARATE_RX" : 4.69565217391304E-6
        }
      }
    }
  },
  "containerReports" : {
    "nodeB_c00" : {
      "containerName" : {
        "name" : "nodeB_c00"
      },
      "timestamp" : 264982,
      "service" : {
        "group" : "com.bbn",
        "artifact" : "test-service3",
        "version" : "1"
      },
      "serviceStatus" : "RUNNING",
      "demandEstimationWindow" : "LONG",
      "computeCapacity" : {
        "CPU" : 1.0,
        "TASK_CONTAINERS" : 100.0,
        "QueueLength" : 1000000.0
      },
      "computeLoad" : {
        "UNKNOWN" : {
          "QueueLength" : 25.0,
          "TASK_CONTAINERS" : 12.5
        }
      },
      "computeDemand" : {
        "UNKNOWN" : {
          "QueueLength" : 7.2165605095541405,
          "TASK_CONTAINERS" : 3.726973684210526
        }
      },
      "averageProcessingTime" : 120000.0,
      "networkCapacity" : {
        "interface-nodeB ( nodeB )" : {
          "DATARATE_TX" : 100.0,
          "DATARATE_RX" : 100.0
        }
      },
      "networkLoad" : {
        "interface-nodeB ( nodeB )" : {
          "(clientPoolN, nodeB_c00, nodeB_c00)" : {
            "AppCoordinates {com.bbn, test-service3, 1}" : {
              "DATARATE_TX" : 5.0000000000000016E-5,
              "DATARATE_RX" : 2.5000000000000008E-5
            }
          }
        }
      },
      "networkDemand" : {
        "interface-nodeB ( nodeB )" : {
          "(clientPoolN, nodeB_c00, nodeB_c00)" : {
            "AppCoordinates {com.bbn, test-service3, 1}" : {
              "DATARATE_TX" : 1.495709570957093E-5,
              "DATARATE_RX" : 7.478547854785465E-6
            }
          }
        }
      }
    }
  },
  "maximumServiceContainers" : 20,
  "allocatedServiceContainers" : 1,
  "computeDemand" : {
    "AppCoordinates {com.bbn, test-service3, 1}" : {
      "UNKNOWN" : {
        "QueueLength" : 7.2165605095541405,
        "TASK_CONTAINERS" : 3.726973684210526
      }
    }
  },
  "containerNetworkLoad" : {
    "interface-nodeB ( nodeB )" : {
      "(clientPoolN, nodeB_c00, nodeB_c00)" : {
        "AppCoordinates {com.bbn, test-service3, 1}" : {
          "DATARATE_TX" : 5.0000000000000016E-5,
          "DATARATE_RX" : 2.5000000000000008E-5
        }
      }
    }
  },
  "containerNetworkDemand" : {
    "interface-nodeB ( nodeB )" : {
      "(clientPoolN, nodeB_c00, nodeB_c00)" : {
        "AppCoordinates {com.bbn, test-service3, 1}" : {
          "DATARATE_TX" : 1.495709570957093E-5,
          "DATARATE_RX" : 7.478547854785465E-6
        }
      }
    }
  },
  "computeLoad" : {
    "AppCoordinates {com.bbn, test-service3, 1}" : {
      "UNKNOWN" : {
        "QueueLength" : 25.0,
        "TASK_CONTAINERS" : 12.5
      }
    }
  },
  "availableServiceContainers" : 19,
  "averageProcessingTime" : {
    "AppCoordinates {com.bbn, test-service3, 1}" : 120000.0
  },
  "allocatedComputeCapacity" : {
    "CPU" : 1.0,
    "QueueLength" : 1000000.0,
    "TASK_CONTAINERS" : 100.0
  }
}