{
  "region" : {
    "name" : "D"
  },
  "timestamp" : 111597,
  "servicePlan" : {
    "nodeD" : [ {
      "id" : {
        "name" : "nodeD_c00"
      },
      "service" : {
        "group" : "com.bbn",
        "artifact" : "test-service3",
        "version" : "1"
      },
      "weight" : 1.0,
      "stopTrafficTo" : false,
      "stop" : false
    }, {
      "id" : {
        "name" : "nodeD_c01"
      },
      "service" : {
        "group" : "com.bbn",
        "artifact" : "test-service2",
        "version" : "1"
      },
      "weight" : 1.0,
      "stopTrafficTo" : false,
      "stop" : false
    } ]
  },
  "overflowPlan" : {
    "AppCoordinates {com.bbn, test-service2, 1}" : {
      "A" : 0.0,
      "B" : 0.6906788195726935,
      "C" : 0.15466059021365325,
      "D" : 0.1546605902136533
    },
    "AppCoordinates {com.bbn, test-service1, 1}" : {
      "A" : 0.0,
      "B" : 1.0,
      "C" : 0.0,
      "D" : 0.0
    },
    "AppCoordinates {com.bbn, test-service3, 1}" : {
      "D" : 1.0,
      "A" : 0.0,
      "B" : 0.0,
      "C" : 0.0
    }
  }
}