721,2,DNS_UPDATE_SUCCEEDED
40449,81,RLG_PLAN_PUBLISHED
40449,81,DCOP_PLAN_PLUBLIED
40954,82,DNS_UPDATE_SUCCEEDED
220761,438,DCOP_PLAN_PLUBLIED
223731,444,RLG_PLAN_PUBLISHED
340850,676,DCOP_PLAN_PLUBLIED
340899,676,RLG_PLAN_PUBLISHED
341213,677,DNS_UPDATE_SUCCEEDED
460970,914,DCOP_PLAN_PLUBLIED
461084,914,RLG_PLAN_PUBLISHED
461306,915,DNS_UPDATE_SUCCEEDED
580786,1151,DCOP_PLAN_PLUBLIED
581277,1152,RLG_PLAN_PUBLISHED
581381,1153,DNS_UPDATE_SUCCEEDED
700936,1389,DCOP_PLAN_PLUBLIED
701503,1390,RLG_PLAN_PUBLISHED
701506,1391,DNS_UPDATE_SUCCEEDED
820908,1627,DCOP_PLAN_PLUBLIED
821668,1629,RLG_PLAN_PUBLISHED
822141,1630,DNS_UPDATE_SUCCEEDED
940837,1865,DCOP_PLAN_PLUBLIED
941842,1867,RLG_PLAN_PUBLISHED
942344,1868,DNS_UPDATE_SUCCEEDED
1060644,2102,DCOP_PLAN_PLUBLIED
1062050,2104,RLG_PLAN_PUBLISHED
1062161,2105,DNS_UPDATE_SUCCEEDED
1180622,2337,DCOP_PLAN_PLUBLIED
1182423,2341,RLG_PLAN_PUBLISHED
1182805,2342,DNS_UPDATE_SUCCEEDED
1300907,2573,DCOP_PLAN_PLUBLIED
1302786,2577,RLG_PLAN_PUBLISHED
1303081,2578,DNS_UPDATE_SUCCEEDED
1420873,2809,DCOP_PLAN_PLUBLIED
1423161,2813,RLG_PLAN_PUBLISHED
1423295,2814,DNS_UPDATE_SUCCEEDED
1541004,3046,DCOP_PLAN_PLUBLIED
1543416,3051,RLG_PLAN_PUBLISHED
1543878,3052,DNS_UPDATE_SUCCEEDED
1660991,3283,DCOP_PLAN_PLUBLIED
1663593,3289,RLG_PLAN_PUBLISHED
1664042,3290,DNS_UPDATE_SUCCEEDED
1781013,3521,DCOP_PLAN_PLUBLIED
1783779,3527,RLG_PLAN_PUBLISHED
1784190,3528,DNS_UPDATE_SUCCEEDED
