{
  "AppCoordinates {com.bbn, test-service3, 1}" : {
    "serverDemand" : {
      "C" : {
        "QueueLength" : 227.026762336211,
        "TASK_CONTAINERS" : 134.8732958816196
      },
      "E" : {
        "QueueLength" : 237.0028607549258,
        "TASK_CONTAINERS" : 140.48992044279706
      }
    }
  },
  "AppCoordinates {com.bbn, test-service2, 1}" : {
    "serverDemand" : {
      "C" : {
        "QueueLength" : 62.42026098808126,
        "TASK_CONTAINERS" : 39.2408073463084
      },
      "E" : {
        "QueueLength" : 59.27741343052338,
        "TASK_CONTAINERS" : 37.265040606907974
      }
    }
  },
  "AppCoordinates {com.bbn, test-service1, 1}" : {
    "serverDemand" : {
      "C" : {
        "QueueLength" : 83.43575691144561,
        "TASK_CONTAINERS" : 41.98877377037036
      },
      "E" : {
        "QueueLength" : 81.81585599178017,
        "TASK_CONTAINERS" : 41.1735638919673
      }
    }
  }
}