{
  "region" : {
    "name" : "N"
  },
  "nodeResourceReports" : [ {
    "nodeName" : {
      "name" : "nodeN"
    },
    "timestamp" : 184488,
    "demandEstimationWindow" : "SHORT",
    "nodeComputeCapacity" : {
      "CPU" : 4.0,
      "MEMORY" : 8.0E9,
      "DISK" : 10.0,
      "TASK_CONTAINERS" : 20.0
    },
    "networkCapacity" : {
      "interface-nodeH ( nodeH )" : {
        "DATARATE_RX" : 100.0,
        "DATARATE_TX" : 100.0
      },
      "interface-nodeF ( nodeF )" : {
        "DATARATE_RX" : 100.0,
        "DATARATE_TX" : 100.0
      }
    },
    "networkLoad" : {
      "interface-nodeH ( nodeH )" : {
        "(nodeN_c00, clientPoolH, nodeN_c00)" : {
          "AppCoordinates {com.bbn, test-service3, 1}" : {
            "DATARATE_TX" : 5.7999999999999946E-5,
            "DATARATE_RX" : 1.1599999999999989E-4
          }
        },
        "(nodeN_c01, clientPoolH, nodeN_c01)" : {
          "AppCoordinates {com.bbn, test-service3, 1}" : {
            "DATARATE_TX" : 8.499999999999986E-5,
            "DATARATE_RX" : 1.6999999999999971E-4
          }
        },
        "(nodeC_c00, clientPoolH, nodeC_c00)" : {
          "AppCoordinates {com.bbn, test-service2, 1}" : {
            "DATARATE_TX" : 1.9000000000000004E-5,
            "DATARATE_RX" : 3.800000000000001E-5
          }
        },
        "(nodeF_c00, clientPoolH, nodeF_c00)" : {
          "AppCoordinates {com.bbn, test-service3, 1}" : {
            "DATARATE_TX" : 6.999999999999991E-5,
            "DATARATE_RX" : 1.3999999999999983E-4
          }
        },
        "(nodeF_c01, clientPoolH, nodeF_c01)" : {
          "AppCoordinates {com.bbn, test-service2, 1}" : {
            "DATARATE_TX" : 1.0E-5,
            "DATARATE_RX" : 2.0E-5
          }
        },
        "(nodeA_c00, clientPoolH, nodeA_c00)" : {
          "AppCoordinates {com.bbn, test-service1, 1}" : {
            "DATARATE_TX" : -3.8116482626443515E-21,
            "DATARATE_RX" : -7.623296525288703E-21
          }
        },
        "(nodeA_c01, clientPoolH, nodeA_c01)" : {
          "AppCoordinates {com.bbn, test-service2, 1}" : {
            "DATARATE_TX" : -3.8116482626443515E-21,
            "DATARATE_RX" : -7.623296525288703E-21
          },
          "AppCoordinates {com.bbn, test-service1, 1}" : {
            "DATARATE_TX" : 7.19999999999999E-5,
            "DATARATE_RX" : 1.439999999999998E-4
          }
        },
        "(nodeA_c02, clientPoolH, nodeA_c02)" : {
          "AppCoordinates {com.bbn, test-service3, 1}" : {
            "DATARATE_TX" : -3.8116482626443515E-21,
            "DATARATE_RX" : -7.623296525288703E-21
          }
        },
        "(nodeA_c03, clientPoolH, nodeA_c03)" : {
          "AppCoordinates {com.bbn, test-service1, 1}" : {
            "DATARATE_TX" : 6.399999999999992E-5,
            "DATARATE_RX" : 1.2799999999999983E-4
          }
        },
        "(nodeA_c04, clientPoolH, nodeA_c04)" : {
          "AppCoordinates {com.bbn, test-service3, 1}" : {
            "DATARATE_TX" : -3.8116482626443515E-21,
            "DATARATE_RX" : -7.623296525288703E-21
          },
          "AppCoordinates {com.bbn, test-service1, 1}" : {
            "DATARATE_TX" : -3.8116482626443515E-21,
            "DATARATE_RX" : -7.623296525288703E-21
          }
        },
        "(nodeA_c05, clientPoolH, nodeA_c05)" : {
          "AppCoordinates {com.bbn, test-service3, 1}" : {
            "DATARATE_TX" : 1.2705494208814505E-21,
            "DATARATE_RX" : 2.541098841762901E-21
          }
        },
        "(nodeA_c06, clientPoolH, nodeA_c06)" : {
          "AppCoordinates {com.bbn, test-service2, 1}" : {
            "DATARATE_TX" : -3.8116482626443515E-21,
            "DATARATE_RX" : -7.623296525288703E-21
          }
        },
        "(nodeA_c07, clientPoolH, nodeA_c07)" : {
          "AppCoordinates {com.bbn, test-service2, 1}" : {
            "DATARATE_TX" : -3.8116482626443515E-21,
            "DATARATE_RX" : -7.623296525288703E-21
          }
        }
      },
      "interface-nodeF ( nodeF )" : {
        "(clientPoolH, nodeA_c04, nodeA_c04)" : {
          "AppCoordinates {com.bbn, test-service3, 1}" : {
            "DATARATE_TX" : -7.623296525288703E-21,
            "DATARATE_RX" : -3.8116482626443515E-21
          },
          "AppCoordinates {com.bbn, test-service1, 1}" : {
            "DATARATE_TX" : -7.623296525288703E-21,
            "DATARATE_RX" : -3.8116482626443515E-21
          }
        },
        "(clientPoolH, nodeA_c03, nodeA_c03)" : {
          "AppCoordinates {com.bbn, test-service1, 1}" : {
            "DATARATE_TX" : 1.2799999999999983E-4,
            "DATARATE_RX" : 6.399999999999992E-5
          }
        },
        "(clientPoolH, nodeA_c02, nodeA_c02)" : {
          "AppCoordinates {com.bbn, test-service3, 1}" : {
            "DATARATE_TX" : -7.623296525288703E-21,
            "DATARATE_RX" : -3.8116482626443515E-21
          }
        },
        "(clientPoolH, nodeA_c01, nodeA_c01)" : {
          "AppCoordinates {com.bbn, test-service2, 1}" : {
            "DATARATE_TX" : -7.623296525288703E-21,
            "DATARATE_RX" : -3.8116482626443515E-21
          },
          "AppCoordinates {com.bbn, test-service1, 1}" : {
            "DATARATE_TX" : 1.439999999999998E-4,
            "DATARATE_RX" : 7.19999999999999E-5
          }
        },
        "(clientPoolH, nodeF_c01, nodeF_c01)" : {
          "AppCoordinates {com.bbn, test-service2, 1}" : {
            "DATARATE_TX" : 2.0E-5,
            "DATARATE_RX" : 1.0E-5
          }
        },
        "(clientPoolH, nodeA_c00, nodeA_c00)" : {
          "AppCoordinates {com.bbn, test-service1, 1}" : {
            "DATARATE_TX" : -7.623296525288703E-21,
            "DATARATE_RX" : -3.8116482626443515E-21
          }
        },
        "(clientPoolH, nodeF_c00, nodeF_c00)" : {
          "AppCoordinates {com.bbn, test-service3, 1}" : {
            "DATARATE_TX" : 1.3999999999999983E-4,
            "DATARATE_RX" : 6.999999999999991E-5
          }
        },
        "(clientPoolH, nodeC_c00, nodeC_c00)" : {
          "AppCoordinates {com.bbn, test-service2, 1}" : {
            "DATARATE_TX" : 3.800000000000001E-5,
            "DATARATE_RX" : 1.9000000000000004E-5
          }
        },
        "(clientPoolH, nodeA_c07, nodeA_c07)" : {
          "AppCoordinates {com.bbn, test-service2, 1}" : {
            "DATARATE_TX" : -7.623296525288703E-21,
            "DATARATE_RX" : -3.8116482626443515E-21
          }
        },
        "(clientPoolH, nodeA_c06, nodeA_c06)" : {
          "AppCoordinates {com.bbn, test-service2, 1}" : {
            "DATARATE_TX" : -7.623296525288703E-21,
            "DATARATE_RX" : -3.8116482626443515E-21
          }
        },
        "(clientPoolH, nodeA_c05, nodeA_c05)" : {
          "AppCoordinates {com.bbn, test-service3, 1}" : {
            "DATARATE_TX" : 2.541098841762901E-21,
            "DATARATE_RX" : 1.2705494208814505E-21
          }
        }
      }
    },
    "networkDemand" : {
      "interface-nodeH ( nodeH )" : {
        "(nodeN_c00, clientPoolH, nodeN_c00)" : {
          "AppCoordinates {com.bbn, test-service3, 1}" : {
            "DATARATE_TX" : 5.7999999999999946E-5,
            "DATARATE_RX" : 1.1599999999999989E-4
          }
        },
        "(nodeN_c01, clientPoolH, nodeN_c01)" : {
          "AppCoordinates {com.bbn, test-service3, 1}" : {
            "DATARATE_TX" : 8.499999999999987E-5,
            "DATARATE_RX" : 1.6999999999999974E-4
          }
        },
        "(nodeC_c00, clientPoolH, nodeC_c00)" : {
          "AppCoordinates {com.bbn, test-service2, 1}" : {
            "DATARATE_TX" : 1.9000000000000004E-5,
            "DATARATE_RX" : 3.800000000000001E-5
          }
        },
        "(nodeF_c00, clientPoolH, nodeF_c00)" : {
          "AppCoordinates {com.bbn, test-service3, 1}" : {
            "DATARATE_TX" : 6.99999999999999E-5,
            "DATARATE_RX" : 1.399999999999998E-4
          }
        },
        "(nodeF_c01, clientPoolH, nodeF_c01)" : {
          "AppCoordinates {com.bbn, test-service2, 1}" : {
            "DATARATE_TX" : 1.0E-5,
            "DATARATE_RX" : 2.0E-5
          }
        },
        "(nodeA_c00, clientPoolH, nodeA_c00)" : {
          "AppCoordinates {com.bbn, test-service1, 1}" : {
            "DATARATE_TX" : -3.8116482626443515E-21,
            "DATARATE_RX" : -7.623296525288703E-21
          }
        },
        "(nodeA_c01, clientPoolH, nodeA_c01)" : {
          "AppCoordinates {com.bbn, test-service2, 1}" : {
            "DATARATE_TX" : -3.8116482626443515E-21,
            "DATARATE_RX" : -7.623296525288703E-21
          },
          "AppCoordinates {com.bbn, test-service1, 1}" : {
            "DATARATE_TX" : 7.19999999999999E-5,
            "DATARATE_RX" : 1.439999999999998E-4
          }
        },
        "(nodeA_c02, clientPoolH, nodeA_c02)" : {
          "AppCoordinates {com.bbn, test-service3, 1}" : {
            "DATARATE_TX" : -3.8116482626443515E-21,
            "DATARATE_RX" : -7.623296525288703E-21
          }
        },
        "(nodeA_c03, clientPoolH, nodeA_c03)" : {
          "AppCoordinates {com.bbn, test-service1, 1}" : {
            "DATARATE_TX" : 6.399999999999992E-5,
            "DATARATE_RX" : 1.2799999999999983E-4
          }
        },
        "(nodeA_c04, clientPoolH, nodeA_c04)" : {
          "AppCoordinates {com.bbn, test-service3, 1}" : {
            "DATARATE_TX" : -3.8116482626443515E-21,
            "DATARATE_RX" : -7.623296525288703E-21
          },
          "AppCoordinates {com.bbn, test-service1, 1}" : {
            "DATARATE_TX" : -3.8116482626443515E-21,
            "DATARATE_RX" : -7.623296525288703E-21
          }
        },
        "(nodeA_c05, clientPoolH, nodeA_c05)" : {
          "AppCoordinates {com.bbn, test-service3, 1}" : {
            "DATARATE_TX" : 1.2705494208814505E-21,
            "DATARATE_RX" : 2.541098841762901E-21
          }
        },
        "(nodeA_c06, clientPoolH, nodeA_c06)" : {
          "AppCoordinates {com.bbn, test-service2, 1}" : {
            "DATARATE_TX" : -3.8116482626443515E-21,
            "DATARATE_RX" : -7.623296525288703E-21
          }
        },
        "(nodeA_c07, clientPoolH, nodeA_c07)" : {
          "AppCoordinates {com.bbn, test-service2, 1}" : {
            "DATARATE_TX" : -3.8116482626443515E-21,
            "DATARATE_RX" : -7.623296525288703E-21
          }
        }
      },
      "interface-nodeF ( nodeF )" : {
        "(clientPoolH, nodeA_c04, nodeA_c04)" : {
          "AppCoordinates {com.bbn, test-service3, 1}" : {
            "DATARATE_TX" : -7.623296525288703E-21,
            "DATARATE_RX" : -3.8116482626443515E-21
          },
          "AppCoordinates {com.bbn, test-service1, 1}" : {
            "DATARATE_TX" : -7.623296525288703E-21,
            "DATARATE_RX" : -3.8116482626443515E-21
          }
        },
        "(clientPoolH, nodeA_c03, nodeA_c03)" : {
          "AppCoordinates {com.bbn, test-service1, 1}" : {
            "DATARATE_TX" : 1.2799999999999983E-4,
            "DATARATE_RX" : 6.399999999999992E-5
          }
        },
        "(clientPoolH, nodeA_c02, nodeA_c02)" : {
          "AppCoordinates {com.bbn, test-service3, 1}" : {
            "DATARATE_TX" : -7.623296525288703E-21,
            "DATARATE_RX" : -3.8116482626443515E-21
          }
        },
        "(clientPoolH, nodeA_c01, nodeA_c01)" : {
          "AppCoordinates {com.bbn, test-service2, 1}" : {
            "DATARATE_TX" : -7.623296525288703E-21,
            "DATARATE_RX" : -3.8116482626443515E-21
          },
          "AppCoordinates {com.bbn, test-service1, 1}" : {
            "DATARATE_TX" : 1.439999999999998E-4,
            "DATARATE_RX" : 7.19999999999999E-5
          }
        },
        "(clientPoolH, nodeA_c00, nodeA_c00)" : {
          "AppCoordinates {com.bbn, test-service1, 1}" : {
            "DATARATE_TX" : -7.623296525288703E-21,
            "DATARATE_RX" : -3.8116482626443515E-21
          }
        },
        "(clientPoolH, nodeF_c01, nodeF_c01)" : {
          "AppCoordinates {com.bbn, test-service2, 1}" : {
            "DATARATE_TX" : 2.0E-5,
            "DATARATE_RX" : 1.0E-5
          }
        },
        "(clientPoolH, nodeF_c00, nodeF_c00)" : {
          "AppCoordinates {com.bbn, test-service3, 1}" : {
            "DATARATE_TX" : 1.399999999999998E-4,
            "DATARATE_RX" : 6.99999999999999E-5
          }
        },
        "(clientPoolH, nodeC_c00, nodeC_c00)" : {
          "AppCoordinates {com.bbn, test-service2, 1}" : {
            "DATARATE_TX" : 3.800000000000001E-5,
            "DATARATE_RX" : 1.9000000000000004E-5
          }
        },
        "(clientPoolH, nodeA_c07, nodeA_c07)" : {
          "AppCoordinates {com.bbn, test-service2, 1}" : {
            "DATARATE_TX" : -7.623296525288703E-21,
            "DATARATE_RX" : -3.8116482626443515E-21
          }
        },
        "(clientPoolH, nodeA_c06, nodeA_c06)" : {
          "AppCoordinates {com.bbn, test-service2, 1}" : {
            "DATARATE_TX" : -7.623296525288703E-21,
            "DATARATE_RX" : -3.8116482626443515E-21
          }
        },
        "(clientPoolH, nodeA_c05, nodeA_c05)" : {
          "AppCoordinates {com.bbn, test-service3, 1}" : {
            "DATARATE_TX" : 2.541098841762901E-21,
            "DATARATE_RX" : 1.2705494208814505E-21
          }
        }
      }
    },
    "containerReports" : {
      "nodeN_c01" : {
        "containerName" : {
          "name" : "nodeN_c01"
        },
        "timestamp" : 184488,
        "service" : {
          "group" : "com.bbn",
          "artifact" : "test-service3",
          "version" : "1"
        },
        "serviceStatus" : "RUNNING",
        "demandEstimationWindow" : "SHORT",
        "computeCapacity" : {
          "CPU" : 1.0,
          "TASK_CONTAINERS" : 100.0,
          "QueueLength" : 1000000.0
        },
        "computeLoad" : {
          "UNKNOWN" : {
            "QueueLength" : 85.0,
            "TASK_CONTAINERS" : 42.5
          }
        },
        "computeDemand" : {
          "UNKNOWN" : {
            "QueueLength" : 74.375,
            "TASK_CONTAINERS" : 37.1875
          }
        },
        "averageProcessingTime" : "NaN",
        "networkCapacity" : {
          "interface-nodeN ( nodeN )" : {
            "DATARATE_TX" : 100.0,
            "DATARATE_RX" : 100.0
          }
        },
        "networkLoad" : {
          "interface-nodeN ( nodeN )" : {
            "(clientPoolH, nodeN_c01, nodeN_c01)" : {
              "AppCoordinates {com.bbn, test-service3, 1}" : {
                "DATARATE_TX" : 1.6999999999999971E-4,
                "DATARATE_RX" : 8.499999999999986E-5
              }
            }
          }
        },
        "networkDemand" : {
          "interface-nodeN ( nodeN )" : {
            "(clientPoolH, nodeN_c01, nodeN_c01)" : {
              "AppCoordinates {com.bbn, test-service3, 1}" : {
                "DATARATE_TX" : 1.6999999999999974E-4,
                "DATARATE_RX" : 8.499999999999987E-5
              }
            }
          }
        }
      },
      "nodeN_c00" : {
        "containerName" : {
          "name" : "nodeN_c00"
        },
        "timestamp" : 184488,
        "service" : {
          "group" : "com.bbn",
          "artifact" : "test-service3",
          "version" : "1"
        },
        "serviceStatus" : "RUNNING",
        "demandEstimationWindow" : "SHORT",
        "computeCapacity" : {
          "CPU" : 1.0,
          "TASK_CONTAINERS" : 100.0,
          "QueueLength" : 1000000.0
        },
        "computeLoad" : {
          "UNKNOWN" : {
            "QueueLength" : 58.0,
            "TASK_CONTAINERS" : 29.0
          }
        },
        "computeDemand" : {
          "UNKNOWN" : {
            "QueueLength" : 50.75,
            "TASK_CONTAINERS" : 25.375
          }
        },
        "averageProcessingTime" : 120000.0,
        "networkCapacity" : {
          "interface-nodeN ( nodeN )" : {
            "DATARATE_TX" : 100.0,
            "DATARATE_RX" : 100.0
          }
        },
        "networkLoad" : {
          "interface-nodeN ( nodeN )" : {
            "(clientPoolH, nodeN_c00, nodeN_c00)" : {
              "AppCoordinates {com.bbn, test-service3, 1}" : {
                "DATARATE_TX" : 1.6599999999999975E-4,
                "DATARATE_RX" : 8.299999999999988E-5
              }
            }
          }
        },
        "networkDemand" : {
          "interface-nodeN ( nodeN )" : {
            "(clientPoolH, nodeN_c00, nodeN_c00)" : {
              "AppCoordinates {com.bbn, test-service3, 1}" : {
                "DATARATE_TX" : 1.6599999999999973E-4,
                "DATARATE_RX" : 8.299999999999986E-5
              }
            }
          }
        }
      }
    },
    "maximumServiceContainers" : 20,
    "allocatedServiceContainers" : 2,
    "computeDemand" : {
      "AppCoordinates {com.bbn, test-service3, 1}" : {
        "UNKNOWN" : {
          "QueueLength" : 125.125,
          "TASK_CONTAINERS" : 62.5625
        }
      }
    },
    "containerNetworkLoad" : {
      "interface-nodeN ( nodeN )" : {
        "(clientPoolH, nodeN_c00, nodeN_c00)" : {
          "AppCoordinates {com.bbn, test-service3, 1}" : {
            "DATARATE_TX" : 1.6599999999999975E-4,
            "DATARATE_RX" : 8.299999999999988E-5
          }
        },
        "(clientPoolH, nodeN_c01, nodeN_c01)" : {
          "AppCoordinates {com.bbn, test-service3, 1}" : {
            "DATARATE_TX" : 1.6999999999999971E-4,
            "DATARATE_RX" : 8.499999999999986E-5
          }
        }
      }
    },
    "containerNetworkDemand" : {
      "interface-nodeN ( nodeN )" : {
        "(clientPoolH, nodeN_c00, nodeN_c00)" : {
          "AppCoordinates {com.bbn, test-service3, 1}" : {
            "DATARATE_TX" : 1.6599999999999973E-4,
            "DATARATE_RX" : 8.299999999999986E-5
          }
        },
        "(clientPoolH, nodeN_c01, nodeN_c01)" : {
          "AppCoordinates {com.bbn, test-service3, 1}" : {
            "DATARATE_TX" : 1.6999999999999974E-4,
            "DATARATE_RX" : 8.499999999999987E-5
          }
        }
      }
    },
    "computeLoad" : {
      "AppCoordinates {com.bbn, test-service3, 1}" : {
        "UNKNOWN" : {
          "QueueLength" : 143.0,
          "TASK_CONTAINERS" : 71.5
        }
      }
    },
    "availableServiceContainers" : 18,
    "averageProcessingTime" : {
      "AppCoordinates {com.bbn, test-service3, 1}" : 120000.0
    },
    "allocatedComputeCapacity" : {
      "CPU" : 2.0,
      "QueueLength" : 2000000.0,
      "TASK_CONTAINERS" : 200.0
    }
  } ]
}