{
  "clientName" : "clientPoolF",
  "clientRegion" : {
    "name" : "F"
  },
  "numRequestsAttempted" : 2400,
  "numRequestsSucceeded" : 1153,
  "numRequestsFailedForServerLoad" : 1247,
  "numRequestsFailedForNetworkLoad" : 0,
  "numRequestsSlowForServerLoad" : 232,
  "numRequestsSlowForNetworkLoad" : 0,
  "numRequestsSlowForNetworkAndServerLoad" : 0,
  "numRequestsServicedByRegion" : {
    "A" : 52,
    "B" : 814,
    "D" : 65,
    "E" : 52,
    "F" : 170
  },
  "numRequestsFailedForDownNode" : 0
}