{
  "region" : {
    "name" : "O"
  },
  "nodeResourceReports" : [ {
    "nodeName" : {
      "name" : "nodeO"
    },
    "timestamp" : 307498,
    "demandEstimationWindow" : "SHORT",
    "nodeComputeCapacity" : {
      "CPU" : 8.0,
      "MEMORY" : 1.6E10,
      "DISK" : 10.0,
      "TASK_CONTAINERS" : 8.0
    },
    "networkCapacity" : {
      "interface-nodeB ( nodeB )" : {
        "DATARATE_RX" : 100.0,
        "DATARATE_TX" : 100.0
      },
      "interface-nodeH ( nodeH )" : {
        "DATARATE_RX" : 100.0,
        "DATARATE_TX" : 100.0
      },
      "interface-nodeI ( nodeI )" : {
        "DATARATE_RX" : 100.0,
        "DATARATE_TX" : 100.0
      },
      "interface-nodeG ( nodeG )" : {
        "DATARATE_RX" : 100.0,
        "DATARATE_TX" : 100.0
      },
      "interface-nodeL ( nodeL )" : {
        "DATARATE_RX" : 100.0,
        "DATARATE_TX" : 100.0
      },
      "interface-nodeK ( nodeK )" : {
        "DATARATE_RX" : 100.0,
        "DATARATE_TX" : 100.0
      },
      "interface-nodeA ( nodeA )" : {
        "DATARATE_RX" : 100.0,
        "DATARATE_TX" : 100.0
      },
      "interface-nodeN ( nodeN )" : {
        "DATARATE_RX" : 100.0,
        "DATARATE_TX" : 100.0
      }
    },
    "networkLoad" : {
      "interface-nodeB ( nodeB )" : { },
      "interface-nodeH ( nodeH )" : { },
      "interface-nodeI ( nodeI )" : {
        "(nodeO_c07, clientPoolI, nodeO_c07)" : {
          "AppCoordinates {com.bbn, test-service2, 1}" : {
            "DATARATE_TX" : 6.79999999999999E-5,
            "DATARATE_RX" : 1.359999999999998E-4
          }
        },
        "(nodeO_c03, clientPoolI, nodeO_c03)" : {
          "AppCoordinates {com.bbn, test-service1, 1}" : {
            "DATARATE_TX" : 6.89999999999999E-5,
            "DATARATE_RX" : 1.379999999999998E-4
          }
        },
        "(nodeO_c04, clientPoolI, nodeO_c04)" : {
          "AppCoordinates {com.bbn, test-service3, 1}" : {
            "DATARATE_TX" : 1.2705494208814505E-21,
            "DATARATE_RX" : 2.541098841762901E-21
          },
          "AppCoordinates {com.bbn, test-service2, 1}" : {
            "DATARATE_TX" : 7.599999999999988E-5,
            "DATARATE_RX" : 1.5199999999999976E-4
          },
          "AppCoordinates {com.bbn, test-service1, 1}" : {
            "DATARATE_TX" : -3.8116482626443515E-21,
            "DATARATE_RX" : -7.623296525288703E-21
          }
        },
        "(nodeO_c05, clientPoolI, nodeO_c05)" : {
          "AppCoordinates {com.bbn, test-service3, 1}" : {
            "DATARATE_TX" : -3.8116482626443515E-21,
            "DATARATE_RX" : -7.623296525288703E-21
          },
          "AppCoordinates {com.bbn, test-service2, 1}" : {
            "DATARATE_TX" : 7.299999999999989E-5,
            "DATARATE_RX" : 1.4599999999999978E-4
          }
        },
        "(nodeO_c06, clientPoolI, nodeO_c06)" : {
          "AppCoordinates {com.bbn, test-service1, 1}" : {
            "DATARATE_TX" : 4.899999999999996E-5,
            "DATARATE_RX" : 9.799999999999992E-5
          }
        },
        "(nodeO_c00, clientPoolI, nodeO_c00)" : {
          "AppCoordinates {com.bbn, test-service3, 1}" : {
            "DATARATE_TX" : 7.09999999999999E-5,
            "DATARATE_RX" : 1.419999999999998E-4
          },
          "AppCoordinates {com.bbn, test-service1, 1}" : {
            "DATARATE_TX" : -3.8116482626443515E-21,
            "DATARATE_RX" : -7.623296525288703E-21
          }
        },
        "(nodeO_c01, clientPoolI, nodeO_c01)" : {
          "AppCoordinates {com.bbn, test-service2, 1}" : {
            "DATARATE_TX" : -3.8116482626443515E-21,
            "DATARATE_RX" : -7.623296525288703E-21
          },
          "AppCoordinates {com.bbn, test-service1, 1}" : {
            "DATARATE_TX" : 6.699999999999991E-5,
            "DATARATE_RX" : 1.3399999999999981E-4
          }
        },
        "(nodeO_c02, clientPoolI, nodeO_c02)" : {
          "AppCoordinates {com.bbn, test-service3, 1}" : {
            "DATARATE_TX" : 6.699999999999992E-5,
            "DATARATE_RX" : 1.3399999999999984E-4
          }
        }
      },
      "interface-nodeG ( nodeG )" : {
        "(nodeO_c04, clientPoolJ, nodeO_c04)" : {
          "AppCoordinates {com.bbn, test-service2, 1}" : {
            "DATARATE_TX" : 7.999999999999987E-5,
            "DATARATE_RX" : 1.5999999999999974E-4
          },
          "AppCoordinates {com.bbn, test-service1, 1}" : {
            "DATARATE_TX" : -3.8116482626443515E-21,
            "DATARATE_RX" : -7.623296525288703E-21
          }
        },
        "(nodeO_c05, clientPoolJ, nodeO_c05)" : {
          "AppCoordinates {com.bbn, test-service3, 1}" : {
            "DATARATE_TX" : -3.8116482626443515E-21,
            "DATARATE_RX" : -7.623296525288703E-21
          },
          "AppCoordinates {com.bbn, test-service2, 1}" : {
            "DATARATE_TX" : 6.99999999999999E-5,
            "DATARATE_RX" : 1.399999999999998E-4
          }
        },
        "(nodeO_c06, clientPoolJ, nodeO_c06)" : {
          "AppCoordinates {com.bbn, test-service1, 1}" : {
            "DATARATE_TX" : 5.899999999999993E-5,
            "DATARATE_RX" : 1.1799999999999986E-4
          }
        },
        "(nodeO_c07, clientPoolJ, nodeO_c07)" : {
          "AppCoordinates {com.bbn, test-service2, 1}" : {
            "DATARATE_TX" : 7.19999999999999E-5,
            "DATARATE_RX" : 1.439999999999998E-4
          }
        },
        "(nodeO_c00, clientPoolJ, nodeO_c00)" : {
          "AppCoordinates {com.bbn, test-service3, 1}" : {
            "DATARATE_TX" : 4.899999999999996E-5,
            "DATARATE_RX" : 9.799999999999992E-5
          },
          "AppCoordinates {com.bbn, test-service1, 1}" : {
            "DATARATE_TX" : -3.8116482626443515E-21,
            "DATARATE_RX" : -7.623296525288703E-21
          }
        },
        "(nodeO_c01, clientPoolJ, nodeO_c01)" : {
          "AppCoordinates {com.bbn, test-service2, 1}" : {
            "DATARATE_TX" : -3.8116482626443515E-21,
            "DATARATE_RX" : -7.623296525288703E-21
          },
          "AppCoordinates {com.bbn, test-service1, 1}" : {
            "DATARATE_TX" : 6.599999999999991E-5,
            "DATARATE_RX" : 1.3199999999999982E-4
          }
        },
        "(nodeO_c02, clientPoolJ, nodeO_c02)" : {
          "AppCoordinates {com.bbn, test-service3, 1}" : {
            "DATARATE_TX" : 4.399999999999997E-5,
            "DATARATE_RX" : 8.799999999999994E-5
          }
        },
        "(nodeO_c03, clientPoolJ, nodeO_c03)" : {
          "AppCoordinates {com.bbn, test-service1, 1}" : {
            "DATARATE_TX" : 6.0999999999999924E-5,
            "DATARATE_RX" : 1.2199999999999985E-4
          }
        }
      },
      "interface-nodeL ( nodeL )" : { },
      "interface-nodeK ( nodeK )" : {
        "(nodeO_c05, clientPoolK, nodeO_c05)" : {
          "AppCoordinates {com.bbn, test-service3, 1}" : {
            "DATARATE_TX" : -3.8116482626443515E-21,
            "DATARATE_RX" : -7.623296525288703E-21
          },
          "AppCoordinates {com.bbn, test-service2, 1}" : {
            "DATARATE_TX" : 5.6999999999999935E-5,
            "DATARATE_RX" : 1.1399999999999987E-4
          }
        },
        "(nodeO_c06, clientPoolK, nodeO_c06)" : {
          "AppCoordinates {com.bbn, test-service1, 1}" : {
            "DATARATE_TX" : 4.899999999999996E-5,
            "DATARATE_RX" : 9.799999999999992E-5
          }
        },
        "(nodeO_c07, clientPoolK, nodeO_c07)" : {
          "AppCoordinates {com.bbn, test-service2, 1}" : {
            "DATARATE_TX" : 5.999999999999993E-5,
            "DATARATE_RX" : 1.1999999999999985E-4
          }
        },
        "(nodeO_c01, clientPoolK, nodeO_c01)" : {
          "AppCoordinates {com.bbn, test-service2, 1}" : {
            "DATARATE_TX" : -3.8116482626443515E-21,
            "DATARATE_RX" : -7.623296525288703E-21
          },
          "AppCoordinates {com.bbn, test-service1, 1}" : {
            "DATARATE_TX" : 6.699999999999991E-5,
            "DATARATE_RX" : 1.3399999999999981E-4
          }
        },
        "(nodeO_c02, clientPoolK, nodeO_c02)" : {
          "AppCoordinates {com.bbn, test-service3, 1}" : {
            "DATARATE_TX" : -3.8116482626443515E-21,
            "DATARATE_RX" : -7.623296525288703E-21
          }
        },
        "(nodeO_c03, clientPoolK, nodeO_c03)" : {
          "AppCoordinates {com.bbn, test-service1, 1}" : {
            "DATARATE_TX" : 6.99999999999999E-5,
            "DATARATE_RX" : 1.399999999999998E-4
          }
        },
        "(nodeO_c04, clientPoolK, nodeO_c04)" : {
          "AppCoordinates {com.bbn, test-service2, 1}" : {
            "DATARATE_TX" : 4.399999999999997E-5,
            "DATARATE_RX" : 8.799999999999994E-5
          },
          "AppCoordinates {com.bbn, test-service1, 1}" : {
            "DATARATE_TX" : -3.8116482626443515E-21,
            "DATARATE_RX" : -7.623296525288703E-21
          }
        },
        "(nodeO_c00, clientPoolK, nodeO_c00)" : {
          "AppCoordinates {com.bbn, test-service1, 1}" : {
            "DATARATE_TX" : -3.8116482626443515E-21,
            "DATARATE_RX" : -7.623296525288703E-21
          }
        }
      },
      "interface-nodeA ( nodeA )" : { },
      "interface-nodeN ( nodeN )" : { }
    },
    "networkDemand" : {
      "interface-nodeB ( nodeB )" : { },
      "interface-nodeA ( nodeA )" : { },
      "interface-nodeN ( nodeN )" : { },
      "interface-nodeL ( nodeL )" : { },
      "interface-nodeK ( nodeK )" : {
        "(nodeO_c05, clientPoolK, nodeO_c05)" : {
          "AppCoordinates {com.bbn, test-service3, 1}" : {
            "DATARATE_TX" : -3.8116482626443515E-21,
            "DATARATE_RX" : -7.623296525288703E-21
          },
          "AppCoordinates {com.bbn, test-service2, 1}" : {
            "DATARATE_TX" : 5.699999999999993E-5,
            "DATARATE_RX" : 1.1399999999999986E-4
          }
        },
        "(nodeO_c06, clientPoolK, nodeO_c06)" : {
          "AppCoordinates {com.bbn, test-service1, 1}" : {
            "DATARATE_TX" : 4.899999999999995E-5,
            "DATARATE_RX" : 9.79999999999999E-5
          }
        },
        "(nodeO_c07, clientPoolK, nodeO_c07)" : {
          "AppCoordinates {com.bbn, test-service2, 1}" : {
            "DATARATE_TX" : 5.9999999999999934E-5,
            "DATARATE_RX" : 1.1999999999999987E-4
          }
        },
        "(nodeO_c01, clientPoolK, nodeO_c01)" : {
          "AppCoordinates {com.bbn, test-service2, 1}" : {
            "DATARATE_TX" : -3.8116482626443515E-21,
            "DATARATE_RX" : -7.623296525288703E-21
          },
          "AppCoordinates {com.bbn, test-service1, 1}" : {
            "DATARATE_TX" : 6.699999999999991E-5,
            "DATARATE_RX" : 1.3399999999999981E-4
          }
        },
        "(nodeO_c02, clientPoolK, nodeO_c02)" : {
          "AppCoordinates {com.bbn, test-service3, 1}" : {
            "DATARATE_TX" : -3.8116482626443515E-21,
            "DATARATE_RX" : -7.623296525288703E-21
          }
        },
        "(nodeO_c03, clientPoolK, nodeO_c03)" : {
          "AppCoordinates {com.bbn, test-service1, 1}" : {
            "DATARATE_TX" : 6.99999999999999E-5,
            "DATARATE_RX" : 1.399999999999998E-4
          }
        },
        "(nodeO_c04, clientPoolK, nodeO_c04)" : {
          "AppCoordinates {com.bbn, test-service2, 1}" : {
            "DATARATE_TX" : 4.399999999999998E-5,
            "DATARATE_RX" : 8.799999999999996E-5
          },
          "AppCoordinates {com.bbn, test-service1, 1}" : {
            "DATARATE_TX" : -3.8116482626443515E-21,
            "DATARATE_RX" : -7.623296525288703E-21
          }
        },
        "(nodeO_c00, clientPoolK, nodeO_c00)" : {
          "AppCoordinates {com.bbn, test-service1, 1}" : {
            "DATARATE_TX" : -3.8116482626443515E-21,
            "DATARATE_RX" : -7.623296525288703E-21
          }
        }
      },
      "interface-nodeI ( nodeI )" : {
        "(nodeO_c07, clientPoolI, nodeO_c07)" : {
          "AppCoordinates {com.bbn, test-service2, 1}" : {
            "DATARATE_TX" : 6.79999999999999E-5,
            "DATARATE_RX" : 1.359999999999998E-4
          }
        },
        "(nodeO_c03, clientPoolI, nodeO_c03)" : {
          "AppCoordinates {com.bbn, test-service1, 1}" : {
            "DATARATE_TX" : 6.89999999999999E-5,
            "DATARATE_RX" : 1.379999999999998E-4
          }
        },
        "(nodeO_c04, clientPoolI, nodeO_c04)" : {
          "AppCoordinates {com.bbn, test-service3, 1}" : {
            "DATARATE_TX" : 1.2705494208814505E-21,
            "DATARATE_RX" : 2.541098841762901E-21
          },
          "AppCoordinates {com.bbn, test-service2, 1}" : {
            "DATARATE_TX" : 7.599999999999988E-5,
            "DATARATE_RX" : 1.5199999999999976E-4
          },
          "AppCoordinates {com.bbn, test-service1, 1}" : {
            "DATARATE_TX" : -3.8116482626443515E-21,
            "DATARATE_RX" : -7.623296525288703E-21
          }
        },
        "(nodeO_c05, clientPoolI, nodeO_c05)" : {
          "AppCoordinates {com.bbn, test-service3, 1}" : {
            "DATARATE_TX" : -3.8116482626443515E-21,
            "DATARATE_RX" : -7.623296525288703E-21
          },
          "AppCoordinates {com.bbn, test-service2, 1}" : {
            "DATARATE_TX" : 7.299999999999989E-5,
            "DATARATE_RX" : 1.4599999999999978E-4
          }
        },
        "(nodeO_c06, clientPoolI, nodeO_c06)" : {
          "AppCoordinates {com.bbn, test-service1, 1}" : {
            "DATARATE_TX" : 4.899999999999995E-5,
            "DATARATE_RX" : 9.79999999999999E-5
          }
        },
        "(nodeO_c00, clientPoolI, nodeO_c00)" : {
          "AppCoordinates {com.bbn, test-service3, 1}" : {
            "DATARATE_TX" : 7.09999999999999E-5,
            "DATARATE_RX" : 1.419999999999998E-4
          },
          "AppCoordinates {com.bbn, test-service1, 1}" : {
            "DATARATE_TX" : -3.8116482626443515E-21,
            "DATARATE_RX" : -7.623296525288703E-21
          }
        },
        "(nodeO_c01, clientPoolI, nodeO_c01)" : {
          "AppCoordinates {com.bbn, test-service2, 1}" : {
            "DATARATE_TX" : -3.8116482626443515E-21,
            "DATARATE_RX" : -7.623296525288703E-21
          },
          "AppCoordinates {com.bbn, test-service1, 1}" : {
            "DATARATE_TX" : 6.699999999999991E-5,
            "DATARATE_RX" : 1.3399999999999981E-4
          }
        },
        "(nodeO_c02, clientPoolI, nodeO_c02)" : {
          "AppCoordinates {com.bbn, test-service3, 1}" : {
            "DATARATE_TX" : 6.699999999999991E-5,
            "DATARATE_RX" : 1.3399999999999981E-4
          }
        }
      },
      "interface-nodeH ( nodeH )" : { },
      "interface-nodeG ( nodeG )" : {
        "(nodeO_c04, clientPoolJ, nodeO_c04)" : {
          "AppCoordinates {com.bbn, test-service2, 1}" : {
            "DATARATE_TX" : 7.999999999999987E-5,
            "DATARATE_RX" : 1.5999999999999974E-4
          },
          "AppCoordinates {com.bbn, test-service1, 1}" : {
            "DATARATE_TX" : -3.8116482626443515E-21,
            "DATARATE_RX" : -7.623296525288703E-21
          }
        },
        "(nodeO_c05, clientPoolJ, nodeO_c05)" : {
          "AppCoordinates {com.bbn, test-service3, 1}" : {
            "DATARATE_TX" : -3.8116482626443515E-21,
            "DATARATE_RX" : -7.623296525288703E-21
          },
          "AppCoordinates {com.bbn, test-service2, 1}" : {
            "DATARATE_TX" : 6.99999999999999E-5,
            "DATARATE_RX" : 1.399999999999998E-4
          }
        },
        "(nodeO_c06, clientPoolJ, nodeO_c06)" : {
          "AppCoordinates {com.bbn, test-service1, 1}" : {
            "DATARATE_TX" : 5.899999999999992E-5,
            "DATARATE_RX" : 1.1799999999999985E-4
          }
        },
        "(nodeO_c07, clientPoolJ, nodeO_c07)" : {
          "AppCoordinates {com.bbn, test-service2, 1}" : {
            "DATARATE_TX" : 7.19999999999999E-5,
            "DATARATE_RX" : 1.439999999999998E-4
          }
        },
        "(nodeO_c00, clientPoolJ, nodeO_c00)" : {
          "AppCoordinates {com.bbn, test-service3, 1}" : {
            "DATARATE_TX" : 4.899999999999995E-5,
            "DATARATE_RX" : 9.79999999999999E-5
          },
          "AppCoordinates {com.bbn, test-service1, 1}" : {
            "DATARATE_TX" : -3.8116482626443515E-21,
            "DATARATE_RX" : -7.623296525288703E-21
          }
        },
        "(nodeO_c01, clientPoolJ, nodeO_c01)" : {
          "AppCoordinates {com.bbn, test-service2, 1}" : {
            "DATARATE_TX" : -3.8116482626443515E-21,
            "DATARATE_RX" : -7.623296525288703E-21
          },
          "AppCoordinates {com.bbn, test-service1, 1}" : {
            "DATARATE_TX" : 6.599999999999991E-5,
            "DATARATE_RX" : 1.3199999999999982E-4
          }
        },
        "(nodeO_c02, clientPoolJ, nodeO_c02)" : {
          "AppCoordinates {com.bbn, test-service3, 1}" : {
            "DATARATE_TX" : 4.399999999999998E-5,
            "DATARATE_RX" : 8.799999999999996E-5
          }
        },
        "(nodeO_c03, clientPoolJ, nodeO_c03)" : {
          "AppCoordinates {com.bbn, test-service1, 1}" : {
            "DATARATE_TX" : 6.099999999999992E-5,
            "DATARATE_RX" : 1.2199999999999983E-4
          }
        }
      }
    },
    "containerReports" : {
      "nodeO_c07" : {
        "containerName" : {
          "name" : "nodeO_c07"
        },
        "timestamp" : 307498,
        "service" : {
          "group" : "com.bbn",
          "artifact" : "test-service2",
          "version" : "1"
        },
        "serviceStatus" : "RUNNING",
        "demandEstimationWindow" : "SHORT",
        "computeCapacity" : {
          "CPU" : 1.0,
          "TASK_CONTAINERS" : 100.0,
          "QueueLength" : 1000000.0
        },
        "computeLoad" : {
          "UNKNOWN" : {
            "QueueLength" : 200.0,
            "TASK_CONTAINERS" : 100.0
          }
        },
        "computeDemand" : {
          "UNKNOWN" : {
            "QueueLength" : 171.42857142857142,
            "TASK_CONTAINERS" : 85.71428571428571
          }
        },
        "averageProcessingTime" : "NaN",
        "networkCapacity" : {
          "interface-nodeO ( nodeO )" : {
            "DATARATE_TX" : 100.0,
            "DATARATE_RX" : 100.0
          }
        },
        "networkLoad" : {
          "interface-nodeO ( nodeO )" : {
            "(clientPoolK, nodeO_c07, nodeO_c07)" : {
              "AppCoordinates {com.bbn, test-service2, 1}" : {
                "DATARATE_TX" : 2.1599999999999959E-4,
                "DATARATE_RX" : 1.0799999999999979E-4
              }
            },
            "(clientPoolJ, nodeO_c07, nodeO_c07)" : {
              "AppCoordinates {com.bbn, test-service2, 1}" : {
                "DATARATE_TX" : 2.639999999999995E-4,
                "DATARATE_RX" : 1.3199999999999974E-4
              }
            },
            "(clientPoolI, nodeO_c07, nodeO_c07)" : {
              "AppCoordinates {com.bbn, test-service2, 1}" : {
                "DATARATE_TX" : 2.439999999999995E-4,
                "DATARATE_RX" : 1.2199999999999975E-4
              }
            }
          }
        },
        "networkDemand" : {
          "interface-nodeO ( nodeO )" : {
            "(clientPoolK, nodeO_c07, nodeO_c07)" : {
              "AppCoordinates {com.bbn, test-service2, 1}" : {
                "DATARATE_TX" : 2.1599999999999959E-4,
                "DATARATE_RX" : 1.0799999999999979E-4
              }
            },
            "(clientPoolJ, nodeO_c07, nodeO_c07)" : {
              "AppCoordinates {com.bbn, test-service2, 1}" : {
                "DATARATE_TX" : 2.639999999999995E-4,
                "DATARATE_RX" : 1.3199999999999974E-4
              }
            },
            "(clientPoolI, nodeO_c07, nodeO_c07)" : {
              "AppCoordinates {com.bbn, test-service2, 1}" : {
                "DATARATE_TX" : 2.439999999999995E-4,
                "DATARATE_RX" : 1.2199999999999975E-4
              }
            }
          }
        }
      },
      "nodeO_c02" : {
        "containerName" : {
          "name" : "nodeO_c02"
        },
        "timestamp" : 307498,
        "service" : {
          "group" : "com.bbn",
          "artifact" : "test-service3",
          "version" : "1"
        },
        "serviceStatus" : "RUNNING",
        "demandEstimationWindow" : "SHORT",
        "computeCapacity" : {
          "CPU" : 1.0,
          "TASK_CONTAINERS" : 100.0,
          "QueueLength" : 1000000.0
        },
        "computeLoad" : {
          "UNKNOWN" : {
            "QueueLength" : 111.0,
            "TASK_CONTAINERS" : 55.5
          }
        },
        "computeDemand" : {
          "UNKNOWN" : {
            "QueueLength" : 95.14285714285714,
            "TASK_CONTAINERS" : 47.57142857142857
          }
        },
        "averageProcessingTime" : 120000.0,
        "networkCapacity" : {
          "interface-nodeO ( nodeO )" : {
            "DATARATE_TX" : 100.0,
            "DATARATE_RX" : 100.0
          }
        },
        "networkLoad" : {
          "interface-nodeO ( nodeO )" : {
            "(clientPoolK, nodeO_c02, nodeO_c02)" : {
              "AppCoordinates {com.bbn, test-service3, 1}" : {
                "DATARATE_TX" : 7.369186641112413E-20,
                "DATARATE_RX" : 3.6845933205562065E-20
              }
            },
            "(clientPoolJ, nodeO_c02, nodeO_c02)" : {
              "AppCoordinates {com.bbn, test-service3, 1}" : {
                "DATARATE_TX" : 9.000000000000002E-5,
                "DATARATE_RX" : 4.500000000000001E-5
              }
            },
            "(clientPoolI, nodeO_c02, nodeO_c02)" : {
              "AppCoordinates {com.bbn, test-service3, 1}" : {
                "DATARATE_TX" : 1.4199999999999987E-4,
                "DATARATE_RX" : 7.099999999999994E-5
              }
            }
          }
        },
        "networkDemand" : {
          "interface-nodeO ( nodeO )" : {
            "(clientPoolK, nodeO_c02, nodeO_c02)" : {
              "AppCoordinates {com.bbn, test-service3, 1}" : {
                "DATARATE_TX" : 7.369186641112413E-20,
                "DATARATE_RX" : 3.6845933205562065E-20
              }
            },
            "(clientPoolJ, nodeO_c02, nodeO_c02)" : {
              "AppCoordinates {com.bbn, test-service3, 1}" : {
                "DATARATE_TX" : 9.000000000000002E-5,
                "DATARATE_RX" : 4.500000000000001E-5
              }
            },
            "(clientPoolI, nodeO_c02, nodeO_c02)" : {
              "AppCoordinates {com.bbn, test-service3, 1}" : {
                "DATARATE_TX" : 1.4199999999999987E-4,
                "DATARATE_RX" : 7.099999999999994E-5
              }
            }
          }
        }
      },
      "nodeO_c01" : {
        "containerName" : {
          "name" : "nodeO_c01"
        },
        "timestamp" : 307501,
        "service" : {
          "group" : "com.bbn",
          "artifact" : "test-service1",
          "version" : "1"
        },
        "serviceStatus" : "RUNNING",
        "demandEstimationWindow" : "SHORT",
        "computeCapacity" : {
          "CPU" : 1.0,
          "TASK_CONTAINERS" : 100.0,
          "QueueLength" : 1000000.0
        },
        "computeLoad" : {
          "UNKNOWN" : {
            "QueueLength" : 200.0,
            "TASK_CONTAINERS" : 100.0
          }
        },
        "computeDemand" : {
          "UNKNOWN" : {
            "QueueLength" : 171.42857142857142,
            "TASK_CONTAINERS" : 85.71428571428571
          }
        },
        "averageProcessingTime" : 120000.0,
        "networkCapacity" : {
          "interface-nodeO ( nodeO )" : {
            "DATARATE_TX" : 100.0,
            "DATARATE_RX" : 100.0
          }
        },
        "networkLoad" : {
          "interface-nodeO ( nodeO )" : {
            "(clientPoolK, nodeO_c01, nodeO_c01)" : {
              "AppCoordinates {com.bbn, test-service1, 1}" : {
                "DATARATE_TX" : 5.059999999999993E-4,
                "DATARATE_RX" : 2.5299999999999964E-4
              }
            },
            "(clientPoolJ, nodeO_c01, nodeO_c01)" : {
              "AppCoordinates {com.bbn, test-service1, 1}" : {
                "DATARATE_TX" : 4.93999999999999E-4,
                "DATARATE_RX" : 2.469999999999995E-4
              }
            },
            "(clientPoolI, nodeO_c01, nodeO_c01)" : {
              "AppCoordinates {com.bbn, test-service1, 1}" : {
                "DATARATE_TX" : 4.95999999999999E-4,
                "DATARATE_RX" : 2.479999999999995E-4
              }
            }
          }
        },
        "networkDemand" : {
          "interface-nodeO ( nodeO )" : {
            "(clientPoolK, nodeO_c01, nodeO_c01)" : {
              "AppCoordinates {com.bbn, test-service1, 1}" : {
                "DATARATE_TX" : 5.059999999999994E-4,
                "DATARATE_RX" : 2.529999999999997E-4
              }
            },
            "(clientPoolJ, nodeO_c01, nodeO_c01)" : {
              "AppCoordinates {com.bbn, test-service1, 1}" : {
                "DATARATE_TX" : 4.939999999999989E-4,
                "DATARATE_RX" : 2.4699999999999944E-4
              }
            },
            "(clientPoolI, nodeO_c01, nodeO_c01)" : {
              "AppCoordinates {com.bbn, test-service1, 1}" : {
                "DATARATE_TX" : 4.95999999999999E-4,
                "DATARATE_RX" : 2.479999999999995E-4
              }
            }
          }
        }
      },
      "nodeO_c00" : {
        "containerName" : {
          "name" : "nodeO_c00"
        },
        "timestamp" : 307502,
        "service" : {
          "group" : "com.bbn",
          "artifact" : "test-service3",
          "version" : "1"
        },
        "serviceStatus" : "RUNNING",
        "demandEstimationWindow" : "SHORT",
        "computeCapacity" : {
          "CPU" : 1.0,
          "TASK_CONTAINERS" : 100.0,
          "QueueLength" : 1000000.0
        },
        "computeLoad" : {
          "UNKNOWN" : {
            "QueueLength" : 120.0,
            "TASK_CONTAINERS" : 60.0
          }
        },
        "computeDemand" : {
          "UNKNOWN" : {
            "QueueLength" : 102.85714285714286,
            "TASK_CONTAINERS" : 51.42857142857143
          }
        },
        "averageProcessingTime" : 120000.0,
        "networkCapacity" : {
          "interface-nodeO ( nodeO )" : {
            "DATARATE_TX" : 100.0,
            "DATARATE_RX" : 100.0
          }
        },
        "networkLoad" : {
          "interface-nodeO ( nodeO )" : {
            "(clientPoolJ, nodeO_c00, nodeO_c00)" : {
              "AppCoordinates {com.bbn, test-service3, 1}" : {
                "DATARATE_TX" : 9.799999999999992E-5,
                "DATARATE_RX" : 4.899999999999996E-5
              }
            },
            "(clientPoolI, nodeO_c00, nodeO_c00)" : {
              "AppCoordinates {com.bbn, test-service3, 1}" : {
                "DATARATE_TX" : 1.419999999999998E-4,
                "DATARATE_RX" : 7.09999999999999E-5
              }
            }
          }
        },
        "networkDemand" : {
          "interface-nodeO ( nodeO )" : {
            "(clientPoolJ, nodeO_c00, nodeO_c00)" : {
              "AppCoordinates {com.bbn, test-service3, 1}" : {
                "DATARATE_TX" : 9.79999999999999E-5,
                "DATARATE_RX" : 4.899999999999995E-5
              }
            },
            "(clientPoolI, nodeO_c00, nodeO_c00)" : {
              "AppCoordinates {com.bbn, test-service3, 1}" : {
                "DATARATE_TX" : 1.419999999999998E-4,
                "DATARATE_RX" : 7.09999999999999E-5
              }
            }
          }
        }
      },
      "nodeO_c06" : {
        "containerName" : {
          "name" : "nodeO_c06"
        },
        "timestamp" : 307502,
        "service" : {
          "group" : "com.bbn",
          "artifact" : "test-service1",
          "version" : "1"
        },
        "serviceStatus" : "RUNNING",
        "demandEstimationWindow" : "SHORT",
        "computeCapacity" : {
          "CPU" : 1.0,
          "TASK_CONTAINERS" : 100.0,
          "QueueLength" : 1000000.0
        },
        "computeLoad" : {
          "UNKNOWN" : {
            "QueueLength" : 157.0,
            "TASK_CONTAINERS" : 78.5
          }
        },
        "computeDemand" : {
          "UNKNOWN" : {
            "QueueLength" : 137.375,
            "TASK_CONTAINERS" : 68.6875
          }
        },
        "averageProcessingTime" : "NaN",
        "networkCapacity" : {
          "interface-nodeO ( nodeO )" : {
            "DATARATE_TX" : 100.0,
            "DATARATE_RX" : 100.0
          }
        },
        "networkLoad" : {
          "interface-nodeO ( nodeO )" : {
            "(clientPoolK, nodeO_c06, nodeO_c06)" : {
              "AppCoordinates {com.bbn, test-service1, 1}" : {
                "DATARATE_TX" : 9.799999999999992E-5,
                "DATARATE_RX" : 4.899999999999996E-5
              }
            },
            "(clientPoolJ, nodeO_c06, nodeO_c06)" : {
              "AppCoordinates {com.bbn, test-service1, 1}" : {
                "DATARATE_TX" : 1.1799999999999986E-4,
                "DATARATE_RX" : 5.899999999999993E-5
              }
            },
            "(clientPoolI, nodeO_c06, nodeO_c06)" : {
              "AppCoordinates {com.bbn, test-service1, 1}" : {
                "DATARATE_TX" : 9.799999999999992E-5,
                "DATARATE_RX" : 4.899999999999996E-5
              }
            }
          }
        },
        "networkDemand" : {
          "interface-nodeO ( nodeO )" : {
            "(clientPoolK, nodeO_c06, nodeO_c06)" : {
              "AppCoordinates {com.bbn, test-service1, 1}" : {
                "DATARATE_TX" : 9.79999999999999E-5,
                "DATARATE_RX" : 4.899999999999995E-5
              }
            },
            "(clientPoolJ, nodeO_c06, nodeO_c06)" : {
              "AppCoordinates {com.bbn, test-service1, 1}" : {
                "DATARATE_TX" : 1.1799999999999985E-4,
                "DATARATE_RX" : 5.899999999999992E-5
              }
            },
            "(clientPoolI, nodeO_c06, nodeO_c06)" : {
              "AppCoordinates {com.bbn, test-service1, 1}" : {
                "DATARATE_TX" : 9.79999999999999E-5,
                "DATARATE_RX" : 4.899999999999995E-5
              }
            }
          }
        }
      },
      "nodeO_c05" : {
        "containerName" : {
          "name" : "nodeO_c05"
        },
        "timestamp" : 307502,
        "service" : {
          "group" : "com.bbn",
          "artifact" : "test-service2",
          "version" : "1"
        },
        "serviceStatus" : "RUNNING",
        "demandEstimationWindow" : "SHORT",
        "computeCapacity" : {
          "CPU" : 1.0,
          "TASK_CONTAINERS" : 100.0,
          "QueueLength" : 1000000.0
        },
        "computeLoad" : {
          "UNKNOWN" : {
            "QueueLength" : 200.0,
            "TASK_CONTAINERS" : 100.0
          }
        },
        "computeDemand" : {
          "UNKNOWN" : {
            "QueueLength" : 175.0,
            "TASK_CONTAINERS" : 87.5
          }
        },
        "averageProcessingTime" : 120000.0,
        "networkCapacity" : {
          "interface-nodeO ( nodeO )" : {
            "DATARATE_TX" : 100.0,
            "DATARATE_RX" : 100.0
          }
        },
        "networkLoad" : {
          "interface-nodeO ( nodeO )" : {
            "(clientPoolJ, nodeO_c05, nodeO_c05)" : {
              "AppCoordinates {com.bbn, test-service2, 1}" : {
                "DATARATE_TX" : 2.639999999999995E-4,
                "DATARATE_RX" : 1.3199999999999974E-4
              }
            },
            "(clientPoolI, nodeO_c05, nodeO_c05)" : {
              "AppCoordinates {com.bbn, test-service2, 1}" : {
                "DATARATE_TX" : 2.7599999999999944E-4,
                "DATARATE_RX" : 1.3799999999999972E-4
              }
            },
            "(clientPoolK, nodeO_c05, nodeO_c05)" : {
              "AppCoordinates {com.bbn, test-service2, 1}" : {
                "DATARATE_TX" : 1.859999999999997E-4,
                "DATARATE_RX" : 9.299999999999985E-5
              }
            }
          }
        },
        "networkDemand" : {
          "interface-nodeO ( nodeO )" : {
            "(clientPoolJ, nodeO_c05, nodeO_c05)" : {
              "AppCoordinates {com.bbn, test-service2, 1}" : {
                "DATARATE_TX" : 2.639999999999995E-4,
                "DATARATE_RX" : 1.3199999999999974E-4
              }
            },
            "(clientPoolI, nodeO_c05, nodeO_c05)" : {
              "AppCoordinates {com.bbn, test-service2, 1}" : {
                "DATARATE_TX" : 2.759999999999994E-4,
                "DATARATE_RX" : 1.379999999999997E-4
              }
            },
            "(clientPoolK, nodeO_c05, nodeO_c05)" : {
              "AppCoordinates {com.bbn, test-service2, 1}" : {
                "DATARATE_TX" : 1.8599999999999972E-4,
                "DATARATE_RX" : 9.299999999999986E-5
              }
            }
          }
        }
      },
      "nodeO_c04" : {
        "containerName" : {
          "name" : "nodeO_c04"
        },
        "timestamp" : 307503,
        "service" : {
          "group" : "com.bbn",
          "artifact" : "test-service2",
          "version" : "1"
        },
        "serviceStatus" : "RUNNING",
        "demandEstimationWindow" : "SHORT",
        "computeCapacity" : {
          "CPU" : 1.0,
          "TASK_CONTAINERS" : 100.0,
          "QueueLength" : 1000000.0
        },
        "computeLoad" : {
          "UNKNOWN" : {
            "QueueLength" : 200.0,
            "TASK_CONTAINERS" : 100.0
          }
        },
        "computeDemand" : {
          "UNKNOWN" : {
            "QueueLength" : 175.0,
            "TASK_CONTAINERS" : 87.5
          }
        },
        "averageProcessingTime" : 120000.0,
        "networkCapacity" : {
          "interface-nodeO ( nodeO )" : {
            "DATARATE_TX" : 100.0,
            "DATARATE_RX" : 100.0
          }
        },
        "networkLoad" : {
          "interface-nodeO ( nodeO )" : {
            "(clientPoolI, nodeO_c04, nodeO_c04)" : {
              "AppCoordinates {com.bbn, test-service2, 1}" : {
                "DATARATE_TX" : 2.7999999999999943E-4,
                "DATARATE_RX" : 1.3999999999999972E-4
              }
            },
            "(clientPoolK, nodeO_c04, nodeO_c04)" : {
              "AppCoordinates {com.bbn, test-service2, 1}" : {
                "DATARATE_TX" : 1.7399999999999973E-4,
                "DATARATE_RX" : 8.699999999999986E-5
              }
            },
            "(clientPoolJ, nodeO_c04, nodeO_c04)" : {
              "AppCoordinates {com.bbn, test-service2, 1}" : {
                "DATARATE_TX" : 2.7199999999999946E-4,
                "DATARATE_RX" : 1.3599999999999973E-4
              }
            }
          }
        },
        "networkDemand" : {
          "interface-nodeO ( nodeO )" : {
            "(clientPoolI, nodeO_c04, nodeO_c04)" : {
              "AppCoordinates {com.bbn, test-service2, 1}" : {
                "DATARATE_TX" : 2.7999999999999943E-4,
                "DATARATE_RX" : 1.3999999999999972E-4
              }
            },
            "(clientPoolK, nodeO_c04, nodeO_c04)" : {
              "AppCoordinates {com.bbn, test-service2, 1}" : {
                "DATARATE_TX" : 1.739999999999997E-4,
                "DATARATE_RX" : 8.699999999999985E-5
              }
            },
            "(clientPoolJ, nodeO_c04, nodeO_c04)" : {
              "AppCoordinates {com.bbn, test-service2, 1}" : {
                "DATARATE_TX" : 2.7199999999999946E-4,
                "DATARATE_RX" : 1.3599999999999973E-4
              }
            }
          }
        }
      },
      "nodeO_c03" : {
        "containerName" : {
          "name" : "nodeO_c03"
        },
        "timestamp" : 307504,
        "service" : {
          "group" : "com.bbn",
          "artifact" : "test-service1",
          "version" : "1"
        },
        "serviceStatus" : "RUNNING",
        "demandEstimationWindow" : "SHORT",
        "computeCapacity" : {
          "CPU" : 1.0,
          "TASK_CONTAINERS" : 100.0,
          "QueueLength" : 1000000.0
        },
        "computeLoad" : {
          "UNKNOWN" : {
            "QueueLength" : 200.0,
            "TASK_CONTAINERS" : 100.0
          }
        },
        "computeDemand" : {
          "UNKNOWN" : {
            "QueueLength" : 175.0,
            "TASK_CONTAINERS" : 87.5
          }
        },
        "averageProcessingTime" : "NaN",
        "networkCapacity" : {
          "interface-nodeO ( nodeO )" : {
            "DATARATE_TX" : 100.0,
            "DATARATE_RX" : 100.0
          }
        },
        "networkLoad" : {
          "interface-nodeO ( nodeO )" : {
            "(clientPoolK, nodeO_c03, nodeO_c03)" : {
              "AppCoordinates {com.bbn, test-service1, 1}" : {
                "DATARATE_TX" : 1.9599999999999964E-4,
                "DATARATE_RX" : 9.799999999999982E-5
              }
            },
            "(clientPoolJ, nodeO_c03, nodeO_c03)" : {
              "AppCoordinates {com.bbn, test-service1, 1}" : {
                "DATARATE_TX" : 1.8799999999999966E-4,
                "DATARATE_RX" : 9.399999999999983E-5
              }
            },
            "(clientPoolI, nodeO_c03, nodeO_c03)" : {
              "AppCoordinates {com.bbn, test-service1, 1}" : {
                "DATARATE_TX" : 2.059999999999996E-4,
                "DATARATE_RX" : 1.029999999999998E-4
              }
            }
          }
        },
        "networkDemand" : {
          "interface-nodeO ( nodeO )" : {
            "(clientPoolK, nodeO_c03, nodeO_c03)" : {
              "AppCoordinates {com.bbn, test-service1, 1}" : {
                "DATARATE_TX" : 1.9599999999999961E-4,
                "DATARATE_RX" : 9.799999999999981E-5
              }
            },
            "(clientPoolJ, nodeO_c03, nodeO_c03)" : {
              "AppCoordinates {com.bbn, test-service1, 1}" : {
                "DATARATE_TX" : 1.8799999999999964E-4,
                "DATARATE_RX" : 9.399999999999982E-5
              }
            },
            "(clientPoolI, nodeO_c03, nodeO_c03)" : {
              "AppCoordinates {com.bbn, test-service1, 1}" : {
                "DATARATE_TX" : 2.059999999999996E-4,
                "DATARATE_RX" : 1.029999999999998E-4
              }
            }
          }
        }
      }
    },
    "maximumServiceContainers" : 8,
    "allocatedServiceContainers" : 8,
    "computeDemand" : {
      "AppCoordinates {com.bbn, test-service3, 1}" : {
        "UNKNOWN" : {
          "QueueLength" : 198.0,
          "TASK_CONTAINERS" : 99.0
        }
      },
      "AppCoordinates {com.bbn, test-service2, 1}" : {
        "UNKNOWN" : {
          "QueueLength" : 521.4285714285714,
          "TASK_CONTAINERS" : 260.7142857142857
        }
      },
      "AppCoordinates {com.bbn, test-service1, 1}" : {
        "UNKNOWN" : {
          "QueueLength" : 483.80357142857144,
          "TASK_CONTAINERS" : 241.90178571428572
        }
      }
    },
    "containerNetworkLoad" : {
      "interface-nodeO ( nodeO )" : {
        "(clientPoolJ, nodeO_c00, nodeO_c00)" : {
          "AppCoordinates {com.bbn, test-service3, 1}" : {
            "DATARATE_TX" : 9.799999999999992E-5,
            "DATARATE_RX" : 4.899999999999996E-5
          }
        },
        "(clientPoolK, nodeO_c01, nodeO_c01)" : {
          "AppCoordinates {com.bbn, test-service1, 1}" : {
            "DATARATE_TX" : 5.059999999999993E-4,
            "DATARATE_RX" : 2.5299999999999964E-4
          }
        },
        "(clientPoolI, nodeO_c04, nodeO_c04)" : {
          "AppCoordinates {com.bbn, test-service2, 1}" : {
            "DATARATE_TX" : 2.7999999999999943E-4,
            "DATARATE_RX" : 1.3999999999999972E-4
          }
        },
        "(clientPoolJ, nodeO_c05, nodeO_c05)" : {
          "AppCoordinates {com.bbn, test-service2, 1}" : {
            "DATARATE_TX" : 2.639999999999995E-4,
            "DATARATE_RX" : 1.3199999999999974E-4
          }
        },
        "(clientPoolK, nodeO_c06, nodeO_c06)" : {
          "AppCoordinates {com.bbn, test-service1, 1}" : {
            "DATARATE_TX" : 9.799999999999992E-5,
            "DATARATE_RX" : 4.899999999999996E-5
          }
        },
        "(clientPoolI, nodeO_c05, nodeO_c05)" : {
          "AppCoordinates {com.bbn, test-service2, 1}" : {
            "DATARATE_TX" : 2.7599999999999944E-4,
            "DATARATE_RX" : 1.3799999999999972E-4
          }
        },
        "(clientPoolJ, nodeO_c06, nodeO_c06)" : {
          "AppCoordinates {com.bbn, test-service1, 1}" : {
            "DATARATE_TX" : 1.1799999999999986E-4,
            "DATARATE_RX" : 5.899999999999993E-5
          }
        },
        "(clientPoolK, nodeO_c07, nodeO_c07)" : {
          "AppCoordinates {com.bbn, test-service2, 1}" : {
            "DATARATE_TX" : 2.1599999999999959E-4,
            "DATARATE_RX" : 1.0799999999999979E-4
          }
        },
        "(clientPoolI, nodeO_c06, nodeO_c06)" : {
          "AppCoordinates {com.bbn, test-service1, 1}" : {
            "DATARATE_TX" : 9.799999999999992E-5,
            "DATARATE_RX" : 4.899999999999996E-5
          }
        },
        "(clientPoolJ, nodeO_c07, nodeO_c07)" : {
          "AppCoordinates {com.bbn, test-service2, 1}" : {
            "DATARATE_TX" : 2.639999999999995E-4,
            "DATARATE_RX" : 1.3199999999999974E-4
          }
        },
        "(clientPoolI, nodeO_c07, nodeO_c07)" : {
          "AppCoordinates {com.bbn, test-service2, 1}" : {
            "DATARATE_TX" : 2.439999999999995E-4,
            "DATARATE_RX" : 1.2199999999999975E-4
          }
        },
        "(clientPoolI, nodeO_c00, nodeO_c00)" : {
          "AppCoordinates {com.bbn, test-service3, 1}" : {
            "DATARATE_TX" : 1.419999999999998E-4,
            "DATARATE_RX" : 7.09999999999999E-5
          }
        },
        "(clientPoolJ, nodeO_c01, nodeO_c01)" : {
          "AppCoordinates {com.bbn, test-service1, 1}" : {
            "DATARATE_TX" : 4.93999999999999E-4,
            "DATARATE_RX" : 2.469999999999995E-4
          }
        },
        "(clientPoolK, nodeO_c02, nodeO_c02)" : {
          "AppCoordinates {com.bbn, test-service3, 1}" : {
            "DATARATE_TX" : 7.369186641112413E-20,
            "DATARATE_RX" : 3.6845933205562065E-20
          }
        },
        "(clientPoolK, nodeO_c03, nodeO_c03)" : {
          "AppCoordinates {com.bbn, test-service1, 1}" : {
            "DATARATE_TX" : 1.9599999999999964E-4,
            "DATARATE_RX" : 9.799999999999982E-5
          }
        },
        "(clientPoolI, nodeO_c01, nodeO_c01)" : {
          "AppCoordinates {com.bbn, test-service1, 1}" : {
            "DATARATE_TX" : 4.95999999999999E-4,
            "DATARATE_RX" : 2.479999999999995E-4
          }
        },
        "(clientPoolJ, nodeO_c02, nodeO_c02)" : {
          "AppCoordinates {com.bbn, test-service3, 1}" : {
            "DATARATE_TX" : 9.000000000000002E-5,
            "DATARATE_RX" : 4.500000000000001E-5
          }
        },
        "(clientPoolJ, nodeO_c03, nodeO_c03)" : {
          "AppCoordinates {com.bbn, test-service1, 1}" : {
            "DATARATE_TX" : 1.8799999999999966E-4,
            "DATARATE_RX" : 9.399999999999983E-5
          }
        },
        "(clientPoolK, nodeO_c04, nodeO_c04)" : {
          "AppCoordinates {com.bbn, test-service2, 1}" : {
            "DATARATE_TX" : 1.7399999999999973E-4,
            "DATARATE_RX" : 8.699999999999986E-5
          }
        },
        "(clientPoolI, nodeO_c02, nodeO_c02)" : {
          "AppCoordinates {com.bbn, test-service3, 1}" : {
            "DATARATE_TX" : 1.4199999999999987E-4,
            "DATARATE_RX" : 7.099999999999994E-5
          }
        },
        "(clientPoolI, nodeO_c03, nodeO_c03)" : {
          "AppCoordinates {com.bbn, test-service1, 1}" : {
            "DATARATE_TX" : 2.059999999999996E-4,
            "DATARATE_RX" : 1.029999999999998E-4
          }
        },
        "(clientPoolJ, nodeO_c04, nodeO_c04)" : {
          "AppCoordinates {com.bbn, test-service2, 1}" : {
            "DATARATE_TX" : 2.7199999999999946E-4,
            "DATARATE_RX" : 1.3599999999999973E-4
          }
        },
        "(clientPoolK, nodeO_c05, nodeO_c05)" : {
          "AppCoordinates {com.bbn, test-service2, 1}" : {
            "DATARATE_TX" : 1.859999999999997E-4,
            "DATARATE_RX" : 9.299999999999985E-5
          }
        }
      }
    },
    "containerNetworkDemand" : {
      "interface-nodeO ( nodeO )" : {
        "(clientPoolJ, nodeO_c00, nodeO_c00)" : {
          "AppCoordinates {com.bbn, test-service3, 1}" : {
            "DATARATE_TX" : 9.79999999999999E-5,
            "DATARATE_RX" : 4.899999999999995E-5
          }
        },
        "(clientPoolK, nodeO_c01, nodeO_c01)" : {
          "AppCoordinates {com.bbn, test-service1, 1}" : {
            "DATARATE_TX" : 5.059999999999994E-4,
            "DATARATE_RX" : 2.529999999999997E-4
          }
        },
        "(clientPoolI, nodeO_c04, nodeO_c04)" : {
          "AppCoordinates {com.bbn, test-service2, 1}" : {
            "DATARATE_TX" : 2.7999999999999943E-4,
            "DATARATE_RX" : 1.3999999999999972E-4
          }
        },
        "(clientPoolJ, nodeO_c05, nodeO_c05)" : {
          "AppCoordinates {com.bbn, test-service2, 1}" : {
            "DATARATE_TX" : 2.639999999999995E-4,
            "DATARATE_RX" : 1.3199999999999974E-4
          }
        },
        "(clientPoolK, nodeO_c06, nodeO_c06)" : {
          "AppCoordinates {com.bbn, test-service1, 1}" : {
            "DATARATE_TX" : 9.79999999999999E-5,
            "DATARATE_RX" : 4.899999999999995E-5
          }
        },
        "(clientPoolI, nodeO_c05, nodeO_c05)" : {
          "AppCoordinates {com.bbn, test-service2, 1}" : {
            "DATARATE_TX" : 2.759999999999994E-4,
            "DATARATE_RX" : 1.379999999999997E-4
          }
        },
        "(clientPoolJ, nodeO_c06, nodeO_c06)" : {
          "AppCoordinates {com.bbn, test-service1, 1}" : {
            "DATARATE_TX" : 1.1799999999999985E-4,
            "DATARATE_RX" : 5.899999999999992E-5
          }
        },
        "(clientPoolK, nodeO_c07, nodeO_c07)" : {
          "AppCoordinates {com.bbn, test-service2, 1}" : {
            "DATARATE_TX" : 2.1599999999999959E-4,
            "DATARATE_RX" : 1.0799999999999979E-4
          }
        },
        "(clientPoolI, nodeO_c06, nodeO_c06)" : {
          "AppCoordinates {com.bbn, test-service1, 1}" : {
            "DATARATE_TX" : 9.79999999999999E-5,
            "DATARATE_RX" : 4.899999999999995E-5
          }
        },
        "(clientPoolJ, nodeO_c07, nodeO_c07)" : {
          "AppCoordinates {com.bbn, test-service2, 1}" : {
            "DATARATE_TX" : 2.639999999999995E-4,
            "DATARATE_RX" : 1.3199999999999974E-4
          }
        },
        "(clientPoolI, nodeO_c07, nodeO_c07)" : {
          "AppCoordinates {com.bbn, test-service2, 1}" : {
            "DATARATE_TX" : 2.439999999999995E-4,
            "DATARATE_RX" : 1.2199999999999975E-4
          }
        },
        "(clientPoolI, nodeO_c00, nodeO_c00)" : {
          "AppCoordinates {com.bbn, test-service3, 1}" : {
            "DATARATE_TX" : 1.419999999999998E-4,
            "DATARATE_RX" : 7.09999999999999E-5
          }
        },
        "(clientPoolJ, nodeO_c01, nodeO_c01)" : {
          "AppCoordinates {com.bbn, test-service1, 1}" : {
            "DATARATE_TX" : 4.939999999999989E-4,
            "DATARATE_RX" : 2.4699999999999944E-4
          }
        },
        "(clientPoolK, nodeO_c02, nodeO_c02)" : {
          "AppCoordinates {com.bbn, test-service3, 1}" : {
            "DATARATE_TX" : 7.369186641112413E-20,
            "DATARATE_RX" : 3.6845933205562065E-20
          }
        },
        "(clientPoolK, nodeO_c03, nodeO_c03)" : {
          "AppCoordinates {com.bbn, test-service1, 1}" : {
            "DATARATE_TX" : 1.9599999999999961E-4,
            "DATARATE_RX" : 9.799999999999981E-5
          }
        },
        "(clientPoolI, nodeO_c01, nodeO_c01)" : {
          "AppCoordinates {com.bbn, test-service1, 1}" : {
            "DATARATE_TX" : 4.95999999999999E-4,
            "DATARATE_RX" : 2.479999999999995E-4
          }
        },
        "(clientPoolJ, nodeO_c02, nodeO_c02)" : {
          "AppCoordinates {com.bbn, test-service3, 1}" : {
            "DATARATE_TX" : 9.000000000000002E-5,
            "DATARATE_RX" : 4.500000000000001E-5
          }
        },
        "(clientPoolJ, nodeO_c03, nodeO_c03)" : {
          "AppCoordinates {com.bbn, test-service1, 1}" : {
            "DATARATE_TX" : 1.8799999999999964E-4,
            "DATARATE_RX" : 9.399999999999982E-5
          }
        },
        "(clientPoolK, nodeO_c04, nodeO_c04)" : {
          "AppCoordinates {com.bbn, test-service2, 1}" : {
            "DATARATE_TX" : 1.739999999999997E-4,
            "DATARATE_RX" : 8.699999999999985E-5
          }
        },
        "(clientPoolI, nodeO_c02, nodeO_c02)" : {
          "AppCoordinates {com.bbn, test-service3, 1}" : {
            "DATARATE_TX" : 1.4199999999999987E-4,
            "DATARATE_RX" : 7.099999999999994E-5
          }
        },
        "(clientPoolI, nodeO_c03, nodeO_c03)" : {
          "AppCoordinates {com.bbn, test-service1, 1}" : {
            "DATARATE_TX" : 2.059999999999996E-4,
            "DATARATE_RX" : 1.029999999999998E-4
          }
        },
        "(clientPoolJ, nodeO_c04, nodeO_c04)" : {
          "AppCoordinates {com.bbn, test-service2, 1}" : {
            "DATARATE_TX" : 2.7199999999999946E-4,
            "DATARATE_RX" : 1.3599999999999973E-4
          }
        },
        "(clientPoolK, nodeO_c05, nodeO_c05)" : {
          "AppCoordinates {com.bbn, test-service2, 1}" : {
            "DATARATE_TX" : 1.8599999999999972E-4,
            "DATARATE_RX" : 9.299999999999986E-5
          }
        }
      }
    },
    "computeLoad" : {
      "AppCoordinates {com.bbn, test-service3, 1}" : {
        "UNKNOWN" : {
          "QueueLength" : 231.0,
          "TASK_CONTAINERS" : 115.5
        }
      },
      "AppCoordinates {com.bbn, test-service2, 1}" : {
        "UNKNOWN" : {
          "QueueLength" : 600.0,
          "TASK_CONTAINERS" : 300.0
        }
      },
      "AppCoordinates {com.bbn, test-service1, 1}" : {
        "UNKNOWN" : {
          "QueueLength" : 557.0,
          "TASK_CONTAINERS" : 278.5
        }
      }
    },
    "allocatedComputeCapacity" : {
      "CPU" : 8.0,
      "QueueLength" : 8000000.0,
      "TASK_CONTAINERS" : 800.0
    },
    "availableServiceContainers" : 0,
    "averageProcessingTime" : {
      "AppCoordinates {com.bbn, test-service3, 1}" : 120000.0,
      "AppCoordinates {com.bbn, test-service2, 1}" : 120000.0,
      "AppCoordinates {com.bbn, test-service1, 1}" : 120000.0
    }
  } ]
}