{
  "region" : {
    "name" : "A"
  },
  "nodeResourceReports" : [ {
    "nodeName" : {
      "name" : "nodeA"
    },
    "timestamp" : 238498,
    "demandEstimationWindow" : "SHORT",
    "nodeComputeCapacity" : {
      "CPU" : 8.0,
      "MEMORY" : 1.6E10,
      "DISK" : 10.0,
      "TASK_CONTAINERS" : 8.0
    },
    "networkCapacity" : {
      "interface-nodeB ( nodeB )" : {
        "DATARATE_RX" : 100.0,
        "DATARATE_TX" : 100.0
      },
      "interface-nodeL ( nodeL )" : {
        "DATARATE_RX" : 100.0,
        "DATARATE_TX" : 100.0
      },
      "interface-nodeK ( nodeK )" : {
        "DATARATE_RX" : 100.0,
        "DATARATE_TX" : 100.0
      },
      "interface-nodeN ( nodeN )" : {
        "DATARATE_RX" : 100.0,
        "DATARATE_TX" : 100.0
      }
    },
    "networkLoad" : {
      "interface-nodeB ( nodeB )" : {
        "(nodeA_c03, clientPoolC, nodeA_c03)" : {
          "AppCoordinates {com.bbn, test-service3, 1}" : {
            "DATARATE_TX" : 0.005,
            "DATARATE_RX" : 0.01
          }
        },
        "(nodeA_c05, clientPoolE, nodeA_c05)" : {
          "AppCoordinates {com.bbn, test-service1, 1}" : {
            "DATARATE_TX" : 0.004,
            "DATARATE_RX" : 0.008
          }
        },
        "(nodeA_c06, clientPoolE, nodeA_c06)" : {
          "AppCoordinates {com.bbn, test-service3, 1}" : {
            "DATARATE_TX" : 0.003,
            "DATARATE_RX" : 0.006
          }
        },
        "(nodeA_c04, clientPoolC, nodeA_c04)" : {
          "AppCoordinates {com.bbn, test-service2, 1}" : {
            "DATARATE_TX" : 0.005,
            "DATARATE_RX" : 0.01
          }
        },
        "(nodeA_c07, clientPoolE, nodeA_c07)" : {
          "AppCoordinates {com.bbn, test-service3, 1}" : {
            "DATARATE_TX" : 0.003,
            "DATARATE_RX" : 0.006
          },
          "AppCoordinates {com.bbn, test-service2, 1}" : {
            "DATARATE_TX" : 0.004,
            "DATARATE_RX" : 0.008
          }
        },
        "(nodeA_c05, clientPoolC, nodeA_c05)" : {
          "AppCoordinates {com.bbn, test-service1, 1}" : {
            "DATARATE_TX" : 0.001,
            "DATARATE_RX" : 0.002
          }
        },
        "(nodeA_c06, clientPoolC, nodeA_c06)" : {
          "AppCoordinates {com.bbn, test-service3, 1}" : {
            "DATARATE_TX" : 0.002,
            "DATARATE_RX" : 0.004
          }
        },
        "(nodeA_c07, clientPoolC, nodeA_c07)" : {
          "AppCoordinates {com.bbn, test-service3, 1}" : {
            "DATARATE_TX" : 0.002,
            "DATARATE_RX" : 0.004
          },
          "AppCoordinates {com.bbn, test-service2, 1}" : {
            "DATARATE_TX" : 0.003,
            "DATARATE_RX" : 0.006
          }
        },
        "(nodeA_c00, clientPoolE, nodeA_c00)" : {
          "AppCoordinates {com.bbn, test-service3, 1}" : {
            "DATARATE_TX" : 0.002,
            "DATARATE_RX" : 0.004
          },
          "AppCoordinates {com.bbn, test-service1, 1}" : {
            "DATARATE_TX" : 0.003,
            "DATARATE_RX" : 0.006
          }
        },
        "(nodeA_c01, clientPoolE, nodeA_c01)" : {
          "AppCoordinates {com.bbn, test-service2, 1}" : {
            "DATARATE_TX" : 0.003,
            "DATARATE_RX" : 0.006
          }
        },
        "(nodeA_c02, clientPoolE, nodeA_c02)" : {
          "AppCoordinates {com.bbn, test-service3, 1}" : {
            "DATARATE_TX" : 0.003,
            "DATARATE_RX" : 0.006
          }
        },
        "(nodeA_c00, clientPoolC, nodeA_c00)" : {
          "AppCoordinates {com.bbn, test-service3, 1}" : {
            "DATARATE_TX" : 0.005,
            "DATARATE_RX" : 0.01
          },
          "AppCoordinates {com.bbn, test-service1, 1}" : {
            "DATARATE_TX" : 0.004,
            "DATARATE_RX" : 0.008
          }
        },
        "(nodeA_c03, clientPoolE, nodeA_c03)" : {
          "AppCoordinates {com.bbn, test-service3, 1}" : {
            "DATARATE_TX" : 0.003,
            "DATARATE_RX" : 0.006
          }
        },
        "(nodeA_c01, clientPoolC, nodeA_c01)" : {
          "AppCoordinates {com.bbn, test-service2, 1}" : {
            "DATARATE_TX" : 0.004,
            "DATARATE_RX" : 0.008
          }
        },
        "(nodeA_c04, clientPoolE, nodeA_c04)" : {
          "AppCoordinates {com.bbn, test-service2, 1}" : {
            "DATARATE_TX" : 0.003,
            "DATARATE_RX" : 0.006
          }
        },
        "(nodeA_c02, clientPoolC, nodeA_c02)" : {
          "AppCoordinates {com.bbn, test-service3, 1}" : {
            "DATARATE_TX" : 0.004,
            "DATARATE_RX" : 0.008
          }
        }
      },
      "interface-nodeL ( nodeL )" : { },
      "interface-nodeK ( nodeK )" : { },
      "interface-nodeN ( nodeN )" : { }
    },
    "networkDemand" : {
      "interface-nodeB ( nodeB )" : {
        "(nodeA_c05, clientPoolE, nodeA_c05)" : {
          "AppCoordinates {com.bbn, test-service1, 1}" : {
            "DATARATE_TX" : 0.004,
            "DATARATE_RX" : 0.008
          }
        },
        "(nodeA_c03, clientPoolC, nodeA_c03)" : {
          "AppCoordinates {com.bbn, test-service3, 1}" : {
            "DATARATE_TX" : 0.005,
            "DATARATE_RX" : 0.01
          }
        },
        "(nodeA_c04, clientPoolC, nodeA_c04)" : {
          "AppCoordinates {com.bbn, test-service2, 1}" : {
            "DATARATE_TX" : 0.005,
            "DATARATE_RX" : 0.01
          }
        },
        "(nodeA_c06, clientPoolE, nodeA_c06)" : {
          "AppCoordinates {com.bbn, test-service3, 1}" : {
            "DATARATE_TX" : 0.0029999999999999996,
            "DATARATE_RX" : 0.005999999999999999
          }
        },
        "(nodeA_c05, clientPoolC, nodeA_c05)" : {
          "AppCoordinates {com.bbn, test-service1, 1}" : {
            "DATARATE_TX" : 0.001,
            "DATARATE_RX" : 0.002
          }
        },
        "(nodeA_c07, clientPoolE, nodeA_c07)" : {
          "AppCoordinates {com.bbn, test-service3, 1}" : {
            "DATARATE_TX" : 0.0029999999999999996,
            "DATARATE_RX" : 0.005999999999999999
          },
          "AppCoordinates {com.bbn, test-service2, 1}" : {
            "DATARATE_TX" : 0.004,
            "DATARATE_RX" : 0.008
          }
        },
        "(nodeA_c06, clientPoolC, nodeA_c06)" : {
          "AppCoordinates {com.bbn, test-service3, 1}" : {
            "DATARATE_TX" : 0.002,
            "DATARATE_RX" : 0.004
          }
        },
        "(nodeA_c07, clientPoolC, nodeA_c07)" : {
          "AppCoordinates {com.bbn, test-service3, 1}" : {
            "DATARATE_TX" : 0.002,
            "DATARATE_RX" : 0.004
          },
          "AppCoordinates {com.bbn, test-service2, 1}" : {
            "DATARATE_TX" : 0.0029999999999999996,
            "DATARATE_RX" : 0.005999999999999999
          }
        },
        "(nodeA_c00, clientPoolE, nodeA_c00)" : {
          "AppCoordinates {com.bbn, test-service3, 1}" : {
            "DATARATE_TX" : 0.002,
            "DATARATE_RX" : 0.004
          },
          "AppCoordinates {com.bbn, test-service1, 1}" : {
            "DATARATE_TX" : 0.0029999999999999996,
            "DATARATE_RX" : 0.005999999999999999
          }
        },
        "(nodeA_c01, clientPoolE, nodeA_c01)" : {
          "AppCoordinates {com.bbn, test-service2, 1}" : {
            "DATARATE_TX" : 0.0029999999999999996,
            "DATARATE_RX" : 0.005999999999999999
          }
        },
        "(nodeA_c00, clientPoolC, nodeA_c00)" : {
          "AppCoordinates {com.bbn, test-service3, 1}" : {
            "DATARATE_TX" : 0.005,
            "DATARATE_RX" : 0.01
          },
          "AppCoordinates {com.bbn, test-service1, 1}" : {
            "DATARATE_TX" : 0.004,
            "DATARATE_RX" : 0.008
          }
        },
        "(nodeA_c02, clientPoolE, nodeA_c02)" : {
          "AppCoordinates {com.bbn, test-service3, 1}" : {
            "DATARATE_TX" : 0.0029999999999999996,
            "DATARATE_RX" : 0.005999999999999999
          }
        },
        "(nodeA_c01, clientPoolC, nodeA_c01)" : {
          "AppCoordinates {com.bbn, test-service2, 1}" : {
            "DATARATE_TX" : 0.004,
            "DATARATE_RX" : 0.008
          }
        },
        "(nodeA_c03, clientPoolE, nodeA_c03)" : {
          "AppCoordinates {com.bbn, test-service3, 1}" : {
            "DATARATE_TX" : 0.0029999999999999996,
            "DATARATE_RX" : 0.005999999999999999
          }
        },
        "(nodeA_c02, clientPoolC, nodeA_c02)" : {
          "AppCoordinates {com.bbn, test-service3, 1}" : {
            "DATARATE_TX" : 0.004,
            "DATARATE_RX" : 0.008
          }
        },
        "(nodeA_c04, clientPoolE, nodeA_c04)" : {
          "AppCoordinates {com.bbn, test-service2, 1}" : {
            "DATARATE_TX" : 0.0029999999999999996,
            "DATARATE_RX" : 0.005999999999999999
          }
        }
      },
      "interface-nodeN ( nodeN )" : { },
      "interface-nodeL ( nodeL )" : { },
      "interface-nodeK ( nodeK )" : { }
    },
    "containerReports" : {
      "nodeA_c03" : {
        "containerName" : {
          "name" : "nodeA_c03"
        },
        "timestamp" : 238498,
        "service" : {
          "group" : "com.bbn",
          "artifact" : "test-service3",
          "version" : "1"
        },
        "serviceStatus" : "RUNNING",
        "demandEstimationWindow" : "SHORT",
        "computeCapacity" : {
          "CPU" : 1.0,
          "TASK_CONTAINERS" : 1.0,
          "QueueLength" : 1000000.0
        },
        "computeLoad" : {
          "UNKNOWN" : {
            "QueueLength" : 10.0,
            "TASK_CONTAINERS" : 0.9999999999999999
          }
        },
        "computeDemand" : {
          "UNKNOWN" : {
            "QueueLength" : 8.75,
            "TASK_CONTAINERS" : 0.8749999999999999
          }
        },
        "averageProcessingTime" : "NaN",
        "networkCapacity" : {
          "interface-nodeA ( nodeA )" : {
            "DATARATE_TX" : 100.0,
            "DATARATE_RX" : 100.0
          }
        },
        "networkLoad" : {
          "interface-nodeA ( nodeA )" : {
            "(clientPoolA, nodeA_c03, nodeA_c03)" : {
              "AppCoordinates {com.bbn, test-service3, 1}" : {
                "DATARATE_TX" : 0.04200000000000002,
                "DATARATE_RX" : 0.02100000000000001
              }
            },
            "(clientPoolC, nodeA_c03, nodeA_c03)" : {
              "AppCoordinates {com.bbn, test-service3, 1}" : {
                "DATARATE_TX" : 0.04800000000000003,
                "DATARATE_RX" : 0.024000000000000014
              }
            },
            "(clientPoolE, nodeA_c03, nodeA_c03)" : {
              "AppCoordinates {com.bbn, test-service3, 1}" : {
                "DATARATE_TX" : 0.044000000000000025,
                "DATARATE_RX" : 0.022000000000000013
              }
            }
          }
        },
        "networkDemand" : {
          "interface-nodeA ( nodeA )" : {
            "(clientPoolA, nodeA_c03, nodeA_c03)" : {
              "AppCoordinates {com.bbn, test-service3, 1}" : {
                "DATARATE_TX" : 0.04200000000000003,
                "DATARATE_RX" : 0.021000000000000015
              }
            },
            "(clientPoolC, nodeA_c03, nodeA_c03)" : {
              "AppCoordinates {com.bbn, test-service3, 1}" : {
                "DATARATE_TX" : 0.048000000000000036,
                "DATARATE_RX" : 0.024000000000000018
              }
            },
            "(clientPoolE, nodeA_c03, nodeA_c03)" : {
              "AppCoordinates {com.bbn, test-service3, 1}" : {
                "DATARATE_TX" : 0.04400000000000003,
                "DATARATE_RX" : 0.022000000000000016
              }
            }
          }
        }
      },
      "nodeA_c04" : {
        "containerName" : {
          "name" : "nodeA_c04"
        },
        "timestamp" : 238500,
        "service" : {
          "group" : "com.bbn",
          "artifact" : "test-service3",
          "version" : "1"
        },
        "serviceStatus" : "RUNNING",
        "demandEstimationWindow" : "SHORT",
        "computeCapacity" : {
          "CPU" : 1.0,
          "TASK_CONTAINERS" : 1.0,
          "QueueLength" : 1000000.0
        },
        "computeLoad" : {
          "UNKNOWN" : {
            "QueueLength" : 0.0
          }
        },
        "computeDemand" : {
          "UNKNOWN" : {
            "QueueLength" : 0.0
          }
        },
        "averageProcessingTime" : "NaN",
        "networkCapacity" : {
          "interface-nodeA ( nodeA )" : {
            "DATARATE_TX" : 100.0,
            "DATARATE_RX" : 100.0
          }
        },
        "networkLoad" : {
          "interface-nodeA ( nodeA )" : { }
        },
        "networkDemand" : {
          "interface-nodeA ( nodeA )" : { }
        }
      },
      "nodeA_c01" : {
        "containerName" : {
          "name" : "nodeA_c01"
        },
        "timestamp" : 238500,
        "service" : {
          "group" : "com.bbn",
          "artifact" : "test-service2",
          "version" : "1"
        },
        "serviceStatus" : "RUNNING",
        "demandEstimationWindow" : "SHORT",
        "computeCapacity" : {
          "CPU" : 1.0,
          "TASK_CONTAINERS" : 1.0,
          "QueueLength" : 1000000.0
        },
        "computeLoad" : {
          "UNKNOWN" : {
            "QueueLength" : 10.0,
            "TASK_CONTAINERS" : 0.9999999999999999
          }
        },
        "computeDemand" : {
          "UNKNOWN" : {
            "QueueLength" : 8.75,
            "TASK_CONTAINERS" : 0.8749999999999999
          }
        },
        "averageProcessingTime" : "NaN",
        "networkCapacity" : {
          "interface-nodeA ( nodeA )" : {
            "DATARATE_TX" : 100.0,
            "DATARATE_RX" : 100.0
          }
        },
        "networkLoad" : {
          "interface-nodeA ( nodeA )" : {
            "(clientPoolE, nodeA_c01, nodeA_c01)" : {
              "AppCoordinates {com.bbn, test-service2, 1}" : {
                "DATARATE_TX" : 0.08800000000000006,
                "DATARATE_RX" : 0.04400000000000003
              }
            },
            "(clientPoolA, nodeA_c01, nodeA_c01)" : {
              "AppCoordinates {com.bbn, test-service2, 1}" : {
                "DATARATE_TX" : 0.09800000000000007,
                "DATARATE_RX" : 0.04900000000000004
              }
            },
            "(clientPoolC, nodeA_c01, nodeA_c01)" : {
              "AppCoordinates {com.bbn, test-service2, 1}" : {
                "DATARATE_TX" : 0.09000000000000007,
                "DATARATE_RX" : 0.04500000000000003
              }
            }
          }
        },
        "networkDemand" : {
          "interface-nodeA ( nodeA )" : {
            "(clientPoolE, nodeA_c01, nodeA_c01)" : {
              "AppCoordinates {com.bbn, test-service2, 1}" : {
                "DATARATE_TX" : 0.08800000000000006,
                "DATARATE_RX" : 0.04400000000000003
              }
            },
            "(clientPoolA, nodeA_c01, nodeA_c01)" : {
              "AppCoordinates {com.bbn, test-service2, 1}" : {
                "DATARATE_TX" : 0.09800000000000007,
                "DATARATE_RX" : 0.04900000000000004
              }
            },
            "(clientPoolC, nodeA_c01, nodeA_c01)" : {
              "AppCoordinates {com.bbn, test-service2, 1}" : {
                "DATARATE_TX" : 0.09000000000000007,
                "DATARATE_RX" : 0.04500000000000003
              }
            }
          }
        }
      },
      "nodeA_c02" : {
        "containerName" : {
          "name" : "nodeA_c02"
        },
        "timestamp" : 238503,
        "service" : {
          "group" : "com.bbn",
          "artifact" : "test-service3",
          "version" : "1"
        },
        "serviceStatus" : "RUNNING",
        "demandEstimationWindow" : "SHORT",
        "computeCapacity" : {
          "CPU" : 1.0,
          "TASK_CONTAINERS" : 1.0,
          "QueueLength" : 1000000.0
        },
        "computeLoad" : {
          "UNKNOWN" : {
            "QueueLength" : 10.0,
            "TASK_CONTAINERS" : 0.9999999999999999
          }
        },
        "computeDemand" : {
          "UNKNOWN" : {
            "QueueLength" : 8.75,
            "TASK_CONTAINERS" : 0.8749999999999999
          }
        },
        "averageProcessingTime" : "NaN",
        "networkCapacity" : {
          "interface-nodeA ( nodeA )" : {
            "DATARATE_TX" : 100.0,
            "DATARATE_RX" : 100.0
          }
        },
        "networkLoad" : {
          "interface-nodeA ( nodeA )" : {
            "(clientPoolA, nodeA_c02, nodeA_c02)" : {
              "AppCoordinates {com.bbn, test-service3, 1}" : {
                "DATARATE_TX" : 0.08200000000000006,
                "DATARATE_RX" : 0.04100000000000003
              }
            },
            "(clientPoolC, nodeA_c02, nodeA_c02)" : {
              "AppCoordinates {com.bbn, test-service3, 1}" : {
                "DATARATE_TX" : 0.08400000000000006,
                "DATARATE_RX" : 0.04200000000000003
              }
            },
            "(clientPoolE, nodeA_c02, nodeA_c02)" : {
              "AppCoordinates {com.bbn, test-service3, 1}" : {
                "DATARATE_TX" : 0.08400000000000006,
                "DATARATE_RX" : 0.04200000000000003
              }
            }
          }
        },
        "networkDemand" : {
          "interface-nodeA ( nodeA )" : {
            "(clientPoolA, nodeA_c02, nodeA_c02)" : {
              "AppCoordinates {com.bbn, test-service3, 1}" : {
                "DATARATE_TX" : 0.08200000000000006,
                "DATARATE_RX" : 0.04100000000000003
              }
            },
            "(clientPoolC, nodeA_c02, nodeA_c02)" : {
              "AppCoordinates {com.bbn, test-service3, 1}" : {
                "DATARATE_TX" : 0.08400000000000006,
                "DATARATE_RX" : 0.04200000000000003
              }
            },
            "(clientPoolE, nodeA_c02, nodeA_c02)" : {
              "AppCoordinates {com.bbn, test-service3, 1}" : {
                "DATARATE_TX" : 0.08400000000000006,
                "DATARATE_RX" : 0.04200000000000003
              }
            }
          }
        }
      },
      "nodeA_c00" : {
        "containerName" : {
          "name" : "nodeA_c00"
        },
        "timestamp" : 238505,
        "service" : {
          "group" : "com.bbn",
          "artifact" : "test-service3",
          "version" : "1"
        },
        "serviceStatus" : "RUNNING",
        "demandEstimationWindow" : "SHORT",
        "computeCapacity" : {
          "CPU" : 1.0,
          "TASK_CONTAINERS" : 1.0,
          "QueueLength" : 1000000.0
        },
        "computeLoad" : {
          "UNKNOWN" : {
            "QueueLength" : 10.0,
            "TASK_CONTAINERS" : 0.9999999999999999
          }
        },
        "computeDemand" : {
          "UNKNOWN" : {
            "QueueLength" : 8.75,
            "TASK_CONTAINERS" : 0.8749999999999999
          }
        },
        "averageProcessingTime" : "NaN",
        "networkCapacity" : {
          "interface-nodeA ( nodeA )" : {
            "DATARATE_TX" : 100.0,
            "DATARATE_RX" : 100.0
          }
        },
        "networkLoad" : {
          "interface-nodeA ( nodeA )" : {
            "(clientPoolE, nodeA_c00, nodeA_c00)" : {
              "AppCoordinates {com.bbn, test-service3, 1}" : {
                "DATARATE_TX" : 0.004,
                "DATARATE_RX" : 0.002
              }
            },
            "(clientPoolA, nodeA_c00, nodeA_c00)" : {
              "AppCoordinates {com.bbn, test-service3, 1}" : {
                "DATARATE_TX" : 0.008,
                "DATARATE_RX" : 0.004
              }
            },
            "(clientPoolC, nodeA_c00, nodeA_c00)" : {
              "AppCoordinates {com.bbn, test-service3, 1}" : {
                "DATARATE_TX" : 0.012,
                "DATARATE_RX" : 0.006
              }
            }
          }
        },
        "networkDemand" : {
          "interface-nodeA ( nodeA )" : {
            "(clientPoolE, nodeA_c00, nodeA_c00)" : {
              "AppCoordinates {com.bbn, test-service3, 1}" : {
                "DATARATE_TX" : 0.004,
                "DATARATE_RX" : 0.002
              }
            },
            "(clientPoolA, nodeA_c00, nodeA_c00)" : {
              "AppCoordinates {com.bbn, test-service3, 1}" : {
                "DATARATE_TX" : 0.008,
                "DATARATE_RX" : 0.004
              }
            },
            "(clientPoolC, nodeA_c00, nodeA_c00)" : {
              "AppCoordinates {com.bbn, test-service3, 1}" : {
                "DATARATE_TX" : 0.011999999999999999,
                "DATARATE_RX" : 0.005999999999999999
              }
            }
          }
        }
      },
      "nodeA_c07" : {
        "containerName" : {
          "name" : "nodeA_c07"
        },
        "timestamp" : 238506,
        "service" : {
          "group" : "com.bbn",
          "artifact" : "test-service3",
          "version" : "1"
        },
        "serviceStatus" : "RUNNING",
        "demandEstimationWindow" : "SHORT",
        "computeCapacity" : {
          "CPU" : 1.0,
          "TASK_CONTAINERS" : 1.0,
          "QueueLength" : 1000000.0
        },
        "computeLoad" : {
          "UNKNOWN" : {
            "QueueLength" : 10.0,
            "TASK_CONTAINERS" : 0.9999999999999999
          }
        },
        "computeDemand" : {
          "UNKNOWN" : {
            "QueueLength" : 8.75,
            "TASK_CONTAINERS" : 0.8749999999999999
          }
        },
        "averageProcessingTime" : "NaN",
        "networkCapacity" : {
          "interface-nodeA ( nodeA )" : {
            "DATARATE_TX" : 100.0,
            "DATARATE_RX" : 100.0
          }
        },
        "networkLoad" : {
          "interface-nodeA ( nodeA )" : {
            "(clientPoolA, nodeA_c07, nodeA_c07)" : {
              "AppCoordinates {com.bbn, test-service3, 1}" : {
                "DATARATE_TX" : 0.01,
                "DATARATE_RX" : 0.005
              }
            },
            "(clientPoolC, nodeA_c07, nodeA_c07)" : {
              "AppCoordinates {com.bbn, test-service3, 1}" : {
                "DATARATE_TX" : 0.004,
                "DATARATE_RX" : 0.002
              }
            },
            "(clientPoolE, nodeA_c07, nodeA_c07)" : {
              "AppCoordinates {com.bbn, test-service3, 1}" : {
                "DATARATE_TX" : 0.006,
                "DATARATE_RX" : 0.003
              }
            }
          }
        },
        "networkDemand" : {
          "interface-nodeA ( nodeA )" : {
            "(clientPoolA, nodeA_c07, nodeA_c07)" : {
              "AppCoordinates {com.bbn, test-service3, 1}" : {
                "DATARATE_TX" : 0.01,
                "DATARATE_RX" : 0.005
              }
            },
            "(clientPoolC, nodeA_c07, nodeA_c07)" : {
              "AppCoordinates {com.bbn, test-service3, 1}" : {
                "DATARATE_TX" : 0.004,
                "DATARATE_RX" : 0.002
              }
            },
            "(clientPoolE, nodeA_c07, nodeA_c07)" : {
              "AppCoordinates {com.bbn, test-service3, 1}" : {
                "DATARATE_TX" : 0.005999999999999999,
                "DATARATE_RX" : 0.0029999999999999996
              }
            }
          }
        }
      },
      "nodeA_c05" : {
        "containerName" : {
          "name" : "nodeA_c05"
        },
        "timestamp" : 238507,
        "service" : {
          "group" : "com.bbn",
          "artifact" : "test-service1",
          "version" : "1"
        },
        "serviceStatus" : "RUNNING",
        "demandEstimationWindow" : "SHORT",
        "computeCapacity" : {
          "CPU" : 1.0,
          "TASK_CONTAINERS" : 1.0,
          "QueueLength" : 1000000.0
        },
        "computeLoad" : {
          "UNKNOWN" : {
            "QueueLength" : 10.0,
            "TASK_CONTAINERS" : 0.9999999999999999
          }
        },
        "computeDemand" : {
          "UNKNOWN" : {
            "QueueLength" : 8.75,
            "TASK_CONTAINERS" : 0.8749999999999999
          }
        },
        "averageProcessingTime" : "NaN",
        "networkCapacity" : {
          "interface-nodeA ( nodeA )" : {
            "DATARATE_TX" : 100.0,
            "DATARATE_RX" : 100.0
          }
        },
        "networkLoad" : {
          "interface-nodeA ( nodeA )" : {
            "(clientPoolA, nodeA_c05, nodeA_c05)" : {
              "AppCoordinates {com.bbn, test-service1, 1}" : {
                "DATARATE_TX" : 0.08400000000000006,
                "DATARATE_RX" : 0.04200000000000003
              }
            },
            "(clientPoolC, nodeA_c05, nodeA_c05)" : {
              "AppCoordinates {com.bbn, test-service1, 1}" : {
                "DATARATE_TX" : 0.07400000000000005,
                "DATARATE_RX" : 0.037000000000000026
              }
            },
            "(clientPoolE, nodeA_c05, nodeA_c05)" : {
              "AppCoordinates {com.bbn, test-service1, 1}" : {
                "DATARATE_TX" : 0.08000000000000006,
                "DATARATE_RX" : 0.04000000000000003
              }
            }
          }
        },
        "networkDemand" : {
          "interface-nodeA ( nodeA )" : {
            "(clientPoolA, nodeA_c05, nodeA_c05)" : {
              "AppCoordinates {com.bbn, test-service1, 1}" : {
                "DATARATE_TX" : 0.08400000000000006,
                "DATARATE_RX" : 0.04200000000000003
              }
            },
            "(clientPoolC, nodeA_c05, nodeA_c05)" : {
              "AppCoordinates {com.bbn, test-service1, 1}" : {
                "DATARATE_TX" : 0.07400000000000005,
                "DATARATE_RX" : 0.037000000000000026
              }
            },
            "(clientPoolE, nodeA_c05, nodeA_c05)" : {
              "AppCoordinates {com.bbn, test-service1, 1}" : {
                "DATARATE_TX" : 0.08000000000000006,
                "DATARATE_RX" : 0.04000000000000003
              }
            }
          }
        }
      },
      "nodeA_c06" : {
        "containerName" : {
          "name" : "nodeA_c06"
        },
        "timestamp" : 238509,
        "service" : {
          "group" : "com.bbn",
          "artifact" : "test-service3",
          "version" : "1"
        },
        "serviceStatus" : "RUNNING",
        "demandEstimationWindow" : "SHORT",
        "computeCapacity" : {
          "CPU" : 1.0,
          "TASK_CONTAINERS" : 1.0,
          "QueueLength" : 1000000.0
        },
        "computeLoad" : {
          "UNKNOWN" : {
            "QueueLength" : 10.0,
            "TASK_CONTAINERS" : 0.9999999999999999
          }
        },
        "computeDemand" : {
          "UNKNOWN" : {
            "QueueLength" : 8.75,
            "TASK_CONTAINERS" : 0.8749999999999999
          }
        },
        "averageProcessingTime" : "NaN",
        "networkCapacity" : {
          "interface-nodeA ( nodeA )" : {
            "DATARATE_TX" : 100.0,
            "DATARATE_RX" : 100.0
          }
        },
        "networkLoad" : {
          "interface-nodeA ( nodeA )" : {
            "(clientPoolA, nodeA_c06, nodeA_c06)" : {
              "AppCoordinates {com.bbn, test-service3, 1}" : {
                "DATARATE_TX" : 0.018000000000000002,
                "DATARATE_RX" : 0.009000000000000001
              }
            },
            "(clientPoolC, nodeA_c06, nodeA_c06)" : {
              "AppCoordinates {com.bbn, test-service3, 1}" : {
                "DATARATE_TX" : 0.012,
                "DATARATE_RX" : 0.006
              }
            },
            "(clientPoolE, nodeA_c06, nodeA_c06)" : {
              "AppCoordinates {com.bbn, test-service3, 1}" : {
                "DATARATE_TX" : 0.022000000000000006,
                "DATARATE_RX" : 0.011000000000000003
              }
            }
          }
        },
        "networkDemand" : {
          "interface-nodeA ( nodeA )" : {
            "(clientPoolA, nodeA_c06, nodeA_c06)" : {
              "AppCoordinates {com.bbn, test-service3, 1}" : {
                "DATARATE_TX" : 0.018,
                "DATARATE_RX" : 0.009
              }
            },
            "(clientPoolC, nodeA_c06, nodeA_c06)" : {
              "AppCoordinates {com.bbn, test-service3, 1}" : {
                "DATARATE_TX" : 0.011999999999999999,
                "DATARATE_RX" : 0.005999999999999999
              }
            },
            "(clientPoolE, nodeA_c06, nodeA_c06)" : {
              "AppCoordinates {com.bbn, test-service3, 1}" : {
                "DATARATE_TX" : 0.022000000000000002,
                "DATARATE_RX" : 0.011000000000000001
              }
            }
          }
        }
      }
    },
    "maximumServiceContainers" : 8,
    "allocatedServiceContainers" : 8,
    "computeDemand" : {
      "AppCoordinates {com.bbn, test-service3, 1}" : {
        "UNKNOWN" : {
          "QueueLength" : 43.75,
          "TASK_CONTAINERS" : 4.374999999999999
        }
      },
      "AppCoordinates {com.bbn, test-service2, 1}" : {
        "UNKNOWN" : {
          "QueueLength" : 8.75,
          "TASK_CONTAINERS" : 0.8749999999999999
        }
      },
      "AppCoordinates {com.bbn, test-service1, 1}" : {
        "UNKNOWN" : {
          "QueueLength" : 8.75,
          "TASK_CONTAINERS" : 0.8749999999999999
        }
      }
    },
    "containerNetworkLoad" : {
      "interface-nodeA ( nodeA )" : {
        "(clientPoolE, nodeA_c01, nodeA_c01)" : {
          "AppCoordinates {com.bbn, test-service2, 1}" : {
            "DATARATE_TX" : 0.08800000000000006,
            "DATARATE_RX" : 0.04400000000000003
          }
        },
        "(clientPoolE, nodeA_c00, nodeA_c00)" : {
          "AppCoordinates {com.bbn, test-service3, 1}" : {
            "DATARATE_TX" : 0.004,
            "DATARATE_RX" : 0.002
          }
        },
        "(clientPoolA, nodeA_c05, nodeA_c05)" : {
          "AppCoordinates {com.bbn, test-service1, 1}" : {
            "DATARATE_TX" : 0.08400000000000006,
            "DATARATE_RX" : 0.04200000000000003
          }
        },
        "(clientPoolC, nodeA_c07, nodeA_c07)" : {
          "AppCoordinates {com.bbn, test-service3, 1}" : {
            "DATARATE_TX" : 0.004,
            "DATARATE_RX" : 0.002
          }
        },
        "(clientPoolC, nodeA_c06, nodeA_c06)" : {
          "AppCoordinates {com.bbn, test-service3, 1}" : {
            "DATARATE_TX" : 0.012,
            "DATARATE_RX" : 0.006
          }
        },
        "(clientPoolC, nodeA_c05, nodeA_c05)" : {
          "AppCoordinates {com.bbn, test-service1, 1}" : {
            "DATARATE_TX" : 0.07400000000000005,
            "DATARATE_RX" : 0.037000000000000026
          }
        },
        "(clientPoolE, nodeA_c07, nodeA_c07)" : {
          "AppCoordinates {com.bbn, test-service3, 1}" : {
            "DATARATE_TX" : 0.006,
            "DATARATE_RX" : 0.003
          }
        },
        "(clientPoolA, nodeA_c03, nodeA_c03)" : {
          "AppCoordinates {com.bbn, test-service3, 1}" : {
            "DATARATE_TX" : 0.04200000000000002,
            "DATARATE_RX" : 0.02100000000000001
          }
        },
        "(clientPoolE, nodeA_c06, nodeA_c06)" : {
          "AppCoordinates {com.bbn, test-service3, 1}" : {
            "DATARATE_TX" : 0.022000000000000006,
            "DATARATE_RX" : 0.011000000000000003
          }
        },
        "(clientPoolA, nodeA_c02, nodeA_c02)" : {
          "AppCoordinates {com.bbn, test-service3, 1}" : {
            "DATARATE_TX" : 0.08200000000000006,
            "DATARATE_RX" : 0.04100000000000003
          }
        },
        "(clientPoolE, nodeA_c05, nodeA_c05)" : {
          "AppCoordinates {com.bbn, test-service1, 1}" : {
            "DATARATE_TX" : 0.08000000000000006,
            "DATARATE_RX" : 0.04000000000000003
          }
        },
        "(clientPoolA, nodeA_c01, nodeA_c01)" : {
          "AppCoordinates {com.bbn, test-service2, 1}" : {
            "DATARATE_TX" : 0.09800000000000007,
            "DATARATE_RX" : 0.04900000000000004
          }
        },
        "(clientPoolC, nodeA_c03, nodeA_c03)" : {
          "AppCoordinates {com.bbn, test-service3, 1}" : {
            "DATARATE_TX" : 0.04800000000000003,
            "DATARATE_RX" : 0.024000000000000014
          }
        },
        "(clientPoolA, nodeA_c00, nodeA_c00)" : {
          "AppCoordinates {com.bbn, test-service3, 1}" : {
            "DATARATE_TX" : 0.008,
            "DATARATE_RX" : 0.004
          }
        },
        "(clientPoolC, nodeA_c02, nodeA_c02)" : {
          "AppCoordinates {com.bbn, test-service3, 1}" : {
            "DATARATE_TX" : 0.08400000000000006,
            "DATARATE_RX" : 0.04200000000000003
          }
        },
        "(clientPoolC, nodeA_c01, nodeA_c01)" : {
          "AppCoordinates {com.bbn, test-service2, 1}" : {
            "DATARATE_TX" : 0.09000000000000007,
            "DATARATE_RX" : 0.04500000000000003
          }
        },
        "(clientPoolE, nodeA_c03, nodeA_c03)" : {
          "AppCoordinates {com.bbn, test-service3, 1}" : {
            "DATARATE_TX" : 0.044000000000000025,
            "DATARATE_RX" : 0.022000000000000013
          }
        },
        "(clientPoolC, nodeA_c00, nodeA_c00)" : {
          "AppCoordinates {com.bbn, test-service3, 1}" : {
            "DATARATE_TX" : 0.012,
            "DATARATE_RX" : 0.006
          }
        },
        "(clientPoolE, nodeA_c02, nodeA_c02)" : {
          "AppCoordinates {com.bbn, test-service3, 1}" : {
            "DATARATE_TX" : 0.08400000000000006,
            "DATARATE_RX" : 0.04200000000000003
          }
        },
        "(clientPoolA, nodeA_c07, nodeA_c07)" : {
          "AppCoordinates {com.bbn, test-service3, 1}" : {
            "DATARATE_TX" : 0.01,
            "DATARATE_RX" : 0.005
          }
        },
        "(clientPoolA, nodeA_c06, nodeA_c06)" : {
          "AppCoordinates {com.bbn, test-service3, 1}" : {
            "DATARATE_TX" : 0.018000000000000002,
            "DATARATE_RX" : 0.009000000000000001
          }
        }
      }
    },
    "containerNetworkDemand" : {
      "interface-nodeA ( nodeA )" : {
        "(clientPoolE, nodeA_c01, nodeA_c01)" : {
          "AppCoordinates {com.bbn, test-service2, 1}" : {
            "DATARATE_TX" : 0.08800000000000006,
            "DATARATE_RX" : 0.04400000000000003
          }
        },
        "(clientPoolE, nodeA_c00, nodeA_c00)" : {
          "AppCoordinates {com.bbn, test-service3, 1}" : {
            "DATARATE_TX" : 0.004,
            "DATARATE_RX" : 0.002
          }
        },
        "(clientPoolA, nodeA_c05, nodeA_c05)" : {
          "AppCoordinates {com.bbn, test-service1, 1}" : {
            "DATARATE_TX" : 0.08400000000000006,
            "DATARATE_RX" : 0.04200000000000003
          }
        },
        "(clientPoolC, nodeA_c07, nodeA_c07)" : {
          "AppCoordinates {com.bbn, test-service3, 1}" : {
            "DATARATE_TX" : 0.004,
            "DATARATE_RX" : 0.002
          }
        },
        "(clientPoolC, nodeA_c06, nodeA_c06)" : {
          "AppCoordinates {com.bbn, test-service3, 1}" : {
            "DATARATE_TX" : 0.011999999999999999,
            "DATARATE_RX" : 0.005999999999999999
          }
        },
        "(clientPoolC, nodeA_c05, nodeA_c05)" : {
          "AppCoordinates {com.bbn, test-service1, 1}" : {
            "DATARATE_TX" : 0.07400000000000005,
            "DATARATE_RX" : 0.037000000000000026
          }
        },
        "(clientPoolE, nodeA_c07, nodeA_c07)" : {
          "AppCoordinates {com.bbn, test-service3, 1}" : {
            "DATARATE_TX" : 0.005999999999999999,
            "DATARATE_RX" : 0.0029999999999999996
          }
        },
        "(clientPoolA, nodeA_c03, nodeA_c03)" : {
          "AppCoordinates {com.bbn, test-service3, 1}" : {
            "DATARATE_TX" : 0.04200000000000003,
            "DATARATE_RX" : 0.021000000000000015
          }
        },
        "(clientPoolE, nodeA_c06, nodeA_c06)" : {
          "AppCoordinates {com.bbn, test-service3, 1}" : {
            "DATARATE_TX" : 0.022000000000000002,
            "DATARATE_RX" : 0.011000000000000001
          }
        },
        "(clientPoolA, nodeA_c02, nodeA_c02)" : {
          "AppCoordinates {com.bbn, test-service3, 1}" : {
            "DATARATE_TX" : 0.08200000000000006,
            "DATARATE_RX" : 0.04100000000000003
          }
        },
        "(clientPoolE, nodeA_c05, nodeA_c05)" : {
          "AppCoordinates {com.bbn, test-service1, 1}" : {
            "DATARATE_TX" : 0.08000000000000006,
            "DATARATE_RX" : 0.04000000000000003
          }
        },
        "(clientPoolA, nodeA_c01, nodeA_c01)" : {
          "AppCoordinates {com.bbn, test-service2, 1}" : {
            "DATARATE_TX" : 0.09800000000000007,
            "DATARATE_RX" : 0.04900000000000004
          }
        },
        "(clientPoolC, nodeA_c03, nodeA_c03)" : {
          "AppCoordinates {com.bbn, test-service3, 1}" : {
            "DATARATE_TX" : 0.048000000000000036,
            "DATARATE_RX" : 0.024000000000000018
          }
        },
        "(clientPoolA, nodeA_c00, nodeA_c00)" : {
          "AppCoordinates {com.bbn, test-service3, 1}" : {
            "DATARATE_TX" : 0.008,
            "DATARATE_RX" : 0.004
          }
        },
        "(clientPoolC, nodeA_c02, nodeA_c02)" : {
          "AppCoordinates {com.bbn, test-service3, 1}" : {
            "DATARATE_TX" : 0.08400000000000006,
            "DATARATE_RX" : 0.04200000000000003
          }
        },
        "(clientPoolC, nodeA_c01, nodeA_c01)" : {
          "AppCoordinates {com.bbn, test-service2, 1}" : {
            "DATARATE_TX" : 0.09000000000000007,
            "DATARATE_RX" : 0.04500000000000003
          }
        },
        "(clientPoolE, nodeA_c03, nodeA_c03)" : {
          "AppCoordinates {com.bbn, test-service3, 1}" : {
            "DATARATE_TX" : 0.04400000000000003,
            "DATARATE_RX" : 0.022000000000000016
          }
        },
        "(clientPoolC, nodeA_c00, nodeA_c00)" : {
          "AppCoordinates {com.bbn, test-service3, 1}" : {
            "DATARATE_TX" : 0.011999999999999999,
            "DATARATE_RX" : 0.005999999999999999
          }
        },
        "(clientPoolE, nodeA_c02, nodeA_c02)" : {
          "AppCoordinates {com.bbn, test-service3, 1}" : {
            "DATARATE_TX" : 0.08400000000000006,
            "DATARATE_RX" : 0.04200000000000003
          }
        },
        "(clientPoolA, nodeA_c07, nodeA_c07)" : {
          "AppCoordinates {com.bbn, test-service3, 1}" : {
            "DATARATE_TX" : 0.01,
            "DATARATE_RX" : 0.005
          }
        },
        "(clientPoolA, nodeA_c06, nodeA_c06)" : {
          "AppCoordinates {com.bbn, test-service3, 1}" : {
            "DATARATE_TX" : 0.018,
            "DATARATE_RX" : 0.009
          }
        }
      }
    },
    "computeLoad" : {
      "AppCoordinates {com.bbn, test-service3, 1}" : {
        "UNKNOWN" : {
          "QueueLength" : 50.0,
          "TASK_CONTAINERS" : 4.999999999999999
        }
      },
      "AppCoordinates {com.bbn, test-service2, 1}" : {
        "UNKNOWN" : {
          "QueueLength" : 10.0,
          "TASK_CONTAINERS" : 0.9999999999999999
        }
      },
      "AppCoordinates {com.bbn, test-service1, 1}" : {
        "UNKNOWN" : {
          "QueueLength" : 10.0,
          "TASK_CONTAINERS" : 0.9999999999999999
        }
      }
    },
    "availableServiceContainers" : 0,
    "averageProcessingTime" : { },
    "allocatedComputeCapacity" : {
      "CPU" : 8.0,
      "QueueLength" : 8000000.0,
      "TASK_CONTAINERS" : 8.0
    }
  } ]
}