{
  "region" : {
    "name" : "L"
  },
  "minTimestamp" : 164488,
  "maxTimestamp" : 164488,
  "demandEstimationWindow" : "SHORT",
  "serverCapacity" : {
    "DISK" : 10.0,
    "MEMORY" : 8.0E9,
    "CPU" : 4.0,
    "TASK_CONTAINERS" : 20.0
  },
  "serverLoad" : {
    "AppCoordinates {com.bbn, test-service3, 1}" : {
      "unknown" : {
        "QueueLength" : 105.0,
        "TASK_CONTAINERS" : 52.5
      }
    }
  },
  "serverDemand" : {
    "AppCoordinates {com.bbn, test-service3, 1}" : {
      "unknown" : {
        "QueueLength" : 79.125,
        "TASK_CONTAINERS" : 39.5625
      }
    }
  },
  "serverAverageProcessingTimeCount" : { },
  "serverAverageProcessingTimeSum" : { },
  "networkCapacity" : {
    "B" : {
      "DATARATE_RX" : 100.0,
      "DATARATE_TX" : 100.0
    },
    "H" : {
      "DATARATE_RX" : 100.0,
      "DATARATE_TX" : 100.0
    },
    "O" : {
      "DATARATE_RX" : 100.0,
      "DATARATE_TX" : 100.0
    }
  },
  "networkLoad" : {
    "B" : {
      "(M, B, B)" : {
        "AppCoordinates {com.bbn, test-service3, 1}" : {
          "DATARATE_TX" : 1.8799999999999966E-4,
          "DATARATE_RX" : 9.399999999999983E-5
        }
      }
    },
    "H" : {
      "(M, A, A)" : {
        "AppCoordinates {com.bbn, test-service3, 1}" : {
          "DATARATE_TX" : 4.400000000000001E-5,
          "DATARATE_RX" : 2.2000000000000006E-5
        }
      },
      "(M, G, G)" : {
        "AppCoordinates {com.bbn, test-service3, 1}" : {
          "DATARATE_TX" : 1.44E-4,
          "DATARATE_RX" : 7.2E-5
        },
        "AppCoordinates {com.bbn, test-service2, 1}" : {
          "DATARATE_TX" : 2.159999999999996E-4,
          "DATARATE_RX" : 1.079999999999998E-4
        },
        "AppCoordinates {com.bbn, test-service1, 1}" : {
          "DATARATE_TX" : -3.049318610115481E-20,
          "DATARATE_RX" : -1.5246593050577406E-20
        }
      },
      "(M, H, H)" : {
        "AppCoordinates {com.bbn, test-service3, 1}" : {
          "DATARATE_TX" : 8.8E-5,
          "DATARATE_RX" : 4.4E-5
        }
      }
    },
    "O" : {
      "(L, M, L)" : {
        "AppCoordinates {com.bbn, test-service3, 1}" : {
          "DATARATE_TX" : 1.049999999999998E-4,
          "DATARATE_RX" : 2.099999999999996E-4
        }
      },
      "(H, M, H)" : {
        "AppCoordinates {com.bbn, test-service3, 1}" : {
          "DATARATE_TX" : 4.4E-5,
          "DATARATE_RX" : 8.8E-5
        }
      },
      "(G, M, G)" : {
        "AppCoordinates {com.bbn, test-service3, 1}" : {
          "DATARATE_TX" : 7.2E-5,
          "DATARATE_RX" : 1.44E-4
        },
        "AppCoordinates {com.bbn, test-service2, 1}" : {
          "DATARATE_TX" : 1.0799999999999979E-4,
          "DATARATE_RX" : 2.1599999999999959E-4
        },
        "AppCoordinates {com.bbn, test-service1, 1}" : {
          "DATARATE_TX" : -1.5246593050577406E-20,
          "DATARATE_RX" : -3.049318610115481E-20
        }
      },
      "(B, M, B)" : {
        "AppCoordinates {com.bbn, test-service3, 1}" : {
          "DATARATE_TX" : 9.399999999999983E-5,
          "DATARATE_RX" : 1.8799999999999966E-4
        }
      },
      "(A, M, A)" : {
        "AppCoordinates {com.bbn, test-service3, 1}" : {
          "DATARATE_TX" : 2.2000000000000006E-5,
          "DATARATE_RX" : 4.400000000000001E-5
        }
      }
    }
  },
  "networkDemand" : {
    "B" : {
      "(M, B, B)" : {
        "AppCoordinates {com.bbn, test-service3, 1}" : {
          "DATARATE_TX" : 1.62285714285714E-4,
          "DATARATE_RX" : 8.1142857142857E-5
        }
      }
    },
    "H" : {
      "(M, A, A)" : {
        "AppCoordinates {com.bbn, test-service3, 1}" : {
          "DATARATE_TX" : 3.714285714285716E-5,
          "DATARATE_RX" : 1.857142857142858E-5
        }
      },
      "(M, G, G)" : {
        "AppCoordinates {com.bbn, test-service3, 1}" : {
          "DATARATE_TX" : 1.3657142857142858E-4,
          "DATARATE_RX" : 6.828571428571429E-5
        },
        "AppCoordinates {com.bbn, test-service2, 1}" : {
          "DATARATE_TX" : 2.465714285714281E-4,
          "DATARATE_RX" : 1.2328571428571404E-4
        },
        "AppCoordinates {com.bbn, test-service1, 1}" : {
          "DATARATE_TX" : -3.049318610115481E-20,
          "DATARATE_RX" : -1.5246593050577406E-20
        }
      },
      "(M, H, H)" : {
        "AppCoordinates {com.bbn, test-service3, 1}" : {
          "DATARATE_TX" : 7.914285714285716E-5,
          "DATARATE_RX" : 3.957142857142858E-5
        }
      }
    },
    "O" : {
      "(L, M, L)" : {
        "AppCoordinates {com.bbn, test-service3, 1}" : {
          "DATARATE_TX" : 9.042857142857127E-5,
          "DATARATE_RX" : 1.8085714285714254E-4
        }
      },
      "(H, M, H)" : {
        "AppCoordinates {com.bbn, test-service3, 1}" : {
          "DATARATE_TX" : 3.957142857142858E-5,
          "DATARATE_RX" : 7.914285714285716E-5
        }
      },
      "(G, M, G)" : {
        "AppCoordinates {com.bbn, test-service3, 1}" : {
          "DATARATE_TX" : 6.828571428571429E-5,
          "DATARATE_RX" : 1.3657142857142858E-4
        },
        "AppCoordinates {com.bbn, test-service2, 1}" : {
          "DATARATE_TX" : 1.2328571428571404E-4,
          "DATARATE_RX" : 2.465714285714281E-4
        },
        "AppCoordinates {com.bbn, test-service1, 1}" : {
          "DATARATE_TX" : -1.5246593050577406E-20,
          "DATARATE_RX" : -3.049318610115481E-20
        }
      },
      "(B, M, B)" : {
        "AppCoordinates {com.bbn, test-service3, 1}" : {
          "DATARATE_TX" : 8.1142857142857E-5,
          "DATARATE_RX" : 1.62285714285714E-4
        }
      },
      "(A, M, A)" : {
        "AppCoordinates {com.bbn, test-service3, 1}" : {
          "DATARATE_TX" : 1.857142857142858E-5,
          "DATARATE_RX" : 3.714285714285716E-5
        }
      }
    }
  },
  "maximumServiceContainers" : 20,
  "allocatedServiceContainers" : 1,
  "serverAverageProcessingTime" : { },
  "availableServiceContainers" : 19,
  "nullSummary" : false
}