{
  "AppCoordinates {com.bbn, test-service3, 1}" : {
    "serverDemand" : {
      "C" : {
        "QueueLength" : 3.6668690632964416,
        "TASK_CONTAINERS" : 0.7637204013378731
      },
      "E" : {
        "QueueLength" : 5.964229336758484,
        "TASK_CONTAINERS" : 1.242205146710488
      },
      "G" : {
        "QueueLength" : 4.182522525322504,
        "TASK_CONTAINERS" : 0.8711185827760115
      }
    }
  },
  "AppCoordinates {com.bbn, test-service2, 1}" : {
    "serverDemand" : {
      "C" : {
        "QueueLength" : 3.091168369308177,
        "TASK_CONTAINERS" : 0.4641344478724451
      },
      "E" : {
        "QueueLength" : 4.4128104285991805,
        "TASK_CONTAINERS" : 0.6625770864438661
      },
      "G" : {
        "QueueLength" : 5.737787441357989,
        "TASK_CONTAINERS" : 0.8615204634421643
      }
    }
  },
  "AppCoordinates {com.bbn, test-service1, 1}" : {
    "serverDemand" : {
      "C" : {
        "QueueLength" : 1.8579714238286713,
        "TASK_CONTAINERS" : 0.34729773537720543
      },
      "E" : {
        "QueueLength" : 1.592699127651298,
        "TASK_CONTAINERS" : 0.2977122215532811
      },
      "G" : {
        "QueueLength" : 1.8579714238286715,
        "TASK_CONTAINERS" : 0.3472977353772055
      }
    }
  }
}