644,2,DCOP_PLAN_PLUBLIED
592,1,DNS_UPDATE_SUCCEEDED
691,2,RLG_PLAN_PUBLISHED
1120,3,DNS_UPDATE_SUCCEEDED
33626,68,RLG_PLAN_PUBLISHED
34097,69,DNS_UPDATE_SUCCEEDED
34596,70,DNS_UPDATE_SUCCEEDED
36622,74,RLG_PLAN_PUBLISHED
37096,75,DNS_UPDATE_SUCCEEDED
37596,76,DNS_UPDATE_SUCCEEDED
39621,80,RLG_PLAN_PUBLISHED
40097,81,DNS_UPDATE_SUCCEEDED
90622,181,RLG_PLAN_PUBLISHED
90636,182,DNS_UPDATE_SUCCEEDED
91125,183,DNS_UPDATE_SUCCEEDED
93625,188,RLG_PLAN_PUBLISHED
94117,189,DNS_UPDATE_SUCCEEDED
94618,190,DNS_UPDATE_SUCCEEDED
96625,194,RLG_PLAN_PUBLISHED
97118,195,DNS_UPDATE_SUCCEEDED
97617,196,DNS_UPDATE_SUCCEEDED
99623,200,RLG_PLAN_PUBLISHED
100120,201,DNS_UPDATE_SUCCEEDED
153629,307,RLG_PLAN_PUBLISHED
153642,308,DNS_UPDATE_SUCCEEDED
154142,309,DNS_UPDATE_SUCCEEDED
156627,313,RLG_PLAN_PUBLISHED
156642,314,DNS_UPDATE_SUCCEEDED
157142,315,DNS_UPDATE_SUCCEEDED
159627,319,RLG_PLAN_PUBLISHED
159642,320,DNS_UPDATE_SUCCEEDED
160142,321,DNS_UPDATE_SUCCEEDED
162628,325,RLG_PLAN_PUBLISHED
162643,326,DNS_UPDATE_SUCCEEDED
163144,327,DNS_UPDATE_SUCCEEDED
165627,331,RLG_PLAN_PUBLISHED
165646,332,DNS_UPDATE_SUCCEEDED
165810,332,DCOP_PLAN_PLUBLIED
168627,337,RLG_PLAN_PUBLISHED
168649,338,DNS_UPDATE_SUCCEEDED
534665,1069,RLG_PLAN_PUBLISHED
534834,1070,DNS_UPDATE_SUCCEEDED
535334,1071,DNS_UPDATE_SUCCEEDED
537663,1075,RLG_PLAN_PUBLISHED
537835,1076,DNS_UPDATE_SUCCEEDED
538336,1077,DNS_UPDATE_SUCCEEDED
540664,1081,RLG_PLAN_PUBLISHED
540837,1082,DNS_UPDATE_SUCCEEDED
594676,1189,RLG_PLAN_PUBLISHED
594870,1190,DNS_UPDATE_SUCCEEDED
597668,1195,RLG_PLAN_PUBLISHED
597872,1196,DNS_UPDATE_SUCCEEDED
598390,1197,DNS_UPDATE_SUCCEEDED
600667,1201,RLG_PLAN_PUBLISHED
600889,1202,DNS_UPDATE_SUCCEEDED
601389,1203,DNS_UPDATE_SUCCEEDED
603666,1207,RLG_PLAN_PUBLISHED
603890,1208,DNS_UPDATE_SUCCEEDED
654669,1309,RLG_PLAN_PUBLISHED
654909,1310,DNS_UPDATE_SUCCEEDED
657670,1315,RLG_PLAN_PUBLISHED
657909,1316,DNS_UPDATE_SUCCEEDED
658410,1317,DNS_UPDATE_SUCCEEDED
660669,1321,RLG_PLAN_PUBLISHED
660935,1322,DNS_UPDATE_SUCCEEDED
663669,1327,RLG_PLAN_PUBLISHED
663936,1328,DNS_UPDATE_SUCCEEDED
666670,1333,RLG_PLAN_PUBLISHED
666937,1334,DNS_UPDATE_SUCCEEDED
667433,1335,DNS_UPDATE_SUCCEEDED
669668,1339,RLG_PLAN_PUBLISHED
669936,1340,DNS_UPDATE_SUCCEEDED
