{
  "region" : {
    "name" : "I"
  },
  "timestamp" : 405893,
  "plan" : {
    "AppCoordinates {com.bbn, test-service3, 1}" : {
      "A" : 0.0,
      "B" : 0.0,
      "C" : 0.0,
      "G" : 0.0,
      "H" : 0.0,
      "J" : 0.8722753660539956,
      "I" : 0.12772463394600442
    },
    "AppCoordinates {com.bbn, test-service2, 1}" : {
      "A" : 0.0,
      "B" : 0.0,
      "C" : 0.0,
      "G" : 0.0,
      "H" : 0.0,
      "J" : 1.0,
      "I" : 0.0
    },
    "AppCoordinates {com.bbn, test-service1, 1}" : {
      "A" : 0.0,
      "B" : 0.0,
      "C" : 0.0,
      "G" : 0.0,
      "H" : 0.0,
      "J" : 1.0,
      "I" : 0.0
    }
  }
}