1147,1,DNS_UPDATE_SUCCEEDED
1227,2,DCOP_PLAN_PLUBLIED
1233,2,RLG_PLAN_PUBLISHED
1603,3,DNS_UPDATE_SUCCEEDED
34181,68,RLG_PLAN_PUBLISHED
34633,69,DNS_UPDATE_SUCCEEDED
35123,70,DNS_UPDATE_SUCCEEDED
37174,74,RLG_PLAN_PUBLISHED
37620,75,DNS_UPDATE_SUCCEEDED
38122,76,DNS_UPDATE_SUCCEEDED
40174,80,RLG_PLAN_PUBLISHED
40620,81,DNS_UPDATE_SUCCEEDED
41128,82,DNS_UPDATE_SUCCEEDED
43173,86,RLG_PLAN_PUBLISHED
43620,87,DNS_UPDATE_SUCCEEDED
44125,88,DNS_UPDATE_SUCCEEDED
46174,92,RLG_PLAN_PUBLISHED
46625,93,DNS_UPDATE_SUCCEEDED
47128,94,DNS_UPDATE_SUCCEEDED
49181,98,RLG_PLAN_PUBLISHED
49632,99,DNS_UPDATE_SUCCEEDED
50125,100,DNS_UPDATE_SUCCEEDED
52177,104,RLG_PLAN_PUBLISHED
52638,105,DNS_UPDATE_SUCCEEDED
53121,106,DNS_UPDATE_SUCCEEDED
55176,110,RLG_PLAN_PUBLISHED
55629,111,DNS_UPDATE_SUCCEEDED
56138,112,DNS_UPDATE_SUCCEEDED
58176,116,RLG_PLAN_PUBLISHED
58628,117,DNS_UPDATE_SUCCEEDED
59138,118,DNS_UPDATE_SUCCEEDED
61174,122,RLG_PLAN_PUBLISHED
61627,123,DNS_UPDATE_SUCCEEDED
64176,128,RLG_PLAN_PUBLISHED
64628,129,DNS_UPDATE_SUCCEEDED
65128,130,DNS_UPDATE_SUCCEEDED
67176,134,RLG_PLAN_PUBLISHED
67625,135,DNS_UPDATE_SUCCEEDED
68133,136,DNS_UPDATE_SUCCEEDED
70175,140,RLG_PLAN_PUBLISHED
70632,141,DNS_UPDATE_SUCCEEDED
106237,212,DCOP_PLAN_PLUBLIED
109176,218,RLG_PLAN_PUBLISHED
109685,219,DNS_UPDATE_SUCCEEDED
115183,230,RLG_PLAN_PUBLISHED
115667,231,DNS_UPDATE_SUCCEEDED
118177,236,RLG_PLAN_PUBLISHED
118664,237,DNS_UPDATE_SUCCEEDED
119164,238,DNS_UPDATE_SUCCEEDED
121179,242,RLG_PLAN_PUBLISHED
121661,243,DNS_UPDATE_SUCCEEDED
122183,244,DNS_UPDATE_SUCCEEDED
124177,248,RLG_PLAN_PUBLISHED
124666,249,DNS_UPDATE_SUCCEEDED
127176,254,RLG_PLAN_PUBLISHED
127665,255,DNS_UPDATE_SUCCEEDED
128164,256,DNS_UPDATE_SUCCEEDED
130178,260,RLG_PLAN_PUBLISHED
130669,261,DNS_UPDATE_SUCCEEDED
131171,262,DNS_UPDATE_SUCCEEDED
133183,266,RLG_PLAN_PUBLISHED
133667,267,DNS_UPDATE_SUCCEEDED
157181,313,RLG_PLAN_PUBLISHED
157186,314,DNS_UPDATE_SUCCEEDED
160181,320,RLG_PLAN_PUBLISHED
160687,321,DNS_UPDATE_SUCCEEDED
161173,322,DNS_UPDATE_SUCCEEDED
163188,326,RLG_PLAN_PUBLISHED
163676,327,DNS_UPDATE_SUCCEEDED
164182,328,DNS_UPDATE_SUCCEEDED
166182,331,RLG_PLAN_PUBLISHED
166183,332,DNS_UPDATE_SUCCEEDED
169191,338,RLG_PLAN_PUBLISHED
169677,339,DNS_UPDATE_SUCCEEDED
170181,340,DNS_UPDATE_SUCCEEDED
172190,344,RLG_PLAN_PUBLISHED
172681,345,DNS_UPDATE_SUCCEEDED
173182,346,DNS_UPDATE_SUCCEEDED
175191,350,RLG_PLAN_PUBLISHED
175680,351,DNS_UPDATE_SUCCEEDED
176175,352,DNS_UPDATE_SUCCEEDED
178191,356,RLG_PLAN_PUBLISHED
178697,357,DNS_UPDATE_SUCCEEDED
179177,358,DNS_UPDATE_SUCCEEDED
181192,361,RLG_PLAN_PUBLISHED
181201,362,DNS_UPDATE_SUCCEEDED
214193,427,RLG_PLAN_PUBLISHED
214195,428,DNS_UPDATE_SUCCEEDED
217195,433,RLG_PLAN_PUBLISHED
217203,434,DNS_UPDATE_SUCCEEDED
217700,435,DNS_UPDATE_SUCCEEDED
220193,439,RLG_PLAN_PUBLISHED
220200,440,DNS_UPDATE_SUCCEEDED
220694,441,DNS_UPDATE_SUCCEEDED
223193,446,RLG_PLAN_PUBLISHED
223694,447,DNS_UPDATE_SUCCEEDED
226193,451,RLG_PLAN_PUBLISHED
226206,452,DNS_UPDATE_SUCCEEDED
229194,457,RLG_PLAN_PUBLISHED
229211,458,DNS_UPDATE_SUCCEEDED
229708,459,DNS_UPDATE_SUCCEEDED
232194,463,RLG_PLAN_PUBLISHED
232209,464,DNS_UPDATE_SUCCEEDED
232711,465,DNS_UPDATE_SUCCEEDED
235194,469,RLG_PLAN_PUBLISHED
235205,470,DNS_UPDATE_SUCCEEDED
235707,471,DNS_UPDATE_SUCCEEDED
238196,475,RLG_PLAN_PUBLISHED
238207,476,DNS_UPDATE_SUCCEEDED
238707,477,DNS_UPDATE_SUCCEEDED
241194,481,RLG_PLAN_PUBLISHED
241217,482,DNS_UPDATE_SUCCEEDED
244195,487,RLG_PLAN_PUBLISHED
244233,488,DNS_UPDATE_SUCCEEDED
247196,493,RLG_PLAN_PUBLISHED
247228,494,DNS_UPDATE_SUCCEEDED
247725,495,DNS_UPDATE_SUCCEEDED
250195,499,RLG_PLAN_PUBLISHED
250230,500,DNS_UPDATE_SUCCEEDED
253197,505,RLG_PLAN_PUBLISHED
253237,506,DNS_UPDATE_SUCCEEDED
256196,511,RLG_PLAN_PUBLISHED
256234,512,DNS_UPDATE_SUCCEEDED
256729,513,DNS_UPDATE_SUCCEEDED
259197,517,RLG_PLAN_PUBLISHED
259234,518,DNS_UPDATE_SUCCEEDED
274207,547,RLG_PLAN_PUBLISHED
274252,548,DNS_UPDATE_SUCCEEDED
274757,549,DNS_UPDATE_SUCCEEDED
277206,553,RLG_PLAN_PUBLISHED
277257,554,DNS_UPDATE_SUCCEEDED
277763,555,DNS_UPDATE_SUCCEEDED
280207,559,RLG_PLAN_PUBLISHED
280259,560,DNS_UPDATE_SUCCEEDED
355210,709,RLG_PLAN_PUBLISHED
355292,710,DNS_UPDATE_SUCCEEDED
355795,711,DNS_UPDATE_SUCCEEDED
358211,715,RLG_PLAN_PUBLISHED
358297,716,DNS_UPDATE_SUCCEEDED
358844,717,DNS_UPDATE_SUCCEEDED
361212,721,RLG_PLAN_PUBLISHED
361294,722,DNS_UPDATE_SUCCEEDED
361794,723,DNS_UPDATE_SUCCEEDED
364219,727,RLG_PLAN_PUBLISHED
364295,728,DNS_UPDATE_SUCCEEDED
364794,729,DNS_UPDATE_SUCCEEDED
367211,733,RLG_PLAN_PUBLISHED
367315,734,DNS_UPDATE_SUCCEEDED
400212,799,RLG_PLAN_PUBLISHED
400322,800,DNS_UPDATE_SUCCEEDED
403213,805,RLG_PLAN_PUBLISHED
403328,806,DNS_UPDATE_SUCCEEDED
403824,807,DNS_UPDATE_SUCCEEDED
406211,811,RLG_PLAN_PUBLISHED
406325,812,DNS_UPDATE_SUCCEEDED
409211,817,RLG_PLAN_PUBLISHED
409335,818,DNS_UPDATE_SUCCEEDED
409820,819,DNS_UPDATE_SUCCEEDED
412212,823,RLG_PLAN_PUBLISHED
412329,824,DNS_UPDATE_SUCCEEDED
424214,847,RLG_PLAN_PUBLISHED
424329,848,DNS_UPDATE_SUCCEEDED
427215,853,RLG_PLAN_PUBLISHED
427327,854,DNS_UPDATE_SUCCEEDED
427830,855,DNS_UPDATE_SUCCEEDED
430214,859,RLG_PLAN_PUBLISHED
430330,860,DNS_UPDATE_SUCCEEDED
430832,861,DNS_UPDATE_SUCCEEDED
433214,865,RLG_PLAN_PUBLISHED
433339,866,DNS_UPDATE_SUCCEEDED
466217,931,RLG_PLAN_PUBLISHED
466358,932,DNS_UPDATE_SUCCEEDED
469219,937,RLG_PLAN_PUBLISHED
469349,938,DNS_UPDATE_SUCCEEDED
469862,939,DNS_UPDATE_SUCCEEDED
472216,943,RLG_PLAN_PUBLISHED
472353,944,DNS_UPDATE_SUCCEEDED
472871,945,DNS_UPDATE_SUCCEEDED
475216,949,RLG_PLAN_PUBLISHED
475348,950,DNS_UPDATE_SUCCEEDED
478217,955,RLG_PLAN_PUBLISHED
478352,956,DNS_UPDATE_SUCCEEDED
478846,957,DNS_UPDATE_SUCCEEDED
481215,961,RLG_PLAN_PUBLISHED
481348,962,DNS_UPDATE_SUCCEEDED
481861,963,DNS_UPDATE_SUCCEEDED
484219,967,RLG_PLAN_PUBLISHED
484349,968,DNS_UPDATE_SUCCEEDED
484846,969,DNS_UPDATE_SUCCEEDED
487215,973,RLG_PLAN_PUBLISHED
487351,974,DNS_UPDATE_SUCCEEDED
487854,975,DNS_UPDATE_SUCCEEDED
490217,979,RLG_PLAN_PUBLISHED
490351,980,DNS_UPDATE_SUCCEEDED
517216,1033,RLG_PLAN_PUBLISHED
517375,1034,DNS_UPDATE_SUCCEEDED
517853,1035,DNS_UPDATE_SUCCEEDED
520216,1039,RLG_PLAN_PUBLISHED
520360,1040,DNS_UPDATE_SUCCEEDED
520870,1041,DNS_UPDATE_SUCCEEDED
523234,1045,RLG_PLAN_PUBLISHED
523376,1046,DNS_UPDATE_SUCCEEDED
523862,1047,DNS_UPDATE_SUCCEEDED
526234,1051,RLG_PLAN_PUBLISHED
526381,1052,DNS_UPDATE_SUCCEEDED
526866,1053,DNS_UPDATE_SUCCEEDED
529250,1057,RLG_PLAN_PUBLISHED
529365,1058,DNS_UPDATE_SUCCEEDED
547286,1093,RLG_PLAN_PUBLISHED
547367,1094,DNS_UPDATE_SUCCEEDED
550287,1099,RLG_PLAN_PUBLISHED
550373,1100,DNS_UPDATE_SUCCEEDED
550877,1101,DNS_UPDATE_SUCCEEDED
553286,1105,RLG_PLAN_PUBLISHED
553377,1106,DNS_UPDATE_SUCCEEDED
553874,1107,DNS_UPDATE_SUCCEEDED
556287,1111,RLG_PLAN_PUBLISHED
556376,1112,DNS_UPDATE_SUCCEEDED
586288,1171,RLG_PLAN_PUBLISHED
586393,1172,DNS_UPDATE_SUCCEEDED
589287,1177,RLG_PLAN_PUBLISHED
589401,1178,DNS_UPDATE_SUCCEEDED
589906,1179,DNS_UPDATE_SUCCEEDED
592289,1183,RLG_PLAN_PUBLISHED
592394,1184,DNS_UPDATE_SUCCEEDED
592897,1185,DNS_UPDATE_SUCCEEDED
595288,1189,RLG_PLAN_PUBLISHED
595400,1190,DNS_UPDATE_SUCCEEDED
598288,1195,RLG_PLAN_PUBLISHED
598391,1196,DNS_UPDATE_SUCCEEDED
598907,1197,DNS_UPDATE_SUCCEEDED
601287,1201,RLG_PLAN_PUBLISHED
601393,1202,DNS_UPDATE_SUCCEEDED
601893,1203,DNS_UPDATE_SUCCEEDED
604286,1207,RLG_PLAN_PUBLISHED
604393,1208,DNS_UPDATE_SUCCEEDED
630006,1260,DNS_UPDATE_SUCCEEDED
