{
  "region" : {
    "name" : "B"
  },
  "serviceReports" : [ {
    "nodeName" : {
      "name" : "nodeB"
    },
    "timestamp" : 133069,
    "serviceState" : {
      "nodeB_c00" : {
        "service" : {
          "group" : "com.bbn",
          "artifact" : "test-service3",
          "version" : "1"
        },
        "status" : "RUNNING"
      },
      "nodeB_c01" : {
        "service" : {
          "group" : "com.bbn",
          "artifact" : "test-service3",
          "version" : "1"
        },
        "status" : "RUNNING"
      }
    }
  } ]
}