{
  "region" : {
    "name" : "C"
  },
  "minTimestamp" : 111496,
  "maxTimestamp" : 111496,
  "demandEstimationWindow" : "LONG",
  "serverCapacity" : {
    "DISK" : 10.0,
    "MEMORY" : 8.0E9,
    "CPU" : 4.0,
    "TASK_CONTAINERS" : 20.0
  },
  "serverLoad" : {
    "AppCoordinates {com.bbn, test-service3, 1}" : {
      "unknown" : {
        "QueueLength" : 64.0,
        "TASK_CONTAINERS" : 32.0
      }
    }
  },
  "serverDemand" : {
    "AppCoordinates {com.bbn, test-service3, 1}" : {
      "unknown" : {
        "QueueLength" : 24.625,
        "TASK_CONTAINERS" : 16.416666666666668
      }
    }
  },
  "serverAverageProcessingTimeCount" : { },
  "serverAverageProcessingTimeSum" : { },
  "networkCapacity" : {
    "A" : {
      "DATARATE_RX" : 100.0,
      "DATARATE_TX" : 100.0
    },
    "D" : {
      "DATARATE_RX" : 100.0,
      "DATARATE_TX" : 100.0
    }
  },
  "networkLoad" : {
    "A" : {
      "(C, A, A)" : {
        "AppCoordinates {com.bbn, test-service3, 1}" : {
          "DATARATE_TX" : 2.739999999999998E-4,
          "DATARATE_RX" : 1.369999999999999E-4
        },
        "AppCoordinates {com.bbn, test-service2, 1}" : {
          "DATARATE_TX" : 1.9599999999999978E-4,
          "DATARATE_RX" : 9.799999999999989E-5
        },
        "AppCoordinates {com.bbn, test-service1, 1}" : {
          "DATARATE_TX" : 3.1599999999999966E-4,
          "DATARATE_RX" : 1.5799999999999983E-4
        }
      }
    },
    "D" : { }
  },
  "networkDemand" : {
    "A" : {
      "(C, A, A)" : {
        "AppCoordinates {com.bbn, test-service3, 1}" : {
          "DATARATE_TX" : 3.131723534558179E-4,
          "DATARATE_RX" : 1.5658617672790895E-4
        },
        "AppCoordinates {com.bbn, test-service2, 1}" : {
          "DATARATE_TX" : 3.728562982161291E-4,
          "DATARATE_RX" : 1.8642814910806456E-4
        },
        "AppCoordinates {com.bbn, test-service1, 1}" : {
          "DATARATE_TX" : 3.7987188685836105E-4,
          "DATARATE_RX" : 1.8993594342918052E-4
        }
      }
    },
    "D" : { }
  },
  "maximumServiceContainers" : 20,
  "allocatedServiceContainers" : 1,
  "serverAverageProcessingTime" : { },
  "availableServiceContainers" : 19,
  "nullSummary" : false
}