{
  "nodeName" : {
    "name" : "nodeC"
  },
  "timestamp" : 244981,
  "demandEstimationWindow" : "LONG",
  "nodeComputeCapacity" : {
    "CPU" : 8.0,
    "MEMORY" : 1.6E10,
    "DISK" : 10.0,
    "TASK_CONTAINERS" : 8.0
  },
  "networkCapacity" : {
    "interface-nodeE ( nodeE )" : {
      "DATARATE_RX" : 100.0,
      "DATARATE_TX" : 100.0
    },
    "interface-nodeB ( nodeB )" : {
      "DATARATE_RX" : 100.0,
      "DATARATE_TX" : 100.0
    },
    "interface-nodeI ( nodeI )" : {
      "DATARATE_RX" : 100.0,
      "DATARATE_TX" : 100.0
    },
    "interface-nodeF ( nodeF )" : {
      "DATARATE_RX" : 100.0,
      "DATARATE_TX" : 100.0
    },
    "interface-nodeG ( nodeG )" : {
      "DATARATE_RX" : 100.0,
      "DATARATE_TX" : 100.0
    },
    "interface-nodeL ( nodeL )" : {
      "DATARATE_RX" : 100.0,
      "DATARATE_TX" : 100.0
    },
    "interface-nodeJ ( nodeJ )" : {
      "DATARATE_RX" : 100.0,
      "DATARATE_TX" : 100.0
    },
    "interface-nodeA ( nodeA )" : {
      "DATARATE_RX" : 100.0,
      "DATARATE_TX" : 100.0
    },
    "interface-nodeN ( nodeN )" : {
      "DATARATE_RX" : 100.0,
      "DATARATE_TX" : 100.0
    },
    "interface-nodeO ( nodeO )" : {
      "DATARATE_RX" : 100.0,
      "DATARATE_TX" : 100.0
    }
  },
  "networkLoad" : {
    "interface-nodeE ( nodeE )" : { },
    "interface-nodeB ( nodeB )" : {
      "(nodeC_c06, clientPoolB, nodeC_c06)" : {
        "AppCoordinates {com.bbn, test-service2, 1}" : {
          "DATARATE_TX" : 6.699999999999991E-5,
          "DATARATE_RX" : 1.3399999999999981E-4
        }
      },
      "(nodeC_c07, clientPoolB, nodeC_c07)" : {
        "AppCoordinates {com.bbn, test-service2, 1}" : {
          "DATARATE_TX" : -3.8116482626443515E-21,
          "DATARATE_RX" : -7.623296525288703E-21
        },
        "AppCoordinates {com.bbn, test-service1, 1}" : {
          "DATARATE_TX" : 6.89999999999999E-5,
          "DATARATE_RX" : 1.379999999999998E-4
        }
      },
      "(nodeC_c04, clientPoolB, nodeC_c04)" : {
        "AppCoordinates {com.bbn, test-service3, 1}" : {
          "DATARATE_TX" : -3.8116482626443515E-21,
          "DATARATE_RX" : -7.623296525288703E-21
        },
        "AppCoordinates {com.bbn, test-service2, 1}" : {
          "DATARATE_TX" : 1.7000000000000003E-5,
          "DATARATE_RX" : 3.4000000000000007E-5
        },
        "AppCoordinates {com.bbn, test-service1, 1}" : {
          "DATARATE_TX" : -3.8116482626443515E-21,
          "DATARATE_RX" : -7.623296525288703E-21
        }
      },
      "(nodeC_c05, clientPoolB, nodeC_c05)" : {
        "AppCoordinates {com.bbn, test-service3, 1}" : {
          "DATARATE_TX" : 8.999999999999984E-5,
          "DATARATE_RX" : 1.7999999999999969E-4
        }
      },
      "(nodeC_c02, clientPoolB, nodeC_c02)" : {
        "AppCoordinates {com.bbn, test-service3, 1}" : {
          "DATARATE_TX" : 8.499999999999986E-5,
          "DATARATE_RX" : 1.6999999999999971E-4
        }
      },
      "(nodeC_c03, clientPoolB, nodeC_c03)" : {
        "AppCoordinates {com.bbn, test-service1, 1}" : {
          "DATARATE_TX" : -3.8116482626443515E-21,
          "DATARATE_RX" : -7.623296525288703E-21
        }
      },
      "(nodeC_c00, clientPoolB, nodeC_c00)" : {
        "AppCoordinates {com.bbn, test-service3, 1}" : {
          "DATARATE_TX" : 8.299999999999986E-5,
          "DATARATE_RX" : 1.6599999999999973E-4
        },
        "AppCoordinates {com.bbn, test-service1, 1}" : {
          "DATARATE_TX" : -3.8116482626443515E-21,
          "DATARATE_RX" : -7.623296525288703E-21
        }
      },
      "(nodeC_c01, clientPoolB, nodeC_c01)" : {
        "AppCoordinates {com.bbn, test-service3, 1}" : {
          "DATARATE_TX" : 5.599999999999994E-5,
          "DATARATE_RX" : 1.1199999999999988E-4
        },
        "AppCoordinates {com.bbn, test-service2, 1}" : {
          "DATARATE_TX" : -3.8116482626443515E-21,
          "DATARATE_RX" : -7.623296525288703E-21
        }
      }
    },
    "interface-nodeI ( nodeI )" : { },
    "interface-nodeF ( nodeF )" : { },
    "interface-nodeG ( nodeG )" : { },
    "interface-nodeL ( nodeL )" : { },
    "interface-nodeJ ( nodeJ )" : {
      "(nodeC_c06, clientPoolJ, nodeC_c06)" : {
        "AppCoordinates {com.bbn, test-service2, 1}" : {
          "DATARATE_TX" : 6.599999999999991E-5,
          "DATARATE_RX" : 1.3199999999999982E-4
        }
      },
      "(nodeC_c07, clientPoolJ, nodeC_c07)" : {
        "AppCoordinates {com.bbn, test-service2, 1}" : {
          "DATARATE_TX" : 9.740878893424454E-21,
          "DATARATE_RX" : 1.9481757786848908E-20
        },
        "AppCoordinates {com.bbn, test-service1, 1}" : {
          "DATARATE_TX" : 6.199999999999992E-5,
          "DATARATE_RX" : 1.2399999999999984E-4
        }
      },
      "(nodeC_c04, clientPoolJ, nodeC_c04)" : {
        "AppCoordinates {com.bbn, test-service3, 1}" : {
          "DATARATE_TX" : 1.2705494208814505E-21,
          "DATARATE_RX" : 2.541098841762901E-21
        },
        "AppCoordinates {com.bbn, test-service2, 1}" : {
          "DATARATE_TX" : 1.9000000000000004E-5,
          "DATARATE_RX" : 3.800000000000001E-5
        },
        "AppCoordinates {com.bbn, test-service1, 1}" : {
          "DATARATE_TX" : -3.8116482626443515E-21,
          "DATARATE_RX" : -7.623296525288703E-21
        }
      },
      "(nodeC_c05, clientPoolJ, nodeC_c05)" : {
        "AppCoordinates {com.bbn, test-service3, 1}" : {
          "DATARATE_TX" : 3.5999999999999994E-5,
          "DATARATE_RX" : 7.199999999999999E-5
        }
      },
      "(nodeC_c02, clientPoolJ, nodeC_c02)" : {
        "AppCoordinates {com.bbn, test-service3, 1}" : {
          "DATARATE_TX" : 2.3000000000000003E-5,
          "DATARATE_RX" : 4.600000000000001E-5
        }
      },
      "(nodeC_c03, clientPoolJ, nodeC_c03)" : {
        "AppCoordinates {com.bbn, test-service1, 1}" : {
          "DATARATE_TX" : -3.8116482626443515E-21,
          "DATARATE_RX" : -7.623296525288703E-21
        }
      },
      "(nodeC_c00, clientPoolJ, nodeC_c00)" : {
        "AppCoordinates {com.bbn, test-service3, 1}" : {
          "DATARATE_TX" : 2.800000000000001E-5,
          "DATARATE_RX" : 5.600000000000002E-5
        },
        "AppCoordinates {com.bbn, test-service1, 1}" : {
          "DATARATE_TX" : -3.8116482626443515E-21,
          "DATARATE_RX" : -7.623296525288703E-21
        }
      },
      "(nodeC_c01, clientPoolJ, nodeC_c01)" : {
        "AppCoordinates {com.bbn, test-service3, 1}" : {
          "DATARATE_TX" : 1.7000000000000003E-5,
          "DATARATE_RX" : 3.4000000000000007E-5
        },
        "AppCoordinates {com.bbn, test-service2, 1}" : {
          "DATARATE_TX" : -3.8116482626443515E-21,
          "DATARATE_RX" : -7.623296525288703E-21
        }
      }
    },
    "interface-nodeA ( nodeA )" : { },
    "interface-nodeN ( nodeN )" : { },
    "interface-nodeO ( nodeO )" : {
      "(nodeC_c03, clientPoolO, nodeC_c03)" : {
        "AppCoordinates {com.bbn, test-service1, 1}" : {
          "DATARATE_TX" : -3.8116482626443515E-21,
          "DATARATE_RX" : -7.623296525288703E-21
        }
      },
      "(nodeC_c04, clientPoolO, nodeC_c04)" : {
        "AppCoordinates {com.bbn, test-service3, 1}" : {
          "DATARATE_TX" : -3.8116482626443515E-21,
          "DATARATE_RX" : -7.623296525288703E-21
        },
        "AppCoordinates {com.bbn, test-service2, 1}" : {
          "DATARATE_TX" : 2.3000000000000007E-5,
          "DATARATE_RX" : 4.6000000000000014E-5
        },
        "AppCoordinates {com.bbn, test-service1, 1}" : {
          "DATARATE_TX" : -3.8116482626443515E-21,
          "DATARATE_RX" : -7.623296525288703E-21
        }
      },
      "(nodeC_c01, clientPoolO, nodeC_c01)" : {
        "AppCoordinates {com.bbn, test-service3, 1}" : {
          "DATARATE_TX" : 4.9999999999999955E-5,
          "DATARATE_RX" : 9.999999999999991E-5
        },
        "AppCoordinates {com.bbn, test-service2, 1}" : {
          "DATARATE_TX" : -3.8116482626443515E-21,
          "DATARATE_RX" : -7.623296525288703E-21
        }
      },
      "(nodeC_c02, clientPoolO, nodeC_c02)" : {
        "AppCoordinates {com.bbn, test-service3, 1}" : {
          "DATARATE_TX" : 9.199999999999984E-5,
          "DATARATE_RX" : 1.8399999999999967E-4
        }
      },
      "(nodeC_c00, clientPoolO, nodeC_c00)" : {
        "AppCoordinates {com.bbn, test-service3, 1}" : {
          "DATARATE_TX" : 8.899999999999985E-5,
          "DATARATE_RX" : 1.779999999999997E-4
        },
        "AppCoordinates {com.bbn, test-service1, 1}" : {
          "DATARATE_TX" : -3.8116482626443515E-21,
          "DATARATE_RX" : -7.623296525288703E-21
        }
      },
      "(nodeC_c07, clientPoolO, nodeC_c07)" : {
        "AppCoordinates {com.bbn, test-service2, 1}" : {
          "DATARATE_TX" : 9.740878893424454E-21,
          "DATARATE_RX" : 1.9481757786848908E-20
        },
        "AppCoordinates {com.bbn, test-service1, 1}" : {
          "DATARATE_TX" : 6.89999999999999E-5,
          "DATARATE_RX" : 1.379999999999998E-4
        }
      },
      "(nodeC_c05, clientPoolO, nodeC_c05)" : {
        "AppCoordinates {com.bbn, test-service3, 1}" : {
          "DATARATE_TX" : 7.399999999999989E-5,
          "DATARATE_RX" : 1.4799999999999978E-4
        }
      },
      "(nodeC_c06, clientPoolO, nodeC_c06)" : {
        "AppCoordinates {com.bbn, test-service2, 1}" : {
          "DATARATE_TX" : 6.699999999999991E-5,
          "DATARATE_RX" : 1.3399999999999981E-4
        }
      }
    }
  },
  "networkDemand" : {
    "interface-nodeE ( nodeE )" : { },
    "interface-nodeB ( nodeB )" : {
      "(nodeC_c06, clientPoolB, nodeC_c06)" : {
        "AppCoordinates {com.bbn, test-service2, 1}" : {
          "DATARATE_TX" : 4.816897506925208E-5,
          "DATARATE_RX" : 9.633795013850417E-5
        }
      },
      "(nodeC_c07, clientPoolB, nodeC_c07)" : {
        "AppCoordinates {com.bbn, test-service2, 1}" : {
          "DATARATE_TX" : 3.3340720221606586E-5,
          "DATARATE_RX" : 6.668144044321317E-5
        },
        "AppCoordinates {com.bbn, test-service1, 1}" : {
          "DATARATE_TX" : 6.627142857142848E-5,
          "DATARATE_RX" : 1.3254285714285697E-4
        }
      },
      "(nodeC_c04, clientPoolB, nodeC_c04)" : {
        "AppCoordinates {com.bbn, test-service3, 1}" : {
          "DATARATE_TX" : 3.955677655677646E-5,
          "DATARATE_RX" : 7.911355311355292E-5
        },
        "AppCoordinates {com.bbn, test-service2, 1}" : {
          "DATARATE_TX" : 1.6677419354838703E-5,
          "DATARATE_RX" : 3.3354838709677405E-5
        },
        "AppCoordinates {com.bbn, test-service1, 1}" : {
          "DATARATE_TX" : 7.5734072022160636E-6,
          "DATARATE_RX" : 1.5146814404432127E-5
        }
      },
      "(nodeC_c05, clientPoolB, nodeC_c05)" : {
        "AppCoordinates {com.bbn, test-service3, 1}" : {
          "DATARATE_TX" : 5.869252077562314E-5,
          "DATARATE_RX" : 1.1738504155124628E-4
        }
      },
      "(nodeC_c02, clientPoolB, nodeC_c02)" : {
        "AppCoordinates {com.bbn, test-service3, 1}" : {
          "DATARATE_TX" : 5.3803324099722964E-5,
          "DATARATE_RX" : 1.0760664819944593E-4
        }
      },
      "(nodeC_c03, clientPoolB, nodeC_c03)" : {
        "AppCoordinates {com.bbn, test-service1, 1}" : {
          "DATARATE_TX" : 5.529916897506902E-5,
          "DATARATE_RX" : 1.1059833795013804E-4
        }
      },
      "(nodeC_c00, clientPoolB, nodeC_c00)" : {
        "AppCoordinates {com.bbn, test-service3, 1}" : {
          "DATARATE_TX" : 5.588372093023239E-5,
          "DATARATE_RX" : 1.1176744186046478E-4
        },
        "AppCoordinates {com.bbn, test-service1, 1}" : {
          "DATARATE_TX" : 3.051246537396112E-5,
          "DATARATE_RX" : 6.102493074792224E-5
        }
      },
      "(nodeC_c01, clientPoolB, nodeC_c01)" : {
        "AppCoordinates {com.bbn, test-service3, 1}" : {
          "DATARATE_TX" : 3.0713375796178385E-5,
          "DATARATE_RX" : 6.142675159235677E-5
        },
        "AppCoordinates {com.bbn, test-service2, 1}" : {
          "DATARATE_TX" : 3.642936288088634E-5,
          "DATARATE_RX" : 7.285872576177267E-5
        }
      }
    },
    "interface-nodeA ( nodeA )" : { },
    "interface-nodeO ( nodeO )" : {
      "(nodeC_c03, clientPoolO, nodeC_c03)" : {
        "AppCoordinates {com.bbn, test-service1, 1}" : {
          "DATARATE_TX" : 5.4584487534625956E-5,
          "DATARATE_RX" : 1.0916897506925191E-4
        }
      },
      "(nodeC_c04, clientPoolO, nodeC_c04)" : {
        "AppCoordinates {com.bbn, test-service3, 1}" : {
          "DATARATE_TX" : 4.190808823529398E-5,
          "DATARATE_RX" : 8.381617647058796E-5
        },
        "AppCoordinates {com.bbn, test-service2, 1}" : {
          "DATARATE_TX" : 2.2548387096774206E-5,
          "DATARATE_RX" : 4.509677419354841E-5
        },
        "AppCoordinates {com.bbn, test-service1, 1}" : {
          "DATARATE_TX" : 8.324099722991673E-6,
          "DATARATE_RX" : 1.6648199445983346E-5
        }
      },
      "(nodeC_c01, clientPoolO, nodeC_c01)" : {
        "AppCoordinates {com.bbn, test-service3, 1}" : {
          "DATARATE_TX" : 3.260509554140121E-5,
          "DATARATE_RX" : 6.521019108280242E-5
        },
        "AppCoordinates {com.bbn, test-service2, 1}" : {
          "DATARATE_TX" : 3.602493074792237E-5,
          "DATARATE_RX" : 7.204986149584474E-5
        }
      },
      "(nodeC_c02, clientPoolO, nodeC_c02)" : {
        "AppCoordinates {com.bbn, test-service3, 1}" : {
          "DATARATE_TX" : 5.17285318559556E-5,
          "DATARATE_RX" : 1.034570637119112E-4
        }
      },
      "(nodeC_c00, clientPoolO, nodeC_c00)" : {
        "AppCoordinates {com.bbn, test-service3, 1}" : {
          "DATARATE_TX" : 4.81976744186046E-5,
          "DATARATE_RX" : 9.63953488372092E-5
        },
        "AppCoordinates {com.bbn, test-service1, 1}" : {
          "DATARATE_TX" : 3.3548476454293545E-5,
          "DATARATE_RX" : 6.709695290858709E-5
        }
      },
      "(nodeC_c07, clientPoolO, nodeC_c07)" : {
        "AppCoordinates {com.bbn, test-service2, 1}" : {
          "DATARATE_TX" : 3.660110803324099E-5,
          "DATARATE_RX" : 7.320221606648198E-5
        },
        "AppCoordinates {com.bbn, test-service1, 1}" : {
          "DATARATE_TX" : 6.611428571428563E-5,
          "DATARATE_RX" : 1.3222857142857126E-4
        }
      },
      "(nodeC_c05, clientPoolO, nodeC_c05)" : {
        "AppCoordinates {com.bbn, test-service3, 1}" : {
          "DATARATE_TX" : 5.4867036011080214E-5,
          "DATARATE_RX" : 1.0973407202216043E-4
        }
      },
      "(nodeC_c06, clientPoolO, nodeC_c06)" : {
        "AppCoordinates {com.bbn, test-service2, 1}" : {
          "DATARATE_TX" : 4.719667590027689E-5,
          "DATARATE_RX" : 9.439335180055378E-5
        }
      }
    },
    "interface-nodeN ( nodeN )" : { },
    "interface-nodeL ( nodeL )" : { },
    "interface-nodeJ ( nodeJ )" : {
      "(nodeC_c06, clientPoolJ, nodeC_c06)" : {
        "AppCoordinates {com.bbn, test-service2, 1}" : {
          "DATARATE_TX" : 4.3168975069251975E-5,
          "DATARATE_RX" : 8.633795013850395E-5
        }
      },
      "(nodeC_c07, clientPoolJ, nodeC_c07)" : {
        "AppCoordinates {com.bbn, test-service2, 1}" : {
          "DATARATE_TX" : 3.781717451523542E-5,
          "DATARATE_RX" : 7.563434903047084E-5
        },
        "AppCoordinates {com.bbn, test-service1, 1}" : {
          "DATARATE_TX" : 5.962857142857138E-5,
          "DATARATE_RX" : 1.1925714285714276E-4
        }
      },
      "(nodeC_c04, clientPoolJ, nodeC_c04)" : {
        "AppCoordinates {com.bbn, test-service3, 1}" : {
          "DATARATE_TX" : 6.610294117647071E-6,
          "DATARATE_RX" : 1.3220588235294142E-5
        },
        "AppCoordinates {com.bbn, test-service2, 1}" : {
          "DATARATE_TX" : 1.8612903225806465E-5,
          "DATARATE_RX" : 3.722580645161293E-5
        },
        "AppCoordinates {com.bbn, test-service1, 1}" : {
          "DATARATE_TX" : 7.000000000000001E-6,
          "DATARATE_RX" : 1.4000000000000001E-5
        }
      },
      "(nodeC_c05, clientPoolJ, nodeC_c05)" : {
        "AppCoordinates {com.bbn, test-service3, 1}" : {
          "DATARATE_TX" : 1.9770083102493022E-5,
          "DATARATE_RX" : 3.9540166204986044E-5
        }
      },
      "(nodeC_c02, clientPoolJ, nodeC_c02)" : {
        "AppCoordinates {com.bbn, test-service3, 1}" : {
          "DATARATE_TX" : 2.309141274238218E-5,
          "DATARATE_RX" : 4.618282548476436E-5
        }
      },
      "(nodeC_c03, clientPoolJ, nodeC_c03)" : {
        "AppCoordinates {com.bbn, test-service1, 1}" : {
          "DATARATE_TX" : 5.809972299168975E-5,
          "DATARATE_RX" : 1.161994459833795E-4
        }
      },
      "(nodeC_c00, clientPoolJ, nodeC_c00)" : {
        "AppCoordinates {com.bbn, test-service3, 1}" : {
          "DATARATE_TX" : 1.9896551724137944E-5,
          "DATARATE_RX" : 3.979310344827589E-5
        },
        "AppCoordinates {com.bbn, test-service1, 1}" : {
          "DATARATE_TX" : 3.1551246537396146E-5,
          "DATARATE_RX" : 6.310249307479229E-5
        }
      },
      "(nodeC_c01, clientPoolJ, nodeC_c01)" : {
        "AppCoordinates {com.bbn, test-service3, 1}" : {
          "DATARATE_TX" : 1.1793103448275864E-5,
          "DATARATE_RX" : 2.3586206896551728E-5
        },
        "AppCoordinates {com.bbn, test-service2, 1}" : {
          "DATARATE_TX" : 3.3703601108033153E-5,
          "DATARATE_RX" : 6.740720221606631E-5
        }
      }
    },
    "interface-nodeI ( nodeI )" : { },
    "interface-nodeG ( nodeG )" : { },
    "interface-nodeF ( nodeF )" : { }
  },
  "containerReports" : {
    "nodeC_c01" : {
      "containerName" : {
        "name" : "nodeC_c01"
      },
      "timestamp" : 244981,
      "service" : {
        "group" : "com.bbn",
        "artifact" : "test-service3",
        "version" : "1"
      },
      "serviceStatus" : "RUNNING",
      "demandEstimationWindow" : "LONG",
      "computeCapacity" : {
        "CPU" : 1.0,
        "TASK_CONTAINERS" : 100.0,
        "QueueLength" : 1000000.0
      },
      "computeLoad" : {
        "UNKNOWN" : {
          "QueueLength" : 86.0,
          "TASK_CONTAINERS" : 43.0
        }
      },
      "computeDemand" : {
        "UNKNOWN" : {
          "QueueLength" : 60.625,
          "TASK_CONTAINERS" : 34.642857142857146
        }
      },
      "averageProcessingTime" : "NaN",
      "networkCapacity" : {
        "interface-nodeC ( nodeC )" : {
          "DATARATE_TX" : 100.0,
          "DATARATE_RX" : 100.0
        }
      },
      "networkLoad" : {
        "interface-nodeC ( nodeC )" : {
          "(clientPoolJ, nodeC_c01, nodeC_c01)" : {
            "AppCoordinates {com.bbn, test-service3, 1}" : {
              "DATARATE_TX" : 1.6E-5,
              "DATARATE_RX" : 8.0E-6
            }
          },
          "(clientPoolO, nodeC_c01, nodeC_c01)" : {
            "AppCoordinates {com.bbn, test-service3, 1}" : {
              "DATARATE_TX" : 7.199999999999999E-5,
              "DATARATE_RX" : 3.5999999999999994E-5
            }
          },
          "(clientPoolB, nodeC_c01, nodeC_c01)" : {
            "AppCoordinates {com.bbn, test-service3, 1}" : {
              "DATARATE_TX" : 8.399999999999995E-5,
              "DATARATE_RX" : 4.199999999999998E-5
            }
          }
        }
      },
      "networkDemand" : {
        "interface-nodeC ( nodeC )" : {
          "(clientPoolJ, nodeC_c01, nodeC_c01)" : {
            "AppCoordinates {com.bbn, test-service3, 1}" : {
              "DATARATE_TX" : 1.4833333333333334E-5,
              "DATARATE_RX" : 7.416666666666667E-6
            }
          },
          "(clientPoolO, nodeC_c01, nodeC_c01)" : {
            "AppCoordinates {com.bbn, test-service3, 1}" : {
              "DATARATE_TX" : 6.307692307692308E-5,
              "DATARATE_RX" : 3.153846153846154E-5
            }
          },
          "(clientPoolB, nodeC_c01, nodeC_c01)" : {
            "AppCoordinates {com.bbn, test-service3, 1}" : {
              "DATARATE_TX" : 7.246153846153844E-5,
              "DATARATE_RX" : 3.623076923076922E-5
            }
          }
        }
      }
    },
    "nodeC_c02" : {
      "containerName" : {
        "name" : "nodeC_c02"
      },
      "timestamp" : 244981,
      "service" : {
        "group" : "com.bbn",
        "artifact" : "test-service3",
        "version" : "1"
      },
      "serviceStatus" : "RUNNING",
      "demandEstimationWindow" : "LONG",
      "computeCapacity" : {
        "CPU" : 1.0,
        "TASK_CONTAINERS" : 100.0,
        "QueueLength" : 1000000.0
      },
      "computeLoad" : {
        "UNKNOWN" : {
          "QueueLength" : 200.0,
          "TASK_CONTAINERS" : 100.0
        }
      },
      "computeDemand" : {
        "UNKNOWN" : {
          "QueueLength" : 128.24309392265192,
          "TASK_CONTAINERS" : 64.12154696132596
        }
      },
      "averageProcessingTime" : 120000.0,
      "networkCapacity" : {
        "interface-nodeC ( nodeC )" : {
          "DATARATE_TX" : 100.0,
          "DATARATE_RX" : 100.0
        }
      },
      "networkLoad" : {
        "interface-nodeC ( nodeC )" : {
          "(clientPoolO, nodeC_c02, nodeC_c02)" : {
            "AppCoordinates {com.bbn, test-service3, 1}" : {
              "DATARATE_TX" : 2.1199999999999968E-4,
              "DATARATE_RX" : 1.0599999999999984E-4
            }
          },
          "(clientPoolJ, nodeC_c02, nodeC_c02)" : {
            "AppCoordinates {com.bbn, test-service3, 1}" : {
              "DATARATE_TX" : 5.200000000000009E-5,
              "DATARATE_RX" : 2.6000000000000046E-5
            }
          },
          "(clientPoolB, nodeC_c02, nodeC_c02)" : {
            "AppCoordinates {com.bbn, test-service3, 1}" : {
              "DATARATE_TX" : 2.079999999999997E-4,
              "DATARATE_RX" : 1.0399999999999984E-4
            }
          }
        }
      },
      "networkDemand" : {
        "interface-nodeC ( nodeC )" : {
          "(clientPoolO, nodeC_c02, nodeC_c02)" : {
            "AppCoordinates {com.bbn, test-service3, 1}" : {
              "DATARATE_TX" : 2.378891966759002E-4,
              "DATARATE_RX" : 1.189445983379501E-4
            }
          },
          "(clientPoolJ, nodeC_c02, nodeC_c02)" : {
            "AppCoordinates {com.bbn, test-service3, 1}" : {
              "DATARATE_TX" : 1.6410526315789448E-4,
              "DATARATE_RX" : 8.205263157894724E-5
            }
          },
          "(clientPoolB, nodeC_c02, nodeC_c02)" : {
            "AppCoordinates {com.bbn, test-service3, 1}" : {
              "DATARATE_TX" : 2.443601108033238E-4,
              "DATARATE_RX" : 1.221800554016619E-4
            }
          }
        }
      }
    },
    "nodeC_c00" : {
      "containerName" : {
        "name" : "nodeC_c00"
      },
      "timestamp" : 244983,
      "service" : {
        "group" : "com.bbn",
        "artifact" : "test-service3",
        "version" : "1"
      },
      "serviceStatus" : "RUNNING",
      "demandEstimationWindow" : "LONG",
      "computeCapacity" : {
        "CPU" : 1.0,
        "TASK_CONTAINERS" : 100.0,
        "QueueLength" : 1000000.0
      },
      "computeLoad" : {
        "UNKNOWN" : {
          "QueueLength" : 200.0,
          "TASK_CONTAINERS" : 100.0
        }
      },
      "computeDemand" : {
        "UNKNOWN" : {
          "QueueLength" : 76.02057613168725,
          "TASK_CONTAINERS" : 53.39017341040462
        }
      },
      "averageProcessingTime" : 120000.0,
      "networkCapacity" : {
        "interface-nodeC ( nodeC )" : {
          "DATARATE_TX" : 100.0,
          "DATARATE_RX" : 100.0
        }
      },
      "networkLoad" : {
        "interface-nodeC ( nodeC )" : {
          "(clientPoolJ, nodeC_c00, nodeC_c00)" : {
            "AppCoordinates {com.bbn, test-service3, 1}" : {
              "DATARATE_TX" : 7.599999999999998E-5,
              "DATARATE_RX" : 3.799999999999999E-5
            }
          },
          "(clientPoolB, nodeC_c00, nodeC_c00)" : {
            "AppCoordinates {com.bbn, test-service3, 1}" : {
              "DATARATE_TX" : 1.9399999999999965E-4,
              "DATARATE_RX" : 9.699999999999982E-5
            }
          },
          "(clientPoolO, nodeC_c00, nodeC_c00)" : {
            "AppCoordinates {com.bbn, test-service3, 1}" : {
              "DATARATE_TX" : 2.2599999999999956E-4,
              "DATARATE_RX" : 1.1299999999999978E-4
            }
          }
        }
      },
      "networkDemand" : {
        "interface-nodeC ( nodeC )" : {
          "(clientPoolJ, nodeC_c00, nodeC_c00)" : {
            "AppCoordinates {com.bbn, test-service3, 1}" : {
              "DATARATE_TX" : 4.793103448275862E-5,
              "DATARATE_RX" : 2.396551724137931E-5
            }
          },
          "(clientPoolB, nodeC_c00, nodeC_c00)" : {
            "AppCoordinates {com.bbn, test-service3, 1}" : {
              "DATARATE_TX" : 1.138720930232555E-4,
              "DATARATE_RX" : 5.693604651162775E-5
            }
          },
          "(clientPoolO, nodeC_c00, nodeC_c00)" : {
            "AppCoordinates {com.bbn, test-service3, 1}" : {
              "DATARATE_TX" : 9.98488372093022E-5,
              "DATARATE_RX" : 4.99244186046511E-5
            }
          }
        }
      }
    },
    "nodeC_c05" : {
      "containerName" : {
        "name" : "nodeC_c05"
      },
      "timestamp" : 244984,
      "service" : {
        "group" : "com.bbn",
        "artifact" : "test-service3",
        "version" : "1"
      },
      "serviceStatus" : "RUNNING",
      "demandEstimationWindow" : "LONG",
      "computeCapacity" : {
        "CPU" : 1.0,
        "TASK_CONTAINERS" : 100.0,
        "QueueLength" : 1000000.0
      },
      "computeLoad" : {
        "UNKNOWN" : {
          "QueueLength" : 200.0,
          "TASK_CONTAINERS" : 100.0
        }
      },
      "computeDemand" : {
        "UNKNOWN" : {
          "QueueLength" : 132.7562326869806,
          "TASK_CONTAINERS" : 66.3781163434903
        }
      },
      "averageProcessingTime" : 120000.0,
      "networkCapacity" : {
        "interface-nodeC ( nodeC )" : {
          "DATARATE_TX" : 100.0,
          "DATARATE_RX" : 100.0
        }
      },
      "networkLoad" : {
        "interface-nodeC ( nodeC )" : {
          "(clientPoolO, nodeC_c05, nodeC_c05)" : {
            "AppCoordinates {com.bbn, test-service3, 1}" : {
              "DATARATE_TX" : 1.7799999999999972E-4,
              "DATARATE_RX" : 8.899999999999986E-5
            }
          },
          "(clientPoolB, nodeC_c05, nodeC_c05)" : {
            "AppCoordinates {com.bbn, test-service3, 1}" : {
              "DATARATE_TX" : 1.9799999999999966E-4,
              "DATARATE_RX" : 9.899999999999983E-5
            }
          },
          "(clientPoolJ, nodeC_c05, nodeC_c05)" : {
            "AppCoordinates {com.bbn, test-service3, 1}" : {
              "DATARATE_TX" : 9.799999999999994E-5,
              "DATARATE_RX" : 4.899999999999997E-5
            }
          }
        }
      },
      "networkDemand" : {
        "interface-nodeC ( nodeC )" : {
          "(clientPoolO, nodeC_c05, nodeC_c05)" : {
            "AppCoordinates {com.bbn, test-service3, 1}" : {
              "DATARATE_TX" : 1.8731111111111085E-4,
              "DATARATE_RX" : 9.365555555555543E-5
            }
          },
          "(clientPoolB, nodeC_c05, nodeC_c05)" : {
            "AppCoordinates {com.bbn, test-service3, 1}" : {
              "DATARATE_TX" : 1.9229999999999988E-4,
              "DATARATE_RX" : 9.614999999999994E-5
            }
          },
          "(clientPoolJ, nodeC_c05, nodeC_c05)" : {
            "AppCoordinates {com.bbn, test-service3, 1}" : {
              "DATARATE_TX" : 8.560555555555561E-5,
              "DATARATE_RX" : 4.2802777777777806E-5
            }
          }
        }
      }
    },
    "nodeC_c06" : {
      "containerName" : {
        "name" : "nodeC_c06"
      },
      "timestamp" : 244987,
      "service" : {
        "group" : "com.bbn",
        "artifact" : "test-service2",
        "version" : "1"
      },
      "serviceStatus" : "RUNNING",
      "demandEstimationWindow" : "LONG",
      "computeCapacity" : {
        "CPU" : 1.0,
        "TASK_CONTAINERS" : 100.0,
        "QueueLength" : 1000000.0
      },
      "computeLoad" : {
        "UNKNOWN" : {
          "QueueLength" : 200.0,
          "TASK_CONTAINERS" : 100.0
        }
      },
      "computeDemand" : {
        "UNKNOWN" : {
          "QueueLength" : 137.86426592797784,
          "TASK_CONTAINERS" : 68.93213296398892
        }
      },
      "averageProcessingTime" : 120000.0,
      "networkCapacity" : {
        "interface-nodeC ( nodeC )" : {
          "DATARATE_TX" : 100.0,
          "DATARATE_RX" : 100.0
        }
      },
      "networkLoad" : {
        "interface-nodeC ( nodeC )" : {
          "(clientPoolB, nodeC_c06, nodeC_c06)" : {
            "AppCoordinates {com.bbn, test-service2, 1}" : {
              "DATARATE_TX" : 7.660000000000056E-4,
              "DATARATE_RX" : 3.830000000000028E-4
            }
          },
          "(clientPoolO, nodeC_c06, nodeC_c06)" : {
            "AppCoordinates {com.bbn, test-service2, 1}" : {
              "DATARATE_TX" : 7.540000000000053E-4,
              "DATARATE_RX" : 3.7700000000000266E-4
            }
          },
          "(clientPoolJ, nodeC_c06, nodeC_c06)" : {
            "AppCoordinates {com.bbn, test-service2, 1}" : {
              "DATARATE_TX" : 7.620000000000055E-4,
              "DATARATE_RX" : 3.8100000000000276E-4
            }
          }
        }
      },
      "networkDemand" : {
        "interface-nodeC ( nodeC )" : {
          "(clientPoolB, nodeC_c06, nodeC_c06)" : {
            "AppCoordinates {com.bbn, test-service2, 1}" : {
              "DATARATE_TX" : 3.623888888888885E-4,
              "DATARATE_RX" : 1.8119444444444425E-4
            }
          },
          "(clientPoolO, nodeC_c06, nodeC_c06)" : {
            "AppCoordinates {com.bbn, test-service2, 1}" : {
              "DATARATE_TX" : 3.4887777777777745E-4,
              "DATARATE_RX" : 1.7443888888888872E-4
            }
          },
          "(clientPoolJ, nodeC_c06, nodeC_c06)" : {
            "AppCoordinates {com.bbn, test-service2, 1}" : {
              "DATARATE_TX" : 2.876555555555557E-4,
              "DATARATE_RX" : 1.4382777777777786E-4
            }
          }
        }
      }
    },
    "nodeC_c03" : {
      "containerName" : {
        "name" : "nodeC_c03"
      },
      "timestamp" : 244993,
      "service" : {
        "group" : "com.bbn",
        "artifact" : "test-service3",
        "version" : "1"
      },
      "serviceStatus" : "RUNNING",
      "demandEstimationWindow" : "LONG",
      "computeCapacity" : {
        "CPU" : 1.0,
        "TASK_CONTAINERS" : 100.0,
        "QueueLength" : 1000000.0
      },
      "computeLoad" : {
        "UNKNOWN" : {
          "QueueLength" : 0.0
        }
      },
      "computeDemand" : {
        "UNKNOWN" : {
          "QueueLength" : 0.0
        }
      },
      "averageProcessingTime" : "NaN",
      "networkCapacity" : {
        "interface-nodeC ( nodeC )" : {
          "DATARATE_TX" : 100.0,
          "DATARATE_RX" : 100.0
        }
      },
      "networkLoad" : {
        "interface-nodeC ( nodeC )" : { }
      },
      "networkDemand" : {
        "interface-nodeC ( nodeC )" : { }
      }
    },
    "nodeC_c04" : {
      "containerName" : {
        "name" : "nodeC_c04"
      },
      "timestamp" : 244993,
      "service" : {
        "group" : "com.bbn",
        "artifact" : "test-service1",
        "version" : "1"
      },
      "serviceStatus" : "RUNNING",
      "demandEstimationWindow" : "LONG",
      "computeCapacity" : {
        "CPU" : 1.0,
        "TASK_CONTAINERS" : 100.0,
        "QueueLength" : 1000000.0
      },
      "computeLoad" : {
        "UNKNOWN" : {
          "QueueLength" : 0.0
        }
      },
      "computeDemand" : {
        "UNKNOWN" : {
          "QueueLength" : 0.0
        }
      },
      "averageProcessingTime" : "NaN",
      "networkCapacity" : {
        "interface-nodeC ( nodeC )" : {
          "DATARATE_TX" : 100.0,
          "DATARATE_RX" : 100.0
        }
      },
      "networkLoad" : {
        "interface-nodeC ( nodeC )" : { }
      },
      "networkDemand" : {
        "interface-nodeC ( nodeC )" : { }
      }
    },
    "nodeC_c07" : {
      "containerName" : {
        "name" : "nodeC_c07"
      },
      "timestamp" : 244993,
      "service" : {
        "group" : "com.bbn",
        "artifact" : "test-service1",
        "version" : "1"
      },
      "serviceStatus" : "RUNNING",
      "demandEstimationWindow" : "LONG",
      "computeCapacity" : {
        "CPU" : 1.0,
        "TASK_CONTAINERS" : 100.0,
        "QueueLength" : 1000000.0
      },
      "computeLoad" : {
        "UNKNOWN" : {
          "QueueLength" : 200.0,
          "TASK_CONTAINERS" : 100.0
        }
      },
      "computeDemand" : {
        "UNKNOWN" : {
          "QueueLength" : 113.85593220338983,
          "TASK_CONTAINERS" : 94.61267605633803
        }
      },
      "averageProcessingTime" : "NaN",
      "networkCapacity" : {
        "interface-nodeC ( nodeC )" : {
          "DATARATE_TX" : 100.0,
          "DATARATE_RX" : 100.0
        }
      },
      "networkLoad" : {
        "interface-nodeC ( nodeC )" : {
          "(clientPoolB, nodeC_c07, nodeC_c07)" : {
            "AppCoordinates {com.bbn, test-service1, 1}" : {
              "DATARATE_TX" : 4.039999999999991E-4,
              "DATARATE_RX" : 2.0199999999999954E-4
            }
          },
          "(clientPoolO, nodeC_c07, nodeC_c07)" : {
            "AppCoordinates {com.bbn, test-service1, 1}" : {
              "DATARATE_TX" : 3.7799999999999916E-4,
              "DATARATE_RX" : 1.8899999999999958E-4
            }
          },
          "(clientPoolJ, nodeC_c07, nodeC_c07)" : {
            "AppCoordinates {com.bbn, test-service1, 1}" : {
              "DATARATE_TX" : 4.1799999999999905E-4,
              "DATARATE_RX" : 2.0899999999999952E-4
            }
          }
        }
      },
      "networkDemand" : {
        "interface-nodeC ( nodeC )" : {
          "(clientPoolB, nodeC_c07, nodeC_c07)" : {
            "AppCoordinates {com.bbn, test-service1, 1}" : {
              "DATARATE_TX" : 3.4828571428571336E-4,
              "DATARATE_RX" : 1.7414285714285668E-4
            }
          },
          "(clientPoolO, nodeC_c07, nodeC_c07)" : {
            "AppCoordinates {com.bbn, test-service1, 1}" : {
              "DATARATE_TX" : 3.2811428571428525E-4,
              "DATARATE_RX" : 1.6405714285714262E-4
            }
          },
          "(clientPoolJ, nodeC_c07, nodeC_c07)" : {
            "AppCoordinates {com.bbn, test-service1, 1}" : {
              "DATARATE_TX" : 3.5977142857142753E-4,
              "DATARATE_RX" : 1.7988571428571376E-4
            }
          }
        }
      }
    }
  },
  "maximumServiceContainers" : 8,
  "allocatedServiceContainers" : 8,
  "computeDemand" : {
    "AppCoordinates {com.bbn, test-service3, 1}" : {
      "UNKNOWN" : {
        "QueueLength" : 397.6449027413198,
        "TASK_CONTAINERS" : 218.53269385807806
      }
    },
    "AppCoordinates {com.bbn, test-service2, 1}" : {
      "UNKNOWN" : {
        "QueueLength" : 137.86426592797784,
        "TASK_CONTAINERS" : 68.93213296398892
      }
    },
    "AppCoordinates {com.bbn, test-service1, 1}" : {
      "UNKNOWN" : {
        "QueueLength" : 113.85593220338983,
        "TASK_CONTAINERS" : 94.61267605633803
      }
    }
  },
  "containerNetworkLoad" : {
    "interface-nodeC ( nodeC )" : {
      "(clientPoolO, nodeC_c05, nodeC_c05)" : {
        "AppCoordinates {com.bbn, test-service3, 1}" : {
          "DATARATE_TX" : 1.7799999999999972E-4,
          "DATARATE_RX" : 8.899999999999986E-5
        }
      },
      "(clientPoolJ, nodeC_c00, nodeC_c00)" : {
        "AppCoordinates {com.bbn, test-service3, 1}" : {
          "DATARATE_TX" : 7.599999999999998E-5,
          "DATARATE_RX" : 3.799999999999999E-5
        }
      },
      "(clientPoolO, nodeC_c02, nodeC_c02)" : {
        "AppCoordinates {com.bbn, test-service3, 1}" : {
          "DATARATE_TX" : 2.1199999999999968E-4,
          "DATARATE_RX" : 1.0599999999999984E-4
        }
      },
      "(clientPoolO, nodeC_c07, nodeC_c07)" : {
        "AppCoordinates {com.bbn, test-service1, 1}" : {
          "DATARATE_TX" : 3.7799999999999916E-4,
          "DATARATE_RX" : 1.8899999999999958E-4
        }
      },
      "(clientPoolJ, nodeC_c02, nodeC_c02)" : {
        "AppCoordinates {com.bbn, test-service3, 1}" : {
          "DATARATE_TX" : 5.200000000000009E-5,
          "DATARATE_RX" : 2.6000000000000046E-5
        }
      },
      "(clientPoolO, nodeC_c06, nodeC_c06)" : {
        "AppCoordinates {com.bbn, test-service2, 1}" : {
          "DATARATE_TX" : 7.540000000000053E-4,
          "DATARATE_RX" : 3.7700000000000266E-4
        }
      },
      "(clientPoolJ, nodeC_c01, nodeC_c01)" : {
        "AppCoordinates {com.bbn, test-service3, 1}" : {
          "DATARATE_TX" : 1.6E-5,
          "DATARATE_RX" : 8.0E-6
        }
      },
      "(clientPoolB, nodeC_c00, nodeC_c00)" : {
        "AppCoordinates {com.bbn, test-service3, 1}" : {
          "DATARATE_TX" : 1.9399999999999965E-4,
          "DATARATE_RX" : 9.699999999999982E-5
        }
      },
      "(clientPoolJ, nodeC_c07, nodeC_c07)" : {
        "AppCoordinates {com.bbn, test-service1, 1}" : {
          "DATARATE_TX" : 4.1799999999999905E-4,
          "DATARATE_RX" : 2.0899999999999952E-4
        }
      },
      "(clientPoolJ, nodeC_c06, nodeC_c06)" : {
        "AppCoordinates {com.bbn, test-service2, 1}" : {
          "DATARATE_TX" : 7.620000000000055E-4,
          "DATARATE_RX" : 3.8100000000000276E-4
        }
      },
      "(clientPoolJ, nodeC_c05, nodeC_c05)" : {
        "AppCoordinates {com.bbn, test-service3, 1}" : {
          "DATARATE_TX" : 9.799999999999994E-5,
          "DATARATE_RX" : 4.899999999999997E-5
        }
      },
      "(clientPoolB, nodeC_c02, nodeC_c02)" : {
        "AppCoordinates {com.bbn, test-service3, 1}" : {
          "DATARATE_TX" : 2.079999999999997E-4,
          "DATARATE_RX" : 1.0399999999999984E-4
        }
      },
      "(clientPoolB, nodeC_c01, nodeC_c01)" : {
        "AppCoordinates {com.bbn, test-service3, 1}" : {
          "DATARATE_TX" : 8.399999999999995E-5,
          "DATARATE_RX" : 4.199999999999998E-5
        }
      },
      "(clientPoolB, nodeC_c07, nodeC_c07)" : {
        "AppCoordinates {com.bbn, test-service1, 1}" : {
          "DATARATE_TX" : 4.039999999999991E-4,
          "DATARATE_RX" : 2.0199999999999954E-4
        }
      },
      "(clientPoolB, nodeC_c06, nodeC_c06)" : {
        "AppCoordinates {com.bbn, test-service2, 1}" : {
          "DATARATE_TX" : 7.660000000000056E-4,
          "DATARATE_RX" : 3.830000000000028E-4
        }
      },
      "(clientPoolB, nodeC_c05, nodeC_c05)" : {
        "AppCoordinates {com.bbn, test-service3, 1}" : {
          "DATARATE_TX" : 1.9799999999999966E-4,
          "DATARATE_RX" : 9.899999999999983E-5
        }
      },
      "(clientPoolO, nodeC_c01, nodeC_c01)" : {
        "AppCoordinates {com.bbn, test-service3, 1}" : {
          "DATARATE_TX" : 7.199999999999999E-5,
          "DATARATE_RX" : 3.5999999999999994E-5
        }
      },
      "(clientPoolO, nodeC_c00, nodeC_c00)" : {
        "AppCoordinates {com.bbn, test-service3, 1}" : {
          "DATARATE_TX" : 2.2599999999999956E-4,
          "DATARATE_RX" : 1.1299999999999978E-4
        }
      }
    }
  },
  "containerNetworkDemand" : {
    "interface-nodeC ( nodeC )" : {
      "(clientPoolO, nodeC_c05, nodeC_c05)" : {
        "AppCoordinates {com.bbn, test-service3, 1}" : {
          "DATARATE_TX" : 1.8731111111111085E-4,
          "DATARATE_RX" : 9.365555555555543E-5
        }
      },
      "(clientPoolJ, nodeC_c00, nodeC_c00)" : {
        "AppCoordinates {com.bbn, test-service3, 1}" : {
          "DATARATE_TX" : 4.793103448275862E-5,
          "DATARATE_RX" : 2.396551724137931E-5
        }
      },
      "(clientPoolO, nodeC_c02, nodeC_c02)" : {
        "AppCoordinates {com.bbn, test-service3, 1}" : {
          "DATARATE_TX" : 2.378891966759002E-4,
          "DATARATE_RX" : 1.189445983379501E-4
        }
      },
      "(clientPoolO, nodeC_c07, nodeC_c07)" : {
        "AppCoordinates {com.bbn, test-service1, 1}" : {
          "DATARATE_TX" : 3.2811428571428525E-4,
          "DATARATE_RX" : 1.6405714285714262E-4
        }
      },
      "(clientPoolJ, nodeC_c02, nodeC_c02)" : {
        "AppCoordinates {com.bbn, test-service3, 1}" : {
          "DATARATE_TX" : 1.6410526315789448E-4,
          "DATARATE_RX" : 8.205263157894724E-5
        }
      },
      "(clientPoolO, nodeC_c06, nodeC_c06)" : {
        "AppCoordinates {com.bbn, test-service2, 1}" : {
          "DATARATE_TX" : 3.4887777777777745E-4,
          "DATARATE_RX" : 1.7443888888888872E-4
        }
      },
      "(clientPoolJ, nodeC_c01, nodeC_c01)" : {
        "AppCoordinates {com.bbn, test-service3, 1}" : {
          "DATARATE_TX" : 1.4833333333333334E-5,
          "DATARATE_RX" : 7.416666666666667E-6
        }
      },
      "(clientPoolB, nodeC_c00, nodeC_c00)" : {
        "AppCoordinates {com.bbn, test-service3, 1}" : {
          "DATARATE_TX" : 1.138720930232555E-4,
          "DATARATE_RX" : 5.693604651162775E-5
        }
      },
      "(clientPoolJ, nodeC_c07, nodeC_c07)" : {
        "AppCoordinates {com.bbn, test-service1, 1}" : {
          "DATARATE_TX" : 3.5977142857142753E-4,
          "DATARATE_RX" : 1.7988571428571376E-4
        }
      },
      "(clientPoolJ, nodeC_c06, nodeC_c06)" : {
        "AppCoordinates {com.bbn, test-service2, 1}" : {
          "DATARATE_TX" : 2.876555555555557E-4,
          "DATARATE_RX" : 1.4382777777777786E-4
        }
      },
      "(clientPoolJ, nodeC_c05, nodeC_c05)" : {
        "AppCoordinates {com.bbn, test-service3, 1}" : {
          "DATARATE_TX" : 8.560555555555561E-5,
          "DATARATE_RX" : 4.2802777777777806E-5
        }
      },
      "(clientPoolB, nodeC_c02, nodeC_c02)" : {
        "AppCoordinates {com.bbn, test-service3, 1}" : {
          "DATARATE_TX" : 2.443601108033238E-4,
          "DATARATE_RX" : 1.221800554016619E-4
        }
      },
      "(clientPoolB, nodeC_c01, nodeC_c01)" : {
        "AppCoordinates {com.bbn, test-service3, 1}" : {
          "DATARATE_TX" : 7.246153846153844E-5,
          "DATARATE_RX" : 3.623076923076922E-5
        }
      },
      "(clientPoolB, nodeC_c07, nodeC_c07)" : {
        "AppCoordinates {com.bbn, test-service1, 1}" : {
          "DATARATE_TX" : 3.4828571428571336E-4,
          "DATARATE_RX" : 1.7414285714285668E-4
        }
      },
      "(clientPoolB, nodeC_c06, nodeC_c06)" : {
        "AppCoordinates {com.bbn, test-service2, 1}" : {
          "DATARATE_TX" : 3.623888888888885E-4,
          "DATARATE_RX" : 1.8119444444444425E-4
        }
      },
      "(clientPoolB, nodeC_c05, nodeC_c05)" : {
        "AppCoordinates {com.bbn, test-service3, 1}" : {
          "DATARATE_TX" : 1.9229999999999988E-4,
          "DATARATE_RX" : 9.614999999999994E-5
        }
      },
      "(clientPoolO, nodeC_c01, nodeC_c01)" : {
        "AppCoordinates {com.bbn, test-service3, 1}" : {
          "DATARATE_TX" : 6.307692307692308E-5,
          "DATARATE_RX" : 3.153846153846154E-5
        }
      },
      "(clientPoolO, nodeC_c00, nodeC_c00)" : {
        "AppCoordinates {com.bbn, test-service3, 1}" : {
          "DATARATE_TX" : 9.98488372093022E-5,
          "DATARATE_RX" : 4.99244186046511E-5
        }
      }
    }
  },
  "computeLoad" : {
    "AppCoordinates {com.bbn, test-service3, 1}" : {
      "UNKNOWN" : {
        "QueueLength" : 686.0,
        "TASK_CONTAINERS" : 343.0
      }
    },
    "AppCoordinates {com.bbn, test-service2, 1}" : {
      "UNKNOWN" : {
        "QueueLength" : 200.0,
        "TASK_CONTAINERS" : 100.0
      }
    },
    "AppCoordinates {com.bbn, test-service1, 1}" : {
      "UNKNOWN" : {
        "QueueLength" : 200.0,
        "TASK_CONTAINERS" : 100.0
      }
    }
  },
  "allocatedComputeCapacity" : {
    "CPU" : 8.0,
    "QueueLength" : 8000000.0,
    "TASK_CONTAINERS" : 800.0
  },
  "availableServiceContainers" : 0,
  "averageProcessingTime" : {
    "AppCoordinates {com.bbn, test-service3, 1}" : 120000.0,
    "AppCoordinates {com.bbn, test-service2, 1}" : 120000.0
  }
}