{
  "AppCoordinates {com.bbn, test-service3, 1}" : {
    "serverDemand" : {
      "B" : {
        "QueueLength" : 172.8188020305858,
        "TASK_CONTAINERS" : 94.97558775860408
      },
      "J" : {
        "QueueLength" : 282.77593130057886,
        "TASK_CONTAINERS" : 174.01924766467658
      },
      "O" : {
        "QueueLength" : 166.0528332310161,
        "TASK_CONTAINERS" : 91.25723156156378
      }
    }
  },
  "AppCoordinates {com.bbn, test-service2, 1}" : {
    "serverDemand" : {
      "B" : {
        "QueueLength" : 45.23335032915563,
        "TASK_CONTAINERS" : 22.616675164577813
      },
      "J" : {
        "QueueLength" : 44.7918839898566,
        "TASK_CONTAINERS" : 22.3959419949283
      },
      "O" : {
        "QueueLength" : 47.839031608965605,
        "TASK_CONTAINERS" : 23.919515804482803
      }
    }
  },
  "AppCoordinates {com.bbn, test-service1, 1}" : {
    "serverDemand" : {
      "B" : {
        "QueueLength" : 37.98862408067757,
        "TASK_CONTAINERS" : 31.568011559999675
      },
      "J" : {
        "QueueLength" : 37.185118325487366,
        "TASK_CONTAINERS" : 30.900309594419078
      },
      "O" : {
        "QueueLength" : 38.6821897972249,
        "TASK_CONTAINERS" : 32.144354901919286
      }
    }
  }
}