{
  "nodeName" : {
    "name" : "nodeC"
  },
  "timestamp" : 256488,
  "demandEstimationWindow" : "LONG",
  "nodeComputeCapacity" : {
    "CPU" : 4.0,
    "MEMORY" : 8.0E9,
    "DISK" : 10.0,
    "TASK_CONTAINERS" : 20.0
  },
  "networkCapacity" : {
    "interface-nodeD ( nodeD )" : {
      "DATARATE_RX" : 100.0,
      "DATARATE_TX" : 100.0
    },
    "interface-nodeE ( nodeE )" : {
      "DATARATE_RX" : 100.0,
      "DATARATE_TX" : 100.0
    },
    "interface-nodeI ( nodeI )" : {
      "DATARATE_RX" : 100.0,
      "DATARATE_TX" : 100.0
    },
    "interface-nodeF ( nodeF )" : {
      "DATARATE_RX" : 100.0,
      "DATARATE_TX" : 100.0
    },
    "interface-nodeG ( nodeG )" : {
      "DATARATE_RX" : 100.0,
      "DATARATE_TX" : 100.0
    },
    "interface-nodeL ( nodeL )" : {
      "DATARATE_RX" : 100.0,
      "DATARATE_TX" : 100.0
    },
    "interface-nodeJ ( nodeJ )" : {
      "DATARATE_RX" : 100.0,
      "DATARATE_TX" : 100.0
    },
    "interface-nodeO ( nodeO )" : {
      "DATARATE_RX" : 100.0,
      "DATARATE_TX" : 100.0
    }
  },
  "networkLoad" : {
    "interface-nodeD ( nodeD )" : {
      "(clientPoolC, nodeD_c00, nodeD_c00)" : {
        "AppCoordinates {com.bbn, test-service3, 1}" : {
          "DATARATE_TX" : 1.039999999999999E-4,
          "DATARATE_RX" : 5.199999999999995E-5
        }
      },
      "(clientPoolC, nodeD_c01, nodeD_c01)" : {
        "AppCoordinates {com.bbn, test-service2, 1}" : {
          "DATARATE_TX" : 6.8E-5,
          "DATARATE_RX" : 3.4E-5
        }
      }
    },
    "interface-nodeE ( nodeE )" : {
      "(clientPoolC, nodeE_c01, nodeE_c01)" : {
        "AppCoordinates {com.bbn, test-service3, 1}" : {
          "DATARATE_TX" : 6.200000000000002E-5,
          "DATARATE_RX" : 3.100000000000001E-5
        }
      },
      "(clientPoolC, nodeE_c00, nodeE_c00)" : {
        "AppCoordinates {com.bbn, test-service2, 1}" : {
          "DATARATE_TX" : -7.623296525288703E-21,
          "DATARATE_RX" : -3.8116482626443515E-21
        }
      }
    },
    "interface-nodeI ( nodeI )" : {
      "(clientPoolC, nodeK_c01, nodeK_c01)" : {
        "AppCoordinates {com.bbn, test-service2, 1}" : {
          "DATARATE_TX" : 2.4000000000000004E-5,
          "DATARATE_RX" : 1.2000000000000002E-5
        }
      },
      "(clientPoolC, nodeK_c00, nodeK_c00)" : {
        "AppCoordinates {com.bbn, test-service1, 1}" : {
          "DATARATE_TX" : 2.2E-5,
          "DATARATE_RX" : 1.1E-5
        }
      },
      "(clientPoolC, nodeM_c00, nodeM_c00)" : {
        "AppCoordinates {com.bbn, test-service3, 1}" : {
          "DATARATE_TX" : 5.0000000000000016E-5,
          "DATARATE_RX" : 2.5000000000000008E-5
        }
      },
      "(clientPoolC, nodeM_c01, nodeM_c01)" : {
        "AppCoordinates {com.bbn, test-service2, 1}" : {
          "DATARATE_TX" : 2.8000000000000006E-5,
          "DATARATE_RX" : 1.4000000000000003E-5
        }
      },
      "(clientPoolC, nodeI_c01, nodeI_c01)" : {
        "AppCoordinates {com.bbn, test-service2, 1}" : {
          "DATARATE_TX" : 2.6000000000000005E-5,
          "DATARATE_RX" : 1.3000000000000003E-5
        }
      },
      "(clientPoolC, nodeI_c00, nodeI_c00)" : {
        "AppCoordinates {com.bbn, test-service3, 1}" : {
          "DATARATE_TX" : 5.600000000000002E-5,
          "DATARATE_RX" : 2.800000000000001E-5
        }
      },
      "(clientPoolC, nodeK_c02, nodeK_c02)" : {
        "AppCoordinates {com.bbn, test-service3, 1}" : {
          "DATARATE_TX" : 5.200000000000002E-5,
          "DATARATE_RX" : 2.600000000000001E-5
        }
      }
    },
    "interface-nodeF ( nodeF )" : {
      "(clientPoolC, nodeF_c00, nodeF_c00)" : {
        "AppCoordinates {com.bbn, test-service2, 1}" : {
          "DATARATE_TX" : -7.623296525288703E-21,
          "DATARATE_RX" : -3.8116482626443515E-21
        }
      },
      "(clientPoolC, nodeF_c01, nodeF_c01)" : {
        "AppCoordinates {com.bbn, test-service3, 1}" : {
          "DATARATE_TX" : 4.800000000000001E-5,
          "DATARATE_RX" : 2.4000000000000004E-5
        }
      },
      "(clientPoolC, nodeN_c01, nodeN_c01)" : {
        "AppCoordinates {com.bbn, test-service2, 1}" : {
          "DATARATE_TX" : 8.470329472543003E-22,
          "DATARATE_RX" : 4.2351647362715017E-22
        }
      },
      "(clientPoolC, nodeN_c00, nodeN_c00)" : {
        "AppCoordinates {com.bbn, test-service3, 1}" : {
          "DATARATE_TX" : 2.0E-6,
          "DATARATE_RX" : 1.0E-6
        }
      }
    },
    "interface-nodeG ( nodeG )" : {
      "(clientPoolC, nodeG_c01, nodeG_c01)" : {
        "AppCoordinates {com.bbn, test-service2, 1}" : {
          "DATARATE_TX" : 2.541098841762901E-21,
          "DATARATE_RX" : 1.2705494208814505E-21
        }
      },
      "(clientPoolC, nodeG_c00, nodeG_c00)" : {
        "AppCoordinates {com.bbn, test-service3, 1}" : {
          "DATARATE_TX" : 0.0,
          "DATARATE_RX" : 0.0
        }
      },
      "(clientPoolC, nodeG_c04, nodeG_c04)" : {
        "AppCoordinates {com.bbn, test-service3, 1}" : {
          "DATARATE_TX" : 2.0E-5,
          "DATARATE_RX" : 1.0E-5
        }
      },
      "(clientPoolC, nodeG_c03, nodeG_c03)" : {
        "AppCoordinates {com.bbn, test-service3, 1}" : {
          "DATARATE_TX" : 0.0,
          "DATARATE_RX" : 0.0
        }
      }
    },
    "interface-nodeL ( nodeL )" : {
      "(clientPoolC, nodeL_c00, nodeL_c00)" : {
        "AppCoordinates {com.bbn, test-service3, 1}" : {
          "DATARATE_TX" : 4.000000000000001E-5,
          "DATARATE_RX" : 2.0000000000000005E-5
        }
      },
      "(clientPoolC, nodeL_c01, nodeL_c01)" : {
        "AppCoordinates {com.bbn, test-service2, 1}" : {
          "DATARATE_TX" : 3.600000000000001E-5,
          "DATARATE_RX" : 1.8000000000000004E-5
        }
      }
    },
    "interface-nodeJ ( nodeJ )" : {
      "(clientPoolC, nodeJ_c03, nodeJ_c03)" : {
        "AppCoordinates {com.bbn, test-service2, 1}" : {
          "DATARATE_TX" : 6.0E-6,
          "DATARATE_RX" : 3.0E-6
        }
      },
      "(clientPoolC, nodeB_c07, nodeB_c07)" : {
        "AppCoordinates {com.bbn, test-service2, 1}" : {
          "DATARATE_TX" : 1.1199999999999988E-4,
          "DATARATE_RX" : 5.599999999999994E-5
        }
      },
      "(clientPoolC, nodeJ_c02, nodeJ_c02)" : {
        "AppCoordinates {com.bbn, test-service3, 1}" : {
          "DATARATE_TX" : 2.0E-5,
          "DATARATE_RX" : 1.0E-5
        }
      },
      "(clientPoolC, nodeH_c00, nodeH_c00)" : {
        "AppCoordinates {com.bbn, test-service3, 1}" : {
          "DATARATE_TX" : 6.0E-6,
          "DATARATE_RX" : 3.0E-6
        }
      },
      "(clientPoolC, nodeB_c04, nodeB_c04)" : {
        "AppCoordinates {com.bbn, test-service1, 1}" : {
          "DATARATE_TX" : -7.623296525288703E-21,
          "DATARATE_RX" : -3.8116482626443515E-21
        }
      },
      "(clientPoolC, nodeB_c03, nodeB_c03)" : {
        "AppCoordinates {com.bbn, test-service1, 1}" : {
          "DATARATE_TX" : -7.623296525288703E-21,
          "DATARATE_RX" : -3.8116482626443515E-21
        }
      },
      "(clientPoolC, nodeB_c06, nodeB_c06)" : {
        "AppCoordinates {com.bbn, test-service2, 1}" : {
          "DATARATE_TX" : 8.599999999999995E-5,
          "DATARATE_RX" : 4.2999999999999975E-5
        }
      },
      "(clientPoolC, nodeB_c05, nodeB_c05)" : {
        "AppCoordinates {com.bbn, test-service3, 1}" : {
          "DATARATE_TX" : 1.1399999999999987E-4,
          "DATARATE_RX" : 5.6999999999999935E-5
        },
        "AppCoordinates {com.bbn, test-service1, 1}" : {
          "DATARATE_TX" : -7.623296525288703E-21,
          "DATARATE_RX" : -3.8116482626443515E-21
        }
      },
      "(clientPoolC, nodeB_c00, nodeB_c00)" : {
        "AppCoordinates {com.bbn, test-service3, 1}" : {
          "DATARATE_TX" : 8.399999999999995E-5,
          "DATARATE_RX" : 4.199999999999998E-5
        },
        "AppCoordinates {com.bbn, test-service1, 1}" : {
          "DATARATE_TX" : -7.623296525288703E-21,
          "DATARATE_RX" : -3.8116482626443515E-21
        }
      },
      "(clientPoolC, nodeA_c01, nodeA_c01)" : {
        "AppCoordinates {com.bbn, test-service3, 1}" : {
          "DATARATE_TX" : 4.0E-6,
          "DATARATE_RX" : 2.0E-6
        }
      },
      "(clientPoolC, nodeB_c02, nodeB_c02)" : {
        "AppCoordinates {com.bbn, test-service3, 1}" : {
          "DATARATE_TX" : -7.623296525288703E-21,
          "DATARATE_RX" : -3.8116482626443515E-21
        },
        "AppCoordinates {com.bbn, test-service2, 1}" : {
          "DATARATE_TX" : 1.0599999999999989E-4,
          "DATARATE_RX" : 5.2999999999999947E-5
        }
      },
      "(clientPoolC, nodeB_c01, nodeB_c01)" : {
        "AppCoordinates {com.bbn, test-service3, 1}" : {
          "DATARATE_TX" : -7.623296525288703E-21,
          "DATARATE_RX" : -3.8116482626443515E-21
        },
        "AppCoordinates {com.bbn, test-service2, 1}" : {
          "DATARATE_TX" : 1.039999999999999E-4,
          "DATARATE_RX" : 5.199999999999995E-5
        }
      }
    },
    "interface-nodeO ( nodeO )" : {
      "(clientPoolC, nodeO_c02, nodeO_c02)" : {
        "AppCoordinates {com.bbn, test-service2, 1}" : {
          "DATARATE_TX" : 8.470329472543003E-22,
          "DATARATE_RX" : 4.2351647362715017E-22
        }
      },
      "(clientPoolC, nodeO_c03, nodeO_c03)" : {
        "AppCoordinates {com.bbn, test-service3, 1}" : {
          "DATARATE_TX" : 8.470329472543003E-22,
          "DATARATE_RX" : 4.2351647362715017E-22
        }
      },
      "(clientPoolC, nodeO_c00, nodeO_c00)" : {
        "AppCoordinates {com.bbn, test-service3, 1}" : {
          "DATARATE_TX" : 4.6000000000000034E-5,
          "DATARATE_RX" : 2.3000000000000017E-5
        }
      },
      "(clientPoolC, nodeO_c01, nodeO_c01)" : {
        "AppCoordinates {com.bbn, test-service2, 1}" : {
          "DATARATE_TX" : -7.623296525288703E-21,
          "DATARATE_RX" : -3.8116482626443515E-21
        }
      }
    }
  },
  "networkDemand" : {
    "interface-nodeE ( nodeE )" : {
      "(clientPoolC, nodeE_c01, nodeE_c01)" : {
        "AppCoordinates {com.bbn, test-service3, 1}" : {
          "DATARATE_TX" : 5.8885057471264506E-5,
          "DATARATE_RX" : 2.9442528735632253E-5
        }
      },
      "(clientPoolC, nodeE_c00, nodeE_c00)" : {
        "AppCoordinates {com.bbn, test-service2, 1}" : {
          "DATARATE_TX" : 7.91700680272108E-5,
          "DATARATE_RX" : 3.95850340136054E-5
        }
      }
    },
    "interface-nodeD ( nodeD )" : {
      "(clientPoolC, nodeD_c00, nodeD_c00)" : {
        "AppCoordinates {com.bbn, test-service3, 1}" : {
          "DATARATE_TX" : 8.182222222222214E-5,
          "DATARATE_RX" : 4.091111111111107E-5
        }
      },
      "(clientPoolC, nodeD_c01, nodeD_c01)" : {
        "AppCoordinates {com.bbn, test-service2, 1}" : {
          "DATARATE_TX" : 6.150724637681159E-5,
          "DATARATE_RX" : 3.0753623188405795E-5
        }
      }
    },
    "interface-nodeO ( nodeO )" : {
      "(clientPoolC, nodeO_c02, nodeO_c02)" : {
        "AppCoordinates {com.bbn, test-service2, 1}" : {
          "DATARATE_TX" : 8.739583333333311E-6,
          "DATARATE_RX" : 4.369791666666656E-6
        }
      },
      "(clientPoolC, nodeO_c03, nodeO_c03)" : {
        "AppCoordinates {com.bbn, test-service3, 1}" : {
          "DATARATE_TX" : 5.818181818181807E-6,
          "DATARATE_RX" : 2.9090909090909033E-6
        }
      },
      "(clientPoolC, nodeO_c00, nodeO_c00)" : {
        "AppCoordinates {com.bbn, test-service3, 1}" : {
          "DATARATE_TX" : 1.6157857142857091E-4,
          "DATARATE_RX" : 8.078928571428546E-5
        }
      },
      "(clientPoolC, nodeO_c01, nodeO_c01)" : {
        "AppCoordinates {com.bbn, test-service2, 1}" : {
          "DATARATE_TX" : 5.7136054421768615E-5,
          "DATARATE_RX" : 2.8568027210884308E-5
        }
      }
    },
    "interface-nodeL ( nodeL )" : {
      "(clientPoolC, nodeL_c00, nodeL_c00)" : {
        "AppCoordinates {com.bbn, test-service3, 1}" : {
          "DATARATE_TX" : 3.0217391304347844E-5,
          "DATARATE_RX" : 1.5108695652173922E-5
        }
      },
      "(clientPoolC, nodeL_c01, nodeL_c01)" : {
        "AppCoordinates {com.bbn, test-service2, 1}" : {
          "DATARATE_TX" : 3.234782608695654E-5,
          "DATARATE_RX" : 1.617391304347827E-5
        }
      }
    },
    "interface-nodeJ ( nodeJ )" : {
      "(clientPoolC, nodeJ_c03, nodeJ_c03)" : {
        "AppCoordinates {com.bbn, test-service2, 1}" : {
          "DATARATE_TX" : 5.671641791044771E-6,
          "DATARATE_RX" : 2.8358208955223857E-6
        }
      },
      "(clientPoolC, nodeB_c07, nodeB_c07)" : {
        "AppCoordinates {com.bbn, test-service2, 1}" : {
          "DATARATE_TX" : 7.874675324675319E-5,
          "DATARATE_RX" : 3.9373376623376594E-5
        }
      },
      "(clientPoolC, nodeH_c00, nodeH_c00)" : {
        "AppCoordinates {com.bbn, test-service3, 1}" : {
          "DATARATE_TX" : 4.727272727272723E-6,
          "DATARATE_RX" : 2.3636363636363615E-6
        }
      },
      "(clientPoolC, nodeJ_c02, nodeJ_c02)" : {
        "AppCoordinates {com.bbn, test-service3, 1}" : {
          "DATARATE_TX" : 1.6136363636363638E-5,
          "DATARATE_RX" : 8.068181818181819E-6
        }
      },
      "(clientPoolC, nodeB_c04, nodeB_c04)" : {
        "AppCoordinates {com.bbn, test-service1, 1}" : {
          "DATARATE_TX" : 5.1567867036011024E-5,
          "DATARATE_RX" : 2.5783933518005512E-5
        }
      },
      "(clientPoolC, nodeB_c03, nodeB_c03)" : {
        "AppCoordinates {com.bbn, test-service1, 1}" : {
          "DATARATE_TX" : 1.000498614958445E-4,
          "DATARATE_RX" : 5.002493074792225E-5
        }
      },
      "(clientPoolC, nodeB_c06, nodeB_c06)" : {
        "AppCoordinates {com.bbn, test-service2, 1}" : {
          "DATARATE_TX" : 7.712465373961195E-5,
          "DATARATE_RX" : 3.8562326869805976E-5
        }
      },
      "(clientPoolC, nodeB_c05, nodeB_c05)" : {
        "AppCoordinates {com.bbn, test-service3, 1}" : {
          "DATARATE_TX" : 4.340571428571423E-5,
          "DATARATE_RX" : 2.1702857142857115E-5
        },
        "AppCoordinates {com.bbn, test-service1, 1}" : {
          "DATARATE_TX" : 1.2831024930747906E-5,
          "DATARATE_RX" : 6.415512465373953E-6
        }
      },
      "(clientPoolC, nodeB_c00, nodeB_c00)" : {
        "AppCoordinates {com.bbn, test-service3, 1}" : {
          "DATARATE_TX" : 5.973913043478256E-5,
          "DATARATE_RX" : 2.986956521739128E-5
        },
        "AppCoordinates {com.bbn, test-service1, 1}" : {
          "DATARATE_TX" : 5.6969529085872386E-5,
          "DATARATE_RX" : 2.8484764542936193E-5
        }
      },
      "(clientPoolC, nodeA_c01, nodeA_c01)" : {
        "AppCoordinates {com.bbn, test-service3, 1}" : {
          "DATARATE_TX" : 3.7209302325581378E-6,
          "DATARATE_RX" : 1.8604651162790689E-6
        }
      },
      "(clientPoolC, nodeB_c02, nodeB_c02)" : {
        "AppCoordinates {com.bbn, test-service3, 1}" : {
          "DATARATE_TX" : 3.0049861495844853E-5,
          "DATARATE_RX" : 1.5024930747922426E-5
        },
        "AppCoordinates {com.bbn, test-service2, 1}" : {
          "DATARATE_TX" : 1.0287323943661935E-4,
          "DATARATE_RX" : 5.1436619718309676E-5
        }
      },
      "(clientPoolC, nodeB_c01, nodeB_c01)" : {
        "AppCoordinates {com.bbn, test-service3, 1}" : {
          "DATARATE_TX" : 4.0199445983379485E-5,
          "DATARATE_RX" : 2.0099722991689742E-5
        },
        "AppCoordinates {com.bbn, test-service2, 1}" : {
          "DATARATE_TX" : 6.326869806094175E-5,
          "DATARATE_RX" : 3.1634349030470876E-5
        }
      }
    },
    "interface-nodeI ( nodeI )" : {
      "(clientPoolC, nodeK_c01, nodeK_c01)" : {
        "AppCoordinates {com.bbn, test-service2, 1}" : {
          "DATARATE_TX" : 2.2606060606060592E-5,
          "DATARATE_RX" : 1.1303030303030296E-5
        }
      },
      "(clientPoolC, nodeK_c00, nodeK_c00)" : {
        "AppCoordinates {com.bbn, test-service1, 1}" : {
          "DATARATE_TX" : 2.455214723926378E-5,
          "DATARATE_RX" : 1.227607361963189E-5
        }
      },
      "(clientPoolC, nodeM_c00, nodeM_c00)" : {
        "AppCoordinates {com.bbn, test-service3, 1}" : {
          "DATARATE_TX" : 3.7999999999999995E-5,
          "DATARATE_RX" : 1.8999999999999998E-5
        }
      },
      "(clientPoolC, nodeM_c01, nodeM_c01)" : {
        "AppCoordinates {com.bbn, test-service2, 1}" : {
          "DATARATE_TX" : 2.5411764705882372E-5,
          "DATARATE_RX" : 1.2705882352941186E-5
        }
      },
      "(clientPoolC, nodeI_c01, nodeI_c01)" : {
        "AppCoordinates {com.bbn, test-service2, 1}" : {
          "DATARATE_TX" : 2.3710144927536225E-5,
          "DATARATE_RX" : 1.1855072463768112E-5
        }
      },
      "(clientPoolC, nodeK_c02, nodeK_c02)" : {
        "AppCoordinates {com.bbn, test-service3, 1}" : {
          "DATARATE_TX" : 3.904347826086955E-5,
          "DATARATE_RX" : 1.9521739130434776E-5
        }
      },
      "(clientPoolC, nodeI_c00, nodeI_c00)" : {
        "AppCoordinates {com.bbn, test-service3, 1}" : {
          "DATARATE_TX" : 4.2826086956521756E-5,
          "DATARATE_RX" : 2.1413043478260878E-5
        }
      }
    },
    "interface-nodeG ( nodeG )" : {
      "(clientPoolC, nodeG_c01, nodeG_c01)" : {
        "AppCoordinates {com.bbn, test-service2, 1}" : {
          "DATARATE_TX" : 6.575342465753425E-6,
          "DATARATE_RX" : 3.2876712328767127E-6
        }
      },
      "(clientPoolC, nodeG_c00, nodeG_c00)" : {
        "AppCoordinates {com.bbn, test-service3, 1}" : {
          "DATARATE_TX" : 0.0,
          "DATARATE_RX" : 0.0
        }
      },
      "(clientPoolC, nodeG_c04, nodeG_c04)" : {
        "AppCoordinates {com.bbn, test-service3, 1}" : {
          "DATARATE_TX" : 5.564705882352961E-6,
          "DATARATE_RX" : 2.7823529411764807E-6
        }
      },
      "(clientPoolC, nodeG_c03, nodeG_c03)" : {
        "AppCoordinates {com.bbn, test-service3, 1}" : {
          "DATARATE_TX" : 1.4035087719298217E-6,
          "DATARATE_RX" : 7.017543859649108E-7
        }
      }
    },
    "interface-nodeF ( nodeF )" : {
      "(clientPoolC, nodeF_c00, nodeF_c00)" : {
        "AppCoordinates {com.bbn, test-service2, 1}" : {
          "DATARATE_TX" : 7.754421768707486E-5,
          "DATARATE_RX" : 3.877210884353743E-5
        }
      },
      "(clientPoolC, nodeF_c01, nodeF_c01)" : {
        "AppCoordinates {com.bbn, test-service3, 1}" : {
          "DATARATE_TX" : 5.8724137931034353E-5,
          "DATARATE_RX" : 2.9362068965517177E-5
        }
      },
      "(clientPoolC, nodeN_c01, nodeN_c01)" : {
        "AppCoordinates {com.bbn, test-service2, 1}" : {
          "DATARATE_TX" : 5.813148788927333E-6,
          "DATARATE_RX" : 2.9065743944636666E-6
        }
      },
      "(clientPoolC, nodeN_c00, nodeN_c00)" : {
        "AppCoordinates {com.bbn, test-service3, 1}" : {
          "DATARATE_TX" : 3.111111111111106E-6,
          "DATARATE_RX" : 1.555555555555553E-6
        }
      }
    }
  },
  "containerReports" : {
    "nodeC_c02" : {
      "containerName" : {
        "name" : "nodeC_c02"
      },
      "timestamp" : 256488,
      "service" : {
        "group" : "com.bbn",
        "artifact" : "test-service3",
        "version" : "1"
      },
      "serviceStatus" : "RUNNING",
      "demandEstimationWindow" : "LONG",
      "computeCapacity" : {
        "CPU" : 1.0,
        "TASK_CONTAINERS" : 100.0,
        "QueueLength" : 1000000.0
      },
      "computeLoad" : {
        "UNKNOWN" : {
          "QueueLength" : 20.0,
          "TASK_CONTAINERS" : 10.0
        }
      },
      "computeDemand" : {
        "UNKNOWN" : {
          "QueueLength" : 57.43295019157088,
          "TASK_CONTAINERS" : 28.93822393822394
        }
      },
      "averageProcessingTime" : 120000.0,
      "networkCapacity" : {
        "interface-nodeC ( nodeC )" : {
          "DATARATE_TX" : 100.0,
          "DATARATE_RX" : 100.0
        }
      },
      "networkLoad" : {
        "interface-nodeC ( nodeC )" : {
          "(clientPoolC, nodeC_c02, nodeC_c02)" : {
            "AppCoordinates {com.bbn, test-service3, 1}" : {
              "DATARATE_TX" : 4.0E-5,
              "DATARATE_RX" : 2.0E-5
            }
          }
        }
      },
      "networkDemand" : {
        "interface-nodeC ( nodeC )" : {
          "(clientPoolC, nodeC_c02, nodeC_c02)" : {
            "AppCoordinates {com.bbn, test-service3, 1}" : {
              "DATARATE_TX" : 1.1620155038759659E-4,
              "DATARATE_RX" : 5.8100775193798295E-5
            }
          }
        }
      }
    }
  },
  "maximumServiceContainers" : 20,
  "allocatedServiceContainers" : 1,
  "computeDemand" : {
    "AppCoordinates {com.bbn, test-service3, 1}" : {
      "UNKNOWN" : {
        "QueueLength" : 57.43295019157088,
        "TASK_CONTAINERS" : 28.93822393822394
      }
    }
  },
  "containerNetworkLoad" : {
    "interface-nodeC ( nodeC )" : {
      "(clientPoolC, nodeC_c02, nodeC_c02)" : {
        "AppCoordinates {com.bbn, test-service3, 1}" : {
          "DATARATE_TX" : 4.0E-5,
          "DATARATE_RX" : 2.0E-5
        }
      }
    }
  },
  "containerNetworkDemand" : {
    "interface-nodeC ( nodeC )" : {
      "(clientPoolC, nodeC_c02, nodeC_c02)" : {
        "AppCoordinates {com.bbn, test-service3, 1}" : {
          "DATARATE_TX" : 1.1620155038759659E-4,
          "DATARATE_RX" : 5.8100775193798295E-5
        }
      }
    }
  },
  "computeLoad" : {
    "AppCoordinates {com.bbn, test-service3, 1}" : {
      "UNKNOWN" : {
        "QueueLength" : 20.0,
        "TASK_CONTAINERS" : 10.0
      }
    }
  },
  "availableServiceContainers" : 19,
  "averageProcessingTime" : {
    "AppCoordinates {com.bbn, test-service3, 1}" : 120000.0
  },
  "allocatedComputeCapacity" : {
    "CPU" : 1.0,
    "QueueLength" : 1000000.0,
    "TASK_CONTAINERS" : 100.0
  }
}