{
  "region" : {
    "name" : "G"
  },
  "nodeResourceReports" : [ {
    "nodeName" : {
      "name" : "nodeG"
    },
    "timestamp" : 111995,
    "demandEstimationWindow" : "SHORT",
    "nodeComputeCapacity" : {
      "CPU" : 4.0,
      "MEMORY" : 8.0E9,
      "DISK" : 10.0,
      "TASK_CONTAINERS" : 20.0
    },
    "networkCapacity" : {
      "interface-nodeD ( nodeD )" : {
        "DATARATE_RX" : 100.0,
        "DATARATE_TX" : 100.0
      },
      "interface-nodeE ( nodeE )" : {
        "DATARATE_RX" : 100.0,
        "DATARATE_TX" : 100.0
      },
      "interface-nodeB ( nodeB )" : {
        "DATARATE_RX" : 100.0,
        "DATARATE_TX" : 100.0
      },
      "interface-nodeC ( nodeC )" : {
        "DATARATE_RX" : 100.0,
        "DATARATE_TX" : 100.0
      },
      "interface-nodeH ( nodeH )" : {
        "DATARATE_RX" : 100.0,
        "DATARATE_TX" : 100.0
      },
      "interface-nodeI ( nodeI )" : {
        "DATARATE_RX" : 100.0,
        "DATARATE_TX" : 100.0
      }
    },
    "networkLoad" : {
      "interface-nodeD ( nodeD )" : { },
      "interface-nodeE ( nodeE )" : {
        "(nodeG_c01, clientPoolJ, nodeG_c01)" : {
          "AppCoordinates {com.bbn, test-service2, 1}" : {
            "DATARATE_TX" : 1.0E-6,
            "DATARATE_RX" : 2.0E-6
          }
        }
      },
      "interface-nodeB ( nodeB )" : {
        "(clientPoolG, nodeB_c00, nodeB_c00)" : {
          "AppCoordinates {com.bbn, test-service1, 1}" : {
            "DATARATE_TX" : 1.419999999999998E-4,
            "DATARATE_RX" : 7.09999999999999E-5
          }
        },
        "(clientPoolG, nodeB_c02, nodeB_c02)" : {
          "AppCoordinates {com.bbn, test-service3, 1}" : {
            "DATARATE_TX" : 1.3399999999999981E-4,
            "DATARATE_RX" : 6.699999999999991E-5
          }
        },
        "(clientPoolG, nodeB_c01, nodeB_c01)" : {
          "AppCoordinates {com.bbn, test-service2, 1}" : {
            "DATARATE_TX" : 1.419999999999998E-4,
            "DATARATE_RX" : 7.09999999999999E-5
          }
        },
        "(clientPoolG, nodeB_c07, nodeB_c07)" : {
          "AppCoordinates {com.bbn, test-service1, 1}" : {
            "DATARATE_TX" : 1.2399999999999984E-4,
            "DATARATE_RX" : 6.199999999999992E-5
          }
        },
        "(clientPoolG, nodeB_c04, nodeB_c04)" : {
          "AppCoordinates {com.bbn, test-service3, 1}" : {
            "DATARATE_TX" : 6.0E-6,
            "DATARATE_RX" : 3.0E-6
          },
          "AppCoordinates {com.bbn, test-service1, 1}" : {
            "DATARATE_TX" : -8.470329472543003E-22,
            "DATARATE_RX" : -4.2351647362715017E-22
          }
        },
        "(clientPoolG, nodeB_c03, nodeB_c03)" : {
          "AppCoordinates {com.bbn, test-service1, 1}" : {
            "DATARATE_TX" : 1.439999999999998E-4,
            "DATARATE_RX" : 7.19999999999999E-5
          }
        },
        "(clientPoolG, nodeB_c06, nodeB_c06)" : {
          "AppCoordinates {com.bbn, test-service2, 1}" : {
            "DATARATE_TX" : 5.8000000000000014E-5,
            "DATARATE_RX" : 2.9000000000000007E-5
          }
        },
        "(clientPoolG, nodeB_c05, nodeB_c05)" : {
          "AppCoordinates {com.bbn, test-service3, 1}" : {
            "DATARATE_TX" : 8.199999999999996E-5,
            "DATARATE_RX" : 4.099999999999998E-5
          }
        }
      },
      "interface-nodeC ( nodeC )" : { },
      "interface-nodeH ( nodeH )" : { },
      "interface-nodeI ( nodeI )" : {
        "(nodeG_c01, clientPoolI, nodeG_c01)" : {
          "AppCoordinates {com.bbn, test-service2, 1}" : {
            "DATARATE_TX" : 3.0E-6,
            "DATARATE_RX" : 6.0E-6
          }
        },
        "(nodeG_c00, clientPoolI, nodeG_c00)" : {
          "AppCoordinates {com.bbn, test-service3, 1}" : {
            "DATARATE_TX" : 2.0E-6,
            "DATARATE_RX" : 4.0E-6
          }
        }
      }
    },
    "networkDemand" : {
      "interface-nodeE ( nodeE )" : {
        "(nodeG_c01, clientPoolJ, nodeG_c01)" : {
          "AppCoordinates {com.bbn, test-service2, 1}" : {
            "DATARATE_TX" : 1.0E-6,
            "DATARATE_RX" : 2.0E-6
          }
        }
      },
      "interface-nodeD ( nodeD )" : { },
      "interface-nodeC ( nodeC )" : { },
      "interface-nodeB ( nodeB )" : {
        "(clientPoolG, nodeB_c00, nodeB_c00)" : {
          "AppCoordinates {com.bbn, test-service1, 1}" : {
            "DATARATE_TX" : 1.419999999999998E-4,
            "DATARATE_RX" : 7.09999999999999E-5
          }
        },
        "(clientPoolG, nodeB_c02, nodeB_c02)" : {
          "AppCoordinates {com.bbn, test-service3, 1}" : {
            "DATARATE_TX" : 1.3399999999999981E-4,
            "DATARATE_RX" : 6.699999999999991E-5
          }
        },
        "(clientPoolG, nodeB_c01, nodeB_c01)" : {
          "AppCoordinates {com.bbn, test-service2, 1}" : {
            "DATARATE_TX" : 1.419999999999998E-4,
            "DATARATE_RX" : 7.09999999999999E-5
          }
        },
        "(clientPoolG, nodeB_c07, nodeB_c07)" : {
          "AppCoordinates {com.bbn, test-service1, 1}" : {
            "DATARATE_TX" : 1.2399999999999984E-4,
            "DATARATE_RX" : 6.199999999999992E-5
          }
        },
        "(clientPoolG, nodeB_c04, nodeB_c04)" : {
          "AppCoordinates {com.bbn, test-service3, 1}" : {
            "DATARATE_TX" : 6.0E-6,
            "DATARATE_RX" : 3.0E-6
          },
          "AppCoordinates {com.bbn, test-service1, 1}" : {
            "DATARATE_TX" : -8.470329472543003E-22,
            "DATARATE_RX" : -4.2351647362715017E-22
          }
        },
        "(clientPoolG, nodeB_c03, nodeB_c03)" : {
          "AppCoordinates {com.bbn, test-service1, 1}" : {
            "DATARATE_TX" : 1.439999999999998E-4,
            "DATARATE_RX" : 7.19999999999999E-5
          }
        },
        "(clientPoolG, nodeB_c06, nodeB_c06)" : {
          "AppCoordinates {com.bbn, test-service2, 1}" : {
            "DATARATE_TX" : 1.0199999999999992E-4,
            "DATARATE_RX" : 5.099999999999996E-5
          }
        },
        "(clientPoolG, nodeB_c05, nodeB_c05)" : {
          "AppCoordinates {com.bbn, test-service3, 1}" : {
            "DATARATE_TX" : 8.03333333333333E-5,
            "DATARATE_RX" : 4.016666666666665E-5
          }
        }
      },
      "interface-nodeI ( nodeI )" : {
        "(nodeG_c01, clientPoolI, nodeG_c01)" : {
          "AppCoordinates {com.bbn, test-service2, 1}" : {
            "DATARATE_TX" : 2.0E-6,
            "DATARATE_RX" : 4.0E-6
          }
        },
        "(nodeG_c00, clientPoolI, nodeG_c00)" : {
          "AppCoordinates {com.bbn, test-service3, 1}" : {
            "DATARATE_TX" : 2.0E-6,
            "DATARATE_RX" : 4.0E-6
          }
        }
      },
      "interface-nodeH ( nodeH )" : { }
    },
    "containerReports" : {
      "nodeG_c01" : {
        "containerName" : {
          "name" : "nodeG_c01"
        },
        "timestamp" : 111995,
        "service" : {
          "group" : "com.bbn",
          "artifact" : "test-service2",
          "version" : "1"
        },
        "serviceStatus" : "RUNNING",
        "demandEstimationWindow" : "SHORT",
        "computeCapacity" : {
          "CPU" : 1.0,
          "TASK_CONTAINERS" : 100.0,
          "QueueLength" : 1000000.0
        },
        "computeLoad" : {
          "UNKNOWN" : {
            "QueueLength" : 41.0,
            "TASK_CONTAINERS" : 20.5
          }
        },
        "computeDemand" : {
          "UNKNOWN" : {
            "QueueLength" : 15.25,
            "TASK_CONTAINERS" : 10.166666666666666
          }
        },
        "averageProcessingTime" : "NaN",
        "networkCapacity" : {
          "interface-nodeG ( nodeG )" : {
            "DATARATE_TX" : 100.0,
            "DATARATE_RX" : 100.0
          }
        },
        "networkLoad" : {
          "interface-nodeG ( nodeG )" : {
            "(clientPoolG, nodeG_c01, nodeG_c01)" : {
              "AppCoordinates {com.bbn, test-service2, 1}" : {
                "DATARATE_TX" : 7.399999999999998E-5,
                "DATARATE_RX" : 3.699999999999999E-5
              }
            },
            "(clientPoolI, nodeG_c01, nodeG_c01)" : {
              "AppCoordinates {com.bbn, test-service2, 1}" : {
                "DATARATE_TX" : 6.0E-6,
                "DATARATE_RX" : 3.0E-6
              }
            },
            "(clientPoolJ, nodeG_c01, nodeG_c01)" : {
              "AppCoordinates {com.bbn, test-service2, 1}" : {
                "DATARATE_TX" : 2.0E-6,
                "DATARATE_RX" : 1.0E-6
              }
            }
          }
        },
        "networkDemand" : {
          "interface-nodeG ( nodeG )" : {
            "(clientPoolG, nodeG_c01, nodeG_c01)" : {
              "AppCoordinates {com.bbn, test-service2, 1}" : {
                "DATARATE_TX" : 4.68E-5,
                "DATARATE_RX" : 2.34E-5
              }
            },
            "(clientPoolI, nodeG_c01, nodeG_c01)" : {
              "AppCoordinates {com.bbn, test-service2, 1}" : {
                "DATARATE_TX" : 4.0E-6,
                "DATARATE_RX" : 2.0E-6
              }
            },
            "(clientPoolJ, nodeG_c01, nodeG_c01)" : {
              "AppCoordinates {com.bbn, test-service2, 1}" : {
                "DATARATE_TX" : 2.0E-6,
                "DATARATE_RX" : 1.0E-6
              }
            }
          }
        }
      },
      "nodeG_c02" : {
        "containerName" : {
          "name" : "nodeG_c02"
        },
        "timestamp" : 111995,
        "service" : {
          "group" : "com.bbn",
          "artifact" : "test-service1",
          "version" : "1"
        },
        "serviceStatus" : "RUNNING",
        "demandEstimationWindow" : "SHORT",
        "computeCapacity" : {
          "CPU" : 1.0,
          "TASK_CONTAINERS" : 100.0,
          "QueueLength" : 1000000.0
        },
        "computeLoad" : {
          "UNKNOWN" : {
            "QueueLength" : 0.0
          }
        },
        "computeDemand" : {
          "UNKNOWN" : {
            "QueueLength" : 0.0
          }
        },
        "averageProcessingTime" : "NaN",
        "networkCapacity" : {
          "interface-nodeG ( nodeG )" : {
            "DATARATE_TX" : 100.0,
            "DATARATE_RX" : 100.0
          }
        },
        "networkLoad" : {
          "interface-nodeG ( nodeG )" : { }
        },
        "networkDemand" : {
          "interface-nodeG ( nodeG )" : { }
        }
      },
      "nodeG_c00" : {
        "containerName" : {
          "name" : "nodeG_c00"
        },
        "timestamp" : 111995,
        "service" : {
          "group" : "com.bbn",
          "artifact" : "test-service3",
          "version" : "1"
        },
        "serviceStatus" : "RUNNING",
        "demandEstimationWindow" : "SHORT",
        "computeCapacity" : {
          "CPU" : 1.0,
          "TASK_CONTAINERS" : 100.0,
          "QueueLength" : 1000000.0
        },
        "computeLoad" : {
          "UNKNOWN" : {
            "QueueLength" : 8.0,
            "TASK_CONTAINERS" : 4.0
          }
        },
        "computeDemand" : {
          "UNKNOWN" : {
            "QueueLength" : 1.0,
            "TASK_CONTAINERS" : 2.0
          }
        },
        "averageProcessingTime" : "NaN",
        "networkCapacity" : {
          "interface-nodeG ( nodeG )" : {
            "DATARATE_TX" : 100.0,
            "DATARATE_RX" : 100.0
          }
        },
        "networkLoad" : {
          "interface-nodeG ( nodeG )" : {
            "(clientPoolG, nodeG_c00, nodeG_c00)" : {
              "AppCoordinates {com.bbn, test-service3, 1}" : {
                "DATARATE_TX" : 1.1999999999999999E-5,
                "DATARATE_RX" : 5.999999999999999E-6
              }
            },
            "(clientPoolI, nodeG_c00, nodeG_c00)" : {
              "AppCoordinates {com.bbn, test-service3, 1}" : {
                "DATARATE_TX" : 4.0E-6,
                "DATARATE_RX" : 2.0E-6
              }
            }
          }
        },
        "networkDemand" : {
          "interface-nodeG ( nodeG )" : {
            "(clientPoolG, nodeG_c00, nodeG_c00)" : {
              "AppCoordinates {com.bbn, test-service3, 1}" : {
                "DATARATE_TX" : 1.1999999999999999E-5,
                "DATARATE_RX" : 5.999999999999999E-6
              }
            },
            "(clientPoolI, nodeG_c00, nodeG_c00)" : {
              "AppCoordinates {com.bbn, test-service3, 1}" : {
                "DATARATE_TX" : 4.0E-6,
                "DATARATE_RX" : 2.0E-6
              }
            }
          }
        }
      }
    },
    "maximumServiceContainers" : 20,
    "allocatedServiceContainers" : 3,
    "computeDemand" : {
      "AppCoordinates {com.bbn, test-service3, 1}" : {
        "UNKNOWN" : {
          "QueueLength" : 1.0,
          "TASK_CONTAINERS" : 2.0
        }
      },
      "AppCoordinates {com.bbn, test-service2, 1}" : {
        "UNKNOWN" : {
          "QueueLength" : 15.25,
          "TASK_CONTAINERS" : 10.166666666666666
        }
      },
      "AppCoordinates {com.bbn, test-service1, 1}" : {
        "UNKNOWN" : {
          "QueueLength" : 0.0
        }
      }
    },
    "containerNetworkLoad" : {
      "interface-nodeG ( nodeG )" : {
        "(clientPoolG, nodeG_c01, nodeG_c01)" : {
          "AppCoordinates {com.bbn, test-service2, 1}" : {
            "DATARATE_TX" : 7.399999999999998E-5,
            "DATARATE_RX" : 3.699999999999999E-5
          }
        },
        "(clientPoolG, nodeG_c00, nodeG_c00)" : {
          "AppCoordinates {com.bbn, test-service3, 1}" : {
            "DATARATE_TX" : 1.1999999999999999E-5,
            "DATARATE_RX" : 5.999999999999999E-6
          }
        },
        "(clientPoolI, nodeG_c01, nodeG_c01)" : {
          "AppCoordinates {com.bbn, test-service2, 1}" : {
            "DATARATE_TX" : 6.0E-6,
            "DATARATE_RX" : 3.0E-6
          }
        },
        "(clientPoolI, nodeG_c00, nodeG_c00)" : {
          "AppCoordinates {com.bbn, test-service3, 1}" : {
            "DATARATE_TX" : 4.0E-6,
            "DATARATE_RX" : 2.0E-6
          }
        },
        "(clientPoolJ, nodeG_c01, nodeG_c01)" : {
          "AppCoordinates {com.bbn, test-service2, 1}" : {
            "DATARATE_TX" : 2.0E-6,
            "DATARATE_RX" : 1.0E-6
          }
        }
      }
    },
    "containerNetworkDemand" : {
      "interface-nodeG ( nodeG )" : {
        "(clientPoolG, nodeG_c01, nodeG_c01)" : {
          "AppCoordinates {com.bbn, test-service2, 1}" : {
            "DATARATE_TX" : 4.68E-5,
            "DATARATE_RX" : 2.34E-5
          }
        },
        "(clientPoolG, nodeG_c00, nodeG_c00)" : {
          "AppCoordinates {com.bbn, test-service3, 1}" : {
            "DATARATE_TX" : 1.1999999999999999E-5,
            "DATARATE_RX" : 5.999999999999999E-6
          }
        },
        "(clientPoolI, nodeG_c01, nodeG_c01)" : {
          "AppCoordinates {com.bbn, test-service2, 1}" : {
            "DATARATE_TX" : 4.0E-6,
            "DATARATE_RX" : 2.0E-6
          }
        },
        "(clientPoolI, nodeG_c00, nodeG_c00)" : {
          "AppCoordinates {com.bbn, test-service3, 1}" : {
            "DATARATE_TX" : 4.0E-6,
            "DATARATE_RX" : 2.0E-6
          }
        },
        "(clientPoolJ, nodeG_c01, nodeG_c01)" : {
          "AppCoordinates {com.bbn, test-service2, 1}" : {
            "DATARATE_TX" : 2.0E-6,
            "DATARATE_RX" : 1.0E-6
          }
        }
      }
    },
    "computeLoad" : {
      "AppCoordinates {com.bbn, test-service3, 1}" : {
        "UNKNOWN" : {
          "QueueLength" : 8.0,
          "TASK_CONTAINERS" : 4.0
        }
      },
      "AppCoordinates {com.bbn, test-service2, 1}" : {
        "UNKNOWN" : {
          "QueueLength" : 41.0,
          "TASK_CONTAINERS" : 20.5
        }
      },
      "AppCoordinates {com.bbn, test-service1, 1}" : {
        "UNKNOWN" : {
          "QueueLength" : 0.0
        }
      }
    },
    "allocatedComputeCapacity" : {
      "CPU" : 3.0,
      "QueueLength" : 3000000.0,
      "TASK_CONTAINERS" : 300.0
    },
    "availableServiceContainers" : 17,
    "averageProcessingTime" : { }
  } ]
}