{
  "region" : {
    "name" : "G"
  },
  "nodeResourceReports" : [ {
    "nodeName" : {
      "name" : "nodeG"
    },
    "timestamp" : 183992,
    "demandEstimationWindow" : "SHORT",
    "nodeComputeCapacity" : {
      "CPU" : 4.0,
      "MEMORY" : 8.0E9,
      "DISK" : 10.0,
      "TASK_CONTAINERS" : 20.0
    },
    "networkCapacity" : {
      "interface-nodeE ( nodeE )" : {
        "DATARATE_RX" : 100.0,
        "DATARATE_TX" : 100.0
      },
      "interface-nodeJ ( nodeJ )" : {
        "DATARATE_RX" : 100.0,
        "DATARATE_TX" : 100.0
      },
      "interface-nodeA ( nodeA )" : {
        "DATARATE_RX" : 100.0,
        "DATARATE_TX" : 100.0
      }
    },
    "networkLoad" : {
      "interface-nodeE ( nodeE )" : {
        "(clientPoolG, nodeE_c01, nodeE_c01)" : {
          "AppCoordinates {com.bbn, test-service3, 1}" : {
            "DATARATE_TX" : 3.2000000000000005E-5,
            "DATARATE_RX" : 1.6000000000000003E-5
          }
        },
        "(clientPoolG, nodeE_c00, nodeE_c00)" : {
          "AppCoordinates {com.bbn, test-service2, 1}" : {
            "DATARATE_TX" : 7.399999999999998E-5,
            "DATARATE_RX" : 3.699999999999999E-5
          }
        }
      },
      "interface-nodeJ ( nodeJ )" : {
        "(clientPoolG, nodeF_c00, nodeF_c00)" : {
          "AppCoordinates {com.bbn, test-service2, 1}" : {
            "DATARATE_TX" : 7.199999999999999E-5,
            "DATARATE_RX" : 3.5999999999999994E-5
          }
        },
        "(clientPoolG, nodeD_c00, nodeD_c00)" : {
          "AppCoordinates {com.bbn, test-service2, 1}" : {
            "DATARATE_TX" : 5.400000000000001E-5,
            "DATARATE_RX" : 2.7000000000000006E-5
          }
        },
        "(clientPoolG, nodeJ_c00, nodeJ_c00)" : {
          "AppCoordinates {com.bbn, test-service2, 1}" : {
            "DATARATE_TX" : 7.199999999999999E-5,
            "DATARATE_RX" : 3.5999999999999994E-5
          }
        },
        "(clientPoolG, nodeJ_c01, nodeJ_c01)" : {
          "AppCoordinates {com.bbn, test-service3, 1}" : {
            "DATARATE_TX" : 4.200000000000001E-5,
            "DATARATE_RX" : 2.1000000000000006E-5
          }
        }
      },
      "interface-nodeA ( nodeA )" : {
        "(clientPoolG, nodeA_c03, nodeA_c03)" : {
          "AppCoordinates {com.bbn, test-service3, 1}" : {
            "DATARATE_TX" : 6.200000000000002E-5,
            "DATARATE_RX" : 3.100000000000001E-5
          }
        },
        "(clientPoolG, nodeA_c02, nodeA_c02)" : {
          "AppCoordinates {com.bbn, test-service3, 1}" : {
            "DATARATE_TX" : 7.799999999999997E-5,
            "DATARATE_RX" : 3.8999999999999986E-5
          }
        },
        "(clientPoolG, nodeA_c01, nodeA_c01)" : {
          "AppCoordinates {com.bbn, test-service2, 1}" : {
            "DATARATE_TX" : 2.0000000000000025E-6,
            "DATARATE_RX" : 1.0000000000000012E-6
          }
        },
        "(clientPoolG, nodeA_c00, nodeA_c00)" : {
          "AppCoordinates {com.bbn, test-service3, 1}" : {
            "DATARATE_TX" : -7.623296525288703E-21,
            "DATARATE_RX" : -3.8116482626443515E-21
          }
        },
        "(clientPoolG, nodeC_c01, nodeC_c01)" : {
          "AppCoordinates {com.bbn, test-service2, 1}" : {
            "DATARATE_TX" : -7.623296525288703E-21,
            "DATARATE_RX" : -3.8116482626443515E-21
          },
          "AppCoordinates {com.bbn, test-service1, 1}" : {
            "DATARATE_TX" : 1.359999999999998E-4,
            "DATARATE_RX" : 6.79999999999999E-5
          }
        },
        "(clientPoolG, nodeH_c01, nodeH_c01)" : {
          "AppCoordinates {com.bbn, test-service2, 1}" : {
            "DATARATE_TX" : 2.8000000000000003E-5,
            "DATARATE_RX" : 1.4000000000000001E-5
          }
        },
        "(clientPoolG, nodeC_c00, nodeC_c00)" : {
          "AppCoordinates {com.bbn, test-service1, 1}" : {
            "DATARATE_TX" : -7.623296525288703E-21,
            "DATARATE_RX" : -3.8116482626443515E-21
          }
        },
        "(clientPoolG, nodeC_c05, nodeC_c05)" : {
          "AppCoordinates {com.bbn, test-service3, 1}" : {
            "DATARATE_TX" : 4.000000000000002E-6,
            "DATARATE_RX" : 2.000000000000001E-6
          },
          "AppCoordinates {com.bbn, test-service2, 1}" : {
            "DATARATE_TX" : 1.039999999999999E-4,
            "DATARATE_RX" : 5.199999999999995E-5
          }
        },
        "(clientPoolG, nodeC_c04, nodeC_c04)" : {
          "AppCoordinates {com.bbn, test-service3, 1}" : {
            "DATARATE_TX" : 3.999999999999992E-6,
            "DATARATE_RX" : 1.999999999999996E-6
          },
          "AppCoordinates {com.bbn, test-service1, 1}" : {
            "DATARATE_TX" : -8.470329472543003E-22,
            "DATARATE_RX" : -4.2351647362715017E-22
          }
        },
        "(clientPoolG, nodeC_c03, nodeC_c03)" : {
          "AppCoordinates {com.bbn, test-service1, 1}" : {
            "DATARATE_TX" : 1.019999999999999E-4,
            "DATARATE_RX" : 5.099999999999995E-5
          }
        },
        "(clientPoolG, nodeC_c02, nodeC_c02)" : {
          "AppCoordinates {com.bbn, test-service3, 1}" : {
            "DATARATE_TX" : 7.799999999999997E-5,
            "DATARATE_RX" : 3.8999999999999986E-5
          }
        },
        "(clientPoolG, nodeC_c07, nodeC_c07)" : {
          "AppCoordinates {com.bbn, test-service2, 1}" : {
            "DATARATE_TX" : -7.623296525288703E-21,
            "DATARATE_RX" : -3.8116482626443515E-21
          },
          "AppCoordinates {com.bbn, test-service1, 1}" : {
            "DATARATE_TX" : 1.2999999999999983E-4,
            "DATARATE_RX" : 6.499999999999991E-5
          }
        },
        "(clientPoolG, nodeC_c06, nodeC_c06)" : {
          "AppCoordinates {com.bbn, test-service2, 1}" : {
            "DATARATE_TX" : -7.623296525288703E-21,
            "DATARATE_RX" : -3.8116482626443515E-21
          }
        },
        "(clientPoolG, nodeB_c00, nodeB_c00)" : {
          "AppCoordinates {com.bbn, test-service2, 1}" : {
            "DATARATE_TX" : 1.4E-5,
            "DATARATE_RX" : 7.0E-6
          }
        },
        "(clientPoolG, nodeB_c01, nodeB_c01)" : {
          "AppCoordinates {com.bbn, test-service3, 1}" : {
            "DATARATE_TX" : 2.2000000000000003E-5,
            "DATARATE_RX" : 1.1000000000000001E-5
          }
        }
      }
    },
    "networkDemand" : {
      "interface-nodeE ( nodeE )" : {
        "(clientPoolG, nodeE_c01, nodeE_c01)" : {
          "AppCoordinates {com.bbn, test-service3, 1}" : {
            "DATARATE_TX" : 3.200000000000001E-5,
            "DATARATE_RX" : 1.6000000000000006E-5
          }
        },
        "(clientPoolG, nodeE_c00, nodeE_c00)" : {
          "AppCoordinates {com.bbn, test-service2, 1}" : {
            "DATARATE_TX" : 7.399999999999997E-5,
            "DATARATE_RX" : 3.6999999999999985E-5
          }
        }
      },
      "interface-nodeA ( nodeA )" : {
        "(clientPoolG, nodeA_c03, nodeA_c03)" : {
          "AppCoordinates {com.bbn, test-service3, 1}" : {
            "DATARATE_TX" : 6.2E-5,
            "DATARATE_RX" : 3.1E-5
          }
        },
        "(clientPoolG, nodeA_c02, nodeA_c02)" : {
          "AppCoordinates {com.bbn, test-service3, 1}" : {
            "DATARATE_TX" : 7.799999999999996E-5,
            "DATARATE_RX" : 3.899999999999998E-5
          }
        },
        "(clientPoolG, nodeA_c01, nodeA_c01)" : {
          "AppCoordinates {com.bbn, test-service2, 1}" : {
            "DATARATE_TX" : 2.0000000000000025E-6,
            "DATARATE_RX" : 1.0000000000000012E-6
          }
        },
        "(clientPoolG, nodeA_c00, nodeA_c00)" : {
          "AppCoordinates {com.bbn, test-service3, 1}" : {
            "DATARATE_TX" : -7.623296525288703E-21,
            "DATARATE_RX" : -3.8116482626443515E-21
          }
        },
        "(clientPoolG, nodeC_c01, nodeC_c01)" : {
          "AppCoordinates {com.bbn, test-service2, 1}" : {
            "DATARATE_TX" : -7.623296525288703E-21,
            "DATARATE_RX" : -3.8116482626443515E-21
          },
          "AppCoordinates {com.bbn, test-service1, 1}" : {
            "DATARATE_TX" : 7.366666666666661E-5,
            "DATARATE_RX" : 3.6833333333333305E-5
          }
        },
        "(clientPoolG, nodeC_c00, nodeC_c00)" : {
          "AppCoordinates {com.bbn, test-service1, 1}" : {
            "DATARATE_TX" : -7.623296525288703E-21,
            "DATARATE_RX" : -3.8116482626443515E-21
          }
        },
        "(clientPoolG, nodeH_c01, nodeH_c01)" : {
          "AppCoordinates {com.bbn, test-service2, 1}" : {
            "DATARATE_TX" : 2.8000000000000003E-5,
            "DATARATE_RX" : 1.4000000000000001E-5
          }
        },
        "(clientPoolG, nodeC_c05, nodeC_c05)" : {
          "AppCoordinates {com.bbn, test-service3, 1}" : {
            "DATARATE_TX" : 5.4285714285714306E-6,
            "DATARATE_RX" : 2.7142857142857153E-6
          },
          "AppCoordinates {com.bbn, test-service2, 1}" : {
            "DATARATE_TX" : 1.0399999999999991E-4,
            "DATARATE_RX" : 5.1999999999999956E-5
          }
        },
        "(clientPoolG, nodeC_c04, nodeC_c04)" : {
          "AppCoordinates {com.bbn, test-service3, 1}" : {
            "DATARATE_TX" : 7.428571428571421E-6,
            "DATARATE_RX" : 3.7142857142857104E-6
          },
          "AppCoordinates {com.bbn, test-service1, 1}" : {
            "DATARATE_TX" : -8.470329472543003E-22,
            "DATARATE_RX" : -4.2351647362715017E-22
          }
        },
        "(clientPoolG, nodeC_c03, nodeC_c03)" : {
          "AppCoordinates {com.bbn, test-service1, 1}" : {
            "DATARATE_TX" : 1.0199999999999989E-4,
            "DATARATE_RX" : 5.0999999999999945E-5
          }
        },
        "(clientPoolG, nodeC_c02, nodeC_c02)" : {
          "AppCoordinates {com.bbn, test-service3, 1}" : {
            "DATARATE_TX" : 8.199999999999996E-5,
            "DATARATE_RX" : 4.099999999999998E-5
          }
        },
        "(clientPoolG, nodeC_c07, nodeC_c07)" : {
          "AppCoordinates {com.bbn, test-service2, 1}" : {
            "DATARATE_TX" : -7.623296525288703E-21,
            "DATARATE_RX" : -3.8116482626443515E-21
          },
          "AppCoordinates {com.bbn, test-service1, 1}" : {
            "DATARATE_TX" : 1.302857142857141E-4,
            "DATARATE_RX" : 6.514285714285705E-5
          }
        },
        "(clientPoolG, nodeC_c06, nodeC_c06)" : {
          "AppCoordinates {com.bbn, test-service2, 1}" : {
            "DATARATE_TX" : -7.623296525288703E-21,
            "DATARATE_RX" : -3.8116482626443515E-21
          }
        },
        "(clientPoolG, nodeB_c00, nodeB_c00)" : {
          "AppCoordinates {com.bbn, test-service2, 1}" : {
            "DATARATE_TX" : 1.4E-5,
            "DATARATE_RX" : 7.0E-6
          }
        },
        "(clientPoolG, nodeB_c01, nodeB_c01)" : {
          "AppCoordinates {com.bbn, test-service3, 1}" : {
            "DATARATE_TX" : 2.2E-5,
            "DATARATE_RX" : 1.1E-5
          }
        }
      },
      "interface-nodeJ ( nodeJ )" : {
        "(clientPoolG, nodeF_c00, nodeF_c00)" : {
          "AppCoordinates {com.bbn, test-service2, 1}" : {
            "DATARATE_TX" : 7.2E-5,
            "DATARATE_RX" : 3.6E-5
          }
        },
        "(clientPoolG, nodeD_c00, nodeD_c00)" : {
          "AppCoordinates {com.bbn, test-service2, 1}" : {
            "DATARATE_TX" : 5.400000000000001E-5,
            "DATARATE_RX" : 2.7000000000000006E-5
          }
        },
        "(clientPoolG, nodeJ_c00, nodeJ_c00)" : {
          "AppCoordinates {com.bbn, test-service2, 1}" : {
            "DATARATE_TX" : 7.2E-5,
            "DATARATE_RX" : 3.6E-5
          }
        },
        "(clientPoolG, nodeJ_c01, nodeJ_c01)" : {
          "AppCoordinates {com.bbn, test-service3, 1}" : {
            "DATARATE_TX" : 4.2000000000000004E-5,
            "DATARATE_RX" : 2.1000000000000002E-5
          }
        }
      }
    },
    "containerReports" : {
      "nodeG_c01" : {
        "containerName" : {
          "name" : "nodeG_c01"
        },
        "timestamp" : 183992,
        "service" : {
          "group" : "com.bbn",
          "artifact" : "test-service3",
          "version" : "1"
        },
        "serviceStatus" : "RUNNING",
        "demandEstimationWindow" : "SHORT",
        "computeCapacity" : {
          "CPU" : 1.0,
          "TASK_CONTAINERS" : 100.0,
          "QueueLength" : 1000000.0
        },
        "computeLoad" : {
          "UNKNOWN" : {
            "QueueLength" : 115.0,
            "TASK_CONTAINERS" : 57.5
          }
        },
        "computeDemand" : {
          "UNKNOWN" : {
            "QueueLength" : 100.625,
            "TASK_CONTAINERS" : 50.3125
          }
        },
        "averageProcessingTime" : "NaN",
        "networkCapacity" : {
          "interface-nodeG ( nodeG )" : {
            "DATARATE_TX" : 100.0,
            "DATARATE_RX" : 100.0
          }
        },
        "networkLoad" : {
          "interface-nodeG ( nodeG )" : {
            "(clientPoolG, nodeG_c01, nodeG_c01)" : {
              "AppCoordinates {com.bbn, test-service3, 1}" : {
                "DATARATE_TX" : 2.2999999999999955E-4,
                "DATARATE_RX" : 1.1499999999999977E-4
              }
            }
          }
        },
        "networkDemand" : {
          "interface-nodeG ( nodeG )" : {
            "(clientPoolG, nodeG_c01, nodeG_c01)" : {
              "AppCoordinates {com.bbn, test-service3, 1}" : {
                "DATARATE_TX" : 2.2999999999999955E-4,
                "DATARATE_RX" : 1.1499999999999977E-4
              }
            }
          }
        }
      },
      "nodeG_c02" : {
        "containerName" : {
          "name" : "nodeG_c02"
        },
        "timestamp" : 183992,
        "service" : {
          "group" : "com.bbn",
          "artifact" : "test-service3",
          "version" : "1"
        },
        "serviceStatus" : "RUNNING",
        "demandEstimationWindow" : "SHORT",
        "computeCapacity" : {
          "CPU" : 1.0,
          "TASK_CONTAINERS" : 100.0,
          "QueueLength" : 1000000.0
        },
        "computeLoad" : {
          "UNKNOWN" : {
            "QueueLength" : 52.0,
            "TASK_CONTAINERS" : 26.0
          }
        },
        "computeDemand" : {
          "UNKNOWN" : {
            "QueueLength" : 45.5,
            "TASK_CONTAINERS" : 22.75
          }
        },
        "averageProcessingTime" : "NaN",
        "networkCapacity" : {
          "interface-nodeG ( nodeG )" : {
            "DATARATE_TX" : 100.0,
            "DATARATE_RX" : 100.0
          }
        },
        "networkLoad" : {
          "interface-nodeG ( nodeG )" : {
            "(clientPoolG, nodeG_c02, nodeG_c02)" : {
              "AppCoordinates {com.bbn, test-service3, 1}" : {
                "DATARATE_TX" : 1.039999999999999E-4,
                "DATARATE_RX" : 5.199999999999995E-5
              }
            }
          }
        },
        "networkDemand" : {
          "interface-nodeG ( nodeG )" : {
            "(clientPoolG, nodeG_c02, nodeG_c02)" : {
              "AppCoordinates {com.bbn, test-service3, 1}" : {
                "DATARATE_TX" : 1.0399999999999991E-4,
                "DATARATE_RX" : 5.1999999999999956E-5
              }
            }
          }
        }
      },
      "nodeG_c00" : {
        "containerName" : {
          "name" : "nodeG_c00"
        },
        "timestamp" : 183993,
        "service" : {
          "group" : "com.bbn",
          "artifact" : "test-service3",
          "version" : "1"
        },
        "serviceStatus" : "RUNNING",
        "demandEstimationWindow" : "SHORT",
        "computeCapacity" : {
          "CPU" : 1.0,
          "TASK_CONTAINERS" : 100.0,
          "QueueLength" : 1000000.0
        },
        "computeLoad" : {
          "UNKNOWN" : {
            "QueueLength" : 13.0,
            "TASK_CONTAINERS" : 6.5
          }
        },
        "computeDemand" : {
          "UNKNOWN" : {
            "QueueLength" : 36.875,
            "TASK_CONTAINERS" : 18.4375
          }
        },
        "averageProcessingTime" : 120000.0,
        "networkCapacity" : {
          "interface-nodeG ( nodeG )" : {
            "DATARATE_TX" : 100.0,
            "DATARATE_RX" : 100.0
          }
        },
        "networkLoad" : {
          "interface-nodeG ( nodeG )" : {
            "(clientPoolG, nodeG_c00, nodeG_c00)" : {
              "AppCoordinates {com.bbn, test-service3, 1}" : {
                "DATARATE_TX" : 2.059999999999997E-4,
                "DATARATE_RX" : 1.0299999999999985E-4
              }
            }
          }
        },
        "networkDemand" : {
          "interface-nodeG ( nodeG )" : {
            "(clientPoolG, nodeG_c00, nodeG_c00)" : {
              "AppCoordinates {com.bbn, test-service3, 1}" : {
                "DATARATE_TX" : 2.642857142857138E-4,
                "DATARATE_RX" : 1.321428571428569E-4
              }
            }
          }
        }
      }
    },
    "maximumServiceContainers" : 20,
    "allocatedServiceContainers" : 3,
    "computeDemand" : {
      "AppCoordinates {com.bbn, test-service3, 1}" : {
        "UNKNOWN" : {
          "QueueLength" : 183.0,
          "TASK_CONTAINERS" : 91.5
        }
      }
    },
    "containerNetworkLoad" : {
      "interface-nodeG ( nodeG )" : {
        "(clientPoolG, nodeG_c01, nodeG_c01)" : {
          "AppCoordinates {com.bbn, test-service3, 1}" : {
            "DATARATE_TX" : 2.2999999999999955E-4,
            "DATARATE_RX" : 1.1499999999999977E-4
          }
        },
        "(clientPoolG, nodeG_c00, nodeG_c00)" : {
          "AppCoordinates {com.bbn, test-service3, 1}" : {
            "DATARATE_TX" : 2.059999999999997E-4,
            "DATARATE_RX" : 1.0299999999999985E-4
          }
        },
        "(clientPoolG, nodeG_c02, nodeG_c02)" : {
          "AppCoordinates {com.bbn, test-service3, 1}" : {
            "DATARATE_TX" : 1.039999999999999E-4,
            "DATARATE_RX" : 5.199999999999995E-5
          }
        }
      }
    },
    "containerNetworkDemand" : {
      "interface-nodeG ( nodeG )" : {
        "(clientPoolG, nodeG_c01, nodeG_c01)" : {
          "AppCoordinates {com.bbn, test-service3, 1}" : {
            "DATARATE_TX" : 2.2999999999999955E-4,
            "DATARATE_RX" : 1.1499999999999977E-4
          }
        },
        "(clientPoolG, nodeG_c00, nodeG_c00)" : {
          "AppCoordinates {com.bbn, test-service3, 1}" : {
            "DATARATE_TX" : 2.642857142857138E-4,
            "DATARATE_RX" : 1.321428571428569E-4
          }
        },
        "(clientPoolG, nodeG_c02, nodeG_c02)" : {
          "AppCoordinates {com.bbn, test-service3, 1}" : {
            "DATARATE_TX" : 1.0399999999999991E-4,
            "DATARATE_RX" : 5.1999999999999956E-5
          }
        }
      }
    },
    "computeLoad" : {
      "AppCoordinates {com.bbn, test-service3, 1}" : {
        "UNKNOWN" : {
          "QueueLength" : 180.0,
          "TASK_CONTAINERS" : 90.0
        }
      }
    },
    "allocatedComputeCapacity" : {
      "CPU" : 3.0,
      "QueueLength" : 3000000.0,
      "TASK_CONTAINERS" : 300.0
    },
    "availableServiceContainers" : 17,
    "averageProcessingTime" : {
      "AppCoordinates {com.bbn, test-service3, 1}" : 120000.0
    }
  } ]
}