490,1,DNS_UPDATE_SUCCEEDED
527,1,DCOP_PLAN_PLUBLIED
559,2,RLG_PLAN_PUBLISHED
1037,3,DNS_UPDATE_SUCCEEDED
36525,73,RLG_PLAN_PUBLISHED
36550,74,DNS_UPDATE_SUCCEEDED
37032,75,DNS_UPDATE_SUCCEEDED
39523,79,RLG_PLAN_PUBLISHED
39532,80,DNS_UPDATE_SUCCEEDED
40045,81,DNS_UPDATE_SUCCEEDED
42520,85,RLG_PLAN_PUBLISHED
42543,86,DNS_UPDATE_SUCCEEDED
43063,87,DNS_UPDATE_SUCCEEDED
45522,91,RLG_PLAN_PUBLISHED
45535,92,DNS_UPDATE_SUCCEEDED
46045,93,DNS_UPDATE_SUCCEEDED
48520,97,RLG_PLAN_PUBLISHED
48542,98,DNS_UPDATE_SUCCEEDED
49042,99,DNS_UPDATE_SUCCEEDED
51523,103,RLG_PLAN_PUBLISHED
51539,104,DNS_UPDATE_SUCCEEDED
52052,105,DNS_UPDATE_SUCCEEDED
54524,109,RLG_PLAN_PUBLISHED
54531,110,DNS_UPDATE_SUCCEEDED
55049,111,DNS_UPDATE_SUCCEEDED
57526,115,RLG_PLAN_PUBLISHED
57553,116,DNS_UPDATE_SUCCEEDED
58043,117,DNS_UPDATE_SUCCEEDED
60522,121,RLG_PLAN_PUBLISHED
60545,122,DNS_UPDATE_SUCCEEDED
61050,123,DNS_UPDATE_SUCCEEDED
63522,127,RLG_PLAN_PUBLISHED
63545,128,DNS_UPDATE_SUCCEEDED
64042,129,DNS_UPDATE_SUCCEEDED
66522,133,RLG_PLAN_PUBLISHED
66541,134,DNS_UPDATE_SUCCEEDED
67040,135,DNS_UPDATE_SUCCEEDED
69523,139,RLG_PLAN_PUBLISHED
69544,140,DNS_UPDATE_SUCCEEDED
105641,212,DCOP_PLAN_PLUBLIED
108531,217,RLG_PLAN_PUBLISHED
108573,218,DNS_UPDATE_SUCCEEDED
117531,235,RLG_PLAN_PUBLISHED
117575,236,DNS_UPDATE_SUCCEEDED
118078,237,DNS_UPDATE_SUCCEEDED
120530,241,RLG_PLAN_PUBLISHED
120570,242,DNS_UPDATE_SUCCEEDED
121072,243,DNS_UPDATE_SUCCEEDED
123529,247,RLG_PLAN_PUBLISHED
123572,248,DNS_UPDATE_SUCCEEDED
124080,249,DNS_UPDATE_SUCCEEDED
126531,253,RLG_PLAN_PUBLISHED
126568,254,DNS_UPDATE_SUCCEEDED
127074,255,DNS_UPDATE_SUCCEEDED
129532,259,RLG_PLAN_PUBLISHED
129574,260,DNS_UPDATE_SUCCEEDED
156541,313,RLG_PLAN_PUBLISHED
156597,314,DNS_UPDATE_SUCCEEDED
159535,319,RLG_PLAN_PUBLISHED
159601,320,DNS_UPDATE_SUCCEEDED
160109,321,DNS_UPDATE_SUCCEEDED
162536,325,RLG_PLAN_PUBLISHED
162606,326,DNS_UPDATE_SUCCEEDED
163100,327,DNS_UPDATE_SUCCEEDED
165535,331,RLG_PLAN_PUBLISHED
165593,332,DNS_UPDATE_SUCCEEDED
166093,333,DNS_UPDATE_SUCCEEDED
168539,337,RLG_PLAN_PUBLISHED
168600,338,DNS_UPDATE_SUCCEEDED
169109,339,DNS_UPDATE_SUCCEEDED
171536,343,RLG_PLAN_PUBLISHED
171610,344,DNS_UPDATE_SUCCEEDED
172110,345,DNS_UPDATE_SUCCEEDED
174536,349,RLG_PLAN_PUBLISHED
174612,350,DNS_UPDATE_SUCCEEDED
175111,351,DNS_UPDATE_SUCCEEDED
177538,355,RLG_PLAN_PUBLISHED
177627,356,DNS_UPDATE_SUCCEEDED
222542,445,RLG_PLAN_PUBLISHED
222624,446,DNS_UPDATE_SUCCEEDED
225540,451,RLG_PLAN_PUBLISHED
225628,452,DNS_UPDATE_SUCCEEDED
226129,453,DNS_UPDATE_SUCCEEDED
228539,457,RLG_PLAN_PUBLISHED
228649,458,DNS_UPDATE_SUCCEEDED
229129,459,DNS_UPDATE_SUCCEEDED
231543,463,RLG_PLAN_PUBLISHED
231631,464,DNS_UPDATE_SUCCEEDED
234539,469,RLG_PLAN_PUBLISHED
234645,470,DNS_UPDATE_SUCCEEDED
235133,471,DNS_UPDATE_SUCCEEDED
237541,475,RLG_PLAN_PUBLISHED
237638,476,DNS_UPDATE_SUCCEEDED
238135,477,DNS_UPDATE_SUCCEEDED
240539,481,RLG_PLAN_PUBLISHED
240639,482,DNS_UPDATE_SUCCEEDED
241137,483,DNS_UPDATE_SUCCEEDED
243539,487,RLG_PLAN_PUBLISHED
243636,488,DNS_UPDATE_SUCCEEDED
244145,489,DNS_UPDATE_SUCCEEDED
246540,493,RLG_PLAN_PUBLISHED
246638,494,DNS_UPDATE_SUCCEEDED
297546,595,RLG_PLAN_PUBLISHED
297691,596,DNS_UPDATE_SUCCEEDED
298186,597,DNS_UPDATE_SUCCEEDED
300545,601,RLG_PLAN_PUBLISHED
300699,602,DNS_UPDATE_SUCCEEDED
301198,603,DNS_UPDATE_SUCCEEDED
303544,607,RLG_PLAN_PUBLISHED
303699,608,DNS_UPDATE_SUCCEEDED
420557,841,RLG_PLAN_PUBLISHED
420776,842,DNS_UPDATE_SUCCEEDED
423555,847,RLG_PLAN_PUBLISHED
423779,848,DNS_UPDATE_SUCCEEDED
424280,849,DNS_UPDATE_SUCCEEDED
426556,853,RLG_PLAN_PUBLISHED
426777,854,DNS_UPDATE_SUCCEEDED
427278,855,DNS_UPDATE_SUCCEEDED
429557,859,RLG_PLAN_PUBLISHED
429780,860,DNS_UPDATE_SUCCEEDED
432557,865,RLG_PLAN_PUBLISHED
432781,866,DNS_UPDATE_SUCCEEDED
433282,867,DNS_UPDATE_SUCCEEDED
435556,871,RLG_PLAN_PUBLISHED
435784,872,DNS_UPDATE_SUCCEEDED
438558,877,RLG_PLAN_PUBLISHED
438784,878,DNS_UPDATE_SUCCEEDED
441557,883,RLG_PLAN_PUBLISHED
441787,884,DNS_UPDATE_SUCCEEDED
442286,885,DNS_UPDATE_SUCCEEDED
444557,889,RLG_PLAN_PUBLISHED
444789,890,DNS_UPDATE_SUCCEEDED
447559,895,RLG_PLAN_PUBLISHED
447789,896,DNS_UPDATE_SUCCEEDED
450560,901,RLG_PLAN_PUBLISHED
450796,902,DNS_UPDATE_SUCCEEDED
451299,903,DNS_UPDATE_SUCCEEDED
453558,907,RLG_PLAN_PUBLISHED
453808,908,DNS_UPDATE_SUCCEEDED
454311,909,DNS_UPDATE_SUCCEEDED
456558,913,RLG_PLAN_PUBLISHED
456801,914,DNS_UPDATE_SUCCEEDED
459558,919,RLG_PLAN_PUBLISHED
459801,920,DNS_UPDATE_SUCCEEDED
460301,921,DNS_UPDATE_SUCCEEDED
462558,925,RLG_PLAN_PUBLISHED
462805,926,DNS_UPDATE_SUCCEEDED
463306,927,DNS_UPDATE_SUCCEEDED
465558,931,RLG_PLAN_PUBLISHED
465807,932,DNS_UPDATE_SUCCEEDED
466318,933,DNS_UPDATE_SUCCEEDED
468562,937,RLG_PLAN_PUBLISHED
468801,938,DNS_UPDATE_SUCCEEDED
474560,949,RLG_PLAN_PUBLISHED
474823,950,DNS_UPDATE_SUCCEEDED
475316,951,DNS_UPDATE_SUCCEEDED
477560,955,RLG_PLAN_PUBLISHED
477821,956,DNS_UPDATE_SUCCEEDED
478323,957,DNS_UPDATE_SUCCEEDED
480558,961,RLG_PLAN_PUBLISHED
480810,962,DNS_UPDATE_SUCCEEDED
513561,1027,RLG_PLAN_PUBLISHED
513838,1028,DNS_UPDATE_SUCCEEDED
514338,1029,DNS_UPDATE_SUCCEEDED
516561,1033,RLG_PLAN_PUBLISHED
516834,1034,DNS_UPDATE_SUCCEEDED
517340,1035,DNS_UPDATE_SUCCEEDED
519561,1039,RLG_PLAN_PUBLISHED
519840,1040,DNS_UPDATE_SUCCEEDED
520344,1041,DNS_UPDATE_SUCCEEDED
522562,1045,RLG_PLAN_PUBLISHED
522836,1046,DNS_UPDATE_SUCCEEDED
523336,1047,DNS_UPDATE_SUCCEEDED
525564,1051,RLG_PLAN_PUBLISHED
525840,1052,DNS_UPDATE_SUCCEEDED
579568,1159,RLG_PLAN_PUBLISHED
579888,1160,DNS_UPDATE_SUCCEEDED
580393,1161,DNS_UPDATE_SUCCEEDED
582566,1165,RLG_PLAN_PUBLISHED
582895,1166,DNS_UPDATE_SUCCEEDED
583401,1167,DNS_UPDATE_SUCCEEDED
585569,1171,RLG_PLAN_PUBLISHED
585885,1172,DNS_UPDATE_SUCCEEDED
586383,1173,DNS_UPDATE_SUCCEEDED
588569,1177,RLG_PLAN_PUBLISHED
588897,1178,DNS_UPDATE_SUCCEEDED
589397,1179,DNS_UPDATE_SUCCEEDED
591570,1183,RLG_PLAN_PUBLISHED
591901,1184,DNS_UPDATE_SUCCEEDED
592398,1185,DNS_UPDATE_SUCCEEDED
594568,1189,RLG_PLAN_PUBLISHED
594899,1190,DNS_UPDATE_SUCCEEDED
595410,1191,DNS_UPDATE_SUCCEEDED
597569,1195,RLG_PLAN_PUBLISHED
597892,1196,DNS_UPDATE_SUCCEEDED
598393,1197,DNS_UPDATE_SUCCEEDED
600567,1201,RLG_PLAN_PUBLISHED
600898,1202,DNS_UPDATE_SUCCEEDED
601399,1203,DNS_UPDATE_SUCCEEDED
603569,1207,RLG_PLAN_PUBLISHED
603901,1208,DNS_UPDATE_SUCCEEDED
604400,1209,DNS_UPDATE_SUCCEEDED
606570,1213,RLG_PLAN_PUBLISHED
606901,1214,DNS_UPDATE_SUCCEEDED
607402,1215,DNS_UPDATE_SUCCEEDED
609567,1219,RLG_PLAN_PUBLISHED
609908,1220,DNS_UPDATE_SUCCEEDED
