{
  "region" : {
    "name" : "O"
  },
  "timestamp" : 337210,
  "servicePlan" : {
    "nodeO" : [ {
      "id" : {
        "name" : "nodeO_c07"
      },
      "service" : {
        "group" : "com.bbn",
        "artifact" : "test-service2",
        "version" : "1"
      },
      "weight" : 1.0,
      "stopTrafficTo" : false,
      "stop" : false
    }, {
      "id" : {
        "name" : "nodeO_c02"
      },
      "service" : {
        "group" : "com.bbn",
        "artifact" : "test-service3",
        "version" : "1"
      },
      "weight" : 1.0,
      "stopTrafficTo" : false,
      "stop" : false
    }, {
      "id" : {
        "name" : "nodeO_c01"
      },
      "service" : {
        "group" : "com.bbn",
        "artifact" : "test-service1",
        "version" : "1"
      },
      "weight" : 1.0,
      "stopTrafficTo" : false,
      "stop" : false
    }, {
      "id" : {
        "name" : "nodeO_c00"
      },
      "service" : {
        "group" : "com.bbn",
        "artifact" : "test-service3",
        "version" : "1"
      },
      "weight" : 1.0,
      "stopTrafficTo" : false,
      "stop" : false
    }, {
      "id" : {
        "name" : "nodeO_c06"
      },
      "service" : {
        "group" : "com.bbn",
        "artifact" : "test-service1",
        "version" : "1"
      },
      "weight" : 1.0,
      "stopTrafficTo" : false,
      "stop" : false
    }, {
      "id" : {
        "name" : "nodeO_c05"
      },
      "service" : {
        "group" : "com.bbn",
        "artifact" : "test-service2",
        "version" : "1"
      },
      "weight" : 1.0,
      "stopTrafficTo" : false,
      "stop" : false
    }, {
      "id" : {
        "name" : "nodeO_c04"
      },
      "service" : {
        "group" : "com.bbn",
        "artifact" : "test-service2",
        "version" : "1"
      },
      "weight" : 1.0,
      "stopTrafficTo" : false,
      "stop" : false
    }, {
      "id" : {
        "name" : "nodeO_c03"
      },
      "service" : {
        "group" : "com.bbn",
        "artifact" : "test-service1",
        "version" : "1"
      },
      "weight" : 1.0,
      "stopTrafficTo" : false,
      "stop" : false
    } ]
  },
  "overflowPlan" : {
    "AppCoordinates {com.bbn, test-service3, 1}" : {
      "A" : 0.0,
      "B" : 0.0,
      "G" : 0.0,
      "H" : 0.0,
      "I" : 0.0,
      "K" : 0.0,
      "L" : 0.0,
      "N" : 0.0,
      "O" : 1.0
    },
    "AppCoordinates {com.bbn, test-service2, 1}" : {
      "A" : 0.0,
      "B" : 0.0,
      "G" : 0.0,
      "H" : 0.0,
      "I" : 0.0,
      "K" : 0.0,
      "L" : 0.0,
      "N" : 0.0,
      "O" : 1.0
    },
    "AppCoordinates {com.bbn, test-service1, 1}" : {
      "A" : 0.0,
      "B" : 0.0,
      "G" : 0.0,
      "H" : 0.0,
      "I" : 0.0,
      "K" : 0.0,
      "L" : 0.0,
      "N" : 0.0,
      "O" : 1.0
    }
  }
}