{
  "AppCoordinates {com.bbn, test-service3, 1}" : {
    "serverDemand" : { }
  },
  "AppCoordinates {com.bbn, test-service2, 1}" : {
    "serverDemand" : { }
  },
  "AppCoordinates {com.bbn, test-service1, 1}" : {
    "serverDemand" : {
      "A" : {
        "QueueLength" : 0.7743589743589744,
        "TASK_CONTAINERS" : 8.38888888888889
      },
      "C" : {
        "QueueLength" : 0.7743589743589744,
        "TASK_CONTAINERS" : 8.38888888888889
      },
      "E" : {
        "QueueLength" : 0.7743589743589744,
        "TASK_CONTAINERS" : 8.38888888888889
      }
    }
  }
}