568,1,DNS_UPDATE_SUCCEEDED
635,2,DCOP_PLAN_PLUBLIED
666,2,RLG_PLAN_PUBLISHED
106010,212,DCOP_PLAN_PLUBLIED
108598,217,RLG_PLAN_PUBLISHED
108614,218,DNS_UPDATE_SUCCEEDED
109115,219,DNS_UPDATE_SUCCEEDED
111598,223,RLG_PLAN_PUBLISHED
111613,224,DNS_UPDATE_SUCCEEDED
165938,332,DCOP_PLAN_PLUBLIED
168600,337,RLG_PLAN_PUBLISHED
168635,338,DNS_UPDATE_SUCCEEDED
169136,339,DNS_UPDATE_SUCCEEDED
171601,343,RLG_PLAN_PUBLISHED
171637,344,DNS_UPDATE_SUCCEEDED
225948,452,DCOP_PLAN_PLUBLIED
228602,457,RLG_PLAN_PUBLISHED
228655,458,DNS_UPDATE_SUCCEEDED
285910,572,DCOP_PLAN_PLUBLIED
288607,577,RLG_PLAN_PUBLISHED
288677,578,DNS_UPDATE_SUCCEEDED
345913,692,DCOP_PLAN_PLUBLIED
348609,697,RLG_PLAN_PUBLISHED
348693,698,DNS_UPDATE_SUCCEEDED
405935,812,DCOP_PLAN_PLUBLIED
408621,817,RLG_PLAN_PUBLISHED
408713,818,DNS_UPDATE_SUCCEEDED
466021,932,DCOP_PLAN_PLUBLIED
468624,937,RLG_PLAN_PUBLISHED
468768,938,DNS_UPDATE_SUCCEEDED
525931,1052,DCOP_PLAN_PLUBLIED
528627,1057,RLG_PLAN_PUBLISHED
528804,1058,DNS_UPDATE_SUCCEEDED
585907,1172,DCOP_PLAN_PLUBLIED
588629,1177,RLG_PLAN_PUBLISHED
588820,1178,DNS_UPDATE_SUCCEEDED
630004,1260,DCOP_PLAN_PLUBLIED
