{
  "nodeName" : {
    "name" : "nodeO"
  },
  "timestamp" : 63496,
  "demandEstimationWindow" : "LONG",
  "nodeComputeCapacity" : {
    "CPU" : 8.0,
    "MEMORY" : 1.6E10,
    "DISK" : 10.0,
    "TASK_CONTAINERS" : 8.0
  },
  "networkCapacity" : {
    "interface-nodeB ( nodeB )" : {
      "DATARATE_RX" : 100.0,
      "DATARATE_TX" : 100.0
    },
    "interface-nodeH ( nodeH )" : {
      "DATARATE_RX" : 100.0,
      "DATARATE_TX" : 100.0
    },
    "interface-nodeI ( nodeI )" : {
      "DATARATE_RX" : 100.0,
      "DATARATE_TX" : 100.0
    },
    "interface-nodeG ( nodeG )" : {
      "DATARATE_RX" : 100.0,
      "DATARATE_TX" : 100.0
    },
    "interface-nodeL ( nodeL )" : {
      "DATARATE_RX" : 100.0,
      "DATARATE_TX" : 100.0
    },
    "interface-nodeK ( nodeK )" : {
      "DATARATE_RX" : 100.0,
      "DATARATE_TX" : 100.0
    },
    "interface-nodeA ( nodeA )" : {
      "DATARATE_RX" : 100.0,
      "DATARATE_TX" : 100.0
    },
    "interface-nodeN ( nodeN )" : {
      "DATARATE_RX" : 100.0,
      "DATARATE_TX" : 100.0
    }
  },
  "networkLoad" : {
    "interface-nodeB ( nodeB )" : { },
    "interface-nodeH ( nodeH )" : { },
    "interface-nodeI ( nodeI )" : {
      "(nodeO_c07, clientPoolI, nodeO_c07)" : {
        "AppCoordinates {com.bbn, test-service2, 1}" : {
          "DATARATE_TX" : 7.19999999999999E-5,
          "DATARATE_RX" : 1.439999999999998E-4
        }
      },
      "(nodeO_c03, clientPoolI, nodeO_c03)" : {
        "AppCoordinates {com.bbn, test-service1, 1}" : {
          "DATARATE_TX" : 6.79999999999999E-5,
          "DATARATE_RX" : 1.359999999999998E-4
        }
      },
      "(nodeO_c04, clientPoolI, nodeO_c04)" : {
        "AppCoordinates {com.bbn, test-service1, 1}" : {
          "DATARATE_TX" : 6.499999999999991E-5,
          "DATARATE_RX" : 1.2999999999999983E-4
        }
      },
      "(nodeO_c05, clientPoolI, nodeO_c05)" : {
        "AppCoordinates {com.bbn, test-service3, 1}" : {
          "DATARATE_TX" : 3.5E-5,
          "DATARATE_RX" : 7.0E-5
        }
      },
      "(nodeO_c00, clientPoolI, nodeO_c00)" : {
        "AppCoordinates {com.bbn, test-service1, 1}" : {
          "DATARATE_TX" : 6.599999999999991E-5,
          "DATARATE_RX" : 1.3199999999999982E-4
        }
      },
      "(nodeO_c01, clientPoolI, nodeO_c01)" : {
        "AppCoordinates {com.bbn, test-service2, 1}" : {
          "DATARATE_TX" : 6.79999999999999E-5,
          "DATARATE_RX" : 1.359999999999998E-4
        }
      },
      "(nodeO_c02, clientPoolI, nodeO_c02)" : {
        "AppCoordinates {com.bbn, test-service3, 1}" : {
          "DATARATE_TX" : 6.699999999999991E-5,
          "DATARATE_RX" : 1.3399999999999981E-4
        }
      }
    },
    "interface-nodeG ( nodeG )" : {
      "(nodeO_c04, clientPoolJ, nodeO_c04)" : {
        "AppCoordinates {com.bbn, test-service1, 1}" : {
          "DATARATE_TX" : 6.499999999999991E-5,
          "DATARATE_RX" : 1.2999999999999983E-4
        }
      },
      "(nodeO_c05, clientPoolJ, nodeO_c05)" : {
        "AppCoordinates {com.bbn, test-service3, 1}" : {
          "DATARATE_TX" : 3.8999999999999986E-5,
          "DATARATE_RX" : 7.799999999999997E-5
        }
      },
      "(nodeO_c07, clientPoolJ, nodeO_c07)" : {
        "AppCoordinates {com.bbn, test-service2, 1}" : {
          "DATARATE_TX" : 6.499999999999991E-5,
          "DATARATE_RX" : 1.2999999999999983E-4
        }
      },
      "(nodeO_c00, clientPoolJ, nodeO_c00)" : {
        "AppCoordinates {com.bbn, test-service1, 1}" : {
          "DATARATE_TX" : 6.699999999999991E-5,
          "DATARATE_RX" : 1.3399999999999981E-4
        }
      },
      "(nodeO_c01, clientPoolJ, nodeO_c01)" : {
        "AppCoordinates {com.bbn, test-service2, 1}" : {
          "DATARATE_TX" : 6.599999999999991E-5,
          "DATARATE_RX" : 1.3199999999999982E-4
        }
      },
      "(nodeO_c02, clientPoolJ, nodeO_c02)" : {
        "AppCoordinates {com.bbn, test-service3, 1}" : {
          "DATARATE_TX" : 6.599999999999991E-5,
          "DATARATE_RX" : 1.3199999999999982E-4
        }
      },
      "(nodeO_c03, clientPoolJ, nodeO_c03)" : {
        "AppCoordinates {com.bbn, test-service1, 1}" : {
          "DATARATE_TX" : 5.999999999999993E-5,
          "DATARATE_RX" : 1.1999999999999985E-4
        }
      }
    },
    "interface-nodeL ( nodeL )" : { },
    "interface-nodeK ( nodeK )" : {
      "(nodeO_c05, clientPoolK, nodeO_c05)" : {
        "AppCoordinates {com.bbn, test-service3, 1}" : {
          "DATARATE_TX" : 3.8999999999999986E-5,
          "DATARATE_RX" : 7.799999999999997E-5
        }
      },
      "(nodeO_c07, clientPoolK, nodeO_c07)" : {
        "AppCoordinates {com.bbn, test-service2, 1}" : {
          "DATARATE_TX" : 6.299999999999992E-5,
          "DATARATE_RX" : 1.2599999999999984E-4
        }
      },
      "(nodeO_c01, clientPoolK, nodeO_c01)" : {
        "AppCoordinates {com.bbn, test-service2, 1}" : {
          "DATARATE_TX" : 6.599999999999991E-5,
          "DATARATE_RX" : 1.3199999999999982E-4
        }
      },
      "(nodeO_c02, clientPoolK, nodeO_c02)" : {
        "AppCoordinates {com.bbn, test-service3, 1}" : {
          "DATARATE_TX" : 6.699999999999991E-5,
          "DATARATE_RX" : 1.3399999999999981E-4
        }
      },
      "(nodeO_c03, clientPoolK, nodeO_c03)" : {
        "AppCoordinates {com.bbn, test-service1, 1}" : {
          "DATARATE_TX" : 7.19999999999999E-5,
          "DATARATE_RX" : 1.439999999999998E-4
        }
      },
      "(nodeO_c04, clientPoolK, nodeO_c04)" : {
        "AppCoordinates {com.bbn, test-service1, 1}" : {
          "DATARATE_TX" : 5.799999999999993E-5,
          "DATARATE_RX" : 1.1599999999999987E-4
        }
      },
      "(nodeO_c00, clientPoolK, nodeO_c00)" : {
        "AppCoordinates {com.bbn, test-service1, 1}" : {
          "DATARATE_TX" : 6.699999999999991E-5,
          "DATARATE_RX" : 1.3399999999999981E-4
        }
      }
    },
    "interface-nodeA ( nodeA )" : { },
    "interface-nodeN ( nodeN )" : { }
  },
  "networkDemand" : {
    "interface-nodeB ( nodeB )" : { },
    "interface-nodeA ( nodeA )" : { },
    "interface-nodeN ( nodeN )" : { },
    "interface-nodeL ( nodeL )" : { },
    "interface-nodeK ( nodeK )" : {
      "(nodeO_c05, clientPoolK, nodeO_c05)" : {
        "AppCoordinates {com.bbn, test-service3, 1}" : {
          "DATARATE_TX" : 3.4111111111111095E-5,
          "DATARATE_RX" : 6.822222222222219E-5
        }
      },
      "(nodeO_c07, clientPoolK, nodeO_c07)" : {
        "AppCoordinates {com.bbn, test-service2, 1}" : {
          "DATARATE_TX" : 5.9151515151515064E-5,
          "DATARATE_RX" : 1.1830303030303013E-4
        }
      },
      "(nodeO_c01, clientPoolK, nodeO_c01)" : {
        "AppCoordinates {com.bbn, test-service2, 1}" : {
          "DATARATE_TX" : 6.441304347826082E-5,
          "DATARATE_RX" : 1.2882608695652164E-4
        }
      },
      "(nodeO_c02, clientPoolK, nodeO_c02)" : {
        "AppCoordinates {com.bbn, test-service3, 1}" : {
          "DATARATE_TX" : 6.214814814814809E-5,
          "DATARATE_RX" : 1.2429629629629618E-4
        }
      },
      "(nodeO_c03, clientPoolK, nodeO_c03)" : {
        "AppCoordinates {com.bbn, test-service1, 1}" : {
          "DATARATE_TX" : 6.949122807017536E-5,
          "DATARATE_RX" : 1.3898245614035073E-4
        }
      },
      "(nodeO_c04, clientPoolK, nodeO_c04)" : {
        "AppCoordinates {com.bbn, test-service1, 1}" : {
          "DATARATE_TX" : 5.5549019607843045E-5,
          "DATARATE_RX" : 1.1109803921568609E-4
        }
      },
      "(nodeO_c00, clientPoolK, nodeO_c00)" : {
        "AppCoordinates {com.bbn, test-service1, 1}" : {
          "DATARATE_TX" : 6.547761194029841E-5,
          "DATARATE_RX" : 1.3095522388059682E-4
        }
      }
    },
    "interface-nodeI ( nodeI )" : {
      "(nodeO_c07, clientPoolI, nodeO_c07)" : {
        "AppCoordinates {com.bbn, test-service2, 1}" : {
          "DATARATE_TX" : 6.715151515151504E-5,
          "DATARATE_RX" : 1.3430303030303008E-4
        }
      },
      "(nodeO_c03, clientPoolI, nodeO_c03)" : {
        "AppCoordinates {com.bbn, test-service1, 1}" : {
          "DATARATE_TX" : 6.549122807017536E-5,
          "DATARATE_RX" : 1.3098245614035072E-4
        }
      },
      "(nodeO_c04, clientPoolI, nodeO_c04)" : {
        "AppCoordinates {com.bbn, test-service1, 1}" : {
          "DATARATE_TX" : 6.23725490196078E-5,
          "DATARATE_RX" : 1.247450980392156E-4
        }
      },
      "(nodeO_c05, clientPoolI, nodeO_c05)" : {
        "AppCoordinates {com.bbn, test-service3, 1}" : {
          "DATARATE_TX" : 3.066666666666666E-5,
          "DATARATE_RX" : 6.133333333333332E-5
        }
      },
      "(nodeO_c00, clientPoolI, nodeO_c00)" : {
        "AppCoordinates {com.bbn, test-service1, 1}" : {
          "DATARATE_TX" : 6.455223880597014E-5,
          "DATARATE_RX" : 1.291044776119403E-4
        }
      },
      "(nodeO_c01, clientPoolI, nodeO_c01)" : {
        "AppCoordinates {com.bbn, test-service2, 1}" : {
          "DATARATE_TX" : 6.502127659574461E-5,
          "DATARATE_RX" : 1.3004255319148923E-4
        }
      },
      "(nodeO_c02, clientPoolI, nodeO_c02)" : {
        "AppCoordinates {com.bbn, test-service3, 1}" : {
          "DATARATE_TX" : 6.244444444444438E-5,
          "DATARATE_RX" : 1.2488888888888877E-4
        }
      }
    },
    "interface-nodeH ( nodeH )" : { },
    "interface-nodeG ( nodeG )" : {
      "(nodeO_c04, clientPoolJ, nodeO_c04)" : {
        "AppCoordinates {com.bbn, test-service1, 1}" : {
          "DATARATE_TX" : 6.23725490196078E-5,
          "DATARATE_RX" : 1.247450980392156E-4
        }
      },
      "(nodeO_c05, clientPoolJ, nodeO_c05)" : {
        "AppCoordinates {com.bbn, test-service3, 1}" : {
          "DATARATE_TX" : 3.388888888888888E-5,
          "DATARATE_RX" : 6.777777777777776E-5
        }
      },
      "(nodeO_c07, clientPoolJ, nodeO_c07)" : {
        "AppCoordinates {com.bbn, test-service2, 1}" : {
          "DATARATE_TX" : 6.1060606060606E-5,
          "DATARATE_RX" : 1.22121212121212E-4
        }
      },
      "(nodeO_c00, clientPoolJ, nodeO_c00)" : {
        "AppCoordinates {com.bbn, test-service1, 1}" : {
          "DATARATE_TX" : 6.547761194029843E-5,
          "DATARATE_RX" : 1.3095522388059685E-4
        }
      },
      "(nodeO_c01, clientPoolJ, nodeO_c01)" : {
        "AppCoordinates {com.bbn, test-service2, 1}" : {
          "DATARATE_TX" : 6.445652173913037E-5,
          "DATARATE_RX" : 1.2891304347826074E-4
        }
      },
      "(nodeO_c02, clientPoolJ, nodeO_c02)" : {
        "AppCoordinates {com.bbn, test-service3, 1}" : {
          "DATARATE_TX" : 6.349999999999989E-5,
          "DATARATE_RX" : 1.2699999999999978E-4
        }
      },
      "(nodeO_c03, clientPoolJ, nodeO_c03)" : {
        "AppCoordinates {com.bbn, test-service1, 1}" : {
          "DATARATE_TX" : 5.778947368421039E-5,
          "DATARATE_RX" : 1.1557894736842078E-4
        }
      }
    }
  },
  "containerReports" : {
    "nodeO_c07" : {
      "containerName" : {
        "name" : "nodeO_c07"
      },
      "timestamp" : 63496,
      "service" : {
        "group" : "com.bbn",
        "artifact" : "test-service2",
        "version" : "1"
      },
      "serviceStatus" : "RUNNING",
      "demandEstimationWindow" : "LONG",
      "computeCapacity" : {
        "CPU" : 1.0,
        "TASK_CONTAINERS" : 100.0,
        "QueueLength" : 1000000.0
      },
      "computeLoad" : {
        "UNKNOWN" : {
          "QueueLength" : 200.0,
          "TASK_CONTAINERS" : 100.0
        }
      },
      "computeDemand" : {
        "UNKNOWN" : {
          "QueueLength" : 171.58333333333334,
          "TASK_CONTAINERS" : 90.83823529411765
        }
      },
      "averageProcessingTime" : "NaN",
      "networkCapacity" : {
        "interface-nodeO ( nodeO )" : {
          "DATARATE_TX" : 100.0,
          "DATARATE_RX" : 100.0
        }
      },
      "networkLoad" : {
        "interface-nodeO ( nodeO )" : {
          "(clientPoolK, nodeO_c07, nodeO_c07)" : {
            "AppCoordinates {com.bbn, test-service2, 1}" : {
              "DATARATE_TX" : 1.7999999999999969E-4,
              "DATARATE_RX" : 8.999999999999984E-5
            }
          },
          "(clientPoolJ, nodeO_c07, nodeO_c07)" : {
            "AppCoordinates {com.bbn, test-service2, 1}" : {
              "DATARATE_TX" : 1.6199999999999974E-4,
              "DATARATE_RX" : 8.099999999999987E-5
            }
          },
          "(clientPoolI, nodeO_c07, nodeO_c07)" : {
            "AppCoordinates {com.bbn, test-service2, 1}" : {
              "DATARATE_TX" : 1.8599999999999967E-4,
              "DATARATE_RX" : 9.299999999999983E-5
            }
          }
        }
      },
      "networkDemand" : {
        "interface-nodeO ( nodeO )" : {
          "(clientPoolK, nodeO_c07, nodeO_c07)" : {
            "AppCoordinates {com.bbn, test-service2, 1}" : {
              "DATARATE_TX" : 1.6327272727272696E-4,
              "DATARATE_RX" : 8.163636363636348E-5
            }
          },
          "(clientPoolJ, nodeO_c07, nodeO_c07)" : {
            "AppCoordinates {com.bbn, test-service2, 1}" : {
              "DATARATE_TX" : 1.487878787878786E-4,
              "DATARATE_RX" : 7.43939393939393E-5
            }
          },
          "(clientPoolI, nodeO_c07, nodeO_c07)" : {
            "AppCoordinates {com.bbn, test-service2, 1}" : {
              "DATARATE_TX" : 1.6927272727272692E-4,
              "DATARATE_RX" : 8.463636363636346E-5
            }
          }
        }
      }
    },
    "nodeO_c02" : {
      "containerName" : {
        "name" : "nodeO_c02"
      },
      "timestamp" : 63496,
      "service" : {
        "group" : "com.bbn",
        "artifact" : "test-service3",
        "version" : "1"
      },
      "serviceStatus" : "RUNNING",
      "demandEstimationWindow" : "LONG",
      "computeCapacity" : {
        "CPU" : 1.0,
        "TASK_CONTAINERS" : 100.0,
        "QueueLength" : 1000000.0
      },
      "computeLoad" : {
        "UNKNOWN" : {
          "QueueLength" : 200.0,
          "TASK_CONTAINERS" : 100.0
        }
      },
      "computeDemand" : {
        "UNKNOWN" : {
          "QueueLength" : 38.72868217054263,
          "TASK_CONTAINERS" : 89.21428571428571
        }
      },
      "averageProcessingTime" : "NaN",
      "networkCapacity" : {
        "interface-nodeO ( nodeO )" : {
          "DATARATE_TX" : 100.0,
          "DATARATE_RX" : 100.0
        }
      },
      "networkLoad" : {
        "interface-nodeO ( nodeO )" : {
          "(clientPoolK, nodeO_c02, nodeO_c02)" : {
            "AppCoordinates {com.bbn, test-service3, 1}" : {
              "DATARATE_TX" : 7.220000000000045E-4,
              "DATARATE_RX" : 3.6100000000000227E-4
            }
          },
          "(clientPoolJ, nodeO_c02, nodeO_c02)" : {
            "AppCoordinates {com.bbn, test-service3, 1}" : {
              "DATARATE_TX" : 7.220000000000045E-4,
              "DATARATE_RX" : 3.6100000000000227E-4
            }
          },
          "(clientPoolI, nodeO_c02, nodeO_c02)" : {
            "AppCoordinates {com.bbn, test-service3, 1}" : {
              "DATARATE_TX" : 7.300000000000047E-4,
              "DATARATE_RX" : 3.6500000000000237E-4
            }
          }
        }
      },
      "networkDemand" : {
        "interface-nodeO ( nodeO )" : {
          "(clientPoolK, nodeO_c02, nodeO_c02)" : {
            "AppCoordinates {com.bbn, test-service3, 1}" : {
              "DATARATE_TX" : 4.822307692307707E-4,
              "DATARATE_RX" : 2.4111538461538536E-4
            }
          },
          "(clientPoolJ, nodeO_c02, nodeO_c02)" : {
            "AppCoordinates {com.bbn, test-service3, 1}" : {
              "DATARATE_TX" : 4.810000000000016E-4,
              "DATARATE_RX" : 2.405000000000008E-4
            }
          },
          "(clientPoolI, nodeO_c02, nodeO_c02)" : {
            "AppCoordinates {com.bbn, test-service3, 1}" : {
              "DATARATE_TX" : 4.66370370370372E-4,
              "DATARATE_RX" : 2.33185185185186E-4
            }
          }
        }
      }
    },
    "nodeO_c01" : {
      "containerName" : {
        "name" : "nodeO_c01"
      },
      "timestamp" : 63497,
      "service" : {
        "group" : "com.bbn",
        "artifact" : "test-service2",
        "version" : "1"
      },
      "serviceStatus" : "RUNNING",
      "demandEstimationWindow" : "LONG",
      "computeCapacity" : {
        "CPU" : 1.0,
        "TASK_CONTAINERS" : 100.0,
        "QueueLength" : 1000000.0
      },
      "computeLoad" : {
        "UNKNOWN" : {
          "QueueLength" : 200.0,
          "TASK_CONTAINERS" : 100.0
        }
      },
      "computeDemand" : {
        "UNKNOWN" : {
          "QueueLength" : 69.53488372093024,
          "TASK_CONTAINERS" : 93.4375
        }
      },
      "averageProcessingTime" : "NaN",
      "networkCapacity" : {
        "interface-nodeO ( nodeO )" : {
          "DATARATE_TX" : 100.0,
          "DATARATE_RX" : 100.0
        }
      },
      "networkLoad" : {
        "interface-nodeO ( nodeO )" : {
          "(clientPoolK, nodeO_c01, nodeO_c01)" : {
            "AppCoordinates {com.bbn, test-service2, 1}" : {
              "DATARATE_TX" : 6.200000000000021E-4,
              "DATARATE_RX" : 3.1000000000000103E-4
            }
          },
          "(clientPoolJ, nodeO_c01, nodeO_c01)" : {
            "AppCoordinates {com.bbn, test-service2, 1}" : {
              "DATARATE_TX" : 6.380000000000025E-4,
              "DATARATE_RX" : 3.1900000000000125E-4
            }
          },
          "(clientPoolI, nodeO_c01, nodeO_c01)" : {
            "AppCoordinates {com.bbn, test-service2, 1}" : {
              "DATARATE_TX" : 6.140000000000019E-4,
              "DATARATE_RX" : 3.0700000000000096E-4
            }
          }
        }
      },
      "networkDemand" : {
        "interface-nodeO ( nodeO )" : {
          "(clientPoolK, nodeO_c01, nodeO_c01)" : {
            "AppCoordinates {com.bbn, test-service2, 1}" : {
              "DATARATE_TX" : 5.109565217391317E-4,
              "DATARATE_RX" : 2.5547826086956587E-4
            }
          },
          "(clientPoolJ, nodeO_c01, nodeO_c01)" : {
            "AppCoordinates {com.bbn, test-service2, 1}" : {
              "DATARATE_TX" : 5.212608695652192E-4,
              "DATARATE_RX" : 2.606304347826096E-4
            }
          },
          "(clientPoolI, nodeO_c01, nodeO_c01)" : {
            "AppCoordinates {com.bbn, test-service2, 1}" : {
              "DATARATE_TX" : 4.973617021276609E-4,
              "DATARATE_RX" : 2.4868085106383045E-4
            }
          }
        }
      }
    },
    "nodeO_c00" : {
      "containerName" : {
        "name" : "nodeO_c00"
      },
      "timestamp" : 63497,
      "service" : {
        "group" : "com.bbn",
        "artifact" : "test-service1",
        "version" : "1"
      },
      "serviceStatus" : "RUNNING",
      "demandEstimationWindow" : "LONG",
      "computeCapacity" : {
        "CPU" : 1.0,
        "TASK_CONTAINERS" : 100.0,
        "QueueLength" : 1000000.0
      },
      "computeLoad" : {
        "UNKNOWN" : {
          "QueueLength" : 200.0,
          "TASK_CONTAINERS" : 100.0
        }
      },
      "computeDemand" : {
        "UNKNOWN" : {
          "QueueLength" : 101.44186046511628,
          "TASK_CONTAINERS" : 96.22058823529412
        }
      },
      "averageProcessingTime" : "NaN",
      "networkCapacity" : {
        "interface-nodeO ( nodeO )" : {
          "DATARATE_TX" : 100.0,
          "DATARATE_RX" : 100.0
        }
      },
      "networkLoad" : {
        "interface-nodeO ( nodeO )" : {
          "(clientPoolK, nodeO_c00, nodeO_c00)" : {
            "AppCoordinates {com.bbn, test-service1, 1}" : {
              "DATARATE_TX" : 4.5999999999999893E-4,
              "DATARATE_RX" : 2.2999999999999946E-4
            }
          },
          "(clientPoolJ, nodeO_c00, nodeO_c00)" : {
            "AppCoordinates {com.bbn, test-service1, 1}" : {
              "DATARATE_TX" : 4.8399999999999886E-4,
              "DATARATE_RX" : 2.4199999999999943E-4
            }
          },
          "(clientPoolI, nodeO_c00, nodeO_c00)" : {
            "AppCoordinates {com.bbn, test-service1, 1}" : {
              "DATARATE_TX" : 4.5199999999999895E-4,
              "DATARATE_RX" : 2.2599999999999948E-4
            }
          }
        }
      },
      "networkDemand" : {
        "interface-nodeO ( nodeO )" : {
          "(clientPoolK, nodeO_c00, nodeO_c00)" : {
            "AppCoordinates {com.bbn, test-service1, 1}" : {
              "DATARATE_TX" : 4.080298507462675E-4,
              "DATARATE_RX" : 2.0401492537313375E-4
            }
          },
          "(clientPoolJ, nodeO_c00, nodeO_c00)" : {
            "AppCoordinates {com.bbn, test-service1, 1}" : {
              "DATARATE_TX" : 4.284776119402973E-4,
              "DATARATE_RX" : 2.1423880597014864E-4
            }
          },
          "(clientPoolI, nodeO_c00, nodeO_c00)" : {
            "AppCoordinates {com.bbn, test-service1, 1}" : {
              "DATARATE_TX" : 4.028955223880585E-4,
              "DATARATE_RX" : 2.0144776119402925E-4
            }
          }
        }
      }
    },
    "nodeO_c06" : {
      "containerName" : {
        "name" : "nodeO_c06"
      },
      "timestamp" : 63498,
      "service" : {
        "group" : "com.bbn",
        "artifact" : "test-service2",
        "version" : "1"
      },
      "serviceStatus" : "RUNNING",
      "demandEstimationWindow" : "LONG",
      "computeCapacity" : {
        "CPU" : 1.0,
        "TASK_CONTAINERS" : 100.0,
        "QueueLength" : 1000000.0
      },
      "computeLoad" : {
        "UNKNOWN" : {
          "QueueLength" : 0.0
        }
      },
      "computeDemand" : {
        "UNKNOWN" : {
          "QueueLength" : 0.0
        }
      },
      "averageProcessingTime" : "NaN",
      "networkCapacity" : {
        "interface-nodeO ( nodeO )" : {
          "DATARATE_TX" : 100.0,
          "DATARATE_RX" : 100.0
        }
      },
      "networkLoad" : {
        "interface-nodeO ( nodeO )" : { }
      },
      "networkDemand" : {
        "interface-nodeO ( nodeO )" : { }
      }
    },
    "nodeO_c05" : {
      "containerName" : {
        "name" : "nodeO_c05"
      },
      "timestamp" : 63498,
      "service" : {
        "group" : "com.bbn",
        "artifact" : "test-service3",
        "version" : "1"
      },
      "serviceStatus" : "RUNNING",
      "demandEstimationWindow" : "LONG",
      "computeCapacity" : {
        "CPU" : 1.0,
        "TASK_CONTAINERS" : 100.0,
        "QueueLength" : 1000000.0
      },
      "computeLoad" : {
        "UNKNOWN" : {
          "QueueLength" : 113.0,
          "TASK_CONTAINERS" : 56.5
        }
      },
      "computeDemand" : {
        "UNKNOWN" : {
          "QueueLength" : 73.91666666666667,
          "TASK_CONTAINERS" : 44.35
        }
      },
      "averageProcessingTime" : "NaN",
      "networkCapacity" : {
        "interface-nodeO ( nodeO )" : {
          "DATARATE_TX" : 100.0,
          "DATARATE_RX" : 100.0
        }
      },
      "networkLoad" : {
        "interface-nodeO ( nodeO )" : {
          "(clientPoolJ, nodeO_c05, nodeO_c05)" : {
            "AppCoordinates {com.bbn, test-service3, 1}" : {
              "DATARATE_TX" : 7.799999999999997E-5,
              "DATARATE_RX" : 3.8999999999999986E-5
            }
          },
          "(clientPoolI, nodeO_c05, nodeO_c05)" : {
            "AppCoordinates {com.bbn, test-service3, 1}" : {
              "DATARATE_TX" : 7.0E-5,
              "DATARATE_RX" : 3.5E-5
            }
          },
          "(clientPoolK, nodeO_c05, nodeO_c05)" : {
            "AppCoordinates {com.bbn, test-service3, 1}" : {
              "DATARATE_TX" : 7.799999999999997E-5,
              "DATARATE_RX" : 3.8999999999999986E-5
            }
          }
        }
      },
      "networkDemand" : {
        "interface-nodeO ( nodeO )" : {
          "(clientPoolJ, nodeO_c05, nodeO_c05)" : {
            "AppCoordinates {com.bbn, test-service3, 1}" : {
              "DATARATE_TX" : 6.777777777777776E-5,
              "DATARATE_RX" : 3.388888888888888E-5
            }
          },
          "(clientPoolI, nodeO_c05, nodeO_c05)" : {
            "AppCoordinates {com.bbn, test-service3, 1}" : {
              "DATARATE_TX" : 6.133333333333332E-5,
              "DATARATE_RX" : 3.066666666666666E-5
            }
          },
          "(clientPoolK, nodeO_c05, nodeO_c05)" : {
            "AppCoordinates {com.bbn, test-service3, 1}" : {
              "DATARATE_TX" : 6.822222222222219E-5,
              "DATARATE_RX" : 3.4111111111111095E-5
            }
          }
        }
      }
    },
    "nodeO_c04" : {
      "containerName" : {
        "name" : "nodeO_c04"
      },
      "timestamp" : 63498,
      "service" : {
        "group" : "com.bbn",
        "artifact" : "test-service1",
        "version" : "1"
      },
      "serviceStatus" : "RUNNING",
      "demandEstimationWindow" : "LONG",
      "computeCapacity" : {
        "CPU" : 1.0,
        "TASK_CONTAINERS" : 100.0,
        "QueueLength" : 1000000.0
      },
      "computeLoad" : {
        "UNKNOWN" : {
          "QueueLength" : 188.0,
          "TASK_CONTAINERS" : 94.0
        }
      },
      "computeDemand" : {
        "UNKNOWN" : {
          "QueueLength" : 170.2037037037037,
          "TASK_CONTAINERS" : 88.375
        }
      },
      "averageProcessingTime" : "NaN",
      "networkCapacity" : {
        "interface-nodeO ( nodeO )" : {
          "DATARATE_TX" : 100.0,
          "DATARATE_RX" : 100.0
        }
      },
      "networkLoad" : {
        "interface-nodeO ( nodeO )" : {
          "(clientPoolI, nodeO_c04, nodeO_c04)" : {
            "AppCoordinates {com.bbn, test-service1, 1}" : {
              "DATARATE_TX" : 1.2999999999999983E-4,
              "DATARATE_RX" : 6.499999999999991E-5
            }
          },
          "(clientPoolK, nodeO_c04, nodeO_c04)" : {
            "AppCoordinates {com.bbn, test-service1, 1}" : {
              "DATARATE_TX" : 1.1599999999999987E-4,
              "DATARATE_RX" : 5.799999999999993E-5
            }
          },
          "(clientPoolJ, nodeO_c04, nodeO_c04)" : {
            "AppCoordinates {com.bbn, test-service1, 1}" : {
              "DATARATE_TX" : 1.2999999999999983E-4,
              "DATARATE_RX" : 6.499999999999991E-5
            }
          }
        }
      },
      "networkDemand" : {
        "interface-nodeO ( nodeO )" : {
          "(clientPoolI, nodeO_c04, nodeO_c04)" : {
            "AppCoordinates {com.bbn, test-service1, 1}" : {
              "DATARATE_TX" : 1.2474509803921555E-4,
              "DATARATE_RX" : 6.237254901960778E-5
            }
          },
          "(clientPoolK, nodeO_c04, nodeO_c04)" : {
            "AppCoordinates {com.bbn, test-service1, 1}" : {
              "DATARATE_TX" : 1.1101960784313707E-4,
              "DATARATE_RX" : 5.5509803921568536E-5
            }
          },
          "(clientPoolJ, nodeO_c04, nodeO_c04)" : {
            "AppCoordinates {com.bbn, test-service1, 1}" : {
              "DATARATE_TX" : 1.2470588235294106E-4,
              "DATARATE_RX" : 6.235294117647053E-5
            }
          }
        }
      }
    },
    "nodeO_c03" : {
      "containerName" : {
        "name" : "nodeO_c03"
      },
      "timestamp" : 63499,
      "service" : {
        "group" : "com.bbn",
        "artifact" : "test-service1",
        "version" : "1"
      },
      "serviceStatus" : "RUNNING",
      "demandEstimationWindow" : "LONG",
      "computeCapacity" : {
        "CPU" : 1.0,
        "TASK_CONTAINERS" : 100.0,
        "QueueLength" : 1000000.0
      },
      "computeLoad" : {
        "UNKNOWN" : {
          "QueueLength" : 200.0,
          "TASK_CONTAINERS" : 100.0
        }
      },
      "computeDemand" : {
        "UNKNOWN" : {
          "QueueLength" : 183.1,
          "TASK_CONTAINERS" : 94.70689655172414
        }
      },
      "averageProcessingTime" : "NaN",
      "networkCapacity" : {
        "interface-nodeO ( nodeO )" : {
          "DATARATE_TX" : 100.0,
          "DATARATE_RX" : 100.0
        }
      },
      "networkLoad" : {
        "interface-nodeO ( nodeO )" : {
          "(clientPoolK, nodeO_c03, nodeO_c03)" : {
            "AppCoordinates {com.bbn, test-service1, 1}" : {
              "DATARATE_TX" : 2.2399999999999956E-4,
              "DATARATE_RX" : 1.1199999999999978E-4
            }
          },
          "(clientPoolJ, nodeO_c03, nodeO_c03)" : {
            "AppCoordinates {com.bbn, test-service1, 1}" : {
              "DATARATE_TX" : 1.8599999999999967E-4,
              "DATARATE_RX" : 9.299999999999983E-5
            }
          },
          "(clientPoolI, nodeO_c03, nodeO_c03)" : {
            "AppCoordinates {com.bbn, test-service1, 1}" : {
              "DATARATE_TX" : 2.1799999999999958E-4,
              "DATARATE_RX" : 1.0899999999999979E-4
            }
          }
        }
      },
      "networkDemand" : {
        "interface-nodeO ( nodeO )" : {
          "(clientPoolK, nodeO_c03, nodeO_c03)" : {
            "AppCoordinates {com.bbn, test-service1, 1}" : {
              "DATARATE_TX" : 2.0943859649122777E-4,
              "DATARATE_RX" : 1.0471929824561389E-4
            }
          },
          "(clientPoolJ, nodeO_c03, nodeO_c03)" : {
            "AppCoordinates {com.bbn, test-service1, 1}" : {
              "DATARATE_TX" : 1.7343859649122785E-4,
              "DATARATE_RX" : 8.671929824561392E-5
            }
          },
          "(clientPoolI, nodeO_c03, nodeO_c03)" : {
            "AppCoordinates {com.bbn, test-service1, 1}" : {
              "DATARATE_TX" : 2.0364912280701705E-4,
              "DATARATE_RX" : 1.0182456140350853E-4
            }
          }
        }
      }
    }
  },
  "maximumServiceContainers" : 8,
  "allocatedServiceContainers" : 8,
  "computeDemand" : {
    "AppCoordinates {com.bbn, test-service3, 1}" : {
      "UNKNOWN" : {
        "QueueLength" : 112.6453488372093,
        "TASK_CONTAINERS" : 133.56428571428572
      }
    },
    "AppCoordinates {com.bbn, test-service2, 1}" : {
      "UNKNOWN" : {
        "QueueLength" : 241.1182170542636,
        "TASK_CONTAINERS" : 184.27573529411765
      }
    },
    "AppCoordinates {com.bbn, test-service1, 1}" : {
      "UNKNOWN" : {
        "QueueLength" : 454.74556416882,
        "TASK_CONTAINERS" : 279.3024847870183
      }
    }
  },
  "containerNetworkLoad" : {
    "interface-nodeO ( nodeO )" : {
      "(clientPoolK, nodeO_c00, nodeO_c00)" : {
        "AppCoordinates {com.bbn, test-service1, 1}" : {
          "DATARATE_TX" : 4.5999999999999893E-4,
          "DATARATE_RX" : 2.2999999999999946E-4
        }
      },
      "(clientPoolJ, nodeO_c00, nodeO_c00)" : {
        "AppCoordinates {com.bbn, test-service1, 1}" : {
          "DATARATE_TX" : 4.8399999999999886E-4,
          "DATARATE_RX" : 2.4199999999999943E-4
        }
      },
      "(clientPoolK, nodeO_c01, nodeO_c01)" : {
        "AppCoordinates {com.bbn, test-service2, 1}" : {
          "DATARATE_TX" : 6.200000000000021E-4,
          "DATARATE_RX" : 3.1000000000000103E-4
        }
      },
      "(clientPoolI, nodeO_c04, nodeO_c04)" : {
        "AppCoordinates {com.bbn, test-service1, 1}" : {
          "DATARATE_TX" : 1.2999999999999983E-4,
          "DATARATE_RX" : 6.499999999999991E-5
        }
      },
      "(clientPoolJ, nodeO_c05, nodeO_c05)" : {
        "AppCoordinates {com.bbn, test-service3, 1}" : {
          "DATARATE_TX" : 7.799999999999997E-5,
          "DATARATE_RX" : 3.8999999999999986E-5
        }
      },
      "(clientPoolI, nodeO_c05, nodeO_c05)" : {
        "AppCoordinates {com.bbn, test-service3, 1}" : {
          "DATARATE_TX" : 7.0E-5,
          "DATARATE_RX" : 3.5E-5
        }
      },
      "(clientPoolK, nodeO_c07, nodeO_c07)" : {
        "AppCoordinates {com.bbn, test-service2, 1}" : {
          "DATARATE_TX" : 1.7999999999999969E-4,
          "DATARATE_RX" : 8.999999999999984E-5
        }
      },
      "(clientPoolJ, nodeO_c07, nodeO_c07)" : {
        "AppCoordinates {com.bbn, test-service2, 1}" : {
          "DATARATE_TX" : 1.6199999999999974E-4,
          "DATARATE_RX" : 8.099999999999987E-5
        }
      },
      "(clientPoolI, nodeO_c07, nodeO_c07)" : {
        "AppCoordinates {com.bbn, test-service2, 1}" : {
          "DATARATE_TX" : 1.8599999999999967E-4,
          "DATARATE_RX" : 9.299999999999983E-5
        }
      },
      "(clientPoolI, nodeO_c00, nodeO_c00)" : {
        "AppCoordinates {com.bbn, test-service1, 1}" : {
          "DATARATE_TX" : 4.5199999999999895E-4,
          "DATARATE_RX" : 2.2599999999999948E-4
        }
      },
      "(clientPoolJ, nodeO_c01, nodeO_c01)" : {
        "AppCoordinates {com.bbn, test-service2, 1}" : {
          "DATARATE_TX" : 6.380000000000025E-4,
          "DATARATE_RX" : 3.1900000000000125E-4
        }
      },
      "(clientPoolK, nodeO_c02, nodeO_c02)" : {
        "AppCoordinates {com.bbn, test-service3, 1}" : {
          "DATARATE_TX" : 7.220000000000045E-4,
          "DATARATE_RX" : 3.6100000000000227E-4
        }
      },
      "(clientPoolK, nodeO_c03, nodeO_c03)" : {
        "AppCoordinates {com.bbn, test-service1, 1}" : {
          "DATARATE_TX" : 2.2399999999999956E-4,
          "DATARATE_RX" : 1.1199999999999978E-4
        }
      },
      "(clientPoolI, nodeO_c01, nodeO_c01)" : {
        "AppCoordinates {com.bbn, test-service2, 1}" : {
          "DATARATE_TX" : 6.140000000000019E-4,
          "DATARATE_RX" : 3.0700000000000096E-4
        }
      },
      "(clientPoolJ, nodeO_c02, nodeO_c02)" : {
        "AppCoordinates {com.bbn, test-service3, 1}" : {
          "DATARATE_TX" : 7.220000000000045E-4,
          "DATARATE_RX" : 3.6100000000000227E-4
        }
      },
      "(clientPoolJ, nodeO_c03, nodeO_c03)" : {
        "AppCoordinates {com.bbn, test-service1, 1}" : {
          "DATARATE_TX" : 1.8599999999999967E-4,
          "DATARATE_RX" : 9.299999999999983E-5
        }
      },
      "(clientPoolK, nodeO_c04, nodeO_c04)" : {
        "AppCoordinates {com.bbn, test-service1, 1}" : {
          "DATARATE_TX" : 1.1599999999999987E-4,
          "DATARATE_RX" : 5.799999999999993E-5
        }
      },
      "(clientPoolI, nodeO_c02, nodeO_c02)" : {
        "AppCoordinates {com.bbn, test-service3, 1}" : {
          "DATARATE_TX" : 7.300000000000047E-4,
          "DATARATE_RX" : 3.6500000000000237E-4
        }
      },
      "(clientPoolI, nodeO_c03, nodeO_c03)" : {
        "AppCoordinates {com.bbn, test-service1, 1}" : {
          "DATARATE_TX" : 2.1799999999999958E-4,
          "DATARATE_RX" : 1.0899999999999979E-4
        }
      },
      "(clientPoolJ, nodeO_c04, nodeO_c04)" : {
        "AppCoordinates {com.bbn, test-service1, 1}" : {
          "DATARATE_TX" : 1.2999999999999983E-4,
          "DATARATE_RX" : 6.499999999999991E-5
        }
      },
      "(clientPoolK, nodeO_c05, nodeO_c05)" : {
        "AppCoordinates {com.bbn, test-service3, 1}" : {
          "DATARATE_TX" : 7.799999999999997E-5,
          "DATARATE_RX" : 3.8999999999999986E-5
        }
      }
    }
  },
  "containerNetworkDemand" : {
    "interface-nodeO ( nodeO )" : {
      "(clientPoolK, nodeO_c00, nodeO_c00)" : {
        "AppCoordinates {com.bbn, test-service1, 1}" : {
          "DATARATE_TX" : 4.080298507462675E-4,
          "DATARATE_RX" : 2.0401492537313375E-4
        }
      },
      "(clientPoolJ, nodeO_c00, nodeO_c00)" : {
        "AppCoordinates {com.bbn, test-service1, 1}" : {
          "DATARATE_TX" : 4.284776119402973E-4,
          "DATARATE_RX" : 2.1423880597014864E-4
        }
      },
      "(clientPoolK, nodeO_c01, nodeO_c01)" : {
        "AppCoordinates {com.bbn, test-service2, 1}" : {
          "DATARATE_TX" : 5.109565217391317E-4,
          "DATARATE_RX" : 2.5547826086956587E-4
        }
      },
      "(clientPoolI, nodeO_c04, nodeO_c04)" : {
        "AppCoordinates {com.bbn, test-service1, 1}" : {
          "DATARATE_TX" : 1.2474509803921555E-4,
          "DATARATE_RX" : 6.237254901960778E-5
        }
      },
      "(clientPoolJ, nodeO_c05, nodeO_c05)" : {
        "AppCoordinates {com.bbn, test-service3, 1}" : {
          "DATARATE_TX" : 6.777777777777776E-5,
          "DATARATE_RX" : 3.388888888888888E-5
        }
      },
      "(clientPoolI, nodeO_c05, nodeO_c05)" : {
        "AppCoordinates {com.bbn, test-service3, 1}" : {
          "DATARATE_TX" : 6.133333333333332E-5,
          "DATARATE_RX" : 3.066666666666666E-5
        }
      },
      "(clientPoolK, nodeO_c07, nodeO_c07)" : {
        "AppCoordinates {com.bbn, test-service2, 1}" : {
          "DATARATE_TX" : 1.6327272727272696E-4,
          "DATARATE_RX" : 8.163636363636348E-5
        }
      },
      "(clientPoolJ, nodeO_c07, nodeO_c07)" : {
        "AppCoordinates {com.bbn, test-service2, 1}" : {
          "DATARATE_TX" : 1.487878787878786E-4,
          "DATARATE_RX" : 7.43939393939393E-5
        }
      },
      "(clientPoolI, nodeO_c07, nodeO_c07)" : {
        "AppCoordinates {com.bbn, test-service2, 1}" : {
          "DATARATE_TX" : 1.6927272727272692E-4,
          "DATARATE_RX" : 8.463636363636346E-5
        }
      },
      "(clientPoolI, nodeO_c00, nodeO_c00)" : {
        "AppCoordinates {com.bbn, test-service1, 1}" : {
          "DATARATE_TX" : 4.028955223880585E-4,
          "DATARATE_RX" : 2.0144776119402925E-4
        }
      },
      "(clientPoolJ, nodeO_c01, nodeO_c01)" : {
        "AppCoordinates {com.bbn, test-service2, 1}" : {
          "DATARATE_TX" : 5.212608695652192E-4,
          "DATARATE_RX" : 2.606304347826096E-4
        }
      },
      "(clientPoolK, nodeO_c02, nodeO_c02)" : {
        "AppCoordinates {com.bbn, test-service3, 1}" : {
          "DATARATE_TX" : 4.822307692307707E-4,
          "DATARATE_RX" : 2.4111538461538536E-4
        }
      },
      "(clientPoolK, nodeO_c03, nodeO_c03)" : {
        "AppCoordinates {com.bbn, test-service1, 1}" : {
          "DATARATE_TX" : 2.0943859649122777E-4,
          "DATARATE_RX" : 1.0471929824561389E-4
        }
      },
      "(clientPoolI, nodeO_c01, nodeO_c01)" : {
        "AppCoordinates {com.bbn, test-service2, 1}" : {
          "DATARATE_TX" : 4.973617021276609E-4,
          "DATARATE_RX" : 2.4868085106383045E-4
        }
      },
      "(clientPoolJ, nodeO_c02, nodeO_c02)" : {
        "AppCoordinates {com.bbn, test-service3, 1}" : {
          "DATARATE_TX" : 4.810000000000016E-4,
          "DATARATE_RX" : 2.405000000000008E-4
        }
      },
      "(clientPoolJ, nodeO_c03, nodeO_c03)" : {
        "AppCoordinates {com.bbn, test-service1, 1}" : {
          "DATARATE_TX" : 1.7343859649122785E-4,
          "DATARATE_RX" : 8.671929824561392E-5
        }
      },
      "(clientPoolK, nodeO_c04, nodeO_c04)" : {
        "AppCoordinates {com.bbn, test-service1, 1}" : {
          "DATARATE_TX" : 1.1101960784313707E-4,
          "DATARATE_RX" : 5.5509803921568536E-5
        }
      },
      "(clientPoolI, nodeO_c02, nodeO_c02)" : {
        "AppCoordinates {com.bbn, test-service3, 1}" : {
          "DATARATE_TX" : 4.66370370370372E-4,
          "DATARATE_RX" : 2.33185185185186E-4
        }
      },
      "(clientPoolI, nodeO_c03, nodeO_c03)" : {
        "AppCoordinates {com.bbn, test-service1, 1}" : {
          "DATARATE_TX" : 2.0364912280701705E-4,
          "DATARATE_RX" : 1.0182456140350853E-4
        }
      },
      "(clientPoolJ, nodeO_c04, nodeO_c04)" : {
        "AppCoordinates {com.bbn, test-service1, 1}" : {
          "DATARATE_TX" : 1.2470588235294106E-4,
          "DATARATE_RX" : 6.235294117647053E-5
        }
      },
      "(clientPoolK, nodeO_c05, nodeO_c05)" : {
        "AppCoordinates {com.bbn, test-service3, 1}" : {
          "DATARATE_TX" : 6.822222222222219E-5,
          "DATARATE_RX" : 3.4111111111111095E-5
        }
      }
    }
  },
  "computeLoad" : {
    "AppCoordinates {com.bbn, test-service3, 1}" : {
      "UNKNOWN" : {
        "QueueLength" : 313.0,
        "TASK_CONTAINERS" : 156.5
      }
    },
    "AppCoordinates {com.bbn, test-service2, 1}" : {
      "UNKNOWN" : {
        "QueueLength" : 400.0,
        "TASK_CONTAINERS" : 200.0
      }
    },
    "AppCoordinates {com.bbn, test-service1, 1}" : {
      "UNKNOWN" : {
        "QueueLength" : 588.0,
        "TASK_CONTAINERS" : 294.0
      }
    }
  },
  "allocatedComputeCapacity" : {
    "CPU" : 8.0,
    "QueueLength" : 8000000.0,
    "TASK_CONTAINERS" : 800.0
  },
  "availableServiceContainers" : 0,
  "averageProcessingTime" : { }
}