{
  "nodeName" : {
    "name" : "nodeD"
  },
  "timestamp" : 40993,
  "demandEstimationWindow" : "LONG",
  "nodeComputeCapacity" : {
    "CPU" : 4.0,
    "MEMORY" : 8.0E9,
    "DISK" : 10.0,
    "TASK_CONTAINERS" : 20.0
  },
  "networkCapacity" : {
    "interface-nodeE ( nodeE )" : {
      "DATARATE_RX" : 100.0,
      "DATARATE_TX" : 100.0
    },
    "interface-nodeA ( nodeA )" : {
      "DATARATE_RX" : 100.0,
      "DATARATE_TX" : 100.0
    }
  },
  "networkLoad" : {
    "interface-nodeE ( nodeE )" : {
      "(nodeA_c00, clientPoolE, nodeA_c00)" : {
        "AppCoordinates {com.bbn, test-service1, 1}" : {
          "DATARATE_TX" : 6.699999999999991E-5,
          "DATARATE_RX" : 1.3399999999999981E-4
        }
      },
      "(nodeA_c03, clientPoolE, nodeA_c03)" : {
        "AppCoordinates {com.bbn, test-service1, 1}" : {
          "DATARATE_TX" : 6.199999999999992E-5,
          "DATARATE_RX" : 1.2399999999999984E-4
        }
      }
    },
    "interface-nodeA ( nodeA )" : {
      "(clientPoolD, nodeA_c00, nodeA_c00)" : {
        "AppCoordinates {com.bbn, test-service1, 1}" : {
          "DATARATE_TX" : 1.3199999999999982E-4,
          "DATARATE_RX" : 6.599999999999991E-5
        }
      },
      "(clientPoolE, nodeA_c00, nodeA_c00)" : {
        "AppCoordinates {com.bbn, test-service1, 1}" : {
          "DATARATE_TX" : 1.3399999999999981E-4,
          "DATARATE_RX" : 6.699999999999991E-5
        }
      },
      "(clientPoolD, nodeA_c03, nodeA_c03)" : {
        "AppCoordinates {com.bbn, test-service1, 1}" : {
          "DATARATE_TX" : 1.4799999999999978E-4,
          "DATARATE_RX" : 7.399999999999989E-5
        }
      },
      "(clientPoolE, nodeA_c03, nodeA_c03)" : {
        "AppCoordinates {com.bbn, test-service1, 1}" : {
          "DATARATE_TX" : 1.2399999999999984E-4,
          "DATARATE_RX" : 6.199999999999992E-5
        }
      }
    }
  },
  "networkDemand" : {
    "interface-nodeE ( nodeE )" : {
      "(nodeA_c00, clientPoolE, nodeA_c00)" : {
        "AppCoordinates {com.bbn, test-service1, 1}" : {
          "DATARATE_TX" : 5.972727272727265E-5,
          "DATARATE_RX" : 1.194545454545453E-4
        }
      },
      "(nodeA_c03, clientPoolE, nodeA_c03)" : {
        "AppCoordinates {com.bbn, test-service1, 1}" : {
          "DATARATE_TX" : 3.8749999999999966E-5,
          "DATARATE_RX" : 7.749999999999993E-5
        }
      }
    },
    "interface-nodeA ( nodeA )" : {
      "(clientPoolD, nodeA_c00, nodeA_c00)" : {
        "AppCoordinates {com.bbn, test-service1, 1}" : {
          "DATARATE_TX" : 1.1718181818181802E-4,
          "DATARATE_RX" : 5.859090909090901E-5
        }
      },
      "(clientPoolE, nodeA_c00, nodeA_c00)" : {
        "AppCoordinates {com.bbn, test-service1, 1}" : {
          "DATARATE_TX" : 1.194545454545453E-4,
          "DATARATE_RX" : 5.972727272727265E-5
        }
      },
      "(clientPoolD, nodeA_c03, nodeA_c03)" : {
        "AppCoordinates {com.bbn, test-service1, 1}" : {
          "DATARATE_TX" : 9.449999999999991E-5,
          "DATARATE_RX" : 4.7249999999999956E-5
        }
      },
      "(clientPoolE, nodeA_c03, nodeA_c03)" : {
        "AppCoordinates {com.bbn, test-service1, 1}" : {
          "DATARATE_TX" : 7.749999999999993E-5,
          "DATARATE_RX" : 3.8749999999999966E-5
        }
      }
    }
  },
  "containerReports" : { },
  "maximumServiceContainers" : 20,
  "allocatedServiceContainers" : 0,
  "computeDemand" : { },
  "containerNetworkLoad" : { },
  "containerNetworkDemand" : { },
  "computeLoad" : { },
  "allocatedComputeCapacity" : { },
  "availableServiceContainers" : 20,
  "averageProcessingTime" : { }
}