{
  "clientName" : "clientPoolC",
  "clientRegion" : {
    "name" : "C"
  },
  "numRequestsAttempted" : 4200,
  "numRequestsSucceeded" : 2471,
  "numRequestsFailedForServerLoad" : 1729,
  "numRequestsFailedForNetworkLoad" : 0,
  "numRequestsSlowForServerLoad" : 838,
  "numRequestsSlowForNetworkLoad" : 0,
  "numRequestsSlowForNetworkAndServerLoad" : 0,
  "numRequestsServicedByRegion" : {
    "A" : 70,
    "C" : 1061,
    "D" : 10,
    "E" : 616,
    "H" : 15,
    "J" : 699
  },
  "numRequestsFailedForDownNode" : 0
}