{
  "nodeName" : {
    "name" : "nodeO"
  },
  "timestamp" : 378497,
  "demandEstimationWindow" : "LONG",
  "nodeComputeCapacity" : {
    "CPU" : 4.0,
    "MEMORY" : 8.0E9,
    "DISK" : 10.0,
    "TASK_CONTAINERS" : 20.0
  },
  "networkCapacity" : {
    "interface-nodeD ( nodeD )" : {
      "DATARATE_RX" : 100.0,
      "DATARATE_TX" : 100.0
    },
    "interface-nodeE ( nodeE )" : {
      "DATARATE_RX" : 100.0,
      "DATARATE_TX" : 100.0
    },
    "interface-nodeI ( nodeI )" : {
      "DATARATE_RX" : 100.0,
      "DATARATE_TX" : 100.0
    },
    "interface-nodeF ( nodeF )" : {
      "DATARATE_RX" : 100.0,
      "DATARATE_TX" : 100.0
    },
    "interface-nodeL ( nodeL )" : {
      "DATARATE_RX" : 100.0,
      "DATARATE_TX" : 100.0
    },
    "interface-nodeM ( nodeM )" : {
      "DATARATE_RX" : 100.0,
      "DATARATE_TX" : 100.0
    },
    "interface-nodeN ( nodeN )" : {
      "DATARATE_RX" : 100.0,
      "DATARATE_TX" : 100.0
    }
  },
  "networkLoad" : {
    "interface-nodeD ( nodeD )" : {
      "(clientPoolN, nodeD_c01, nodeD_c01)" : {
        "AppCoordinates {com.bbn, test-service2, 1}" : {
          "DATARATE_TX" : 8.470329472543003E-22,
          "DATARATE_RX" : 4.2351647362715017E-22
        }
      },
      "(clientPoolN, nodeD_c02, nodeD_c02)" : {
        "AppCoordinates {com.bbn, test-service3, 1}" : {
          "DATARATE_TX" : 6.000000000000002E-6,
          "DATARATE_RX" : 3.000000000000001E-6
        }
      },
      "(nodeO_c00, clientPoolD, nodeO_c00)" : {
        "AppCoordinates {com.bbn, test-service3, 1}" : {
          "DATARATE_TX" : 9.740878893424454E-21,
          "DATARATE_RX" : 1.9481757786848908E-20
        }
      },
      "(nodeO_c01, clientPoolD, nodeO_c01)" : {
        "AppCoordinates {com.bbn, test-service3, 1}" : {
          "DATARATE_TX" : 2.8000000000000006E-5,
          "DATARATE_RX" : 5.600000000000001E-5
        }
      }
    },
    "interface-nodeE ( nodeE )" : { },
    "interface-nodeI ( nodeI )" : { },
    "interface-nodeF ( nodeF )" : { },
    "interface-nodeL ( nodeL )" : {
      "(clientPoolN, nodeL_c00, nodeL_c00)" : {
        "AppCoordinates {com.bbn, test-service3, 1}" : {
          "DATARATE_TX" : 6.400000000000001E-5,
          "DATARATE_RX" : 3.2000000000000005E-5
        }
      },
      "(clientPoolN, nodeL_c01, nodeL_c01)" : {
        "AppCoordinates {com.bbn, test-service2, 1}" : {
          "DATARATE_TX" : 8.470329472543003E-22,
          "DATARATE_RX" : 4.2351647362715017E-22
        }
      }
    },
    "interface-nodeM ( nodeM )" : { },
    "interface-nodeN ( nodeN )" : {
      "(nodeD_c01, clientPoolN, nodeD_c01)" : {
        "AppCoordinates {com.bbn, test-service2, 1}" : {
          "DATARATE_TX" : 4.2351647362715017E-22,
          "DATARATE_RX" : 8.470329472543003E-22
        }
      },
      "(nodeD_c02, clientPoolN, nodeD_c02)" : {
        "AppCoordinates {com.bbn, test-service3, 1}" : {
          "DATARATE_TX" : 3.000000000000001E-6,
          "DATARATE_RX" : 6.000000000000002E-6
        }
      },
      "(nodeL_c01, clientPoolN, nodeL_c01)" : {
        "AppCoordinates {com.bbn, test-service2, 1}" : {
          "DATARATE_TX" : 4.2351647362715017E-22,
          "DATARATE_RX" : 8.470329472543003E-22
        }
      },
      "(nodeL_c00, clientPoolN, nodeL_c00)" : {
        "AppCoordinates {com.bbn, test-service3, 1}" : {
          "DATARATE_TX" : 3.2000000000000005E-5,
          "DATARATE_RX" : 6.400000000000001E-5
        }
      },
      "(nodeO_c01, clientPoolN, nodeO_c01)" : {
        "AppCoordinates {com.bbn, test-service3, 1}" : {
          "DATARATE_TX" : 3.0E-6,
          "DATARATE_RX" : 6.0E-6
        }
      }
    }
  },
  "networkDemand" : {
    "interface-nodeE ( nodeE )" : { },
    "interface-nodeD ( nodeD )" : {
      "(clientPoolN, nodeD_c01, nodeD_c01)" : {
        "AppCoordinates {com.bbn, test-service2, 1}" : {
          "DATARATE_TX" : 6.481994459833791E-7,
          "DATARATE_RX" : 3.2409972299168955E-7
        }
      },
      "(clientPoolN, nodeD_c02, nodeD_c02)" : {
        "AppCoordinates {com.bbn, test-service3, 1}" : {
          "DATARATE_TX" : 1.0296819787985865E-5,
          "DATARATE_RX" : 5.148409893992933E-6
        }
      },
      "(nodeO_c00, clientPoolD, nodeO_c00)" : {
        "AppCoordinates {com.bbn, test-service3, 1}" : {
          "DATARATE_TX" : 1.0083102493074841E-6,
          "DATARATE_RX" : 2.0166204986149683E-6
        }
      },
      "(nodeO_c01, clientPoolD, nodeO_c01)" : {
        "AppCoordinates {com.bbn, test-service3, 1}" : {
          "DATARATE_TX" : 3.3030470914127375E-5,
          "DATARATE_RX" : 6.606094182825475E-5
        }
      }
    },
    "interface-nodeN ( nodeN )" : {
      "(nodeD_c01, clientPoolN, nodeD_c01)" : {
        "AppCoordinates {com.bbn, test-service2, 1}" : {
          "DATARATE_TX" : 3.2409972299168955E-7,
          "DATARATE_RX" : 6.481994459833791E-7
        }
      },
      "(nodeD_c02, clientPoolN, nodeD_c02)" : {
        "AppCoordinates {com.bbn, test-service3, 1}" : {
          "DATARATE_TX" : 5.148409893992933E-6,
          "DATARATE_RX" : 1.0296819787985865E-5
        }
      },
      "(nodeL_c01, clientPoolN, nodeL_c01)" : {
        "AppCoordinates {com.bbn, test-service2, 1}" : {
          "DATARATE_TX" : 2.6837060702875347E-6,
          "DATARATE_RX" : 5.367412140575069E-6
        }
      },
      "(nodeL_c00, clientPoolN, nodeL_c00)" : {
        "AppCoordinates {com.bbn, test-service3, 1}" : {
          "DATARATE_TX" : 2.5776223776223763E-5,
          "DATARATE_RX" : 5.1552447552447526E-5
        }
      },
      "(nodeO_c01, clientPoolN, nodeO_c01)" : {
        "AppCoordinates {com.bbn, test-service3, 1}" : {
          "DATARATE_TX" : 2.928315412186389E-6,
          "DATARATE_RX" : 5.856630824372778E-6
        }
      }
    },
    "interface-nodeM ( nodeM )" : { },
    "interface-nodeL ( nodeL )" : {
      "(clientPoolN, nodeL_c00, nodeL_c00)" : {
        "AppCoordinates {com.bbn, test-service3, 1}" : {
          "DATARATE_TX" : 5.1552447552447526E-5,
          "DATARATE_RX" : 2.5776223776223763E-5
        }
      },
      "(clientPoolN, nodeL_c01, nodeL_c01)" : {
        "AppCoordinates {com.bbn, test-service2, 1}" : {
          "DATARATE_TX" : 5.367412140575069E-6,
          "DATARATE_RX" : 2.6837060702875347E-6
        }
      }
    },
    "interface-nodeI ( nodeI )" : { },
    "interface-nodeF ( nodeF )" : { }
  },
  "containerReports" : {
    "nodeO_c02" : {
      "containerName" : {
        "name" : "nodeO_c02"
      },
      "timestamp" : 378497,
      "service" : {
        "group" : "com.bbn",
        "artifact" : "test-service2",
        "version" : "1"
      },
      "serviceStatus" : "RUNNING",
      "demandEstimationWindow" : "LONG",
      "computeCapacity" : {
        "CPU" : 1.0,
        "TASK_CONTAINERS" : 100.0,
        "QueueLength" : 1000000.0
      },
      "computeLoad" : {
        "UNKNOWN" : {
          "QueueLength" : 0.0
        }
      },
      "computeDemand" : {
        "UNKNOWN" : {
          "QueueLength" : 0.0
        }
      },
      "averageProcessingTime" : "NaN",
      "networkCapacity" : {
        "interface-nodeO ( nodeO )" : {
          "DATARATE_TX" : 100.0,
          "DATARATE_RX" : 100.0
        }
      },
      "networkLoad" : {
        "interface-nodeO ( nodeO )" : { }
      },
      "networkDemand" : {
        "interface-nodeO ( nodeO )" : { }
      }
    },
    "nodeO_c01" : {
      "containerName" : {
        "name" : "nodeO_c01"
      },
      "timestamp" : 378498,
      "service" : {
        "group" : "com.bbn",
        "artifact" : "test-service3",
        "version" : "1"
      },
      "serviceStatus" : "RUNNING",
      "demandEstimationWindow" : "LONG",
      "computeCapacity" : {
        "CPU" : 1.0,
        "TASK_CONTAINERS" : 100.0,
        "QueueLength" : 1000000.0
      },
      "computeLoad" : {
        "UNKNOWN" : {
          "QueueLength" : 31.0,
          "TASK_CONTAINERS" : 15.5
        }
      },
      "computeDemand" : {
        "UNKNOWN" : {
          "QueueLength" : 35.11634349030471,
          "TASK_CONTAINERS" : 17.558171745152354
        }
      },
      "averageProcessingTime" : 120000.0,
      "networkCapacity" : {
        "interface-nodeO ( nodeO )" : {
          "DATARATE_TX" : 100.0,
          "DATARATE_RX" : 100.0
        }
      },
      "networkLoad" : {
        "interface-nodeO ( nodeO )" : {
          "(clientPoolN, nodeO_c01, nodeO_c01)" : {
            "AppCoordinates {com.bbn, test-service3, 1}" : {
              "DATARATE_TX" : 6.0E-6,
              "DATARATE_RX" : 3.0E-6
            }
          },
          "(clientPoolD, nodeO_c01, nodeO_c01)" : {
            "AppCoordinates {com.bbn, test-service3, 1}" : {
              "DATARATE_TX" : 5.600000000000001E-5,
              "DATARATE_RX" : 2.8000000000000006E-5
            }
          }
        }
      },
      "networkDemand" : {
        "interface-nodeO ( nodeO )" : {
          "(clientPoolN, nodeO_c01, nodeO_c01)" : {
            "AppCoordinates {com.bbn, test-service3, 1}" : {
              "DATARATE_TX" : 5.8566308243727775E-6,
              "DATARATE_RX" : 2.9283154121863887E-6
            }
          },
          "(clientPoolD, nodeO_c01, nodeO_c01)" : {
            "AppCoordinates {com.bbn, test-service3, 1}" : {
              "DATARATE_TX" : 6.58888888888888E-5,
              "DATARATE_RX" : 3.29444444444444E-5
            }
          }
        }
      }
    }
  },
  "maximumServiceContainers" : 20,
  "allocatedServiceContainers" : 2,
  "computeDemand" : {
    "AppCoordinates {com.bbn, test-service3, 1}" : {
      "UNKNOWN" : {
        "QueueLength" : 35.11634349030471,
        "TASK_CONTAINERS" : 17.558171745152354
      }
    },
    "AppCoordinates {com.bbn, test-service2, 1}" : {
      "UNKNOWN" : {
        "QueueLength" : 0.0
      }
    }
  },
  "containerNetworkLoad" : {
    "interface-nodeO ( nodeO )" : {
      "(clientPoolN, nodeO_c01, nodeO_c01)" : {
        "AppCoordinates {com.bbn, test-service3, 1}" : {
          "DATARATE_TX" : 6.0E-6,
          "DATARATE_RX" : 3.0E-6
        }
      },
      "(clientPoolD, nodeO_c01, nodeO_c01)" : {
        "AppCoordinates {com.bbn, test-service3, 1}" : {
          "DATARATE_TX" : 5.600000000000001E-5,
          "DATARATE_RX" : 2.8000000000000006E-5
        }
      }
    }
  },
  "containerNetworkDemand" : {
    "interface-nodeO ( nodeO )" : {
      "(clientPoolN, nodeO_c01, nodeO_c01)" : {
        "AppCoordinates {com.bbn, test-service3, 1}" : {
          "DATARATE_TX" : 5.8566308243727775E-6,
          "DATARATE_RX" : 2.9283154121863887E-6
        }
      },
      "(clientPoolD, nodeO_c01, nodeO_c01)" : {
        "AppCoordinates {com.bbn, test-service3, 1}" : {
          "DATARATE_TX" : 6.58888888888888E-5,
          "DATARATE_RX" : 3.29444444444444E-5
        }
      }
    }
  },
  "computeLoad" : {
    "AppCoordinates {com.bbn, test-service3, 1}" : {
      "UNKNOWN" : {
        "QueueLength" : 31.0,
        "TASK_CONTAINERS" : 15.5
      }
    },
    "AppCoordinates {com.bbn, test-service2, 1}" : {
      "UNKNOWN" : {
        "QueueLength" : 0.0
      }
    }
  },
  "allocatedComputeCapacity" : {
    "CPU" : 2.0,
    "QueueLength" : 2000000.0,
    "TASK_CONTAINERS" : 200.0
  },
  "availableServiceContainers" : 18,
  "averageProcessingTime" : {
    "AppCoordinates {com.bbn, test-service3, 1}" : 120000.0
  }
}