{
  "region" : {
    "name" : "C"
  },
  "nodeResourceReports" : [ {
    "nodeName" : {
      "name" : "nodeC"
    },
    "timestamp" : 111997,
    "demandEstimationWindow" : "SHORT",
    "nodeComputeCapacity" : {
      "CPU" : 4.0,
      "MEMORY" : 8.0E9,
      "DISK" : 10.0,
      "TASK_CONTAINERS" : 20.0
    },
    "networkCapacity" : {
      "interface-nodeA ( nodeA )" : {
        "DATARATE_RX" : 100.0,
        "DATARATE_TX" : 100.0
      }
    },
    "networkLoad" : {
      "interface-nodeA ( nodeA )" : {
        "(clientPoolC, nodeA_c07, nodeA_c07)" : {
          "AppCoordinates {com.bbn, test-service2, 1}" : {
            "DATARATE_TX" : 1.0599999999999989E-4,
            "DATARATE_RX" : 5.2999999999999947E-5
          }
        },
        "(clientPoolC, nodeA_c06, nodeA_c06)" : {
          "AppCoordinates {com.bbn, test-service2, 1}" : {
            "DATARATE_TX" : 1.379999999999998E-4,
            "DATARATE_RX" : 6.89999999999999E-5
          }
        },
        "(clientPoolC, nodeA_c05, nodeA_c05)" : {
          "AppCoordinates {com.bbn, test-service3, 1}" : {
            "DATARATE_TX" : 1.3399999999999981E-4,
            "DATARATE_RX" : 6.699999999999991E-5
          },
          "AppCoordinates {com.bbn, test-service1, 1}" : {
            "DATARATE_TX" : -8.470329472543003E-22,
            "DATARATE_RX" : -4.2351647362715017E-22
          }
        },
        "(clientPoolC, nodeA_c04, nodeA_c04)" : {
          "AppCoordinates {com.bbn, test-service3, 1}" : {
            "DATARATE_TX" : 3.0000000000000008E-5,
            "DATARATE_RX" : 1.5000000000000004E-5
          },
          "AppCoordinates {com.bbn, test-service1, 1}" : {
            "DATARATE_TX" : -7.623296525288703E-21,
            "DATARATE_RX" : -3.8116482626443515E-21
          }
        },
        "(clientPoolC, nodeA_c03, nodeA_c03)" : {
          "AppCoordinates {com.bbn, test-service1, 1}" : {
            "DATARATE_TX" : 1.419999999999998E-4,
            "DATARATE_RX" : 7.09999999999999E-5
          }
        },
        "(clientPoolC, nodeA_c02, nodeA_c02)" : {
          "AppCoordinates {com.bbn, test-service3, 1}" : {
            "DATARATE_TX" : 2.1999999999999993E-5,
            "DATARATE_RX" : 1.0999999999999996E-5
          }
        },
        "(clientPoolC, nodeA_c01, nodeA_c01)" : {
          "AppCoordinates {com.bbn, test-service2, 1}" : {
            "DATARATE_TX" : 1.419999999999998E-4,
            "DATARATE_RX" : 7.09999999999999E-5
          }
        },
        "(clientPoolC, nodeA_c00, nodeA_c00)" : {
          "AppCoordinates {com.bbn, test-service1, 1}" : {
            "DATARATE_TX" : 1.3199999999999982E-4,
            "DATARATE_RX" : 6.599999999999991E-5
          }
        }
      }
    },
    "networkDemand" : {
      "interface-nodeA ( nodeA )" : {
        "(clientPoolC, nodeA_c07, nodeA_c07)" : {
          "AppCoordinates {com.bbn, test-service2, 1}" : {
            "DATARATE_TX" : 1.019999999999999E-4,
            "DATARATE_RX" : 5.099999999999995E-5
          }
        },
        "(clientPoolC, nodeA_c06, nodeA_c06)" : {
          "AppCoordinates {com.bbn, test-service2, 1}" : {
            "DATARATE_TX" : 1.3828571428571408E-4,
            "DATARATE_RX" : 6.914285714285704E-5
          }
        },
        "(clientPoolC, nodeA_c05, nodeA_c05)" : {
          "AppCoordinates {com.bbn, test-service3, 1}" : {
            "DATARATE_TX" : 1.2257142857142843E-4,
            "DATARATE_RX" : 6.128571428571421E-5
          },
          "AppCoordinates {com.bbn, test-service1, 1}" : {
            "DATARATE_TX" : -8.470329472543003E-22,
            "DATARATE_RX" : -4.2351647362715017E-22
          }
        },
        "(clientPoolC, nodeA_c04, nodeA_c04)" : {
          "AppCoordinates {com.bbn, test-service3, 1}" : {
            "DATARATE_TX" : 1.9500000000000003E-5,
            "DATARATE_RX" : 9.750000000000002E-6
          },
          "AppCoordinates {com.bbn, test-service1, 1}" : {
            "DATARATE_TX" : -7.623296525288703E-21,
            "DATARATE_RX" : -3.8116482626443515E-21
          }
        },
        "(clientPoolC, nodeA_c03, nodeA_c03)" : {
          "AppCoordinates {com.bbn, test-service1, 1}" : {
            "DATARATE_TX" : 1.419999999999998E-4,
            "DATARATE_RX" : 7.09999999999999E-5
          }
        },
        "(clientPoolC, nodeA_c02, nodeA_c02)" : {
          "AppCoordinates {com.bbn, test-service3, 1}" : {
            "DATARATE_TX" : 9.542857142857133E-5,
            "DATARATE_RX" : 4.771428571428566E-5
          }
        },
        "(clientPoolC, nodeA_c01, nodeA_c01)" : {
          "AppCoordinates {com.bbn, test-service2, 1}" : {
            "DATARATE_TX" : 1.419999999999998E-4,
            "DATARATE_RX" : 7.09999999999999E-5
          }
        },
        "(clientPoolC, nodeA_c00, nodeA_c00)" : {
          "AppCoordinates {com.bbn, test-service1, 1}" : {
            "DATARATE_TX" : 1.3199999999999982E-4,
            "DATARATE_RX" : 6.599999999999991E-5
          }
        }
      }
    },
    "containerReports" : {
      "nodeC_c00" : {
        "containerName" : {
          "name" : "nodeC_c00"
        },
        "timestamp" : 111997,
        "service" : {
          "group" : "com.bbn",
          "artifact" : "test-service3",
          "version" : "1"
        },
        "serviceStatus" : "RUNNING",
        "demandEstimationWindow" : "SHORT",
        "computeCapacity" : {
          "CPU" : 1.0,
          "TASK_CONTAINERS" : 100.0,
          "QueueLength" : 1000000.0
        },
        "computeLoad" : {
          "UNKNOWN" : {
            "QueueLength" : 55.0,
            "TASK_CONTAINERS" : 27.5
          }
        },
        "computeDemand" : {
          "UNKNOWN" : {
            "QueueLength" : 22.0,
            "TASK_CONTAINERS" : 14.666666666666666
          }
        },
        "averageProcessingTime" : "NaN",
        "networkCapacity" : {
          "interface-nodeC ( nodeC )" : {
            "DATARATE_TX" : 100.0,
            "DATARATE_RX" : 100.0
          }
        },
        "networkLoad" : {
          "interface-nodeC ( nodeC )" : {
            "(clientPoolC, nodeC_c00, nodeC_c00)" : {
              "AppCoordinates {com.bbn, test-service3, 1}" : {
                "DATARATE_TX" : 1.0999999999999988E-4,
                "DATARATE_RX" : 5.499999999999994E-5
              }
            }
          }
        },
        "networkDemand" : {
          "interface-nodeC ( nodeC )" : {
            "(clientPoolC, nodeC_c00, nodeC_c00)" : {
              "AppCoordinates {com.bbn, test-service3, 1}" : {
                "DATARATE_TX" : 7.039999999999996E-5,
                "DATARATE_RX" : 3.519999999999998E-5
              }
            }
          }
        }
      }
    },
    "maximumServiceContainers" : 20,
    "allocatedServiceContainers" : 1,
    "computeDemand" : {
      "AppCoordinates {com.bbn, test-service3, 1}" : {
        "UNKNOWN" : {
          "QueueLength" : 22.0,
          "TASK_CONTAINERS" : 14.666666666666666
        }
      }
    },
    "containerNetworkLoad" : {
      "interface-nodeC ( nodeC )" : {
        "(clientPoolC, nodeC_c00, nodeC_c00)" : {
          "AppCoordinates {com.bbn, test-service3, 1}" : {
            "DATARATE_TX" : 1.0999999999999988E-4,
            "DATARATE_RX" : 5.499999999999994E-5
          }
        }
      }
    },
    "containerNetworkDemand" : {
      "interface-nodeC ( nodeC )" : {
        "(clientPoolC, nodeC_c00, nodeC_c00)" : {
          "AppCoordinates {com.bbn, test-service3, 1}" : {
            "DATARATE_TX" : 7.039999999999996E-5,
            "DATARATE_RX" : 3.519999999999998E-5
          }
        }
      }
    },
    "computeLoad" : {
      "AppCoordinates {com.bbn, test-service3, 1}" : {
        "UNKNOWN" : {
          "QueueLength" : 55.0,
          "TASK_CONTAINERS" : 27.5
        }
      }
    },
    "availableServiceContainers" : 19,
    "averageProcessingTime" : { },
    "allocatedComputeCapacity" : {
      "CPU" : 1.0,
      "QueueLength" : 1000000.0,
      "TASK_CONTAINERS" : 100.0
    }
  } ]
}