378,1,DNS_UPDATE_SUCCEEDED
41346,83,RLG_PLAN_PUBLISHED
41378,83,DCOP_PLAN_PLUBLIED
41851,84,DNS_UPDATE_SUCCEEDED
221781,440,DCOP_PLAN_PLUBLIED
224632,446,RLG_PLAN_PUBLISHED
224835,447,DNS_UPDATE_SUCCEEDED
462296,917,DCOP_PLAN_PLUBLIED
464987,923,RLG_PLAN_PUBLISHED
465486,924,DNS_UPDATE_SUCCEEDED
581892,1154,DCOP_PLAN_PLUBLIED
582146,1155,RLG_PLAN_PUBLISHED
582543,1156,DNS_UPDATE_SUCCEEDED
701932,1392,DCOP_PLAN_PLUBLIED
702313,1393,RLG_PLAN_PUBLISHED
702599,1394,DNS_UPDATE_SUCCEEDED
821867,1630,DCOP_PLAN_PLUBLIED
822480,1631,RLG_PLAN_PUBLISHED
822747,1632,DNS_UPDATE_SUCCEEDED
941524,1867,DCOP_PLAN_PLUBLIED
942660,1869,RLG_PLAN_PUBLISHED
942913,1870,DNS_UPDATE_SUCCEEDED
1061815,2105,DCOP_PLAN_PLUBLIED
1062836,2107,RLG_PLAN_PUBLISHED
1062955,2108,DNS_UPDATE_SUCCEEDED
