{
  "AppCoordinates {com.bbn, test-service3, 1}" : {
    "serverDemand" : {
      "D" : {
        "QueueLength" : 386.31669194112,
        "TASK_CONTAINERS" : 239.41695997521046
      },
      "I" : {
        "QueueLength" : 319.16992365426756,
        "TASK_CONTAINERS" : 194.21665476094205
      }
    }
  },
  "AppCoordinates {com.bbn, test-service2, 1}" : {
    "serverDemand" : {
      "D" : {
        "QueueLength" : 88.78437509051128,
        "TASK_CONTAINERS" : 44.39218754525564
      },
      "I" : {
        "QueueLength" : 94.5471166221959,
        "TASK_CONTAINERS" : 47.27355831109795
      }
    }
  },
  "AppCoordinates {com.bbn, test-service1, 1}" : {
    "serverDemand" : {
      "D" : {
        "QueueLength" : 69.16021609007788,
        "TASK_CONTAINERS" : 34.58010804503894
      },
      "I" : {
        "QueueLength" : 70.4519722755731,
        "TASK_CONTAINERS" : 35.22598613778655
      }
    }
  }
}