{
  "region" : {
    "name" : "O"
  },
  "nodeResourceReports" : [ {
    "nodeName" : {
      "name" : "nodeO"
    },
    "timestamp" : 245997,
    "demandEstimationWindow" : "SHORT",
    "nodeComputeCapacity" : {
      "CPU" : 4.0,
      "MEMORY" : 8.0E9,
      "DISK" : 10.0,
      "TASK_CONTAINERS" : 20.0
    },
    "networkCapacity" : {
      "interface-nodeD ( nodeD )" : {
        "DATARATE_RX" : 100.0,
        "DATARATE_TX" : 100.0
      },
      "interface-nodeE ( nodeE )" : {
        "DATARATE_RX" : 100.0,
        "DATARATE_TX" : 100.0
      },
      "interface-nodeI ( nodeI )" : {
        "DATARATE_RX" : 100.0,
        "DATARATE_TX" : 100.0
      },
      "interface-nodeF ( nodeF )" : {
        "DATARATE_RX" : 100.0,
        "DATARATE_TX" : 100.0
      },
      "interface-nodeL ( nodeL )" : {
        "DATARATE_RX" : 100.0,
        "DATARATE_TX" : 100.0
      },
      "interface-nodeM ( nodeM )" : {
        "DATARATE_RX" : 100.0,
        "DATARATE_TX" : 100.0
      },
      "interface-nodeN ( nodeN )" : {
        "DATARATE_RX" : 100.0,
        "DATARATE_TX" : 100.0
      }
    },
    "networkLoad" : {
      "interface-nodeD ( nodeD )" : {
        "(clientPoolN, nodeD_c01, nodeD_c01)" : {
          "AppCoordinates {com.bbn, test-service2, 1}" : {
            "DATARATE_TX" : 8.470329472543003E-22,
            "DATARATE_RX" : 4.2351647362715017E-22
          }
        },
        "(clientPoolN, nodeD_c02, nodeD_c02)" : {
          "AppCoordinates {com.bbn, test-service3, 1}" : {
            "DATARATE_TX" : 1.1999999999999999E-5,
            "DATARATE_RX" : 5.999999999999999E-6
          }
        },
        "(nodeO_c00, clientPoolD, nodeO_c00)" : {
          "AppCoordinates {com.bbn, test-service3, 1}" : {
            "DATARATE_TX" : 9.740878893424454E-21,
            "DATARATE_RX" : 1.9481757786848908E-20
          }
        },
        "(nodeO_c01, clientPoolD, nodeO_c01)" : {
          "AppCoordinates {com.bbn, test-service3, 1}" : {
            "DATARATE_TX" : 2.6000000000000005E-5,
            "DATARATE_RX" : 5.200000000000001E-5
          }
        }
      },
      "interface-nodeE ( nodeE )" : { },
      "interface-nodeI ( nodeI )" : { },
      "interface-nodeF ( nodeF )" : { },
      "interface-nodeL ( nodeL )" : {
        "(clientPoolN, nodeL_c00, nodeL_c00)" : {
          "AppCoordinates {com.bbn, test-service3, 1}" : {
            "DATARATE_TX" : 4.6000000000000014E-5,
            "DATARATE_RX" : 2.3000000000000007E-5
          }
        },
        "(clientPoolN, nodeL_c01, nodeL_c01)" : {
          "AppCoordinates {com.bbn, test-service2, 1}" : {
            "DATARATE_TX" : 1.3999999999999998E-5,
            "DATARATE_RX" : 6.999999999999999E-6
          }
        }
      },
      "interface-nodeM ( nodeM )" : { },
      "interface-nodeN ( nodeN )" : {
        "(nodeD_c01, clientPoolN, nodeD_c01)" : {
          "AppCoordinates {com.bbn, test-service2, 1}" : {
            "DATARATE_TX" : 4.2351647362715017E-22,
            "DATARATE_RX" : 8.470329472543003E-22
          }
        },
        "(nodeD_c02, clientPoolN, nodeD_c02)" : {
          "AppCoordinates {com.bbn, test-service3, 1}" : {
            "DATARATE_TX" : 5.999999999999999E-6,
            "DATARATE_RX" : 1.1999999999999999E-5
          }
        },
        "(nodeL_c01, clientPoolN, nodeL_c01)" : {
          "AppCoordinates {com.bbn, test-service2, 1}" : {
            "DATARATE_TX" : 6.999999999999999E-6,
            "DATARATE_RX" : 1.3999999999999998E-5
          }
        },
        "(nodeL_c00, clientPoolN, nodeL_c00)" : {
          "AppCoordinates {com.bbn, test-service3, 1}" : {
            "DATARATE_TX" : 2.3000000000000007E-5,
            "DATARATE_RX" : 4.6000000000000014E-5
          }
        },
        "(nodeO_c01, clientPoolN, nodeO_c01)" : {
          "AppCoordinates {com.bbn, test-service3, 1}" : {
            "DATARATE_TX" : 1.0E-6,
            "DATARATE_RX" : 2.0E-6
          }
        }
      }
    },
    "networkDemand" : {
      "interface-nodeE ( nodeE )" : { },
      "interface-nodeD ( nodeD )" : {
        "(clientPoolN, nodeD_c01, nodeD_c01)" : {
          "AppCoordinates {com.bbn, test-service2, 1}" : {
            "DATARATE_TX" : 8.470329472543003E-22,
            "DATARATE_RX" : 4.2351647362715017E-22
          }
        },
        "(clientPoolN, nodeD_c02, nodeD_c02)" : {
          "AppCoordinates {com.bbn, test-service3, 1}" : {
            "DATARATE_TX" : 9.142857142857142E-6,
            "DATARATE_RX" : 4.571428571428571E-6
          }
        },
        "(nodeO_c00, clientPoolD, nodeO_c00)" : {
          "AppCoordinates {com.bbn, test-service3, 1}" : {
            "DATARATE_TX" : 9.740878893424454E-21,
            "DATARATE_RX" : 1.9481757786848908E-20
          }
        },
        "(nodeO_c01, clientPoolD, nodeO_c01)" : {
          "AppCoordinates {com.bbn, test-service3, 1}" : {
            "DATARATE_TX" : 1.928571428571429E-5,
            "DATARATE_RX" : 3.857142857142858E-5
          }
        }
      },
      "interface-nodeN ( nodeN )" : {
        "(nodeD_c01, clientPoolN, nodeD_c01)" : {
          "AppCoordinates {com.bbn, test-service2, 1}" : {
            "DATARATE_TX" : 4.2351647362715017E-22,
            "DATARATE_RX" : 8.470329472543003E-22
          }
        },
        "(nodeL_c01, clientPoolN, nodeL_c01)" : {
          "AppCoordinates {com.bbn, test-service2, 1}" : {
            "DATARATE_TX" : 7.0E-6,
            "DATARATE_RX" : 1.4E-5
          }
        },
        "(nodeD_c02, clientPoolN, nodeD_c02)" : {
          "AppCoordinates {com.bbn, test-service3, 1}" : {
            "DATARATE_TX" : 4.571428571428571E-6,
            "DATARATE_RX" : 9.142857142857142E-6
          }
        },
        "(nodeL_c00, clientPoolN, nodeL_c00)" : {
          "AppCoordinates {com.bbn, test-service3, 1}" : {
            "DATARATE_TX" : 1.9000000000000004E-5,
            "DATARATE_RX" : 3.800000000000001E-5
          }
        },
        "(nodeO_c01, clientPoolN, nodeO_c01)" : {
          "AppCoordinates {com.bbn, test-service3, 1}" : {
            "DATARATE_TX" : 1.0E-6,
            "DATARATE_RX" : 2.0E-6
          }
        }
      },
      "interface-nodeM ( nodeM )" : { },
      "interface-nodeL ( nodeL )" : {
        "(clientPoolN, nodeL_c00, nodeL_c00)" : {
          "AppCoordinates {com.bbn, test-service3, 1}" : {
            "DATARATE_TX" : 3.800000000000001E-5,
            "DATARATE_RX" : 1.9000000000000004E-5
          }
        },
        "(clientPoolN, nodeL_c01, nodeL_c01)" : {
          "AppCoordinates {com.bbn, test-service2, 1}" : {
            "DATARATE_TX" : 1.4E-5,
            "DATARATE_RX" : 7.0E-6
          }
        }
      },
      "interface-nodeI ( nodeI )" : { },
      "interface-nodeF ( nodeF )" : { }
    },
    "containerReports" : {
      "nodeO_c02" : {
        "containerName" : {
          "name" : "nodeO_c02"
        },
        "timestamp" : 245997,
        "service" : {
          "group" : "com.bbn",
          "artifact" : "test-service2",
          "version" : "1"
        },
        "serviceStatus" : "RUNNING",
        "demandEstimationWindow" : "SHORT",
        "computeCapacity" : {
          "CPU" : 1.0,
          "TASK_CONTAINERS" : 100.0,
          "QueueLength" : 1000000.0
        },
        "computeLoad" : {
          "UNKNOWN" : {
            "QueueLength" : 0.0
          }
        },
        "computeDemand" : {
          "UNKNOWN" : {
            "QueueLength" : 0.0
          }
        },
        "averageProcessingTime" : "NaN",
        "networkCapacity" : {
          "interface-nodeO ( nodeO )" : {
            "DATARATE_TX" : 100.0,
            "DATARATE_RX" : 100.0
          }
        },
        "networkLoad" : {
          "interface-nodeO ( nodeO )" : { }
        },
        "networkDemand" : {
          "interface-nodeO ( nodeO )" : { }
        }
      },
      "nodeO_c01" : {
        "containerName" : {
          "name" : "nodeO_c01"
        },
        "timestamp" : 245997,
        "service" : {
          "group" : "com.bbn",
          "artifact" : "test-service3",
          "version" : "1"
        },
        "serviceStatus" : "RUNNING",
        "demandEstimationWindow" : "SHORT",
        "computeCapacity" : {
          "CPU" : 1.0,
          "TASK_CONTAINERS" : 100.0,
          "QueueLength" : 1000000.0
        },
        "computeLoad" : {
          "UNKNOWN" : {
            "QueueLength" : 27.0,
            "TASK_CONTAINERS" : 13.5
          }
        },
        "computeDemand" : {
          "UNKNOWN" : {
            "QueueLength" : 17.75,
            "TASK_CONTAINERS" : 8.875
          }
        },
        "averageProcessingTime" : 120000.0,
        "networkCapacity" : {
          "interface-nodeO ( nodeO )" : {
            "DATARATE_TX" : 100.0,
            "DATARATE_RX" : 100.0
          }
        },
        "networkLoad" : {
          "interface-nodeO ( nodeO )" : {
            "(clientPoolN, nodeO_c01, nodeO_c01)" : {
              "AppCoordinates {com.bbn, test-service3, 1}" : {
                "DATARATE_TX" : 2.0E-6,
                "DATARATE_RX" : 1.0E-6
              }
            },
            "(clientPoolD, nodeO_c01, nodeO_c01)" : {
              "AppCoordinates {com.bbn, test-service3, 1}" : {
                "DATARATE_TX" : 5.200000000000001E-5,
                "DATARATE_RX" : 2.6000000000000005E-5
              }
            }
          }
        },
        "networkDemand" : {
          "interface-nodeO ( nodeO )" : {
            "(clientPoolN, nodeO_c01, nodeO_c01)" : {
              "AppCoordinates {com.bbn, test-service3, 1}" : {
                "DATARATE_TX" : 2.0E-6,
                "DATARATE_RX" : 1.0E-6
              }
            },
            "(clientPoolD, nodeO_c01, nodeO_c01)" : {
              "AppCoordinates {com.bbn, test-service3, 1}" : {
                "DATARATE_TX" : 3.857142857142858E-5,
                "DATARATE_RX" : 1.928571428571429E-5
              }
            }
          }
        }
      }
    },
    "maximumServiceContainers" : 20,
    "allocatedServiceContainers" : 2,
    "computeDemand" : {
      "AppCoordinates {com.bbn, test-service3, 1}" : {
        "UNKNOWN" : {
          "QueueLength" : 17.75,
          "TASK_CONTAINERS" : 8.875
        }
      },
      "AppCoordinates {com.bbn, test-service2, 1}" : {
        "UNKNOWN" : {
          "QueueLength" : 0.0
        }
      }
    },
    "containerNetworkLoad" : {
      "interface-nodeO ( nodeO )" : {
        "(clientPoolN, nodeO_c01, nodeO_c01)" : {
          "AppCoordinates {com.bbn, test-service3, 1}" : {
            "DATARATE_TX" : 2.0E-6,
            "DATARATE_RX" : 1.0E-6
          }
        },
        "(clientPoolD, nodeO_c01, nodeO_c01)" : {
          "AppCoordinates {com.bbn, test-service3, 1}" : {
            "DATARATE_TX" : 5.200000000000001E-5,
            "DATARATE_RX" : 2.6000000000000005E-5
          }
        }
      }
    },
    "containerNetworkDemand" : {
      "interface-nodeO ( nodeO )" : {
        "(clientPoolN, nodeO_c01, nodeO_c01)" : {
          "AppCoordinates {com.bbn, test-service3, 1}" : {
            "DATARATE_TX" : 2.0E-6,
            "DATARATE_RX" : 1.0E-6
          }
        },
        "(clientPoolD, nodeO_c01, nodeO_c01)" : {
          "AppCoordinates {com.bbn, test-service3, 1}" : {
            "DATARATE_TX" : 3.857142857142858E-5,
            "DATARATE_RX" : 1.928571428571429E-5
          }
        }
      }
    },
    "computeLoad" : {
      "AppCoordinates {com.bbn, test-service3, 1}" : {
        "UNKNOWN" : {
          "QueueLength" : 27.0,
          "TASK_CONTAINERS" : 13.5
        }
      },
      "AppCoordinates {com.bbn, test-service2, 1}" : {
        "UNKNOWN" : {
          "QueueLength" : 0.0
        }
      }
    },
    "allocatedComputeCapacity" : {
      "CPU" : 2.0,
      "QueueLength" : 2000000.0,
      "TASK_CONTAINERS" : 200.0
    },
    "availableServiceContainers" : 18,
    "averageProcessingTime" : {
      "AppCoordinates {com.bbn, test-service3, 1}" : 120000.0
    }
  } ]
}