{
  "region" : {
    "name" : "A"
  },
  "serviceReports" : [ {
    "nodeName" : {
      "name" : "nodeA"
    },
    "timestamp" : 279184,
    "serviceState" : {
      "nodeA_c03" : {
        "service" : {
          "group" : "com.bbn",
          "artifact" : "test-service3",
          "version" : "1"
        },
        "status" : "RUNNING"
      },
      "nodeA_c04" : {
        "service" : {
          "group" : "com.bbn",
          "artifact" : "test-service3",
          "version" : "1"
        },
        "status" : "RUNNING"
      },
      "nodeA_c01" : {
        "service" : {
          "group" : "com.bbn",
          "artifact" : "test-service2",
          "version" : "1"
        },
        "status" : "RUNNING"
      },
      "nodeA_c02" : {
        "service" : {
          "group" : "com.bbn",
          "artifact" : "test-service3",
          "version" : "1"
        },
        "status" : "RUNNING"
      },
      "nodeA_c00" : {
        "service" : {
          "group" : "com.bbn",
          "artifact" : "test-service3",
          "version" : "1"
        },
        "status" : "RUNNING"
      },
      "nodeA_c07" : {
        "service" : {
          "group" : "com.bbn",
          "artifact" : "test-service3",
          "version" : "1"
        },
        "status" : "RUNNING"
      },
      "nodeA_c05" : {
        "service" : {
          "group" : "com.bbn",
          "artifact" : "test-service1",
          "version" : "1"
        },
        "status" : "RUNNING"
      },
      "nodeA_c06" : {
        "service" : {
          "group" : "com.bbn",
          "artifact" : "test-service3",
          "version" : "1"
        },
        "status" : "RUNNING"
      }
    }
  } ]
}