{
  "region" : {
    "name" : "F"
  },
  "minTimestamp" : 249978,
  "maxTimestamp" : 249978,
  "demandEstimationWindow" : "SHORT",
  "serverCapacity" : {
    "DISK" : 10.0,
    "MEMORY" : 1.6E10,
    "CPU" : 8.0,
    "TASK_CONTAINERS" : 8.0
  },
  "serverLoad" : {
    "AppCoordinates {com.bbn, test-service3, 1}" : {
      "unknown" : {
        "QueueLength" : 34.0,
        "TASK_CONTAINERS" : 3.4
      }
    },
    "AppCoordinates {com.bbn, test-service2, 1}" : {
      "unknown" : {
        "QueueLength" : 20.0,
        "TASK_CONTAINERS" : 1.9999999999999998
      }
    },
    "AppCoordinates {com.bbn, test-service1, 1}" : {
      "unknown" : {
        "QueueLength" : 10.0,
        "TASK_CONTAINERS" : 0.9999999999999999
      }
    }
  },
  "serverDemand" : {
    "AppCoordinates {com.bbn, test-service3, 1}" : {
      "unknown" : {
        "QueueLength" : 29.32142857142857,
        "TASK_CONTAINERS" : 2.932142857142857
      }
    },
    "AppCoordinates {com.bbn, test-service2, 1}" : {
      "unknown" : {
        "QueueLength" : 17.32142857142857,
        "TASK_CONTAINERS" : 1.7321428571428568
      }
    },
    "AppCoordinates {com.bbn, test-service1, 1}" : {
      "unknown" : {
        "QueueLength" : 8.75,
        "TASK_CONTAINERS" : 0.8749999999999999
      }
    }
  },
  "serverAverageProcessingTimeCount" : { },
  "serverAverageProcessingTimeSum" : { },
  "networkCapacity" : {
    "C" : {
      "DATARATE_RX" : 100.0,
      "DATARATE_TX" : 100.0
    },
    "E" : {
      "DATARATE_RX" : 100.0,
      "DATARATE_TX" : 100.0
    },
    "G" : {
      "DATARATE_RX" : 100.0,
      "DATARATE_TX" : 100.0
    },
    "M" : {
      "DATARATE_RX" : 100.0,
      "DATARATE_TX" : 100.0
    },
    "N" : {
      "DATARATE_RX" : 100.0,
      "DATARATE_TX" : 100.0
    }
  },
  "networkLoad" : {
    "C" : {
      "(F, B, F)" : {
        "AppCoordinates {com.bbn, test-service3, 1}" : {
          "DATARATE_TX" : 0.006,
          "DATARATE_RX" : 0.012
        },
        "AppCoordinates {com.bbn, test-service2, 1}" : {
          "DATARATE_TX" : 0.006,
          "DATARATE_RX" : 0.012
        },
        "AppCoordinates {com.bbn, test-service1, 1}" : {
          "DATARATE_TX" : 0.006,
          "DATARATE_RX" : 0.012
        }
      }
    },
    "E" : { },
    "G" : {
      "(F, H, F)" : {
        "AppCoordinates {com.bbn, test-service3, 1}" : {
          "DATARATE_TX" : 0.007,
          "DATARATE_RX" : 0.014
        },
        "AppCoordinates {com.bbn, test-service2, 1}" : {
          "DATARATE_TX" : 0.007,
          "DATARATE_RX" : 0.014
        },
        "AppCoordinates {com.bbn, test-service1, 1}" : {
          "DATARATE_TX" : 0.006,
          "DATARATE_RX" : 0.012
        }
      }
    },
    "M" : { },
    "N" : { }
  },
  "networkDemand" : {
    "C" : {
      "(F, B, F)" : {
        "AppCoordinates {com.bbn, test-service3, 1}" : {
          "DATARATE_TX" : 0.005999999999999999,
          "DATARATE_RX" : 0.011999999999999999
        },
        "AppCoordinates {com.bbn, test-service2, 1}" : {
          "DATARATE_TX" : 0.005999999999999999,
          "DATARATE_RX" : 0.011999999999999999
        },
        "AppCoordinates {com.bbn, test-service1, 1}" : {
          "DATARATE_TX" : 0.005999999999999999,
          "DATARATE_RX" : 0.011999999999999999
        }
      }
    },
    "E" : { },
    "G" : {
      "(F, H, F)" : {
        "AppCoordinates {com.bbn, test-service3, 1}" : {
          "DATARATE_TX" : 0.006999999999999999,
          "DATARATE_RX" : 0.013999999999999999
        },
        "AppCoordinates {com.bbn, test-service2, 1}" : {
          "DATARATE_TX" : 0.006999999999999999,
          "DATARATE_RX" : 0.013999999999999999
        },
        "AppCoordinates {com.bbn, test-service1, 1}" : {
          "DATARATE_TX" : 0.005999999999999999,
          "DATARATE_RX" : 0.011999999999999999
        }
      }
    },
    "M" : { },
    "N" : { }
  },
  "maximumServiceContainers" : 8,
  "allocatedServiceContainers" : 8,
  "serverAverageProcessingTime" : { },
  "availableServiceContainers" : 0,
  "nullSummary" : false
}