395,1,DNS_UPDATE_SUCCEEDED
47893,95,RLG_PLAN_PUBLISHED
47896,95,DCOP_PLAN_PLUBLIED
48395,96,DNS_UPDATE_SUCCEEDED
227939,448,DCOP_PLAN_PLUBLIED
228407,449,RLG_PLAN_PUBLISHED
347979,684,DCOP_PLAN_PLUBLIED
348773,686,RLG_PLAN_PUBLISHED
349113,687,DNS_UPDATE_SUCCEEDED
468060,920,DCOP_PLAN_PLUBLIED
469137,923,RLG_PLAN_PUBLISHED
469636,924,DNS_UPDATE_SUCCEEDED
588010,1156,DCOP_PLAN_PLUBLIED
589500,1159,RLG_PLAN_PUBLISHED
589748,1160,DNS_UPDATE_SUCCEEDED
708074,1392,DCOP_PLAN_PLUBLIED
709864,1395,RLG_PLAN_PUBLISHED
709913,1396,DNS_UPDATE_SUCCEEDED
828033,1628,DCOP_PLAN_PLUBLIED
830220,1632,RLG_PLAN_PUBLISHED
830544,1633,DNS_UPDATE_SUCCEEDED
948070,1863,DCOP_PLAN_PLUBLIED
950560,1868,RLG_PLAN_PUBLISHED
950718,1869,DNS_UPDATE_SUCCEEDED
1068041,2099,DCOP_PLAN_PLUBLIED
1070929,2105,RLG_PLAN_PUBLISHED
1071398,2106,DNS_UPDATE_SUCCEEDED
1188033,2335,DCOP_PLAN_PLUBLIED
1188226,2335,RLG_PLAN_PUBLISHED
1188478,2336,DNS_UPDATE_SUCCEEDED
1308053,2570,DCOP_PLAN_PLUBLIED
1308639,2572,RLG_PLAN_PUBLISHED
1309117,2573,DNS_UPDATE_SUCCEEDED
1428051,2806,DCOP_PLAN_PLUBLIED
1429016,2808,RLG_PLAN_PUBLISHED
1429316,2809,DNS_UPDATE_SUCCEEDED
1548063,3042,DCOP_PLAN_PLUBLIED
1549364,3044,RLG_PLAN_PUBLISHED
1549482,3045,DNS_UPDATE_SUCCEEDED
1668137,3278,DCOP_PLAN_PLUBLIED
1669727,3281,RLG_PLAN_PUBLISHED
1670132,3282,DNS_UPDATE_SUCCEEDED
1788069,3513,DCOP_PLAN_PLUBLIED
1790072,3517,RLG_PLAN_PUBLISHED
1790342,3518,DNS_UPDATE_SUCCEEDED
