{
  "region" : {
    "name" : "G"
  },
  "timestamp" : 192786,
  "servicePlan" : {
    "nodeG" : [ {
      "id" : {
        "name" : "nodeG_c01"
      },
      "service" : {
        "group" : "com.bbn",
        "artifact" : "test-service2",
        "version" : "1"
      },
      "weight" : 1.0,
      "stopTrafficTo" : false,
      "stop" : false
    }, {
      "id" : {
        "name" : "nodeG_c02"
      },
      "service" : {
        "group" : "com.bbn",
        "artifact" : "test-service3",
        "version" : "1"
      },
      "weight" : 1.0,
      "stopTrafficTo" : false,
      "stop" : false
    }, {
      "id" : {
        "name" : "nodeG_c03"
      },
      "service" : {
        "group" : "com.bbn",
        "artifact" : "test-service3",
        "version" : "1"
      },
      "weight" : 1.0,
      "stopTrafficTo" : false,
      "stop" : false
    }, {
      "id" : {
        "name" : "nodeG_c04"
      },
      "service" : {
        "group" : "com.bbn",
        "artifact" : "test-service3",
        "version" : "1"
      },
      "weight" : 1.0,
      "stopTrafficTo" : false,
      "stop" : false
    } ]
  },
  "overflowPlan" : {
    "AppCoordinates {com.bbn, test-service3, 1}" : {
      "B" : 0.6461356812971908,
      "C" : 0.0,
      "D" : 0.0,
      "E" : 0.0,
      "H" : 0.0,
      "I" : 0.0,
      "G" : 0.3538643187028092
    },
    "AppCoordinates {com.bbn, test-service2, 1}" : {
      "B" : 0.8939129172571065,
      "C" : 0.0,
      "D" : 0.0,
      "E" : 0.0,
      "H" : 0.0,
      "I" : 0.0,
      "G" : 0.10608708274289347
    },
    "AppCoordinates {com.bbn, test-service1, 1}" : {
      "B" : 1.0,
      "C" : 0.0,
      "D" : 0.0,
      "E" : 0.0,
      "H" : 0.0,
      "I" : 0.0,
      "G" : 0.0
    }
  }
}