978,1,DNS_UPDATE_SUCCEEDED
1103,2,DCOP_PLAN_PLUBLIED
1110,2,RLG_PLAN_PUBLISHED
106097,212,DCOP_PLAN_PLUBLIED
109039,218,RLG_PLAN_PUBLISHED
109515,219,DNS_UPDATE_SUCCEEDED
110018,220,DNS_UPDATE_SUCCEEDED
112039,224,RLG_PLAN_PUBLISHED
112515,225,DNS_UPDATE_SUCCEEDED
163048,326,RLG_PLAN_PUBLISHED
163530,327,DNS_UPDATE_SUCCEEDED
164027,328,DNS_UPDATE_SUCCEEDED
166049,332,RLG_PLAN_PUBLISHED
166517,332,DCOP_PLAN_PLUBLIED
166538,333,DNS_UPDATE_SUCCEEDED
169048,338,RLG_PLAN_PUBLISHED
169531,339,DNS_UPDATE_SUCCEEDED
223053,446,DNS_UPDATE_SUCCEEDED
223050,445,RLG_PLAN_PUBLISHED
226049,451,RLG_PLAN_PUBLISHED
226054,452,DNS_UPDATE_SUCCEEDED
226369,452,DCOP_PLAN_PLUBLIED
226552,453,DNS_UPDATE_SUCCEEDED
229050,458,RLG_PLAN_PUBLISHED
229550,459,DNS_UPDATE_SUCCEEDED
286495,572,DCOP_PLAN_PLUBLIED
289051,577,RLG_PLAN_PUBLISHED
289078,578,DNS_UPDATE_SUCCEEDED
346497,692,DCOP_PLAN_PLUBLIED
349054,697,RLG_PLAN_PUBLISHED
349118,698,DNS_UPDATE_SUCCEEDED
406508,812,DCOP_PLAN_PLUBLIED
409059,817,RLG_PLAN_PUBLISHED
409133,818,DNS_UPDATE_SUCCEEDED
466188,932,DCOP_PLAN_PLUBLIED
469064,937,RLG_PLAN_PUBLISHED
469179,938,DNS_UPDATE_SUCCEEDED
526453,1052,DCOP_PLAN_PLUBLIED
529064,1057,RLG_PLAN_PUBLISHED
529204,1058,DNS_UPDATE_SUCCEEDED
586527,1172,DCOP_PLAN_PLUBLIED
589068,1177,RLG_PLAN_PUBLISHED
589230,1178,DNS_UPDATE_SUCCEEDED
630005,1260,DNS_UPDATE_SUCCEEDED
630005,1291,DCOP_PLAN_PLUBLIED
