{
  "nodeName" : {
    "name" : "nodeD"
  },
  "timestamp" : 263489,
  "demandEstimationWindow" : "LONG",
  "nodeComputeCapacity" : {
    "CPU" : 4.0,
    "MEMORY" : 8.0E9,
    "DISK" : 10.0,
    "TASK_CONTAINERS" : 20.0
  },
  "networkCapacity" : {
    "interface-nodeC ( nodeC )" : {
      "DATARATE_RX" : 100.0,
      "DATARATE_TX" : 100.0
    },
    "interface-nodeJ ( nodeJ )" : {
      "DATARATE_RX" : 100.0,
      "DATARATE_TX" : 100.0
    }
  },
  "networkLoad" : {
    "interface-nodeC ( nodeC )" : {
      "(clientPoolD, nodeC_c07, nodeC_c07)" : {
        "AppCoordinates {com.bbn, test-service3, 1}" : {
          "DATARATE_TX" : 1.3399999999999981E-4,
          "DATARATE_RX" : 6.699999999999991E-5
        },
        "AppCoordinates {com.bbn, test-service2, 1}" : {
          "DATARATE_TX" : -7.623296525288703E-21,
          "DATARATE_RX" : -3.8116482626443515E-21
        }
      },
      "(clientPoolD, nodeC_c02, nodeC_c02)" : {
        "AppCoordinates {com.bbn, test-service3, 1}" : {
          "DATARATE_TX" : -7.623296525288703E-21,
          "DATARATE_RX" : -3.8116482626443515E-21
        }
      },
      "(clientPoolD, nodeC_c01, nodeC_c01)" : {
        "AppCoordinates {com.bbn, test-service3, 1}" : {
          "DATARATE_TX" : 1.1799999999999986E-4,
          "DATARATE_RX" : 5.899999999999993E-5
        },
        "AppCoordinates {com.bbn, test-service2, 1}" : {
          "DATARATE_TX" : -7.623296525288703E-21,
          "DATARATE_RX" : -3.8116482626443515E-21
        }
      },
      "(clientPoolD, nodeC_c00, nodeC_c00)" : {
        "AppCoordinates {com.bbn, test-service3, 1}" : {
          "DATARATE_TX" : 1.379999999999998E-4,
          "DATARATE_RX" : 6.89999999999999E-5
        },
        "AppCoordinates {com.bbn, test-service1, 1}" : {
          "DATARATE_TX" : -7.623296525288703E-21,
          "DATARATE_RX" : -3.8116482626443515E-21
        }
      },
      "(clientPoolD, nodeC_c06, nodeC_c06)" : {
        "AppCoordinates {com.bbn, test-service2, 1}" : {
          "DATARATE_TX" : 1.3399999999999981E-4,
          "DATARATE_RX" : 6.699999999999991E-5
        }
      },
      "(clientPoolD, nodeC_c05, nodeC_c05)" : {
        "AppCoordinates {com.bbn, test-service3, 1}" : {
          "DATARATE_TX" : 1.1799999999999986E-4,
          "DATARATE_RX" : 5.899999999999993E-5
        }
      },
      "(clientPoolD, nodeC_c04, nodeC_c04)" : {
        "AppCoordinates {com.bbn, test-service3, 1}" : {
          "DATARATE_TX" : 1.3199999999999982E-4,
          "DATARATE_RX" : 6.599999999999991E-5
        },
        "AppCoordinates {com.bbn, test-service1, 1}" : {
          "DATARATE_TX" : -7.623296525288703E-21,
          "DATARATE_RX" : -3.8116482626443515E-21
        }
      },
      "(clientPoolD, nodeC_c03, nodeC_c03)" : {
        "AppCoordinates {com.bbn, test-service1, 1}" : {
          "DATARATE_TX" : -7.623296525288703E-21,
          "DATARATE_RX" : -3.8116482626443515E-21
        }
      }
    },
    "interface-nodeJ ( nodeJ )" : { }
  },
  "networkDemand" : {
    "interface-nodeC ( nodeC )" : {
      "(clientPoolD, nodeC_c07, nodeC_c07)" : {
        "AppCoordinates {com.bbn, test-service3, 1}" : {
          "DATARATE_TX" : 1.1962857142857125E-4,
          "DATARATE_RX" : 5.9814285714285625E-5
        },
        "AppCoordinates {com.bbn, test-service2, 1}" : {
          "DATARATE_TX" : 4.744072948328263E-5,
          "DATARATE_RX" : 2.3720364741641316E-5
        }
      },
      "(clientPoolD, nodeC_c02, nodeC_c02)" : {
        "AppCoordinates {com.bbn, test-service3, 1}" : {
          "DATARATE_TX" : 6.0538888888888746E-5,
          "DATARATE_RX" : 3.0269444444444373E-5
        }
      },
      "(clientPoolD, nodeC_c01, nodeC_c01)" : {
        "AppCoordinates {com.bbn, test-service3, 1}" : {
          "DATARATE_TX" : 7.580512820512818E-5,
          "DATARATE_RX" : 3.790256410256409E-5
        },
        "AppCoordinates {com.bbn, test-service2, 1}" : {
          "DATARATE_TX" : 5.923333333333335E-5,
          "DATARATE_RX" : 2.9616666666666674E-5
        }
      },
      "(clientPoolD, nodeC_c00, nodeC_c00)" : {
        "AppCoordinates {com.bbn, test-service3, 1}" : {
          "DATARATE_TX" : 1.16288461538461E-4,
          "DATARATE_RX" : 5.81442307692305E-5
        },
        "AppCoordinates {com.bbn, test-service1, 1}" : {
          "DATARATE_TX" : 4.5955555555555596E-5,
          "DATARATE_RX" : 2.2977777777777798E-5
        }
      },
      "(clientPoolD, nodeC_c06, nodeC_c06)" : {
        "AppCoordinates {com.bbn, test-service2, 1}" : {
          "DATARATE_TX" : 9.592777777777776E-5,
          "DATARATE_RX" : 4.796388888888888E-5
        }
      },
      "(clientPoolD, nodeC_c05, nodeC_c05)" : {
        "AppCoordinates {com.bbn, test-service3, 1}" : {
          "DATARATE_TX" : 8.370555555555551E-5,
          "DATARATE_RX" : 4.1852777777777755E-5
        }
      },
      "(clientPoolD, nodeC_c04, nodeC_c04)" : {
        "AppCoordinates {com.bbn, test-service3, 1}" : {
          "DATARATE_TX" : 6.716129032258061E-5,
          "DATARATE_RX" : 3.3580645161290304E-5
        },
        "AppCoordinates {com.bbn, test-service1, 1}" : {
          "DATARATE_TX" : 1.0727777777777758E-5,
          "DATARATE_RX" : 5.363888888888879E-6
        }
      },
      "(clientPoolD, nodeC_c03, nodeC_c03)" : {
        "AppCoordinates {com.bbn, test-service1, 1}" : {
          "DATARATE_TX" : 9.791666666666658E-5,
          "DATARATE_RX" : 4.895833333333329E-5
        }
      }
    },
    "interface-nodeJ ( nodeJ )" : { }
  },
  "containerReports" : {
    "nodeD_c01" : {
      "containerName" : {
        "name" : "nodeD_c01"
      },
      "timestamp" : 263489,
      "service" : {
        "group" : "com.bbn",
        "artifact" : "test-service3",
        "version" : "1"
      },
      "serviceStatus" : "RUNNING",
      "demandEstimationWindow" : "LONG",
      "computeCapacity" : {
        "CPU" : 1.0,
        "TASK_CONTAINERS" : 100.0,
        "QueueLength" : 1000000.0
      },
      "computeLoad" : {
        "UNKNOWN" : {
          "QueueLength" : 32.0,
          "TASK_CONTAINERS" : 16.0
        }
      },
      "computeDemand" : {
        "UNKNOWN" : {
          "QueueLength" : 47.40909090909091,
          "TASK_CONTAINERS" : 23.946428571428573
        }
      },
      "averageProcessingTime" : 120000.0,
      "networkCapacity" : {
        "interface-nodeD ( nodeD )" : {
          "DATARATE_TX" : 100.0,
          "DATARATE_RX" : 100.0
        }
      },
      "networkLoad" : {
        "interface-nodeD ( nodeD )" : {
          "(clientPoolD, nodeD_c01, nodeD_c01)" : {
            "AppCoordinates {com.bbn, test-service3, 1}" : {
              "DATARATE_TX" : 6.400000000000001E-5,
              "DATARATE_RX" : 3.2000000000000005E-5
            }
          }
        }
      },
      "networkDemand" : {
        "interface-nodeD ( nodeD )" : {
          "(clientPoolD, nodeD_c01, nodeD_c01)" : {
            "AppCoordinates {com.bbn, test-service3, 1}" : {
              "DATARATE_TX" : 9.627692307692276E-5,
              "DATARATE_RX" : 4.813846153846138E-5
            }
          }
        }
      }
    }
  },
  "maximumServiceContainers" : 20,
  "allocatedServiceContainers" : 1,
  "computeDemand" : {
    "AppCoordinates {com.bbn, test-service3, 1}" : {
      "UNKNOWN" : {
        "QueueLength" : 47.40909090909091,
        "TASK_CONTAINERS" : 23.946428571428573
      }
    }
  },
  "containerNetworkLoad" : {
    "interface-nodeD ( nodeD )" : {
      "(clientPoolD, nodeD_c01, nodeD_c01)" : {
        "AppCoordinates {com.bbn, test-service3, 1}" : {
          "DATARATE_TX" : 6.400000000000001E-5,
          "DATARATE_RX" : 3.2000000000000005E-5
        }
      }
    }
  },
  "containerNetworkDemand" : {
    "interface-nodeD ( nodeD )" : {
      "(clientPoolD, nodeD_c01, nodeD_c01)" : {
        "AppCoordinates {com.bbn, test-service3, 1}" : {
          "DATARATE_TX" : 9.627692307692276E-5,
          "DATARATE_RX" : 4.813846153846138E-5
        }
      }
    }
  },
  "computeLoad" : {
    "AppCoordinates {com.bbn, test-service3, 1}" : {
      "UNKNOWN" : {
        "QueueLength" : 32.0,
        "TASK_CONTAINERS" : 16.0
      }
    }
  },
  "allocatedComputeCapacity" : {
    "CPU" : 1.0,
    "QueueLength" : 1000000.0,
    "TASK_CONTAINERS" : 100.0
  },
  "availableServiceContainers" : 19,
  "averageProcessingTime" : {
    "AppCoordinates {com.bbn, test-service3, 1}" : 120000.0
  }
}