1150,1,DNS_UPDATE_SUCCEEDED
1201,2,DCOP_PLAN_PLUBLIED
1220,2,RLG_PLAN_PUBLISHED
106319,212,DCOP_PLAN_PLUBLIED
109151,217,RLG_PLAN_PUBLISHED
109162,218,DNS_UPDATE_SUCCEEDED
109666,219,DNS_UPDATE_SUCCEEDED
112150,223,RLG_PLAN_PUBLISHED
112168,224,DNS_UPDATE_SUCCEEDED
118152,235,RLG_PLAN_PUBLISHED
118167,236,DNS_UPDATE_SUCCEEDED
118665,237,DNS_UPDATE_SUCCEEDED
121149,241,RLG_PLAN_PUBLISHED
121169,242,DNS_UPDATE_SUCCEEDED
166256,332,DCOP_PLAN_PLUBLIED
169151,337,RLG_PLAN_PUBLISHED
169187,338,DNS_UPDATE_SUCCEEDED
169687,339,DNS_UPDATE_SUCCEEDED
172152,343,RLG_PLAN_PUBLISHED
172200,344,DNS_UPDATE_SUCCEEDED
178163,355,RLG_PLAN_PUBLISHED
178189,356,DNS_UPDATE_SUCCEEDED
181161,361,RLG_PLAN_PUBLISHED
181184,362,DNS_UPDATE_SUCCEEDED
181692,363,DNS_UPDATE_SUCCEEDED
184162,367,RLG_PLAN_PUBLISHED
184188,368,DNS_UPDATE_SUCCEEDED
187160,373,RLG_PLAN_PUBLISHED
187188,374,DNS_UPDATE_SUCCEEDED
190162,379,RLG_PLAN_PUBLISHED
190194,380,DNS_UPDATE_SUCCEEDED
190696,381,DNS_UPDATE_SUCCEEDED
193161,385,RLG_PLAN_PUBLISHED
193197,386,DNS_UPDATE_SUCCEEDED
226312,452,DCOP_PLAN_PLUBLIED
229163,457,RLG_PLAN_PUBLISHED
229259,458,DNS_UPDATE_SUCCEEDED
286292,572,DCOP_PLAN_PLUBLIED
289165,577,RLG_PLAN_PUBLISHED
289285,578,DNS_UPDATE_SUCCEEDED
346269,691,DCOP_PLAN_PLUBLIED
349169,697,RLG_PLAN_PUBLISHED
349321,698,DNS_UPDATE_SUCCEEDED
406290,811,DCOP_PLAN_PLUBLIED
409168,817,RLG_PLAN_PUBLISHED
409364,818,DNS_UPDATE_SUCCEEDED
466323,931,DCOP_PLAN_PLUBLIED
469169,937,RLG_PLAN_PUBLISHED
469385,938,DNS_UPDATE_SUCCEEDED
526274,1051,DCOP_PLAN_PLUBLIED
529175,1057,RLG_PLAN_PUBLISHED
529411,1058,DNS_UPDATE_SUCCEEDED
580178,1159,RLG_PLAN_PUBLISHED
580477,1160,DNS_UPDATE_SUCCEEDED
580977,1161,DNS_UPDATE_SUCCEEDED
583181,1165,RLG_PLAN_PUBLISHED
583490,1166,DNS_UPDATE_SUCCEEDED
586287,1171,DCOP_PLAN_PLUBLIED
589178,1177,RLG_PLAN_PUBLISHED
589491,1178,DNS_UPDATE_SUCCEEDED
630005,1258,DCOP_PLAN_PLUBLIED
