{
  "region" : {
    "name" : "H"
  },
  "nodeResourceReports" : [ {
    "nodeName" : {
      "name" : "nodeH"
    },
    "timestamp" : 304981,
    "demandEstimationWindow" : "SHORT",
    "nodeComputeCapacity" : {
      "CPU" : 4.0,
      "MEMORY" : 8.0E9,
      "DISK" : 10.0,
      "TASK_CONTAINERS" : 20.0
    },
    "networkCapacity" : {
      "interface-nodeF ( nodeF )" : {
        "DATARATE_RX" : 100.0,
        "DATARATE_TX" : 100.0
      }
    },
    "networkLoad" : {
      "interface-nodeF ( nodeF )" : {
        "(nodeH_c00, clientPoolF, nodeH_c00)" : {
          "AppCoordinates {com.bbn, test-service3, 1}" : {
            "DATARATE_TX" : 5.199999999999996E-5,
            "DATARATE_RX" : 1.0399999999999993E-4
          }
        }
      }
    },
    "networkDemand" : {
      "interface-nodeF ( nodeF )" : {
        "(nodeH_c00, clientPoolF, nodeH_c00)" : {
          "AppCoordinates {com.bbn, test-service3, 1}" : {
            "DATARATE_TX" : 5.199999999999996E-5,
            "DATARATE_RX" : 1.0399999999999993E-4
          }
        }
      }
    },
    "containerReports" : {
      "nodeH_c00" : {
        "containerName" : {
          "name" : "nodeH_c00"
        },
        "timestamp" : 304981,
        "service" : {
          "group" : "com.bbn",
          "artifact" : "test-service3",
          "version" : "1"
        },
        "serviceStatus" : "RUNNING",
        "demandEstimationWindow" : "SHORT",
        "computeCapacity" : {
          "CPU" : 1.0,
          "TASK_CONTAINERS" : 100.0,
          "QueueLength" : 1000000.0
        },
        "computeLoad" : {
          "UNKNOWN" : {
            "QueueLength" : 52.0,
            "TASK_CONTAINERS" : 26.0
          }
        },
        "computeDemand" : {
          "UNKNOWN" : {
            "QueueLength" : 45.5,
            "TASK_CONTAINERS" : 22.75
          }
        },
        "averageProcessingTime" : 120000.0,
        "networkCapacity" : {
          "interface-nodeH ( nodeH )" : {
            "DATARATE_TX" : 100.0,
            "DATARATE_RX" : 100.0
          }
        },
        "networkLoad" : {
          "interface-nodeH ( nodeH )" : {
            "(clientPoolF, nodeH_c00, nodeH_c00)" : {
              "AppCoordinates {com.bbn, test-service3, 1}" : {
                "DATARATE_TX" : 1.0399999999999993E-4,
                "DATARATE_RX" : 5.199999999999996E-5
              }
            }
          }
        },
        "networkDemand" : {
          "interface-nodeH ( nodeH )" : {
            "(clientPoolF, nodeH_c00, nodeH_c00)" : {
              "AppCoordinates {com.bbn, test-service3, 1}" : {
                "DATARATE_TX" : 1.0399999999999993E-4,
                "DATARATE_RX" : 5.199999999999996E-5
              }
            }
          }
        }
      }
    },
    "maximumServiceContainers" : 20,
    "allocatedServiceContainers" : 1,
    "computeDemand" : {
      "AppCoordinates {com.bbn, test-service3, 1}" : {
        "UNKNOWN" : {
          "QueueLength" : 45.5,
          "TASK_CONTAINERS" : 22.75
        }
      }
    },
    "containerNetworkLoad" : {
      "interface-nodeH ( nodeH )" : {
        "(clientPoolF, nodeH_c00, nodeH_c00)" : {
          "AppCoordinates {com.bbn, test-service3, 1}" : {
            "DATARATE_TX" : 1.0399999999999993E-4,
            "DATARATE_RX" : 5.199999999999996E-5
          }
        }
      }
    },
    "containerNetworkDemand" : {
      "interface-nodeH ( nodeH )" : {
        "(clientPoolF, nodeH_c00, nodeH_c00)" : {
          "AppCoordinates {com.bbn, test-service3, 1}" : {
            "DATARATE_TX" : 1.0399999999999993E-4,
            "DATARATE_RX" : 5.199999999999996E-5
          }
        }
      }
    },
    "computeLoad" : {
      "AppCoordinates {com.bbn, test-service3, 1}" : {
        "UNKNOWN" : {
          "QueueLength" : 52.0,
          "TASK_CONTAINERS" : 26.0
        }
      }
    },
    "allocatedComputeCapacity" : {
      "CPU" : 1.0,
      "QueueLength" : 1000000.0,
      "TASK_CONTAINERS" : 100.0
    },
    "availableServiceContainers" : 19,
    "averageProcessingTime" : {
      "AppCoordinates {com.bbn, test-service3, 1}" : 120000.0
    }
  } ]
}