{
  "region" : {
    "name" : "E"
  },
  "nodeResourceReports" : [ {
    "nodeName" : {
      "name" : "nodeE"
    },
    "timestamp" : 214484,
    "demandEstimationWindow" : "SHORT",
    "nodeComputeCapacity" : {
      "CPU" : 4.0,
      "MEMORY" : 8.0E9,
      "DISK" : 10.0,
      "TASK_CONTAINERS" : 20.0
    },
    "networkCapacity" : {
      "interface-nodeC ( nodeC )" : {
        "DATARATE_RX" : 100.0,
        "DATARATE_TX" : 100.0
      },
      "interface-nodeA ( nodeA )" : {
        "DATARATE_RX" : 100.0,
        "DATARATE_TX" : 100.0
      }
    },
    "networkLoad" : {
      "interface-nodeC ( nodeC )" : {
        "(clientPoolA, nodeC_c07, nodeC_c07)" : {
          "AppCoordinates {com.bbn, test-service2, 1}" : {
            "DATARATE_TX" : 0.006,
            "DATARATE_RX" : 0.003
          }
        },
        "(clientPoolA, nodeC_c06, nodeC_c06)" : {
          "AppCoordinates {com.bbn, test-service3, 1}" : {
            "DATARATE_TX" : 0.006,
            "DATARATE_RX" : 0.003
          }
        },
        "(clientPoolA, nodeC_c05, nodeC_c05)" : {
          "AppCoordinates {com.bbn, test-service1, 1}" : {
            "DATARATE_TX" : 0.01,
            "DATARATE_RX" : 0.005
          }
        },
        "(clientPoolA, nodeC_c04, nodeC_c04)" : {
          "AppCoordinates {com.bbn, test-service2, 1}" : {
            "DATARATE_TX" : 0.006,
            "DATARATE_RX" : 0.003
          }
        },
        "(clientPoolA, nodeC_c03, nodeC_c03)" : {
          "AppCoordinates {com.bbn, test-service3, 1}" : {
            "DATARATE_TX" : 0.01,
            "DATARATE_RX" : 0.005
          }
        },
        "(clientPoolA, nodeC_c02, nodeC_c02)" : {
          "AppCoordinates {com.bbn, test-service3, 1}" : {
            "DATARATE_TX" : 0.008,
            "DATARATE_RX" : 0.004
          }
        },
        "(clientPoolA, nodeC_c01, nodeC_c01)" : {
          "AppCoordinates {com.bbn, test-service2, 1}" : {
            "DATARATE_TX" : 0.008,
            "DATARATE_RX" : 0.004
          }
        },
        "(clientPoolA, nodeC_c00, nodeC_c00)" : {
          "AppCoordinates {com.bbn, test-service1, 1}" : {
            "DATARATE_TX" : 0.008,
            "DATARATE_RX" : 0.004
          }
        }
      },
      "interface-nodeA ( nodeA )" : {
        "(nodeC_c05, clientPoolA, nodeC_c05)" : {
          "AppCoordinates {com.bbn, test-service1, 1}" : {
            "DATARATE_TX" : 0.005,
            "DATARATE_RX" : 0.01
          }
        },
        "(nodeC_c06, clientPoolA, nodeC_c06)" : {
          "AppCoordinates {com.bbn, test-service3, 1}" : {
            "DATARATE_TX" : 0.003,
            "DATARATE_RX" : 0.006
          }
        },
        "(nodeC_c03, clientPoolA, nodeC_c03)" : {
          "AppCoordinates {com.bbn, test-service3, 1}" : {
            "DATARATE_TX" : 0.005,
            "DATARATE_RX" : 0.01
          }
        },
        "(nodeC_c04, clientPoolA, nodeC_c04)" : {
          "AppCoordinates {com.bbn, test-service2, 1}" : {
            "DATARATE_TX" : 0.003,
            "DATARATE_RX" : 0.006
          }
        },
        "(nodeC_c01, clientPoolA, nodeC_c01)" : {
          "AppCoordinates {com.bbn, test-service2, 1}" : {
            "DATARATE_TX" : 0.004,
            "DATARATE_RX" : 0.008
          }
        },
        "(nodeC_c02, clientPoolA, nodeC_c02)" : {
          "AppCoordinates {com.bbn, test-service3, 1}" : {
            "DATARATE_TX" : 0.004,
            "DATARATE_RX" : 0.008
          }
        },
        "(nodeC_c00, clientPoolA, nodeC_c00)" : {
          "AppCoordinates {com.bbn, test-service1, 1}" : {
            "DATARATE_TX" : 0.004,
            "DATARATE_RX" : 0.008
          }
        },
        "(nodeC_c07, clientPoolA, nodeC_c07)" : {
          "AppCoordinates {com.bbn, test-service2, 1}" : {
            "DATARATE_TX" : 0.003,
            "DATARATE_RX" : 0.006
          }
        }
      }
    },
    "networkDemand" : {
      "interface-nodeC ( nodeC )" : {
        "(clientPoolA, nodeC_c07, nodeC_c07)" : {
          "AppCoordinates {com.bbn, test-service2, 1}" : {
            "DATARATE_TX" : 0.005999999999999999,
            "DATARATE_RX" : 0.0029999999999999996
          }
        },
        "(clientPoolA, nodeC_c06, nodeC_c06)" : {
          "AppCoordinates {com.bbn, test-service3, 1}" : {
            "DATARATE_TX" : 0.005999999999999999,
            "DATARATE_RX" : 0.0029999999999999996
          }
        },
        "(clientPoolA, nodeC_c05, nodeC_c05)" : {
          "AppCoordinates {com.bbn, test-service1, 1}" : {
            "DATARATE_TX" : 0.01,
            "DATARATE_RX" : 0.005
          }
        },
        "(clientPoolA, nodeC_c04, nodeC_c04)" : {
          "AppCoordinates {com.bbn, test-service2, 1}" : {
            "DATARATE_TX" : 0.005999999999999999,
            "DATARATE_RX" : 0.0029999999999999996
          }
        },
        "(clientPoolA, nodeC_c03, nodeC_c03)" : {
          "AppCoordinates {com.bbn, test-service3, 1}" : {
            "DATARATE_TX" : 0.01,
            "DATARATE_RX" : 0.005
          }
        },
        "(clientPoolA, nodeC_c02, nodeC_c02)" : {
          "AppCoordinates {com.bbn, test-service3, 1}" : {
            "DATARATE_TX" : 0.008,
            "DATARATE_RX" : 0.004
          }
        },
        "(clientPoolA, nodeC_c01, nodeC_c01)" : {
          "AppCoordinates {com.bbn, test-service2, 1}" : {
            "DATARATE_TX" : 0.008,
            "DATARATE_RX" : 0.004
          }
        },
        "(clientPoolA, nodeC_c00, nodeC_c00)" : {
          "AppCoordinates {com.bbn, test-service1, 1}" : {
            "DATARATE_TX" : 0.008,
            "DATARATE_RX" : 0.004
          }
        }
      },
      "interface-nodeA ( nodeA )" : {
        "(nodeC_c05, clientPoolA, nodeC_c05)" : {
          "AppCoordinates {com.bbn, test-service1, 1}" : {
            "DATARATE_TX" : 0.005,
            "DATARATE_RX" : 0.01
          }
        },
        "(nodeC_c06, clientPoolA, nodeC_c06)" : {
          "AppCoordinates {com.bbn, test-service3, 1}" : {
            "DATARATE_TX" : 0.0029999999999999996,
            "DATARATE_RX" : 0.005999999999999999
          }
        },
        "(nodeC_c03, clientPoolA, nodeC_c03)" : {
          "AppCoordinates {com.bbn, test-service3, 1}" : {
            "DATARATE_TX" : 0.005,
            "DATARATE_RX" : 0.01
          }
        },
        "(nodeC_c04, clientPoolA, nodeC_c04)" : {
          "AppCoordinates {com.bbn, test-service2, 1}" : {
            "DATARATE_TX" : 0.0029999999999999996,
            "DATARATE_RX" : 0.005999999999999999
          }
        },
        "(nodeC_c01, clientPoolA, nodeC_c01)" : {
          "AppCoordinates {com.bbn, test-service2, 1}" : {
            "DATARATE_TX" : 0.004,
            "DATARATE_RX" : 0.008
          }
        },
        "(nodeC_c02, clientPoolA, nodeC_c02)" : {
          "AppCoordinates {com.bbn, test-service3, 1}" : {
            "DATARATE_TX" : 0.004,
            "DATARATE_RX" : 0.008
          }
        },
        "(nodeC_c00, clientPoolA, nodeC_c00)" : {
          "AppCoordinates {com.bbn, test-service1, 1}" : {
            "DATARATE_TX" : 0.004,
            "DATARATE_RX" : 0.008
          }
        },
        "(nodeC_c07, clientPoolA, nodeC_c07)" : {
          "AppCoordinates {com.bbn, test-service2, 1}" : {
            "DATARATE_TX" : 0.0029999999999999996,
            "DATARATE_RX" : 0.005999999999999999
          }
        }
      }
    },
    "containerReports" : { },
    "maximumServiceContainers" : 20,
    "allocatedServiceContainers" : 0,
    "computeDemand" : { },
    "containerNetworkLoad" : { },
    "containerNetworkDemand" : { },
    "computeLoad" : { },
    "allocatedComputeCapacity" : { },
    "availableServiceContainers" : 20,
    "averageProcessingTime" : { }
  } ]
}