{
  "region" : {
    "name" : "K"
  },
  "nodeResourceReports" : [ {
    "nodeName" : {
      "name" : "nodeK"
    },
    "timestamp" : 379490,
    "demandEstimationWindow" : "SHORT",
    "nodeComputeCapacity" : {
      "CPU" : 4.0,
      "MEMORY" : 8.0E9,
      "DISK" : 10.0,
      "TASK_CONTAINERS" : 20.0
    },
    "networkCapacity" : {
      "interface-nodeH ( nodeH )" : {
        "DATARATE_RX" : 100.0,
        "DATARATE_TX" : 100.0
      }
    },
    "networkLoad" : {
      "interface-nodeH ( nodeH )" : {
        "(clientPoolK, nodeC_c01, nodeC_c01)" : {
          "AppCoordinates {com.bbn, test-service2, 1}" : {
            "DATARATE_TX" : 0.006,
            "DATARATE_RX" : 0.003
          }
        },
        "(clientPoolK, nodeC_c00, nodeC_c00)" : {
          "AppCoordinates {com.bbn, test-service3, 1}" : {
            "DATARATE_TX" : 0.004,
            "DATARATE_RX" : 0.002
          },
          "AppCoordinates {com.bbn, test-service1, 1}" : {
            "DATARATE_TX" : 0.006,
            "DATARATE_RX" : 0.003
          }
        },
        "(clientPoolK, nodeC_c05, nodeC_c05)" : {
          "AppCoordinates {com.bbn, test-service1, 1}" : {
            "DATARATE_TX" : 0.004,
            "DATARATE_RX" : 0.002
          }
        },
        "(clientPoolK, nodeC_c04, nodeC_c04)" : {
          "AppCoordinates {com.bbn, test-service2, 1}" : {
            "DATARATE_TX" : 0.004,
            "DATARATE_RX" : 0.002
          }
        },
        "(clientPoolK, nodeC_c03, nodeC_c03)" : {
          "AppCoordinates {com.bbn, test-service3, 1}" : {
            "DATARATE_TX" : 0.006,
            "DATARATE_RX" : 0.003
          }
        },
        "(clientPoolK, nodeC_c02, nodeC_c02)" : {
          "AppCoordinates {com.bbn, test-service3, 1}" : {
            "DATARATE_TX" : 0.006,
            "DATARATE_RX" : 0.003
          }
        },
        "(clientPoolK, nodeC_c07, nodeC_c07)" : {
          "AppCoordinates {com.bbn, test-service3, 1}" : {
            "DATARATE_TX" : 0.006,
            "DATARATE_RX" : 0.003
          },
          "AppCoordinates {com.bbn, test-service2, 1}" : {
            "DATARATE_TX" : 0.004,
            "DATARATE_RX" : 0.002
          }
        },
        "(clientPoolK, nodeC_c06, nodeC_c06)" : {
          "AppCoordinates {com.bbn, test-service3, 1}" : {
            "DATARATE_TX" : 0.006,
            "DATARATE_RX" : 0.003
          }
        }
      }
    },
    "networkDemand" : {
      "interface-nodeH ( nodeH )" : {
        "(clientPoolK, nodeC_c01, nodeC_c01)" : {
          "AppCoordinates {com.bbn, test-service2, 1}" : {
            "DATARATE_TX" : 0.005999999999999999,
            "DATARATE_RX" : 0.0029999999999999996
          }
        },
        "(clientPoolK, nodeC_c00, nodeC_c00)" : {
          "AppCoordinates {com.bbn, test-service3, 1}" : {
            "DATARATE_TX" : 0.004,
            "DATARATE_RX" : 0.002
          },
          "AppCoordinates {com.bbn, test-service1, 1}" : {
            "DATARATE_TX" : 0.005999999999999999,
            "DATARATE_RX" : 0.0029999999999999996
          }
        },
        "(clientPoolK, nodeC_c05, nodeC_c05)" : {
          "AppCoordinates {com.bbn, test-service1, 1}" : {
            "DATARATE_TX" : 0.004,
            "DATARATE_RX" : 0.002
          }
        },
        "(clientPoolK, nodeC_c04, nodeC_c04)" : {
          "AppCoordinates {com.bbn, test-service2, 1}" : {
            "DATARATE_TX" : 0.004,
            "DATARATE_RX" : 0.002
          }
        },
        "(clientPoolK, nodeC_c03, nodeC_c03)" : {
          "AppCoordinates {com.bbn, test-service3, 1}" : {
            "DATARATE_TX" : 0.005999999999999999,
            "DATARATE_RX" : 0.0029999999999999996
          }
        },
        "(clientPoolK, nodeC_c02, nodeC_c02)" : {
          "AppCoordinates {com.bbn, test-service3, 1}" : {
            "DATARATE_TX" : 0.005999999999999999,
            "DATARATE_RX" : 0.0029999999999999996
          }
        },
        "(clientPoolK, nodeC_c07, nodeC_c07)" : {
          "AppCoordinates {com.bbn, test-service3, 1}" : {
            "DATARATE_TX" : 0.005999999999999999,
            "DATARATE_RX" : 0.0029999999999999996
          },
          "AppCoordinates {com.bbn, test-service2, 1}" : {
            "DATARATE_TX" : 0.004,
            "DATARATE_RX" : 0.002
          }
        },
        "(clientPoolK, nodeC_c06, nodeC_c06)" : {
          "AppCoordinates {com.bbn, test-service3, 1}" : {
            "DATARATE_TX" : 0.005999999999999999,
            "DATARATE_RX" : 0.0029999999999999996
          }
        }
      }
    },
    "containerReports" : {
      "nodeK_c06" : {
        "containerName" : {
          "name" : "nodeK_c06"
        },
        "timestamp" : 379490,
        "service" : {
          "group" : "com.bbn",
          "artifact" : "test-service3",
          "version" : "1"
        },
        "serviceStatus" : "RUNNING",
        "demandEstimationWindow" : "SHORT",
        "computeCapacity" : {
          "CPU" : 1.0,
          "TASK_CONTAINERS" : 1.0,
          "QueueLength" : 1000000.0
        },
        "computeLoad" : {
          "UNKNOWN" : {
            "QueueLength" : 0.0
          }
        },
        "computeDemand" : {
          "UNKNOWN" : {
            "QueueLength" : 0.0
          }
        },
        "averageProcessingTime" : "NaN",
        "networkCapacity" : {
          "interface-nodeK ( nodeK )" : {
            "DATARATE_TX" : 100.0,
            "DATARATE_RX" : 100.0
          }
        },
        "networkLoad" : {
          "interface-nodeK ( nodeK )" : { }
        },
        "networkDemand" : {
          "interface-nodeK ( nodeK )" : { }
        }
      },
      "nodeK_c05" : {
        "containerName" : {
          "name" : "nodeK_c05"
        },
        "timestamp" : 379490,
        "service" : {
          "group" : "com.bbn",
          "artifact" : "test-service1",
          "version" : "1"
        },
        "serviceStatus" : "RUNNING",
        "demandEstimationWindow" : "SHORT",
        "computeCapacity" : {
          "CPU" : 1.0,
          "TASK_CONTAINERS" : 1.0,
          "QueueLength" : 1000000.0
        },
        "computeLoad" : {
          "UNKNOWN" : {
            "QueueLength" : 9.0,
            "TASK_CONTAINERS" : 0.8999999999999999
          }
        },
        "computeDemand" : {
          "UNKNOWN" : {
            "QueueLength" : 7.875,
            "TASK_CONTAINERS" : 0.7875000000000001
          }
        },
        "averageProcessingTime" : "NaN",
        "networkCapacity" : {
          "interface-nodeK ( nodeK )" : {
            "DATARATE_TX" : 100.0,
            "DATARATE_RX" : 100.0
          }
        },
        "networkLoad" : {
          "interface-nodeK ( nodeK )" : {
            "(clientPoolK, nodeK_c05, nodeK_c05)" : {
              "AppCoordinates {com.bbn, test-service1, 1}" : {
                "DATARATE_TX" : 0.018000000000000002,
                "DATARATE_RX" : 0.009000000000000001
              }
            }
          }
        },
        "networkDemand" : {
          "interface-nodeK ( nodeK )" : {
            "(clientPoolK, nodeK_c05, nodeK_c05)" : {
              "AppCoordinates {com.bbn, test-service1, 1}" : {
                "DATARATE_TX" : 0.018,
                "DATARATE_RX" : 0.009
              }
            }
          }
        }
      },
      "nodeK_c04" : {
        "containerName" : {
          "name" : "nodeK_c04"
        },
        "timestamp" : 379491,
        "service" : {
          "group" : "com.bbn",
          "artifact" : "test-service2",
          "version" : "1"
        },
        "serviceStatus" : "RUNNING",
        "demandEstimationWindow" : "SHORT",
        "computeCapacity" : {
          "CPU" : 1.0,
          "TASK_CONTAINERS" : 1.0,
          "QueueLength" : 1000000.0
        },
        "computeLoad" : {
          "UNKNOWN" : {
            "QueueLength" : 7.0,
            "TASK_CONTAINERS" : 0.7
          }
        },
        "computeDemand" : {
          "UNKNOWN" : {
            "QueueLength" : 6.125,
            "TASK_CONTAINERS" : 0.6125
          }
        },
        "averageProcessingTime" : "NaN",
        "networkCapacity" : {
          "interface-nodeK ( nodeK )" : {
            "DATARATE_TX" : 100.0,
            "DATARATE_RX" : 100.0
          }
        },
        "networkLoad" : {
          "interface-nodeK ( nodeK )" : {
            "(clientPoolK, nodeK_c04, nodeK_c04)" : {
              "AppCoordinates {com.bbn, test-service2, 1}" : {
                "DATARATE_TX" : 0.014,
                "DATARATE_RX" : 0.007
              }
            }
          }
        },
        "networkDemand" : {
          "interface-nodeK ( nodeK )" : {
            "(clientPoolK, nodeK_c04, nodeK_c04)" : {
              "AppCoordinates {com.bbn, test-service2, 1}" : {
                "DATARATE_TX" : 0.014,
                "DATARATE_RX" : 0.007
              }
            }
          }
        }
      },
      "nodeK_c03" : {
        "containerName" : {
          "name" : "nodeK_c03"
        },
        "timestamp" : 379492,
        "service" : {
          "group" : "com.bbn",
          "artifact" : "test-service3",
          "version" : "1"
        },
        "serviceStatus" : "RUNNING",
        "demandEstimationWindow" : "SHORT",
        "computeCapacity" : {
          "CPU" : 1.0,
          "TASK_CONTAINERS" : 1.0,
          "QueueLength" : 1000000.0
        },
        "computeLoad" : {
          "UNKNOWN" : {
            "QueueLength" : 8.0,
            "TASK_CONTAINERS" : 0.7999999999999999
          }
        },
        "computeDemand" : {
          "UNKNOWN" : {
            "QueueLength" : 6.857142857142857,
            "TASK_CONTAINERS" : 0.6857142857142857
          }
        },
        "averageProcessingTime" : "NaN",
        "networkCapacity" : {
          "interface-nodeK ( nodeK )" : {
            "DATARATE_TX" : 100.0,
            "DATARATE_RX" : 100.0
          }
        },
        "networkLoad" : {
          "interface-nodeK ( nodeK )" : {
            "(clientPoolK, nodeK_c03, nodeK_c03)" : {
              "AppCoordinates {com.bbn, test-service3, 1}" : {
                "DATARATE_TX" : 0.016,
                "DATARATE_RX" : 0.008
              }
            }
          }
        },
        "networkDemand" : {
          "interface-nodeK ( nodeK )" : {
            "(clientPoolK, nodeK_c03, nodeK_c03)" : {
              "AppCoordinates {com.bbn, test-service3, 1}" : {
                "DATARATE_TX" : 0.016,
                "DATARATE_RX" : 0.008
              }
            }
          }
        }
      },
      "nodeK_c08" : {
        "containerName" : {
          "name" : "nodeK_c08"
        },
        "timestamp" : 379493,
        "service" : {
          "group" : "com.bbn",
          "artifact" : "test-service1",
          "version" : "1"
        },
        "serviceStatus" : "RUNNING",
        "demandEstimationWindow" : "SHORT",
        "computeCapacity" : {
          "CPU" : 1.0,
          "TASK_CONTAINERS" : 1.0,
          "QueueLength" : 1000000.0
        },
        "computeLoad" : {
          "UNKNOWN" : {
            "QueueLength" : 0.0
          }
        },
        "computeDemand" : {
          "UNKNOWN" : {
            "QueueLength" : 0.0
          }
        },
        "averageProcessingTime" : "NaN",
        "networkCapacity" : {
          "interface-nodeK ( nodeK )" : {
            "DATARATE_TX" : 100.0,
            "DATARATE_RX" : 100.0
          }
        },
        "networkLoad" : {
          "interface-nodeK ( nodeK )" : { }
        },
        "networkDemand" : {
          "interface-nodeK ( nodeK )" : { }
        }
      },
      "nodeK_c07" : {
        "containerName" : {
          "name" : "nodeK_c07"
        },
        "timestamp" : 379493,
        "service" : {
          "group" : "com.bbn",
          "artifact" : "test-service2",
          "version" : "1"
        },
        "serviceStatus" : "RUNNING",
        "demandEstimationWindow" : "SHORT",
        "computeCapacity" : {
          "CPU" : 1.0,
          "TASK_CONTAINERS" : 1.0,
          "QueueLength" : 1000000.0
        },
        "computeLoad" : {
          "UNKNOWN" : {
            "QueueLength" : 0.0
          }
        },
        "computeDemand" : {
          "UNKNOWN" : {
            "QueueLength" : 0.0
          }
        },
        "averageProcessingTime" : "NaN",
        "networkCapacity" : {
          "interface-nodeK ( nodeK )" : {
            "DATARATE_TX" : 100.0,
            "DATARATE_RX" : 100.0
          }
        },
        "networkLoad" : {
          "interface-nodeK ( nodeK )" : { }
        },
        "networkDemand" : {
          "interface-nodeK ( nodeK )" : { }
        }
      },
      "nodeK_c02" : {
        "containerName" : {
          "name" : "nodeK_c02"
        },
        "timestamp" : 379493,
        "service" : {
          "group" : "com.bbn",
          "artifact" : "test-service1",
          "version" : "1"
        },
        "serviceStatus" : "RUNNING",
        "demandEstimationWindow" : "SHORT",
        "computeCapacity" : {
          "CPU" : 1.0,
          "TASK_CONTAINERS" : 1.0,
          "QueueLength" : 1000000.0
        },
        "computeLoad" : {
          "UNKNOWN" : {
            "QueueLength" : 10.0,
            "TASK_CONTAINERS" : 0.9999999999999999
          }
        },
        "computeDemand" : {
          "UNKNOWN" : {
            "QueueLength" : 8.75,
            "TASK_CONTAINERS" : 0.8749999999999999
          }
        },
        "averageProcessingTime" : "NaN",
        "networkCapacity" : {
          "interface-nodeK ( nodeK )" : {
            "DATARATE_TX" : 100.0,
            "DATARATE_RX" : 100.0
          }
        },
        "networkLoad" : {
          "interface-nodeK ( nodeK )" : {
            "(clientPoolK, nodeK_c02, nodeK_c02)" : {
              "AppCoordinates {com.bbn, test-service1, 1}" : {
                "DATARATE_TX" : 0.06200000000000004,
                "DATARATE_RX" : 0.03100000000000002
              }
            }
          }
        },
        "networkDemand" : {
          "interface-nodeK ( nodeK )" : {
            "(clientPoolK, nodeK_c02, nodeK_c02)" : {
              "AppCoordinates {com.bbn, test-service1, 1}" : {
                "DATARATE_TX" : 0.06200000000000005,
                "DATARATE_RX" : 0.031000000000000024
              }
            }
          }
        }
      },
      "nodeK_c01" : {
        "containerName" : {
          "name" : "nodeK_c01"
        },
        "timestamp" : 379494,
        "service" : {
          "group" : "com.bbn",
          "artifact" : "test-service2",
          "version" : "1"
        },
        "serviceStatus" : "RUNNING",
        "demandEstimationWindow" : "SHORT",
        "computeCapacity" : {
          "CPU" : 1.0,
          "TASK_CONTAINERS" : 1.0,
          "QueueLength" : 1000000.0
        },
        "computeLoad" : {
          "UNKNOWN" : {
            "QueueLength" : 10.0,
            "TASK_CONTAINERS" : 0.9999999999999999
          }
        },
        "computeDemand" : {
          "UNKNOWN" : {
            "QueueLength" : 8.75,
            "TASK_CONTAINERS" : 0.8749999999999999
          }
        },
        "averageProcessingTime" : "NaN",
        "networkCapacity" : {
          "interface-nodeK ( nodeK )" : {
            "DATARATE_TX" : 100.0,
            "DATARATE_RX" : 100.0
          }
        },
        "networkLoad" : {
          "interface-nodeK ( nodeK )" : {
            "(clientPoolK, nodeK_c01, nodeK_c01)" : {
              "AppCoordinates {com.bbn, test-service2, 1}" : {
                "DATARATE_TX" : 0.06600000000000004,
                "DATARATE_RX" : 0.03300000000000002
              }
            }
          }
        },
        "networkDemand" : {
          "interface-nodeK ( nodeK )" : {
            "(clientPoolK, nodeK_c01, nodeK_c01)" : {
              "AppCoordinates {com.bbn, test-service2, 1}" : {
                "DATARATE_TX" : 0.06600000000000004,
                "DATARATE_RX" : 0.03300000000000002
              }
            }
          }
        }
      },
      "nodeK_c00" : {
        "containerName" : {
          "name" : "nodeK_c00"
        },
        "timestamp" : 379495,
        "service" : {
          "group" : "com.bbn",
          "artifact" : "test-service3",
          "version" : "1"
        },
        "serviceStatus" : "RUNNING",
        "demandEstimationWindow" : "SHORT",
        "computeCapacity" : {
          "CPU" : 1.0,
          "TASK_CONTAINERS" : 1.0,
          "QueueLength" : 1000000.0
        },
        "computeLoad" : {
          "UNKNOWN" : {
            "QueueLength" : 10.0,
            "TASK_CONTAINERS" : 0.9999999999999999
          }
        },
        "computeDemand" : {
          "UNKNOWN" : {
            "QueueLength" : 8.75,
            "TASK_CONTAINERS" : 0.8749999999999999
          }
        },
        "averageProcessingTime" : "NaN",
        "networkCapacity" : {
          "interface-nodeK ( nodeK )" : {
            "DATARATE_TX" : 100.0,
            "DATARATE_RX" : 100.0
          }
        },
        "networkLoad" : {
          "interface-nodeK ( nodeK )" : {
            "(clientPoolK, nodeK_c00, nodeK_c00)" : {
              "AppCoordinates {com.bbn, test-service3, 1}" : {
                "DATARATE_TX" : 0.06400000000000004,
                "DATARATE_RX" : 0.03200000000000002
              }
            }
          }
        },
        "networkDemand" : {
          "interface-nodeK ( nodeK )" : {
            "(clientPoolK, nodeK_c00, nodeK_c00)" : {
              "AppCoordinates {com.bbn, test-service3, 1}" : {
                "DATARATE_TX" : 0.06400000000000004,
                "DATARATE_RX" : 0.03200000000000002
              }
            }
          }
        }
      }
    },
    "maximumServiceContainers" : 20,
    "allocatedServiceContainers" : 9,
    "computeDemand" : {
      "AppCoordinates {com.bbn, test-service3, 1}" : {
        "UNKNOWN" : {
          "QueueLength" : 15.607142857142858,
          "TASK_CONTAINERS" : 1.5607142857142855
        }
      },
      "AppCoordinates {com.bbn, test-service2, 1}" : {
        "UNKNOWN" : {
          "QueueLength" : 14.875,
          "TASK_CONTAINERS" : 1.4874999999999998
        }
      },
      "AppCoordinates {com.bbn, test-service1, 1}" : {
        "UNKNOWN" : {
          "QueueLength" : 16.625,
          "TASK_CONTAINERS" : 1.6625
        }
      }
    },
    "containerNetworkLoad" : {
      "interface-nodeK ( nodeK )" : {
        "(clientPoolK, nodeK_c02, nodeK_c02)" : {
          "AppCoordinates {com.bbn, test-service1, 1}" : {
            "DATARATE_TX" : 0.06200000000000004,
            "DATARATE_RX" : 0.03100000000000002
          }
        },
        "(clientPoolK, nodeK_c03, nodeK_c03)" : {
          "AppCoordinates {com.bbn, test-service3, 1}" : {
            "DATARATE_TX" : 0.016,
            "DATARATE_RX" : 0.008
          }
        },
        "(clientPoolK, nodeK_c04, nodeK_c04)" : {
          "AppCoordinates {com.bbn, test-service2, 1}" : {
            "DATARATE_TX" : 0.014,
            "DATARATE_RX" : 0.007
          }
        },
        "(clientPoolK, nodeK_c05, nodeK_c05)" : {
          "AppCoordinates {com.bbn, test-service1, 1}" : {
            "DATARATE_TX" : 0.018000000000000002,
            "DATARATE_RX" : 0.009000000000000001
          }
        },
        "(clientPoolK, nodeK_c00, nodeK_c00)" : {
          "AppCoordinates {com.bbn, test-service3, 1}" : {
            "DATARATE_TX" : 0.06400000000000004,
            "DATARATE_RX" : 0.03200000000000002
          }
        },
        "(clientPoolK, nodeK_c01, nodeK_c01)" : {
          "AppCoordinates {com.bbn, test-service2, 1}" : {
            "DATARATE_TX" : 0.06600000000000004,
            "DATARATE_RX" : 0.03300000000000002
          }
        }
      }
    },
    "containerNetworkDemand" : {
      "interface-nodeK ( nodeK )" : {
        "(clientPoolK, nodeK_c02, nodeK_c02)" : {
          "AppCoordinates {com.bbn, test-service1, 1}" : {
            "DATARATE_TX" : 0.06200000000000005,
            "DATARATE_RX" : 0.031000000000000024
          }
        },
        "(clientPoolK, nodeK_c03, nodeK_c03)" : {
          "AppCoordinates {com.bbn, test-service3, 1}" : {
            "DATARATE_TX" : 0.016,
            "DATARATE_RX" : 0.008
          }
        },
        "(clientPoolK, nodeK_c04, nodeK_c04)" : {
          "AppCoordinates {com.bbn, test-service2, 1}" : {
            "DATARATE_TX" : 0.014,
            "DATARATE_RX" : 0.007
          }
        },
        "(clientPoolK, nodeK_c05, nodeK_c05)" : {
          "AppCoordinates {com.bbn, test-service1, 1}" : {
            "DATARATE_TX" : 0.018,
            "DATARATE_RX" : 0.009
          }
        },
        "(clientPoolK, nodeK_c00, nodeK_c00)" : {
          "AppCoordinates {com.bbn, test-service3, 1}" : {
            "DATARATE_TX" : 0.06400000000000004,
            "DATARATE_RX" : 0.03200000000000002
          }
        },
        "(clientPoolK, nodeK_c01, nodeK_c01)" : {
          "AppCoordinates {com.bbn, test-service2, 1}" : {
            "DATARATE_TX" : 0.06600000000000004,
            "DATARATE_RX" : 0.03300000000000002
          }
        }
      }
    },
    "computeLoad" : {
      "AppCoordinates {com.bbn, test-service3, 1}" : {
        "UNKNOWN" : {
          "QueueLength" : 18.0,
          "TASK_CONTAINERS" : 1.7999999999999998
        }
      },
      "AppCoordinates {com.bbn, test-service2, 1}" : {
        "UNKNOWN" : {
          "QueueLength" : 17.0,
          "TASK_CONTAINERS" : 1.6999999999999997
        }
      },
      "AppCoordinates {com.bbn, test-service1, 1}" : {
        "UNKNOWN" : {
          "QueueLength" : 19.0,
          "TASK_CONTAINERS" : 1.9
        }
      }
    },
    "allocatedComputeCapacity" : {
      "CPU" : 9.0,
      "QueueLength" : 9000000.0,
      "TASK_CONTAINERS" : 9.0
    },
    "availableServiceContainers" : 11,
    "averageProcessingTime" : { }
  } ]
}