{
  "region" : {
    "name" : "D"
  },
  "minTimestamp" : 404965,
  "maxTimestamp" : 404965,
  "demandEstimationWindow" : "SHORT",
  "serverCapacity" : {
    "DISK" : 10.0,
    "MEMORY" : 8.0E9,
    "CPU" : 4.0,
    "TASK_CONTAINERS" : 20.0
  },
  "serverLoad" : {
    "AppCoordinates {com.bbn, test-service3, 1}" : {
      "unknown" : {
        "QueueLength" : 330.0,
        "TASK_CONTAINERS" : 165.0
      }
    },
    "AppCoordinates {com.bbn, test-service2, 1}" : {
      "unknown" : {
        "QueueLength" : 97.0,
        "TASK_CONTAINERS" : 48.5
      }
    }
  },
  "serverDemand" : {
    "AppCoordinates {com.bbn, test-service3, 1}" : {
      "unknown" : {
        "QueueLength" : 288.75,
        "TASK_CONTAINERS" : 144.375
      }
    },
    "AppCoordinates {com.bbn, test-service2, 1}" : {
      "unknown" : {
        "QueueLength" : 80.75,
        "TASK_CONTAINERS" : 40.375
      }
    }
  },
  "serverAverageProcessingTimeCount" : {
    "AppCoordinates {com.bbn, test-service2, 1}" : 1,
    "AppCoordinates {com.bbn, test-service3, 1}" : 1
  },
  "serverAverageProcessingTimeSum" : {
    "AppCoordinates {com.bbn, test-service2, 1}" : 120000.0,
    "AppCoordinates {com.bbn, test-service3, 1}" : 120000.0
  },
  "networkCapacity" : {
    "E" : {
      "DATARATE_RX" : 100.0,
      "DATARATE_TX" : 100.0
    },
    "F" : {
      "DATARATE_RX" : 100.0,
      "DATARATE_TX" : 100.0
    },
    "G" : {
      "DATARATE_RX" : 100.0,
      "DATARATE_TX" : 100.0
    },
    "I" : {
      "DATARATE_RX" : 100.0,
      "DATARATE_TX" : 100.0
    },
    "J" : {
      "DATARATE_RX" : 100.0,
      "DATARATE_TX" : 100.0
    },
    "K" : {
      "DATARATE_RX" : 100.0,
      "DATARATE_TX" : 100.0
    },
    "N" : {
      "DATARATE_RX" : 100.0,
      "DATARATE_TX" : 100.0
    }
  },
  "networkLoad" : {
    "E" : {
      "(D, T, T)" : {
        "AppCoordinates {com.bbn, test-service3, 1}" : {
          "DATARATE_TX" : -4.573977915173222E-20,
          "DATARATE_RX" : -2.286988957586611E-20
        },
        "AppCoordinates {com.bbn, test-service2, 1}" : {
          "DATARATE_TX" : 2.639999999999997E-4,
          "DATARATE_RX" : 1.3199999999999985E-4
        },
        "AppCoordinates {com.bbn, test-service1, 1}" : {
          "DATARATE_TX" : -3.8116482626443515E-20,
          "DATARATE_RX" : -1.9058241313221758E-20
        }
      }
    },
    "F" : { },
    "G" : { },
    "I" : { },
    "J" : { },
    "K" : { },
    "N" : { }
  },
  "networkDemand" : {
    "E" : {
      "(D, T, T)" : {
        "AppCoordinates {com.bbn, test-service3, 1}" : {
          "DATARATE_TX" : -4.573977915173222E-20,
          "DATARATE_RX" : -2.286988957586611E-20
        },
        "AppCoordinates {com.bbn, test-service2, 1}" : {
          "DATARATE_TX" : 2.60285714285714E-4,
          "DATARATE_RX" : 1.30142857142857E-4
        },
        "AppCoordinates {com.bbn, test-service1, 1}" : {
          "DATARATE_TX" : -3.8116482626443515E-20,
          "DATARATE_RX" : -1.9058241313221758E-20
        }
      }
    },
    "F" : { },
    "G" : { },
    "I" : { },
    "J" : { },
    "K" : { },
    "N" : { }
  },
  "maximumServiceContainers" : 20,
  "allocatedServiceContainers" : 5,
  "serverAverageProcessingTime" : {
    "AppCoordinates {com.bbn, test-service2, 1}" : 120000.0,
    "AppCoordinates {com.bbn, test-service3, 1}" : 120000.0
  },
  "availableServiceContainers" : 15,
  "nullSummary" : false
}