{
  "region" : {
    "name" : "H"
  },
  "timestamp" : 150606,
  "servicePlan" : {
    "nodeH" : [ {
      "id" : {
        "name" : "nodeH_c00"
      },
      "service" : {
        "group" : "com.bbn",
        "artifact" : "test-service3",
        "version" : "1"
      },
      "weight" : 1.0,
      "stopTrafficTo" : false,
      "stop" : false
    }, {
      "id" : {
        "name" : "nodeH_c01"
      },
      "service" : {
        "group" : "com.bbn",
        "artifact" : "test-service3",
        "version" : "1"
      },
      "weight" : 1.0,
      "stopTrafficTo" : false,
      "stop" : false
    } ]
  },
  "overflowPlan" : {
    "AppCoordinates {com.bbn, test-service3, 1}" : {
      "C" : 0.7412929408760487,
      "J" : 0.0,
      "H" : 0.2587070591239513
    },
    "AppCoordinates {com.bbn, test-service2, 1}" : {
      "C" : 1.0,
      "J" : 0.0,
      "H" : 0.0
    },
    "AppCoordinates {com.bbn, test-service1, 1}" : {
      "C" : 1.0,
      "J" : 0.0,
      "H" : 0.0
    }
  }
}