{
  "region" : {
    "name" : "D"
  },
  "minTimestamp" : 133993,
  "maxTimestamp" : 133993,
  "demandEstimationWindow" : "SHORT",
  "serverCapacity" : {
    "DISK" : 10.0,
    "MEMORY" : 8.0E9,
    "CPU" : 4.0,
    "TASK_CONTAINERS" : 20.0
  },
  "serverLoad" : {
    "AppCoordinates {com.bbn, test-service3, 1}" : {
      "unknown" : {
        "QueueLength" : 260.0,
        "TASK_CONTAINERS" : 130.0
      }
    }
  },
  "serverDemand" : {
    "AppCoordinates {com.bbn, test-service3, 1}" : {
      "unknown" : {
        "QueueLength" : 227.5,
        "TASK_CONTAINERS" : 113.75
      }
    }
  },
  "serverAverageProcessingTimeCount" : { },
  "serverAverageProcessingTimeSum" : { },
  "networkCapacity" : {
    "A" : {
      "DATARATE_RX" : 100.0,
      "DATARATE_TX" : 100.0
    },
    "E" : {
      "DATARATE_RX" : 100.0,
      "DATARATE_TX" : 100.0
    }
  },
  "networkLoad" : {
    "A" : {
      "(E, A, A)" : {
        "AppCoordinates {com.bbn, test-service3, 1}" : {
          "DATARATE_TX" : 3.799999999999998E-5,
          "DATARATE_RX" : 1.899999999999999E-5
        },
        "AppCoordinates {com.bbn, test-service2, 1}" : {
          "DATARATE_TX" : 2.6199999999999965E-4,
          "DATARATE_RX" : 1.3099999999999982E-4
        },
        "AppCoordinates {com.bbn, test-service1, 1}" : {
          "DATARATE_TX" : 3.899999999999995E-4,
          "DATARATE_RX" : 1.9499999999999975E-4
        }
      },
      "(D, A, A)" : {
        "AppCoordinates {com.bbn, test-service3, 1}" : {
          "DATARATE_TX" : 1.7999999999999993E-4,
          "DATARATE_RX" : 8.999999999999997E-5
        },
        "AppCoordinates {com.bbn, test-service2, 1}" : {
          "DATARATE_TX" : 2.6799999999999963E-4,
          "DATARATE_RX" : 1.3399999999999981E-4
        },
        "AppCoordinates {com.bbn, test-service1, 1}" : {
          "DATARATE_TX" : 4.219999999999994E-4,
          "DATARATE_RX" : 2.109999999999997E-4
        }
      }
    },
    "E" : {
      "(D, E, D)" : {
        "AppCoordinates {com.bbn, test-service3, 1}" : {
          "DATARATE_TX" : 4.499999999999999E-5,
          "DATARATE_RX" : 8.999999999999998E-5
        }
      },
      "(A, E, A)" : {
        "AppCoordinates {com.bbn, test-service3, 1}" : {
          "DATARATE_TX" : 1.8999999999999994E-5,
          "DATARATE_RX" : 3.799999999999999E-5
        },
        "AppCoordinates {com.bbn, test-service2, 1}" : {
          "DATARATE_TX" : 1.3099999999999982E-4,
          "DATARATE_RX" : 2.6199999999999965E-4
        },
        "AppCoordinates {com.bbn, test-service1, 1}" : {
          "DATARATE_TX" : 1.9499999999999975E-4,
          "DATARATE_RX" : 3.899999999999995E-4
        }
      }
    }
  },
  "networkDemand" : {
    "A" : {
      "(E, A, A)" : {
        "AppCoordinates {com.bbn, test-service3, 1}" : {
          "DATARATE_TX" : 3.7999999999999975E-5,
          "DATARATE_RX" : 1.8999999999999987E-5
        },
        "AppCoordinates {com.bbn, test-service2, 1}" : {
          "DATARATE_TX" : 2.6199999999999965E-4,
          "DATARATE_RX" : 1.3099999999999982E-4
        },
        "AppCoordinates {com.bbn, test-service1, 1}" : {
          "DATARATE_TX" : 3.899999999999995E-4,
          "DATARATE_RX" : 1.9499999999999975E-4
        }
      },
      "(D, A, A)" : {
        "AppCoordinates {com.bbn, test-service3, 1}" : {
          "DATARATE_TX" : 1.7999999999999993E-4,
          "DATARATE_RX" : 8.999999999999997E-5
        },
        "AppCoordinates {com.bbn, test-service2, 1}" : {
          "DATARATE_TX" : 2.6799999999999963E-4,
          "DATARATE_RX" : 1.3399999999999981E-4
        },
        "AppCoordinates {com.bbn, test-service1, 1}" : {
          "DATARATE_TX" : 4.219999999999994E-4,
          "DATARATE_RX" : 2.109999999999997E-4
        }
      }
    },
    "E" : {
      "(D, E, D)" : {
        "AppCoordinates {com.bbn, test-service3, 1}" : {
          "DATARATE_TX" : 4.499999999999998E-5,
          "DATARATE_RX" : 8.999999999999997E-5
        }
      },
      "(A, E, A)" : {
        "AppCoordinates {com.bbn, test-service3, 1}" : {
          "DATARATE_TX" : 1.899999999999999E-5,
          "DATARATE_RX" : 3.799999999999998E-5
        },
        "AppCoordinates {com.bbn, test-service2, 1}" : {
          "DATARATE_TX" : 1.3099999999999982E-4,
          "DATARATE_RX" : 2.6199999999999965E-4
        },
        "AppCoordinates {com.bbn, test-service1, 1}" : {
          "DATARATE_TX" : 1.9499999999999975E-4,
          "DATARATE_RX" : 3.899999999999995E-4
        }
      }
    }
  },
  "maximumServiceContainers" : 20,
  "allocatedServiceContainers" : 2,
  "serverAverageProcessingTime" : { },
  "availableServiceContainers" : 18,
  "nullSummary" : false
}