{
  "nodeName" : {
    "name" : "nodeA"
  },
  "timestamp" : 146999,
  "demandEstimationWindow" : "SHORT",
  "nodeComputeCapacity" : {
    "CPU" : 8.0,
    "MEMORY" : 1.6E10,
    "DISK" : 10.0,
    "TASK_CONTAINERS" : 8.0
  },
  "networkCapacity" : {
    "interface-nodeE ( nodeE )" : {
      "DATARATE_RX" : 100.0,
      "DATARATE_TX" : 100.0
    },
    "interface-nodeB ( nodeB )" : {
      "DATARATE_RX" : 100.0,
      "DATARATE_TX" : 100.0
    },
    "interface-nodeG ( nodeG )" : {
      "DATARATE_RX" : 100.0,
      "DATARATE_TX" : 100.0
    }
  },
  "networkLoad" : {
    "interface-nodeE ( nodeE )" : {
      "(nodeA_c05, clientPoolE, nodeA_c05)" : {
        "AppCoordinates {com.bbn, test-service3, 1}" : {
          "DATARATE_TX" : 6.399999999999992E-5,
          "DATARATE_RX" : 1.2799999999999983E-4
        }
      },
      "(nodeA_c06, clientPoolE, nodeA_c06)" : {
        "AppCoordinates {com.bbn, test-service2, 1}" : {
          "DATARATE_TX" : 3.999999999999998E-5,
          "DATARATE_RX" : 7.999999999999997E-5
        }
      },
      "(nodeA_c07, clientPoolE, nodeA_c07)" : {
        "AppCoordinates {com.bbn, test-service2, 1}" : {
          "DATARATE_TX" : -3.8116482626443515E-21,
          "DATARATE_RX" : -7.623296525288703E-21
        },
        "AppCoordinates {com.bbn, test-service1, 1}" : {
          "DATARATE_TX" : 6.399999999999992E-5,
          "DATARATE_RX" : 1.2799999999999983E-4
        }
      },
      "(nodeA_c00, clientPoolE, nodeA_c00)" : {
        "AppCoordinates {com.bbn, test-service1, 1}" : {
          "DATARATE_TX" : 7.09999999999999E-5,
          "DATARATE_RX" : 1.419999999999998E-4
        }
      },
      "(nodeA_c01, clientPoolE, nodeA_c01)" : {
        "AppCoordinates {com.bbn, test-service2, 1}" : {
          "DATARATE_TX" : 7.899999999999987E-5,
          "DATARATE_RX" : 1.5799999999999975E-4
        }
      },
      "(nodeA_c02, clientPoolE, nodeA_c02)" : {
        "AppCoordinates {com.bbn, test-service3, 1}" : {
          "DATARATE_TX" : 7.799999999999988E-5,
          "DATARATE_RX" : 1.5599999999999975E-4
        }
      },
      "(nodeA_c03, clientPoolE, nodeA_c03)" : {
        "AppCoordinates {com.bbn, test-service3, 1}" : {
          "DATARATE_TX" : 6.79999999999999E-5,
          "DATARATE_RX" : 1.359999999999998E-4
        },
        "AppCoordinates {com.bbn, test-service1, 1}" : {
          "DATARATE_TX" : 5.3999999999999944E-5,
          "DATARATE_RX" : 1.0799999999999989E-4
        }
      },
      "(nodeA_c04, clientPoolE, nodeA_c04)" : {
        "AppCoordinates {com.bbn, test-service3, 1}" : {
          "DATARATE_TX" : -3.8116482626443515E-21,
          "DATARATE_RX" : -7.623296525288703E-21
        },
        "AppCoordinates {com.bbn, test-service1, 1}" : {
          "DATARATE_TX" : -3.8116482626443515E-21,
          "DATARATE_RX" : -7.623296525288703E-21
        }
      }
    },
    "interface-nodeB ( nodeB )" : {
      "(nodeA_c03, clientPoolC, nodeA_c03)" : {
        "AppCoordinates {com.bbn, test-service3, 1}" : {
          "DATARATE_TX" : 6.599999999999991E-5,
          "DATARATE_RX" : 1.3199999999999982E-4
        },
        "AppCoordinates {com.bbn, test-service1, 1}" : {
          "DATARATE_TX" : 4.899999999999996E-5,
          "DATARATE_RX" : 9.799999999999992E-5
        }
      },
      "(nodeA_c04, clientPoolC, nodeA_c04)" : {
        "AppCoordinates {com.bbn, test-service3, 1}" : {
          "DATARATE_TX" : 1.999999999999996E-6,
          "DATARATE_RX" : 3.999999999999992E-6
        },
        "AppCoordinates {com.bbn, test-service1, 1}" : {
          "DATARATE_TX" : -4.2351647362715017E-22,
          "DATARATE_RX" : -8.470329472543003E-22
        }
      },
      "(nodeA_c05, clientPoolC, nodeA_c05)" : {
        "AppCoordinates {com.bbn, test-service3, 1}" : {
          "DATARATE_TX" : 6.299999999999992E-5,
          "DATARATE_RX" : 1.2599999999999984E-4
        }
      },
      "(nodeA_c06, clientPoolC, nodeA_c06)" : {
        "AppCoordinates {com.bbn, test-service2, 1}" : {
          "DATARATE_TX" : 1.6E-5,
          "DATARATE_RX" : 3.2E-5
        }
      },
      "(nodeA_c07, clientPoolC, nodeA_c07)" : {
        "AppCoordinates {com.bbn, test-service2, 1}" : {
          "DATARATE_TX" : -3.8116482626443515E-21,
          "DATARATE_RX" : -7.623296525288703E-21
        },
        "AppCoordinates {com.bbn, test-service1, 1}" : {
          "DATARATE_TX" : 6.79999999999999E-5,
          "DATARATE_RX" : 1.359999999999998E-4
        }
      },
      "(nodeA_c00, clientPoolC, nodeA_c00)" : {
        "AppCoordinates {com.bbn, test-service1, 1}" : {
          "DATARATE_TX" : 6.199999999999992E-5,
          "DATARATE_RX" : 1.2399999999999984E-4
        }
      },
      "(nodeA_c01, clientPoolC, nodeA_c01)" : {
        "AppCoordinates {com.bbn, test-service2, 1}" : {
          "DATARATE_TX" : 4.699999999999996E-5,
          "DATARATE_RX" : 9.399999999999993E-5
        }
      },
      "(nodeA_c02, clientPoolC, nodeA_c02)" : {
        "AppCoordinates {com.bbn, test-service3, 1}" : {
          "DATARATE_TX" : 5.599999999999994E-5,
          "DATARATE_RX" : 1.1199999999999988E-4
        }
      }
    },
    "interface-nodeG ( nodeG )" : {
      "(nodeA_c07, clientPoolG, nodeA_c07)" : {
        "AppCoordinates {com.bbn, test-service2, 1}" : {
          "DATARATE_TX" : -3.8116482626443515E-21,
          "DATARATE_RX" : -7.623296525288703E-21
        },
        "AppCoordinates {com.bbn, test-service1, 1}" : {
          "DATARATE_TX" : 6.79999999999999E-5,
          "DATARATE_RX" : 1.359999999999998E-4
        }
      },
      "(nodeA_c00, clientPoolG, nodeA_c00)" : {
        "AppCoordinates {com.bbn, test-service1, 1}" : {
          "DATARATE_TX" : 6.699999999999991E-5,
          "DATARATE_RX" : 1.3399999999999981E-4
        }
      },
      "(nodeA_c01, clientPoolG, nodeA_c01)" : {
        "AppCoordinates {com.bbn, test-service2, 1}" : {
          "DATARATE_TX" : 7.399999999999989E-5,
          "DATARATE_RX" : 1.4799999999999978E-4
        }
      },
      "(nodeA_c02, clientPoolG, nodeA_c02)" : {
        "AppCoordinates {com.bbn, test-service3, 1}" : {
          "DATARATE_TX" : 6.599999999999991E-5,
          "DATARATE_RX" : 1.3199999999999982E-4
        }
      },
      "(nodeA_c03, clientPoolG, nodeA_c03)" : {
        "AppCoordinates {com.bbn, test-service3, 1}" : {
          "DATARATE_TX" : 6.299999999999992E-5,
          "DATARATE_RX" : 1.2599999999999984E-4
        },
        "AppCoordinates {com.bbn, test-service1, 1}" : {
          "DATARATE_TX" : 5.6999999999999935E-5,
          "DATARATE_RX" : 1.1399999999999987E-4
        }
      },
      "(nodeA_c04, clientPoolG, nodeA_c04)" : {
        "AppCoordinates {com.bbn, test-service3, 1}" : {
          "DATARATE_TX" : -3.8116482626443515E-21,
          "DATARATE_RX" : -7.623296525288703E-21
        },
        "AppCoordinates {com.bbn, test-service1, 1}" : {
          "DATARATE_TX" : -3.8116482626443515E-21,
          "DATARATE_RX" : -7.623296525288703E-21
        }
      },
      "(nodeA_c05, clientPoolG, nodeA_c05)" : {
        "AppCoordinates {com.bbn, test-service3, 1}" : {
          "DATARATE_TX" : 7.299999999999989E-5,
          "DATARATE_RX" : 1.4599999999999978E-4
        }
      },
      "(nodeA_c06, clientPoolG, nodeA_c06)" : {
        "AppCoordinates {com.bbn, test-service2, 1}" : {
          "DATARATE_TX" : 5.199999999999995E-5,
          "DATARATE_RX" : 1.039999999999999E-4
        }
      }
    }
  },
  "networkDemand" : {
    "interface-nodeE ( nodeE )" : {
      "(nodeA_c05, clientPoolE, nodeA_c05)" : {
        "AppCoordinates {com.bbn, test-service3, 1}" : {
          "DATARATE_TX" : 6.399999999999992E-5,
          "DATARATE_RX" : 1.2799999999999983E-4
        }
      },
      "(nodeA_c06, clientPoolE, nodeA_c06)" : {
        "AppCoordinates {com.bbn, test-service2, 1}" : {
          "DATARATE_TX" : 3.999999999999999E-5,
          "DATARATE_RX" : 7.999999999999998E-5
        }
      },
      "(nodeA_c07, clientPoolE, nodeA_c07)" : {
        "AppCoordinates {com.bbn, test-service2, 1}" : {
          "DATARATE_TX" : -3.8116482626443515E-21,
          "DATARATE_RX" : -7.623296525288703E-21
        },
        "AppCoordinates {com.bbn, test-service1, 1}" : {
          "DATARATE_TX" : 6.399999999999992E-5,
          "DATARATE_RX" : 1.2799999999999983E-4
        }
      },
      "(nodeA_c00, clientPoolE, nodeA_c00)" : {
        "AppCoordinates {com.bbn, test-service1, 1}" : {
          "DATARATE_TX" : 7.09999999999999E-5,
          "DATARATE_RX" : 1.419999999999998E-4
        }
      },
      "(nodeA_c01, clientPoolE, nodeA_c01)" : {
        "AppCoordinates {com.bbn, test-service2, 1}" : {
          "DATARATE_TX" : 7.899999999999987E-5,
          "DATARATE_RX" : 1.5799999999999975E-4
        }
      },
      "(nodeA_c02, clientPoolE, nodeA_c02)" : {
        "AppCoordinates {com.bbn, test-service3, 1}" : {
          "DATARATE_TX" : 7.799999999999988E-5,
          "DATARATE_RX" : 1.5599999999999975E-4
        }
      },
      "(nodeA_c03, clientPoolE, nodeA_c03)" : {
        "AppCoordinates {com.bbn, test-service3, 1}" : {
          "DATARATE_TX" : 6.79999999999999E-5,
          "DATARATE_RX" : 1.359999999999998E-4
        },
        "AppCoordinates {com.bbn, test-service1, 1}" : {
          "DATARATE_TX" : 5.399999999999995E-5,
          "DATARATE_RX" : 1.079999999999999E-4
        }
      },
      "(nodeA_c04, clientPoolE, nodeA_c04)" : {
        "AppCoordinates {com.bbn, test-service3, 1}" : {
          "DATARATE_TX" : -3.8116482626443515E-21,
          "DATARATE_RX" : -7.623296525288703E-21
        },
        "AppCoordinates {com.bbn, test-service1, 1}" : {
          "DATARATE_TX" : -3.8116482626443515E-21,
          "DATARATE_RX" : -7.623296525288703E-21
        }
      }
    },
    "interface-nodeB ( nodeB )" : {
      "(nodeA_c03, clientPoolC, nodeA_c03)" : {
        "AppCoordinates {com.bbn, test-service3, 1}" : {
          "DATARATE_TX" : 6.599999999999991E-5,
          "DATARATE_RX" : 1.3199999999999982E-4
        },
        "AppCoordinates {com.bbn, test-service1, 1}" : {
          "DATARATE_TX" : 4.899999999999995E-5,
          "DATARATE_RX" : 9.79999999999999E-5
        }
      },
      "(nodeA_c04, clientPoolC, nodeA_c04)" : {
        "AppCoordinates {com.bbn, test-service3, 1}" : {
          "DATARATE_TX" : 1.999999999999996E-6,
          "DATARATE_RX" : 3.999999999999992E-6
        },
        "AppCoordinates {com.bbn, test-service1, 1}" : {
          "DATARATE_TX" : -4.2351647362715017E-22,
          "DATARATE_RX" : -8.470329472543003E-22
        }
      },
      "(nodeA_c05, clientPoolC, nodeA_c05)" : {
        "AppCoordinates {com.bbn, test-service3, 1}" : {
          "DATARATE_TX" : 6.299999999999992E-5,
          "DATARATE_RX" : 1.2599999999999984E-4
        }
      },
      "(nodeA_c06, clientPoolC, nodeA_c06)" : {
        "AppCoordinates {com.bbn, test-service2, 1}" : {
          "DATARATE_TX" : 1.6E-5,
          "DATARATE_RX" : 3.2E-5
        }
      },
      "(nodeA_c07, clientPoolC, nodeA_c07)" : {
        "AppCoordinates {com.bbn, test-service2, 1}" : {
          "DATARATE_TX" : -3.8116482626443515E-21,
          "DATARATE_RX" : -7.623296525288703E-21
        },
        "AppCoordinates {com.bbn, test-service1, 1}" : {
          "DATARATE_TX" : 6.79999999999999E-5,
          "DATARATE_RX" : 1.359999999999998E-4
        }
      },
      "(nodeA_c00, clientPoolC, nodeA_c00)" : {
        "AppCoordinates {com.bbn, test-service1, 1}" : {
          "DATARATE_TX" : 6.199999999999992E-5,
          "DATARATE_RX" : 1.2399999999999984E-4
        }
      },
      "(nodeA_c01, clientPoolC, nodeA_c01)" : {
        "AppCoordinates {com.bbn, test-service2, 1}" : {
          "DATARATE_TX" : 4.6999999999999957E-5,
          "DATARATE_RX" : 9.399999999999991E-5
        }
      },
      "(nodeA_c02, clientPoolC, nodeA_c02)" : {
        "AppCoordinates {com.bbn, test-service3, 1}" : {
          "DATARATE_TX" : 5.5999999999999945E-5,
          "DATARATE_RX" : 1.1199999999999989E-4
        }
      }
    },
    "interface-nodeG ( nodeG )" : {
      "(nodeA_c07, clientPoolG, nodeA_c07)" : {
        "AppCoordinates {com.bbn, test-service2, 1}" : {
          "DATARATE_TX" : -3.8116482626443515E-21,
          "DATARATE_RX" : -7.623296525288703E-21
        },
        "AppCoordinates {com.bbn, test-service1, 1}" : {
          "DATARATE_TX" : 6.79999999999999E-5,
          "DATARATE_RX" : 1.359999999999998E-4
        }
      },
      "(nodeA_c00, clientPoolG, nodeA_c00)" : {
        "AppCoordinates {com.bbn, test-service1, 1}" : {
          "DATARATE_TX" : 6.699999999999991E-5,
          "DATARATE_RX" : 1.3399999999999981E-4
        }
      },
      "(nodeA_c01, clientPoolG, nodeA_c01)" : {
        "AppCoordinates {com.bbn, test-service2, 1}" : {
          "DATARATE_TX" : 7.399999999999989E-5,
          "DATARATE_RX" : 1.4799999999999978E-4
        }
      },
      "(nodeA_c02, clientPoolG, nodeA_c02)" : {
        "AppCoordinates {com.bbn, test-service3, 1}" : {
          "DATARATE_TX" : 6.599999999999991E-5,
          "DATARATE_RX" : 1.3199999999999982E-4
        }
      },
      "(nodeA_c03, clientPoolG, nodeA_c03)" : {
        "AppCoordinates {com.bbn, test-service3, 1}" : {
          "DATARATE_TX" : 6.299999999999992E-5,
          "DATARATE_RX" : 1.2599999999999984E-4
        },
        "AppCoordinates {com.bbn, test-service1, 1}" : {
          "DATARATE_TX" : 5.699999999999993E-5,
          "DATARATE_RX" : 1.1399999999999986E-4
        }
      },
      "(nodeA_c04, clientPoolG, nodeA_c04)" : {
        "AppCoordinates {com.bbn, test-service3, 1}" : {
          "DATARATE_TX" : -3.8116482626443515E-21,
          "DATARATE_RX" : -7.623296525288703E-21
        },
        "AppCoordinates {com.bbn, test-service1, 1}" : {
          "DATARATE_TX" : -3.8116482626443515E-21,
          "DATARATE_RX" : -7.623296525288703E-21
        }
      },
      "(nodeA_c05, clientPoolG, nodeA_c05)" : {
        "AppCoordinates {com.bbn, test-service3, 1}" : {
          "DATARATE_TX" : 7.299999999999989E-5,
          "DATARATE_RX" : 1.4599999999999978E-4
        }
      },
      "(nodeA_c06, clientPoolG, nodeA_c06)" : {
        "AppCoordinates {com.bbn, test-service2, 1}" : {
          "DATARATE_TX" : 5.1999999999999956E-5,
          "DATARATE_RX" : 1.0399999999999991E-4
        }
      }
    }
  },
  "containerReports" : {
    "nodeA_c03" : {
      "containerName" : {
        "name" : "nodeA_c03"
      },
      "timestamp" : 146999,
      "service" : {
        "group" : "com.bbn",
        "artifact" : "test-service3",
        "version" : "1"
      },
      "serviceStatus" : "RUNNING",
      "demandEstimationWindow" : "SHORT",
      "computeCapacity" : {
        "CPU" : 1.0,
        "TASK_CONTAINERS" : 100.0,
        "QueueLength" : 1000000.0
      },
      "computeLoad" : {
        "UNKNOWN" : {
          "QueueLength" : 197.0,
          "TASK_CONTAINERS" : 98.5
        }
      },
      "computeDemand" : {
        "UNKNOWN" : {
          "QueueLength" : 172.375,
          "TASK_CONTAINERS" : 86.1875
        }
      },
      "averageProcessingTime" : "NaN",
      "networkCapacity" : {
        "interface-nodeA ( nodeA )" : {
          "DATARATE_TX" : 100.0,
          "DATARATE_RX" : 100.0
        }
      },
      "networkLoad" : {
        "interface-nodeA ( nodeA )" : {
          "(clientPoolG, nodeA_c03, nodeA_c03)" : {
            "AppCoordinates {com.bbn, test-service3, 1}" : {
              "DATARATE_TX" : 1.2599999999999984E-4,
              "DATARATE_RX" : 6.299999999999992E-5
            }
          },
          "(clientPoolC, nodeA_c03, nodeA_c03)" : {
            "AppCoordinates {com.bbn, test-service3, 1}" : {
              "DATARATE_TX" : 1.3199999999999982E-4,
              "DATARATE_RX" : 6.599999999999991E-5
            }
          },
          "(clientPoolE, nodeA_c03, nodeA_c03)" : {
            "AppCoordinates {com.bbn, test-service3, 1}" : {
              "DATARATE_TX" : 1.359999999999998E-4,
              "DATARATE_RX" : 6.79999999999999E-5
            }
          }
        }
      },
      "networkDemand" : {
        "interface-nodeA ( nodeA )" : {
          "(clientPoolG, nodeA_c03, nodeA_c03)" : {
            "AppCoordinates {com.bbn, test-service3, 1}" : {
              "DATARATE_TX" : 1.2599999999999984E-4,
              "DATARATE_RX" : 6.299999999999992E-5
            }
          },
          "(clientPoolC, nodeA_c03, nodeA_c03)" : {
            "AppCoordinates {com.bbn, test-service3, 1}" : {
              "DATARATE_TX" : 1.3199999999999982E-4,
              "DATARATE_RX" : 6.599999999999991E-5
            }
          },
          "(clientPoolE, nodeA_c03, nodeA_c03)" : {
            "AppCoordinates {com.bbn, test-service3, 1}" : {
              "DATARATE_TX" : 1.359999999999998E-4,
              "DATARATE_RX" : 6.79999999999999E-5
            }
          }
        }
      }
    },
    "nodeA_c04" : {
      "containerName" : {
        "name" : "nodeA_c04"
      },
      "timestamp" : 147000,
      "service" : {
        "group" : "com.bbn",
        "artifact" : "test-service3",
        "version" : "1"
      },
      "serviceStatus" : "RUNNING",
      "demandEstimationWindow" : "SHORT",
      "computeCapacity" : {
        "CPU" : 1.0,
        "TASK_CONTAINERS" : 100.0,
        "QueueLength" : 1000000.0
      },
      "computeLoad" : {
        "UNKNOWN" : {
          "QueueLength" : 2.0,
          "TASK_CONTAINERS" : 1.0
        }
      },
      "computeDemand" : {
        "UNKNOWN" : {
          "QueueLength" : 1.75,
          "TASK_CONTAINERS" : 0.875
        }
      },
      "averageProcessingTime" : 120000.0,
      "networkCapacity" : {
        "interface-nodeA ( nodeA )" : {
          "DATARATE_TX" : 100.0,
          "DATARATE_RX" : 100.0
        }
      },
      "networkLoad" : {
        "interface-nodeA ( nodeA )" : {
          "(clientPoolC, nodeA_c04, nodeA_c04)" : {
            "AppCoordinates {com.bbn, test-service3, 1}" : {
              "DATARATE_TX" : 2.4599999999999953E-4,
              "DATARATE_RX" : 1.2299999999999976E-4
            }
          },
          "(clientPoolE, nodeA_c04, nodeA_c04)" : {
            "AppCoordinates {com.bbn, test-service3, 1}" : {
              "DATARATE_TX" : 2.1199999999999962E-4,
              "DATARATE_RX" : 1.0599999999999981E-4
            }
          },
          "(clientPoolG, nodeA_c04, nodeA_c04)" : {
            "AppCoordinates {com.bbn, test-service3, 1}" : {
              "DATARATE_TX" : 2.1199999999999962E-4,
              "DATARATE_RX" : 1.0599999999999981E-4
            }
          }
        }
      },
      "networkDemand" : {
        "interface-nodeA ( nodeA )" : {
          "(clientPoolC, nodeA_c04, nodeA_c04)" : {
            "AppCoordinates {com.bbn, test-service3, 1}" : {
              "DATARATE_TX" : 2.4599999999999953E-4,
              "DATARATE_RX" : 1.2299999999999976E-4
            }
          },
          "(clientPoolE, nodeA_c04, nodeA_c04)" : {
            "AppCoordinates {com.bbn, test-service3, 1}" : {
              "DATARATE_TX" : 2.1199999999999957E-4,
              "DATARATE_RX" : 1.0599999999999978E-4
            }
          },
          "(clientPoolG, nodeA_c04, nodeA_c04)" : {
            "AppCoordinates {com.bbn, test-service3, 1}" : {
              "DATARATE_TX" : 2.1199999999999957E-4,
              "DATARATE_RX" : 1.0599999999999978E-4
            }
          }
        }
      }
    },
    "nodeA_c01" : {
      "containerName" : {
        "name" : "nodeA_c01"
      },
      "timestamp" : 147002,
      "service" : {
        "group" : "com.bbn",
        "artifact" : "test-service2",
        "version" : "1"
      },
      "serviceStatus" : "RUNNING",
      "demandEstimationWindow" : "SHORT",
      "computeCapacity" : {
        "CPU" : 1.0,
        "TASK_CONTAINERS" : 100.0,
        "QueueLength" : 1000000.0
      },
      "computeLoad" : {
        "UNKNOWN" : {
          "QueueLength" : 200.0,
          "TASK_CONTAINERS" : 100.0
        }
      },
      "computeDemand" : {
        "UNKNOWN" : {
          "QueueLength" : 171.42857142857142,
          "TASK_CONTAINERS" : 85.71428571428571
        }
      },
      "averageProcessingTime" : 120000.0,
      "networkCapacity" : {
        "interface-nodeA ( nodeA )" : {
          "DATARATE_TX" : 100.0,
          "DATARATE_RX" : 100.0
        }
      },
      "networkLoad" : {
        "interface-nodeA ( nodeA )" : {
          "(clientPoolE, nodeA_c01, nodeA_c01)" : {
            "AppCoordinates {com.bbn, test-service2, 1}" : {
              "DATARATE_TX" : 3.3399999999999934E-4,
              "DATARATE_RX" : 1.6699999999999967E-4
            }
          },
          "(clientPoolG, nodeA_c01, nodeA_c01)" : {
            "AppCoordinates {com.bbn, test-service2, 1}" : {
              "DATARATE_TX" : 3.119999999999994E-4,
              "DATARATE_RX" : 1.559999999999997E-4
            }
          },
          "(clientPoolC, nodeA_c01, nodeA_c01)" : {
            "AppCoordinates {com.bbn, test-service2, 1}" : {
              "DATARATE_TX" : 2.1799999999999966E-4,
              "DATARATE_RX" : 1.0899999999999983E-4
            }
          }
        }
      },
      "networkDemand" : {
        "interface-nodeA ( nodeA )" : {
          "(clientPoolE, nodeA_c01, nodeA_c01)" : {
            "AppCoordinates {com.bbn, test-service2, 1}" : {
              "DATARATE_TX" : 3.339999999999993E-4,
              "DATARATE_RX" : 1.6699999999999964E-4
            }
          },
          "(clientPoolG, nodeA_c01, nodeA_c01)" : {
            "AppCoordinates {com.bbn, test-service2, 1}" : {
              "DATARATE_TX" : 3.119999999999994E-4,
              "DATARATE_RX" : 1.559999999999997E-4
            }
          },
          "(clientPoolC, nodeA_c01, nodeA_c01)" : {
            "AppCoordinates {com.bbn, test-service2, 1}" : {
              "DATARATE_TX" : 2.1799999999999966E-4,
              "DATARATE_RX" : 1.0899999999999983E-4
            }
          }
        }
      }
    },
    "nodeA_c02" : {
      "containerName" : {
        "name" : "nodeA_c02"
      },
      "timestamp" : 147004,
      "service" : {
        "group" : "com.bbn",
        "artifact" : "test-service3",
        "version" : "1"
      },
      "serviceStatus" : "RUNNING",
      "demandEstimationWindow" : "SHORT",
      "computeCapacity" : {
        "CPU" : 1.0,
        "TASK_CONTAINERS" : 100.0,
        "QueueLength" : 1000000.0
      },
      "computeLoad" : {
        "UNKNOWN" : {
          "QueueLength" : 200.0,
          "TASK_CONTAINERS" : 100.0
        }
      },
      "computeDemand" : {
        "UNKNOWN" : {
          "QueueLength" : 171.42857142857142,
          "TASK_CONTAINERS" : 85.71428571428571
        }
      },
      "averageProcessingTime" : 120000.0,
      "networkCapacity" : {
        "interface-nodeA ( nodeA )" : {
          "DATARATE_TX" : 100.0,
          "DATARATE_RX" : 100.0
        }
      },
      "networkLoad" : {
        "interface-nodeA ( nodeA )" : {
          "(clientPoolG, nodeA_c02, nodeA_c02)" : {
            "AppCoordinates {com.bbn, test-service3, 1}" : {
              "DATARATE_TX" : 2.1199999999999968E-4,
              "DATARATE_RX" : 1.0599999999999984E-4
            }
          },
          "(clientPoolC, nodeA_c02, nodeA_c02)" : {
            "AppCoordinates {com.bbn, test-service3, 1}" : {
              "DATARATE_TX" : 1.9399999999999973E-4,
              "DATARATE_RX" : 9.699999999999986E-5
            }
          },
          "(clientPoolE, nodeA_c02, nodeA_c02)" : {
            "AppCoordinates {com.bbn, test-service3, 1}" : {
              "DATARATE_TX" : 2.5199999999999957E-4,
              "DATARATE_RX" : 1.2599999999999978E-4
            }
          }
        }
      },
      "networkDemand" : {
        "interface-nodeA ( nodeA )" : {
          "(clientPoolG, nodeA_c02, nodeA_c02)" : {
            "AppCoordinates {com.bbn, test-service3, 1}" : {
              "DATARATE_TX" : 2.119999999999997E-4,
              "DATARATE_RX" : 1.0599999999999985E-4
            }
          },
          "(clientPoolC, nodeA_c02, nodeA_c02)" : {
            "AppCoordinates {com.bbn, test-service3, 1}" : {
              "DATARATE_TX" : 1.9399999999999973E-4,
              "DATARATE_RX" : 9.699999999999986E-5
            }
          },
          "(clientPoolE, nodeA_c02, nodeA_c02)" : {
            "AppCoordinates {com.bbn, test-service3, 1}" : {
              "DATARATE_TX" : 2.5199999999999957E-4,
              "DATARATE_RX" : 1.2599999999999978E-4
            }
          }
        }
      }
    },
    "nodeA_c00" : {
      "containerName" : {
        "name" : "nodeA_c00"
      },
      "timestamp" : 147005,
      "service" : {
        "group" : "com.bbn",
        "artifact" : "test-service3",
        "version" : "1"
      },
      "serviceStatus" : "RUNNING",
      "demandEstimationWindow" : "SHORT",
      "computeCapacity" : {
        "CPU" : 1.0,
        "TASK_CONTAINERS" : 100.0,
        "QueueLength" : 1000000.0
      },
      "computeLoad" : {
        "UNKNOWN" : {
          "QueueLength" : 0.0
        }
      },
      "computeDemand" : {
        "UNKNOWN" : {
          "QueueLength" : 0.0
        }
      },
      "averageProcessingTime" : "NaN",
      "networkCapacity" : {
        "interface-nodeA ( nodeA )" : {
          "DATARATE_TX" : 100.0,
          "DATARATE_RX" : 100.0
        }
      },
      "networkLoad" : {
        "interface-nodeA ( nodeA )" : { }
      },
      "networkDemand" : {
        "interface-nodeA ( nodeA )" : { }
      }
    },
    "nodeA_c07" : {
      "containerName" : {
        "name" : "nodeA_c07"
      },
      "timestamp" : 147005,
      "service" : {
        "group" : "com.bbn",
        "artifact" : "test-service1",
        "version" : "1"
      },
      "serviceStatus" : "RUNNING",
      "demandEstimationWindow" : "SHORT",
      "computeCapacity" : {
        "CPU" : 1.0,
        "TASK_CONTAINERS" : 100.0,
        "QueueLength" : 1000000.0
      },
      "computeLoad" : {
        "UNKNOWN" : {
          "QueueLength" : 200.0,
          "TASK_CONTAINERS" : 100.0
        }
      },
      "computeDemand" : {
        "UNKNOWN" : {
          "QueueLength" : 171.42857142857142,
          "TASK_CONTAINERS" : 85.71428571428571
        }
      },
      "averageProcessingTime" : "NaN",
      "networkCapacity" : {
        "interface-nodeA ( nodeA )" : {
          "DATARATE_TX" : 100.0,
          "DATARATE_RX" : 100.0
        }
      },
      "networkLoad" : {
        "interface-nodeA ( nodeA )" : {
          "(clientPoolC, nodeA_c07, nodeA_c07)" : {
            "AppCoordinates {com.bbn, test-service1, 1}" : {
              "DATARATE_TX" : 2.859999999999994E-4,
              "DATARATE_RX" : 1.429999999999997E-4
            }
          },
          "(clientPoolE, nodeA_c07, nodeA_c07)" : {
            "AppCoordinates {com.bbn, test-service1, 1}" : {
              "DATARATE_TX" : 2.579999999999995E-4,
              "DATARATE_RX" : 1.2899999999999975E-4
            }
          },
          "(clientPoolG, nodeA_c07, nodeA_c07)" : {
            "AppCoordinates {com.bbn, test-service1, 1}" : {
              "DATARATE_TX" : 2.579999999999995E-4,
              "DATARATE_RX" : 1.2899999999999975E-4
            }
          }
        }
      },
      "networkDemand" : {
        "interface-nodeA ( nodeA )" : {
          "(clientPoolC, nodeA_c07, nodeA_c07)" : {
            "AppCoordinates {com.bbn, test-service1, 1}" : {
              "DATARATE_TX" : 2.859999999999994E-4,
              "DATARATE_RX" : 1.429999999999997E-4
            }
          },
          "(clientPoolE, nodeA_c07, nodeA_c07)" : {
            "AppCoordinates {com.bbn, test-service1, 1}" : {
              "DATARATE_TX" : 2.579999999999995E-4,
              "DATARATE_RX" : 1.2899999999999975E-4
            }
          },
          "(clientPoolG, nodeA_c07, nodeA_c07)" : {
            "AppCoordinates {com.bbn, test-service1, 1}" : {
              "DATARATE_TX" : 2.579999999999995E-4,
              "DATARATE_RX" : 1.2899999999999975E-4
            }
          }
        }
      }
    },
    "nodeA_c05" : {
      "containerName" : {
        "name" : "nodeA_c05"
      },
      "timestamp" : 147006,
      "service" : {
        "group" : "com.bbn",
        "artifact" : "test-service3",
        "version" : "1"
      },
      "serviceStatus" : "RUNNING",
      "demandEstimationWindow" : "SHORT",
      "computeCapacity" : {
        "CPU" : 1.0,
        "TASK_CONTAINERS" : 100.0,
        "QueueLength" : 1000000.0
      },
      "computeLoad" : {
        "UNKNOWN" : {
          "QueueLength" : 200.0,
          "TASK_CONTAINERS" : 100.0
        }
      },
      "computeDemand" : {
        "UNKNOWN" : {
          "QueueLength" : 171.42857142857142,
          "TASK_CONTAINERS" : 85.71428571428571
        }
      },
      "averageProcessingTime" : "NaN",
      "networkCapacity" : {
        "interface-nodeA ( nodeA )" : {
          "DATARATE_TX" : 100.0,
          "DATARATE_RX" : 100.0
        }
      },
      "networkLoad" : {
        "interface-nodeA ( nodeA )" : {
          "(clientPoolC, nodeA_c05, nodeA_c05)" : {
            "AppCoordinates {com.bbn, test-service3, 1}" : {
              "DATARATE_TX" : 2.2799999999999955E-4,
              "DATARATE_RX" : 1.1399999999999978E-4
            }
          },
          "(clientPoolE, nodeA_c05, nodeA_c05)" : {
            "AppCoordinates {com.bbn, test-service3, 1}" : {
              "DATARATE_TX" : 1.9999999999999963E-4,
              "DATARATE_RX" : 9.999999999999982E-5
            }
          },
          "(clientPoolG, nodeA_c05, nodeA_c05)" : {
            "AppCoordinates {com.bbn, test-service3, 1}" : {
              "DATARATE_TX" : 2.499999999999995E-4,
              "DATARATE_RX" : 1.2499999999999976E-4
            }
          }
        }
      },
      "networkDemand" : {
        "interface-nodeA ( nodeA )" : {
          "(clientPoolC, nodeA_c05, nodeA_c05)" : {
            "AppCoordinates {com.bbn, test-service3, 1}" : {
              "DATARATE_TX" : 2.2799999999999955E-4,
              "DATARATE_RX" : 1.1399999999999978E-4
            }
          },
          "(clientPoolE, nodeA_c05, nodeA_c05)" : {
            "AppCoordinates {com.bbn, test-service3, 1}" : {
              "DATARATE_TX" : 1.9999999999999963E-4,
              "DATARATE_RX" : 9.999999999999982E-5
            }
          },
          "(clientPoolG, nodeA_c05, nodeA_c05)" : {
            "AppCoordinates {com.bbn, test-service3, 1}" : {
              "DATARATE_TX" : 2.499999999999995E-4,
              "DATARATE_RX" : 1.2499999999999976E-4
            }
          }
        }
      }
    },
    "nodeA_c06" : {
      "containerName" : {
        "name" : "nodeA_c06"
      },
      "timestamp" : 147007,
      "service" : {
        "group" : "com.bbn",
        "artifact" : "test-service1",
        "version" : "1"
      },
      "serviceStatus" : "RUNNING",
      "demandEstimationWindow" : "SHORT",
      "computeCapacity" : {
        "CPU" : 1.0,
        "TASK_CONTAINERS" : 100.0,
        "QueueLength" : 1000000.0
      },
      "computeLoad" : {
        "UNKNOWN" : {
          "QueueLength" : 0.0
        }
      },
      "computeDemand" : {
        "UNKNOWN" : {
          "QueueLength" : 0.0
        }
      },
      "averageProcessingTime" : "NaN",
      "networkCapacity" : {
        "interface-nodeA ( nodeA )" : {
          "DATARATE_TX" : 100.0,
          "DATARATE_RX" : 100.0
        }
      },
      "networkLoad" : {
        "interface-nodeA ( nodeA )" : { }
      },
      "networkDemand" : {
        "interface-nodeA ( nodeA )" : { }
      }
    }
  },
  "maximumServiceContainers" : 8,
  "allocatedServiceContainers" : 8,
  "computeDemand" : {
    "AppCoordinates {com.bbn, test-service3, 1}" : {
      "UNKNOWN" : {
        "QueueLength" : 516.9821428571429,
        "TASK_CONTAINERS" : 258.49107142857144
      }
    },
    "AppCoordinates {com.bbn, test-service2, 1}" : {
      "UNKNOWN" : {
        "QueueLength" : 171.42857142857142,
        "TASK_CONTAINERS" : 85.71428571428571
      }
    },
    "AppCoordinates {com.bbn, test-service1, 1}" : {
      "UNKNOWN" : {
        "QueueLength" : 171.42857142857142,
        "TASK_CONTAINERS" : 85.71428571428571
      }
    }
  },
  "containerNetworkLoad" : {
    "interface-nodeA ( nodeA )" : {
      "(clientPoolE, nodeA_c01, nodeA_c01)" : {
        "AppCoordinates {com.bbn, test-service2, 1}" : {
          "DATARATE_TX" : 3.3399999999999934E-4,
          "DATARATE_RX" : 1.6699999999999967E-4
        }
      },
      "(clientPoolG, nodeA_c03, nodeA_c03)" : {
        "AppCoordinates {com.bbn, test-service3, 1}" : {
          "DATARATE_TX" : 1.2599999999999984E-4,
          "DATARATE_RX" : 6.299999999999992E-5
        }
      },
      "(clientPoolG, nodeA_c02, nodeA_c02)" : {
        "AppCoordinates {com.bbn, test-service3, 1}" : {
          "DATARATE_TX" : 2.1199999999999968E-4,
          "DATARATE_RX" : 1.0599999999999984E-4
        }
      },
      "(clientPoolG, nodeA_c01, nodeA_c01)" : {
        "AppCoordinates {com.bbn, test-service2, 1}" : {
          "DATARATE_TX" : 3.119999999999994E-4,
          "DATARATE_RX" : 1.559999999999997E-4
        }
      },
      "(clientPoolC, nodeA_c07, nodeA_c07)" : {
        "AppCoordinates {com.bbn, test-service1, 1}" : {
          "DATARATE_TX" : 2.859999999999994E-4,
          "DATARATE_RX" : 1.429999999999997E-4
        }
      },
      "(clientPoolC, nodeA_c05, nodeA_c05)" : {
        "AppCoordinates {com.bbn, test-service3, 1}" : {
          "DATARATE_TX" : 2.2799999999999955E-4,
          "DATARATE_RX" : 1.1399999999999978E-4
        }
      },
      "(clientPoolE, nodeA_c07, nodeA_c07)" : {
        "AppCoordinates {com.bbn, test-service1, 1}" : {
          "DATARATE_TX" : 2.579999999999995E-4,
          "DATARATE_RX" : 1.2899999999999975E-4
        }
      },
      "(clientPoolC, nodeA_c04, nodeA_c04)" : {
        "AppCoordinates {com.bbn, test-service3, 1}" : {
          "DATARATE_TX" : 2.4599999999999953E-4,
          "DATARATE_RX" : 1.2299999999999976E-4
        }
      },
      "(clientPoolE, nodeA_c05, nodeA_c05)" : {
        "AppCoordinates {com.bbn, test-service3, 1}" : {
          "DATARATE_TX" : 1.9999999999999963E-4,
          "DATARATE_RX" : 9.999999999999982E-5
        }
      },
      "(clientPoolG, nodeA_c07, nodeA_c07)" : {
        "AppCoordinates {com.bbn, test-service1, 1}" : {
          "DATARATE_TX" : 2.579999999999995E-4,
          "DATARATE_RX" : 1.2899999999999975E-4
        }
      },
      "(clientPoolC, nodeA_c03, nodeA_c03)" : {
        "AppCoordinates {com.bbn, test-service3, 1}" : {
          "DATARATE_TX" : 1.3199999999999982E-4,
          "DATARATE_RX" : 6.599999999999991E-5
        }
      },
      "(clientPoolC, nodeA_c02, nodeA_c02)" : {
        "AppCoordinates {com.bbn, test-service3, 1}" : {
          "DATARATE_TX" : 1.9399999999999973E-4,
          "DATARATE_RX" : 9.699999999999986E-5
        }
      },
      "(clientPoolE, nodeA_c04, nodeA_c04)" : {
        "AppCoordinates {com.bbn, test-service3, 1}" : {
          "DATARATE_TX" : 2.1199999999999962E-4,
          "DATARATE_RX" : 1.0599999999999981E-4
        }
      },
      "(clientPoolG, nodeA_c05, nodeA_c05)" : {
        "AppCoordinates {com.bbn, test-service3, 1}" : {
          "DATARATE_TX" : 2.499999999999995E-4,
          "DATARATE_RX" : 1.2499999999999976E-4
        }
      },
      "(clientPoolC, nodeA_c01, nodeA_c01)" : {
        "AppCoordinates {com.bbn, test-service2, 1}" : {
          "DATARATE_TX" : 2.1799999999999966E-4,
          "DATARATE_RX" : 1.0899999999999983E-4
        }
      },
      "(clientPoolE, nodeA_c03, nodeA_c03)" : {
        "AppCoordinates {com.bbn, test-service3, 1}" : {
          "DATARATE_TX" : 1.359999999999998E-4,
          "DATARATE_RX" : 6.79999999999999E-5
        }
      },
      "(clientPoolE, nodeA_c02, nodeA_c02)" : {
        "AppCoordinates {com.bbn, test-service3, 1}" : {
          "DATARATE_TX" : 2.5199999999999957E-4,
          "DATARATE_RX" : 1.2599999999999978E-4
        }
      },
      "(clientPoolG, nodeA_c04, nodeA_c04)" : {
        "AppCoordinates {com.bbn, test-service3, 1}" : {
          "DATARATE_TX" : 2.1199999999999962E-4,
          "DATARATE_RX" : 1.0599999999999981E-4
        }
      }
    }
  },
  "containerNetworkDemand" : {
    "interface-nodeA ( nodeA )" : {
      "(clientPoolE, nodeA_c01, nodeA_c01)" : {
        "AppCoordinates {com.bbn, test-service2, 1}" : {
          "DATARATE_TX" : 3.339999999999993E-4,
          "DATARATE_RX" : 1.6699999999999964E-4
        }
      },
      "(clientPoolG, nodeA_c03, nodeA_c03)" : {
        "AppCoordinates {com.bbn, test-service3, 1}" : {
          "DATARATE_TX" : 1.2599999999999984E-4,
          "DATARATE_RX" : 6.299999999999992E-5
        }
      },
      "(clientPoolG, nodeA_c02, nodeA_c02)" : {
        "AppCoordinates {com.bbn, test-service3, 1}" : {
          "DATARATE_TX" : 2.119999999999997E-4,
          "DATARATE_RX" : 1.0599999999999985E-4
        }
      },
      "(clientPoolG, nodeA_c01, nodeA_c01)" : {
        "AppCoordinates {com.bbn, test-service2, 1}" : {
          "DATARATE_TX" : 3.119999999999994E-4,
          "DATARATE_RX" : 1.559999999999997E-4
        }
      },
      "(clientPoolC, nodeA_c07, nodeA_c07)" : {
        "AppCoordinates {com.bbn, test-service1, 1}" : {
          "DATARATE_TX" : 2.859999999999994E-4,
          "DATARATE_RX" : 1.429999999999997E-4
        }
      },
      "(clientPoolC, nodeA_c05, nodeA_c05)" : {
        "AppCoordinates {com.bbn, test-service3, 1}" : {
          "DATARATE_TX" : 2.2799999999999955E-4,
          "DATARATE_RX" : 1.1399999999999978E-4
        }
      },
      "(clientPoolE, nodeA_c07, nodeA_c07)" : {
        "AppCoordinates {com.bbn, test-service1, 1}" : {
          "DATARATE_TX" : 2.579999999999995E-4,
          "DATARATE_RX" : 1.2899999999999975E-4
        }
      },
      "(clientPoolC, nodeA_c04, nodeA_c04)" : {
        "AppCoordinates {com.bbn, test-service3, 1}" : {
          "DATARATE_TX" : 2.4599999999999953E-4,
          "DATARATE_RX" : 1.2299999999999976E-4
        }
      },
      "(clientPoolE, nodeA_c05, nodeA_c05)" : {
        "AppCoordinates {com.bbn, test-service3, 1}" : {
          "DATARATE_TX" : 1.9999999999999963E-4,
          "DATARATE_RX" : 9.999999999999982E-5
        }
      },
      "(clientPoolG, nodeA_c07, nodeA_c07)" : {
        "AppCoordinates {com.bbn, test-service1, 1}" : {
          "DATARATE_TX" : 2.579999999999995E-4,
          "DATARATE_RX" : 1.2899999999999975E-4
        }
      },
      "(clientPoolC, nodeA_c03, nodeA_c03)" : {
        "AppCoordinates {com.bbn, test-service3, 1}" : {
          "DATARATE_TX" : 1.3199999999999982E-4,
          "DATARATE_RX" : 6.599999999999991E-5
        }
      },
      "(clientPoolC, nodeA_c02, nodeA_c02)" : {
        "AppCoordinates {com.bbn, test-service3, 1}" : {
          "DATARATE_TX" : 1.9399999999999973E-4,
          "DATARATE_RX" : 9.699999999999986E-5
        }
      },
      "(clientPoolE, nodeA_c04, nodeA_c04)" : {
        "AppCoordinates {com.bbn, test-service3, 1}" : {
          "DATARATE_TX" : 2.1199999999999957E-4,
          "DATARATE_RX" : 1.0599999999999978E-4
        }
      },
      "(clientPoolG, nodeA_c05, nodeA_c05)" : {
        "AppCoordinates {com.bbn, test-service3, 1}" : {
          "DATARATE_TX" : 2.499999999999995E-4,
          "DATARATE_RX" : 1.2499999999999976E-4
        }
      },
      "(clientPoolC, nodeA_c01, nodeA_c01)" : {
        "AppCoordinates {com.bbn, test-service2, 1}" : {
          "DATARATE_TX" : 2.1799999999999966E-4,
          "DATARATE_RX" : 1.0899999999999983E-4
        }
      },
      "(clientPoolE, nodeA_c03, nodeA_c03)" : {
        "AppCoordinates {com.bbn, test-service3, 1}" : {
          "DATARATE_TX" : 1.359999999999998E-4,
          "DATARATE_RX" : 6.79999999999999E-5
        }
      },
      "(clientPoolE, nodeA_c02, nodeA_c02)" : {
        "AppCoordinates {com.bbn, test-service3, 1}" : {
          "DATARATE_TX" : 2.5199999999999957E-4,
          "DATARATE_RX" : 1.2599999999999978E-4
        }
      },
      "(clientPoolG, nodeA_c04, nodeA_c04)" : {
        "AppCoordinates {com.bbn, test-service3, 1}" : {
          "DATARATE_TX" : 2.1199999999999957E-4,
          "DATARATE_RX" : 1.0599999999999978E-4
        }
      }
    }
  },
  "computeLoad" : {
    "AppCoordinates {com.bbn, test-service3, 1}" : {
      "UNKNOWN" : {
        "QueueLength" : 599.0,
        "TASK_CONTAINERS" : 299.5
      }
    },
    "AppCoordinates {com.bbn, test-service2, 1}" : {
      "UNKNOWN" : {
        "QueueLength" : 200.0,
        "TASK_CONTAINERS" : 100.0
      }
    },
    "AppCoordinates {com.bbn, test-service1, 1}" : {
      "UNKNOWN" : {
        "QueueLength" : 200.0,
        "TASK_CONTAINERS" : 100.0
      }
    }
  },
  "allocatedComputeCapacity" : {
    "CPU" : 8.0,
    "QueueLength" : 8000000.0,
    "TASK_CONTAINERS" : 800.0
  },
  "availableServiceContainers" : 0,
  "averageProcessingTime" : {
    "AppCoordinates {com.bbn, test-service3, 1}" : 120000.0,
    "AppCoordinates {com.bbn, test-service2, 1}" : 120000.0
  }
}