702,1,DNS_UPDATE_SUCCEEDED
791,2,DCOP_PLAN_PLUBLIED
821,2,RLG_PLAN_PUBLISHED
106201,212,DCOP_PLAN_PLUBLIED
108793,218,RLG_PLAN_PUBLISHED
109244,219,DNS_UPDATE_SUCCEEDED
109742,220,DNS_UPDATE_SUCCEEDED
111797,224,RLG_PLAN_PUBLISHED
112249,225,DNS_UPDATE_SUCCEEDED
166181,332,DCOP_PLAN_PLUBLIED
168803,338,RLG_PLAN_PUBLISHED
169263,339,DNS_UPDATE_SUCCEEDED
169764,340,DNS_UPDATE_SUCCEEDED
171799,344,RLG_PLAN_PUBLISHED
172264,345,DNS_UPDATE_SUCCEEDED
226164,452,DCOP_PLAN_PLUBLIED
228799,458,RLG_PLAN_PUBLISHED
229287,459,DNS_UPDATE_SUCCEEDED
286194,572,DCOP_PLAN_PLUBLIED
288803,577,RLG_PLAN_PUBLISHED
288804,578,DNS_UPDATE_SUCCEEDED
346163,692,DCOP_PLAN_PLUBLIED
348806,697,RLG_PLAN_PUBLISHED
348821,698,DNS_UPDATE_SUCCEEDED
406174,812,DCOP_PLAN_PLUBLIED
408812,817,RLG_PLAN_PUBLISHED
408832,818,DNS_UPDATE_SUCCEEDED
466232,932,DCOP_PLAN_PLUBLIED
468815,937,RLG_PLAN_PUBLISHED
468850,938,DNS_UPDATE_SUCCEEDED
526217,1052,DCOP_PLAN_PLUBLIED
528816,1057,RLG_PLAN_PUBLISHED
528868,1058,DNS_UPDATE_SUCCEEDED
586185,1172,DCOP_PLAN_PLUBLIED
588819,1177,RLG_PLAN_PUBLISHED
588879,1178,DNS_UPDATE_SUCCEEDED
630004,1261,DNS_UPDATE_SUCCEEDED
630004,1292,DCOP_PLAN_PLUBLIED
