{
  "nodeName" : {
    "name" : "nodeC"
  },
  "timestamp" : 227492,
  "demandEstimationWindow" : "LONG",
  "nodeComputeCapacity" : {
    "CPU" : 4.0,
    "MEMORY" : 8.0E9,
    "DISK" : 10.0,
    "TASK_CONTAINERS" : 20.0
  },
  "networkCapacity" : {
    "interface-nodeB ( nodeB )" : {
      "DATARATE_RX" : 100.0,
      "DATARATE_TX" : 100.0
    },
    "interface-nodeI ( nodeI )" : {
      "DATARATE_RX" : 100.0,
      "DATARATE_TX" : 100.0
    },
    "interface-nodeF ( nodeF )" : {
      "DATARATE_RX" : 100.0,
      "DATARATE_TX" : 100.0
    },
    "interface-nodeG ( nodeG )" : {
      "DATARATE_RX" : 100.0,
      "DATARATE_TX" : 100.0
    },
    "interface-nodeA ( nodeA )" : {
      "DATARATE_RX" : 100.0,
      "DATARATE_TX" : 100.0
    }
  },
  "networkLoad" : {
    "interface-nodeB ( nodeB )" : { },
    "interface-nodeI ( nodeI )" : {
      "(nodeC_c09, clientPoolI, nodeC_c09)" : {
        "AppCoordinates {com.bbn, test-service1, 1}" : {
          "DATARATE_TX" : 3.0E-6,
          "DATARATE_RX" : 6.0E-6
        }
      },
      "(nodeC_c07, clientPoolI, nodeC_c07)" : {
        "AppCoordinates {com.bbn, test-service1, 1}" : {
          "DATARATE_TX" : 1.0E-6,
          "DATARATE_RX" : 2.0E-6
        }
      },
      "(nodeC_c18, clientPoolI, nodeC_c18)" : {
        "AppCoordinates {com.bbn, test-service1, 1}" : {
          "DATARATE_TX" : 4.0E-6,
          "DATARATE_RX" : 8.0E-6
        }
      },
      "(nodeC_c08, clientPoolI, nodeC_c08)" : {
        "AppCoordinates {com.bbn, test-service1, 1}" : {
          "DATARATE_TX" : 2.0E-6,
          "DATARATE_RX" : 4.0E-6
        }
      },
      "(nodeC_c19, clientPoolI, nodeC_c19)" : {
        "AppCoordinates {com.bbn, test-service1, 1}" : {
          "DATARATE_TX" : 2.0E-6,
          "DATARATE_RX" : 4.0E-6
        }
      },
      "(nodeC_c05, clientPoolI, nodeC_c05)" : {
        "AppCoordinates {com.bbn, test-service1, 1}" : {
          "DATARATE_TX" : 2.0E-6,
          "DATARATE_RX" : 4.0E-6
        }
      },
      "(nodeC_c16, clientPoolI, nodeC_c16)" : {
        "AppCoordinates {com.bbn, test-service1, 1}" : {
          "DATARATE_TX" : 2.0E-6,
          "DATARATE_RX" : 4.0E-6
        }
      },
      "(nodeC_c06, clientPoolI, nodeC_c06)" : {
        "AppCoordinates {com.bbn, test-service1, 1}" : {
          "DATARATE_TX" : 1.0E-6,
          "DATARATE_RX" : 2.0E-6
        }
      },
      "(nodeC_c17, clientPoolI, nodeC_c17)" : {
        "AppCoordinates {com.bbn, test-service1, 1}" : {
          "DATARATE_TX" : 2.0E-6,
          "DATARATE_RX" : 4.0E-6
        }
      },
      "(nodeC_c14, clientPoolI, nodeC_c14)" : {
        "AppCoordinates {com.bbn, test-service1, 1}" : {
          "DATARATE_TX" : 2.0E-6,
          "DATARATE_RX" : 4.0E-6
        }
      },
      "(nodeC_c03, clientPoolI, nodeC_c03)" : {
        "AppCoordinates {com.bbn, test-service1, 1}" : {
          "DATARATE_TX" : 1.0E-6,
          "DATARATE_RX" : 2.0E-6
        }
      },
      "(nodeC_c15, clientPoolI, nodeC_c15)" : {
        "AppCoordinates {com.bbn, test-service1, 1}" : {
          "DATARATE_TX" : 1.0E-6,
          "DATARATE_RX" : 2.0E-6
        }
      },
      "(nodeC_c04, clientPoolI, nodeC_c04)" : {
        "AppCoordinates {com.bbn, test-service1, 1}" : {
          "DATARATE_TX" : 3.0E-6,
          "DATARATE_RX" : 6.0E-6
        }
      },
      "(nodeC_c12, clientPoolI, nodeC_c12)" : {
        "AppCoordinates {com.bbn, test-service1, 1}" : {
          "DATARATE_TX" : 1.0E-6,
          "DATARATE_RX" : 2.0E-6
        }
      },
      "(nodeC_c01, clientPoolI, nodeC_c01)" : {
        "AppCoordinates {com.bbn, test-service1, 1}" : {
          "DATARATE_TX" : 1.0E-6,
          "DATARATE_RX" : 2.0E-6
        }
      },
      "(nodeC_c02, clientPoolI, nodeC_c02)" : {
        "AppCoordinates {com.bbn, test-service1, 1}" : {
          "DATARATE_TX" : 2.0E-6,
          "DATARATE_RX" : 4.0E-6
        }
      },
      "(nodeC_c10, clientPoolI, nodeC_c10)" : {
        "AppCoordinates {com.bbn, test-service1, 1}" : {
          "DATARATE_TX" : 3.0E-6,
          "DATARATE_RX" : 6.0E-6
        }
      },
      "(nodeC_c00, clientPoolI, nodeC_c00)" : {
        "AppCoordinates {com.bbn, test-service1, 1}" : {
          "DATARATE_TX" : 1.0E-6,
          "DATARATE_RX" : 2.0E-6
        }
      },
      "(nodeC_c11, clientPoolI, nodeC_c11)" : {
        "AppCoordinates {com.bbn, test-service1, 1}" : {
          "DATARATE_TX" : 2.0E-6,
          "DATARATE_RX" : 4.0E-6
        }
      }
    },
    "interface-nodeF ( nodeF )" : { },
    "interface-nodeG ( nodeG )" : { },
    "interface-nodeA ( nodeA )" : { }
  },
  "networkDemand" : {
    "interface-nodeB ( nodeB )" : { },
    "interface-nodeA ( nodeA )" : { },
    "interface-nodeI ( nodeI )" : {
      "(nodeC_c09, clientPoolI, nodeC_c09)" : {
        "AppCoordinates {com.bbn, test-service1, 1}" : {
          "DATARATE_TX" : 2.806451612903226E-6,
          "DATARATE_RX" : 5.612903225806452E-6
        }
      },
      "(nodeC_c07, clientPoolI, nodeC_c07)" : {
        "AppCoordinates {com.bbn, test-service1, 1}" : {
          "DATARATE_TX" : 1.0000000000000004E-6,
          "DATARATE_RX" : 2.0000000000000008E-6
        }
      },
      "(nodeC_c18, clientPoolI, nodeC_c18)" : {
        "AppCoordinates {com.bbn, test-service1, 1}" : {
          "DATARATE_TX" : 3.812500000000001E-6,
          "DATARATE_RX" : 7.625000000000002E-6
        }
      },
      "(nodeC_c19, clientPoolI, nodeC_c19)" : {
        "AppCoordinates {com.bbn, test-service1, 1}" : {
          "DATARATE_TX" : 1.8529411764705886E-6,
          "DATARATE_RX" : 3.705882352941177E-6
        }
      },
      "(nodeC_c08, clientPoolI, nodeC_c08)" : {
        "AppCoordinates {com.bbn, test-service1, 1}" : {
          "DATARATE_TX" : 1.9677419354838714E-6,
          "DATARATE_RX" : 3.935483870967743E-6
        }
      },
      "(nodeC_c16, clientPoolI, nodeC_c16)" : {
        "AppCoordinates {com.bbn, test-service1, 1}" : {
          "DATARATE_TX" : 1.8965517241379312E-6,
          "DATARATE_RX" : 3.7931034482758625E-6
        }
      },
      "(nodeC_c05, clientPoolI, nodeC_c05)" : {
        "AppCoordinates {com.bbn, test-service1, 1}" : {
          "DATARATE_TX" : 1.9629629629629636E-6,
          "DATARATE_RX" : 3.925925925925927E-6
        }
      },
      "(nodeC_c06, clientPoolI, nodeC_c06)" : {
        "AppCoordinates {com.bbn, test-service1, 1}" : {
          "DATARATE_TX" : 1.0000000000000004E-6,
          "DATARATE_RX" : 2.0000000000000008E-6
        }
      },
      "(nodeC_c17, clientPoolI, nodeC_c17)" : {
        "AppCoordinates {com.bbn, test-service1, 1}" : {
          "DATARATE_TX" : 1.794117647058824E-6,
          "DATARATE_RX" : 3.588235294117648E-6
        }
      },
      "(nodeC_c14, clientPoolI, nodeC_c14)" : {
        "AppCoordinates {com.bbn, test-service1, 1}" : {
          "DATARATE_TX" : 1.8965517241379312E-6,
          "DATARATE_RX" : 3.7931034482758625E-6
        }
      },
      "(nodeC_c03, clientPoolI, nodeC_c03)" : {
        "AppCoordinates {com.bbn, test-service1, 1}" : {
          "DATARATE_TX" : 1.0000000000000002E-6,
          "DATARATE_RX" : 2.0000000000000003E-6
        }
      },
      "(nodeC_c04, clientPoolI, nodeC_c04)" : {
        "AppCoordinates {com.bbn, test-service1, 1}" : {
          "DATARATE_TX" : 2.6285714285714286E-6,
          "DATARATE_RX" : 5.257142857142857E-6
        }
      },
      "(nodeC_c15, clientPoolI, nodeC_c15)" : {
        "AppCoordinates {com.bbn, test-service1, 1}" : {
          "DATARATE_TX" : 1.0000000000000002E-6,
          "DATARATE_RX" : 2.0000000000000003E-6
        }
      },
      "(nodeC_c01, clientPoolI, nodeC_c01)" : {
        "AppCoordinates {com.bbn, test-service1, 1}" : {
          "DATARATE_TX" : 1.0000000000000002E-6,
          "DATARATE_RX" : 2.0000000000000003E-6
        }
      },
      "(nodeC_c12, clientPoolI, nodeC_c12)" : {
        "AppCoordinates {com.bbn, test-service1, 1}" : {
          "DATARATE_TX" : 1.0000000000000002E-6,
          "DATARATE_RX" : 2.0000000000000003E-6
        }
      },
      "(nodeC_c02, clientPoolI, nodeC_c02)" : {
        "AppCoordinates {com.bbn, test-service1, 1}" : {
          "DATARATE_TX" : 1.7428571428571432E-6,
          "DATARATE_RX" : 3.4857142857142863E-6
        }
      },
      "(nodeC_c10, clientPoolI, nodeC_c10)" : {
        "AppCoordinates {com.bbn, test-service1, 1}" : {
          "DATARATE_TX" : 2.8000000000000007E-6,
          "DATARATE_RX" : 5.6000000000000014E-6
        }
      },
      "(nodeC_c11, clientPoolI, nodeC_c11)" : {
        "AppCoordinates {com.bbn, test-service1, 1}" : {
          "DATARATE_TX" : 1.8857142857142858E-6,
          "DATARATE_RX" : 3.7714285714285716E-6
        }
      },
      "(nodeC_c00, clientPoolI, nodeC_c00)" : {
        "AppCoordinates {com.bbn, test-service1, 1}" : {
          "DATARATE_TX" : 1.0000000000000002E-6,
          "DATARATE_RX" : 2.0000000000000003E-6
        }
      }
    },
    "interface-nodeG ( nodeG )" : { },
    "interface-nodeF ( nodeF )" : { }
  },
  "containerReports" : {
    "nodeC_c01" : {
      "containerName" : {
        "name" : "nodeC_c01"
      },
      "timestamp" : 227492,
      "service" : {
        "group" : "com.bbn",
        "artifact" : "test-service1",
        "version" : "1"
      },
      "serviceStatus" : "RUNNING",
      "demandEstimationWindow" : "LONG",
      "computeCapacity" : {
        "CPU" : 1.0,
        "TASK_CONTAINERS" : 1.0,
        "QueueLength" : 1000000.0
      },
      "computeLoad" : {
        "UNKNOWN" : {
          "QueueLength" : 1.0,
          "TASK_CONTAINERS" : 0.25
        }
      },
      "computeDemand" : {
        "UNKNOWN" : {
          "QueueLength" : 0.08839779005524862,
          "TASK_CONTAINERS" : 0.24242424242424243
        }
      },
      "averageProcessingTime" : "NaN",
      "networkCapacity" : {
        "interface-nodeC ( nodeC )" : {
          "DATARATE_TX" : 100.0,
          "DATARATE_RX" : 100.0
        }
      },
      "networkLoad" : {
        "interface-nodeC ( nodeC )" : {
          "(clientPoolI, nodeC_c01, nodeC_c01)" : {
            "AppCoordinates {com.bbn, test-service1, 1}" : {
              "DATARATE_TX" : 2.0E-6,
              "DATARATE_RX" : 1.0E-6
            }
          }
        }
      },
      "networkDemand" : {
        "interface-nodeC ( nodeC )" : {
          "(clientPoolI, nodeC_c01, nodeC_c01)" : {
            "AppCoordinates {com.bbn, test-service1, 1}" : {
              "DATARATE_TX" : 2.0000000000000003E-6,
              "DATARATE_RX" : 1.0000000000000002E-6
            }
          }
        }
      }
    },
    "nodeC_c12" : {
      "containerName" : {
        "name" : "nodeC_c12"
      },
      "timestamp" : 227493,
      "service" : {
        "group" : "com.bbn",
        "artifact" : "test-service1",
        "version" : "1"
      },
      "serviceStatus" : "RUNNING",
      "demandEstimationWindow" : "LONG",
      "computeCapacity" : {
        "CPU" : 1.0,
        "TASK_CONTAINERS" : 1.0,
        "QueueLength" : 1000000.0
      },
      "computeLoad" : {
        "UNKNOWN" : {
          "QueueLength" : 1.0,
          "TASK_CONTAINERS" : 0.25
        }
      },
      "computeDemand" : {
        "UNKNOWN" : {
          "QueueLength" : 0.08839779005524862,
          "TASK_CONTAINERS" : 0.24242424242424243
        }
      },
      "averageProcessingTime" : "NaN",
      "networkCapacity" : {
        "interface-nodeC ( nodeC )" : {
          "DATARATE_TX" : 100.0,
          "DATARATE_RX" : 100.0
        }
      },
      "networkLoad" : {
        "interface-nodeC ( nodeC )" : {
          "(clientPoolI, nodeC_c12, nodeC_c12)" : {
            "AppCoordinates {com.bbn, test-service1, 1}" : {
              "DATARATE_TX" : 2.0E-6,
              "DATARATE_RX" : 1.0E-6
            }
          }
        }
      },
      "networkDemand" : {
        "interface-nodeC ( nodeC )" : {
          "(clientPoolI, nodeC_c12, nodeC_c12)" : {
            "AppCoordinates {com.bbn, test-service1, 1}" : {
              "DATARATE_TX" : 2.0000000000000003E-6,
              "DATARATE_RX" : 1.0000000000000002E-6
            }
          }
        }
      }
    },
    "nodeC_c02" : {
      "containerName" : {
        "name" : "nodeC_c02"
      },
      "timestamp" : 227494,
      "service" : {
        "group" : "com.bbn",
        "artifact" : "test-service1",
        "version" : "1"
      },
      "serviceStatus" : "RUNNING",
      "demandEstimationWindow" : "LONG",
      "computeCapacity" : {
        "CPU" : 1.0,
        "TASK_CONTAINERS" : 1.0,
        "QueueLength" : 1000000.0
      },
      "computeLoad" : {
        "UNKNOWN" : {
          "QueueLength" : 2.0,
          "TASK_CONTAINERS" : 0.5
        }
      },
      "computeDemand" : {
        "UNKNOWN" : {
          "QueueLength" : 0.1685082872928177,
          "TASK_CONTAINERS" : 0.4236111111111111
        }
      },
      "averageProcessingTime" : "NaN",
      "networkCapacity" : {
        "interface-nodeC ( nodeC )" : {
          "DATARATE_TX" : 100.0,
          "DATARATE_RX" : 100.0
        }
      },
      "networkLoad" : {
        "interface-nodeC ( nodeC )" : {
          "(clientPoolI, nodeC_c02, nodeC_c02)" : {
            "AppCoordinates {com.bbn, test-service1, 1}" : {
              "DATARATE_TX" : 4.0E-6,
              "DATARATE_RX" : 2.0E-6
            }
          }
        }
      },
      "networkDemand" : {
        "interface-nodeC ( nodeC )" : {
          "(clientPoolI, nodeC_c02, nodeC_c02)" : {
            "AppCoordinates {com.bbn, test-service1, 1}" : {
              "DATARATE_TX" : 3.4857142857142863E-6,
              "DATARATE_RX" : 1.7428571428571432E-6
            }
          }
        }
      }
    },
    "nodeC_c13" : {
      "containerName" : {
        "name" : "nodeC_c13"
      },
      "timestamp" : 227494,
      "service" : {
        "group" : "com.bbn",
        "artifact" : "test-service1",
        "version" : "1"
      },
      "serviceStatus" : "RUNNING",
      "demandEstimationWindow" : "LONG",
      "computeCapacity" : {
        "CPU" : 1.0,
        "TASK_CONTAINERS" : 1.0,
        "QueueLength" : 1000000.0
      },
      "computeLoad" : {
        "UNKNOWN" : {
          "QueueLength" : 0.0
        }
      },
      "computeDemand" : {
        "UNKNOWN" : {
          "QueueLength" : 0.0
        }
      },
      "averageProcessingTime" : "NaN",
      "networkCapacity" : {
        "interface-nodeC ( nodeC )" : {
          "DATARATE_TX" : 100.0,
          "DATARATE_RX" : 100.0
        }
      },
      "networkLoad" : {
        "interface-nodeC ( nodeC )" : { }
      },
      "networkDemand" : {
        "interface-nodeC ( nodeC )" : { }
      }
    },
    "nodeC_c10" : {
      "containerName" : {
        "name" : "nodeC_c10"
      },
      "timestamp" : 227495,
      "service" : {
        "group" : "com.bbn",
        "artifact" : "test-service1",
        "version" : "1"
      },
      "serviceStatus" : "RUNNING",
      "demandEstimationWindow" : "LONG",
      "computeCapacity" : {
        "CPU" : 1.0,
        "TASK_CONTAINERS" : 1.0,
        "QueueLength" : 1000000.0
      },
      "computeLoad" : {
        "UNKNOWN" : {
          "QueueLength" : 3.0,
          "TASK_CONTAINERS" : 0.75
        }
      },
      "computeDemand" : {
        "UNKNOWN" : {
          "QueueLength" : 0.27146814404432135,
          "TASK_CONTAINERS" : 0.6805555555555556
        }
      },
      "averageProcessingTime" : "NaN",
      "networkCapacity" : {
        "interface-nodeC ( nodeC )" : {
          "DATARATE_TX" : 100.0,
          "DATARATE_RX" : 100.0
        }
      },
      "networkLoad" : {
        "interface-nodeC ( nodeC )" : {
          "(clientPoolI, nodeC_c10, nodeC_c10)" : {
            "AppCoordinates {com.bbn, test-service1, 1}" : {
              "DATARATE_TX" : 6.0E-6,
              "DATARATE_RX" : 3.0E-6
            }
          }
        }
      },
      "networkDemand" : {
        "interface-nodeC ( nodeC )" : {
          "(clientPoolI, nodeC_c10, nodeC_c10)" : {
            "AppCoordinates {com.bbn, test-service1, 1}" : {
              "DATARATE_TX" : 5.6000000000000014E-6,
              "DATARATE_RX" : 2.8000000000000007E-6
            }
          }
        }
      }
    },
    "nodeC_c00" : {
      "containerName" : {
        "name" : "nodeC_c00"
      },
      "timestamp" : 227496,
      "service" : {
        "group" : "com.bbn",
        "artifact" : "test-service1",
        "version" : "1"
      },
      "serviceStatus" : "RUNNING",
      "demandEstimationWindow" : "LONG",
      "computeCapacity" : {
        "CPU" : 1.0,
        "TASK_CONTAINERS" : 1.0,
        "QueueLength" : 1000000.0
      },
      "computeLoad" : {
        "UNKNOWN" : {
          "QueueLength" : 1.0,
          "TASK_CONTAINERS" : 0.25
        }
      },
      "computeDemand" : {
        "UNKNOWN" : {
          "QueueLength" : 0.08587257617728532,
          "TASK_CONTAINERS" : 0.2421875
        }
      },
      "averageProcessingTime" : "NaN",
      "networkCapacity" : {
        "interface-nodeC ( nodeC )" : {
          "DATARATE_TX" : 100.0,
          "DATARATE_RX" : 100.0
        }
      },
      "networkLoad" : {
        "interface-nodeC ( nodeC )" : {
          "(clientPoolI, nodeC_c00, nodeC_c00)" : {
            "AppCoordinates {com.bbn, test-service1, 1}" : {
              "DATARATE_TX" : 2.0E-6,
              "DATARATE_RX" : 1.0E-6
            }
          }
        }
      },
      "networkDemand" : {
        "interface-nodeC ( nodeC )" : {
          "(clientPoolI, nodeC_c00, nodeC_c00)" : {
            "AppCoordinates {com.bbn, test-service1, 1}" : {
              "DATARATE_TX" : 2.0000000000000003E-6,
              "DATARATE_RX" : 1.0000000000000002E-6
            }
          }
        }
      }
    },
    "nodeC_c11" : {
      "containerName" : {
        "name" : "nodeC_c11"
      },
      "timestamp" : 227496,
      "service" : {
        "group" : "com.bbn",
        "artifact" : "test-service1",
        "version" : "1"
      },
      "serviceStatus" : "RUNNING",
      "demandEstimationWindow" : "LONG",
      "computeCapacity" : {
        "CPU" : 1.0,
        "TASK_CONTAINERS" : 1.0,
        "QueueLength" : 1000000.0
      },
      "computeLoad" : {
        "UNKNOWN" : {
          "QueueLength" : 2.0,
          "TASK_CONTAINERS" : 0.5
        }
      },
      "computeDemand" : {
        "UNKNOWN" : {
          "QueueLength" : 0.18282548476454294,
          "TASK_CONTAINERS" : 0.4583333333333333
        }
      },
      "averageProcessingTime" : "NaN",
      "networkCapacity" : {
        "interface-nodeC ( nodeC )" : {
          "DATARATE_TX" : 100.0,
          "DATARATE_RX" : 100.0
        }
      },
      "networkLoad" : {
        "interface-nodeC ( nodeC )" : {
          "(clientPoolI, nodeC_c11, nodeC_c11)" : {
            "AppCoordinates {com.bbn, test-service1, 1}" : {
              "DATARATE_TX" : 4.0E-6,
              "DATARATE_RX" : 2.0E-6
            }
          }
        }
      },
      "networkDemand" : {
        "interface-nodeC ( nodeC )" : {
          "(clientPoolI, nodeC_c11, nodeC_c11)" : {
            "AppCoordinates {com.bbn, test-service1, 1}" : {
              "DATARATE_TX" : 3.7714285714285716E-6,
              "DATARATE_RX" : 1.8857142857142858E-6
            }
          }
        }
      }
    },
    "nodeC_c05" : {
      "containerName" : {
        "name" : "nodeC_c05"
      },
      "timestamp" : 227497,
      "service" : {
        "group" : "com.bbn",
        "artifact" : "test-service1",
        "version" : "1"
      },
      "serviceStatus" : "RUNNING",
      "demandEstimationWindow" : "LONG",
      "computeCapacity" : {
        "CPU" : 1.0,
        "TASK_CONTAINERS" : 1.0,
        "QueueLength" : 1000000.0
      },
      "computeLoad" : {
        "UNKNOWN" : {
          "QueueLength" : 2.0,
          "TASK_CONTAINERS" : 0.5
        }
      },
      "computeDemand" : {
        "UNKNOWN" : {
          "QueueLength" : 0.14681440443213298,
          "TASK_CONTAINERS" : 0.4732142857142857
        }
      },
      "averageProcessingTime" : "NaN",
      "networkCapacity" : {
        "interface-nodeC ( nodeC )" : {
          "DATARATE_TX" : 100.0,
          "DATARATE_RX" : 100.0
        }
      },
      "networkLoad" : {
        "interface-nodeC ( nodeC )" : {
          "(clientPoolI, nodeC_c05, nodeC_c05)" : {
            "AppCoordinates {com.bbn, test-service1, 1}" : {
              "DATARATE_TX" : 4.0E-6,
              "DATARATE_RX" : 2.0E-6
            }
          }
        }
      },
      "networkDemand" : {
        "interface-nodeC ( nodeC )" : {
          "(clientPoolI, nodeC_c05, nodeC_c05)" : {
            "AppCoordinates {com.bbn, test-service1, 1}" : {
              "DATARATE_TX" : 3.925925925925927E-6,
              "DATARATE_RX" : 1.9629629629629636E-6
            }
          }
        }
      }
    },
    "nodeC_c16" : {
      "containerName" : {
        "name" : "nodeC_c16"
      },
      "timestamp" : 227497,
      "service" : {
        "group" : "com.bbn",
        "artifact" : "test-service1",
        "version" : "1"
      },
      "serviceStatus" : "RUNNING",
      "demandEstimationWindow" : "LONG",
      "computeCapacity" : {
        "CPU" : 1.0,
        "TASK_CONTAINERS" : 1.0,
        "QueueLength" : 1000000.0
      },
      "computeLoad" : {
        "UNKNOWN" : {
          "QueueLength" : 2.0,
          "TASK_CONTAINERS" : 0.5
        }
      },
      "computeDemand" : {
        "UNKNOWN" : {
          "QueueLength" : 0.1523545706371191,
          "TASK_CONTAINERS" : 0.4583333333333333
        }
      },
      "averageProcessingTime" : "NaN",
      "networkCapacity" : {
        "interface-nodeC ( nodeC )" : {
          "DATARATE_TX" : 100.0,
          "DATARATE_RX" : 100.0
        }
      },
      "networkLoad" : {
        "interface-nodeC ( nodeC )" : {
          "(clientPoolI, nodeC_c16, nodeC_c16)" : {
            "AppCoordinates {com.bbn, test-service1, 1}" : {
              "DATARATE_TX" : 4.0E-6,
              "DATARATE_RX" : 2.0E-6
            }
          }
        }
      },
      "networkDemand" : {
        "interface-nodeC ( nodeC )" : {
          "(clientPoolI, nodeC_c16, nodeC_c16)" : {
            "AppCoordinates {com.bbn, test-service1, 1}" : {
              "DATARATE_TX" : 3.7931034482758625E-6,
              "DATARATE_RX" : 1.8965517241379312E-6
            }
          }
        }
      }
    },
    "nodeC_c06" : {
      "containerName" : {
        "name" : "nodeC_c06"
      },
      "timestamp" : 227498,
      "service" : {
        "group" : "com.bbn",
        "artifact" : "test-service1",
        "version" : "1"
      },
      "serviceStatus" : "RUNNING",
      "demandEstimationWindow" : "LONG",
      "computeCapacity" : {
        "CPU" : 1.0,
        "TASK_CONTAINERS" : 1.0,
        "QueueLength" : 1000000.0
      },
      "computeLoad" : {
        "UNKNOWN" : {
          "QueueLength" : 1.0,
          "TASK_CONTAINERS" : 0.25
        }
      },
      "computeDemand" : {
        "UNKNOWN" : {
          "QueueLength" : 0.07479224376731301,
          "TASK_CONTAINERS" : 0.24107142857142858
        }
      },
      "averageProcessingTime" : "NaN",
      "networkCapacity" : {
        "interface-nodeC ( nodeC )" : {
          "DATARATE_TX" : 100.0,
          "DATARATE_RX" : 100.0
        }
      },
      "networkLoad" : {
        "interface-nodeC ( nodeC )" : {
          "(clientPoolI, nodeC_c06, nodeC_c06)" : {
            "AppCoordinates {com.bbn, test-service1, 1}" : {
              "DATARATE_TX" : 2.0E-6,
              "DATARATE_RX" : 1.0E-6
            }
          }
        }
      },
      "networkDemand" : {
        "interface-nodeC ( nodeC )" : {
          "(clientPoolI, nodeC_c06, nodeC_c06)" : {
            "AppCoordinates {com.bbn, test-service1, 1}" : {
              "DATARATE_TX" : 2.0000000000000008E-6,
              "DATARATE_RX" : 1.0000000000000004E-6
            }
          }
        }
      }
    },
    "nodeC_c17" : {
      "containerName" : {
        "name" : "nodeC_c17"
      },
      "timestamp" : 227499,
      "service" : {
        "group" : "com.bbn",
        "artifact" : "test-service1",
        "version" : "1"
      },
      "serviceStatus" : "RUNNING",
      "demandEstimationWindow" : "LONG",
      "computeCapacity" : {
        "CPU" : 1.0,
        "TASK_CONTAINERS" : 1.0,
        "QueueLength" : 1000000.0
      },
      "computeLoad" : {
        "UNKNOWN" : {
          "QueueLength" : 2.0,
          "TASK_CONTAINERS" : 0.5
        }
      },
      "computeDemand" : {
        "UNKNOWN" : {
          "QueueLength" : 0.16897506925207756,
          "TASK_CONTAINERS" : 0.4357142857142857
        }
      },
      "averageProcessingTime" : "NaN",
      "networkCapacity" : {
        "interface-nodeC ( nodeC )" : {
          "DATARATE_TX" : 100.0,
          "DATARATE_RX" : 100.0
        }
      },
      "networkLoad" : {
        "interface-nodeC ( nodeC )" : {
          "(clientPoolI, nodeC_c17, nodeC_c17)" : {
            "AppCoordinates {com.bbn, test-service1, 1}" : {
              "DATARATE_TX" : 4.0E-6,
              "DATARATE_RX" : 2.0E-6
            }
          }
        }
      },
      "networkDemand" : {
        "interface-nodeC ( nodeC )" : {
          "(clientPoolI, nodeC_c17, nodeC_c17)" : {
            "AppCoordinates {com.bbn, test-service1, 1}" : {
              "DATARATE_TX" : 3.588235294117648E-6,
              "DATARATE_RX" : 1.794117647058824E-6
            }
          }
        }
      }
    },
    "nodeC_c03" : {
      "containerName" : {
        "name" : "nodeC_c03"
      },
      "timestamp" : 227499,
      "service" : {
        "group" : "com.bbn",
        "artifact" : "test-service1",
        "version" : "1"
      },
      "serviceStatus" : "RUNNING",
      "demandEstimationWindow" : "LONG",
      "computeCapacity" : {
        "CPU" : 1.0,
        "TASK_CONTAINERS" : 1.0,
        "QueueLength" : 1000000.0
      },
      "computeLoad" : {
        "UNKNOWN" : {
          "QueueLength" : 1.0,
          "TASK_CONTAINERS" : 0.25
        }
      },
      "computeDemand" : {
        "UNKNOWN" : {
          "QueueLength" : 0.09141274238227147,
          "TASK_CONTAINERS" : 0.2426470588235294
        }
      },
      "averageProcessingTime" : "NaN",
      "networkCapacity" : {
        "interface-nodeC ( nodeC )" : {
          "DATARATE_TX" : 100.0,
          "DATARATE_RX" : 100.0
        }
      },
      "networkLoad" : {
        "interface-nodeC ( nodeC )" : {
          "(clientPoolI, nodeC_c03, nodeC_c03)" : {
            "AppCoordinates {com.bbn, test-service1, 1}" : {
              "DATARATE_TX" : 2.0E-6,
              "DATARATE_RX" : 1.0E-6
            }
          }
        }
      },
      "networkDemand" : {
        "interface-nodeC ( nodeC )" : {
          "(clientPoolI, nodeC_c03, nodeC_c03)" : {
            "AppCoordinates {com.bbn, test-service1, 1}" : {
              "DATARATE_TX" : 2.0000000000000003E-6,
              "DATARATE_RX" : 1.0000000000000002E-6
            }
          }
        }
      }
    },
    "nodeC_c14" : {
      "containerName" : {
        "name" : "nodeC_c14"
      },
      "timestamp" : 227500,
      "service" : {
        "group" : "com.bbn",
        "artifact" : "test-service1",
        "version" : "1"
      },
      "serviceStatus" : "RUNNING",
      "demandEstimationWindow" : "LONG",
      "computeCapacity" : {
        "CPU" : 1.0,
        "TASK_CONTAINERS" : 1.0,
        "QueueLength" : 1000000.0
      },
      "computeLoad" : {
        "UNKNOWN" : {
          "QueueLength" : 2.0,
          "TASK_CONTAINERS" : 0.5
        }
      },
      "computeDemand" : {
        "UNKNOWN" : {
          "QueueLength" : 0.1523545706371191,
          "TASK_CONTAINERS" : 0.4583333333333333
        }
      },
      "averageProcessingTime" : "NaN",
      "networkCapacity" : {
        "interface-nodeC ( nodeC )" : {
          "DATARATE_TX" : 100.0,
          "DATARATE_RX" : 100.0
        }
      },
      "networkLoad" : {
        "interface-nodeC ( nodeC )" : {
          "(clientPoolI, nodeC_c14, nodeC_c14)" : {
            "AppCoordinates {com.bbn, test-service1, 1}" : {
              "DATARATE_TX" : 4.0E-6,
              "DATARATE_RX" : 2.0E-6
            }
          }
        }
      },
      "networkDemand" : {
        "interface-nodeC ( nodeC )" : {
          "(clientPoolI, nodeC_c14, nodeC_c14)" : {
            "AppCoordinates {com.bbn, test-service1, 1}" : {
              "DATARATE_TX" : 3.7931034482758625E-6,
              "DATARATE_RX" : 1.8965517241379312E-6
            }
          }
        }
      }
    },
    "nodeC_c04" : {
      "containerName" : {
        "name" : "nodeC_c04"
      },
      "timestamp" : 227500,
      "service" : {
        "group" : "com.bbn",
        "artifact" : "test-service1",
        "version" : "1"
      },
      "serviceStatus" : "RUNNING",
      "demandEstimationWindow" : "LONG",
      "computeCapacity" : {
        "CPU" : 1.0,
        "TASK_CONTAINERS" : 1.0,
        "QueueLength" : 1000000.0
      },
      "computeLoad" : {
        "UNKNOWN" : {
          "QueueLength" : 3.0,
          "TASK_CONTAINERS" : 0.75
        }
      },
      "computeDemand" : {
        "UNKNOWN" : {
          "QueueLength" : 0.2548476454293629,
          "TASK_CONTAINERS" : 0.6388888888888888
        }
      },
      "averageProcessingTime" : "NaN",
      "networkCapacity" : {
        "interface-nodeC ( nodeC )" : {
          "DATARATE_TX" : 100.0,
          "DATARATE_RX" : 100.0
        }
      },
      "networkLoad" : {
        "interface-nodeC ( nodeC )" : {
          "(clientPoolI, nodeC_c04, nodeC_c04)" : {
            "AppCoordinates {com.bbn, test-service1, 1}" : {
              "DATARATE_TX" : 6.0E-6,
              "DATARATE_RX" : 3.0E-6
            }
          }
        }
      },
      "networkDemand" : {
        "interface-nodeC ( nodeC )" : {
          "(clientPoolI, nodeC_c04, nodeC_c04)" : {
            "AppCoordinates {com.bbn, test-service1, 1}" : {
              "DATARATE_TX" : 5.257142857142857E-6,
              "DATARATE_RX" : 2.6285714285714286E-6
            }
          }
        }
      }
    },
    "nodeC_c15" : {
      "containerName" : {
        "name" : "nodeC_c15"
      },
      "timestamp" : 227501,
      "service" : {
        "group" : "com.bbn",
        "artifact" : "test-service1",
        "version" : "1"
      },
      "serviceStatus" : "RUNNING",
      "demandEstimationWindow" : "LONG",
      "computeCapacity" : {
        "CPU" : 1.0,
        "TASK_CONTAINERS" : 1.0,
        "QueueLength" : 1000000.0
      },
      "computeLoad" : {
        "UNKNOWN" : {
          "QueueLength" : 1.0,
          "TASK_CONTAINERS" : 0.25
        }
      },
      "computeDemand" : {
        "UNKNOWN" : {
          "QueueLength" : 0.08587257617728532,
          "TASK_CONTAINERS" : 0.2421875
        }
      },
      "averageProcessingTime" : "NaN",
      "networkCapacity" : {
        "interface-nodeC ( nodeC )" : {
          "DATARATE_TX" : 100.0,
          "DATARATE_RX" : 100.0
        }
      },
      "networkLoad" : {
        "interface-nodeC ( nodeC )" : {
          "(clientPoolI, nodeC_c15, nodeC_c15)" : {
            "AppCoordinates {com.bbn, test-service1, 1}" : {
              "DATARATE_TX" : 2.0E-6,
              "DATARATE_RX" : 1.0E-6
            }
          }
        }
      },
      "networkDemand" : {
        "interface-nodeC ( nodeC )" : {
          "(clientPoolI, nodeC_c15, nodeC_c15)" : {
            "AppCoordinates {com.bbn, test-service1, 1}" : {
              "DATARATE_TX" : 2.0000000000000003E-6,
              "DATARATE_RX" : 1.0000000000000002E-6
            }
          }
        }
      }
    },
    "nodeC_c09" : {
      "containerName" : {
        "name" : "nodeC_c09"
      },
      "timestamp" : 227502,
      "service" : {
        "group" : "com.bbn",
        "artifact" : "test-service1",
        "version" : "1"
      },
      "serviceStatus" : "RUNNING",
      "demandEstimationWindow" : "LONG",
      "computeCapacity" : {
        "CPU" : 1.0,
        "TASK_CONTAINERS" : 1.0,
        "QueueLength" : 1000000.0
      },
      "computeLoad" : {
        "UNKNOWN" : {
          "QueueLength" : 3.0,
          "TASK_CONTAINERS" : 0.75
        }
      },
      "computeDemand" : {
        "UNKNOWN" : {
          "QueueLength" : 0.2409972299168975,
          "TASK_CONTAINERS" : 0.6796875
        }
      },
      "averageProcessingTime" : "NaN",
      "networkCapacity" : {
        "interface-nodeC ( nodeC )" : {
          "DATARATE_TX" : 100.0,
          "DATARATE_RX" : 100.0
        }
      },
      "networkLoad" : {
        "interface-nodeC ( nodeC )" : {
          "(clientPoolI, nodeC_c09, nodeC_c09)" : {
            "AppCoordinates {com.bbn, test-service1, 1}" : {
              "DATARATE_TX" : 6.0E-6,
              "DATARATE_RX" : 3.0E-6
            }
          }
        }
      },
      "networkDemand" : {
        "interface-nodeC ( nodeC )" : {
          "(clientPoolI, nodeC_c09, nodeC_c09)" : {
            "AppCoordinates {com.bbn, test-service1, 1}" : {
              "DATARATE_TX" : 5.612903225806452E-6,
              "DATARATE_RX" : 2.806451612903226E-6
            }
          }
        }
      }
    },
    "nodeC_c07" : {
      "containerName" : {
        "name" : "nodeC_c07"
      },
      "timestamp" : 227502,
      "service" : {
        "group" : "com.bbn",
        "artifact" : "test-service1",
        "version" : "1"
      },
      "serviceStatus" : "RUNNING",
      "demandEstimationWindow" : "LONG",
      "computeCapacity" : {
        "CPU" : 1.0,
        "TASK_CONTAINERS" : 1.0,
        "QueueLength" : 1000000.0
      },
      "computeLoad" : {
        "UNKNOWN" : {
          "QueueLength" : 1.0,
          "TASK_CONTAINERS" : 0.25
        }
      },
      "computeDemand" : {
        "UNKNOWN" : {
          "QueueLength" : 0.08033240997229917,
          "TASK_CONTAINERS" : 0.24166666666666667
        }
      },
      "averageProcessingTime" : "NaN",
      "networkCapacity" : {
        "interface-nodeC ( nodeC )" : {
          "DATARATE_TX" : 100.0,
          "DATARATE_RX" : 100.0
        }
      },
      "networkLoad" : {
        "interface-nodeC ( nodeC )" : {
          "(clientPoolI, nodeC_c07, nodeC_c07)" : {
            "AppCoordinates {com.bbn, test-service1, 1}" : {
              "DATARATE_TX" : 2.0E-6,
              "DATARATE_RX" : 1.0E-6
            }
          }
        }
      },
      "networkDemand" : {
        "interface-nodeC ( nodeC )" : {
          "(clientPoolI, nodeC_c07, nodeC_c07)" : {
            "AppCoordinates {com.bbn, test-service1, 1}" : {
              "DATARATE_TX" : 2.0000000000000008E-6,
              "DATARATE_RX" : 1.0000000000000004E-6
            }
          }
        }
      }
    },
    "nodeC_c18" : {
      "containerName" : {
        "name" : "nodeC_c18"
      },
      "timestamp" : 227503,
      "service" : {
        "group" : "com.bbn",
        "artifact" : "test-service1",
        "version" : "1"
      },
      "serviceStatus" : "RUNNING",
      "demandEstimationWindow" : "LONG",
      "computeCapacity" : {
        "CPU" : 1.0,
        "TASK_CONTAINERS" : 1.0,
        "QueueLength" : 1000000.0
      },
      "computeLoad" : {
        "UNKNOWN" : {
          "QueueLength" : 4.0,
          "TASK_CONTAINERS" : 1.0
        }
      },
      "computeDemand" : {
        "UNKNOWN" : {
          "QueueLength" : 0.3379501385041551,
          "TASK_CONTAINERS" : 0.9242424242424242
        }
      },
      "averageProcessingTime" : "NaN",
      "networkCapacity" : {
        "interface-nodeC ( nodeC )" : {
          "DATARATE_TX" : 100.0,
          "DATARATE_RX" : 100.0
        }
      },
      "networkLoad" : {
        "interface-nodeC ( nodeC )" : {
          "(clientPoolI, nodeC_c18, nodeC_c18)" : {
            "AppCoordinates {com.bbn, test-service1, 1}" : {
              "DATARATE_TX" : 8.0E-6,
              "DATARATE_RX" : 4.0E-6
            }
          }
        }
      },
      "networkDemand" : {
        "interface-nodeC ( nodeC )" : {
          "(clientPoolI, nodeC_c18, nodeC_c18)" : {
            "AppCoordinates {com.bbn, test-service1, 1}" : {
              "DATARATE_TX" : 7.625000000000002E-6,
              "DATARATE_RX" : 3.812500000000001E-6
            }
          }
        }
      }
    },
    "nodeC_c08" : {
      "containerName" : {
        "name" : "nodeC_c08"
      },
      "timestamp" : 227504,
      "service" : {
        "group" : "com.bbn",
        "artifact" : "test-service1",
        "version" : "1"
      },
      "serviceStatus" : "RUNNING",
      "demandEstimationWindow" : "LONG",
      "computeCapacity" : {
        "CPU" : 1.0,
        "TASK_CONTAINERS" : 1.0,
        "QueueLength" : 1000000.0
      },
      "computeLoad" : {
        "UNKNOWN" : {
          "QueueLength" : 2.0,
          "TASK_CONTAINERS" : 0.5
        }
      },
      "computeDemand" : {
        "UNKNOWN" : {
          "QueueLength" : 0.16897506925207756,
          "TASK_CONTAINERS" : 0.4765625
        }
      },
      "averageProcessingTime" : "NaN",
      "networkCapacity" : {
        "interface-nodeC ( nodeC )" : {
          "DATARATE_TX" : 100.0,
          "DATARATE_RX" : 100.0
        }
      },
      "networkLoad" : {
        "interface-nodeC ( nodeC )" : {
          "(clientPoolI, nodeC_c08, nodeC_c08)" : {
            "AppCoordinates {com.bbn, test-service1, 1}" : {
              "DATARATE_TX" : 4.0E-6,
              "DATARATE_RX" : 2.0E-6
            }
          }
        }
      },
      "networkDemand" : {
        "interface-nodeC ( nodeC )" : {
          "(clientPoolI, nodeC_c08, nodeC_c08)" : {
            "AppCoordinates {com.bbn, test-service1, 1}" : {
              "DATARATE_TX" : 3.935483870967743E-6,
              "DATARATE_RX" : 1.9677419354838714E-6
            }
          }
        }
      }
    },
    "nodeC_c19" : {
      "containerName" : {
        "name" : "nodeC_c19"
      },
      "timestamp" : 227504,
      "service" : {
        "group" : "com.bbn",
        "artifact" : "test-service1",
        "version" : "1"
      },
      "serviceStatus" : "RUNNING",
      "demandEstimationWindow" : "LONG",
      "computeCapacity" : {
        "CPU" : 1.0,
        "TASK_CONTAINERS" : 1.0,
        "QueueLength" : 1000000.0
      },
      "computeLoad" : {
        "UNKNOWN" : {
          "QueueLength" : 2.0,
          "TASK_CONTAINERS" : 0.5
        }
      },
      "computeDemand" : {
        "UNKNOWN" : {
          "QueueLength" : 0.1745152354570637,
          "TASK_CONTAINERS" : 0.45
        }
      },
      "averageProcessingTime" : "NaN",
      "networkCapacity" : {
        "interface-nodeC ( nodeC )" : {
          "DATARATE_TX" : 100.0,
          "DATARATE_RX" : 100.0
        }
      },
      "networkLoad" : {
        "interface-nodeC ( nodeC )" : {
          "(clientPoolI, nodeC_c19, nodeC_c19)" : {
            "AppCoordinates {com.bbn, test-service1, 1}" : {
              "DATARATE_TX" : 4.0E-6,
              "DATARATE_RX" : 2.0E-6
            }
          }
        }
      },
      "networkDemand" : {
        "interface-nodeC ( nodeC )" : {
          "(clientPoolI, nodeC_c19, nodeC_c19)" : {
            "AppCoordinates {com.bbn, test-service1, 1}" : {
              "DATARATE_TX" : 3.705882352941177E-6,
              "DATARATE_RX" : 1.8529411764705886E-6
            }
          }
        }
      }
    }
  },
  "maximumServiceContainers" : 20,
  "allocatedServiceContainers" : 20,
  "computeDemand" : {
    "AppCoordinates {com.bbn, test-service1, 1}" : {
      "UNKNOWN" : {
        "QueueLength" : 3.015663978206639,
        "TASK_CONTAINERS" : 8.25208519013666
      }
    }
  },
  "containerNetworkLoad" : {
    "interface-nodeC ( nodeC )" : {
      "(clientPoolI, nodeC_c10, nodeC_c10)" : {
        "AppCoordinates {com.bbn, test-service1, 1}" : {
          "DATARATE_TX" : 6.0E-6,
          "DATARATE_RX" : 3.0E-6
        }
      },
      "(clientPoolI, nodeC_c14, nodeC_c14)" : {
        "AppCoordinates {com.bbn, test-service1, 1}" : {
          "DATARATE_TX" : 4.0E-6,
          "DATARATE_RX" : 2.0E-6
        }
      },
      "(clientPoolI, nodeC_c03, nodeC_c03)" : {
        "AppCoordinates {com.bbn, test-service1, 1}" : {
          "DATARATE_TX" : 2.0E-6,
          "DATARATE_RX" : 1.0E-6
        }
      },
      "(clientPoolI, nodeC_c02, nodeC_c02)" : {
        "AppCoordinates {com.bbn, test-service1, 1}" : {
          "DATARATE_TX" : 4.0E-6,
          "DATARATE_RX" : 2.0E-6
        }
      },
      "(clientPoolI, nodeC_c12, nodeC_c12)" : {
        "AppCoordinates {com.bbn, test-service1, 1}" : {
          "DATARATE_TX" : 2.0E-6,
          "DATARATE_RX" : 1.0E-6
        }
      },
      "(clientPoolI, nodeC_c01, nodeC_c01)" : {
        "AppCoordinates {com.bbn, test-service1, 1}" : {
          "DATARATE_TX" : 2.0E-6,
          "DATARATE_RX" : 1.0E-6
        }
      },
      "(clientPoolI, nodeC_c11, nodeC_c11)" : {
        "AppCoordinates {com.bbn, test-service1, 1}" : {
          "DATARATE_TX" : 4.0E-6,
          "DATARATE_RX" : 2.0E-6
        }
      },
      "(clientPoolI, nodeC_c00, nodeC_c00)" : {
        "AppCoordinates {com.bbn, test-service1, 1}" : {
          "DATARATE_TX" : 2.0E-6,
          "DATARATE_RX" : 1.0E-6
        }
      },
      "(clientPoolI, nodeC_c18, nodeC_c18)" : {
        "AppCoordinates {com.bbn, test-service1, 1}" : {
          "DATARATE_TX" : 8.0E-6,
          "DATARATE_RX" : 4.0E-6
        }
      },
      "(clientPoolI, nodeC_c07, nodeC_c07)" : {
        "AppCoordinates {com.bbn, test-service1, 1}" : {
          "DATARATE_TX" : 2.0E-6,
          "DATARATE_RX" : 1.0E-6
        }
      },
      "(clientPoolI, nodeC_c17, nodeC_c17)" : {
        "AppCoordinates {com.bbn, test-service1, 1}" : {
          "DATARATE_TX" : 4.0E-6,
          "DATARATE_RX" : 2.0E-6
        }
      },
      "(clientPoolI, nodeC_c06, nodeC_c06)" : {
        "AppCoordinates {com.bbn, test-service1, 1}" : {
          "DATARATE_TX" : 2.0E-6,
          "DATARATE_RX" : 1.0E-6
        }
      },
      "(clientPoolI, nodeC_c16, nodeC_c16)" : {
        "AppCoordinates {com.bbn, test-service1, 1}" : {
          "DATARATE_TX" : 4.0E-6,
          "DATARATE_RX" : 2.0E-6
        }
      },
      "(clientPoolI, nodeC_c05, nodeC_c05)" : {
        "AppCoordinates {com.bbn, test-service1, 1}" : {
          "DATARATE_TX" : 4.0E-6,
          "DATARATE_RX" : 2.0E-6
        }
      },
      "(clientPoolI, nodeC_c15, nodeC_c15)" : {
        "AppCoordinates {com.bbn, test-service1, 1}" : {
          "DATARATE_TX" : 2.0E-6,
          "DATARATE_RX" : 1.0E-6
        }
      },
      "(clientPoolI, nodeC_c04, nodeC_c04)" : {
        "AppCoordinates {com.bbn, test-service1, 1}" : {
          "DATARATE_TX" : 6.0E-6,
          "DATARATE_RX" : 3.0E-6
        }
      },
      "(clientPoolI, nodeC_c09, nodeC_c09)" : {
        "AppCoordinates {com.bbn, test-service1, 1}" : {
          "DATARATE_TX" : 6.0E-6,
          "DATARATE_RX" : 3.0E-6
        }
      },
      "(clientPoolI, nodeC_c19, nodeC_c19)" : {
        "AppCoordinates {com.bbn, test-service1, 1}" : {
          "DATARATE_TX" : 4.0E-6,
          "DATARATE_RX" : 2.0E-6
        }
      },
      "(clientPoolI, nodeC_c08, nodeC_c08)" : {
        "AppCoordinates {com.bbn, test-service1, 1}" : {
          "DATARATE_TX" : 4.0E-6,
          "DATARATE_RX" : 2.0E-6
        }
      }
    }
  },
  "containerNetworkDemand" : {
    "interface-nodeC ( nodeC )" : {
      "(clientPoolI, nodeC_c10, nodeC_c10)" : {
        "AppCoordinates {com.bbn, test-service1, 1}" : {
          "DATARATE_TX" : 5.6000000000000014E-6,
          "DATARATE_RX" : 2.8000000000000007E-6
        }
      },
      "(clientPoolI, nodeC_c14, nodeC_c14)" : {
        "AppCoordinates {com.bbn, test-service1, 1}" : {
          "DATARATE_TX" : 3.7931034482758625E-6,
          "DATARATE_RX" : 1.8965517241379312E-6
        }
      },
      "(clientPoolI, nodeC_c03, nodeC_c03)" : {
        "AppCoordinates {com.bbn, test-service1, 1}" : {
          "DATARATE_TX" : 2.0000000000000003E-6,
          "DATARATE_RX" : 1.0000000000000002E-6
        }
      },
      "(clientPoolI, nodeC_c02, nodeC_c02)" : {
        "AppCoordinates {com.bbn, test-service1, 1}" : {
          "DATARATE_TX" : 3.4857142857142863E-6,
          "DATARATE_RX" : 1.7428571428571432E-6
        }
      },
      "(clientPoolI, nodeC_c12, nodeC_c12)" : {
        "AppCoordinates {com.bbn, test-service1, 1}" : {
          "DATARATE_TX" : 2.0000000000000003E-6,
          "DATARATE_RX" : 1.0000000000000002E-6
        }
      },
      "(clientPoolI, nodeC_c01, nodeC_c01)" : {
        "AppCoordinates {com.bbn, test-service1, 1}" : {
          "DATARATE_TX" : 2.0000000000000003E-6,
          "DATARATE_RX" : 1.0000000000000002E-6
        }
      },
      "(clientPoolI, nodeC_c11, nodeC_c11)" : {
        "AppCoordinates {com.bbn, test-service1, 1}" : {
          "DATARATE_TX" : 3.7714285714285716E-6,
          "DATARATE_RX" : 1.8857142857142858E-6
        }
      },
      "(clientPoolI, nodeC_c00, nodeC_c00)" : {
        "AppCoordinates {com.bbn, test-service1, 1}" : {
          "DATARATE_TX" : 2.0000000000000003E-6,
          "DATARATE_RX" : 1.0000000000000002E-6
        }
      },
      "(clientPoolI, nodeC_c18, nodeC_c18)" : {
        "AppCoordinates {com.bbn, test-service1, 1}" : {
          "DATARATE_TX" : 7.625000000000002E-6,
          "DATARATE_RX" : 3.812500000000001E-6
        }
      },
      "(clientPoolI, nodeC_c07, nodeC_c07)" : {
        "AppCoordinates {com.bbn, test-service1, 1}" : {
          "DATARATE_TX" : 2.0000000000000008E-6,
          "DATARATE_RX" : 1.0000000000000004E-6
        }
      },
      "(clientPoolI, nodeC_c17, nodeC_c17)" : {
        "AppCoordinates {com.bbn, test-service1, 1}" : {
          "DATARATE_TX" : 3.588235294117648E-6,
          "DATARATE_RX" : 1.794117647058824E-6
        }
      },
      "(clientPoolI, nodeC_c06, nodeC_c06)" : {
        "AppCoordinates {com.bbn, test-service1, 1}" : {
          "DATARATE_TX" : 2.0000000000000008E-6,
          "DATARATE_RX" : 1.0000000000000004E-6
        }
      },
      "(clientPoolI, nodeC_c16, nodeC_c16)" : {
        "AppCoordinates {com.bbn, test-service1, 1}" : {
          "DATARATE_TX" : 3.7931034482758625E-6,
          "DATARATE_RX" : 1.8965517241379312E-6
        }
      },
      "(clientPoolI, nodeC_c05, nodeC_c05)" : {
        "AppCoordinates {com.bbn, test-service1, 1}" : {
          "DATARATE_TX" : 3.925925925925927E-6,
          "DATARATE_RX" : 1.9629629629629636E-6
        }
      },
      "(clientPoolI, nodeC_c15, nodeC_c15)" : {
        "AppCoordinates {com.bbn, test-service1, 1}" : {
          "DATARATE_TX" : 2.0000000000000003E-6,
          "DATARATE_RX" : 1.0000000000000002E-6
        }
      },
      "(clientPoolI, nodeC_c04, nodeC_c04)" : {
        "AppCoordinates {com.bbn, test-service1, 1}" : {
          "DATARATE_TX" : 5.257142857142857E-6,
          "DATARATE_RX" : 2.6285714285714286E-6
        }
      },
      "(clientPoolI, nodeC_c09, nodeC_c09)" : {
        "AppCoordinates {com.bbn, test-service1, 1}" : {
          "DATARATE_TX" : 5.612903225806452E-6,
          "DATARATE_RX" : 2.806451612903226E-6
        }
      },
      "(clientPoolI, nodeC_c19, nodeC_c19)" : {
        "AppCoordinates {com.bbn, test-service1, 1}" : {
          "DATARATE_TX" : 3.705882352941177E-6,
          "DATARATE_RX" : 1.8529411764705886E-6
        }
      },
      "(clientPoolI, nodeC_c08, nodeC_c08)" : {
        "AppCoordinates {com.bbn, test-service1, 1}" : {
          "DATARATE_TX" : 3.935483870967743E-6,
          "DATARATE_RX" : 1.9677419354838714E-6
        }
      }
    }
  },
  "computeLoad" : {
    "AppCoordinates {com.bbn, test-service1, 1}" : {
      "UNKNOWN" : {
        "QueueLength" : 36.0,
        "TASK_CONTAINERS" : 9.0
      }
    }
  },
  "availableServiceContainers" : 0,
  "averageProcessingTime" : { },
  "allocatedComputeCapacity" : {
    "CPU" : 20.0,
    "QueueLength" : 2.0E7,
    "TASK_CONTAINERS" : 20.0
  }
}