{
  "region" : {
    "name" : "E"
  },
  "minTimestamp" : 364479,
  "maxTimestamp" : 364479,
  "demandEstimationWindow" : "LONG",
  "serverCapacity" : {
    "DISK" : 10.0,
    "MEMORY" : 8.0E9,
    "CPU" : 4.0,
    "TASK_CONTAINERS" : 20.0
  },
  "serverLoad" : {
    "AppCoordinates {com.bbn, test-service3, 1}" : {
      "unknown" : {
        "QueueLength" : 61.0,
        "TASK_CONTAINERS" : 30.5
      }
    }
  },
  "serverDemand" : {
    "AppCoordinates {com.bbn, test-service3, 1}" : {
      "unknown" : {
        "QueueLength" : 61.848066298342545,
        "TASK_CONTAINERS" : 30.924033149171272
      }
    }
  },
  "serverAverageProcessingTimeCount" : {
    "AppCoordinates {com.bbn, test-service3, 1}" : 1
  },
  "serverAverageProcessingTimeSum" : {
    "AppCoordinates {com.bbn, test-service3, 1}" : 120000.0
  },
  "networkCapacity" : {
    "D" : {
      "DATARATE_RX" : 100.0,
      "DATARATE_TX" : 100.0
    },
    "J" : {
      "DATARATE_RX" : 100.0,
      "DATARATE_TX" : 100.0
    }
  },
  "networkLoad" : {
    "D" : {
      "(J, D, D)" : {
        "AppCoordinates {com.bbn, test-service3, 1}" : {
          "DATARATE_TX" : 5.499999999999996E-4,
          "DATARATE_RX" : 2.749999999999998E-4
        },
        "AppCoordinates {com.bbn, test-service2, 1}" : {
          "DATARATE_TX" : 1.5999999999999971E-4,
          "DATARATE_RX" : 7.999999999999986E-5
        },
        "AppCoordinates {com.bbn, test-service1, 1}" : {
          "DATARATE_TX" : 1.259999999999998E-4,
          "DATARATE_RX" : 6.29999999999999E-5
        }
      }
    },
    "J" : {
      "(E, J, E)" : {
        "AppCoordinates {com.bbn, test-service3, 1}" : {
          "DATARATE_TX" : 6.099999999999993E-5,
          "DATARATE_RX" : 1.2199999999999986E-4
        }
      },
      "(D, J, D)" : {
        "AppCoordinates {com.bbn, test-service3, 1}" : {
          "DATARATE_TX" : 2.749999999999998E-4,
          "DATARATE_RX" : 5.499999999999996E-4
        },
        "AppCoordinates {com.bbn, test-service2, 1}" : {
          "DATARATE_TX" : 7.999999999999986E-5,
          "DATARATE_RX" : 1.5999999999999971E-4
        },
        "AppCoordinates {com.bbn, test-service1, 1}" : {
          "DATARATE_TX" : 6.299999999999992E-5,
          "DATARATE_RX" : 1.2599999999999984E-4
        }
      }
    }
  },
  "networkDemand" : {
    "D" : {
      "(J, D, D)" : {
        "AppCoordinates {com.bbn, test-service3, 1}" : {
          "DATARATE_TX" : 4.738681753194532E-4,
          "DATARATE_RX" : 2.369340876597266E-4
        },
        "AppCoordinates {com.bbn, test-service2, 1}" : {
          "DATARATE_TX" : 2.0241797476146478E-4,
          "DATARATE_RX" : 1.0120898738073239E-4
        },
        "AppCoordinates {com.bbn, test-service1, 1}" : {
          "DATARATE_TX" : 2.4669449300307466E-4,
          "DATARATE_RX" : 1.2334724650153733E-4
        }
      }
    },
    "J" : {
      "(E, J, E)" : {
        "AppCoordinates {com.bbn, test-service3, 1}" : {
          "DATARATE_TX" : 6.961772853185582E-5,
          "DATARATE_RX" : 1.3923545706371164E-4
        }
      },
      "(D, J, D)" : {
        "AppCoordinates {com.bbn, test-service3, 1}" : {
          "DATARATE_TX" : 2.369340876597266E-4,
          "DATARATE_RX" : 4.738681753194532E-4
        },
        "AppCoordinates {com.bbn, test-service2, 1}" : {
          "DATARATE_TX" : 1.012089873807324E-4,
          "DATARATE_RX" : 2.024179747614648E-4
        },
        "AppCoordinates {com.bbn, test-service1, 1}" : {
          "DATARATE_TX" : 1.2334724650153733E-4,
          "DATARATE_RX" : 2.4669449300307466E-4
        }
      }
    }
  },
  "maximumServiceContainers" : 20,
  "allocatedServiceContainers" : 1,
  "serverAverageProcessingTime" : {
    "AppCoordinates {com.bbn, test-service3, 1}" : 120000.0
  },
  "availableServiceContainers" : 19,
  "nullSummary" : false
}