227,1,DNS_UPDATE_SUCCEEDED
43894,88,RLG_PLAN_PUBLISHED
43895,88,DCOP_PLAN_PLUBLIED
44395,89,DNS_UPDATE_SUCCEEDED
224017,445,DCOP_PLAN_PLUBLIED
224109,445,RLG_PLAN_PUBLISHED
344007,683,DCOP_PLAN_PLUBLIED
344263,684,RLG_PLAN_PUBLISHED
344684,685,DNS_UPDATE_SUCCEEDED
463996,921,DCOP_PLAN_PLUBLIED
464415,922,RLG_PLAN_PUBLISHED
464544,923,DNS_UPDATE_SUCCEEDED
583958,1160,DCOP_PLAN_PLUBLIED
584568,1161,RLG_PLAN_PUBLISHED
584951,1162,DNS_UPDATE_SUCCEEDED
704070,1398,DCOP_PLAN_PLUBLIED
704757,1399,RLG_PLAN_PUBLISHED
704974,1400,DNS_UPDATE_SUCCEEDED
824059,1636,DCOP_PLAN_PLUBLIED
824915,1637,RLG_PLAN_PUBLISHED
825006,1638,DNS_UPDATE_SUCCEEDED
944020,1874,DCOP_PLAN_PLUBLIED
945092,1876,RLG_PLAN_PUBLISHED
945491,1877,DNS_UPDATE_SUCCEEDED
1064022,2112,DCOP_PLAN_PLUBLIED
1065244,2114,RLG_PLAN_PUBLISHED
1065498,2115,DNS_UPDATE_SUCCEEDED
1184234,2350,DCOP_PLAN_PLUBLIED
1185388,2353,RLG_PLAN_PUBLISHED
1185882,2354,DNS_UPDATE_SUCCEEDED
1306161,2592,DCOP_PLAN_PLUBLIED
1308560,2597,RLG_PLAN_PUBLISHED
1308841,2598,DNS_UPDATE_SUCCEEDED
1424038,2826,DCOP_PLAN_PLUBLIED
1425709,2829,RLG_PLAN_PUBLISHED
1425774,2830,DNS_UPDATE_SUCCEEDED
1544193,3064,DCOP_PLAN_PLUBLIED
1545881,3068,RLG_PLAN_PUBLISHED
1546270,3069,DNS_UPDATE_SUCCEEDED
1664092,3302,DCOP_PLAN_PLUBLIED
1666043,3306,RLG_PLAN_PUBLISHED
1666259,3307,DNS_UPDATE_SUCCEEDED
1784089,3540,DCOP_PLAN_PLUBLIED
1786218,3544,RLG_PLAN_PUBLISHED
1786250,3545,DNS_UPDATE_SUCCEEDED
