{
  "nodeName" : {
    "name" : "nodeA"
  },
  "timestamp" : 43499,
  "demandEstimationWindow" : "SHORT",
  "nodeComputeCapacity" : {
    "CPU" : 8.0,
    "MEMORY" : 1.6E10,
    "DISK" : 10.0,
    "TASK_CONTAINERS" : 8.0
  },
  "networkCapacity" : {
    "interface-nodeB ( nodeB )" : {
      "DATARATE_RX" : 100.0,
      "DATARATE_TX" : 100.0
    },
    "interface-nodeL ( nodeL )" : {
      "DATARATE_RX" : 100.0,
      "DATARATE_TX" : 100.0
    },
    "interface-nodeK ( nodeK )" : {
      "DATARATE_RX" : 100.0,
      "DATARATE_TX" : 100.0
    },
    "interface-nodeN ( nodeN )" : {
      "DATARATE_RX" : 100.0,
      "DATARATE_TX" : 100.0
    }
  },
  "networkLoad" : {
    "interface-nodeB ( nodeB )" : {
      "(nodeA_c03, clientPoolC, nodeA_c03)" : {
        "AppCoordinates {com.bbn, test-service1, 1}" : {
          "DATARATE_TX" : 6.79999999999999E-5,
          "DATARATE_RX" : 1.359999999999998E-4
        }
      },
      "(nodeA_c04, clientPoolC, nodeA_c04)" : {
        "AppCoordinates {com.bbn, test-service1, 1}" : {
          "DATARATE_TX" : 4.499999999999997E-5,
          "DATARATE_RX" : 8.999999999999994E-5
        }
      },
      "(nodeA_c00, clientPoolE, nodeA_c00)" : {
        "AppCoordinates {com.bbn, test-service1, 1}" : {
          "DATARATE_TX" : 6.699999999999991E-5,
          "DATARATE_RX" : 1.3399999999999981E-4
        }
      },
      "(nodeA_c01, clientPoolE, nodeA_c01)" : {
        "AppCoordinates {com.bbn, test-service2, 1}" : {
          "DATARATE_TX" : 1.6000000000000003E-5,
          "DATARATE_RX" : 3.2000000000000005E-5
        }
      },
      "(nodeA_c00, clientPoolC, nodeA_c00)" : {
        "AppCoordinates {com.bbn, test-service1, 1}" : {
          "DATARATE_TX" : 6.699999999999991E-5,
          "DATARATE_RX" : 1.3399999999999981E-4
        }
      },
      "(nodeA_c01, clientPoolC, nodeA_c01)" : {
        "AppCoordinates {com.bbn, test-service2, 1}" : {
          "DATARATE_TX" : 1.7000000000000003E-5,
          "DATARATE_RX" : 3.4000000000000007E-5
        }
      },
      "(nodeA_c03, clientPoolE, nodeA_c03)" : {
        "AppCoordinates {com.bbn, test-service1, 1}" : {
          "DATARATE_TX" : 6.89999999999999E-5,
          "DATARATE_RX" : 1.379999999999998E-4
        }
      },
      "(nodeA_c04, clientPoolE, nodeA_c04)" : {
        "AppCoordinates {com.bbn, test-service1, 1}" : {
          "DATARATE_TX" : 3.999999999999998E-5,
          "DATARATE_RX" : 7.999999999999997E-5
        }
      }
    },
    "interface-nodeL ( nodeL )" : { },
    "interface-nodeK ( nodeK )" : { },
    "interface-nodeN ( nodeN )" : { }
  },
  "networkDemand" : {
    "interface-nodeB ( nodeB )" : {
      "(nodeA_c03, clientPoolC, nodeA_c03)" : {
        "AppCoordinates {com.bbn, test-service1, 1}" : {
          "DATARATE_TX" : 6.814285714285704E-5,
          "DATARATE_RX" : 1.3628571428571409E-4
        }
      },
      "(nodeA_c04, clientPoolC, nodeA_c04)" : {
        "AppCoordinates {com.bbn, test-service1, 1}" : {
          "DATARATE_TX" : 2.899999999999999E-5,
          "DATARATE_RX" : 5.799999999999998E-5
        }
      },
      "(nodeA_c00, clientPoolE, nodeA_c00)" : {
        "AppCoordinates {com.bbn, test-service1, 1}" : {
          "DATARATE_TX" : 6.699999999999991E-5,
          "DATARATE_RX" : 1.3399999999999981E-4
        }
      },
      "(nodeA_c01, clientPoolE, nodeA_c01)" : {
        "AppCoordinates {com.bbn, test-service2, 1}" : {
          "DATARATE_TX" : 8.500000000000002E-6,
          "DATARATE_RX" : 1.7000000000000003E-5
        }
      },
      "(nodeA_c00, clientPoolC, nodeA_c00)" : {
        "AppCoordinates {com.bbn, test-service1, 1}" : {
          "DATARATE_TX" : 6.699999999999991E-5,
          "DATARATE_RX" : 1.3399999999999981E-4
        }
      },
      "(nodeA_c01, clientPoolC, nodeA_c01)" : {
        "AppCoordinates {com.bbn, test-service2, 1}" : {
          "DATARATE_TX" : 9.500000000000002E-6,
          "DATARATE_RX" : 1.9000000000000004E-5
        }
      },
      "(nodeA_c03, clientPoolE, nodeA_c03)" : {
        "AppCoordinates {com.bbn, test-service1, 1}" : {
          "DATARATE_TX" : 6.914285714285704E-5,
          "DATARATE_RX" : 1.3828571428571408E-4
        }
      },
      "(nodeA_c04, clientPoolE, nodeA_c04)" : {
        "AppCoordinates {com.bbn, test-service1, 1}" : {
          "DATARATE_TX" : 2.7333333333333328E-5,
          "DATARATE_RX" : 5.4666666666666656E-5
        }
      }
    },
    "interface-nodeN ( nodeN )" : { },
    "interface-nodeL ( nodeL )" : { },
    "interface-nodeK ( nodeK )" : { }
  },
  "containerReports" : {
    "nodeA_c03" : {
      "containerName" : {
        "name" : "nodeA_c03"
      },
      "timestamp" : 43499,
      "service" : {
        "group" : "com.bbn",
        "artifact" : "test-service1",
        "version" : "1"
      },
      "serviceStatus" : "RUNNING",
      "demandEstimationWindow" : "SHORT",
      "computeCapacity" : {
        "CPU" : 1.0,
        "TASK_CONTAINERS" : 100.0,
        "QueueLength" : 1000000.0
      },
      "computeLoad" : {
        "UNKNOWN" : {
          "QueueLength" : 200.0,
          "TASK_CONTAINERS" : 100.0
        }
      },
      "computeDemand" : {
        "UNKNOWN" : {
          "QueueLength" : 175.0,
          "TASK_CONTAINERS" : 87.5
        }
      },
      "averageProcessingTime" : "NaN",
      "networkCapacity" : {
        "interface-nodeA ( nodeA )" : {
          "DATARATE_TX" : 100.0,
          "DATARATE_RX" : 100.0
        }
      },
      "networkLoad" : {
        "interface-nodeA ( nodeA )" : {
          "(clientPoolA, nodeA_c03, nodeA_c03)" : {
            "AppCoordinates {com.bbn, test-service1, 1}" : {
              "DATARATE_TX" : 2.439999999999995E-4,
              "DATARATE_RX" : 1.2199999999999975E-4
            }
          },
          "(clientPoolC, nodeA_c03, nodeA_c03)" : {
            "AppCoordinates {com.bbn, test-service1, 1}" : {
              "DATARATE_TX" : 2.519999999999995E-4,
              "DATARATE_RX" : 1.2599999999999976E-4
            }
          },
          "(clientPoolE, nodeA_c03, nodeA_c03)" : {
            "AppCoordinates {com.bbn, test-service1, 1}" : {
              "DATARATE_TX" : 2.519999999999995E-4,
              "DATARATE_RX" : 1.2599999999999976E-4
            }
          }
        }
      },
      "networkDemand" : {
        "interface-nodeA ( nodeA )" : {
          "(clientPoolA, nodeA_c03, nodeA_c03)" : {
            "AppCoordinates {com.bbn, test-service1, 1}" : {
              "DATARATE_TX" : 2.305714285714281E-4,
              "DATARATE_RX" : 1.1528571428571405E-4
            }
          },
          "(clientPoolC, nodeA_c03, nodeA_c03)" : {
            "AppCoordinates {com.bbn, test-service1, 1}" : {
              "DATARATE_TX" : 2.3742857142857094E-4,
              "DATARATE_RX" : 1.1871428571428547E-4
            }
          },
          "(clientPoolE, nodeA_c03, nodeA_c03)" : {
            "AppCoordinates {com.bbn, test-service1, 1}" : {
              "DATARATE_TX" : 2.3399999999999956E-4,
              "DATARATE_RX" : 1.1699999999999978E-4
            }
          }
        }
      }
    },
    "nodeA_c04" : {
      "containerName" : {
        "name" : "nodeA_c04"
      },
      "timestamp" : 43499,
      "service" : {
        "group" : "com.bbn",
        "artifact" : "test-service1",
        "version" : "1"
      },
      "serviceStatus" : "RUNNING",
      "demandEstimationWindow" : "SHORT",
      "computeCapacity" : {
        "CPU" : 1.0,
        "TASK_CONTAINERS" : 100.0,
        "QueueLength" : 1000000.0
      },
      "computeLoad" : {
        "UNKNOWN" : {
          "QueueLength" : 130.0,
          "TASK_CONTAINERS" : 65.0
        }
      },
      "computeDemand" : {
        "UNKNOWN" : {
          "QueueLength" : 62.75,
          "TASK_CONTAINERS" : 35.857142857142854
        }
      },
      "averageProcessingTime" : "NaN",
      "networkCapacity" : {
        "interface-nodeA ( nodeA )" : {
          "DATARATE_TX" : 100.0,
          "DATARATE_RX" : 100.0
        }
      },
      "networkLoad" : {
        "interface-nodeA ( nodeA )" : {
          "(clientPoolA, nodeA_c04, nodeA_c04)" : {
            "AppCoordinates {com.bbn, test-service1, 1}" : {
              "DATARATE_TX" : 8.999999999999994E-5,
              "DATARATE_RX" : 4.499999999999997E-5
            }
          },
          "(clientPoolC, nodeA_c04, nodeA_c04)" : {
            "AppCoordinates {com.bbn, test-service1, 1}" : {
              "DATARATE_TX" : 8.999999999999994E-5,
              "DATARATE_RX" : 4.499999999999997E-5
            }
          },
          "(clientPoolE, nodeA_c04, nodeA_c04)" : {
            "AppCoordinates {com.bbn, test-service1, 1}" : {
              "DATARATE_TX" : 7.999999999999997E-5,
              "DATARATE_RX" : 3.999999999999998E-5
            }
          }
        }
      },
      "networkDemand" : {
        "interface-nodeA ( nodeA )" : {
          "(clientPoolA, nodeA_c04, nodeA_c04)" : {
            "AppCoordinates {com.bbn, test-service1, 1}" : {
              "DATARATE_TX" : 5.4666666666666656E-5,
              "DATARATE_RX" : 2.7333333333333328E-5
            }
          },
          "(clientPoolC, nodeA_c04, nodeA_c04)" : {
            "AppCoordinates {com.bbn, test-service1, 1}" : {
              "DATARATE_TX" : 5.799999999999998E-5,
              "DATARATE_RX" : 2.899999999999999E-5
            }
          },
          "(clientPoolE, nodeA_c04, nodeA_c04)" : {
            "AppCoordinates {com.bbn, test-service1, 1}" : {
              "DATARATE_TX" : 5.4666666666666656E-5,
              "DATARATE_RX" : 2.7333333333333328E-5
            }
          }
        }
      }
    },
    "nodeA_c01" : {
      "containerName" : {
        "name" : "nodeA_c01"
      },
      "timestamp" : 43555,
      "service" : {
        "group" : "com.bbn",
        "artifact" : "test-service2",
        "version" : "1"
      },
      "serviceStatus" : "RUNNING",
      "demandEstimationWindow" : "SHORT",
      "computeCapacity" : {
        "CPU" : 1.0,
        "TASK_CONTAINERS" : 100.0,
        "QueueLength" : 1000000.0
      },
      "computeLoad" : {
        "UNKNOWN" : {
          "QueueLength" : 45.0,
          "TASK_CONTAINERS" : 22.5
        }
      },
      "computeDemand" : {
        "UNKNOWN" : {
          "QueueLength" : 6.857142857142857,
          "TASK_CONTAINERS" : 8.0
        }
      },
      "averageProcessingTime" : "NaN",
      "networkCapacity" : {
        "interface-nodeA ( nodeA )" : {
          "DATARATE_TX" : 100.0,
          "DATARATE_RX" : 100.0
        }
      },
      "networkLoad" : {
        "interface-nodeA ( nodeA )" : {
          "(clientPoolE, nodeA_c01, nodeA_c01)" : {
            "AppCoordinates {com.bbn, test-service2, 1}" : {
              "DATARATE_TX" : 3.0000000000000008E-5,
              "DATARATE_RX" : 1.5000000000000004E-5
            }
          },
          "(clientPoolA, nodeA_c01, nodeA_c01)" : {
            "AppCoordinates {com.bbn, test-service2, 1}" : {
              "DATARATE_TX" : 2.6000000000000005E-5,
              "DATARATE_RX" : 1.3000000000000003E-5
            }
          },
          "(clientPoolC, nodeA_c01, nodeA_c01)" : {
            "AppCoordinates {com.bbn, test-service2, 1}" : {
              "DATARATE_TX" : 3.4000000000000007E-5,
              "DATARATE_RX" : 1.7000000000000003E-5
            }
          }
        }
      },
      "networkDemand" : {
        "interface-nodeA ( nodeA )" : {
          "(clientPoolE, nodeA_c01, nodeA_c01)" : {
            "AppCoordinates {com.bbn, test-service2, 1}" : {
              "DATARATE_TX" : 1.6000000000000003E-5,
              "DATARATE_RX" : 8.000000000000001E-6
            }
          },
          "(clientPoolA, nodeA_c01, nodeA_c01)" : {
            "AppCoordinates {com.bbn, test-service2, 1}" : {
              "DATARATE_TX" : 2.6000000000000005E-5,
              "DATARATE_RX" : 1.3000000000000003E-5
            }
          },
          "(clientPoolC, nodeA_c01, nodeA_c01)" : {
            "AppCoordinates {com.bbn, test-service2, 1}" : {
              "DATARATE_TX" : 1.9000000000000004E-5,
              "DATARATE_RX" : 9.500000000000002E-6
            }
          }
        }
      }
    },
    "nodeA_c02" : {
      "containerName" : {
        "name" : "nodeA_c02"
      },
      "timestamp" : 43555,
      "service" : {
        "group" : "com.bbn",
        "artifact" : "test-service3",
        "version" : "1"
      },
      "serviceStatus" : "RUNNING",
      "demandEstimationWindow" : "SHORT",
      "computeCapacity" : {
        "CPU" : 1.0,
        "TASK_CONTAINERS" : 100.0,
        "QueueLength" : 1000000.0
      },
      "computeLoad" : {
        "UNKNOWN" : {
          "QueueLength" : 0.0
        }
      },
      "computeDemand" : {
        "UNKNOWN" : {
          "QueueLength" : 0.0
        }
      },
      "averageProcessingTime" : "NaN",
      "networkCapacity" : {
        "interface-nodeA ( nodeA )" : {
          "DATARATE_TX" : 100.0,
          "DATARATE_RX" : 100.0
        }
      },
      "networkLoad" : {
        "interface-nodeA ( nodeA )" : { }
      },
      "networkDemand" : {
        "interface-nodeA ( nodeA )" : { }
      }
    },
    "nodeA_c00" : {
      "containerName" : {
        "name" : "nodeA_c00"
      },
      "timestamp" : 43555,
      "service" : {
        "group" : "com.bbn",
        "artifact" : "test-service1",
        "version" : "1"
      },
      "serviceStatus" : "RUNNING",
      "demandEstimationWindow" : "SHORT",
      "computeCapacity" : {
        "CPU" : 1.0,
        "TASK_CONTAINERS" : 100.0,
        "QueueLength" : 1000000.0
      },
      "computeLoad" : {
        "UNKNOWN" : {
          "QueueLength" : 200.0,
          "TASK_CONTAINERS" : 100.0
        }
      },
      "computeDemand" : {
        "UNKNOWN" : {
          "QueueLength" : 171.42857142857142,
          "TASK_CONTAINERS" : 85.71428571428571
        }
      },
      "averageProcessingTime" : "NaN",
      "networkCapacity" : {
        "interface-nodeA ( nodeA )" : {
          "DATARATE_TX" : 100.0,
          "DATARATE_RX" : 100.0
        }
      },
      "networkLoad" : {
        "interface-nodeA ( nodeA )" : {
          "(clientPoolE, nodeA_c00, nodeA_c00)" : {
            "AppCoordinates {com.bbn, test-service1, 1}" : {
              "DATARATE_TX" : 4.679999999999989E-4,
              "DATARATE_RX" : 2.3399999999999945E-4
            }
          },
          "(clientPoolA, nodeA_c00, nodeA_c00)" : {
            "AppCoordinates {com.bbn, test-service1, 1}" : {
              "DATARATE_TX" : 4.659999999999989E-4,
              "DATARATE_RX" : 2.3299999999999946E-4
            }
          },
          "(clientPoolC, nodeA_c00, nodeA_c00)" : {
            "AppCoordinates {com.bbn, test-service1, 1}" : {
              "DATARATE_TX" : 4.5799999999999894E-4,
              "DATARATE_RX" : 2.2899999999999947E-4
            }
          }
        }
      },
      "networkDemand" : {
        "interface-nodeA ( nodeA )" : {
          "(clientPoolE, nodeA_c00, nodeA_c00)" : {
            "AppCoordinates {com.bbn, test-service1, 1}" : {
              "DATARATE_TX" : 4.5033333333333226E-4,
              "DATARATE_RX" : 2.2516666666666613E-4
            }
          },
          "(clientPoolA, nodeA_c00, nodeA_c00)" : {
            "AppCoordinates {com.bbn, test-service1, 1}" : {
              "DATARATE_TX" : 4.536666666666656E-4,
              "DATARATE_RX" : 2.268333333333328E-4
            }
          },
          "(clientPoolC, nodeA_c00, nodeA_c00)" : {
            "AppCoordinates {com.bbn, test-service1, 1}" : {
              "DATARATE_TX" : 4.463333333333323E-4,
              "DATARATE_RX" : 2.2316666666666614E-4
            }
          }
        }
      }
    },
    "nodeA_c05" : {
      "containerName" : {
        "name" : "nodeA_c05"
      },
      "timestamp" : 43556,
      "service" : {
        "group" : "com.bbn",
        "artifact" : "test-service1",
        "version" : "1"
      },
      "serviceStatus" : "RUNNING",
      "demandEstimationWindow" : "SHORT",
      "computeCapacity" : {
        "CPU" : 1.0,
        "TASK_CONTAINERS" : 100.0,
        "QueueLength" : 1000000.0
      },
      "computeLoad" : {
        "UNKNOWN" : {
          "QueueLength" : 0.0
        }
      },
      "computeDemand" : {
        "UNKNOWN" : {
          "QueueLength" : 0.0
        }
      },
      "averageProcessingTime" : "NaN",
      "networkCapacity" : {
        "interface-nodeA ( nodeA )" : {
          "DATARATE_TX" : 100.0,
          "DATARATE_RX" : 100.0
        }
      },
      "networkLoad" : {
        "interface-nodeA ( nodeA )" : { }
      },
      "networkDemand" : {
        "interface-nodeA ( nodeA )" : { }
      }
    }
  },
  "maximumServiceContainers" : 8,
  "allocatedServiceContainers" : 6,
  "computeDemand" : {
    "AppCoordinates {com.bbn, test-service3, 1}" : {
      "UNKNOWN" : {
        "QueueLength" : 0.0
      }
    },
    "AppCoordinates {com.bbn, test-service2, 1}" : {
      "UNKNOWN" : {
        "QueueLength" : 6.857142857142857,
        "TASK_CONTAINERS" : 8.0
      }
    },
    "AppCoordinates {com.bbn, test-service1, 1}" : {
      "UNKNOWN" : {
        "QueueLength" : 409.17857142857144,
        "TASK_CONTAINERS" : 209.07142857142856
      }
    }
  },
  "containerNetworkLoad" : {
    "interface-nodeA ( nodeA )" : {
      "(clientPoolE, nodeA_c01, nodeA_c01)" : {
        "AppCoordinates {com.bbn, test-service2, 1}" : {
          "DATARATE_TX" : 3.0000000000000008E-5,
          "DATARATE_RX" : 1.5000000000000004E-5
        }
      },
      "(clientPoolE, nodeA_c00, nodeA_c00)" : {
        "AppCoordinates {com.bbn, test-service1, 1}" : {
          "DATARATE_TX" : 4.679999999999989E-4,
          "DATARATE_RX" : 2.3399999999999945E-4
        }
      },
      "(clientPoolA, nodeA_c04, nodeA_c04)" : {
        "AppCoordinates {com.bbn, test-service1, 1}" : {
          "DATARATE_TX" : 8.999999999999994E-5,
          "DATARATE_RX" : 4.499999999999997E-5
        }
      },
      "(clientPoolA, nodeA_c03, nodeA_c03)" : {
        "AppCoordinates {com.bbn, test-service1, 1}" : {
          "DATARATE_TX" : 2.439999999999995E-4,
          "DATARATE_RX" : 1.2199999999999975E-4
        }
      },
      "(clientPoolC, nodeA_c04, nodeA_c04)" : {
        "AppCoordinates {com.bbn, test-service1, 1}" : {
          "DATARATE_TX" : 8.999999999999994E-5,
          "DATARATE_RX" : 4.499999999999997E-5
        }
      },
      "(clientPoolA, nodeA_c01, nodeA_c01)" : {
        "AppCoordinates {com.bbn, test-service2, 1}" : {
          "DATARATE_TX" : 2.6000000000000005E-5,
          "DATARATE_RX" : 1.3000000000000003E-5
        }
      },
      "(clientPoolC, nodeA_c03, nodeA_c03)" : {
        "AppCoordinates {com.bbn, test-service1, 1}" : {
          "DATARATE_TX" : 2.519999999999995E-4,
          "DATARATE_RX" : 1.2599999999999976E-4
        }
      },
      "(clientPoolA, nodeA_c00, nodeA_c00)" : {
        "AppCoordinates {com.bbn, test-service1, 1}" : {
          "DATARATE_TX" : 4.659999999999989E-4,
          "DATARATE_RX" : 2.3299999999999946E-4
        }
      },
      "(clientPoolE, nodeA_c04, nodeA_c04)" : {
        "AppCoordinates {com.bbn, test-service1, 1}" : {
          "DATARATE_TX" : 7.999999999999997E-5,
          "DATARATE_RX" : 3.999999999999998E-5
        }
      },
      "(clientPoolC, nodeA_c01, nodeA_c01)" : {
        "AppCoordinates {com.bbn, test-service2, 1}" : {
          "DATARATE_TX" : 3.4000000000000007E-5,
          "DATARATE_RX" : 1.7000000000000003E-5
        }
      },
      "(clientPoolE, nodeA_c03, nodeA_c03)" : {
        "AppCoordinates {com.bbn, test-service1, 1}" : {
          "DATARATE_TX" : 2.519999999999995E-4,
          "DATARATE_RX" : 1.2599999999999976E-4
        }
      },
      "(clientPoolC, nodeA_c00, nodeA_c00)" : {
        "AppCoordinates {com.bbn, test-service1, 1}" : {
          "DATARATE_TX" : 4.5799999999999894E-4,
          "DATARATE_RX" : 2.2899999999999947E-4
        }
      }
    }
  },
  "containerNetworkDemand" : {
    "interface-nodeA ( nodeA )" : {
      "(clientPoolE, nodeA_c01, nodeA_c01)" : {
        "AppCoordinates {com.bbn, test-service2, 1}" : {
          "DATARATE_TX" : 1.6000000000000003E-5,
          "DATARATE_RX" : 8.000000000000001E-6
        }
      },
      "(clientPoolE, nodeA_c00, nodeA_c00)" : {
        "AppCoordinates {com.bbn, test-service1, 1}" : {
          "DATARATE_TX" : 4.5033333333333226E-4,
          "DATARATE_RX" : 2.2516666666666613E-4
        }
      },
      "(clientPoolA, nodeA_c04, nodeA_c04)" : {
        "AppCoordinates {com.bbn, test-service1, 1}" : {
          "DATARATE_TX" : 5.4666666666666656E-5,
          "DATARATE_RX" : 2.7333333333333328E-5
        }
      },
      "(clientPoolA, nodeA_c03, nodeA_c03)" : {
        "AppCoordinates {com.bbn, test-service1, 1}" : {
          "DATARATE_TX" : 2.305714285714281E-4,
          "DATARATE_RX" : 1.1528571428571405E-4
        }
      },
      "(clientPoolC, nodeA_c04, nodeA_c04)" : {
        "AppCoordinates {com.bbn, test-service1, 1}" : {
          "DATARATE_TX" : 5.799999999999998E-5,
          "DATARATE_RX" : 2.899999999999999E-5
        }
      },
      "(clientPoolA, nodeA_c01, nodeA_c01)" : {
        "AppCoordinates {com.bbn, test-service2, 1}" : {
          "DATARATE_TX" : 2.6000000000000005E-5,
          "DATARATE_RX" : 1.3000000000000003E-5
        }
      },
      "(clientPoolC, nodeA_c03, nodeA_c03)" : {
        "AppCoordinates {com.bbn, test-service1, 1}" : {
          "DATARATE_TX" : 2.3742857142857094E-4,
          "DATARATE_RX" : 1.1871428571428547E-4
        }
      },
      "(clientPoolA, nodeA_c00, nodeA_c00)" : {
        "AppCoordinates {com.bbn, test-service1, 1}" : {
          "DATARATE_TX" : 4.536666666666656E-4,
          "DATARATE_RX" : 2.268333333333328E-4
        }
      },
      "(clientPoolE, nodeA_c04, nodeA_c04)" : {
        "AppCoordinates {com.bbn, test-service1, 1}" : {
          "DATARATE_TX" : 5.4666666666666656E-5,
          "DATARATE_RX" : 2.7333333333333328E-5
        }
      },
      "(clientPoolC, nodeA_c01, nodeA_c01)" : {
        "AppCoordinates {com.bbn, test-service2, 1}" : {
          "DATARATE_TX" : 1.9000000000000004E-5,
          "DATARATE_RX" : 9.500000000000002E-6
        }
      },
      "(clientPoolE, nodeA_c03, nodeA_c03)" : {
        "AppCoordinates {com.bbn, test-service1, 1}" : {
          "DATARATE_TX" : 2.3399999999999956E-4,
          "DATARATE_RX" : 1.1699999999999978E-4
        }
      },
      "(clientPoolC, nodeA_c00, nodeA_c00)" : {
        "AppCoordinates {com.bbn, test-service1, 1}" : {
          "DATARATE_TX" : 4.463333333333323E-4,
          "DATARATE_RX" : 2.2316666666666614E-4
        }
      }
    }
  },
  "computeLoad" : {
    "AppCoordinates {com.bbn, test-service3, 1}" : {
      "UNKNOWN" : {
        "QueueLength" : 0.0
      }
    },
    "AppCoordinates {com.bbn, test-service2, 1}" : {
      "UNKNOWN" : {
        "QueueLength" : 45.0,
        "TASK_CONTAINERS" : 22.5
      }
    },
    "AppCoordinates {com.bbn, test-service1, 1}" : {
      "UNKNOWN" : {
        "QueueLength" : 530.0,
        "TASK_CONTAINERS" : 265.0
      }
    }
  },
  "availableServiceContainers" : 2,
  "averageProcessingTime" : { },
  "allocatedComputeCapacity" : {
    "CPU" : 6.0,
    "QueueLength" : 6000000.0,
    "TASK_CONTAINERS" : 600.0
  }
}