{
  "region" : {
    "name" : "B"
  },
  "timestamp" : 225970,
  "plan" : {
    "AppCoordinates {com.bbn, test-service3, 1}" : {
      "C" : 0.03474945672812232,
      "D" : 0.0,
      "E" : 0.895751629815633,
      "B" : 0.0694989134562446
    },
    "AppCoordinates {com.bbn, test-service2, 1}" : {
      "C" : 0.0,
      "D" : 0.0,
      "E" : 1.0,
      "B" : 0.0
    },
    "AppCoordinates {com.bbn, test-service1, 1}" : {
      "C" : 0.0,
      "D" : 0.0,
      "E" : 1.0,
      "B" : 0.0
    }
  }
}