{
  "nodeName" : {
    "name" : "nodeO"
  },
  "timestamp" : 376996,
  "demandEstimationWindow" : "LONG",
  "nodeComputeCapacity" : {
    "CPU" : 4.0,
    "MEMORY" : 8.0E9,
    "DISK" : 10.0,
    "TASK_CONTAINERS" : 20.0
  },
  "networkCapacity" : {
    "interface-nodeH ( nodeH )" : {
      "DATARATE_RX" : 100.0,
      "DATARATE_TX" : 100.0
    }
  },
  "networkLoad" : {
    "interface-nodeH ( nodeH )" : {
      "(nodeO_c00, clientPoolH, nodeO_c00)" : {
        "AppCoordinates {com.bbn, test-service3, 1}" : {
          "DATARATE_TX" : 4.099999999999998E-5,
          "DATARATE_RX" : 8.199999999999996E-5
        }
      },
      "(nodeO_c01, clientPoolH, nodeO_c01)" : {
        "AppCoordinates {com.bbn, test-service2, 1}" : {
          "DATARATE_TX" : -3.8116482626443515E-21,
          "DATARATE_RX" : -7.623296525288703E-21
        }
      }
    }
  },
  "networkDemand" : {
    "interface-nodeH ( nodeH )" : {
      "(nodeO_c00, clientPoolH, nodeO_c00)" : {
        "AppCoordinates {com.bbn, test-service3, 1}" : {
          "DATARATE_TX" : 3.868144044321312E-5,
          "DATARATE_RX" : 7.736288088642624E-5
        }
      },
      "(nodeO_c01, clientPoolH, nodeO_c01)" : {
        "AppCoordinates {com.bbn, test-service2, 1}" : {
          "DATARATE_TX" : 3.119113573407203E-6,
          "DATARATE_RX" : 6.238227146814406E-6
        }
      }
    }
  },
  "containerReports" : {
    "nodeO_c01" : {
      "containerName" : {
        "name" : "nodeO_c01"
      },
      "timestamp" : 376996,
      "service" : {
        "group" : "com.bbn",
        "artifact" : "test-service2",
        "version" : "1"
      },
      "serviceStatus" : "RUNNING",
      "demandEstimationWindow" : "LONG",
      "computeCapacity" : {
        "CPU" : 1.0,
        "TASK_CONTAINERS" : 100.0,
        "QueueLength" : 1000000.0
      },
      "computeLoad" : {
        "UNKNOWN" : {
          "QueueLength" : 0.0
        }
      },
      "computeDemand" : {
        "UNKNOWN" : {
          "QueueLength" : 0.0
        }
      },
      "averageProcessingTime" : "NaN",
      "networkCapacity" : {
        "interface-nodeO ( nodeO )" : {
          "DATARATE_TX" : 100.0,
          "DATARATE_RX" : 100.0
        }
      },
      "networkLoad" : {
        "interface-nodeO ( nodeO )" : { }
      },
      "networkDemand" : {
        "interface-nodeO ( nodeO )" : { }
      }
    },
    "nodeO_c00" : {
      "containerName" : {
        "name" : "nodeO_c00"
      },
      "timestamp" : 376997,
      "service" : {
        "group" : "com.bbn",
        "artifact" : "test-service3",
        "version" : "1"
      },
      "serviceStatus" : "RUNNING",
      "demandEstimationWindow" : "LONG",
      "computeCapacity" : {
        "CPU" : 1.0,
        "TASK_CONTAINERS" : 100.0,
        "QueueLength" : 1000000.0
      },
      "computeLoad" : {
        "UNKNOWN" : {
          "QueueLength" : 41.0,
          "TASK_CONTAINERS" : 20.5
        }
      },
      "computeDemand" : {
        "UNKNOWN" : {
          "QueueLength" : 38.56232686980609,
          "TASK_CONTAINERS" : 19.281163434903046
        }
      },
      "averageProcessingTime" : 120000.0,
      "networkCapacity" : {
        "interface-nodeO ( nodeO )" : {
          "DATARATE_TX" : 100.0,
          "DATARATE_RX" : 100.0
        }
      },
      "networkLoad" : {
        "interface-nodeO ( nodeO )" : {
          "(clientPoolH, nodeO_c00, nodeO_c00)" : {
            "AppCoordinates {com.bbn, test-service3, 1}" : {
              "DATARATE_TX" : 8.199999999999996E-5,
              "DATARATE_RX" : 4.099999999999998E-5
            }
          }
        }
      },
      "networkDemand" : {
        "interface-nodeO ( nodeO )" : {
          "(clientPoolH, nodeO_c00, nodeO_c00)" : {
            "AppCoordinates {com.bbn, test-service3, 1}" : {
              "DATARATE_TX" : 7.733888888888854E-5,
              "DATARATE_RX" : 3.866944444444427E-5
            }
          }
        }
      }
    }
  },
  "maximumServiceContainers" : 20,
  "allocatedServiceContainers" : 2,
  "computeDemand" : {
    "AppCoordinates {com.bbn, test-service3, 1}" : {
      "UNKNOWN" : {
        "QueueLength" : 38.56232686980609,
        "TASK_CONTAINERS" : 19.281163434903046
      }
    },
    "AppCoordinates {com.bbn, test-service2, 1}" : {
      "UNKNOWN" : {
        "QueueLength" : 0.0
      }
    }
  },
  "containerNetworkLoad" : {
    "interface-nodeO ( nodeO )" : {
      "(clientPoolH, nodeO_c00, nodeO_c00)" : {
        "AppCoordinates {com.bbn, test-service3, 1}" : {
          "DATARATE_TX" : 8.199999999999996E-5,
          "DATARATE_RX" : 4.099999999999998E-5
        }
      }
    }
  },
  "containerNetworkDemand" : {
    "interface-nodeO ( nodeO )" : {
      "(clientPoolH, nodeO_c00, nodeO_c00)" : {
        "AppCoordinates {com.bbn, test-service3, 1}" : {
          "DATARATE_TX" : 7.733888888888854E-5,
          "DATARATE_RX" : 3.866944444444427E-5
        }
      }
    }
  },
  "computeLoad" : {
    "AppCoordinates {com.bbn, test-service3, 1}" : {
      "UNKNOWN" : {
        "QueueLength" : 41.0,
        "TASK_CONTAINERS" : 20.5
      }
    },
    "AppCoordinates {com.bbn, test-service2, 1}" : {
      "UNKNOWN" : {
        "QueueLength" : 0.0
      }
    }
  },
  "allocatedComputeCapacity" : {
    "CPU" : 2.0,
    "QueueLength" : 2000000.0,
    "TASK_CONTAINERS" : 200.0
  },
  "averageProcessingTime" : {
    "AppCoordinates {com.bbn, test-service3, 1}" : 120000.0
  },
  "availableServiceContainers" : 18
}