505,1,DNS_UPDATE_SUCCEEDED
535,2,DCOP_PLAN_PLUBLIED
560,2,RLG_PLAN_PUBLISHED
105660,212,DCOP_PLAN_PLUBLIED
108541,217,RLG_PLAN_PUBLISHED
108547,218,DNS_UPDATE_SUCCEEDED
109046,219,DNS_UPDATE_SUCCEEDED
111541,223,RLG_PLAN_PUBLISHED
111547,224,DNS_UPDATE_SUCCEEDED
129542,259,RLG_PLAN_PUBLISHED
129555,260,DNS_UPDATE_SUCCEEDED
130056,261,DNS_UPDATE_SUCCEEDED
132542,265,RLG_PLAN_PUBLISHED
132555,266,DNS_UPDATE_SUCCEEDED
165608,332,DCOP_PLAN_PLUBLIED
168544,337,RLG_PLAN_PUBLISHED
168594,338,DNS_UPDATE_SUCCEEDED
189545,379,RLG_PLAN_PUBLISHED
189598,380,DNS_UPDATE_SUCCEEDED
192545,385,RLG_PLAN_PUBLISHED
192600,386,DNS_UPDATE_SUCCEEDED
193101,387,DNS_UPDATE_SUCCEEDED
195546,391,RLG_PLAN_PUBLISHED
195601,392,DNS_UPDATE_SUCCEEDED
225613,451,DCOP_PLAN_PLUBLIED
228548,457,RLG_PLAN_PUBLISHED
228613,458,DNS_UPDATE_SUCCEEDED
285617,571,DCOP_PLAN_PLUBLIED
288551,577,RLG_PLAN_PUBLISHED
288637,578,DNS_UPDATE_SUCCEEDED
345601,691,DCOP_PLAN_PLUBLIED
348556,697,RLG_PLAN_PUBLISHED
348669,698,DNS_UPDATE_SUCCEEDED
405618,811,DCOP_PLAN_PLUBLIED
408562,817,RLG_PLAN_PUBLISHED
408694,818,DNS_UPDATE_SUCCEEDED
465647,931,DCOP_PLAN_PLUBLIED
468580,937,RLG_PLAN_PUBLISHED
468725,938,DNS_UPDATE_SUCCEEDED
525625,1051,DCOP_PLAN_PLUBLIED
528588,1057,RLG_PLAN_PUBLISHED
528785,1058,DNS_UPDATE_SUCCEEDED
585601,1171,DCOP_PLAN_PLUBLIED
588595,1177,RLG_PLAN_PUBLISHED
588804,1178,DNS_UPDATE_SUCCEEDED
630002,1260,DCOP_PLAN_PLUBLIED
