672,1,DNS_UPDATE_SUCCEEDED
744,2,DCOP_PLAN_PLUBLIED
766,2,RLG_PLAN_PUBLISHED
1223,3,DNS_UPDATE_SUCCEEDED
33673,67,RLG_PLAN_PUBLISHED
33684,68,DNS_UPDATE_SUCCEEDED
34175,69,DNS_UPDATE_SUCCEEDED
36662,73,RLG_PLAN_PUBLISHED
36672,74,DNS_UPDATE_SUCCEEDED
93671,187,RLG_PLAN_PUBLISHED
93682,188,DNS_UPDATE_SUCCEEDED
94183,189,DNS_UPDATE_SUCCEEDED
96672,193,RLG_PLAN_PUBLISHED
96685,194,DNS_UPDATE_SUCCEEDED
153674,307,RLG_PLAN_PUBLISHED
153717,308,DNS_UPDATE_SUCCEEDED
154200,309,DNS_UPDATE_SUCCEEDED
156670,313,RLG_PLAN_PUBLISHED
156702,314,DNS_UPDATE_SUCCEEDED
157201,315,DNS_UPDATE_SUCCEEDED
159671,319,RLG_PLAN_PUBLISHED
159707,320,DNS_UPDATE_SUCCEEDED
160200,321,DNS_UPDATE_SUCCEEDED
162669,325,RLG_PLAN_PUBLISHED
162704,326,DNS_UPDATE_SUCCEEDED
163205,327,DNS_UPDATE_SUCCEEDED
165670,331,RLG_PLAN_PUBLISHED
165705,332,DNS_UPDATE_SUCCEEDED
213672,427,RLG_PLAN_PUBLISHED
213727,428,DNS_UPDATE_SUCCEEDED
214228,429,DNS_UPDATE_SUCCEEDED
216670,433,RLG_PLAN_PUBLISHED
216727,434,DNS_UPDATE_SUCCEEDED
217229,435,DNS_UPDATE_SUCCEEDED
219672,439,RLG_PLAN_PUBLISHED
219735,440,DNS_UPDATE_SUCCEEDED
225874,452,DCOP_PLAN_PLUBLIED
228677,457,RLG_PLAN_PUBLISHED
228737,458,DNS_UPDATE_SUCCEEDED
654697,1309,RLG_PLAN_PUBLISHED
654864,1310,DNS_UPDATE_SUCCEEDED
655370,1311,DNS_UPDATE_SUCCEEDED
657697,1315,RLG_PLAN_PUBLISHED
657863,1316,DNS_UPDATE_SUCCEEDED
658364,1317,DNS_UPDATE_SUCCEEDED
660698,1321,RLG_PLAN_PUBLISHED
660865,1322,DNS_UPDATE_SUCCEEDED
717705,1435,RLG_PLAN_PUBLISHED
717881,1436,DNS_UPDATE_SUCCEEDED
720703,1441,RLG_PLAN_PUBLISHED
720884,1442,DNS_UPDATE_SUCCEEDED
721405,1443,DNS_UPDATE_SUCCEEDED
723704,1447,RLG_PLAN_PUBLISHED
723882,1448,DNS_UPDATE_SUCCEEDED
834714,1669,RLG_PLAN_PUBLISHED
834907,1670,DNS_UPDATE_SUCCEEDED
837709,1675,RLG_PLAN_PUBLISHED
837906,1676,DNS_UPDATE_SUCCEEDED
838406,1677,DNS_UPDATE_SUCCEEDED
840717,1681,RLG_PLAN_PUBLISHED
840908,1682,DNS_UPDATE_SUCCEEDED
843710,1687,RLG_PLAN_PUBLISHED
843910,1688,DNS_UPDATE_SUCCEEDED
846710,1693,RLG_PLAN_PUBLISHED
846918,1694,DNS_UPDATE_SUCCEEDED
847420,1695,DNS_UPDATE_SUCCEEDED
849709,1699,RLG_PLAN_PUBLISHED
849921,1700,DNS_UPDATE_SUCCEEDED
894714,1789,RLG_PLAN_PUBLISHED
894929,1790,DNS_UPDATE_SUCCEEDED
897713,1795,RLG_PLAN_PUBLISHED
897931,1796,DNS_UPDATE_SUCCEEDED
898429,1797,DNS_UPDATE_SUCCEEDED
900713,1801,RLG_PLAN_PUBLISHED
900933,1802,DNS_UPDATE_SUCCEEDED
