204,1,DNS_UPDATE_SUCCEEDED
40882,82,RLG_PLAN_PUBLISHED
40883,82,DCOP_PLAN_PLUBLIED
41384,83,DNS_UPDATE_SUCCEEDED
220914,438,DCOP_PLAN_PLUBLIED
221181,438,RLG_PLAN_PUBLISHED
341100,675,DCOP_PLAN_PLUBLIED
341403,676,RLG_PLAN_PUBLISHED
341854,677,DNS_UPDATE_SUCCEEDED
460905,911,DCOP_PLAN_PLUBLIED
461661,913,RLG_PLAN_PUBLISHED
462008,914,DNS_UPDATE_SUCCEEDED
580958,1148,DCOP_PLAN_PLUBLIED
581903,1150,RLG_PLAN_PUBLISHED
582158,1151,DNS_UPDATE_SUCCEEDED
701061,1386,DCOP_PLAN_PLUBLIED
702097,1388,RLG_PLAN_PUBLISHED
702274,1389,DNS_UPDATE_SUCCEEDED
821065,1624,DCOP_PLAN_PLUBLIED
822260,1627,RLG_PLAN_PUBLISHED
822713,1628,DNS_UPDATE_SUCCEEDED
941125,1863,DCOP_PLAN_PLUBLIED
942404,1865,RLG_PLAN_PUBLISHED
942619,1866,DNS_UPDATE_SUCCEEDED
1061095,2101,DCOP_PLAN_PLUBLIED
1062568,2104,RLG_PLAN_PUBLISHED
1062996,2105,DNS_UPDATE_SUCCEEDED
1181173,2339,DCOP_PLAN_PLUBLIED
1182726,2342,RLG_PLAN_PUBLISHED
1182993,2343,DNS_UPDATE_SUCCEEDED
1301142,2577,DCOP_PLAN_PLUBLIED
1302875,2580,RLG_PLAN_PUBLISHED
1302955,2581,DNS_UPDATE_SUCCEEDED
1421061,2814,DCOP_PLAN_PLUBLIED
1423117,2818,RLG_PLAN_PUBLISHED
1423481,2819,DNS_UPDATE_SUCCEEDED
1541174,3051,DCOP_PLAN_PLUBLIED
1543324,3056,RLG_PLAN_PUBLISHED
1543725,3057,DNS_UPDATE_SUCCEEDED
1661136,3289,DCOP_PLAN_PLUBLIED
1663480,3294,RLG_PLAN_PUBLISHED
1663714,3295,DNS_UPDATE_SUCCEEDED
1781067,3527,DCOP_PLAN_PLUBLIED
1783613,3533,RLG_PLAN_PUBLISHED
1784083,3534,DNS_UPDATE_SUCCEEDED
