{
  "region" : {
    "name" : "A"
  },
  "minTimestamp" : 132999,
  "maxTimestamp" : 132999,
  "demandEstimationWindow" : "LONG",
  "serverCapacity" : {
    "DISK" : 10.0,
    "MEMORY" : 8.0E9,
    "CPU" : 4.0,
    "TASK_CONTAINERS" : 20.0
  },
  "serverLoad" : {
    "AppCoordinates {com.bbn, test-service3, 1}" : {
      "unknown" : {
        "QueueLength" : 200.0,
        "TASK_CONTAINERS" : 100.0
      }
    }
  },
  "serverDemand" : {
    "AppCoordinates {com.bbn, test-service3, 1}" : {
      "unknown" : {
        "QueueLength" : 156.32263814616755,
        "TASK_CONTAINERS" : 83.0581317204301
      }
    }
  },
  "serverAverageProcessingTimeCount" : { },
  "serverAverageProcessingTimeSum" : { },
  "networkCapacity" : {
    "D" : {
      "DATARATE_RX" : 100.0,
      "DATARATE_TX" : 100.0
    },
    "F" : {
      "DATARATE_RX" : 100.0,
      "DATARATE_TX" : 100.0
    }
  },
  "networkLoad" : {
    "D" : {
      "(A, D, D)" : {
        "AppCoordinates {com.bbn, test-service3, 1}" : {
          "DATARATE_TX" : 3.6599999999999936E-4,
          "DATARATE_RX" : 1.8299999999999968E-4
        },
        "AppCoordinates {com.bbn, test-service2, 1}" : {
          "DATARATE_TX" : 3.439999999999996E-4,
          "DATARATE_RX" : 1.719999999999998E-4
        },
        "AppCoordinates {com.bbn, test-service1, 1}" : {
          "DATARATE_TX" : 4.039999999999994E-4,
          "DATARATE_RX" : 2.019999999999997E-4
        }
      }
    },
    "F" : { }
  },
  "networkDemand" : {
    "D" : {
      "(A, D, D)" : {
        "AppCoordinates {com.bbn, test-service3, 1}" : {
          "DATARATE_TX" : 2.1302752883494748E-4,
          "DATARATE_RX" : 1.0651376441747374E-4
        },
        "AppCoordinates {com.bbn, test-service2, 1}" : {
          "DATARATE_TX" : 3.6562742419090515E-4,
          "DATARATE_RX" : 1.8281371209545258E-4
        },
        "AppCoordinates {com.bbn, test-service1, 1}" : {
          "DATARATE_TX" : 4.455081828121151E-4,
          "DATARATE_RX" : 2.2275409140605756E-4
        }
      }
    },
    "F" : { }
  },
  "maximumServiceContainers" : 20,
  "allocatedServiceContainers" : 2,
  "serverAverageProcessingTime" : { },
  "availableServiceContainers" : 18,
  "nullSummary" : false
}