{
  "nodeName" : {
    "name" : "nodeB"
  },
  "timestamp" : 213995,
  "demandEstimationWindow" : "LONG",
  "nodeComputeCapacity" : {
    "CPU" : 4.0,
    "MEMORY" : 8.0E9,
    "DISK" : 10.0,
    "TASK_CONTAINERS" : 20.0
  },
  "networkCapacity" : {
    "interface-nodeC ( nodeC )" : {
      "DATARATE_RX" : 100.0,
      "DATARATE_TX" : 100.0
    },
    "interface-nodeA ( nodeA )" : {
      "DATARATE_RX" : 100.0,
      "DATARATE_TX" : 100.0
    }
  },
  "networkLoad" : {
    "interface-nodeC ( nodeC )" : { },
    "interface-nodeA ( nodeA )" : {
      "(clientPoolB, nodeA_c07, nodeA_c07)" : {
        "AppCoordinates {com.bbn, test-service1, 1}" : {
          "DATARATE_TX" : 1.2999999999999983E-4,
          "DATARATE_RX" : 6.499999999999991E-5
        }
      },
      "(clientPoolB, nodeA_c06, nodeA_c06)" : {
        "AppCoordinates {com.bbn, test-service2, 1}" : {
          "DATARATE_TX" : -7.623296525288703E-21,
          "DATARATE_RX" : -3.8116482626443515E-21
        },
        "AppCoordinates {com.bbn, test-service1, 1}" : {
          "DATARATE_TX" : 1.2999999999999983E-4,
          "DATARATE_RX" : 6.499999999999991E-5
        }
      },
      "(clientPoolB, nodeA_c05, nodeA_c05)" : {
        "AppCoordinates {com.bbn, test-service2, 1}" : {
          "DATARATE_TX" : -7.623296525288703E-21,
          "DATARATE_RX" : -3.8116482626443515E-21
        }
      },
      "(clientPoolB, nodeA_c04, nodeA_c04)" : {
        "AppCoordinates {com.bbn, test-service3, 1}" : {
          "DATARATE_TX" : -7.623296525288703E-21,
          "DATARATE_RX" : -3.8116482626443515E-21
        }
      },
      "(clientPoolB, nodeA_c03, nodeA_c03)" : {
        "AppCoordinates {com.bbn, test-service1, 1}" : {
          "DATARATE_TX" : 1.6799999999999972E-4,
          "DATARATE_RX" : 8.399999999999986E-5
        }
      },
      "(clientPoolB, nodeA_c02, nodeA_c02)" : {
        "AppCoordinates {com.bbn, test-service3, 1}" : {
          "DATARATE_TX" : -7.623296525288703E-21,
          "DATARATE_RX" : -3.8116482626443515E-21
        }
      },
      "(clientPoolB, nodeA_c01, nodeA_c01)" : {
        "AppCoordinates {com.bbn, test-service3, 1}" : {
          "DATARATE_TX" : 4.8000000000000015E-5,
          "DATARATE_RX" : 2.4000000000000007E-5
        },
        "AppCoordinates {com.bbn, test-service2, 1}" : {
          "DATARATE_TX" : -7.623296525288703E-21,
          "DATARATE_RX" : -3.8116482626443515E-21
        }
      },
      "(clientPoolB, nodeA_c00, nodeA_c00)" : {
        "AppCoordinates {com.bbn, test-service3, 1}" : {
          "DATARATE_TX" : 1.1799999999999986E-4,
          "DATARATE_RX" : 5.899999999999993E-5
        },
        "AppCoordinates {com.bbn, test-service1, 1}" : {
          "DATARATE_TX" : -7.623296525288703E-21,
          "DATARATE_RX" : -3.8116482626443515E-21
        }
      }
    }
  },
  "networkDemand" : {
    "interface-nodeC ( nodeC )" : { },
    "interface-nodeA ( nodeA )" : {
      "(clientPoolB, nodeA_c07, nodeA_c07)" : {
        "AppCoordinates {com.bbn, test-service1, 1}" : {
          "DATARATE_TX" : 1.0304032258064484E-4,
          "DATARATE_RX" : 5.152016129032242E-5
        }
      },
      "(clientPoolB, nodeA_c06, nodeA_c06)" : {
        "AppCoordinates {com.bbn, test-service2, 1}" : {
          "DATARATE_TX" : 6.928571428571422E-5,
          "DATARATE_RX" : 3.464285714285711E-5
        },
        "AppCoordinates {com.bbn, test-service1, 1}" : {
          "DATARATE_TX" : 1.2743478260869554E-4,
          "DATARATE_RX" : 6.371739130434777E-5
        }
      },
      "(clientPoolB, nodeA_c05, nodeA_c05)" : {
        "AppCoordinates {com.bbn, test-service2, 1}" : {
          "DATARATE_TX" : 9.192982456140309E-5,
          "DATARATE_RX" : 4.5964912280701546E-5
        }
      },
      "(clientPoolB, nodeA_c04, nodeA_c04)" : {
        "AppCoordinates {com.bbn, test-service3, 1}" : {
          "DATARATE_TX" : 7.699056603773558E-5,
          "DATARATE_RX" : 3.849528301886779E-5
        }
      },
      "(clientPoolB, nodeA_c03, nodeA_c03)" : {
        "AppCoordinates {com.bbn, test-service1, 1}" : {
          "DATARATE_TX" : 1.2536490250696292E-4,
          "DATARATE_RX" : 6.268245125348146E-5
        }
      },
      "(clientPoolB, nodeA_c02, nodeA_c02)" : {
        "AppCoordinates {com.bbn, test-service3, 1}" : {
          "DATARATE_TX" : 9.689156626505991E-5,
          "DATARATE_RX" : 4.8445783132529956E-5
        }
      },
      "(clientPoolB, nodeA_c01, nodeA_c01)" : {
        "AppCoordinates {com.bbn, test-service3, 1}" : {
          "DATARATE_TX" : 4.7125E-5,
          "DATARATE_RX" : 2.35625E-5
        },
        "AppCoordinates {com.bbn, test-service2, 1}" : {
          "DATARATE_TX" : 9.082521489971299E-5,
          "DATARATE_RX" : 4.541260744985649E-5
        }
      },
      "(clientPoolB, nodeA_c00, nodeA_c00)" : {
        "AppCoordinates {com.bbn, test-service3, 1}" : {
          "DATARATE_TX" : 1.1003636363636364E-4,
          "DATARATE_RX" : 5.501818181818182E-5
        },
        "AppCoordinates {com.bbn, test-service1, 1}" : {
          "DATARATE_TX" : 8.710249307479187E-5,
          "DATARATE_RX" : 4.355124653739594E-5
        }
      }
    }
  },
  "containerReports" : {
    "nodeB_c01" : {
      "containerName" : {
        "name" : "nodeB_c01"
      },
      "timestamp" : 213995,
      "service" : {
        "group" : "com.bbn",
        "artifact" : "test-service3",
        "version" : "1"
      },
      "serviceStatus" : "RUNNING",
      "demandEstimationWindow" : "LONG",
      "computeCapacity" : {
        "CPU" : 1.0,
        "TASK_CONTAINERS" : 100.0,
        "QueueLength" : 1000000.0
      },
      "computeLoad" : {
        "UNKNOWN" : {
          "QueueLength" : 108.0,
          "TASK_CONTAINERS" : 54.0
        }
      },
      "computeDemand" : {
        "UNKNOWN" : {
          "QueueLength" : 56.1025641025641,
          "TASK_CONTAINERS" : 49.27927927927928
        }
      },
      "averageProcessingTime" : "NaN",
      "networkCapacity" : {
        "interface-nodeB ( nodeB )" : {
          "DATARATE_TX" : 100.0,
          "DATARATE_RX" : 100.0
        }
      },
      "networkLoad" : {
        "interface-nodeB ( nodeB )" : {
          "(clientPoolB, nodeB_c01, nodeB_c01)" : {
            "AppCoordinates {com.bbn, test-service3, 1}" : {
              "DATARATE_TX" : 2.1599999999999959E-4,
              "DATARATE_RX" : 1.0799999999999979E-4
            }
          }
        }
      },
      "networkDemand" : {
        "interface-nodeB ( nodeB )" : {
          "(clientPoolB, nodeB_c01, nodeB_c01)" : {
            "AppCoordinates {com.bbn, test-service3, 1}" : {
              "DATARATE_TX" : 1.9890909090909068E-4,
              "DATARATE_RX" : 9.945454545454534E-5
            }
          }
        }
      }
    }
  },
  "maximumServiceContainers" : 20,
  "allocatedServiceContainers" : 1,
  "computeDemand" : {
    "AppCoordinates {com.bbn, test-service3, 1}" : {
      "UNKNOWN" : {
        "QueueLength" : 56.1025641025641,
        "TASK_CONTAINERS" : 49.27927927927928
      }
    }
  },
  "containerNetworkLoad" : {
    "interface-nodeB ( nodeB )" : {
      "(clientPoolB, nodeB_c01, nodeB_c01)" : {
        "AppCoordinates {com.bbn, test-service3, 1}" : {
          "DATARATE_TX" : 2.1599999999999959E-4,
          "DATARATE_RX" : 1.0799999999999979E-4
        }
      }
    }
  },
  "containerNetworkDemand" : {
    "interface-nodeB ( nodeB )" : {
      "(clientPoolB, nodeB_c01, nodeB_c01)" : {
        "AppCoordinates {com.bbn, test-service3, 1}" : {
          "DATARATE_TX" : 1.9890909090909068E-4,
          "DATARATE_RX" : 9.945454545454534E-5
        }
      }
    }
  },
  "computeLoad" : {
    "AppCoordinates {com.bbn, test-service3, 1}" : {
      "UNKNOWN" : {
        "QueueLength" : 108.0,
        "TASK_CONTAINERS" : 54.0
      }
    }
  },
  "availableServiceContainers" : 19,
  "averageProcessingTime" : { },
  "allocatedComputeCapacity" : {
    "CPU" : 1.0,
    "QueueLength" : 1000000.0,
    "TASK_CONTAINERS" : 100.0
  }
}