{
  "region" : {
    "name" : "I"
  },
  "serviceReports" : [ {
    "nodeName" : {
      "name" : "nodeI"
    },
    "timestamp" : 33206,
    "serviceState" : {
      "nodeI_c04" : {
        "service" : {
          "group" : "com.bbn",
          "artifact" : "test-service1",
          "version" : "1"
        },
        "status" : "RUNNING"
      },
      "nodeI_c15" : {
        "service" : {
          "group" : "com.bbn",
          "artifact" : "test-service1",
          "version" : "1"
        },
        "status" : "RUNNING"
      },
      "nodeI_c03" : {
        "service" : {
          "group" : "com.bbn",
          "artifact" : "test-service1",
          "version" : "1"
        },
        "status" : "RUNNING"
      },
      "nodeI_c14" : {
        "service" : {
          "group" : "com.bbn",
          "artifact" : "test-service1",
          "version" : "1"
        },
        "status" : "RUNNING"
      },
      "nodeI_c02" : {
        "service" : {
          "group" : "com.bbn",
          "artifact" : "test-service1",
          "version" : "1"
        },
        "status" : "RUNNING"
      },
      "nodeI_c13" : {
        "service" : {
          "group" : "com.bbn",
          "artifact" : "test-service1",
          "version" : "1"
        },
        "status" : "RUNNING"
      },
      "nodeI_c01" : {
        "service" : {
          "group" : "com.bbn",
          "artifact" : "test-service1",
          "version" : "1"
        },
        "status" : "RUNNING"
      },
      "nodeI_c12" : {
        "service" : {
          "group" : "com.bbn",
          "artifact" : "test-service1",
          "version" : "1"
        },
        "status" : "RUNNING"
      },
      "nodeI_c00" : {
        "service" : {
          "group" : "com.bbn",
          "artifact" : "test-service1",
          "version" : "1"
        },
        "status" : "RUNNING"
      },
      "nodeI_c11" : {
        "service" : {
          "group" : "com.bbn",
          "artifact" : "test-service1",
          "version" : "1"
        },
        "status" : "RUNNING"
      },
      "nodeI_c10" : {
        "service" : {
          "group" : "com.bbn",
          "artifact" : "test-service1",
          "version" : "1"
        },
        "status" : "RUNNING"
      },
      "nodeI_c09" : {
        "service" : {
          "group" : "com.bbn",
          "artifact" : "test-service1",
          "version" : "1"
        },
        "status" : "RUNNING"
      },
      "nodeI_c08" : {
        "service" : {
          "group" : "com.bbn",
          "artifact" : "test-service1",
          "version" : "1"
        },
        "status" : "RUNNING"
      },
      "nodeI_c19" : {
        "service" : {
          "group" : "com.bbn",
          "artifact" : "test-service1",
          "version" : "1"
        },
        "status" : "RUNNING"
      },
      "nodeI_c07" : {
        "service" : {
          "group" : "com.bbn",
          "artifact" : "test-service1",
          "version" : "1"
        },
        "status" : "RUNNING"
      },
      "nodeI_c18" : {
        "service" : {
          "group" : "com.bbn",
          "artifact" : "test-service1",
          "version" : "1"
        },
        "status" : "RUNNING"
      },
      "nodeI_c06" : {
        "service" : {
          "group" : "com.bbn",
          "artifact" : "test-service1",
          "version" : "1"
        },
        "status" : "RUNNING"
      },
      "nodeI_c17" : {
        "service" : {
          "group" : "com.bbn",
          "artifact" : "test-service1",
          "version" : "1"
        },
        "status" : "RUNNING"
      },
      "nodeI_c05" : {
        "service" : {
          "group" : "com.bbn",
          "artifact" : "test-service1",
          "version" : "1"
        },
        "status" : "RUNNING"
      },
      "nodeI_c16" : {
        "service" : {
          "group" : "com.bbn",
          "artifact" : "test-service1",
          "version" : "1"
        },
        "status" : "RUNNING"
      }
    }
  } ]
}