{
  "region" : {
    "name" : "F"
  },
  "timestamp" : 339903,
  "servicePlan" : {
    "nodeF" : [ {
      "id" : {
        "name" : "nodeF_c04"
      },
      "service" : {
        "group" : "com.bbn",
        "artifact" : "test-service3",
        "version" : "1"
      },
      "weight" : 1.0,
      "stopTrafficTo" : false,
      "stop" : false
    }, {
      "id" : {
        "name" : "nodeF_c05"
      },
      "service" : {
        "group" : "com.bbn",
        "artifact" : "test-service1",
        "version" : "1"
      },
      "weight" : 1.0,
      "stopTrafficTo" : false,
      "stop" : false
    }, {
      "id" : {
        "name" : "nodeF_c06"
      },
      "service" : {
        "group" : "com.bbn",
        "artifact" : "test-service3",
        "version" : "1"
      },
      "weight" : 1.0,
      "stopTrafficTo" : false,
      "stop" : false
    }, {
      "id" : {
        "name" : "nodeF_c07"
      },
      "service" : {
        "group" : "com.bbn",
        "artifact" : "test-service3",
        "version" : "1"
      },
      "weight" : 1.0,
      "stopTrafficTo" : false,
      "stop" : false
    }, {
      "id" : {
        "name" : "nodeF_c00"
      },
      "service" : {
        "group" : "com.bbn",
        "artifact" : "test-service3",
        "version" : "1"
      },
      "weight" : 1.0,
      "stopTrafficTo" : false,
      "stop" : false
    }, {
      "id" : {
        "name" : "nodeF_c01"
      },
      "service" : {
        "group" : "com.bbn",
        "artifact" : "test-service2",
        "version" : "1"
      },
      "weight" : 1.0,
      "stopTrafficTo" : false,
      "stop" : false
    }, {
      "id" : {
        "name" : "nodeF_c02"
      },
      "service" : {
        "group" : "com.bbn",
        "artifact" : "test-service3",
        "version" : "1"
      },
      "weight" : 1.0,
      "stopTrafficTo" : false,
      "stop" : false
    }, {
      "id" : {
        "name" : "nodeF_c03"
      },
      "service" : {
        "group" : "com.bbn",
        "artifact" : "test-service3",
        "version" : "1"
      },
      "weight" : 1.0,
      "stopTrafficTo" : false,
      "stop" : false
    } ]
  },
  "overflowPlan" : {
    "AppCoordinates {com.bbn, test-service3, 1}" : {
      "F" : 1.0,
      "C" : 0.0,
      "E" : 0.0,
      "G" : 0.0,
      "M" : 0.0,
      "N" : 0.0
    },
    "AppCoordinates {com.bbn, test-service2, 1}" : {
      "F" : 1.0,
      "C" : 0.0,
      "E" : 0.0,
      "G" : 0.0,
      "M" : 0.0,
      "N" : 0.0
    },
    "AppCoordinates {com.bbn, test-service1, 1}" : {
      "F" : 1.0,
      "C" : 0.0,
      "E" : 0.0,
      "G" : 0.0,
      "M" : 0.0,
      "N" : 0.0
    }
  }
}