1649,1,DNS_UPDATE_SUCCEEDED
1650,1,DCOP_PLAN_PLUBLIED
1650,1,RLG_PLAN_PUBLISHED
106841,212,DCOP_PLAN_PLUBLIED
109654,217,RLG_PLAN_PUBLISHED
109807,218,DNS_UPDATE_SUCCEEDED
286680,571,DCOP_PLAN_PLUBLIED
286689,571,RLG_PLAN_PUBLISHED
286972,572,DNS_UPDATE_SUCCEEDED
287470,573,DNS_UPDATE_SUCCEEDED
289688,577,RLG_PLAN_PUBLISHED
289973,578,DNS_UPDATE_SUCCEEDED
316700,631,RLG_PLAN_PUBLISHED
317036,632,DNS_UPDATE_SUCCEEDED
317541,633,DNS_UPDATE_SUCCEEDED
319689,637,RLG_PLAN_PUBLISHED
320045,638,DNS_UPDATE_SUCCEEDED
325689,649,RLG_PLAN_PUBLISHED
326040,650,DNS_UPDATE_SUCCEEDED
326537,651,DNS_UPDATE_SUCCEEDED
328692,655,RLG_PLAN_PUBLISHED
329038,656,DNS_UPDATE_SUCCEEDED
379695,756,RLG_PLAN_PUBLISHED
379824,757,DNS_UPDATE_SUCCEEDED
380341,758,DNS_UPDATE_SUCCEEDED
382693,762,RLG_PLAN_PUBLISHED
382839,763,DNS_UPDATE_SUCCEEDED
421699,840,RLG_PLAN_PUBLISHED
421921,841,DNS_UPDATE_SUCCEEDED
422432,842,DNS_UPDATE_SUCCEEDED
424695,846,RLG_PLAN_PUBLISHED
424927,847,DNS_UPDATE_SUCCEEDED
466964,930,DCOP_PLAN_PLUBLIED
469715,936,RLG_PLAN_PUBLISHED
470011,937,DNS_UPDATE_SUCCEEDED
470508,938,DNS_UPDATE_SUCCEEDED
472695,942,RLG_PLAN_PUBLISHED
473009,943,DNS_UPDATE_SUCCEEDED
