{
  "clientName" : "clientPoolJ",
  "clientRegion" : {
    "name" : "J"
  },
  "numRequestsAttempted" : 4800,
  "numRequestsSucceeded" : 2282,
  "numRequestsFailedForServerLoad" : 2518,
  "numRequestsFailedForNetworkLoad" : 0,
  "numRequestsSlowForServerLoad" : 389,
  "numRequestsSlowForNetworkLoad" : 0,
  "numRequestsSlowForNetworkAndServerLoad" : 0,
  "numRequestsServicedByRegion" : {
    "A" : 1223,
    "C" : 28,
    "E" : 65,
    "G" : 67,
    "H" : 67,
    "I" : 294,
    "J" : 318,
    "O" : 220
  },
  "numRequestsFailedForDownNode" : 0
}