{
  "region" : {
    "name" : "A"
  },
  "minTimestamp" : 423499,
  "maxTimestamp" : 423499,
  "demandEstimationWindow" : "LONG",
  "serverCapacity" : {
    "DISK" : 10.0,
    "MEMORY" : 1.6E10,
    "CPU" : 8.0,
    "TASK_CONTAINERS" : 8.0
  },
  "serverLoad" : {
    "AppCoordinates {com.bbn, test-service3, 1}" : {
      "unknown" : {
        "QueueLength" : 791.0,
        "TASK_CONTAINERS" : 395.5
      }
    },
    "AppCoordinates {com.bbn, test-service2, 1}" : {
      "unknown" : {
        "QueueLength" : 0.0,
        "TASK_CONTAINERS" : 0.0
      }
    },
    "AppCoordinates {com.bbn, test-service1, 1}" : {
      "unknown" : {
        "QueueLength" : 200.0,
        "TASK_CONTAINERS" : 100.0
      }
    }
  },
  "serverDemand" : {
    "AppCoordinates {com.bbn, test-service3, 1}" : {
      "unknown" : {
        "QueueLength" : 920.5787353622298,
        "TASK_CONTAINERS" : 480.7792707270001
      }
    },
    "AppCoordinates {com.bbn, test-service2, 1}" : {
      "unknown" : {
        "QueueLength" : 179.66481994459835,
        "TASK_CONTAINERS" : 89.83240997229917
      }
    },
    "AppCoordinates {com.bbn, test-service1, 1}" : {
      "unknown" : {
        "QueueLength" : 138.9168975069252,
        "TASK_CONTAINERS" : 69.4584487534626
      }
    }
  },
  "serverAverageProcessingTimeCount" : {
    "AppCoordinates {com.bbn, test-service3, 1}" : 1,
    "AppCoordinates {com.bbn, test-service2, 1}" : 1,
    "AppCoordinates {com.bbn, test-service1, 1}" : 1
  },
  "serverAverageProcessingTimeSum" : {
    "AppCoordinates {com.bbn, test-service3, 1}" : 120000.0,
    "AppCoordinates {com.bbn, test-service2, 1}" : 120000.0,
    "AppCoordinates {com.bbn, test-service1, 1}" : 120000.0
  },
  "networkCapacity" : {
    "B" : {
      "DATARATE_RX" : 100.0,
      "DATARATE_TX" : 100.0
    },
    "E" : {
      "DATARATE_RX" : 100.0,
      "DATARATE_TX" : 100.0
    },
    "G" : {
      "DATARATE_RX" : 100.0,
      "DATARATE_TX" : 100.0
    }
  },
  "networkLoad" : {
    "B" : {
      "(A, C, A)" : {
        "AppCoordinates {com.bbn, test-service3, 1}" : {
          "DATARATE_TX" : 2.1399999999999994E-4,
          "DATARATE_RX" : 4.279999999999999E-4
        },
        "AppCoordinates {com.bbn, test-service2, 1}" : {
          "DATARATE_TX" : -1.1434944787933055E-20,
          "DATARATE_RX" : -2.286988957586611E-20
        },
        "AppCoordinates {com.bbn, test-service1, 1}" : {
          "DATARATE_TX" : 6.399999999999992E-5,
          "DATARATE_RX" : 1.2799999999999983E-4
        }
      }
    },
    "E" : {
      "(A, E, A)" : {
        "AppCoordinates {com.bbn, test-service3, 1}" : {
          "DATARATE_TX" : 2.889999999999997E-4,
          "DATARATE_RX" : 5.779999999999994E-4
        },
        "AppCoordinates {com.bbn, test-service2, 1}" : {
          "DATARATE_TX" : -1.1434944787933055E-20,
          "DATARATE_RX" : -2.286988957586611E-20
        },
        "AppCoordinates {com.bbn, test-service1, 1}" : {
          "DATARATE_TX" : 6.79999999999999E-5,
          "DATARATE_RX" : 1.359999999999998E-4
        }
      }
    },
    "G" : {
      "(A, G, A)" : {
        "AppCoordinates {com.bbn, test-service3, 1}" : {
          "DATARATE_TX" : 2.8899999999999976E-4,
          "DATARATE_RX" : 5.779999999999995E-4
        },
        "AppCoordinates {com.bbn, test-service2, 1}" : {
          "DATARATE_TX" : -1.1434944787933055E-20,
          "DATARATE_RX" : -2.286988957586611E-20
        },
        "AppCoordinates {com.bbn, test-service1, 1}" : {
          "DATARATE_TX" : 6.89999999999999E-5,
          "DATARATE_RX" : 1.379999999999998E-4
        }
      }
    }
  },
  "networkDemand" : {
    "B" : {
      "(A, C, A)" : {
        "AppCoordinates {com.bbn, test-service3, 1}" : {
          "DATARATE_TX" : 2.4608033240997214E-4,
          "DATARATE_RX" : 4.921606648199443E-4
        },
        "AppCoordinates {com.bbn, test-service2, 1}" : {
          "DATARATE_TX" : 6.0479224376731355E-5,
          "DATARATE_RX" : 1.2095844875346271E-4
        },
        "AppCoordinates {com.bbn, test-service1, 1}" : {
          "DATARATE_TX" : 4.6853185595567743E-5,
          "DATARATE_RX" : 9.370637119113549E-5
        }
      }
    },
    "E" : {
      "(A, E, A)" : {
        "AppCoordinates {com.bbn, test-service3, 1}" : {
          "DATARATE_TX" : 3.325955678670356E-4,
          "DATARATE_RX" : 6.651911357340712E-4
        },
        "AppCoordinates {com.bbn, test-service2, 1}" : {
          "DATARATE_TX" : 5.982548476454297E-5,
          "DATARATE_RX" : 1.1965096952908594E-4
        },
        "AppCoordinates {com.bbn, test-service1, 1}" : {
          "DATARATE_TX" : 4.6659279778393305E-5,
          "DATARATE_RX" : 9.331855955678661E-5
        }
      }
    },
    "G" : {
      "(A, G, A)" : {
        "AppCoordinates {com.bbn, test-service3, 1}" : {
          "DATARATE_TX" : 3.323351800554015E-4,
          "DATARATE_RX" : 6.64670360110803E-4
        },
        "AppCoordinates {com.bbn, test-service2, 1}" : {
          "DATARATE_TX" : 6.0257617728531876E-5,
          "DATARATE_RX" : 1.2051523545706375E-4
        },
        "AppCoordinates {com.bbn, test-service1, 1}" : {
          "DATARATE_TX" : 4.5695290858725616E-5,
          "DATARATE_RX" : 9.139058171745123E-5
        }
      }
    }
  },
  "maximumServiceContainers" : 8,
  "allocatedServiceContainers" : 8,
  "serverAverageProcessingTime" : {
    "AppCoordinates {com.bbn, test-service3, 1}" : 120000.0,
    "AppCoordinates {com.bbn, test-service2, 1}" : 120000.0,
    "AppCoordinates {com.bbn, test-service1, 1}" : 120000.0
  },
  "availableServiceContainers" : 0,
  "nullSummary" : false
}