1049,1,DNS_UPDATE_SUCCEEDED
1133,2,DCOP_PLAN_PLUBLIED
1153,2,RLG_PLAN_PUBLISHED
106213,212,DCOP_PLAN_PLUBLIED
109079,217,RLG_PLAN_PUBLISHED
109110,218,DNS_UPDATE_SUCCEEDED
109608,219,DNS_UPDATE_SUCCEEDED
112079,223,RLG_PLAN_PUBLISHED
112111,224,DNS_UPDATE_SUCCEEDED
124080,247,RLG_PLAN_PUBLISHED
124120,248,DNS_UPDATE_SUCCEEDED
124628,249,DNS_UPDATE_SUCCEEDED
127080,253,RLG_PLAN_PUBLISHED
127136,254,DNS_UPDATE_SUCCEEDED
133080,265,RLG_PLAN_PUBLISHED
133123,266,DNS_UPDATE_SUCCEEDED
133625,267,DNS_UPDATE_SUCCEEDED
136079,271,RLG_PLAN_PUBLISHED
136120,272,DNS_UPDATE_SUCCEEDED
166133,331,DCOP_PLAN_PLUBLIED
169082,337,RLG_PLAN_PUBLISHED
169156,338,DNS_UPDATE_SUCCEEDED
169673,339,DNS_UPDATE_SUCCEEDED
172083,343,RLG_PLAN_PUBLISHED
172163,344,DNS_UPDATE_SUCCEEDED
178083,355,RLG_PLAN_PUBLISHED
178160,356,DNS_UPDATE_SUCCEEDED
178660,357,DNS_UPDATE_SUCCEEDED
181082,361,RLG_PLAN_PUBLISHED
181158,362,DNS_UPDATE_SUCCEEDED
190083,379,RLG_PLAN_PUBLISHED
190162,380,DNS_UPDATE_SUCCEEDED
193083,385,RLG_PLAN_PUBLISHED
193183,386,DNS_UPDATE_SUCCEEDED
193679,387,DNS_UPDATE_SUCCEEDED
196083,391,RLG_PLAN_PUBLISHED
196186,392,DNS_UPDATE_SUCCEEDED
199085,397,RLG_PLAN_PUBLISHED
199185,398,DNS_UPDATE_SUCCEEDED
202082,403,RLG_PLAN_PUBLISHED
202188,404,DNS_UPDATE_SUCCEEDED
202685,405,DNS_UPDATE_SUCCEEDED
205085,409,RLG_PLAN_PUBLISHED
205185,410,DNS_UPDATE_SUCCEEDED
226158,451,DCOP_PLAN_PLUBLIED
229085,457,RLG_PLAN_PUBLISHED
229187,458,DNS_UPDATE_SUCCEEDED
232085,463,RLG_PLAN_PUBLISHED
232191,464,DNS_UPDATE_SUCCEEDED
232690,465,DNS_UPDATE_SUCCEEDED
235085,469,RLG_PLAN_PUBLISHED
235194,470,DNS_UPDATE_SUCCEEDED
286153,571,DCOP_PLAN_PLUBLIED
289101,577,RLG_PLAN_PUBLISHED
289211,578,DNS_UPDATE_SUCCEEDED
310112,619,RLG_PLAN_PUBLISHED
310223,620,DNS_UPDATE_SUCCEEDED
310724,621,DNS_UPDATE_SUCCEEDED
313111,625,RLG_PLAN_PUBLISHED
313225,626,DNS_UPDATE_SUCCEEDED
346166,691,DCOP_PLAN_PLUBLIED
349113,697,RLG_PLAN_PUBLISHED
349231,698,DNS_UPDATE_SUCCEEDED
379122,757,RLG_PLAN_PUBLISHED
379244,758,DNS_UPDATE_SUCCEEDED
382121,763,RLG_PLAN_PUBLISHED
382242,764,DNS_UPDATE_SUCCEEDED
382744,765,DNS_UPDATE_SUCCEEDED
385123,769,RLG_PLAN_PUBLISHED
385248,770,DNS_UPDATE_SUCCEEDED
406142,811,DCOP_PLAN_PLUBLIED
409120,817,RLG_PLAN_PUBLISHED
409287,818,DNS_UPDATE_SUCCEEDED
418121,835,RLG_PLAN_PUBLISHED
418274,836,DNS_UPDATE_SUCCEEDED
418776,837,DNS_UPDATE_SUCCEEDED
421124,841,RLG_PLAN_PUBLISHED
421274,842,DNS_UPDATE_SUCCEEDED
430121,859,RLG_PLAN_PUBLISHED
430278,860,DNS_UPDATE_SUCCEEDED
433121,865,RLG_PLAN_PUBLISHED
433276,866,DNS_UPDATE_SUCCEEDED
433775,867,DNS_UPDATE_SUCCEEDED
436122,871,RLG_PLAN_PUBLISHED
436281,872,DNS_UPDATE_SUCCEEDED
466174,931,DCOP_PLAN_PLUBLIED
469121,937,RLG_PLAN_PUBLISHED
469294,938,DNS_UPDATE_SUCCEEDED
520131,1039,RLG_PLAN_PUBLISHED
520322,1040,DNS_UPDATE_SUCCEEDED
520825,1041,DNS_UPDATE_SUCCEEDED
523130,1045,RLG_PLAN_PUBLISHED
523327,1046,DNS_UPDATE_SUCCEEDED
526166,1051,DCOP_PLAN_PLUBLIED
529131,1057,RLG_PLAN_PUBLISHED
529325,1058,DNS_UPDATE_SUCCEEDED
550132,1099,RLG_PLAN_PUBLISHED
550329,1100,DNS_UPDATE_SUCCEEDED
553133,1105,RLG_PLAN_PUBLISHED
553326,1106,DNS_UPDATE_SUCCEEDED
553826,1107,DNS_UPDATE_SUCCEEDED
556133,1111,RLG_PLAN_PUBLISHED
556339,1112,DNS_UPDATE_SUCCEEDED
583134,1165,RLG_PLAN_PUBLISHED
583351,1166,DNS_UPDATE_SUCCEEDED
583854,1167,DNS_UPDATE_SUCCEEDED
586135,1171,RLG_PLAN_PUBLISHED
586148,1171,DCOP_PLAN_PLUBLIED
586352,1172,DNS_UPDATE_SUCCEEDED
589134,1177,RLG_PLAN_PUBLISHED
589362,1178,DNS_UPDATE_SUCCEEDED
630004,1259,DCOP_PLAN_PLUBLIED
