586,1,DNS_UPDATE_SUCCEEDED
622,2,DCOP_PLAN_PLUBLIED
642,2,RLG_PLAN_PUBLISHED
105721,212,DCOP_PLAN_PLUBLIED
108604,217,RLG_PLAN_PUBLISHED
108628,218,DNS_UPDATE_SUCCEEDED
109126,219,DNS_UPDATE_SUCCEEDED
111601,223,RLG_PLAN_PUBLISHED
111623,224,DNS_UPDATE_SUCCEEDED
168610,337,RLG_PLAN_PUBLISHED
168637,338,DNS_UPDATE_SUCCEEDED
169139,339,DNS_UPDATE_SUCCEEDED
171610,343,RLG_PLAN_PUBLISHED
171642,344,DNS_UPDATE_SUCCEEDED
180611,361,RLG_PLAN_PUBLISHED
180644,362,DNS_UPDATE_SUCCEEDED
183610,367,RLG_PLAN_PUBLISHED
183641,368,DNS_UPDATE_SUCCEEDED
184144,369,DNS_UPDATE_SUCCEEDED
186610,373,RLG_PLAN_PUBLISHED
186646,374,DNS_UPDATE_SUCCEEDED
630004,1261,DNS_UPDATE_SUCCEEDED
630004,1292,DCOP_PLAN_PLUBLIED
