221,1,DNS_UPDATE_SUCCEEDED
43905,88,RLG_PLAN_PUBLISHED
43906,88,DCOP_PLAN_PLUBLIED
44409,89,DNS_UPDATE_SUCCEEDED
223970,445,DCOP_PLAN_PLUBLIED
224131,445,RLG_PLAN_PUBLISHED
344391,684,DCOP_PLAN_PLUBLIED
347285,690,RLG_PLAN_PUBLISHED
347698,691,DNS_UPDATE_SUCCEEDED
464368,922,DCOP_PLAN_PLUBLIED
464435,922,RLG_PLAN_PUBLISHED
464579,923,DNS_UPDATE_SUCCEEDED
584291,1160,DCOP_PLAN_PLUBLIED
584606,1161,RLG_PLAN_PUBLISHED
585101,1162,DNS_UPDATE_SUCCEEDED
704030,1397,DCOP_PLAN_PLUBLIED
704752,1399,RLG_PLAN_PUBLISHED
705064,1400,DNS_UPDATE_SUCCEEDED
824129,1636,DCOP_PLAN_PLUBLIED
824919,1637,RLG_PLAN_PUBLISHED
825039,1638,DNS_UPDATE_SUCCEEDED
943970,1873,DCOP_PLAN_PLUBLIED
945087,1876,RLG_PLAN_PUBLISHED
945564,1877,DNS_UPDATE_SUCCEEDED
1064277,2112,DCOP_PLAN_PLUBLIED
1065249,2114,RLG_PLAN_PUBLISHED
1065633,2115,DNS_UPDATE_SUCCEEDED
1184406,2350,DCOP_PLAN_PLUBLIED
1185422,2352,RLG_PLAN_PUBLISHED
1185650,2353,DNS_UPDATE_SUCCEEDED
1303968,2587,DCOP_PLAN_PLUBLIED
1305593,2590,RLG_PLAN_PUBLISHED
1305699,2591,DNS_UPDATE_SUCCEEDED
1424047,2825,DCOP_PLAN_PLUBLIED
1425746,2828,RLG_PLAN_PUBLISHED
1425860,2829,DNS_UPDATE_SUCCEEDED
1543995,3063,DCOP_PLAN_PLUBLIED
1545911,3067,RLG_PLAN_PUBLISHED
1546354,3068,DNS_UPDATE_SUCCEEDED
1664119,3301,DCOP_PLAN_PLUBLIED
1666082,3305,RLG_PLAN_PUBLISHED
1666356,3306,DNS_UPDATE_SUCCEEDED
1784345,3539,DCOP_PLAN_PLUBLIED
1786261,3543,RLG_PLAN_PUBLISHED
1786444,3544,DNS_UPDATE_SUCCEEDED
