{
  "AppCoordinates {com.bbn, test-service3, 1}" : {
    "serverDemand" : {
      "J" : {
        "QueueLength" : 13.210638120859116,
        "TASK_CONTAINERS" : 1.5908836990092472
      },
      "K" : {
        "QueueLength" : 14.866682069262131,
        "TASK_CONTAINERS" : 1.7903118642692863
      },
      "L" : {
        "QueueLength" : 13.216917399273507,
        "TASK_CONTAINERS" : 1.5916398775965042
      }
    }
  },
  "AppCoordinates {com.bbn, test-service2, 1}" : {
    "serverDemand" : {
      "J" : {
        "QueueLength" : 3.200391247222342,
        "TASK_CONTAINERS" : 0.3654705462127721
      },
      "K" : {
        "QueueLength" : 2.620280701572513,
        "TASK_CONTAINERS" : 0.2992244839019715
      },
      "L" : {
        "QueueLength" : 2.908609819160945,
        "TASK_CONTAINERS" : 0.332150395752764
      }
    }
  },
  "AppCoordinates {com.bbn, test-service1, 1}" : {
    "serverDemand" : {
      "J" : {
        "QueueLength" : 2.99185077136189,
        "TASK_CONTAINERS" : 0.29918507713618897
      },
      "K" : {
        "QueueLength" : 2.99185077136189,
        "TASK_CONTAINERS" : 0.29918507713618897
      },
      "L" : {
        "QueueLength" : 3.988674147883953,
        "TASK_CONTAINERS" : 0.39886741478839527
      }
    }
  }
}