{
  "region" : {
    "name" : "K"
  },
  "nodeResourceReports" : [ {
    "nodeName" : {
      "name" : "nodeK"
    },
    "timestamp" : 339987,
    "demandEstimationWindow" : "SHORT",
    "nodeComputeCapacity" : {
      "CPU" : 4.0,
      "MEMORY" : 8.0E9,
      "DISK" : 10.0,
      "TASK_CONTAINERS" : 20.0
    },
    "networkCapacity" : {
      "interface-nodeD ( nodeD )" : {
        "DATARATE_RX" : 100.0,
        "DATARATE_TX" : 100.0
      },
      "interface-nodeE ( nodeE )" : {
        "DATARATE_RX" : 100.0,
        "DATARATE_TX" : 100.0
      },
      "interface-nodeB ( nodeB )" : {
        "DATARATE_RX" : 100.0,
        "DATARATE_TX" : 100.0
      },
      "interface-nodeH ( nodeH )" : {
        "DATARATE_RX" : 100.0,
        "DATARATE_TX" : 100.0
      },
      "interface-nodeI ( nodeI )" : {
        "DATARATE_RX" : 100.0,
        "DATARATE_TX" : 100.0
      },
      "interface-nodeG ( nodeG )" : {
        "DATARATE_RX" : 100.0,
        "DATARATE_TX" : 100.0
      },
      "interface-nodeM ( nodeM )" : {
        "DATARATE_RX" : 100.0,
        "DATARATE_TX" : 100.0
      },
      "interface-nodeJ ( nodeJ )" : {
        "DATARATE_RX" : 100.0,
        "DATARATE_TX" : 100.0
      },
      "interface-nodeO ( nodeO )" : {
        "DATARATE_RX" : 100.0,
        "DATARATE_TX" : 100.0
      }
    },
    "networkLoad" : {
      "interface-nodeD ( nodeD )" : {
        "(clientPoolK, nodeD_c00, nodeD_c00)" : {
          "AppCoordinates {com.bbn, test-service2, 1}" : {
            "DATARATE_TX" : 7.0E-5,
            "DATARATE_RX" : 3.5E-5
          }
        },
        "(clientPoolK, nodeD_c01, nodeD_c01)" : {
          "AppCoordinates {com.bbn, test-service3, 1}" : {
            "DATARATE_TX" : 8.470329472543003E-22,
            "DATARATE_RX" : 4.2351647362715017E-22
          },
          "AppCoordinates {com.bbn, test-service2, 1}" : {
            "DATARATE_TX" : 2.541098841762901E-21,
            "DATARATE_RX" : 1.2705494208814505E-21
          }
        },
        "(clientPoolK, nodeD_c04, nodeD_c04)" : {
          "AppCoordinates {com.bbn, test-service3, 1}" : {
            "DATARATE_TX" : 2.6000000000000002E-5,
            "DATARATE_RX" : 1.3000000000000001E-5
          }
        },
        "(clientPoolK, nodeD_c03, nodeD_c03)" : {
          "AppCoordinates {com.bbn, test-service3, 1}" : {
            "DATARATE_TX" : 8.470329472543003E-22,
            "DATARATE_RX" : 4.2351647362715017E-22
          }
        }
      },
      "interface-nodeE ( nodeE )" : {
        "(clientPoolK, nodeE_c00, nodeE_c00)" : {
          "AppCoordinates {com.bbn, test-service3, 1}" : {
            "DATARATE_TX" : 1.8399999999999967E-4,
            "DATARATE_RX" : 9.199999999999984E-5
          },
          "AppCoordinates {com.bbn, test-service2, 1}" : {
            "DATARATE_TX" : -7.623296525288703E-21,
            "DATARATE_RX" : -3.8116482626443515E-21
          }
        }
      },
      "interface-nodeB ( nodeB )" : {
        "(clientPoolK, nodeN_c02, nodeN_c02)" : {
          "AppCoordinates {com.bbn, test-service3, 1}" : {
            "DATARATE_TX" : 2.7999999999999996E-5,
            "DATARATE_RX" : 1.3999999999999998E-5
          }
        },
        "(clientPoolK, nodeN_c00, nodeN_c00)" : {
          "AppCoordinates {com.bbn, test-service2, 1}" : {
            "DATARATE_TX" : -8.470329472543003E-22,
            "DATARATE_RX" : -4.2351647362715017E-22
          }
        },
        "(nodeK_c01, clientPoolC, nodeK_c01)" : {
          "AppCoordinates {com.bbn, test-service2, 1}" : {
            "DATARATE_TX" : 4.999999999999999E-6,
            "DATARATE_RX" : 9.999999999999997E-6
          }
        },
        "(nodeK_c08, clientPoolC, nodeK_c08)" : {
          "AppCoordinates {com.bbn, test-service2, 1}" : {
            "DATARATE_TX" : 1.0000000000000004E-6,
            "DATARATE_RX" : 2.0000000000000008E-6
          }
        }
      },
      "interface-nodeH ( nodeH )" : { },
      "interface-nodeI ( nodeI )" : {
        "(clientPoolK, nodeI_c00, nodeI_c00)" : {
          "AppCoordinates {com.bbn, test-service3, 1}" : {
            "DATARATE_TX" : 1.8199999999999968E-4,
            "DATARATE_RX" : 9.099999999999984E-5
          },
          "AppCoordinates {com.bbn, test-service2, 1}" : {
            "DATARATE_TX" : -7.623296525288703E-21,
            "DATARATE_RX" : -3.8116482626443515E-21
          }
        }
      },
      "interface-nodeG ( nodeG )" : { },
      "interface-nodeM ( nodeM )" : {
        "(clientPoolK, nodeA_c07, nodeA_c07)" : {
          "AppCoordinates {com.bbn, test-service2, 1}" : {
            "DATARATE_TX" : -7.623296525288703E-21,
            "DATARATE_RX" : -3.8116482626443515E-21
          },
          "AppCoordinates {com.bbn, test-service1, 1}" : {
            "DATARATE_TX" : 1.2799999999999983E-4,
            "DATARATE_RX" : 6.399999999999992E-5
          }
        },
        "(clientPoolK, nodeA_c06, nodeA_c06)" : {
          "AppCoordinates {com.bbn, test-service2, 1}" : {
            "DATARATE_TX" : 1.0799999999999989E-4,
            "DATARATE_RX" : 5.3999999999999944E-5
          }
        },
        "(clientPoolK, nodeA_c05, nodeA_c05)" : {
          "AppCoordinates {com.bbn, test-service3, 1}" : {
            "DATARATE_TX" : -7.623296525288703E-21,
            "DATARATE_RX" : -3.8116482626443515E-21
          },
          "AppCoordinates {com.bbn, test-service1, 1}" : {
            "DATARATE_TX" : 8.470329472543003E-22,
            "DATARATE_RX" : 4.2351647362715017E-22
          }
        },
        "(clientPoolK, nodeA_c04, nodeA_c04)" : {
          "AppCoordinates {com.bbn, test-service3, 1}" : {
            "DATARATE_TX" : -7.623296525288703E-21,
            "DATARATE_RX" : -3.8116482626443515E-21
          },
          "AppCoordinates {com.bbn, test-service2, 1}" : {
            "DATARATE_TX" : 8.470329472543003E-22,
            "DATARATE_RX" : 4.2351647362715017E-22
          },
          "AppCoordinates {com.bbn, test-service1, 1}" : {
            "DATARATE_TX" : -8.470329472543003E-22,
            "DATARATE_RX" : -4.2351647362715017E-22
          }
        },
        "(clientPoolK, nodeA_c03, nodeA_c03)" : {
          "AppCoordinates {com.bbn, test-service1, 1}" : {
            "DATARATE_TX" : 1.5999999999999974E-4,
            "DATARATE_RX" : 7.999999999999987E-5
          }
        },
        "(clientPoolK, nodeA_c02, nodeA_c02)" : {
          "AppCoordinates {com.bbn, test-service3, 1}" : {
            "DATARATE_TX" : -7.623296525288703E-21,
            "DATARATE_RX" : -3.8116482626443515E-21
          },
          "AppCoordinates {com.bbn, test-service1, 1}" : {
            "DATARATE_TX" : 1.379999999999998E-4,
            "DATARATE_RX" : 6.89999999999999E-5
          }
        },
        "(clientPoolK, nodeA_c01, nodeA_c01)" : {
          "AppCoordinates {com.bbn, test-service2, 1}" : {
            "DATARATE_TX" : -7.623296525288703E-21,
            "DATARATE_RX" : -3.8116482626443515E-21
          },
          "AppCoordinates {com.bbn, test-service1, 1}" : {
            "DATARATE_TX" : 1.0999999999999988E-4,
            "DATARATE_RX" : 5.499999999999994E-5
          }
        },
        "(clientPoolK, nodeA_c00, nodeA_c00)" : {
          "AppCoordinates {com.bbn, test-service1, 1}" : {
            "DATARATE_TX" : 1.2399999999999984E-4,
            "DATARATE_RX" : 6.199999999999992E-5
          }
        },
        "(clientPoolK, nodeM_c00, nodeM_c00)" : {
          "AppCoordinates {com.bbn, test-service3, 1}" : {
            "DATARATE_TX" : 1.8399999999999967E-4,
            "DATARATE_RX" : 9.199999999999984E-5
          }
        },
        "(clientPoolK, nodeM_c01, nodeM_c01)" : {
          "AppCoordinates {com.bbn, test-service2, 1}" : {
            "DATARATE_TX" : -7.623296525288703E-21,
            "DATARATE_RX" : -3.8116482626443515E-21
          }
        }
      },
      "interface-nodeJ ( nodeJ )" : { },
      "interface-nodeO ( nodeO )" : {
        "(clientPoolK, nodeO_c00, nodeO_c00)" : {
          "AppCoordinates {com.bbn, test-service2, 1}" : {
            "DATARATE_TX" : 2.6000000000000002E-5,
            "DATARATE_RX" : 1.3000000000000001E-5
          }
        },
        "(clientPoolK, nodeO_c02, nodeO_c02)" : {
          "AppCoordinates {com.bbn, test-service3, 1}" : {
            "DATARATE_TX" : 1.6E-5,
            "DATARATE_RX" : 8.0E-6
          }
        }
      }
    },
    "networkDemand" : {
      "interface-nodeE ( nodeE )" : {
        "(clientPoolK, nodeE_c00, nodeE_c00)" : {
          "AppCoordinates {com.bbn, test-service3, 1}" : {
            "DATARATE_TX" : 1.8399999999999967E-4,
            "DATARATE_RX" : 9.199999999999984E-5
          },
          "AppCoordinates {com.bbn, test-service2, 1}" : {
            "DATARATE_TX" : -7.623296525288703E-21,
            "DATARATE_RX" : -3.8116482626443515E-21
          }
        }
      },
      "interface-nodeD ( nodeD )" : {
        "(clientPoolK, nodeD_c00, nodeD_c00)" : {
          "AppCoordinates {com.bbn, test-service2, 1}" : {
            "DATARATE_TX" : 6.999999999999998E-5,
            "DATARATE_RX" : 3.499999999999999E-5
          }
        },
        "(clientPoolK, nodeD_c01, nodeD_c01)" : {
          "AppCoordinates {com.bbn, test-service3, 1}" : {
            "DATARATE_TX" : 8.470329472543003E-22,
            "DATARATE_RX" : 4.2351647362715017E-22
          },
          "AppCoordinates {com.bbn, test-service2, 1}" : {
            "DATARATE_TX" : 2.541098841762901E-21,
            "DATARATE_RX" : 1.2705494208814505E-21
          }
        },
        "(clientPoolK, nodeD_c04, nodeD_c04)" : {
          "AppCoordinates {com.bbn, test-service3, 1}" : {
            "DATARATE_TX" : 2.6000000000000005E-5,
            "DATARATE_RX" : 1.3000000000000003E-5
          }
        },
        "(clientPoolK, nodeD_c03, nodeD_c03)" : {
          "AppCoordinates {com.bbn, test-service3, 1}" : {
            "DATARATE_TX" : 8.470329472543003E-22,
            "DATARATE_RX" : 4.2351647362715017E-22
          }
        }
      },
      "interface-nodeB ( nodeB )" : {
        "(clientPoolK, nodeN_c02, nodeN_c02)" : {
          "AppCoordinates {com.bbn, test-service3, 1}" : {
            "DATARATE_TX" : 2.8E-5,
            "DATARATE_RX" : 1.4E-5
          }
        },
        "(clientPoolK, nodeN_c00, nodeN_c00)" : {
          "AppCoordinates {com.bbn, test-service2, 1}" : {
            "DATARATE_TX" : -8.470329472543003E-22,
            "DATARATE_RX" : -4.2351647362715017E-22
          }
        },
        "(nodeK_c01, clientPoolC, nodeK_c01)" : {
          "AppCoordinates {com.bbn, test-service2, 1}" : {
            "DATARATE_TX" : 4.999999999999999E-6,
            "DATARATE_RX" : 9.999999999999997E-6
          }
        },
        "(nodeK_c08, clientPoolC, nodeK_c08)" : {
          "AppCoordinates {com.bbn, test-service2, 1}" : {
            "DATARATE_TX" : 1.0000000000000004E-6,
            "DATARATE_RX" : 2.0000000000000008E-6
          }
        }
      },
      "interface-nodeO ( nodeO )" : {
        "(clientPoolK, nodeO_c00, nodeO_c00)" : {
          "AppCoordinates {com.bbn, test-service2, 1}" : {
            "DATARATE_TX" : 2.6000000000000005E-5,
            "DATARATE_RX" : 1.3000000000000003E-5
          }
        },
        "(clientPoolK, nodeO_c02, nodeO_c02)" : {
          "AppCoordinates {com.bbn, test-service3, 1}" : {
            "DATARATE_TX" : 1.6E-5,
            "DATARATE_RX" : 8.0E-6
          }
        }
      },
      "interface-nodeM ( nodeM )" : {
        "(clientPoolK, nodeA_c07, nodeA_c07)" : {
          "AppCoordinates {com.bbn, test-service2, 1}" : {
            "DATARATE_TX" : -7.623296525288703E-21,
            "DATARATE_RX" : -3.8116482626443515E-21
          },
          "AppCoordinates {com.bbn, test-service1, 1}" : {
            "DATARATE_TX" : 1.1742857142857129E-4,
            "DATARATE_RX" : 5.8714285714285646E-5
          }
        },
        "(clientPoolK, nodeA_c06, nodeA_c06)" : {
          "AppCoordinates {com.bbn, test-service2, 1}" : {
            "DATARATE_TX" : 1.079999999999999E-4,
            "DATARATE_RX" : 5.399999999999995E-5
          }
        },
        "(clientPoolK, nodeA_c05, nodeA_c05)" : {
          "AppCoordinates {com.bbn, test-service3, 1}" : {
            "DATARATE_TX" : -7.623296525288703E-21,
            "DATARATE_RX" : -3.8116482626443515E-21
          },
          "AppCoordinates {com.bbn, test-service1, 1}" : {
            "DATARATE_TX" : 8.470329472543003E-22,
            "DATARATE_RX" : 4.2351647362715017E-22
          }
        },
        "(clientPoolK, nodeA_c04, nodeA_c04)" : {
          "AppCoordinates {com.bbn, test-service3, 1}" : {
            "DATARATE_TX" : -7.623296525288703E-21,
            "DATARATE_RX" : -3.8116482626443515E-21
          },
          "AppCoordinates {com.bbn, test-service2, 1}" : {
            "DATARATE_TX" : 8.470329472543003E-22,
            "DATARATE_RX" : 4.2351647362715017E-22
          },
          "AppCoordinates {com.bbn, test-service1, 1}" : {
            "DATARATE_TX" : -8.470329472543003E-22,
            "DATARATE_RX" : -4.2351647362715017E-22
          }
        },
        "(clientPoolK, nodeA_c03, nodeA_c03)" : {
          "AppCoordinates {com.bbn, test-service1, 1}" : {
            "DATARATE_TX" : 1.4857142857142833E-4,
            "DATARATE_RX" : 7.428571428571416E-5
          }
        },
        "(clientPoolK, nodeA_c02, nodeA_c02)" : {
          "AppCoordinates {com.bbn, test-service3, 1}" : {
            "DATARATE_TX" : -7.623296525288703E-21,
            "DATARATE_RX" : -3.8116482626443515E-21
          },
          "AppCoordinates {com.bbn, test-service1, 1}" : {
            "DATARATE_TX" : 1.4514285714285692E-4,
            "DATARATE_RX" : 7.257142857142846E-5
          }
        },
        "(clientPoolK, nodeA_c01, nodeA_c01)" : {
          "AppCoordinates {com.bbn, test-service2, 1}" : {
            "DATARATE_TX" : -7.623296525288703E-21,
            "DATARATE_RX" : -3.8116482626443515E-21
          },
          "AppCoordinates {com.bbn, test-service1, 1}" : {
            "DATARATE_TX" : 1.0485714285714276E-4,
            "DATARATE_RX" : 5.242857142857138E-5
          }
        },
        "(clientPoolK, nodeA_c00, nodeA_c00)" : {
          "AppCoordinates {com.bbn, test-service1, 1}" : {
            "DATARATE_TX" : 1.2542857142857128E-4,
            "DATARATE_RX" : 6.271428571428564E-5
          }
        },
        "(clientPoolK, nodeM_c00, nodeM_c00)" : {
          "AppCoordinates {com.bbn, test-service3, 1}" : {
            "DATARATE_TX" : 1.8399999999999967E-4,
            "DATARATE_RX" : 9.199999999999984E-5
          }
        },
        "(clientPoolK, nodeM_c01, nodeM_c01)" : {
          "AppCoordinates {com.bbn, test-service2, 1}" : {
            "DATARATE_TX" : -7.623296525288703E-21,
            "DATARATE_RX" : -3.8116482626443515E-21
          }
        }
      },
      "interface-nodeJ ( nodeJ )" : { },
      "interface-nodeI ( nodeI )" : {
        "(clientPoolK, nodeI_c00, nodeI_c00)" : {
          "AppCoordinates {com.bbn, test-service3, 1}" : {
            "DATARATE_TX" : 1.8199999999999968E-4,
            "DATARATE_RX" : 9.099999999999984E-5
          },
          "AppCoordinates {com.bbn, test-service2, 1}" : {
            "DATARATE_TX" : -7.623296525288703E-21,
            "DATARATE_RX" : -3.8116482626443515E-21
          }
        }
      },
      "interface-nodeH ( nodeH )" : { },
      "interface-nodeG ( nodeG )" : { }
    },
    "containerReports" : {
      "nodeK_c04" : {
        "containerName" : {
          "name" : "nodeK_c04"
        },
        "timestamp" : 339987,
        "service" : {
          "group" : "com.bbn",
          "artifact" : "test-service3",
          "version" : "1"
        },
        "serviceStatus" : "RUNNING",
        "demandEstimationWindow" : "SHORT",
        "computeCapacity" : {
          "CPU" : 1.0,
          "TASK_CONTAINERS" : 100.0,
          "QueueLength" : 1000000.0
        },
        "computeLoad" : {
          "UNKNOWN" : {
            "QueueLength" : 90.0,
            "TASK_CONTAINERS" : 45.0
          }
        },
        "computeDemand" : {
          "UNKNOWN" : {
            "QueueLength" : 78.75,
            "TASK_CONTAINERS" : 39.375
          }
        },
        "averageProcessingTime" : 120000.0,
        "networkCapacity" : {
          "interface-nodeK ( nodeK )" : {
            "DATARATE_TX" : 100.0,
            "DATARATE_RX" : 100.0
          }
        },
        "networkLoad" : {
          "interface-nodeK ( nodeK )" : {
            "(clientPoolK, nodeK_c04, nodeK_c04)" : {
              "AppCoordinates {com.bbn, test-service3, 1}" : {
                "DATARATE_TX" : 1.7999999999999969E-4,
                "DATARATE_RX" : 8.999999999999984E-5
              }
            }
          }
        },
        "networkDemand" : {
          "interface-nodeK ( nodeK )" : {
            "(clientPoolK, nodeK_c04, nodeK_c04)" : {
              "AppCoordinates {com.bbn, test-service3, 1}" : {
                "DATARATE_TX" : 1.7999999999999966E-4,
                "DATARATE_RX" : 8.999999999999983E-5
              }
            }
          }
        }
      },
      "nodeK_c08" : {
        "containerName" : {
          "name" : "nodeK_c08"
        },
        "timestamp" : 339990,
        "service" : {
          "group" : "com.bbn",
          "artifact" : "test-service2",
          "version" : "1"
        },
        "serviceStatus" : "RUNNING",
        "demandEstimationWindow" : "SHORT",
        "computeCapacity" : {
          "CPU" : 1.0,
          "TASK_CONTAINERS" : 100.0,
          "QueueLength" : 1000000.0
        },
        "computeLoad" : {
          "UNKNOWN" : {
            "QueueLength" : 65.0,
            "TASK_CONTAINERS" : 32.5
          }
        },
        "computeDemand" : {
          "UNKNOWN" : {
            "QueueLength" : 55.714285714285715,
            "TASK_CONTAINERS" : 27.857142857142858
          }
        },
        "averageProcessingTime" : 120000.0,
        "networkCapacity" : {
          "interface-nodeK ( nodeK )" : {
            "DATARATE_TX" : 100.0,
            "DATARATE_RX" : 100.0
          }
        },
        "networkLoad" : {
          "interface-nodeK ( nodeK )" : {
            "(clientPoolK, nodeK_c08, nodeK_c08)" : {
              "AppCoordinates {com.bbn, test-service2, 1}" : {
                "DATARATE_TX" : 1.2799999999999983E-4,
                "DATARATE_RX" : 6.399999999999992E-5
              }
            },
            "(clientPoolC, nodeK_c08, nodeK_c08)" : {
              "AppCoordinates {com.bbn, test-service2, 1}" : {
                "DATARATE_TX" : 2.0000000000000008E-6,
                "DATARATE_RX" : 1.0000000000000004E-6
              }
            }
          }
        },
        "networkDemand" : {
          "interface-nodeK ( nodeK )" : {
            "(clientPoolK, nodeK_c08, nodeK_c08)" : {
              "AppCoordinates {com.bbn, test-service2, 1}" : {
                "DATARATE_TX" : 1.2799999999999983E-4,
                "DATARATE_RX" : 6.399999999999992E-5
              }
            },
            "(clientPoolC, nodeK_c08, nodeK_c08)" : {
              "AppCoordinates {com.bbn, test-service2, 1}" : {
                "DATARATE_TX" : 2.0000000000000008E-6,
                "DATARATE_RX" : 1.0000000000000004E-6
              }
            }
          }
        }
      },
      "nodeK_c01" : {
        "containerName" : {
          "name" : "nodeK_c01"
        },
        "timestamp" : 339990,
        "service" : {
          "group" : "com.bbn",
          "artifact" : "test-service2",
          "version" : "1"
        },
        "serviceStatus" : "RUNNING",
        "demandEstimationWindow" : "SHORT",
        "computeCapacity" : {
          "CPU" : 1.0,
          "TASK_CONTAINERS" : 100.0,
          "QueueLength" : 1000000.0
        },
        "computeLoad" : {
          "UNKNOWN" : {
            "QueueLength" : 60.0,
            "TASK_CONTAINERS" : 30.0
          }
        },
        "computeDemand" : {
          "UNKNOWN" : {
            "QueueLength" : 51.42857142857143,
            "TASK_CONTAINERS" : 25.714285714285715
          }
        },
        "averageProcessingTime" : 120000.0,
        "networkCapacity" : {
          "interface-nodeK ( nodeK )" : {
            "DATARATE_TX" : 100.0,
            "DATARATE_RX" : 100.0
          }
        },
        "networkLoad" : {
          "interface-nodeK ( nodeK )" : {
            "(clientPoolC, nodeK_c01, nodeK_c01)" : {
              "AppCoordinates {com.bbn, test-service2, 1}" : {
                "DATARATE_TX" : 9.999999999999997E-6,
                "DATARATE_RX" : 4.999999999999999E-6
              }
            },
            "(clientPoolK, nodeK_c01, nodeK_c01)" : {
              "AppCoordinates {com.bbn, test-service2, 1}" : {
                "DATARATE_TX" : 1.1599999999999995E-4,
                "DATARATE_RX" : 5.799999999999997E-5
              }
            }
          }
        },
        "networkDemand" : {
          "interface-nodeK ( nodeK )" : {
            "(clientPoolC, nodeK_c01, nodeK_c01)" : {
              "AppCoordinates {com.bbn, test-service2, 1}" : {
                "DATARATE_TX" : 9.999999999999997E-6,
                "DATARATE_RX" : 4.999999999999999E-6
              }
            },
            "(clientPoolK, nodeK_c01, nodeK_c01)" : {
              "AppCoordinates {com.bbn, test-service2, 1}" : {
                "DATARATE_TX" : 1.1599999999999996E-4,
                "DATARATE_RX" : 5.799999999999998E-5
              }
            }
          }
        }
      }
    },
    "maximumServiceContainers" : 20,
    "allocatedServiceContainers" : 3,
    "computeDemand" : {
      "AppCoordinates {com.bbn, test-service3, 1}" : {
        "UNKNOWN" : {
          "QueueLength" : 78.75,
          "TASK_CONTAINERS" : 39.375
        }
      },
      "AppCoordinates {com.bbn, test-service2, 1}" : {
        "UNKNOWN" : {
          "QueueLength" : 107.14285714285714,
          "TASK_CONTAINERS" : 53.57142857142857
        }
      }
    },
    "containerNetworkLoad" : {
      "interface-nodeK ( nodeK )" : {
        "(clientPoolC, nodeK_c01, nodeK_c01)" : {
          "AppCoordinates {com.bbn, test-service2, 1}" : {
            "DATARATE_TX" : 9.999999999999997E-6,
            "DATARATE_RX" : 4.999999999999999E-6
          }
        },
        "(clientPoolK, nodeK_c08, nodeK_c08)" : {
          "AppCoordinates {com.bbn, test-service2, 1}" : {
            "DATARATE_TX" : 1.2799999999999983E-4,
            "DATARATE_RX" : 6.399999999999992E-5
          }
        },
        "(clientPoolC, nodeK_c08, nodeK_c08)" : {
          "AppCoordinates {com.bbn, test-service2, 1}" : {
            "DATARATE_TX" : 2.0000000000000008E-6,
            "DATARATE_RX" : 1.0000000000000004E-6
          }
        },
        "(clientPoolK, nodeK_c04, nodeK_c04)" : {
          "AppCoordinates {com.bbn, test-service3, 1}" : {
            "DATARATE_TX" : 1.7999999999999969E-4,
            "DATARATE_RX" : 8.999999999999984E-5
          }
        },
        "(clientPoolK, nodeK_c01, nodeK_c01)" : {
          "AppCoordinates {com.bbn, test-service2, 1}" : {
            "DATARATE_TX" : 1.1599999999999995E-4,
            "DATARATE_RX" : 5.799999999999997E-5
          }
        }
      }
    },
    "containerNetworkDemand" : {
      "interface-nodeK ( nodeK )" : {
        "(clientPoolC, nodeK_c01, nodeK_c01)" : {
          "AppCoordinates {com.bbn, test-service2, 1}" : {
            "DATARATE_TX" : 9.999999999999997E-6,
            "DATARATE_RX" : 4.999999999999999E-6
          }
        },
        "(clientPoolK, nodeK_c08, nodeK_c08)" : {
          "AppCoordinates {com.bbn, test-service2, 1}" : {
            "DATARATE_TX" : 1.2799999999999983E-4,
            "DATARATE_RX" : 6.399999999999992E-5
          }
        },
        "(clientPoolC, nodeK_c08, nodeK_c08)" : {
          "AppCoordinates {com.bbn, test-service2, 1}" : {
            "DATARATE_TX" : 2.0000000000000008E-6,
            "DATARATE_RX" : 1.0000000000000004E-6
          }
        },
        "(clientPoolK, nodeK_c04, nodeK_c04)" : {
          "AppCoordinates {com.bbn, test-service3, 1}" : {
            "DATARATE_TX" : 1.7999999999999966E-4,
            "DATARATE_RX" : 8.999999999999983E-5
          }
        },
        "(clientPoolK, nodeK_c01, nodeK_c01)" : {
          "AppCoordinates {com.bbn, test-service2, 1}" : {
            "DATARATE_TX" : 1.1599999999999996E-4,
            "DATARATE_RX" : 5.799999999999998E-5
          }
        }
      }
    },
    "computeLoad" : {
      "AppCoordinates {com.bbn, test-service3, 1}" : {
        "UNKNOWN" : {
          "QueueLength" : 90.0,
          "TASK_CONTAINERS" : 45.0
        }
      },
      "AppCoordinates {com.bbn, test-service2, 1}" : {
        "UNKNOWN" : {
          "QueueLength" : 125.0,
          "TASK_CONTAINERS" : 62.5
        }
      }
    },
    "allocatedComputeCapacity" : {
      "CPU" : 3.0,
      "QueueLength" : 3000000.0,
      "TASK_CONTAINERS" : 300.0
    },
    "availableServiceContainers" : 17,
    "averageProcessingTime" : {
      "AppCoordinates {com.bbn, test-service3, 1}" : 120000.0,
      "AppCoordinates {com.bbn, test-service2, 1}" : 120000.0
    }
  } ]
}