{
  "region" : {
    "name" : "E"
  },
  "timestamp" : 312800,
  "servicePlan" : {
    "nodeE" : [ {
      "id" : {
        "name" : "nodeE_c01"
      },
      "service" : {
        "group" : "com.bbn",
        "artifact" : "test-service3",
        "version" : "1"
      },
      "weight" : 1.0,
      "stopTrafficTo" : false,
      "stop" : false
    } ]
  },
  "overflowPlan" : {
    "AppCoordinates {com.bbn, test-service3, 1}" : {
      "C" : 0.0,
      "G" : 0.8825041606413,
      "H" : 0.0,
      "E" : 0.1174958393587
    },
    "AppCoordinates {com.bbn, test-service2, 1}" : {
      "C" : 0.0,
      "G" : 1.0,
      "H" : 0.0,
      "E" : 0.0
    },
    "AppCoordinates {com.bbn, test-service1, 1}" : {
      "C" : 0.0,
      "G" : 1.0,
      "H" : 0.0,
      "E" : 0.0
    }
  }
}