{
  "region" : {
    "name" : "D"
  },
  "minTimestamp" : 184485,
  "maxTimestamp" : 184485,
  "demandEstimationWindow" : "LONG",
  "serverCapacity" : {
    "DISK" : 10.0,
    "MEMORY" : 8.0E9,
    "CPU" : 4.0,
    "TASK_CONTAINERS" : 20.0
  },
  "serverLoad" : {
    "AppCoordinates {com.bbn, test-service3, 1}" : {
      "unknown" : {
        "QueueLength" : 14.0,
        "TASK_CONTAINERS" : 7.0
      }
    }
  },
  "serverDemand" : {
    "AppCoordinates {com.bbn, test-service3, 1}" : {
      "unknown" : {
        "QueueLength" : 2.7337662337662336,
        "TASK_CONTAINERS" : 6.378787878787879
      }
    }
  },
  "serverAverageProcessingTimeCount" : { },
  "serverAverageProcessingTimeSum" : { },
  "networkCapacity" : {
    "B" : {
      "DATARATE_RX" : 100.0,
      "DATARATE_TX" : 100.0
    },
    "C" : {
      "DATARATE_RX" : 100.0,
      "DATARATE_TX" : 100.0
    },
    "I" : {
      "DATARATE_RX" : 100.0,
      "DATARATE_TX" : 100.0
    }
  },
  "networkLoad" : {
    "B" : {
      "(C, B, B)" : {
        "AppCoordinates {com.bbn, test-service3, 1}" : {
          "DATARATE_TX" : 2.6000000000000005E-5,
          "DATARATE_RX" : 1.3000000000000003E-5
        },
        "AppCoordinates {com.bbn, test-service2, 1}" : {
          "DATARATE_TX" : 1.6799999999999972E-4,
          "DATARATE_RX" : 8.399999999999986E-5
        }
      },
      "(C, A, A)" : {
        "AppCoordinates {com.bbn, test-service3, 1}" : {
          "DATARATE_TX" : 3.9999999999999846E-6,
          "DATARATE_RX" : 1.9999999999999923E-6
        },
        "AppCoordinates {com.bbn, test-service2, 1}" : {
          "DATARATE_TX" : -1.4399560103323106E-20,
          "DATARATE_RX" : -7.199780051661553E-21
        },
        "AppCoordinates {com.bbn, test-service1, 1}" : {
          "DATARATE_TX" : 2.6399999999999964E-4,
          "DATARATE_RX" : 1.3199999999999982E-4
        }
      }
    },
    "C" : {
      "(D, C, D)" : {
        "AppCoordinates {com.bbn, test-service3, 1}" : {
          "DATARATE_TX" : 1.4000000000000003E-5,
          "DATARATE_RX" : 2.8000000000000006E-5
        },
        "AppCoordinates {com.bbn, test-service2, 1}" : {
          "DATARATE_TX" : 9.099999999999984E-5,
          "DATARATE_RX" : 1.8199999999999968E-4
        }
      },
      "(B, C, B)" : {
        "AppCoordinates {com.bbn, test-service3, 1}" : {
          "DATARATE_TX" : 1.3000000000000003E-5,
          "DATARATE_RX" : 2.6000000000000005E-5
        },
        "AppCoordinates {com.bbn, test-service2, 1}" : {
          "DATARATE_TX" : 8.399999999999986E-5,
          "DATARATE_RX" : 1.6799999999999972E-4
        }
      },
      "(A, C, A)" : {
        "AppCoordinates {com.bbn, test-service3, 1}" : {
          "DATARATE_TX" : 1.9999999999999923E-6,
          "DATARATE_RX" : 3.9999999999999846E-6
        },
        "AppCoordinates {com.bbn, test-service2, 1}" : {
          "DATARATE_TX" : -7.199780051661553E-21,
          "DATARATE_RX" : -1.4399560103323106E-20
        },
        "AppCoordinates {com.bbn, test-service1, 1}" : {
          "DATARATE_TX" : 1.3199999999999982E-4,
          "DATARATE_RX" : 2.6399999999999964E-4
        }
      },
      "(I, C, I)" : {
        "AppCoordinates {com.bbn, test-service3, 1}" : {
          "DATARATE_TX" : 1.2000000000000002E-5,
          "DATARATE_RX" : 2.4000000000000004E-5
        },
        "AppCoordinates {com.bbn, test-service2, 1}" : {
          "DATARATE_TX" : 8.099999999999987E-5,
          "DATARATE_RX" : 1.6199999999999974E-4
        }
      },
      "(H, C, H)" : {
        "AppCoordinates {com.bbn, test-service2, 1}" : {
          "DATARATE_TX" : 8.799999999999985E-5,
          "DATARATE_RX" : 1.759999999999997E-4
        }
      }
    },
    "I" : {
      "(C, H, H)" : {
        "AppCoordinates {com.bbn, test-service2, 1}" : {
          "DATARATE_TX" : 1.759999999999997E-4,
          "DATARATE_RX" : 8.799999999999985E-5
        }
      },
      "(C, I, I)" : {
        "AppCoordinates {com.bbn, test-service3, 1}" : {
          "DATARATE_TX" : 2.4000000000000004E-5,
          "DATARATE_RX" : 1.2000000000000002E-5
        },
        "AppCoordinates {com.bbn, test-service2, 1}" : {
          "DATARATE_TX" : 1.6199999999999974E-4,
          "DATARATE_RX" : 8.099999999999987E-5
        }
      }
    }
  },
  "networkDemand" : {
    "B" : {
      "(C, B, B)" : {
        "AppCoordinates {com.bbn, test-service3, 1}" : {
          "DATARATE_TX" : 2.4374999999999993E-5,
          "DATARATE_RX" : 1.2187499999999996E-5
        },
        "AppCoordinates {com.bbn, test-service2, 1}" : {
          "DATARATE_TX" : 7.984105960264896E-5,
          "DATARATE_RX" : 3.992052980132448E-5
        }
      },
      "(C, A, A)" : {
        "AppCoordinates {com.bbn, test-service3, 1}" : {
          "DATARATE_TX" : 1.284542764321786E-4,
          "DATARATE_RX" : 6.42271382160893E-5
        },
        "AppCoordinates {com.bbn, test-service2, 1}" : {
          "DATARATE_TX" : 1.7869375442489005E-4,
          "DATARATE_RX" : 8.934687721244503E-5
        },
        "AppCoordinates {com.bbn, test-service1, 1}" : {
          "DATARATE_TX" : 3.584672995004215E-4,
          "DATARATE_RX" : 1.7923364975021074E-4
        }
      }
    },
    "C" : {
      "(D, C, D)" : {
        "AppCoordinates {com.bbn, test-service3, 1}" : {
          "DATARATE_TX" : 1.315625000000001E-5,
          "DATARATE_RX" : 2.631250000000002E-5
        },
        "AppCoordinates {com.bbn, test-service2, 1}" : {
          "DATARATE_TX" : 5.987417218543035E-5,
          "DATARATE_RX" : 1.197483443708607E-4
        }
      },
      "(B, C, B)" : {
        "AppCoordinates {com.bbn, test-service3, 1}" : {
          "DATARATE_TX" : 1.2187499999999996E-5,
          "DATARATE_RX" : 2.4374999999999993E-5
        },
        "AppCoordinates {com.bbn, test-service2, 1}" : {
          "DATARATE_TX" : 3.992052980132448E-5,
          "DATARATE_RX" : 7.984105960264896E-5
        }
      },
      "(A, C, A)" : {
        "AppCoordinates {com.bbn, test-service3, 1}" : {
          "DATARATE_TX" : 6.42271382160893E-5,
          "DATARATE_RX" : 1.284542764321786E-4
        },
        "AppCoordinates {com.bbn, test-service2, 1}" : {
          "DATARATE_TX" : 8.934687721244503E-5,
          "DATARATE_RX" : 1.7869375442489005E-4
        },
        "AppCoordinates {com.bbn, test-service1, 1}" : {
          "DATARATE_TX" : 1.7923364975021074E-4,
          "DATARATE_RX" : 3.584672995004215E-4
        }
      },
      "(I, C, I)" : {
        "AppCoordinates {com.bbn, test-service3, 1}" : {
          "DATARATE_TX" : 1.1419354838709682E-5,
          "DATARATE_RX" : 2.2838709677419363E-5
        },
        "AppCoordinates {com.bbn, test-service2, 1}" : {
          "DATARATE_TX" : 4.125827814569525E-5,
          "DATARATE_RX" : 8.25165562913905E-5
        }
      },
      "(H, C, H)" : {
        "AppCoordinates {com.bbn, test-service2, 1}" : {
          "DATARATE_TX" : 3.9716216216216125E-5,
          "DATARATE_RX" : 7.943243243243225E-5
        }
      }
    },
    "I" : {
      "(C, H, H)" : {
        "AppCoordinates {com.bbn, test-service2, 1}" : {
          "DATARATE_TX" : 7.943243243243225E-5,
          "DATARATE_RX" : 3.9716216216216125E-5
        }
      },
      "(C, I, I)" : {
        "AppCoordinates {com.bbn, test-service3, 1}" : {
          "DATARATE_TX" : 2.2838709677419363E-5,
          "DATARATE_RX" : 1.1419354838709682E-5
        },
        "AppCoordinates {com.bbn, test-service2, 1}" : {
          "DATARATE_TX" : 8.25165562913905E-5,
          "DATARATE_RX" : 4.125827814569525E-5
        }
      }
    }
  },
  "maximumServiceContainers" : 20,
  "allocatedServiceContainers" : 1,
  "serverAverageProcessingTime" : { },
  "availableServiceContainers" : 19,
  "nullSummary" : false
}