{
  "region" : {
    "name" : "B"
  },
  "timestamp" : 192538,
  "servicePlan" : {
    "nodeB" : [ {
      "id" : {
        "name" : "nodeB_c01"
      },
      "service" : {
        "group" : "com.bbn",
        "artifact" : "test-service3",
        "version" : "1"
      },
      "weight" : 1.0,
      "stopTrafficTo" : false,
      "stop" : false
    } ]
  },
  "overflowPlan" : {
    "AppCoordinates {com.bbn, test-service3, 1}" : {
      "C" : 0.0,
      "D" : 0.0,
      "E" : 0.941163166788109,
      "B" : 0.05883683321189104
    },
    "AppCoordinates {com.bbn, test-service2, 1}" : {
      "C" : 0.0,
      "D" : 0.0,
      "E" : 1.0,
      "B" : 0.0
    },
    "AppCoordinates {com.bbn, test-service1, 1}" : {
      "C" : 0.0,
      "D" : 0.0,
      "E" : 1.0,
      "B" : 0.0
    }
  }
}