{
  "nodeName" : {
    "name" : "nodeE"
  },
  "timestamp" : 348495,
  "demandEstimationWindow" : "SHORT",
  "nodeComputeCapacity" : {
    "CPU" : 4.0,
    "MEMORY" : 8.0E9,
    "DISK" : 10.0,
    "TASK_CONTAINERS" : 20.0
  },
  "networkCapacity" : {
    "interface-nodeA ( nodeA )" : {
      "DATARATE_RX" : 100.0,
      "DATARATE_TX" : 100.0
    }
  },
  "networkLoad" : {
    "interface-nodeA ( nodeA )" : {
      "(clientPoolE, nodeA_c01, nodeA_c01)" : {
        "AppCoordinates {com.bbn, test-service2, 1}" : {
          "DATARATE_TX" : 7.199999999999999E-5,
          "DATARATE_RX" : 3.5999999999999994E-5
        }
      },
      "(clientPoolE, nodeA_c00, nodeA_c00)" : {
        "AppCoordinates {com.bbn, test-service1, 1}" : {
          "DATARATE_TX" : 1.1999999999999985E-4,
          "DATARATE_RX" : 5.999999999999993E-5
        }
      },
      "(clientPoolE, nodeA_c07, nodeA_c07)" : {
        "AppCoordinates {com.bbn, test-service2, 1}" : {
          "DATARATE_TX" : 1.0999999999999988E-4,
          "DATARATE_RX" : 5.499999999999994E-5
        }
      },
      "(clientPoolE, nodeA_c06, nodeA_c06)" : {
        "AppCoordinates {com.bbn, test-service2, 1}" : {
          "DATARATE_TX" : 1.379999999999998E-4,
          "DATARATE_RX" : 6.89999999999999E-5
        },
        "AppCoordinates {com.bbn, test-service1, 1}" : {
          "DATARATE_TX" : -7.623296525288703E-21,
          "DATARATE_RX" : -3.8116482626443515E-21
        }
      },
      "(clientPoolE, nodeA_c05, nodeA_c05)" : {
        "AppCoordinates {com.bbn, test-service3, 1}" : {
          "DATARATE_TX" : -7.623296525288703E-21,
          "DATARATE_RX" : -3.8116482626443515E-21
        },
        "AppCoordinates {com.bbn, test-service2, 1}" : {
          "DATARATE_TX" : 1.2999999999999983E-4,
          "DATARATE_RX" : 6.499999999999991E-5
        },
        "AppCoordinates {com.bbn, test-service1, 1}" : {
          "DATARATE_TX" : 2.541098841762901E-21,
          "DATARATE_RX" : 1.2705494208814505E-21
        }
      },
      "(clientPoolE, nodeA_c04, nodeA_c04)" : {
        "AppCoordinates {com.bbn, test-service3, 1}" : {
          "DATARATE_TX" : -7.623296525288703E-21,
          "DATARATE_RX" : -3.8116482626443515E-21
        },
        "AppCoordinates {com.bbn, test-service1, 1}" : {
          "DATARATE_TX" : -7.623296525288703E-21,
          "DATARATE_RX" : -3.8116482626443515E-21
        }
      },
      "(clientPoolE, nodeA_c03, nodeA_c03)" : {
        "AppCoordinates {com.bbn, test-service2, 1}" : {
          "DATARATE_TX" : 9.599999999999992E-5,
          "DATARATE_RX" : 4.799999999999996E-5
        },
        "AppCoordinates {com.bbn, test-service1, 1}" : {
          "DATARATE_TX" : -7.623296525288703E-21,
          "DATARATE_RX" : -3.8116482626443515E-21
        }
      },
      "(clientPoolE, nodeA_c02, nodeA_c02)" : {
        "AppCoordinates {com.bbn, test-service3, 1}" : {
          "DATARATE_TX" : -7.623296525288703E-21,
          "DATARATE_RX" : -3.8116482626443515E-21
        },
        "AppCoordinates {com.bbn, test-service1, 1}" : {
          "DATARATE_TX" : 1.3399999999999981E-4,
          "DATARATE_RX" : 6.699999999999991E-5
        }
      }
    }
  },
  "networkDemand" : {
    "interface-nodeA ( nodeA )" : {
      "(clientPoolE, nodeA_c01, nodeA_c01)" : {
        "AppCoordinates {com.bbn, test-service2, 1}" : {
          "DATARATE_TX" : 8.742857142857138E-5,
          "DATARATE_RX" : 4.371428571428569E-5
        }
      },
      "(clientPoolE, nodeA_c00, nodeA_c00)" : {
        "AppCoordinates {com.bbn, test-service1, 1}" : {
          "DATARATE_TX" : 1.1999999999999987E-4,
          "DATARATE_RX" : 5.9999999999999934E-5
        }
      },
      "(clientPoolE, nodeA_c07, nodeA_c07)" : {
        "AppCoordinates {com.bbn, test-service2, 1}" : {
          "DATARATE_TX" : 1.1771428571428557E-4,
          "DATARATE_RX" : 5.8857142857142784E-5
        }
      },
      "(clientPoolE, nodeA_c06, nodeA_c06)" : {
        "AppCoordinates {com.bbn, test-service2, 1}" : {
          "DATARATE_TX" : 1.3685714285714264E-4,
          "DATARATE_RX" : 6.842857142857132E-5
        },
        "AppCoordinates {com.bbn, test-service1, 1}" : {
          "DATARATE_TX" : -7.623296525288703E-21,
          "DATARATE_RX" : -3.8116482626443515E-21
        }
      },
      "(clientPoolE, nodeA_c05, nodeA_c05)" : {
        "AppCoordinates {com.bbn, test-service3, 1}" : {
          "DATARATE_TX" : -7.623296525288703E-21,
          "DATARATE_RX" : -3.8116482626443515E-21
        },
        "AppCoordinates {com.bbn, test-service2, 1}" : {
          "DATARATE_TX" : 1.302857142857141E-4,
          "DATARATE_RX" : 6.514285714285705E-5
        },
        "AppCoordinates {com.bbn, test-service1, 1}" : {
          "DATARATE_TX" : 2.541098841762901E-21,
          "DATARATE_RX" : 1.2705494208814505E-21
        }
      },
      "(clientPoolE, nodeA_c04, nodeA_c04)" : {
        "AppCoordinates {com.bbn, test-service3, 1}" : {
          "DATARATE_TX" : -7.623296525288703E-21,
          "DATARATE_RX" : -3.8116482626443515E-21
        },
        "AppCoordinates {com.bbn, test-service1, 1}" : {
          "DATARATE_TX" : -7.623296525288703E-21,
          "DATARATE_RX" : -3.8116482626443515E-21
        }
      },
      "(clientPoolE, nodeA_c03, nodeA_c03)" : {
        "AppCoordinates {com.bbn, test-service2, 1}" : {
          "DATARATE_TX" : 7.314285714285712E-5,
          "DATARATE_RX" : 3.657142857142856E-5
        },
        "AppCoordinates {com.bbn, test-service1, 1}" : {
          "DATARATE_TX" : -7.623296525288703E-21,
          "DATARATE_RX" : -3.8116482626443515E-21
        }
      },
      "(clientPoolE, nodeA_c02, nodeA_c02)" : {
        "AppCoordinates {com.bbn, test-service3, 1}" : {
          "DATARATE_TX" : -7.623296525288703E-21,
          "DATARATE_RX" : -3.8116482626443515E-21
        },
        "AppCoordinates {com.bbn, test-service1, 1}" : {
          "DATARATE_TX" : 1.3399999999999981E-4,
          "DATARATE_RX" : 6.699999999999991E-5
        }
      }
    }
  },
  "containerReports" : {
    "nodeE_c03" : {
      "containerName" : {
        "name" : "nodeE_c03"
      },
      "timestamp" : 348495,
      "service" : {
        "group" : "com.bbn",
        "artifact" : "test-service3",
        "version" : "1"
      },
      "serviceStatus" : "RUNNING",
      "demandEstimationWindow" : "SHORT",
      "computeCapacity" : {
        "CPU" : 1.0,
        "TASK_CONTAINERS" : 100.0,
        "QueueLength" : 1000000.0
      },
      "computeLoad" : {
        "UNKNOWN" : {
          "QueueLength" : 133.0,
          "TASK_CONTAINERS" : 66.5
        }
      },
      "computeDemand" : {
        "UNKNOWN" : {
          "QueueLength" : 116.375,
          "TASK_CONTAINERS" : 58.1875
        }
      },
      "averageProcessingTime" : "NaN",
      "networkCapacity" : {
        "interface-nodeE ( nodeE )" : {
          "DATARATE_TX" : 100.0,
          "DATARATE_RX" : 100.0
        }
      },
      "networkLoad" : {
        "interface-nodeE ( nodeE )" : {
          "(clientPoolE, nodeE_c03, nodeE_c03)" : {
            "AppCoordinates {com.bbn, test-service3, 1}" : {
              "DATARATE_TX" : 2.6599999999999947E-4,
              "DATARATE_RX" : 1.3299999999999974E-4
            }
          }
        }
      },
      "networkDemand" : {
        "interface-nodeE ( nodeE )" : {
          "(clientPoolE, nodeE_c03, nodeE_c03)" : {
            "AppCoordinates {com.bbn, test-service3, 1}" : {
              "DATARATE_TX" : 2.6599999999999947E-4,
              "DATARATE_RX" : 1.3299999999999974E-4
            }
          }
        }
      }
    },
    "nodeE_c01" : {
      "containerName" : {
        "name" : "nodeE_c01"
      },
      "timestamp" : 348496,
      "service" : {
        "group" : "com.bbn",
        "artifact" : "test-service3",
        "version" : "1"
      },
      "serviceStatus" : "RUNNING",
      "demandEstimationWindow" : "SHORT",
      "computeCapacity" : {
        "CPU" : 1.0,
        "TASK_CONTAINERS" : 100.0,
        "QueueLength" : 1000000.0
      },
      "computeLoad" : {
        "UNKNOWN" : {
          "QueueLength" : 133.0,
          "TASK_CONTAINERS" : 66.5
        }
      },
      "computeDemand" : {
        "UNKNOWN" : {
          "QueueLength" : 116.375,
          "TASK_CONTAINERS" : 58.1875
        }
      },
      "averageProcessingTime" : 120000.0,
      "networkCapacity" : {
        "interface-nodeE ( nodeE )" : {
          "DATARATE_TX" : 100.0,
          "DATARATE_RX" : 100.0
        }
      },
      "networkLoad" : {
        "interface-nodeE ( nodeE )" : {
          "(clientPoolE, nodeE_c01, nodeE_c01)" : {
            "AppCoordinates {com.bbn, test-service3, 1}" : {
              "DATARATE_TX" : 2.6599999999999947E-4,
              "DATARATE_RX" : 1.3299999999999974E-4
            }
          }
        }
      },
      "networkDemand" : {
        "interface-nodeE ( nodeE )" : {
          "(clientPoolE, nodeE_c01, nodeE_c01)" : {
            "AppCoordinates {com.bbn, test-service3, 1}" : {
              "DATARATE_TX" : 2.6599999999999947E-4,
              "DATARATE_RX" : 1.3299999999999974E-4
            }
          }
        }
      }
    },
    "nodeE_c02" : {
      "containerName" : {
        "name" : "nodeE_c02"
      },
      "timestamp" : 348496,
      "service" : {
        "group" : "com.bbn",
        "artifact" : "test-service3",
        "version" : "1"
      },
      "serviceStatus" : "RUNNING",
      "demandEstimationWindow" : "SHORT",
      "computeCapacity" : {
        "CPU" : 1.0,
        "TASK_CONTAINERS" : 100.0,
        "QueueLength" : 1000000.0
      },
      "computeLoad" : {
        "UNKNOWN" : {
          "QueueLength" : 134.0,
          "TASK_CONTAINERS" : 67.0
        }
      },
      "computeDemand" : {
        "UNKNOWN" : {
          "QueueLength" : 117.25,
          "TASK_CONTAINERS" : 58.625
        }
      },
      "averageProcessingTime" : 120000.0,
      "networkCapacity" : {
        "interface-nodeE ( nodeE )" : {
          "DATARATE_TX" : 100.0,
          "DATARATE_RX" : 100.0
        }
      },
      "networkLoad" : {
        "interface-nodeE ( nodeE )" : {
          "(clientPoolE, nodeE_c02, nodeE_c02)" : {
            "AppCoordinates {com.bbn, test-service3, 1}" : {
              "DATARATE_TX" : 2.679999999999995E-4,
              "DATARATE_RX" : 1.3399999999999976E-4
            }
          }
        }
      },
      "networkDemand" : {
        "interface-nodeE ( nodeE )" : {
          "(clientPoolE, nodeE_c02, nodeE_c02)" : {
            "AppCoordinates {com.bbn, test-service3, 1}" : {
              "DATARATE_TX" : 2.679999999999995E-4,
              "DATARATE_RX" : 1.3399999999999976E-4
            }
          }
        }
      }
    },
    "nodeE_c00" : {
      "containerName" : {
        "name" : "nodeE_c00"
      },
      "timestamp" : 348498,
      "service" : {
        "group" : "com.bbn",
        "artifact" : "test-service2",
        "version" : "1"
      },
      "serviceStatus" : "RUNNING",
      "demandEstimationWindow" : "SHORT",
      "computeCapacity" : {
        "CPU" : 1.0,
        "TASK_CONTAINERS" : 100.0,
        "QueueLength" : 1000000.0
      },
      "computeLoad" : {
        "UNKNOWN" : {
          "QueueLength" : 1.0,
          "TASK_CONTAINERS" : 0.5
        }
      },
      "computeDemand" : {
        "UNKNOWN" : {
          "QueueLength" : 3.625,
          "TASK_CONTAINERS" : 1.8125
        }
      },
      "averageProcessingTime" : 120000.0,
      "networkCapacity" : {
        "interface-nodeE ( nodeE )" : {
          "DATARATE_TX" : 100.0,
          "DATARATE_RX" : 100.0
        }
      },
      "networkLoad" : {
        "interface-nodeE ( nodeE )" : {
          "(clientPoolE, nodeE_c00, nodeE_c00)" : {
            "AppCoordinates {com.bbn, test-service2, 1}" : {
              "DATARATE_TX" : 1.9999999999999923E-6,
              "DATARATE_RX" : 9.999999999999961E-7
            }
          }
        }
      },
      "networkDemand" : {
        "interface-nodeE ( nodeE )" : {
          "(clientPoolE, nodeE_c00, nodeE_c00)" : {
            "AppCoordinates {com.bbn, test-service2, 1}" : {
              "DATARATE_TX" : 8.285714285714277E-6,
              "DATARATE_RX" : 4.142857142857138E-6
            }
          }
        }
      }
    }
  },
  "maximumServiceContainers" : 20,
  "allocatedServiceContainers" : 4,
  "computeDemand" : {
    "AppCoordinates {com.bbn, test-service3, 1}" : {
      "UNKNOWN" : {
        "QueueLength" : 350.0,
        "TASK_CONTAINERS" : 175.0
      }
    },
    "AppCoordinates {com.bbn, test-service2, 1}" : {
      "UNKNOWN" : {
        "QueueLength" : 3.625,
        "TASK_CONTAINERS" : 1.8125
      }
    }
  },
  "containerNetworkLoad" : {
    "interface-nodeE ( nodeE )" : {
      "(clientPoolE, nodeE_c03, nodeE_c03)" : {
        "AppCoordinates {com.bbn, test-service3, 1}" : {
          "DATARATE_TX" : 2.6599999999999947E-4,
          "DATARATE_RX" : 1.3299999999999974E-4
        }
      },
      "(clientPoolE, nodeE_c02, nodeE_c02)" : {
        "AppCoordinates {com.bbn, test-service3, 1}" : {
          "DATARATE_TX" : 2.679999999999995E-4,
          "DATARATE_RX" : 1.3399999999999976E-4
        }
      },
      "(clientPoolE, nodeE_c01, nodeE_c01)" : {
        "AppCoordinates {com.bbn, test-service3, 1}" : {
          "DATARATE_TX" : 2.6599999999999947E-4,
          "DATARATE_RX" : 1.3299999999999974E-4
        }
      },
      "(clientPoolE, nodeE_c00, nodeE_c00)" : {
        "AppCoordinates {com.bbn, test-service2, 1}" : {
          "DATARATE_TX" : 1.9999999999999923E-6,
          "DATARATE_RX" : 9.999999999999961E-7
        }
      }
    }
  },
  "containerNetworkDemand" : {
    "interface-nodeE ( nodeE )" : {
      "(clientPoolE, nodeE_c03, nodeE_c03)" : {
        "AppCoordinates {com.bbn, test-service3, 1}" : {
          "DATARATE_TX" : 2.6599999999999947E-4,
          "DATARATE_RX" : 1.3299999999999974E-4
        }
      },
      "(clientPoolE, nodeE_c02, nodeE_c02)" : {
        "AppCoordinates {com.bbn, test-service3, 1}" : {
          "DATARATE_TX" : 2.679999999999995E-4,
          "DATARATE_RX" : 1.3399999999999976E-4
        }
      },
      "(clientPoolE, nodeE_c01, nodeE_c01)" : {
        "AppCoordinates {com.bbn, test-service3, 1}" : {
          "DATARATE_TX" : 2.6599999999999947E-4,
          "DATARATE_RX" : 1.3299999999999974E-4
        }
      },
      "(clientPoolE, nodeE_c00, nodeE_c00)" : {
        "AppCoordinates {com.bbn, test-service2, 1}" : {
          "DATARATE_TX" : 8.285714285714277E-6,
          "DATARATE_RX" : 4.142857142857138E-6
        }
      }
    }
  },
  "computeLoad" : {
    "AppCoordinates {com.bbn, test-service3, 1}" : {
      "UNKNOWN" : {
        "QueueLength" : 400.0,
        "TASK_CONTAINERS" : 200.0
      }
    },
    "AppCoordinates {com.bbn, test-service2, 1}" : {
      "UNKNOWN" : {
        "QueueLength" : 1.0,
        "TASK_CONTAINERS" : 0.5
      }
    }
  },
  "availableServiceContainers" : 16,
  "averageProcessingTime" : {
    "AppCoordinates {com.bbn, test-service3, 1}" : 120000.0,
    "AppCoordinates {com.bbn, test-service2, 1}" : 120000.0
  },
  "allocatedComputeCapacity" : {
    "CPU" : 4.0,
    "QueueLength" : 4000000.0,
    "TASK_CONTAINERS" : 400.0
  }
}