{
  "region" : {
    "name" : "A"
  },
  "timestamp" : 183772,
  "servicePlan" : {
    "nodeA" : [ {
      "id" : {
        "name" : "nodeA_c01"
      },
      "service" : {
        "group" : "com.bbn",
        "artifact" : "test-service3",
        "version" : "1"
      },
      "weight" : 1.0,
      "stopTrafficTo" : true,
      "stop" : true
    }, {
      "id" : {
        "name" : "nodeA_c00"
      },
      "service" : {
        "group" : "com.bbn",
        "artifact" : "test-service3",
        "version" : "1"
      },
      "weight" : 1.0,
      "stopTrafficTo" : false,
      "stop" : false
    } ]
  },
  "overflowPlan" : {
    "AppCoordinates {com.bbn, test-service3, 1}" : {
      "D" : 0.8483625186607198,
      "E" : 0.0,
      "F" : 0.0,
      "I" : 0.0,
      "J" : 0.0,
      "A" : 0.15163748133928023
    },
    "AppCoordinates {com.bbn, test-service2, 1}" : {
      "D" : 1.0,
      "E" : 0.0,
      "F" : 0.0,
      "I" : 0.0,
      "J" : 0.0,
      "A" : 0.0
    },
    "AppCoordinates {com.bbn, test-service1, 1}" : {
      "D" : 1.0,
      "E" : 0.0,
      "F" : 0.0,
      "I" : 0.0,
      "J" : 0.0,
      "A" : 0.0
    }
  }
}