{
  "region" : {
    "name" : "A"
  },
  "minTimestamp" : 183498,
  "maxTimestamp" : 183498,
  "demandEstimationWindow" : "LONG",
  "serverCapacity" : {
    "DISK" : 10.0,
    "MEMORY" : 8.0E9,
    "CPU" : 4.0,
    "TASK_CONTAINERS" : 20.0
  },
  "serverLoad" : {
    "AppCoordinates {com.bbn, test-service3, 1}" : {
      "unknown" : {
        "QueueLength" : 111.0,
        "TASK_CONTAINERS" : 55.5
      }
    }
  },
  "serverDemand" : {
    "AppCoordinates {com.bbn, test-service3, 1}" : {
      "unknown" : {
        "QueueLength" : 142.86143092105263,
        "TASK_CONTAINERS" : 86.20496598639455
      }
    }
  },
  "serverAverageProcessingTimeCount" : {
    "AppCoordinates {com.bbn, test-service3, 1}" : 1
  },
  "serverAverageProcessingTimeSum" : {
    "AppCoordinates {com.bbn, test-service3, 1}" : 120000.0
  },
  "networkCapacity" : {
    "D" : {
      "DATARATE_RX" : 100.0,
      "DATARATE_TX" : 100.0
    },
    "E" : {
      "DATARATE_RX" : 100.0,
      "DATARATE_TX" : 100.0
    },
    "F" : {
      "DATARATE_RX" : 100.0,
      "DATARATE_TX" : 100.0
    },
    "I" : {
      "DATARATE_RX" : 100.0,
      "DATARATE_TX" : 100.0
    },
    "J" : {
      "DATARATE_RX" : 100.0,
      "DATARATE_TX" : 100.0
    }
  },
  "networkLoad" : {
    "D" : {
      "(A, C, C)" : {
        "AppCoordinates {com.bbn, test-service3, 1}" : {
          "DATARATE_TX" : 1.88E-4,
          "DATARATE_RX" : 9.4E-5
        },
        "AppCoordinates {com.bbn, test-service2, 1}" : {
          "DATARATE_TX" : 4.235164736271502E-21,
          "DATARATE_RX" : 2.117582368135751E-21
        },
        "AppCoordinates {com.bbn, test-service1, 1}" : {
          "DATARATE_TX" : 1.2999999999999983E-4,
          "DATARATE_RX" : 6.499999999999991E-5
        }
      },
      "(A, D, D)" : {
        "AppCoordinates {com.bbn, test-service3, 1}" : {
          "DATARATE_TX" : 1.839999999999997E-4,
          "DATARATE_RX" : 9.199999999999985E-5
        }
      }
    },
    "E" : { },
    "F" : { },
    "I" : { },
    "J" : { }
  },
  "networkDemand" : {
    "D" : {
      "(A, C, C)" : {
        "AppCoordinates {com.bbn, test-service3, 1}" : {
          "DATARATE_TX" : 4.0474052358697586E-4,
          "DATARATE_RX" : 2.0237026179348793E-4
        },
        "AppCoordinates {com.bbn, test-service2, 1}" : {
          "DATARATE_TX" : 3.212944432818208E-4,
          "DATARATE_RX" : 1.606472216409104E-4
        },
        "AppCoordinates {com.bbn, test-service1, 1}" : {
          "DATARATE_TX" : 2.455099338501977E-4,
          "DATARATE_RX" : 1.2275496692509884E-4
        }
      },
      "(A, D, D)" : {
        "AppCoordinates {com.bbn, test-service3, 1}" : {
          "DATARATE_TX" : 2.258648648648648E-4,
          "DATARATE_RX" : 1.129324324324324E-4
        }
      }
    },
    "E" : { },
    "F" : { },
    "I" : { },
    "J" : { }
  },
  "maximumServiceContainers" : 20,
  "allocatedServiceContainers" : 2,
  "serverAverageProcessingTime" : {
    "AppCoordinates {com.bbn, test-service3, 1}" : 120000.0
  },
  "availableServiceContainers" : 18,
  "nullSummary" : false
}