{
  "region" : {
    "name" : "I"
  },
  "timestamp" : 204759,
  "servicePlan" : {
    "nodeI" : [ {
      "id" : {
        "name" : "nodeI_c02"
      },
      "service" : {
        "group" : "com.bbn",
        "artifact" : "test-service3",
        "version" : "1"
      },
      "weight" : 1.0,
      "stopTrafficTo" : false,
      "stop" : false
    } ]
  },
  "overflowPlan" : {
    "AppCoordinates {com.bbn, test-service3, 1}" : {
      "C" : 0.7494289028662845,
      "D" : 0.0,
      "E" : 0.0,
      "H" : 0.0,
      "I" : 0.2505710971337155
    },
    "AppCoordinates {com.bbn, test-service2, 1}" : {
      "C" : 1.0,
      "D" : 0.0,
      "E" : 0.0,
      "H" : 0.0,
      "I" : 0.0
    },
    "AppCoordinates {com.bbn, test-service1, 1}" : {
      "C" : 1.0,
      "D" : 0.0,
      "E" : 0.0,
      "H" : 0.0,
      "I" : 0.0
    }
  }
}