487,1,DNS_UPDATE_SUCCEEDED
534,2,DCOP_PLAN_PLUBLIED
569,2,RLG_PLAN_PUBLISHED
105617,212,DCOP_PLAN_PLUBLIED
108525,217,RLG_PLAN_PUBLISHED
108561,218,DNS_UPDATE_SUCCEEDED
109063,219,DNS_UPDATE_SUCCEEDED
111525,223,RLG_PLAN_PUBLISHED
111563,224,DNS_UPDATE_SUCCEEDED
162531,325,RLG_PLAN_PUBLISHED
162580,326,DNS_UPDATE_SUCCEEDED
163077,327,DNS_UPDATE_SUCCEEDED
165531,331,RLG_PLAN_PUBLISHED
165578,332,DNS_UPDATE_SUCCEEDED
165597,332,DCOP_PLAN_PLUBLIED
168532,337,RLG_PLAN_PUBLISHED
168583,338,DNS_UPDATE_SUCCEEDED
225536,451,RLG_PLAN_PUBLISHED
225599,451,DCOP_PLAN_PLUBLIED
225605,452,DNS_UPDATE_SUCCEEDED
228535,457,RLG_PLAN_PUBLISHED
228607,458,DNS_UPDATE_SUCCEEDED
229108,459,DNS_UPDATE_SUCCEEDED
231539,463,RLG_PLAN_PUBLISHED
231608,464,DNS_UPDATE_SUCCEEDED
285599,571,DCOP_PLAN_PLUBLIED
288544,577,RLG_PLAN_PUBLISHED
288640,578,DNS_UPDATE_SUCCEEDED
345597,691,DCOP_PLAN_PLUBLIED
348551,697,RLG_PLAN_PUBLISHED
348669,698,DNS_UPDATE_SUCCEEDED
405602,811,DCOP_PLAN_PLUBLIED
408553,817,RLG_PLAN_PUBLISHED
408710,818,DNS_UPDATE_SUCCEEDED
465596,931,DCOP_PLAN_PLUBLIED
468556,937,RLG_PLAN_PUBLISHED
468765,938,DNS_UPDATE_SUCCEEDED
525611,1051,DCOP_PLAN_PLUBLIED
528561,1057,RLG_PLAN_PUBLISHED
528803,1058,DNS_UPDATE_SUCCEEDED
579564,1159,RLG_PLAN_PUBLISHED
579834,1160,DNS_UPDATE_SUCCEEDED
580334,1161,DNS_UPDATE_SUCCEEDED
582583,1165,RLG_PLAN_PUBLISHED
582840,1166,DNS_UPDATE_SUCCEEDED
585589,1171,DCOP_PLAN_PLUBLIED
588586,1177,RLG_PLAN_PUBLISHED
588840,1178,DNS_UPDATE_SUCCEEDED
630002,1260,DCOP_PLAN_PLUBLIED
