{
  "region" : {
    "name" : "E"
  },
  "minTimestamp" : 71495,
  "maxTimestamp" : 71495,
  "demandEstimationWindow" : "LONG",
  "serverCapacity" : {
    "DISK" : 10.0,
    "MEMORY" : 8.0E9,
    "CPU" : 4.0,
    "TASK_CONTAINERS" : 20.0
  },
  "serverLoad" : { },
  "serverDemand" : { },
  "serverAverageProcessingTimeCount" : { },
  "serverAverageProcessingTimeSum" : { },
  "networkCapacity" : {
    "C" : {
      "DATARATE_RX" : 100.0,
      "DATARATE_TX" : 100.0
    },
    "D" : {
      "DATARATE_RX" : 100.0,
      "DATARATE_TX" : 100.0
    }
  },
  "networkLoad" : {
    "C" : {
      "(D, C, D)" : {
        "AppCoordinates {com.bbn, test-service3, 1}" : {
          "DATARATE_TX" : 8.499999999999991E-5,
          "DATARATE_RX" : 1.6999999999999982E-4
        },
        "AppCoordinates {com.bbn, test-service2, 1}" : {
          "DATARATE_TX" : 1.3199999999999982E-4,
          "DATARATE_RX" : 2.6399999999999964E-4
        },
        "AppCoordinates {com.bbn, test-service1, 1}" : {
          "DATARATE_TX" : 2.039999999999997E-4,
          "DATARATE_RX" : 4.079999999999994E-4
        }
      }
    },
    "D" : {
      "(C, D, D)" : {
        "AppCoordinates {com.bbn, test-service3, 1}" : {
          "DATARATE_TX" : 1.6999999999999982E-4,
          "DATARATE_RX" : 8.499999999999991E-5
        },
        "AppCoordinates {com.bbn, test-service2, 1}" : {
          "DATARATE_TX" : 2.639999999999997E-4,
          "DATARATE_RX" : 1.3199999999999985E-4
        },
        "AppCoordinates {com.bbn, test-service1, 1}" : {
          "DATARATE_TX" : 4.079999999999994E-4,
          "DATARATE_RX" : 2.039999999999997E-4
        }
      }
    }
  },
  "networkDemand" : {
    "C" : {
      "(D, C, D)" : {
        "AppCoordinates {com.bbn, test-service3, 1}" : {
          "DATARATE_TX" : 8.293333333333325E-5,
          "DATARATE_RX" : 1.658666666666665E-4
        },
        "AppCoordinates {com.bbn, test-service2, 1}" : {
          "DATARATE_TX" : 1.284986293859649E-4,
          "DATARATE_RX" : 2.569972587719298E-4
        },
        "AppCoordinates {com.bbn, test-service1, 1}" : {
          "DATARATE_TX" : 1.9898638728828324E-4,
          "DATARATE_RX" : 3.979727745765665E-4
        }
      }
    },
    "D" : {
      "(C, D, D)" : {
        "AppCoordinates {com.bbn, test-service3, 1}" : {
          "DATARATE_TX" : 1.658666666666665E-4,
          "DATARATE_RX" : 8.293333333333325E-5
        },
        "AppCoordinates {com.bbn, test-service2, 1}" : {
          "DATARATE_TX" : 2.569972587719298E-4,
          "DATARATE_RX" : 1.284986293859649E-4
        },
        "AppCoordinates {com.bbn, test-service1, 1}" : {
          "DATARATE_TX" : 3.9797277457656653E-4,
          "DATARATE_RX" : 1.9898638728828327E-4
        }
      }
    }
  },
  "maximumServiceContainers" : 20,
  "allocatedServiceContainers" : 0,
  "serverAverageProcessingTime" : { },
  "availableServiceContainers" : 20,
  "nullSummary" : false
}