198,1,DNS_UPDATE_SUCCEEDED
40822,82,RLG_PLAN_PUBLISHED
40823,82,DCOP_PLAN_PLUBLIED
41324,83,DNS_UPDATE_SUCCEEDED
220984,439,DCOP_PLAN_PLUBLIED
221045,439,RLG_PLAN_PUBLISHED
340974,677,DCOP_PLAN_PLUBLIED
341199,678,RLG_PLAN_PUBLISHED
341513,679,DNS_UPDATE_SUCCEEDED
460974,916,DCOP_PLAN_PLUBLIED
461373,916,RLG_PLAN_PUBLISHED
461399,917,DNS_UPDATE_SUCCEEDED
580919,1154,DCOP_PLAN_PLUBLIED
581501,1155,RLG_PLAN_PUBLISHED
581788,1156,DNS_UPDATE_SUCCEEDED
700966,1392,DCOP_PLAN_PLUBLIED
701685,1393,RLG_PLAN_PUBLISHED
701730,1394,DNS_UPDATE_SUCCEEDED
820943,1630,DCOP_PLAN_PLUBLIED
821857,1632,RLG_PLAN_PUBLISHED
822169,1633,DNS_UPDATE_SUCCEEDED
941323,1868,DCOP_PLAN_PLUBLIED
942102,1869,RLG_PLAN_PUBLISHED
942191,1870,DNS_UPDATE_SUCCEEDED
1061345,2105,DCOP_PLAN_PLUBLIED
1062376,2107,RLG_PLAN_PUBLISHED
1062858,2108,DNS_UPDATE_SUCCEEDED
1181286,2341,DCOP_PLAN_PLUBLIED
1182655,2344,RLG_PLAN_PUBLISHED
1182929,2345,DNS_UPDATE_SUCCEEDED
1301319,2578,DCOP_PLAN_PLUBLIED
1302916,2581,RLG_PLAN_PUBLISHED
1303062,2582,DNS_UPDATE_SUCCEEDED
1421419,2816,DCOP_PLAN_PLUBLIED
1423140,2819,RLG_PLAN_PUBLISHED
1423273,2820,DNS_UPDATE_SUCCEEDED
1540953,3053,DCOP_PLAN_PLUBLIED
1543269,3058,RLG_PLAN_PUBLISHED
1543659,3059,DNS_UPDATE_SUCCEEDED
1661001,3291,DCOP_PLAN_PLUBLIED
1663431,3296,RLG_PLAN_PUBLISHED
1663567,3297,DNS_UPDATE_SUCCEEDED
1781434,3531,DCOP_PLAN_PLUBLIED
1783588,3535,RLG_PLAN_PUBLISHED
1783927,3536,DNS_UPDATE_SUCCEEDED
