1083,1,DNS_UPDATE_SUCCEEDED
1136,2,DCOP_PLAN_PLUBLIED
1157,2,RLG_PLAN_PUBLISHED
106264,212,DCOP_PLAN_PLUBLIED
109145,218,RLG_PLAN_PUBLISHED
109621,219,DNS_UPDATE_SUCCEEDED
110121,220,DNS_UPDATE_SUCCEEDED
112142,224,RLG_PLAN_PUBLISHED
112627,225,DNS_UPDATE_SUCCEEDED
166148,332,RLG_PLAN_PUBLISHED
166205,332,DCOP_PLAN_PLUBLIED
166648,333,DNS_UPDATE_SUCCEEDED
167146,334,DNS_UPDATE_SUCCEEDED
169148,338,RLG_PLAN_PUBLISHED
169640,339,DNS_UPDATE_SUCCEEDED
226159,451,RLG_PLAN_PUBLISHED
226197,452,DNS_UPDATE_SUCCEEDED
226203,452,DCOP_PLAN_PLUBLIED
229160,457,RLG_PLAN_PUBLISHED
229185,458,DNS_UPDATE_SUCCEEDED
229693,459,DNS_UPDATE_SUCCEEDED
232160,463,RLG_PLAN_PUBLISHED
232188,464,DNS_UPDATE_SUCCEEDED
286211,572,DCOP_PLAN_PLUBLIED
289171,577,RLG_PLAN_PUBLISHED
289197,578,DNS_UPDATE_SUCCEEDED
346237,692,DCOP_PLAN_PLUBLIED
349188,697,RLG_PLAN_PUBLISHED
349217,698,DNS_UPDATE_SUCCEEDED
406229,811,DCOP_PLAN_PLUBLIED
409189,817,RLG_PLAN_PUBLISHED
409246,818,DNS_UPDATE_SUCCEEDED
466239,931,DCOP_PLAN_PLUBLIED
469192,937,RLG_PLAN_PUBLISHED
469270,938,DNS_UPDATE_SUCCEEDED
526235,1051,DCOP_PLAN_PLUBLIED
529201,1057,RLG_PLAN_PUBLISHED
529306,1058,DNS_UPDATE_SUCCEEDED
586226,1171,DCOP_PLAN_PLUBLIED
589200,1177,RLG_PLAN_PUBLISHED
589334,1178,DNS_UPDATE_SUCCEEDED
630003,1259,DCOP_PLAN_PLUBLIED
