{
  "clientName" : "clientPoolE",
  "clientRegion" : {
    "name" : "E"
  },
  "numRequestsAttempted" : 5200,
  "numRequestsSucceeded" : 2667,
  "numRequestsFailedForServerLoad" : 2533,
  "numRequestsFailedForNetworkLoad" : 0,
  "numRequestsSlowForServerLoad" : 1151,
  "numRequestsSlowForNetworkLoad" : 0,
  "numRequestsSlowForNetworkAndServerLoad" : 0,
  "numRequestsServicedByRegion" : {
    "A" : 48,
    "C" : 605,
    "D" : 406,
    "E" : 1516,
    "I" : 92
  },
  "numRequestsFailedForDownNode" : 0
}