{
  "clientName" : "clientPoolI",
  "clientRegion" : {
    "name" : "I"
  },
  "numRequestsAttempted" : 5200,
  "numRequestsSucceeded" : 2455,
  "numRequestsFailedForServerLoad" : 2745,
  "numRequestsFailedForNetworkLoad" : 0,
  "numRequestsSlowForServerLoad" : 1125,
  "numRequestsSlowForNetworkLoad" : 0,
  "numRequestsSlowForNetworkAndServerLoad" : 0,
  "numRequestsServicedByRegion" : {
    "A" : 726,
    "C" : 86,
    "D" : 51,
    "F" : 102,
    "I" : 1490
  },
  "numRequestsFailedForDownNode" : 0
}