{
  "nodeName" : {
    "name" : "nodeJ"
  },
  "timestamp" : 72494,
  "demandEstimationWindow" : "LONG",
  "nodeComputeCapacity" : {
    "CPU" : 8.0,
    "MEMORY" : 1.6E10,
    "DISK" : 10.0,
    "TASK_CONTAINERS" : 8.0
  },
  "networkCapacity" : {
    "interface-nodeD ( nodeD )" : {
      "DATARATE_RX" : 100.0,
      "DATARATE_TX" : 100.0
    },
    "interface-nodeB ( nodeB )" : {
      "DATARATE_RX" : 100.0,
      "DATARATE_TX" : 100.0
    },
    "interface-nodeG ( nodeG )" : {
      "DATARATE_RX" : 100.0,
      "DATARATE_TX" : 100.0
    }
  },
  "networkLoad" : {
    "interface-nodeD ( nodeD )" : {
      "(nodeJ_c04, clientPoolD, nodeJ_c04)" : {
        "AppCoordinates {com.bbn, test-service3, 1}" : {
          "DATARATE_TX" : 6.299999999999992E-5,
          "DATARATE_RX" : 1.2599999999999984E-4
        }
      },
      "(nodeJ_c03, clientPoolD, nodeJ_c03)" : {
        "AppCoordinates {com.bbn, test-service1, 1}" : {
          "DATARATE_TX" : 6.299999999999992E-5,
          "DATARATE_RX" : 1.2599999999999984E-4
        }
      },
      "(nodeJ_c06, clientPoolD, nodeJ_c06)" : {
        "AppCoordinates {com.bbn, test-service2, 1}" : {
          "DATARATE_TX" : 2.800000000000001E-5,
          "DATARATE_RX" : 5.600000000000002E-5
        }
      },
      "(nodeJ_c05, clientPoolD, nodeJ_c05)" : {
        "AppCoordinates {com.bbn, test-service2, 1}" : {
          "DATARATE_TX" : 6.79999999999999E-5,
          "DATARATE_RX" : 1.359999999999998E-4
        }
      },
      "(nodeJ_c05, clientPoolI, nodeJ_c05)" : {
        "AppCoordinates {com.bbn, test-service2, 1}" : {
          "DATARATE_TX" : 6.699999999999991E-5,
          "DATARATE_RX" : 1.3399999999999981E-4
        }
      },
      "(nodeJ_c00, clientPoolD, nodeJ_c00)" : {
        "AppCoordinates {com.bbn, test-service1, 1}" : {
          "DATARATE_TX" : 6.599999999999991E-5,
          "DATARATE_RX" : 1.3199999999999982E-4
        }
      },
      "(nodeJ_c04, clientPoolI, nodeJ_c04)" : {
        "AppCoordinates {com.bbn, test-service3, 1}" : {
          "DATARATE_TX" : 6.99999999999999E-5,
          "DATARATE_RX" : 1.399999999999998E-4
        }
      },
      "(nodeJ_c02, clientPoolD, nodeJ_c02)" : {
        "AppCoordinates {com.bbn, test-service3, 1}" : {
          "DATARATE_TX" : 6.699999999999991E-5,
          "DATARATE_RX" : 1.3399999999999981E-4
        }
      },
      "(nodeJ_c06, clientPoolI, nodeJ_c06)" : {
        "AppCoordinates {com.bbn, test-service2, 1}" : {
          "DATARATE_TX" : 3.100000000000001E-5,
          "DATARATE_RX" : 6.200000000000002E-5
        }
      },
      "(nodeJ_c01, clientPoolD, nodeJ_c01)" : {
        "AppCoordinates {com.bbn, test-service2, 1}" : {
          "DATARATE_TX" : 6.699999999999991E-5,
          "DATARATE_RX" : 1.3399999999999981E-4
        }
      },
      "(nodeJ_c01, clientPoolI, nodeJ_c01)" : {
        "AppCoordinates {com.bbn, test-service2, 1}" : {
          "DATARATE_TX" : 6.599999999999991E-5,
          "DATARATE_RX" : 1.3199999999999982E-4
        }
      },
      "(nodeJ_c00, clientPoolI, nodeJ_c00)" : {
        "AppCoordinates {com.bbn, test-service1, 1}" : {
          "DATARATE_TX" : 6.699999999999991E-5,
          "DATARATE_RX" : 1.3399999999999981E-4
        }
      },
      "(nodeJ_c03, clientPoolI, nodeJ_c03)" : {
        "AppCoordinates {com.bbn, test-service1, 1}" : {
          "DATARATE_TX" : 6.99999999999999E-5,
          "DATARATE_RX" : 1.399999999999998E-4
        }
      },
      "(nodeJ_c02, clientPoolI, nodeJ_c02)" : {
        "AppCoordinates {com.bbn, test-service3, 1}" : {
          "DATARATE_TX" : 6.599999999999991E-5,
          "DATARATE_RX" : 1.3199999999999982E-4
        }
      }
    },
    "interface-nodeB ( nodeB )" : { },
    "interface-nodeG ( nodeG )" : { }
  },
  "networkDemand" : {
    "interface-nodeD ( nodeD )" : {
      "(nodeJ_c04, clientPoolD, nodeJ_c04)" : {
        "AppCoordinates {com.bbn, test-service3, 1}" : {
          "DATARATE_TX" : 5.058823529411759E-5,
          "DATARATE_RX" : 1.0117647058823518E-4
        }
      },
      "(nodeJ_c03, clientPoolD, nodeJ_c03)" : {
        "AppCoordinates {com.bbn, test-service1, 1}" : {
          "DATARATE_TX" : 6.038571428571428E-5,
          "DATARATE_RX" : 1.2077142857142856E-4
        }
      },
      "(nodeJ_c06, clientPoolD, nodeJ_c06)" : {
        "AppCoordinates {com.bbn, test-service2, 1}" : {
          "DATARATE_TX" : 2.6657142857142876E-5,
          "DATARATE_RX" : 5.331428571428575E-5
        }
      },
      "(nodeJ_c05, clientPoolD, nodeJ_c05)" : {
        "AppCoordinates {com.bbn, test-service2, 1}" : {
          "DATARATE_TX" : 6.297872340425523E-5,
          "DATARATE_RX" : 1.2595744680851047E-4
        }
      },
      "(nodeJ_c00, clientPoolD, nodeJ_c00)" : {
        "AppCoordinates {com.bbn, test-service1, 1}" : {
          "DATARATE_TX" : 6.444705882352942E-5,
          "DATARATE_RX" : 1.2889411764705885E-4
        }
      },
      "(nodeJ_c05, clientPoolI, nodeJ_c05)" : {
        "AppCoordinates {com.bbn, test-service2, 1}" : {
          "DATARATE_TX" : 6.18936170212765E-5,
          "DATARATE_RX" : 1.23787234042553E-4
        }
      },
      "(nodeJ_c04, clientPoolI, nodeJ_c04)" : {
        "AppCoordinates {com.bbn, test-service3, 1}" : {
          "DATARATE_TX" : 5.78823529411764E-5,
          "DATARATE_RX" : 1.157647058823528E-4
        }
      },
      "(nodeJ_c02, clientPoolD, nodeJ_c02)" : {
        "AppCoordinates {com.bbn, test-service3, 1}" : {
          "DATARATE_TX" : 6.271874999999995E-5,
          "DATARATE_RX" : 1.254374999999999E-4
        }
      },
      "(nodeJ_c06, clientPoolI, nodeJ_c06)" : {
        "AppCoordinates {com.bbn, test-service2, 1}" : {
          "DATARATE_TX" : 2.9514285714285715E-5,
          "DATARATE_RX" : 5.902857142857143E-5
        }
      },
      "(nodeJ_c01, clientPoolD, nodeJ_c01)" : {
        "AppCoordinates {com.bbn, test-service2, 1}" : {
          "DATARATE_TX" : 6.49322033898304E-5,
          "DATARATE_RX" : 1.298644067796608E-4
        }
      },
      "(nodeJ_c01, clientPoolI, nodeJ_c01)" : {
        "AppCoordinates {com.bbn, test-service2, 1}" : {
          "DATARATE_TX" : 6.396610169491523E-5,
          "DATARATE_RX" : 1.2793220338983046E-4
        }
      },
      "(nodeJ_c00, clientPoolI, nodeJ_c00)" : {
        "AppCoordinates {com.bbn, test-service1, 1}" : {
          "DATARATE_TX" : 6.547058823529407E-5,
          "DATARATE_RX" : 1.3094117647058815E-4
        }
      },
      "(nodeJ_c03, clientPoolI, nodeJ_c03)" : {
        "AppCoordinates {com.bbn, test-service1, 1}" : {
          "DATARATE_TX" : 6.68714285714284E-5,
          "DATARATE_RX" : 1.337428571428568E-4
        }
      },
      "(nodeJ_c02, clientPoolI, nodeJ_c02)" : {
        "AppCoordinates {com.bbn, test-service3, 1}" : {
          "DATARATE_TX" : 6.15624999999999E-5,
          "DATARATE_RX" : 1.231249999999998E-4
        }
      }
    },
    "interface-nodeB ( nodeB )" : { },
    "interface-nodeG ( nodeG )" : { }
  },
  "containerReports" : {
    "nodeJ_c05" : {
      "containerName" : {
        "name" : "nodeJ_c05"
      },
      "timestamp" : 72494,
      "service" : {
        "group" : "com.bbn",
        "artifact" : "test-service2",
        "version" : "1"
      },
      "serviceStatus" : "RUNNING",
      "demandEstimationWindow" : "LONG",
      "computeCapacity" : {
        "CPU" : 1.0,
        "TASK_CONTAINERS" : 100.0,
        "QueueLength" : 1000000.0
      },
      "computeLoad" : {
        "UNKNOWN" : {
          "QueueLength" : 200.0,
          "TASK_CONTAINERS" : 100.0
        }
      },
      "computeDemand" : {
        "UNKNOWN" : {
          "QueueLength" : 173.92,
          "TASK_CONTAINERS" : 90.58333333333333
        }
      },
      "averageProcessingTime" : "NaN",
      "networkCapacity" : {
        "interface-nodeJ ( nodeJ )" : {
          "DATARATE_TX" : 100.0,
          "DATARATE_RX" : 100.0
        }
      },
      "networkLoad" : {
        "interface-nodeJ ( nodeJ )" : {
          "(clientPoolD, nodeJ_c05, nodeJ_c05)" : {
            "AppCoordinates {com.bbn, test-service2, 1}" : {
              "DATARATE_TX" : 2.1999999999999957E-4,
              "DATARATE_RX" : 1.0999999999999979E-4
            }
          },
          "(clientPoolI, nodeJ_c05, nodeJ_c05)" : {
            "AppCoordinates {com.bbn, test-service2, 1}" : {
              "DATARATE_TX" : 2.2399999999999956E-4,
              "DATARATE_RX" : 1.1199999999999978E-4
            }
          },
          "(clientPoolJ, nodeJ_c05, nodeJ_c05)" : {
            "AppCoordinates {com.bbn, test-service2, 1}" : {
              "DATARATE_TX" : 2.2199999999999957E-4,
              "DATARATE_RX" : 1.1099999999999978E-4
            }
          }
        }
      },
      "networkDemand" : {
        "interface-nodeJ ( nodeJ )" : {
          "(clientPoolD, nodeJ_c05, nodeJ_c05)" : {
            "AppCoordinates {com.bbn, test-service2, 1}" : {
              "DATARATE_TX" : 1.899999999999997E-4,
              "DATARATE_RX" : 9.499999999999986E-5
            }
          },
          "(clientPoolI, nodeJ_c05, nodeJ_c05)" : {
            "AppCoordinates {com.bbn, test-service2, 1}" : {
              "DATARATE_TX" : 1.924680851063826E-4,
              "DATARATE_RX" : 9.62340425531913E-5
            }
          },
          "(clientPoolJ, nodeJ_c05, nodeJ_c05)" : {
            "AppCoordinates {com.bbn, test-service2, 1}" : {
              "DATARATE_TX" : 1.910638297872338E-4,
              "DATARATE_RX" : 9.55319148936169E-5
            }
          }
        }
      }
    },
    "nodeJ_c04" : {
      "containerName" : {
        "name" : "nodeJ_c04"
      },
      "timestamp" : 72495,
      "service" : {
        "group" : "com.bbn",
        "artifact" : "test-service3",
        "version" : "1"
      },
      "serviceStatus" : "RUNNING",
      "demandEstimationWindow" : "LONG",
      "computeCapacity" : {
        "CPU" : 1.0,
        "TASK_CONTAINERS" : 100.0,
        "QueueLength" : 1000000.0
      },
      "computeLoad" : {
        "UNKNOWN" : {
          "QueueLength" : 200.0,
          "TASK_CONTAINERS" : 100.0
        }
      },
      "computeDemand" : {
        "UNKNOWN" : {
          "QueueLength" : 138.3,
          "TASK_CONTAINERS" : 76.83333333333333
        }
      },
      "averageProcessingTime" : "NaN",
      "networkCapacity" : {
        "interface-nodeJ ( nodeJ )" : {
          "DATARATE_TX" : 100.0,
          "DATARATE_RX" : 100.0
        }
      },
      "networkLoad" : {
        "interface-nodeJ ( nodeJ )" : {
          "(clientPoolD, nodeJ_c04, nodeJ_c04)" : {
            "AppCoordinates {com.bbn, test-service3, 1}" : {
              "DATARATE_TX" : 1.8799999999999966E-4,
              "DATARATE_RX" : 9.399999999999983E-5
            }
          },
          "(clientPoolI, nodeJ_c04, nodeJ_c04)" : {
            "AppCoordinates {com.bbn, test-service3, 1}" : {
              "DATARATE_TX" : 1.9999999999999963E-4,
              "DATARATE_RX" : 9.999999999999982E-5
            }
          },
          "(clientPoolJ, nodeJ_c04, nodeJ_c04)" : {
            "AppCoordinates {com.bbn, test-service3, 1}" : {
              "DATARATE_TX" : 1.9199999999999965E-4,
              "DATARATE_RX" : 9.599999999999983E-5
            }
          }
        }
      },
      "networkDemand" : {
        "interface-nodeJ ( nodeJ )" : {
          "(clientPoolD, nodeJ_c04, nodeJ_c04)" : {
            "AppCoordinates {com.bbn, test-service3, 1}" : {
              "DATARATE_TX" : 1.319999999999998E-4,
              "DATARATE_RX" : 6.59999999999999E-5
            }
          },
          "(clientPoolI, nodeJ_c04, nodeJ_c04)" : {
            "AppCoordinates {com.bbn, test-service3, 1}" : {
              "DATARATE_TX" : 1.4623529411764683E-4,
              "DATARATE_RX" : 7.311764705882342E-5
            }
          },
          "(clientPoolJ, nodeJ_c04, nodeJ_c04)" : {
            "AppCoordinates {com.bbn, test-service3, 1}" : {
              "DATARATE_TX" : 1.3929411764705858E-4,
              "DATARATE_RX" : 6.964705882352929E-5
            }
          }
        }
      }
    },
    "nodeJ_c01" : {
      "containerName" : {
        "name" : "nodeJ_c01"
      },
      "timestamp" : 72495,
      "service" : {
        "group" : "com.bbn",
        "artifact" : "test-service2",
        "version" : "1"
      },
      "serviceStatus" : "RUNNING",
      "demandEstimationWindow" : "LONG",
      "computeCapacity" : {
        "CPU" : 1.0,
        "TASK_CONTAINERS" : 100.0,
        "QueueLength" : 1000000.0
      },
      "computeLoad" : {
        "UNKNOWN" : {
          "QueueLength" : 200.0,
          "TASK_CONTAINERS" : 100.0
        }
      },
      "computeDemand" : {
        "UNKNOWN" : {
          "QueueLength" : 77.68027210884354,
          "TASK_CONTAINERS" : 95.15833333333333
        }
      },
      "averageProcessingTime" : "NaN",
      "networkCapacity" : {
        "interface-nodeJ ( nodeJ )" : {
          "DATARATE_TX" : 100.0,
          "DATARATE_RX" : 100.0
        }
      },
      "networkLoad" : {
        "interface-nodeJ ( nodeJ )" : {
          "(clientPoolD, nodeJ_c01, nodeJ_c01)" : {
            "AppCoordinates {com.bbn, test-service2, 1}" : {
              "DATARATE_TX" : 5.239999999999997E-4,
              "DATARATE_RX" : 2.6199999999999986E-4
            }
          },
          "(clientPoolI, nodeJ_c01, nodeJ_c01)" : {
            "AppCoordinates {com.bbn, test-service2, 1}" : {
              "DATARATE_TX" : 5.139999999999995E-4,
              "DATARATE_RX" : 2.5699999999999974E-4
            }
          },
          "(clientPoolJ, nodeJ_c01, nodeJ_c01)" : {
            "AppCoordinates {com.bbn, test-service2, 1}" : {
              "DATARATE_TX" : 5.099999999999994E-4,
              "DATARATE_RX" : 2.549999999999997E-4
            }
          }
        }
      },
      "networkDemand" : {
        "interface-nodeJ ( nodeJ )" : {
          "(clientPoolD, nodeJ_c01, nodeJ_c01)" : {
            "AppCoordinates {com.bbn, test-service2, 1}" : {
              "DATARATE_TX" : 4.3132203389830483E-4,
              "DATARATE_RX" : 2.1566101694915242E-4
            }
          },
          "(clientPoolI, nodeJ_c01, nodeJ_c01)" : {
            "AppCoordinates {com.bbn, test-service2, 1}" : {
              "DATARATE_TX" : 4.2562711864406726E-4,
              "DATARATE_RX" : 2.1281355932203363E-4
            }
          },
          "(clientPoolJ, nodeJ_c01, nodeJ_c01)" : {
            "AppCoordinates {com.bbn, test-service2, 1}" : {
              "DATARATE_TX" : 4.2406779661016903E-4,
              "DATARATE_RX" : 2.1203389830508451E-4
            }
          }
        }
      }
    },
    "nodeJ_c00" : {
      "containerName" : {
        "name" : "nodeJ_c00"
      },
      "timestamp" : 72496,
      "service" : {
        "group" : "com.bbn",
        "artifact" : "test-service1",
        "version" : "1"
      },
      "serviceStatus" : "RUNNING",
      "demandEstimationWindow" : "LONG",
      "computeCapacity" : {
        "CPU" : 1.0,
        "TASK_CONTAINERS" : 100.0,
        "QueueLength" : 1000000.0
      },
      "computeLoad" : {
        "UNKNOWN" : {
          "QueueLength" : 200.0,
          "TASK_CONTAINERS" : 100.0
        }
      },
      "computeDemand" : {
        "UNKNOWN" : {
          "QueueLength" : 112.87074829931973,
          "TASK_CONTAINERS" : 96.46511627906976
        }
      },
      "averageProcessingTime" : "NaN",
      "networkCapacity" : {
        "interface-nodeJ ( nodeJ )" : {
          "DATARATE_TX" : 100.0,
          "DATARATE_RX" : 100.0
        }
      },
      "networkLoad" : {
        "interface-nodeJ ( nodeJ )" : {
          "(clientPoolD, nodeJ_c00, nodeJ_c00)" : {
            "AppCoordinates {com.bbn, test-service1, 1}" : {
              "DATARATE_TX" : 6.200000000000021E-4,
              "DATARATE_RX" : 3.1000000000000103E-4
            }
          },
          "(clientPoolI, nodeJ_c00, nodeJ_c00)" : {
            "AppCoordinates {com.bbn, test-service1, 1}" : {
              "DATARATE_TX" : 6.18000000000002E-4,
              "DATARATE_RX" : 3.09000000000001E-4
            }
          },
          "(clientPoolJ, nodeJ_c00, nodeJ_c00)" : {
            "AppCoordinates {com.bbn, test-service1, 1}" : {
              "DATARATE_TX" : 6.140000000000019E-4,
              "DATARATE_RX" : 3.0700000000000096E-4
            }
          }
        }
      },
      "networkDemand" : {
        "interface-nodeJ ( nodeJ )" : {
          "(clientPoolD, nodeJ_c00, nodeJ_c00)" : {
            "AppCoordinates {com.bbn, test-service1, 1}" : {
              "DATARATE_TX" : 5.432941176470607E-4,
              "DATARATE_RX" : 2.716470588235303E-4
            }
          },
          "(clientPoolI, nodeJ_c00, nodeJ_c00)" : {
            "AppCoordinates {com.bbn, test-service1, 1}" : {
              "DATARATE_TX" : 5.415058823529419E-4,
              "DATARATE_RX" : 2.7075294117647093E-4
            }
          },
          "(clientPoolJ, nodeJ_c00, nodeJ_c00)" : {
            "AppCoordinates {com.bbn, test-service1, 1}" : {
              "DATARATE_TX" : 5.387294117647079E-4,
              "DATARATE_RX" : 2.6936470588235394E-4
            }
          }
        }
      }
    },
    "nodeJ_c03" : {
      "containerName" : {
        "name" : "nodeJ_c03"
      },
      "timestamp" : 72497,
      "service" : {
        "group" : "com.bbn",
        "artifact" : "test-service1",
        "version" : "1"
      },
      "serviceStatus" : "RUNNING",
      "demandEstimationWindow" : "LONG",
      "computeCapacity" : {
        "CPU" : 1.0,
        "TASK_CONTAINERS" : 100.0,
        "QueueLength" : 1000000.0
      },
      "computeLoad" : {
        "UNKNOWN" : {
          "QueueLength" : 200.0,
          "TASK_CONTAINERS" : 100.0
        }
      },
      "computeDemand" : {
        "UNKNOWN" : {
          "QueueLength" : 183.27397260273972,
          "TASK_CONTAINERS" : 94.21830985915493
        }
      },
      "averageProcessingTime" : "NaN",
      "networkCapacity" : {
        "interface-nodeJ ( nodeJ )" : {
          "DATARATE_TX" : 100.0,
          "DATARATE_RX" : 100.0
        }
      },
      "networkLoad" : {
        "interface-nodeJ ( nodeJ )" : {
          "(clientPoolD, nodeJ_c03, nodeJ_c03)" : {
            "AppCoordinates {com.bbn, test-service1, 1}" : {
              "DATARATE_TX" : 1.7999999999999969E-4,
              "DATARATE_RX" : 8.999999999999984E-5
            }
          },
          "(clientPoolJ, nodeJ_c03, nodeJ_c03)" : {
            "AppCoordinates {com.bbn, test-service1, 1}" : {
              "DATARATE_TX" : 1.8599999999999967E-4,
              "DATARATE_RX" : 9.299999999999983E-5
            }
          },
          "(clientPoolI, nodeJ_c03, nodeJ_c03)" : {
            "AppCoordinates {com.bbn, test-service1, 1}" : {
              "DATARATE_TX" : 1.8199999999999968E-4,
              "DATARATE_RX" : 9.099999999999984E-5
            }
          }
        }
      },
      "networkDemand" : {
        "interface-nodeJ ( nodeJ )" : {
          "(clientPoolD, nodeJ_c03, nodeJ_c03)" : {
            "AppCoordinates {com.bbn, test-service1, 1}" : {
              "DATARATE_TX" : 1.6811428571428534E-4,
              "DATARATE_RX" : 8.405714285714267E-5
            }
          },
          "(clientPoolJ, nodeJ_c03, nodeJ_c03)" : {
            "AppCoordinates {com.bbn, test-service1, 1}" : {
              "DATARATE_TX" : 1.7365714285714272E-4,
              "DATARATE_RX" : 8.682857142857136E-5
            }
          },
          "(clientPoolI, nodeJ_c03, nodeJ_c03)" : {
            "AppCoordinates {com.bbn, test-service1, 1}" : {
              "DATARATE_TX" : 1.7062857142857124E-4,
              "DATARATE_RX" : 8.531428571428562E-5
            }
          }
        }
      }
    },
    "nodeJ_c02" : {
      "containerName" : {
        "name" : "nodeJ_c02"
      },
      "timestamp" : 72497,
      "service" : {
        "group" : "com.bbn",
        "artifact" : "test-service3",
        "version" : "1"
      },
      "serviceStatus" : "RUNNING",
      "demandEstimationWindow" : "LONG",
      "computeCapacity" : {
        "CPU" : 1.0,
        "TASK_CONTAINERS" : 100.0,
        "QueueLength" : 1000000.0
      },
      "computeLoad" : {
        "UNKNOWN" : {
          "QueueLength" : 200.0,
          "TASK_CONTAINERS" : 100.0
        }
      },
      "computeDemand" : {
        "UNKNOWN" : {
          "QueueLength" : 40.585034013605444,
          "TASK_CONTAINERS" : 90.39393939393939
        }
      },
      "averageProcessingTime" : "NaN",
      "networkCapacity" : {
        "interface-nodeJ ( nodeJ )" : {
          "DATARATE_TX" : 100.0,
          "DATARATE_RX" : 100.0
        }
      },
      "networkLoad" : {
        "interface-nodeJ ( nodeJ )" : {
          "(clientPoolD, nodeJ_c02, nodeJ_c02)" : {
            "AppCoordinates {com.bbn, test-service3, 1}" : {
              "DATARATE_TX" : 6.120000000000019E-4,
              "DATARATE_RX" : 3.0600000000000093E-4
            }
          },
          "(clientPoolI, nodeJ_c02, nodeJ_c02)" : {
            "AppCoordinates {com.bbn, test-service3, 1}" : {
              "DATARATE_TX" : 6.000000000000016E-4,
              "DATARATE_RX" : 3.000000000000008E-4
            }
          },
          "(clientPoolJ, nodeJ_c02, nodeJ_c02)" : {
            "AppCoordinates {com.bbn, test-service3, 1}" : {
              "DATARATE_TX" : 6.080000000000018E-4,
              "DATARATE_RX" : 3.040000000000009E-4
            }
          }
        }
      },
      "networkDemand" : {
        "interface-nodeJ ( nodeJ )" : {
          "(clientPoolD, nodeJ_c02, nodeJ_c02)" : {
            "AppCoordinates {com.bbn, test-service3, 1}" : {
              "DATARATE_TX" : 4.116875000000001E-4,
              "DATARATE_RX" : 2.0584375000000005E-4
            }
          },
          "(clientPoolI, nodeJ_c02, nodeJ_c02)" : {
            "AppCoordinates {com.bbn, test-service3, 1}" : {
              "DATARATE_TX" : 4.0206249999999997E-4,
              "DATARATE_RX" : 2.0103124999999998E-4
            }
          },
          "(clientPoolJ, nodeJ_c02, nodeJ_c02)" : {
            "AppCoordinates {com.bbn, test-service3, 1}" : {
              "DATARATE_TX" : 4.0862500000000013E-4,
              "DATARATE_RX" : 2.0431250000000007E-4
            }
          }
        }
      }
    }
  },
  "maximumServiceContainers" : 8,
  "allocatedServiceContainers" : 6,
  "computeDemand" : {
    "AppCoordinates {com.bbn, test-service3, 1}" : {
      "UNKNOWN" : {
        "QueueLength" : 178.88503401360546,
        "TASK_CONTAINERS" : 167.22727272727272
      }
    },
    "AppCoordinates {com.bbn, test-service2, 1}" : {
      "UNKNOWN" : {
        "QueueLength" : 251.6002721088435,
        "TASK_CONTAINERS" : 185.74166666666667
      }
    },
    "AppCoordinates {com.bbn, test-service1, 1}" : {
      "UNKNOWN" : {
        "QueueLength" : 296.1447209020595,
        "TASK_CONTAINERS" : 190.6834261382247
      }
    }
  },
  "containerNetworkLoad" : {
    "interface-nodeJ ( nodeJ )" : {
      "(clientPoolI, nodeJ_c02, nodeJ_c02)" : {
        "AppCoordinates {com.bbn, test-service3, 1}" : {
          "DATARATE_TX" : 6.000000000000016E-4,
          "DATARATE_RX" : 3.000000000000008E-4
        }
      },
      "(clientPoolJ, nodeJ_c03, nodeJ_c03)" : {
        "AppCoordinates {com.bbn, test-service1, 1}" : {
          "DATARATE_TX" : 1.8599999999999967E-4,
          "DATARATE_RX" : 9.299999999999983E-5
        }
      },
      "(clientPoolJ, nodeJ_c02, nodeJ_c02)" : {
        "AppCoordinates {com.bbn, test-service3, 1}" : {
          "DATARATE_TX" : 6.080000000000018E-4,
          "DATARATE_RX" : 3.040000000000009E-4
        }
      },
      "(clientPoolI, nodeJ_c01, nodeJ_c01)" : {
        "AppCoordinates {com.bbn, test-service2, 1}" : {
          "DATARATE_TX" : 5.139999999999995E-4,
          "DATARATE_RX" : 2.5699999999999974E-4
        }
      },
      "(clientPoolI, nodeJ_c04, nodeJ_c04)" : {
        "AppCoordinates {com.bbn, test-service3, 1}" : {
          "DATARATE_TX" : 1.9999999999999963E-4,
          "DATARATE_RX" : 9.999999999999982E-5
        }
      },
      "(clientPoolJ, nodeJ_c05, nodeJ_c05)" : {
        "AppCoordinates {com.bbn, test-service2, 1}" : {
          "DATARATE_TX" : 2.2199999999999957E-4,
          "DATARATE_RX" : 1.1099999999999978E-4
        }
      },
      "(clientPoolI, nodeJ_c03, nodeJ_c03)" : {
        "AppCoordinates {com.bbn, test-service1, 1}" : {
          "DATARATE_TX" : 1.8199999999999968E-4,
          "DATARATE_RX" : 9.099999999999984E-5
        }
      },
      "(clientPoolJ, nodeJ_c04, nodeJ_c04)" : {
        "AppCoordinates {com.bbn, test-service3, 1}" : {
          "DATARATE_TX" : 1.9199999999999965E-4,
          "DATARATE_RX" : 9.599999999999983E-5
        }
      },
      "(clientPoolI, nodeJ_c00, nodeJ_c00)" : {
        "AppCoordinates {com.bbn, test-service1, 1}" : {
          "DATARATE_TX" : 6.18000000000002E-4,
          "DATARATE_RX" : 3.09000000000001E-4
        }
      },
      "(clientPoolJ, nodeJ_c01, nodeJ_c01)" : {
        "AppCoordinates {com.bbn, test-service2, 1}" : {
          "DATARATE_TX" : 5.099999999999994E-4,
          "DATARATE_RX" : 2.549999999999997E-4
        }
      },
      "(clientPoolJ, nodeJ_c00, nodeJ_c00)" : {
        "AppCoordinates {com.bbn, test-service1, 1}" : {
          "DATARATE_TX" : 6.140000000000019E-4,
          "DATARATE_RX" : 3.0700000000000096E-4
        }
      },
      "(clientPoolD, nodeJ_c05, nodeJ_c05)" : {
        "AppCoordinates {com.bbn, test-service2, 1}" : {
          "DATARATE_TX" : 2.1999999999999957E-4,
          "DATARATE_RX" : 1.0999999999999979E-4
        }
      },
      "(clientPoolD, nodeJ_c04, nodeJ_c04)" : {
        "AppCoordinates {com.bbn, test-service3, 1}" : {
          "DATARATE_TX" : 1.8799999999999966E-4,
          "DATARATE_RX" : 9.399999999999983E-5
        }
      },
      "(clientPoolD, nodeJ_c01, nodeJ_c01)" : {
        "AppCoordinates {com.bbn, test-service2, 1}" : {
          "DATARATE_TX" : 5.239999999999997E-4,
          "DATARATE_RX" : 2.6199999999999986E-4
        }
      },
      "(clientPoolD, nodeJ_c00, nodeJ_c00)" : {
        "AppCoordinates {com.bbn, test-service1, 1}" : {
          "DATARATE_TX" : 6.200000000000021E-4,
          "DATARATE_RX" : 3.1000000000000103E-4
        }
      },
      "(clientPoolI, nodeJ_c05, nodeJ_c05)" : {
        "AppCoordinates {com.bbn, test-service2, 1}" : {
          "DATARATE_TX" : 2.2399999999999956E-4,
          "DATARATE_RX" : 1.1199999999999978E-4
        }
      },
      "(clientPoolD, nodeJ_c03, nodeJ_c03)" : {
        "AppCoordinates {com.bbn, test-service1, 1}" : {
          "DATARATE_TX" : 1.7999999999999969E-4,
          "DATARATE_RX" : 8.999999999999984E-5
        }
      },
      "(clientPoolD, nodeJ_c02, nodeJ_c02)" : {
        "AppCoordinates {com.bbn, test-service3, 1}" : {
          "DATARATE_TX" : 6.120000000000019E-4,
          "DATARATE_RX" : 3.0600000000000093E-4
        }
      }
    }
  },
  "containerNetworkDemand" : {
    "interface-nodeJ ( nodeJ )" : {
      "(clientPoolI, nodeJ_c02, nodeJ_c02)" : {
        "AppCoordinates {com.bbn, test-service3, 1}" : {
          "DATARATE_TX" : 4.0206249999999997E-4,
          "DATARATE_RX" : 2.0103124999999998E-4
        }
      },
      "(clientPoolJ, nodeJ_c03, nodeJ_c03)" : {
        "AppCoordinates {com.bbn, test-service1, 1}" : {
          "DATARATE_TX" : 1.7365714285714272E-4,
          "DATARATE_RX" : 8.682857142857136E-5
        }
      },
      "(clientPoolJ, nodeJ_c02, nodeJ_c02)" : {
        "AppCoordinates {com.bbn, test-service3, 1}" : {
          "DATARATE_TX" : 4.0862500000000013E-4,
          "DATARATE_RX" : 2.0431250000000007E-4
        }
      },
      "(clientPoolI, nodeJ_c01, nodeJ_c01)" : {
        "AppCoordinates {com.bbn, test-service2, 1}" : {
          "DATARATE_TX" : 4.2562711864406726E-4,
          "DATARATE_RX" : 2.1281355932203363E-4
        }
      },
      "(clientPoolI, nodeJ_c04, nodeJ_c04)" : {
        "AppCoordinates {com.bbn, test-service3, 1}" : {
          "DATARATE_TX" : 1.4623529411764683E-4,
          "DATARATE_RX" : 7.311764705882342E-5
        }
      },
      "(clientPoolJ, nodeJ_c05, nodeJ_c05)" : {
        "AppCoordinates {com.bbn, test-service2, 1}" : {
          "DATARATE_TX" : 1.910638297872338E-4,
          "DATARATE_RX" : 9.55319148936169E-5
        }
      },
      "(clientPoolI, nodeJ_c03, nodeJ_c03)" : {
        "AppCoordinates {com.bbn, test-service1, 1}" : {
          "DATARATE_TX" : 1.7062857142857124E-4,
          "DATARATE_RX" : 8.531428571428562E-5
        }
      },
      "(clientPoolJ, nodeJ_c04, nodeJ_c04)" : {
        "AppCoordinates {com.bbn, test-service3, 1}" : {
          "DATARATE_TX" : 1.3929411764705858E-4,
          "DATARATE_RX" : 6.964705882352929E-5
        }
      },
      "(clientPoolI, nodeJ_c00, nodeJ_c00)" : {
        "AppCoordinates {com.bbn, test-service1, 1}" : {
          "DATARATE_TX" : 5.415058823529419E-4,
          "DATARATE_RX" : 2.7075294117647093E-4
        }
      },
      "(clientPoolJ, nodeJ_c01, nodeJ_c01)" : {
        "AppCoordinates {com.bbn, test-service2, 1}" : {
          "DATARATE_TX" : 4.2406779661016903E-4,
          "DATARATE_RX" : 2.1203389830508451E-4
        }
      },
      "(clientPoolJ, nodeJ_c00, nodeJ_c00)" : {
        "AppCoordinates {com.bbn, test-service1, 1}" : {
          "DATARATE_TX" : 5.387294117647079E-4,
          "DATARATE_RX" : 2.6936470588235394E-4
        }
      },
      "(clientPoolD, nodeJ_c05, nodeJ_c05)" : {
        "AppCoordinates {com.bbn, test-service2, 1}" : {
          "DATARATE_TX" : 1.899999999999997E-4,
          "DATARATE_RX" : 9.499999999999986E-5
        }
      },
      "(clientPoolD, nodeJ_c04, nodeJ_c04)" : {
        "AppCoordinates {com.bbn, test-service3, 1}" : {
          "DATARATE_TX" : 1.319999999999998E-4,
          "DATARATE_RX" : 6.59999999999999E-5
        }
      },
      "(clientPoolD, nodeJ_c01, nodeJ_c01)" : {
        "AppCoordinates {com.bbn, test-service2, 1}" : {
          "DATARATE_TX" : 4.3132203389830483E-4,
          "DATARATE_RX" : 2.1566101694915242E-4
        }
      },
      "(clientPoolD, nodeJ_c00, nodeJ_c00)" : {
        "AppCoordinates {com.bbn, test-service1, 1}" : {
          "DATARATE_TX" : 5.432941176470607E-4,
          "DATARATE_RX" : 2.716470588235303E-4
        }
      },
      "(clientPoolI, nodeJ_c05, nodeJ_c05)" : {
        "AppCoordinates {com.bbn, test-service2, 1}" : {
          "DATARATE_TX" : 1.924680851063826E-4,
          "DATARATE_RX" : 9.62340425531913E-5
        }
      },
      "(clientPoolD, nodeJ_c03, nodeJ_c03)" : {
        "AppCoordinates {com.bbn, test-service1, 1}" : {
          "DATARATE_TX" : 1.6811428571428534E-4,
          "DATARATE_RX" : 8.405714285714267E-5
        }
      },
      "(clientPoolD, nodeJ_c02, nodeJ_c02)" : {
        "AppCoordinates {com.bbn, test-service3, 1}" : {
          "DATARATE_TX" : 4.116875000000001E-4,
          "DATARATE_RX" : 2.0584375000000005E-4
        }
      }
    }
  },
  "computeLoad" : {
    "AppCoordinates {com.bbn, test-service3, 1}" : {
      "UNKNOWN" : {
        "QueueLength" : 400.0,
        "TASK_CONTAINERS" : 200.0
      }
    },
    "AppCoordinates {com.bbn, test-service2, 1}" : {
      "UNKNOWN" : {
        "QueueLength" : 400.0,
        "TASK_CONTAINERS" : 200.0
      }
    },
    "AppCoordinates {com.bbn, test-service1, 1}" : {
      "UNKNOWN" : {
        "QueueLength" : 400.0,
        "TASK_CONTAINERS" : 200.0
      }
    }
  },
  "availableServiceContainers" : 2,
  "averageProcessingTime" : { },
  "allocatedComputeCapacity" : {
    "CPU" : 6.0,
    "QueueLength" : 6000000.0,
    "TASK_CONTAINERS" : 600.0
  }
}