791,1,DNS_UPDATE_SUCCEEDED
835,2,DCOP_PLAN_PLUBLIED
857,2,RLG_PLAN_PUBLISHED
105943,212,DCOP_PLAN_PLUBLIED
108832,218,RLG_PLAN_PUBLISHED
109324,219,DNS_UPDATE_SUCCEEDED
109819,220,DNS_UPDATE_SUCCEEDED
111833,224,RLG_PLAN_PUBLISHED
112325,225,DNS_UPDATE_SUCCEEDED
132834,265,RLG_PLAN_PUBLISHED
132845,266,DNS_UPDATE_SUCCEEDED
133336,267,DNS_UPDATE_SUCCEEDED
135834,271,RLG_PLAN_PUBLISHED
135840,272,DNS_UPDATE_SUCCEEDED
165891,332,DCOP_PLAN_PLUBLIED
168835,337,RLG_PLAN_PUBLISHED
168844,338,DNS_UPDATE_SUCCEEDED
171835,343,RLG_PLAN_PUBLISHED
171838,344,DNS_UPDATE_SUCCEEDED
172344,345,DNS_UPDATE_SUCCEEDED
174851,349,RLG_PLAN_PUBLISHED
174859,350,DNS_UPDATE_SUCCEEDED
192852,385,RLG_PLAN_PUBLISHED
192866,386,DNS_UPDATE_SUCCEEDED
195852,391,RLG_PLAN_PUBLISHED
195879,392,DNS_UPDATE_SUCCEEDED
196382,393,DNS_UPDATE_SUCCEEDED
198852,397,RLG_PLAN_PUBLISHED
198891,398,DNS_UPDATE_SUCCEEDED
225857,451,RLG_PLAN_PUBLISHED
225891,452,DNS_UPDATE_SUCCEEDED
225899,452,DCOP_PLAN_PLUBLIED
228856,457,RLG_PLAN_PUBLISHED
228891,458,DNS_UPDATE_SUCCEEDED
229393,459,DNS_UPDATE_SUCCEEDED
231856,463,RLG_PLAN_PUBLISHED
231903,464,DNS_UPDATE_SUCCEEDED
285912,572,DCOP_PLAN_PLUBLIED
288860,577,RLG_PLAN_PUBLISHED
288903,578,DNS_UPDATE_SUCCEEDED
345904,691,DCOP_PLAN_PLUBLIED
348873,697,RLG_PLAN_PUBLISHED
348916,698,DNS_UPDATE_SUCCEEDED
405916,811,DCOP_PLAN_PLUBLIED
408879,817,RLG_PLAN_PUBLISHED
408935,818,DNS_UPDATE_SUCCEEDED
465904,931,DCOP_PLAN_PLUBLIED
468882,937,RLG_PLAN_PUBLISHED
468970,938,DNS_UPDATE_SUCCEEDED
525918,1051,DCOP_PLAN_PLUBLIED
528887,1057,RLG_PLAN_PUBLISHED
528988,1058,DNS_UPDATE_SUCCEEDED
585924,1171,DCOP_PLAN_PLUBLIED
588890,1177,RLG_PLAN_PUBLISHED
589000,1178,DNS_UPDATE_SUCCEEDED
630004,1260,DCOP_PLAN_PLUBLIED
