{
  "region" : {
    "name" : "D"
  },
  "timestamp" : 222787,
  "servicePlan" : {
    "nodeD" : [ {
      "id" : {
        "name" : "nodeD_c01"
      },
      "service" : {
        "group" : "com.bbn",
        "artifact" : "test-service2",
        "version" : "1"
      },
      "weight" : 1.0,
      "stopTrafficTo" : false,
      "stop" : false
    }, {
      "id" : {
        "name" : "nodeD_c03"
      },
      "service" : {
        "group" : "com.bbn",
        "artifact" : "test-service3",
        "version" : "1"
      },
      "weight" : 1.0,
      "stopTrafficTo" : false,
      "stop" : false
    } ]
  },
  "overflowPlan" : {
    "AppCoordinates {com.bbn, test-service3, 1}" : {
      "A" : 0.1612811284705835,
      "C" : 0.677437743058833,
      "H" : 0.0,
      "D" : 0.1612811284705835
    },
    "AppCoordinates {com.bbn, test-service2, 1}" : {
      "A" : 0.0,
      "C" : 0.853260003249586,
      "H" : 0.0,
      "D" : 0.14673999675041405
    },
    "AppCoordinates {com.bbn, test-service1, 1}" : {
      "A" : 0.0,
      "C" : 1.0,
      "H" : 0.0,
      "D" : 0.0
    }
  }
}