{
  "nodeName" : {
    "name" : "nodeC"
  },
  "timestamp" : 225988,
  "demandEstimationWindow" : "LONG",
  "nodeComputeCapacity" : {
    "CPU" : 4.0,
    "MEMORY" : 8.0E9,
    "DISK" : 10.0,
    "TASK_CONTAINERS" : 20.0
  },
  "networkCapacity" : {
    "interface-nodeD ( nodeD )" : {
      "DATARATE_RX" : 100.0,
      "DATARATE_TX" : 100.0
    },
    "interface-nodeE ( nodeE )" : {
      "DATARATE_RX" : 100.0,
      "DATARATE_TX" : 100.0
    },
    "interface-nodeI ( nodeI )" : {
      "DATARATE_RX" : 100.0,
      "DATARATE_TX" : 100.0
    },
    "interface-nodeF ( nodeF )" : {
      "DATARATE_RX" : 100.0,
      "DATARATE_TX" : 100.0
    },
    "interface-nodeG ( nodeG )" : {
      "DATARATE_RX" : 100.0,
      "DATARATE_TX" : 100.0
    },
    "interface-nodeL ( nodeL )" : {
      "DATARATE_RX" : 100.0,
      "DATARATE_TX" : 100.0
    },
    "interface-nodeJ ( nodeJ )" : {
      "DATARATE_RX" : 100.0,
      "DATARATE_TX" : 100.0
    },
    "interface-nodeO ( nodeO )" : {
      "DATARATE_RX" : 100.0,
      "DATARATE_TX" : 100.0
    }
  },
  "networkLoad" : {
    "interface-nodeD ( nodeD )" : {
      "(clientPoolC, nodeD_c01, nodeD_c01)" : {
        "AppCoordinates {com.bbn, test-service2, 1}" : {
          "DATARATE_TX" : 4.200000000000001E-5,
          "DATARATE_RX" : 2.1000000000000006E-5
        }
      }
    },
    "interface-nodeE ( nodeE )" : {
      "(clientPoolC, nodeE_c01, nodeE_c01)" : {
        "AppCoordinates {com.bbn, test-service3, 1}" : {
          "DATARATE_TX" : 6.8E-5,
          "DATARATE_RX" : 3.4E-5
        }
      },
      "(clientPoolC, nodeE_c00, nodeE_c00)" : {
        "AppCoordinates {com.bbn, test-service2, 1}" : {
          "DATARATE_TX" : -7.623296525288703E-21,
          "DATARATE_RX" : -3.8116482626443515E-21
        }
      }
    },
    "interface-nodeI ( nodeI )" : {
      "(clientPoolC, nodeK_c01, nodeK_c01)" : {
        "AppCoordinates {com.bbn, test-service2, 1}" : {
          "DATARATE_TX" : 1.1999999999999999E-5,
          "DATARATE_RX" : 5.999999999999999E-6
        }
      },
      "(clientPoolC, nodeK_c00, nodeK_c00)" : {
        "AppCoordinates {com.bbn, test-service1, 1}" : {
          "DATARATE_TX" : 4.000000000000001E-5,
          "DATARATE_RX" : 2.0000000000000005E-5
        }
      },
      "(clientPoolC, nodeM_c01, nodeM_c01)" : {
        "AppCoordinates {com.bbn, test-service2, 1}" : {
          "DATARATE_TX" : 1.6E-5,
          "DATARATE_RX" : 8.0E-6
        }
      },
      "(clientPoolC, nodeI_c01, nodeI_c01)" : {
        "AppCoordinates {com.bbn, test-service2, 1}" : {
          "DATARATE_TX" : 1.3999999999999998E-5,
          "DATARATE_RX" : 6.999999999999999E-6
        }
      }
    },
    "interface-nodeF ( nodeF )" : {
      "(clientPoolC, nodeF_c00, nodeF_c00)" : {
        "AppCoordinates {com.bbn, test-service2, 1}" : {
          "DATARATE_TX" : -7.623296525288703E-21,
          "DATARATE_RX" : -3.8116482626443515E-21
        }
      },
      "(clientPoolC, nodeF_c01, nodeF_c01)" : {
        "AppCoordinates {com.bbn, test-service3, 1}" : {
          "DATARATE_TX" : 7.199999999999999E-5,
          "DATARATE_RX" : 3.5999999999999994E-5
        }
      },
      "(clientPoolC, nodeN_c01, nodeN_c01)" : {
        "AppCoordinates {com.bbn, test-service2, 1}" : {
          "DATARATE_TX" : 8.470329472543003E-22,
          "DATARATE_RX" : 4.2351647362715017E-22
        }
      },
      "(clientPoolC, nodeN_c00, nodeN_c00)" : {
        "AppCoordinates {com.bbn, test-service3, 1}" : {
          "DATARATE_TX" : 4.0E-6,
          "DATARATE_RX" : 2.0E-6
        }
      }
    },
    "interface-nodeG ( nodeG )" : {
      "(clientPoolC, nodeG_c01, nodeG_c01)" : {
        "AppCoordinates {com.bbn, test-service2, 1}" : {
          "DATARATE_TX" : 2.541098841762901E-21,
          "DATARATE_RX" : 1.2705494208814505E-21
        }
      },
      "(clientPoolC, nodeG_c00, nodeG_c00)" : {
        "AppCoordinates {com.bbn, test-service3, 1}" : {
          "DATARATE_TX" : 0.0,
          "DATARATE_RX" : 0.0
        }
      },
      "(clientPoolC, nodeG_c04, nodeG_c04)" : {
        "AppCoordinates {com.bbn, test-service3, 1}" : {
          "DATARATE_TX" : 2.0E-6,
          "DATARATE_RX" : 1.0E-6
        }
      },
      "(clientPoolC, nodeG_c03, nodeG_c03)" : {
        "AppCoordinates {com.bbn, test-service3, 1}" : {
          "DATARATE_TX" : 2.0E-6,
          "DATARATE_RX" : 1.0E-6
        }
      }
    },
    "interface-nodeL ( nodeL )" : {
      "(clientPoolC, nodeL_c01, nodeL_c01)" : {
        "AppCoordinates {com.bbn, test-service2, 1}" : {
          "DATARATE_TX" : 2.0E-5,
          "DATARATE_RX" : 1.0E-5
        }
      }
    },
    "interface-nodeJ ( nodeJ )" : {
      "(clientPoolC, nodeJ_c03, nodeJ_c03)" : {
        "AppCoordinates {com.bbn, test-service2, 1}" : {
          "DATARATE_TX" : 4.0E-6,
          "DATARATE_RX" : 2.0E-6
        }
      },
      "(clientPoolC, nodeB_c07, nodeB_c07)" : {
        "AppCoordinates {com.bbn, test-service2, 1}" : {
          "DATARATE_TX" : 4.600000000000001E-5,
          "DATARATE_RX" : 2.3000000000000003E-5
        }
      },
      "(clientPoolC, nodeB_c04, nodeB_c04)" : {
        "AppCoordinates {com.bbn, test-service1, 1}" : {
          "DATARATE_TX" : -7.623296525288703E-21,
          "DATARATE_RX" : -3.8116482626443515E-21
        }
      },
      "(clientPoolC, nodeB_c03, nodeB_c03)" : {
        "AppCoordinates {com.bbn, test-service1, 1}" : {
          "DATARATE_TX" : 1.2199999999999985E-4,
          "DATARATE_RX" : 6.0999999999999924E-5
        }
      },
      "(clientPoolC, nodeB_c06, nodeB_c06)" : {
        "AppCoordinates {com.bbn, test-service2, 1}" : {
          "DATARATE_TX" : 5.200000000000001E-5,
          "DATARATE_RX" : 2.6000000000000005E-5
        }
      },
      "(clientPoolC, nodeB_c05, nodeB_c05)" : {
        "AppCoordinates {com.bbn, test-service3, 1}" : {
          "DATARATE_TX" : 2.6000000000000005E-5,
          "DATARATE_RX" : 1.3000000000000003E-5
        },
        "AppCoordinates {com.bbn, test-service1, 1}" : {
          "DATARATE_TX" : -7.623296525288703E-21,
          "DATARATE_RX" : -3.8116482626443515E-21
        }
      },
      "(clientPoolC, nodeB_c00, nodeB_c00)" : {
        "AppCoordinates {com.bbn, test-service1, 1}" : {
          "DATARATE_TX" : -7.623296525288703E-21,
          "DATARATE_RX" : -3.8116482626443515E-21
        }
      },
      "(clientPoolC, nodeB_c02, nodeB_c02)" : {
        "AppCoordinates {com.bbn, test-service3, 1}" : {
          "DATARATE_TX" : -7.623296525288703E-21,
          "DATARATE_RX" : -3.8116482626443515E-21
        },
        "AppCoordinates {com.bbn, test-service2, 1}" : {
          "DATARATE_TX" : 3.2E-5,
          "DATARATE_RX" : 1.6E-5
        }
      },
      "(clientPoolC, nodeB_c01, nodeB_c01)" : {
        "AppCoordinates {com.bbn, test-service3, 1}" : {
          "DATARATE_TX" : -7.623296525288703E-21,
          "DATARATE_RX" : -3.8116482626443515E-21
        },
        "AppCoordinates {com.bbn, test-service2, 1}" : {
          "DATARATE_TX" : 3.6E-5,
          "DATARATE_RX" : 1.8E-5
        }
      }
    },
    "interface-nodeO ( nodeO )" : {
      "(clientPoolC, nodeO_c02, nodeO_c02)" : {
        "AppCoordinates {com.bbn, test-service2, 1}" : {
          "DATARATE_TX" : 8.470329472543003E-22,
          "DATARATE_RX" : 4.2351647362715017E-22
        }
      },
      "(clientPoolC, nodeO_c03, nodeO_c03)" : {
        "AppCoordinates {com.bbn, test-service3, 1}" : {
          "DATARATE_TX" : 8.0E-6,
          "DATARATE_RX" : 4.0E-6
        }
      },
      "(clientPoolC, nodeO_c00, nodeO_c00)" : {
        "AppCoordinates {com.bbn, test-service3, 1}" : {
          "DATARATE_TX" : 1.2199999999999988E-4,
          "DATARATE_RX" : 6.099999999999994E-5
        }
      },
      "(clientPoolC, nodeO_c01, nodeO_c01)" : {
        "AppCoordinates {com.bbn, test-service2, 1}" : {
          "DATARATE_TX" : -7.623296525288703E-21,
          "DATARATE_RX" : -3.8116482626443515E-21
        }
      }
    }
  },
  "networkDemand" : {
    "interface-nodeE ( nodeE )" : {
      "(clientPoolC, nodeE_c01, nodeE_c01)" : {
        "AppCoordinates {com.bbn, test-service3, 1}" : {
          "DATARATE_TX" : 6.592920353982314E-5,
          "DATARATE_RX" : 3.296460176991157E-5
        }
      },
      "(clientPoolC, nodeE_c00, nodeE_c00)" : {
        "AppCoordinates {com.bbn, test-service2, 1}" : {
          "DATARATE_TX" : 9.98969957081544E-5,
          "DATARATE_RX" : 4.99484978540772E-5
        }
      }
    },
    "interface-nodeD ( nodeD )" : {
      "(clientPoolC, nodeD_c01, nodeD_c01)" : {
        "AppCoordinates {com.bbn, test-service2, 1}" : {
          "DATARATE_TX" : 2.1500000000000004E-5,
          "DATARATE_RX" : 1.0750000000000002E-5
        }
      }
    },
    "interface-nodeO ( nodeO )" : {
      "(clientPoolC, nodeO_c02, nodeO_c02)" : {
        "AppCoordinates {com.bbn, test-service2, 1}" : {
          "DATARATE_TX" : 1.280916030534348E-5,
          "DATARATE_RX" : 6.40458015267174E-6
        }
      },
      "(clientPoolC, nodeO_c03, nodeO_c03)" : {
        "AppCoordinates {com.bbn, test-service3, 1}" : {
          "DATARATE_TX" : 7.961538461538447E-6,
          "DATARATE_RX" : 3.980769230769223E-6
        }
      },
      "(clientPoolC, nodeO_c00, nodeO_c00)" : {
        "AppCoordinates {com.bbn, test-service3, 1}" : {
          "DATARATE_TX" : 1.9576255707762504E-4,
          "DATARATE_RX" : 9.788127853881252E-5
        }
      },
      "(clientPoolC, nodeO_c01, nodeO_c01)" : {
        "AppCoordinates {com.bbn, test-service2, 1}" : {
          "DATARATE_TX" : 7.209442060085825E-5,
          "DATARATE_RX" : 3.6047210300429125E-5
        }
      }
    },
    "interface-nodeL ( nodeL )" : {
      "(clientPoolC, nodeL_c01, nodeL_c01)" : {
        "AppCoordinates {com.bbn, test-service2, 1}" : {
          "DATARATE_TX" : 1.1E-5,
          "DATARATE_RX" : 5.5E-6
        }
      }
    },
    "interface-nodeJ ( nodeJ )" : {
      "(clientPoolC, nodeJ_c03, nodeJ_c03)" : {
        "AppCoordinates {com.bbn, test-service2, 1}" : {
          "DATARATE_TX" : 3.0E-6,
          "DATARATE_RX" : 1.5E-6
        }
      },
      "(clientPoolC, nodeB_c07, nodeB_c07)" : {
        "AppCoordinates {com.bbn, test-service2, 1}" : {
          "DATARATE_TX" : 7.175708502024266E-5,
          "DATARATE_RX" : 3.587854251012133E-5
        }
      },
      "(clientPoolC, nodeB_c04, nodeB_c04)" : {
        "AppCoordinates {com.bbn, test-service1, 1}" : {
          "DATARATE_TX" : 7.488642659279778E-5,
          "DATARATE_RX" : 3.744321329639889E-5
        }
      },
      "(clientPoolC, nodeB_c03, nodeB_c03)" : {
        "AppCoordinates {com.bbn, test-service1, 1}" : {
          "DATARATE_TX" : 1.1827146814404394E-4,
          "DATARATE_RX" : 5.913573407202197E-5
        }
      },
      "(clientPoolC, nodeB_c06, nodeB_c06)" : {
        "AppCoordinates {com.bbn, test-service2, 1}" : {
          "DATARATE_TX" : 8.163688760806892E-5,
          "DATARATE_RX" : 4.081844380403446E-5
        }
      },
      "(clientPoolC, nodeB_c05, nodeB_c05)" : {
        "AppCoordinates {com.bbn, test-service3, 1}" : {
          "DATARATE_TX" : 2.5649122807017534E-5,
          "DATARATE_RX" : 1.2824561403508767E-5
        },
        "AppCoordinates {com.bbn, test-service1, 1}" : {
          "DATARATE_TX" : 2.8038781163434853E-5,
          "DATARATE_RX" : 1.4019390581717426E-5
        }
      },
      "(clientPoolC, nodeB_c00, nodeB_c00)" : {
        "AppCoordinates {com.bbn, test-service1, 1}" : {
          "DATARATE_TX" : 7.961218836565067E-5,
          "DATARATE_RX" : 3.9806094182825335E-5
        }
      },
      "(clientPoolC, nodeB_c02, nodeB_c02)" : {
        "AppCoordinates {com.bbn, test-service3, 1}" : {
          "DATARATE_TX" : 4.617751479289937E-5,
          "DATARATE_RX" : 2.3088757396449686E-5
        },
        "AppCoordinates {com.bbn, test-service2, 1}" : {
          "DATARATE_TX" : 1.0352631578947359E-4,
          "DATARATE_RX" : 5.1763157894736794E-5
        }
      },
      "(clientPoolC, nodeB_c01, nodeB_c01)" : {
        "AppCoordinates {com.bbn, test-service3, 1}" : {
          "DATARATE_TX" : 5.347987616099064E-5,
          "DATARATE_RX" : 2.673993808049532E-5
        },
        "AppCoordinates {com.bbn, test-service2, 1}" : {
          "DATARATE_TX" : 6.894736842105259E-5,
          "DATARATE_RX" : 3.4473684210526296E-5
        }
      }
    },
    "interface-nodeI ( nodeI )" : {
      "(clientPoolC, nodeK_c01, nodeK_c01)" : {
        "AppCoordinates {com.bbn, test-service2, 1}" : {
          "DATARATE_TX" : 9.199999999999998E-6,
          "DATARATE_RX" : 4.599999999999999E-6
        }
      },
      "(clientPoolC, nodeK_c00, nodeK_c00)" : {
        "AppCoordinates {com.bbn, test-service1, 1}" : {
          "DATARATE_TX" : 2.0941176470588235E-5,
          "DATARATE_RX" : 1.0470588235294118E-5
        }
      },
      "(clientPoolC, nodeM_c01, nodeM_c01)" : {
        "AppCoordinates {com.bbn, test-service2, 1}" : {
          "DATARATE_TX" : 8.285714285714285E-6,
          "DATARATE_RX" : 4.142857142857143E-6
        }
      },
      "(clientPoolC, nodeI_c01, nodeI_c01)" : {
        "AppCoordinates {com.bbn, test-service2, 1}" : {
          "DATARATE_TX" : 9.249999999999998E-6,
          "DATARATE_RX" : 4.624999999999999E-6
        }
      }
    },
    "interface-nodeG ( nodeG )" : {
      "(clientPoolC, nodeG_c01, nodeG_c01)" : {
        "AppCoordinates {com.bbn, test-service2, 1}" : {
          "DATARATE_TX" : 8.311688311688313E-6,
          "DATARATE_RX" : 4.155844155844157E-6
        }
      },
      "(clientPoolC, nodeG_c00, nodeG_c00)" : {
        "AppCoordinates {com.bbn, test-service3, 1}" : {
          "DATARATE_TX" : 0.0,
          "DATARATE_RX" : 0.0
        }
      },
      "(clientPoolC, nodeG_c04, nodeG_c04)" : {
        "AppCoordinates {com.bbn, test-service3, 1}" : {
          "DATARATE_TX" : 1.999999999999996E-6,
          "DATARATE_RX" : 9.99999999999998E-7
        }
      },
      "(clientPoolC, nodeG_c03, nodeG_c03)" : {
        "AppCoordinates {com.bbn, test-service3, 1}" : {
          "DATARATE_TX" : 1.999999999999996E-6,
          "DATARATE_RX" : 9.99999999999998E-7
        }
      }
    },
    "interface-nodeF ( nodeF )" : {
      "(clientPoolC, nodeF_c00, nodeF_c00)" : {
        "AppCoordinates {com.bbn, test-service2, 1}" : {
          "DATARATE_TX" : 9.78454935622318E-5,
          "DATARATE_RX" : 4.89227467811159E-5
        }
      },
      "(clientPoolC, nodeF_c01, nodeF_c01)" : {
        "AppCoordinates {com.bbn, test-service3, 1}" : {
          "DATARATE_TX" : 6.900884955752212E-5,
          "DATARATE_RX" : 3.450442477876106E-5
        }
      },
      "(clientPoolC, nodeN_c01, nodeN_c01)" : {
        "AppCoordinates {com.bbn, test-service2, 1}" : {
          "DATARATE_TX" : 7.368421052631575E-6,
          "DATARATE_RX" : 3.6842105263157875E-6
        }
      },
      "(clientPoolC, nodeN_c00, nodeN_c00)" : {
        "AppCoordinates {com.bbn, test-service3, 1}" : {
          "DATARATE_TX" : 3.909090909090901E-6,
          "DATARATE_RX" : 1.9545454545454507E-6
        }
      }
    }
  },
  "containerReports" : {
    "nodeC_c01" : {
      "containerName" : {
        "name" : "nodeC_c01"
      },
      "timestamp" : 225988,
      "service" : {
        "group" : "com.bbn",
        "artifact" : "test-service3",
        "version" : "1"
      },
      "serviceStatus" : "RUNNING",
      "demandEstimationWindow" : "LONG",
      "computeCapacity" : {
        "CPU" : 1.0,
        "TASK_CONTAINERS" : 100.0,
        "QueueLength" : 1000000.0
      },
      "computeLoad" : {
        "UNKNOWN" : {
          "QueueLength" : 40.0,
          "TASK_CONTAINERS" : 20.0
        }
      },
      "computeDemand" : {
        "UNKNOWN" : {
          "QueueLength" : 38.14545454545455,
          "TASK_CONTAINERS" : 19.425925925925927
        }
      },
      "averageProcessingTime" : "NaN",
      "networkCapacity" : {
        "interface-nodeC ( nodeC )" : {
          "DATARATE_TX" : 100.0,
          "DATARATE_RX" : 100.0
        }
      },
      "networkLoad" : {
        "interface-nodeC ( nodeC )" : {
          "(clientPoolC, nodeC_c01, nodeC_c01)" : {
            "AppCoordinates {com.bbn, test-service3, 1}" : {
              "DATARATE_TX" : 7.999999999999997E-5,
              "DATARATE_RX" : 3.999999999999998E-5
            }
          }
        }
      },
      "networkDemand" : {
        "interface-nodeC ( nodeC )" : {
          "(clientPoolC, nodeC_c01, nodeC_c01)" : {
            "AppCoordinates {com.bbn, test-service3, 1}" : {
              "DATARATE_TX" : 7.842990654205612E-5,
              "DATARATE_RX" : 3.921495327102806E-5
            }
          }
        }
      }
    },
    "nodeC_c02" : {
      "containerName" : {
        "name" : "nodeC_c02"
      },
      "timestamp" : 225988,
      "service" : {
        "group" : "com.bbn",
        "artifact" : "test-service3",
        "version" : "1"
      },
      "serviceStatus" : "RUNNING",
      "demandEstimationWindow" : "LONG",
      "computeCapacity" : {
        "CPU" : 1.0,
        "TASK_CONTAINERS" : 100.0,
        "QueueLength" : 1000000.0
      },
      "computeLoad" : {
        "UNKNOWN" : {
          "QueueLength" : 62.0,
          "TASK_CONTAINERS" : 31.0
        }
      },
      "computeDemand" : {
        "UNKNOWN" : {
          "QueueLength" : 69.76,
          "TASK_CONTAINERS" : 35.23232323232323
        }
      },
      "averageProcessingTime" : 120000.0,
      "networkCapacity" : {
        "interface-nodeC ( nodeC )" : {
          "DATARATE_TX" : 100.0,
          "DATARATE_RX" : 100.0
        }
      },
      "networkLoad" : {
        "interface-nodeC ( nodeC )" : {
          "(clientPoolC, nodeC_c02, nodeC_c02)" : {
            "AppCoordinates {com.bbn, test-service3, 1}" : {
              "DATARATE_TX" : 1.2399999999999984E-4,
              "DATARATE_RX" : 6.199999999999992E-5
            }
          }
        }
      },
      "networkDemand" : {
        "interface-nodeC ( nodeC )" : {
          "(clientPoolC, nodeC_c02, nodeC_c02)" : {
            "AppCoordinates {com.bbn, test-service3, 1}" : {
              "DATARATE_TX" : 1.416446700507611E-4,
              "DATARATE_RX" : 7.082233502538055E-5
            }
          }
        }
      }
    }
  },
  "maximumServiceContainers" : 20,
  "allocatedServiceContainers" : 2,
  "computeDemand" : {
    "AppCoordinates {com.bbn, test-service3, 1}" : {
      "UNKNOWN" : {
        "QueueLength" : 107.90545454545455,
        "TASK_CONTAINERS" : 54.65824915824916
      }
    }
  },
  "containerNetworkLoad" : {
    "interface-nodeC ( nodeC )" : {
      "(clientPoolC, nodeC_c01, nodeC_c01)" : {
        "AppCoordinates {com.bbn, test-service3, 1}" : {
          "DATARATE_TX" : 7.999999999999997E-5,
          "DATARATE_RX" : 3.999999999999998E-5
        }
      },
      "(clientPoolC, nodeC_c02, nodeC_c02)" : {
        "AppCoordinates {com.bbn, test-service3, 1}" : {
          "DATARATE_TX" : 1.2399999999999984E-4,
          "DATARATE_RX" : 6.199999999999992E-5
        }
      }
    }
  },
  "containerNetworkDemand" : {
    "interface-nodeC ( nodeC )" : {
      "(clientPoolC, nodeC_c01, nodeC_c01)" : {
        "AppCoordinates {com.bbn, test-service3, 1}" : {
          "DATARATE_TX" : 7.842990654205612E-5,
          "DATARATE_RX" : 3.921495327102806E-5
        }
      },
      "(clientPoolC, nodeC_c02, nodeC_c02)" : {
        "AppCoordinates {com.bbn, test-service3, 1}" : {
          "DATARATE_TX" : 1.416446700507611E-4,
          "DATARATE_RX" : 7.082233502538055E-5
        }
      }
    }
  },
  "computeLoad" : {
    "AppCoordinates {com.bbn, test-service3, 1}" : {
      "UNKNOWN" : {
        "QueueLength" : 102.0,
        "TASK_CONTAINERS" : 51.0
      }
    }
  },
  "availableServiceContainers" : 18,
  "averageProcessingTime" : {
    "AppCoordinates {com.bbn, test-service3, 1}" : 120000.0
  },
  "allocatedComputeCapacity" : {
    "CPU" : 2.0,
    "QueueLength" : 2000000.0,
    "TASK_CONTAINERS" : 200.0
  }
}