1156,1,DNS_UPDATE_SUCCEEDED
1256,2,DCOP_PLAN_PLUBLIED
1249,2,RLG_PLAN_PUBLISHED
106366,212,DCOP_PLAN_PLUBLIED
109174,217,RLG_PLAN_PUBLISHED
109232,218,DNS_UPDATE_SUCCEEDED
109725,219,DNS_UPDATE_SUCCEEDED
112175,223,RLG_PLAN_PUBLISHED
112231,224,DNS_UPDATE_SUCCEEDED
124189,247,RLG_PLAN_PUBLISHED
124239,248,DNS_UPDATE_SUCCEEDED
124747,249,DNS_UPDATE_SUCCEEDED
127180,253,RLG_PLAN_PUBLISHED
127244,254,DNS_UPDATE_SUCCEEDED
166181,331,RLG_PLAN_PUBLISHED
166494,331,DCOP_PLAN_PLUBLIED
166496,332,DNS_UPDATE_SUCCEEDED
166995,333,DNS_UPDATE_SUCCEEDED
169182,337,RLG_PLAN_PUBLISHED
169493,338,DNS_UPDATE_SUCCEEDED
175182,349,RLG_PLAN_PUBLISHED
175491,350,DNS_UPDATE_SUCCEEDED
175995,351,DNS_UPDATE_SUCCEEDED
178181,355,RLG_PLAN_PUBLISHED
178515,356,DNS_UPDATE_SUCCEEDED
184181,367,RLG_PLAN_PUBLISHED
184503,368,DNS_UPDATE_SUCCEEDED
185002,369,DNS_UPDATE_SUCCEEDED
187181,373,RLG_PLAN_PUBLISHED
187514,374,DNS_UPDATE_SUCCEEDED
190181,379,RLG_PLAN_PUBLISHED
190515,380,DNS_UPDATE_SUCCEEDED
193181,385,RLG_PLAN_PUBLISHED
193515,386,DNS_UPDATE_SUCCEEDED
194009,387,DNS_UPDATE_SUCCEEDED
196181,391,RLG_PLAN_PUBLISHED
196514,392,DNS_UPDATE_SUCCEEDED
214183,427,RLG_PLAN_PUBLISHED
214521,428,DNS_UPDATE_SUCCEEDED
215018,429,DNS_UPDATE_SUCCEEDED
217183,433,RLG_PLAN_PUBLISHED
217527,434,DNS_UPDATE_SUCCEEDED
220202,439,RLG_PLAN_PUBLISHED
220525,440,DNS_UPDATE_SUCCEEDED
221037,441,DNS_UPDATE_SUCCEEDED
223201,445,RLG_PLAN_PUBLISHED
223518,446,DNS_UPDATE_SUCCEEDED
226202,451,RLG_PLAN_PUBLISHED
226258,451,DCOP_PLAN_PLUBLIED
226522,452,DNS_UPDATE_SUCCEEDED
229201,457,RLG_PLAN_PUBLISHED
229522,458,DNS_UPDATE_SUCCEEDED
230023,459,DNS_UPDATE_SUCCEEDED
232201,463,RLG_PLAN_PUBLISHED
232528,464,DNS_UPDATE_SUCCEEDED
235201,469,RLG_PLAN_PUBLISHED
235519,470,DNS_UPDATE_SUCCEEDED
238202,475,RLG_PLAN_PUBLISHED
238529,476,DNS_UPDATE_SUCCEEDED
239032,477,DNS_UPDATE_SUCCEEDED
241202,481,RLG_PLAN_PUBLISHED
241529,482,DNS_UPDATE_SUCCEEDED
286314,571,DCOP_PLAN_PLUBLIED
289203,577,RLG_PLAN_PUBLISHED
289553,578,DNS_UPDATE_SUCCEEDED
346219,691,RLG_PLAN_PUBLISHED
346262,691,DCOP_PLAN_PLUBLIED
346596,692,DNS_UPDATE_SUCCEEDED
349220,697,RLG_PLAN_PUBLISHED
349596,698,DNS_UPDATE_SUCCEEDED
350095,699,DNS_UPDATE_SUCCEEDED
352227,703,RLG_PLAN_PUBLISHED
352595,704,DNS_UPDATE_SUCCEEDED
406286,811,DCOP_PLAN_PLUBLIED
409222,816,RLG_PLAN_PUBLISHED
409236,817,DNS_UPDATE_SUCCEEDED
409736,818,DNS_UPDATE_SUCCEEDED
412222,822,RLG_PLAN_PUBLISHED
412250,823,DNS_UPDATE_SUCCEEDED
466292,931,DCOP_PLAN_PLUBLIED
469245,936,RLG_PLAN_PUBLISHED
469262,937,DNS_UPDATE_SUCCEEDED
469764,938,DNS_UPDATE_SUCCEEDED
472244,942,RLG_PLAN_PUBLISHED
472276,943,DNS_UPDATE_SUCCEEDED
478245,954,RLG_PLAN_PUBLISHED
478273,955,DNS_UPDATE_SUCCEEDED
478769,956,DNS_UPDATE_SUCCEEDED
481255,960,RLG_PLAN_PUBLISHED
481267,961,DNS_UPDATE_SUCCEEDED
484253,966,RLG_PLAN_PUBLISHED
484278,967,DNS_UPDATE_SUCCEEDED
484781,968,DNS_UPDATE_SUCCEEDED
487253,972,RLG_PLAN_PUBLISHED
487280,973,DNS_UPDATE_SUCCEEDED
514269,1026,RLG_PLAN_PUBLISHED
514292,1027,DNS_UPDATE_SUCCEEDED
514792,1028,DNS_UPDATE_SUCCEEDED
517269,1032,RLG_PLAN_PUBLISHED
517294,1033,DNS_UPDATE_SUCCEEDED
520268,1038,RLG_PLAN_PUBLISHED
520290,1039,DNS_UPDATE_SUCCEEDED
520794,1040,DNS_UPDATE_SUCCEEDED
523268,1044,RLG_PLAN_PUBLISHED
523294,1045,DNS_UPDATE_SUCCEEDED
526275,1050,DCOP_PLAN_PLUBLIED
529269,1056,RLG_PLAN_PUBLISHED
529288,1057,DNS_UPDATE_SUCCEEDED
529786,1058,DNS_UPDATE_SUCCEEDED
532268,1062,RLG_PLAN_PUBLISHED
532286,1063,DNS_UPDATE_SUCCEEDED
532781,1064,DNS_UPDATE_SUCCEEDED
535269,1068,RLG_PLAN_PUBLISHED
535287,1069,DNS_UPDATE_SUCCEEDED
574270,1146,RLG_PLAN_PUBLISHED
574301,1147,DNS_UPDATE_SUCCEEDED
577270,1152,RLG_PLAN_PUBLISHED
577316,1153,DNS_UPDATE_SUCCEEDED
577810,1154,DNS_UPDATE_SUCCEEDED
580271,1158,RLG_PLAN_PUBLISHED
580306,1159,DNS_UPDATE_SUCCEEDED
583271,1164,RLG_PLAN_PUBLISHED
583316,1165,DNS_UPDATE_SUCCEEDED
586271,1170,RLG_PLAN_PUBLISHED
586288,1170,DCOP_PLAN_PLUBLIED
586342,1171,DNS_UPDATE_SUCCEEDED
586842,1172,DNS_UPDATE_SUCCEEDED
589271,1176,RLG_PLAN_PUBLISHED
589346,1177,DNS_UPDATE_SUCCEEDED
589849,1178,DNS_UPDATE_SUCCEEDED
592273,1182,RLG_PLAN_PUBLISHED
592346,1183,DNS_UPDATE_SUCCEEDED
595271,1188,RLG_PLAN_PUBLISHED
595347,1189,DNS_UPDATE_SUCCEEDED
595848,1190,DNS_UPDATE_SUCCEEDED
598270,1194,RLG_PLAN_PUBLISHED
598346,1195,DNS_UPDATE_SUCCEEDED
601296,1200,RLG_PLAN_PUBLISHED
601337,1201,DNS_UPDATE_SUCCEEDED
601854,1202,DNS_UPDATE_SUCCEEDED
604296,1206,RLG_PLAN_PUBLISHED
604354,1207,DNS_UPDATE_SUCCEEDED
610296,1218,RLG_PLAN_PUBLISHED
610377,1219,DNS_UPDATE_SUCCEEDED
610877,1220,DNS_UPDATE_SUCCEEDED
613295,1224,RLG_PLAN_PUBLISHED
613374,1225,DNS_UPDATE_SUCCEEDED
630006,1259,DNS_UPDATE_SUCCEEDED
630006,1290,DCOP_PLAN_PLUBLIED
630006,1290,RLG_PLAN_PUBLISHED
630006,1291,DNS_UPDATE_SUCCEEDED
