{
  "nodeName" : {
    "name" : "nodeE"
  },
  "timestamp" : 163990,
  "demandEstimationWindow" : "LONG",
  "nodeComputeCapacity" : {
    "CPU" : 4.0,
    "MEMORY" : 8.0E9,
    "DISK" : 10.0,
    "TASK_CONTAINERS" : 20.0
  },
  "networkCapacity" : {
    "interface-nodeH ( nodeH )" : {
      "DATARATE_RX" : 100.0,
      "DATARATE_TX" : 100.0
    },
    "interface-nodeF ( nodeF )" : {
      "DATARATE_RX" : 100.0,
      "DATARATE_TX" : 100.0
    },
    "interface-nodeA ( nodeA )" : {
      "DATARATE_RX" : 100.0,
      "DATARATE_TX" : 100.0
    }
  },
  "networkLoad" : {
    "interface-nodeH ( nodeH )" : { },
    "interface-nodeF ( nodeF )" : {
      "(nodeB_c00, clientPoolF, nodeB_c00)" : {
        "AppCoordinates {com.bbn, test-service1, 1}" : {
          "DATARATE_TX" : 0.003,
          "DATARATE_RX" : 0.006
        }
      },
      "(nodeB_c04, clientPoolF, nodeB_c04)" : {
        "AppCoordinates {com.bbn, test-service1, 1}" : {
          "DATARATE_TX" : 0.002,
          "DATARATE_RX" : 0.004
        }
      },
      "(nodeB_c03, clientPoolF, nodeB_c03)" : {
        "AppCoordinates {com.bbn, test-service2, 1}" : {
          "DATARATE_TX" : 0.004,
          "DATARATE_RX" : 0.008
        }
      },
      "(nodeB_c02, clientPoolF, nodeB_c02)" : {
        "AppCoordinates {com.bbn, test-service3, 1}" : {
          "DATARATE_TX" : 0.003,
          "DATARATE_RX" : 0.006
        }
      },
      "(nodeB_c01, clientPoolF, nodeB_c01)" : {
        "AppCoordinates {com.bbn, test-service2, 1}" : {
          "DATARATE_TX" : 0.003,
          "DATARATE_RX" : 0.006
        }
      },
      "(nodeB_c07, clientPoolF, nodeB_c07)" : {
        "AppCoordinates {com.bbn, test-service2, 1}" : {
          "DATARATE_TX" : 0.004,
          "DATARATE_RX" : 0.008
        }
      },
      "(nodeB_c06, clientPoolF, nodeB_c06)" : {
        "AppCoordinates {com.bbn, test-service3, 1}" : {
          "DATARATE_TX" : 0.005,
          "DATARATE_RX" : 0.01
        }
      },
      "(nodeB_c05, clientPoolF, nodeB_c05)" : {
        "AppCoordinates {com.bbn, test-service3, 1}" : {
          "DATARATE_TX" : 0.002,
          "DATARATE_RX" : 0.004
        }
      }
    },
    "interface-nodeA ( nodeA )" : {
      "(clientPoolF, nodeB_c01, nodeB_c01)" : {
        "AppCoordinates {com.bbn, test-service2, 1}" : {
          "DATARATE_TX" : 0.006,
          "DATARATE_RX" : 0.003
        }
      },
      "(clientPoolE, nodeB_c00, nodeB_c00)" : {
        "AppCoordinates {com.bbn, test-service1, 1}" : {
          "DATARATE_TX" : 0.008,
          "DATARATE_RX" : 0.004
        }
      },
      "(clientPoolF, nodeB_c00, nodeB_c00)" : {
        "AppCoordinates {com.bbn, test-service1, 1}" : {
          "DATARATE_TX" : 0.006,
          "DATARATE_RX" : 0.003
        }
      },
      "(clientPoolE, nodeB_c06, nodeB_c06)" : {
        "AppCoordinates {com.bbn, test-service3, 1}" : {
          "DATARATE_TX" : 0.002,
          "DATARATE_RX" : 0.001
        }
      },
      "(clientPoolF, nodeB_c07, nodeB_c07)" : {
        "AppCoordinates {com.bbn, test-service2, 1}" : {
          "DATARATE_TX" : 0.008,
          "DATARATE_RX" : 0.004
        }
      },
      "(clientPoolF, nodeB_c06, nodeB_c06)" : {
        "AppCoordinates {com.bbn, test-service3, 1}" : {
          "DATARATE_TX" : 0.01,
          "DATARATE_RX" : 0.005
        }
      },
      "(clientPoolE, nodeB_c05, nodeB_c05)" : {
        "AppCoordinates {com.bbn, test-service3, 1}" : {
          "DATARATE_TX" : 0.008,
          "DATARATE_RX" : 0.004
        }
      },
      "(clientPoolE, nodeB_c07, nodeB_c07)" : {
        "AppCoordinates {com.bbn, test-service2, 1}" : {
          "DATARATE_TX" : 0.004,
          "DATARATE_RX" : 0.002
        }
      },
      "(clientPoolF, nodeB_c03, nodeB_c03)" : {
        "AppCoordinates {com.bbn, test-service2, 1}" : {
          "DATARATE_TX" : 0.008,
          "DATARATE_RX" : 0.004
        }
      },
      "(clientPoolE, nodeB_c02, nodeB_c02)" : {
        "AppCoordinates {com.bbn, test-service3, 1}" : {
          "DATARATE_TX" : 0.008,
          "DATARATE_RX" : 0.004
        }
      },
      "(clientPoolF, nodeB_c02, nodeB_c02)" : {
        "AppCoordinates {com.bbn, test-service3, 1}" : {
          "DATARATE_TX" : 0.006,
          "DATARATE_RX" : 0.003
        }
      },
      "(clientPoolE, nodeB_c01, nodeB_c01)" : {
        "AppCoordinates {com.bbn, test-service2, 1}" : {
          "DATARATE_TX" : 0.008,
          "DATARATE_RX" : 0.004
        }
      },
      "(clientPoolF, nodeB_c05, nodeB_c05)" : {
        "AppCoordinates {com.bbn, test-service3, 1}" : {
          "DATARATE_TX" : 0.004,
          "DATARATE_RX" : 0.002
        }
      },
      "(clientPoolE, nodeB_c04, nodeB_c04)" : {
        "AppCoordinates {com.bbn, test-service1, 1}" : {
          "DATARATE_TX" : 0.004,
          "DATARATE_RX" : 0.002
        }
      },
      "(clientPoolE, nodeB_c03, nodeB_c03)" : {
        "AppCoordinates {com.bbn, test-service2, 1}" : {
          "DATARATE_TX" : 0.004,
          "DATARATE_RX" : 0.002
        }
      },
      "(clientPoolF, nodeB_c04, nodeB_c04)" : {
        "AppCoordinates {com.bbn, test-service1, 1}" : {
          "DATARATE_TX" : 0.004,
          "DATARATE_RX" : 0.002
        }
      }
    }
  },
  "networkDemand" : {
    "interface-nodeA ( nodeA )" : {
      "(clientPoolE, nodeB_c00, nodeB_c00)" : {
        "AppCoordinates {com.bbn, test-service1, 1}" : {
          "DATARATE_TX" : 0.008007462686567171,
          "DATARATE_RX" : 0.0040037313432835855
        }
      },
      "(clientPoolF, nodeB_c01, nodeB_c01)" : {
        "AppCoordinates {com.bbn, test-service2, 1}" : {
          "DATARATE_TX" : 0.0060000000000000045,
          "DATARATE_RX" : 0.0030000000000000022
        }
      },
      "(clientPoolF, nodeB_c00, nodeB_c00)" : {
        "AppCoordinates {com.bbn, test-service1, 1}" : {
          "DATARATE_TX" : 0.0060000000000000045,
          "DATARATE_RX" : 0.0030000000000000022
        }
      },
      "(clientPoolF, nodeB_c07, nodeB_c07)" : {
        "AppCoordinates {com.bbn, test-service2, 1}" : {
          "DATARATE_TX" : 0.008000000000000005,
          "DATARATE_RX" : 0.004000000000000003
        }
      },
      "(clientPoolE, nodeB_c06, nodeB_c06)" : {
        "AppCoordinates {com.bbn, test-service3, 1}" : {
          "DATARATE_TX" : 0.0020000000000000013,
          "DATARATE_RX" : 0.0010000000000000007
        }
      },
      "(clientPoolF, nodeB_c06, nodeB_c06)" : {
        "AppCoordinates {com.bbn, test-service3, 1}" : {
          "DATARATE_TX" : 0.010000000000000002,
          "DATARATE_RX" : 0.005000000000000001
        }
      },
      "(clientPoolE, nodeB_c05, nodeB_c05)" : {
        "AppCoordinates {com.bbn, test-service3, 1}" : {
          "DATARATE_TX" : 0.008000000000000005,
          "DATARATE_RX" : 0.004000000000000003
        }
      },
      "(clientPoolE, nodeB_c07, nodeB_c07)" : {
        "AppCoordinates {com.bbn, test-service2, 1}" : {
          "DATARATE_TX" : 0.004000000000000003,
          "DATARATE_RX" : 0.0020000000000000013
        }
      },
      "(clientPoolF, nodeB_c03, nodeB_c03)" : {
        "AppCoordinates {com.bbn, test-service2, 1}" : {
          "DATARATE_TX" : 0.007986394557823134,
          "DATARATE_RX" : 0.003993197278911567
        }
      },
      "(clientPoolE, nodeB_c02, nodeB_c02)" : {
        "AppCoordinates {com.bbn, test-service3, 1}" : {
          "DATARATE_TX" : 0.007977358490566045,
          "DATARATE_RX" : 0.003988679245283022
        }
      },
      "(clientPoolE, nodeB_c01, nodeB_c01)" : {
        "AppCoordinates {com.bbn, test-service2, 1}" : {
          "DATARATE_TX" : 0.008000000000000005,
          "DATARATE_RX" : 0.004000000000000003
        }
      },
      "(clientPoolF, nodeB_c02, nodeB_c02)" : {
        "AppCoordinates {com.bbn, test-service3, 1}" : {
          "DATARATE_TX" : 0.0060000000000000045,
          "DATARATE_RX" : 0.0030000000000000022
        }
      },
      "(clientPoolE, nodeB_c04, nodeB_c04)" : {
        "AppCoordinates {com.bbn, test-service1, 1}" : {
          "DATARATE_TX" : 0.004000000000000003,
          "DATARATE_RX" : 0.0020000000000000013
        }
      },
      "(clientPoolF, nodeB_c05, nodeB_c05)" : {
        "AppCoordinates {com.bbn, test-service3, 1}" : {
          "DATARATE_TX" : 0.004000000000000003,
          "DATARATE_RX" : 0.0020000000000000013
        }
      },
      "(clientPoolF, nodeB_c04, nodeB_c04)" : {
        "AppCoordinates {com.bbn, test-service1, 1}" : {
          "DATARATE_TX" : 0.004013513513513516,
          "DATARATE_RX" : 0.002006756756756758
        }
      },
      "(clientPoolE, nodeB_c03, nodeB_c03)" : {
        "AppCoordinates {com.bbn, test-service2, 1}" : {
          "DATARATE_TX" : 0.004000000000000003,
          "DATARATE_RX" : 0.0020000000000000013
        }
      }
    },
    "interface-nodeH ( nodeH )" : { },
    "interface-nodeF ( nodeF )" : {
      "(nodeB_c00, clientPoolF, nodeB_c00)" : {
        "AppCoordinates {com.bbn, test-service1, 1}" : {
          "DATARATE_TX" : 0.0030000000000000022,
          "DATARATE_RX" : 0.0060000000000000045
        }
      },
      "(nodeB_c04, clientPoolF, nodeB_c04)" : {
        "AppCoordinates {com.bbn, test-service1, 1}" : {
          "DATARATE_TX" : 0.002006756756756758,
          "DATARATE_RX" : 0.004013513513513516
        }
      },
      "(nodeB_c03, clientPoolF, nodeB_c03)" : {
        "AppCoordinates {com.bbn, test-service2, 1}" : {
          "DATARATE_TX" : 0.003993197278911567,
          "DATARATE_RX" : 0.007986394557823134
        }
      },
      "(nodeB_c02, clientPoolF, nodeB_c02)" : {
        "AppCoordinates {com.bbn, test-service3, 1}" : {
          "DATARATE_TX" : 0.0030000000000000022,
          "DATARATE_RX" : 0.0060000000000000045
        }
      },
      "(nodeB_c01, clientPoolF, nodeB_c01)" : {
        "AppCoordinates {com.bbn, test-service2, 1}" : {
          "DATARATE_TX" : 0.0030000000000000022,
          "DATARATE_RX" : 0.0060000000000000045
        }
      },
      "(nodeB_c07, clientPoolF, nodeB_c07)" : {
        "AppCoordinates {com.bbn, test-service2, 1}" : {
          "DATARATE_TX" : 0.004000000000000003,
          "DATARATE_RX" : 0.008000000000000005
        }
      },
      "(nodeB_c06, clientPoolF, nodeB_c06)" : {
        "AppCoordinates {com.bbn, test-service3, 1}" : {
          "DATARATE_TX" : 0.005000000000000001,
          "DATARATE_RX" : 0.010000000000000002
        }
      },
      "(nodeB_c05, clientPoolF, nodeB_c05)" : {
        "AppCoordinates {com.bbn, test-service3, 1}" : {
          "DATARATE_TX" : 0.0020000000000000013,
          "DATARATE_RX" : 0.004000000000000003
        }
      }
    }
  },
  "containerReports" : { },
  "maximumServiceContainers" : 20,
  "allocatedServiceContainers" : 0,
  "computeDemand" : { },
  "containerNetworkLoad" : { },
  "containerNetworkDemand" : { },
  "computeLoad" : { },
  "availableServiceContainers" : 20,
  "averageProcessingTime" : { },
  "allocatedComputeCapacity" : { }
}