745,1,DNS_UPDATE_SUCCEEDED
810,2,DCOP_PLAN_PLUBLIED
859,2,RLG_PLAN_PUBLISHED
105933,212,DCOP_PLAN_PLUBLIED
108754,217,RLG_PLAN_PUBLISHED
108764,218,DNS_UPDATE_SUCCEEDED
109264,219,DNS_UPDATE_SUCCEEDED
111753,223,RLG_PLAN_PUBLISHED
111768,224,DNS_UPDATE_SUCCEEDED
165937,332,DCOP_PLAN_PLUBLIED
168757,337,RLG_PLAN_PUBLISHED
168783,338,DNS_UPDATE_SUCCEEDED
169284,339,DNS_UPDATE_SUCCEEDED
171757,343,RLG_PLAN_PUBLISHED
171787,344,DNS_UPDATE_SUCCEEDED
225930,452,DCOP_PLAN_PLUBLIED
228767,457,RLG_PLAN_PUBLISHED
228802,458,DNS_UPDATE_SUCCEEDED
229303,459,DNS_UPDATE_SUCCEEDED
231767,463,RLG_PLAN_PUBLISHED
231801,464,DNS_UPDATE_SUCCEEDED
630007,1261,DNS_UPDATE_SUCCEEDED
