{
  "nodeName" : {
    "name" : "nodeO"
  },
  "timestamp" : 154497,
  "demandEstimationWindow" : "SHORT",
  "nodeComputeCapacity" : {
    "CPU" : 4.0,
    "MEMORY" : 8.0E9,
    "DISK" : 10.0,
    "TASK_CONTAINERS" : 20.0
  },
  "networkCapacity" : {
    "interface-nodeD ( nodeD )" : {
      "DATARATE_RX" : 100.0,
      "DATARATE_TX" : 100.0
    },
    "interface-nodeE ( nodeE )" : {
      "DATARATE_RX" : 100.0,
      "DATARATE_TX" : 100.0
    },
    "interface-nodeI ( nodeI )" : {
      "DATARATE_RX" : 100.0,
      "DATARATE_TX" : 100.0
    },
    "interface-nodeF ( nodeF )" : {
      "DATARATE_RX" : 100.0,
      "DATARATE_TX" : 100.0
    },
    "interface-nodeL ( nodeL )" : {
      "DATARATE_RX" : 100.0,
      "DATARATE_TX" : 100.0
    },
    "interface-nodeM ( nodeM )" : {
      "DATARATE_RX" : 100.0,
      "DATARATE_TX" : 100.0
    },
    "interface-nodeN ( nodeN )" : {
      "DATARATE_RX" : 100.0,
      "DATARATE_TX" : 100.0
    }
  },
  "networkLoad" : {
    "interface-nodeD ( nodeD )" : {
      "(clientPoolN, nodeD_c01, nodeD_c01)" : {
        "AppCoordinates {com.bbn, test-service2, 1}" : {
          "DATARATE_TX" : 9.999999999999999E-6,
          "DATARATE_RX" : 4.9999999999999996E-6
        }
      },
      "(nodeO_c00, clientPoolD, nodeO_c00)" : {
        "AppCoordinates {com.bbn, test-service3, 1}" : {
          "DATARATE_TX" : 1.9399999999999957E-4,
          "DATARATE_RX" : 3.8799999999999913E-4
        }
      }
    },
    "interface-nodeE ( nodeE )" : { },
    "interface-nodeI ( nodeI )" : { },
    "interface-nodeF ( nodeF )" : { },
    "interface-nodeL ( nodeL )" : { },
    "interface-nodeM ( nodeM )" : { },
    "interface-nodeN ( nodeN )" : {
      "(nodeD_c01, clientPoolN, nodeD_c01)" : {
        "AppCoordinates {com.bbn, test-service2, 1}" : {
          "DATARATE_TX" : 4.9999999999999996E-6,
          "DATARATE_RX" : 9.999999999999999E-6
        }
      }
    }
  },
  "networkDemand" : {
    "interface-nodeE ( nodeE )" : { },
    "interface-nodeD ( nodeD )" : {
      "(clientPoolN, nodeD_c01, nodeD_c01)" : {
        "AppCoordinates {com.bbn, test-service2, 1}" : {
          "DATARATE_TX" : 9.999999999999999E-6,
          "DATARATE_RX" : 4.9999999999999996E-6
        }
      },
      "(nodeO_c00, clientPoolD, nodeO_c00)" : {
        "AppCoordinates {com.bbn, test-service3, 1}" : {
          "DATARATE_TX" : 1.9399999999999954E-4,
          "DATARATE_RX" : 3.879999999999991E-4
        }
      }
    },
    "interface-nodeN ( nodeN )" : {
      "(nodeD_c01, clientPoolN, nodeD_c01)" : {
        "AppCoordinates {com.bbn, test-service2, 1}" : {
          "DATARATE_TX" : 4.9999999999999996E-6,
          "DATARATE_RX" : 9.999999999999999E-6
        }
      }
    },
    "interface-nodeM ( nodeM )" : { },
    "interface-nodeL ( nodeL )" : { },
    "interface-nodeI ( nodeI )" : { },
    "interface-nodeF ( nodeF )" : { }
  },
  "containerReports" : {
    "nodeO_c01" : {
      "containerName" : {
        "name" : "nodeO_c01"
      },
      "timestamp" : 154497,
      "service" : {
        "group" : "com.bbn",
        "artifact" : "test-service3",
        "version" : "1"
      },
      "serviceStatus" : "RUNNING",
      "demandEstimationWindow" : "SHORT",
      "computeCapacity" : {
        "CPU" : 1.0,
        "TASK_CONTAINERS" : 100.0,
        "QueueLength" : 1000000.0
      },
      "computeLoad" : {
        "UNKNOWN" : {
          "QueueLength" : 0.0
        }
      },
      "computeDemand" : {
        "UNKNOWN" : {
          "QueueLength" : 0.0
        }
      },
      "averageProcessingTime" : "NaN",
      "networkCapacity" : {
        "interface-nodeO ( nodeO )" : {
          "DATARATE_TX" : 100.0,
          "DATARATE_RX" : 100.0
        }
      },
      "networkLoad" : {
        "interface-nodeO ( nodeO )" : { }
      },
      "networkDemand" : {
        "interface-nodeO ( nodeO )" : { }
      }
    },
    "nodeO_c00" : {
      "containerName" : {
        "name" : "nodeO_c00"
      },
      "timestamp" : 154500,
      "service" : {
        "group" : "com.bbn",
        "artifact" : "test-service3",
        "version" : "1"
      },
      "serviceStatus" : "RUNNING",
      "demandEstimationWindow" : "SHORT",
      "computeCapacity" : {
        "CPU" : 1.0,
        "TASK_CONTAINERS" : 100.0,
        "QueueLength" : 1000000.0
      },
      "computeLoad" : {
        "UNKNOWN" : {
          "QueueLength" : 194.0,
          "TASK_CONTAINERS" : 97.0
        }
      },
      "computeDemand" : {
        "UNKNOWN" : {
          "QueueLength" : 166.28571428571428,
          "TASK_CONTAINERS" : 83.14285714285714
        }
      },
      "averageProcessingTime" : "NaN",
      "networkCapacity" : {
        "interface-nodeO ( nodeO )" : {
          "DATARATE_TX" : 100.0,
          "DATARATE_RX" : 100.0
        }
      },
      "networkLoad" : {
        "interface-nodeO ( nodeO )" : {
          "(clientPoolD, nodeO_c00, nodeO_c00)" : {
            "AppCoordinates {com.bbn, test-service3, 1}" : {
              "DATARATE_TX" : 3.8799999999999913E-4,
              "DATARATE_RX" : 1.9399999999999957E-4
            }
          }
        }
      },
      "networkDemand" : {
        "interface-nodeO ( nodeO )" : {
          "(clientPoolD, nodeO_c00, nodeO_c00)" : {
            "AppCoordinates {com.bbn, test-service3, 1}" : {
              "DATARATE_TX" : 3.879999999999991E-4,
              "DATARATE_RX" : 1.9399999999999954E-4
            }
          }
        }
      }
    }
  },
  "maximumServiceContainers" : 20,
  "allocatedServiceContainers" : 2,
  "computeDemand" : {
    "AppCoordinates {com.bbn, test-service3, 1}" : {
      "UNKNOWN" : {
        "QueueLength" : 166.28571428571428,
        "TASK_CONTAINERS" : 83.14285714285714
      }
    }
  },
  "containerNetworkLoad" : {
    "interface-nodeO ( nodeO )" : {
      "(clientPoolD, nodeO_c00, nodeO_c00)" : {
        "AppCoordinates {com.bbn, test-service3, 1}" : {
          "DATARATE_TX" : 3.8799999999999913E-4,
          "DATARATE_RX" : 1.9399999999999957E-4
        }
      }
    }
  },
  "containerNetworkDemand" : {
    "interface-nodeO ( nodeO )" : {
      "(clientPoolD, nodeO_c00, nodeO_c00)" : {
        "AppCoordinates {com.bbn, test-service3, 1}" : {
          "DATARATE_TX" : 3.879999999999991E-4,
          "DATARATE_RX" : 1.9399999999999954E-4
        }
      }
    }
  },
  "computeLoad" : {
    "AppCoordinates {com.bbn, test-service3, 1}" : {
      "UNKNOWN" : {
        "QueueLength" : 194.0,
        "TASK_CONTAINERS" : 97.0
      }
    }
  },
  "allocatedComputeCapacity" : {
    "CPU" : 2.0,
    "QueueLength" : 2000000.0,
    "TASK_CONTAINERS" : 200.0
  },
  "availableServiceContainers" : 18,
  "averageProcessingTime" : { }
}