{
  "nodeName" : {
    "name" : "nodeE"
  },
  "timestamp" : 253479,
  "demandEstimationWindow" : "LONG",
  "nodeComputeCapacity" : {
    "CPU" : 4.0,
    "MEMORY" : 8.0E9,
    "DISK" : 10.0,
    "TASK_CONTAINERS" : 20.0
  },
  "networkCapacity" : {
    "interface-nodeD ( nodeD )" : {
      "DATARATE_RX" : 100.0,
      "DATARATE_TX" : 100.0
    },
    "interface-nodeJ ( nodeJ )" : {
      "DATARATE_RX" : 100.0,
      "DATARATE_TX" : 100.0
    }
  },
  "networkLoad" : {
    "interface-nodeD ( nodeD )" : {
      "(clientPoolJ, nodeD_c01, nodeD_c01)" : {
        "AppCoordinates {com.bbn, test-service2, 1}" : {
          "DATARATE_TX" : -7.623296525288703E-21,
          "DATARATE_RX" : -3.8116482626443515E-21
        },
        "AppCoordinates {com.bbn, test-service1, 1}" : {
          "DATARATE_TX" : -7.623296525288703E-21,
          "DATARATE_RX" : -3.8116482626443515E-21
        }
      },
      "(clientPoolJ, nodeD_c00, nodeD_c00)" : {
        "AppCoordinates {com.bbn, test-service3, 1}" : {
          "DATARATE_TX" : 7.999999999999997E-5,
          "DATARATE_RX" : 3.999999999999998E-5
        },
        "AppCoordinates {com.bbn, test-service1, 1}" : {
          "DATARATE_TX" : -7.623296525288703E-21,
          "DATARATE_RX" : -3.8116482626443515E-21
        }
      },
      "(clientPoolJ, nodeD_c03, nodeD_c03)" : {
        "AppCoordinates {com.bbn, test-service1, 1}" : {
          "DATARATE_TX" : -7.623296525288703E-21,
          "DATARATE_RX" : -3.8116482626443515E-21
        }
      },
      "(clientPoolJ, nodeD_c02, nodeD_c02)" : {
        "AppCoordinates {com.bbn, test-service3, 1}" : {
          "DATARATE_TX" : 1.1999999999999985E-4,
          "DATARATE_RX" : 5.999999999999993E-5
        }
      },
      "(clientPoolJ, nodeD_c05, nodeD_c05)" : {
        "AppCoordinates {com.bbn, test-service3, 1}" : {
          "DATARATE_TX" : 1.5599999999999975E-4,
          "DATARATE_RX" : 7.799999999999988E-5
        }
      },
      "(clientPoolJ, nodeD_c04, nodeD_c04)" : {
        "AppCoordinates {com.bbn, test-service3, 1}" : {
          "DATARATE_TX" : -7.623296525288703E-21,
          "DATARATE_RX" : -3.8116482626443515E-21
        },
        "AppCoordinates {com.bbn, test-service1, 1}" : {
          "DATARATE_TX" : -7.623296525288703E-21,
          "DATARATE_RX" : -3.8116482626443515E-21
        }
      },
      "(clientPoolJ, nodeD_c07, nodeD_c07)" : {
        "AppCoordinates {com.bbn, test-service2, 1}" : {
          "DATARATE_TX" : -7.623296525288703E-21,
          "DATARATE_RX" : -3.8116482626443515E-21
        },
        "AppCoordinates {com.bbn, test-service1, 1}" : {
          "DATARATE_TX" : 1.4799999999999978E-4,
          "DATARATE_RX" : 7.399999999999989E-5
        }
      },
      "(clientPoolJ, nodeD_c06, nodeD_c06)" : {
        "AppCoordinates {com.bbn, test-service2, 1}" : {
          "DATARATE_TX" : 1.3199999999999982E-4,
          "DATARATE_RX" : 6.599999999999991E-5
        }
      }
    },
    "interface-nodeJ ( nodeJ )" : {
      "(nodeD_c07, clientPoolJ, nodeD_c07)" : {
        "AppCoordinates {com.bbn, test-service2, 1}" : {
          "DATARATE_TX" : -3.8116482626443515E-21,
          "DATARATE_RX" : -7.623296525288703E-21
        },
        "AppCoordinates {com.bbn, test-service1, 1}" : {
          "DATARATE_TX" : 7.399999999999989E-5,
          "DATARATE_RX" : 1.4799999999999978E-4
        }
      },
      "(nodeE_c01, clientPoolJ, nodeE_c01)" : {
        "AppCoordinates {com.bbn, test-service3, 1}" : {
          "DATARATE_TX" : -3.8116482626443515E-21,
          "DATARATE_RX" : -7.623296525288703E-21
        }
      },
      "(nodeE_c00, clientPoolJ, nodeE_c00)" : {
        "AppCoordinates {com.bbn, test-service3, 1}" : {
          "DATARATE_TX" : 4.499999999999998E-5,
          "DATARATE_RX" : 8.999999999999997E-5
        }
      },
      "(nodeD_c01, clientPoolJ, nodeD_c01)" : {
        "AppCoordinates {com.bbn, test-service2, 1}" : {
          "DATARATE_TX" : -3.8116482626443515E-21,
          "DATARATE_RX" : -7.623296525288703E-21
        },
        "AppCoordinates {com.bbn, test-service1, 1}" : {
          "DATARATE_TX" : -3.8116482626443515E-21,
          "DATARATE_RX" : -7.623296525288703E-21
        }
      },
      "(nodeD_c02, clientPoolJ, nodeD_c02)" : {
        "AppCoordinates {com.bbn, test-service3, 1}" : {
          "DATARATE_TX" : 5.999999999999993E-5,
          "DATARATE_RX" : 1.1999999999999985E-4
        }
      },
      "(nodeD_c00, clientPoolJ, nodeD_c00)" : {
        "AppCoordinates {com.bbn, test-service3, 1}" : {
          "DATARATE_TX" : 3.999999999999998E-5,
          "DATARATE_RX" : 7.999999999999997E-5
        },
        "AppCoordinates {com.bbn, test-service1, 1}" : {
          "DATARATE_TX" : -3.8116482626443515E-21,
          "DATARATE_RX" : -7.623296525288703E-21
        }
      },
      "(nodeD_c05, clientPoolJ, nodeD_c05)" : {
        "AppCoordinates {com.bbn, test-service3, 1}" : {
          "DATARATE_TX" : 7.799999999999988E-5,
          "DATARATE_RX" : 1.5599999999999975E-4
        }
      },
      "(nodeD_c06, clientPoolJ, nodeD_c06)" : {
        "AppCoordinates {com.bbn, test-service2, 1}" : {
          "DATARATE_TX" : 6.599999999999991E-5,
          "DATARATE_RX" : 1.3199999999999982E-4
        }
      },
      "(nodeD_c03, clientPoolJ, nodeD_c03)" : {
        "AppCoordinates {com.bbn, test-service1, 1}" : {
          "DATARATE_TX" : -3.8116482626443515E-21,
          "DATARATE_RX" : -7.623296525288703E-21
        }
      },
      "(nodeD_c04, clientPoolJ, nodeD_c04)" : {
        "AppCoordinates {com.bbn, test-service3, 1}" : {
          "DATARATE_TX" : -3.8116482626443515E-21,
          "DATARATE_RX" : -7.623296525288703E-21
        },
        "AppCoordinates {com.bbn, test-service1, 1}" : {
          "DATARATE_TX" : -3.8116482626443515E-21,
          "DATARATE_RX" : -7.623296525288703E-21
        }
      }
    }
  },
  "networkDemand" : {
    "interface-nodeD ( nodeD )" : {
      "(clientPoolJ, nodeD_c01, nodeD_c01)" : {
        "AppCoordinates {com.bbn, test-service2, 1}" : {
          "DATARATE_TX" : 6.03601108033242E-5,
          "DATARATE_RX" : 3.01800554016621E-5
        },
        "AppCoordinates {com.bbn, test-service1, 1}" : {
          "DATARATE_TX" : 9.484076433120989E-5,
          "DATARATE_RX" : 4.7420382165604945E-5
        }
      },
      "(clientPoolJ, nodeD_c00, nodeD_c00)" : {
        "AppCoordinates {com.bbn, test-service3, 1}" : {
          "DATARATE_TX" : 3.127586206896558E-5,
          "DATARATE_RX" : 1.563793103448279E-5
        },
        "AppCoordinates {com.bbn, test-service1, 1}" : {
          "DATARATE_TX" : 5.5617728531855855E-5,
          "DATARATE_RX" : 2.7808864265927927E-5
        }
      },
      "(clientPoolJ, nodeD_c03, nodeD_c03)" : {
        "AppCoordinates {com.bbn, test-service1, 1}" : {
          "DATARATE_TX" : 1.0085872576177242E-4,
          "DATARATE_RX" : 5.042936288088621E-5
        }
      },
      "(clientPoolJ, nodeD_c02, nodeD_c02)" : {
        "AppCoordinates {com.bbn, test-service3, 1}" : {
          "DATARATE_TX" : 7.936288088642644E-5,
          "DATARATE_RX" : 3.968144044321322E-5
        }
      },
      "(clientPoolJ, nodeD_c05, nodeD_c05)" : {
        "AppCoordinates {com.bbn, test-service3, 1}" : {
          "DATARATE_TX" : 9.297506925207742E-5,
          "DATARATE_RX" : 4.648753462603871E-5
        }
      },
      "(clientPoolJ, nodeD_c04, nodeD_c04)" : {
        "AppCoordinates {com.bbn, test-service3, 1}" : {
          "DATARATE_TX" : 5.114089347079023E-5,
          "DATARATE_RX" : 2.5570446735395114E-5
        },
        "AppCoordinates {com.bbn, test-service1, 1}" : {
          "DATARATE_TX" : 1.8132963988919653E-5,
          "DATARATE_RX" : 9.066481994459826E-6
        }
      },
      "(clientPoolJ, nodeD_c07, nodeD_c07)" : {
        "AppCoordinates {com.bbn, test-service2, 1}" : {
          "DATARATE_TX" : 5.053721682847893E-5,
          "DATARATE_RX" : 2.5268608414239466E-5
        },
        "AppCoordinates {com.bbn, test-service1, 1}" : {
          "DATARATE_TX" : 1.4186206896551722E-4,
          "DATARATE_RX" : 7.093103448275861E-5
        }
      },
      "(clientPoolJ, nodeD_c06, nodeD_c06)" : {
        "AppCoordinates {com.bbn, test-service2, 1}" : {
          "DATARATE_TX" : 9.402770083102472E-5,
          "DATARATE_RX" : 4.701385041551236E-5
        }
      }
    },
    "interface-nodeJ ( nodeJ )" : {
      "(nodeD_c07, clientPoolJ, nodeD_c07)" : {
        "AppCoordinates {com.bbn, test-service2, 1}" : {
          "DATARATE_TX" : 2.5268608414239466E-5,
          "DATARATE_RX" : 5.053721682847893E-5
        },
        "AppCoordinates {com.bbn, test-service1, 1}" : {
          "DATARATE_TX" : 7.093103448275861E-5,
          "DATARATE_RX" : 1.4186206896551722E-4
        }
      },
      "(nodeE_c01, clientPoolJ, nodeE_c01)" : {
        "AppCoordinates {com.bbn, test-service3, 1}" : {
          "DATARATE_TX" : 2.1942857142857103E-5,
          "DATARATE_RX" : 4.3885714285714205E-5
        }
      },
      "(nodeE_c00, clientPoolJ, nodeE_c00)" : {
        "AppCoordinates {com.bbn, test-service3, 1}" : {
          "DATARATE_TX" : 8.437370242214507E-5,
          "DATARATE_RX" : 1.6874740484429013E-4
        }
      },
      "(nodeD_c01, clientPoolJ, nodeD_c01)" : {
        "AppCoordinates {com.bbn, test-service2, 1}" : {
          "DATARATE_TX" : 3.01800554016621E-5,
          "DATARATE_RX" : 6.03601108033242E-5
        },
        "AppCoordinates {com.bbn, test-service1, 1}" : {
          "DATARATE_TX" : 4.7420382165604945E-5,
          "DATARATE_RX" : 9.484076433120989E-5
        }
      },
      "(nodeD_c02, clientPoolJ, nodeD_c02)" : {
        "AppCoordinates {com.bbn, test-service3, 1}" : {
          "DATARATE_TX" : 3.968144044321322E-5,
          "DATARATE_RX" : 7.936288088642644E-5
        }
      },
      "(nodeD_c00, clientPoolJ, nodeD_c00)" : {
        "AppCoordinates {com.bbn, test-service3, 1}" : {
          "DATARATE_TX" : 1.563793103448279E-5,
          "DATARATE_RX" : 3.127586206896558E-5
        },
        "AppCoordinates {com.bbn, test-service1, 1}" : {
          "DATARATE_TX" : 2.781163434903042E-5,
          "DATARATE_RX" : 5.562326869806084E-5
        }
      },
      "(nodeD_c05, clientPoolJ, nodeD_c05)" : {
        "AppCoordinates {com.bbn, test-service3, 1}" : {
          "DATARATE_TX" : 4.648753462603871E-5,
          "DATARATE_RX" : 9.297506925207742E-5
        }
      },
      "(nodeD_c06, clientPoolJ, nodeD_c06)" : {
        "AppCoordinates {com.bbn, test-service2, 1}" : {
          "DATARATE_TX" : 4.701385041551236E-5,
          "DATARATE_RX" : 9.402770083102472E-5
        }
      },
      "(nodeD_c03, clientPoolJ, nodeD_c03)" : {
        "AppCoordinates {com.bbn, test-service1, 1}" : {
          "DATARATE_TX" : 5.042936288088621E-5,
          "DATARATE_RX" : 1.0085872576177242E-4
        }
      },
      "(nodeD_c04, clientPoolJ, nodeD_c04)" : {
        "AppCoordinates {com.bbn, test-service3, 1}" : {
          "DATARATE_TX" : 2.5570446735395114E-5,
          "DATARATE_RX" : 5.114089347079023E-5
        },
        "AppCoordinates {com.bbn, test-service1, 1}" : {
          "DATARATE_TX" : 9.066481994459826E-6,
          "DATARATE_RX" : 1.8132963988919653E-5
        }
      }
    }
  },
  "containerReports" : {
    "nodeE_c00" : {
      "containerName" : {
        "name" : "nodeE_c00"
      },
      "timestamp" : 253479,
      "service" : {
        "group" : "com.bbn",
        "artifact" : "test-service3",
        "version" : "1"
      },
      "serviceStatus" : "RUNNING",
      "demandEstimationWindow" : "LONG",
      "computeCapacity" : {
        "CPU" : 1.0,
        "TASK_CONTAINERS" : 100.0,
        "QueueLength" : 1000000.0
      },
      "computeLoad" : {
        "UNKNOWN" : {
          "QueueLength" : 45.0,
          "TASK_CONTAINERS" : 22.5
        }
      },
      "computeDemand" : {
        "UNKNOWN" : {
          "QueueLength" : 83.5068493150685,
          "TASK_CONTAINERS" : 42.04137931034483
        }
      },
      "averageProcessingTime" : 120000.0,
      "networkCapacity" : {
        "interface-nodeE ( nodeE )" : {
          "DATARATE_TX" : 100.0,
          "DATARATE_RX" : 100.0
        }
      },
      "networkLoad" : {
        "interface-nodeE ( nodeE )" : {
          "(clientPoolJ, nodeE_c00, nodeE_c00)" : {
            "AppCoordinates {com.bbn, test-service3, 1}" : {
              "DATARATE_TX" : 8.999999999999997E-5,
              "DATARATE_RX" : 4.499999999999998E-5
            }
          }
        }
      },
      "networkDemand" : {
        "interface-nodeE ( nodeE )" : {
          "(clientPoolJ, nodeE_c00, nodeE_c00)" : {
            "AppCoordinates {com.bbn, test-service3, 1}" : {
              "DATARATE_TX" : 1.6874740484429013E-4,
              "DATARATE_RX" : 8.437370242214507E-5
            }
          }
        }
      }
    }
  },
  "maximumServiceContainers" : 20,
  "allocatedServiceContainers" : 1,
  "computeDemand" : {
    "AppCoordinates {com.bbn, test-service3, 1}" : {
      "UNKNOWN" : {
        "QueueLength" : 83.5068493150685,
        "TASK_CONTAINERS" : 42.04137931034483
      }
    }
  },
  "containerNetworkLoad" : {
    "interface-nodeE ( nodeE )" : {
      "(clientPoolJ, nodeE_c00, nodeE_c00)" : {
        "AppCoordinates {com.bbn, test-service3, 1}" : {
          "DATARATE_TX" : 8.999999999999997E-5,
          "DATARATE_RX" : 4.499999999999998E-5
        }
      }
    }
  },
  "containerNetworkDemand" : {
    "interface-nodeE ( nodeE )" : {
      "(clientPoolJ, nodeE_c00, nodeE_c00)" : {
        "AppCoordinates {com.bbn, test-service3, 1}" : {
          "DATARATE_TX" : 1.6874740484429013E-4,
          "DATARATE_RX" : 8.437370242214507E-5
        }
      }
    }
  },
  "computeLoad" : {
    "AppCoordinates {com.bbn, test-service3, 1}" : {
      "UNKNOWN" : {
        "QueueLength" : 45.0,
        "TASK_CONTAINERS" : 22.5
      }
    }
  },
  "availableServiceContainers" : 19,
  "averageProcessingTime" : {
    "AppCoordinates {com.bbn, test-service3, 1}" : 120000.0
  },
  "allocatedComputeCapacity" : {
    "CPU" : 1.0,
    "QueueLength" : 1000000.0,
    "TASK_CONTAINERS" : 100.0
  }
}