{
  "region" : {
    "name" : "E"
  },
  "minTimestamp" : 252979,
  "maxTimestamp" : 252979,
  "demandEstimationWindow" : "SHORT",
  "serverCapacity" : {
    "DISK" : 10.0,
    "MEMORY" : 8.0E9,
    "CPU" : 4.0,
    "TASK_CONTAINERS" : 20.0
  },
  "serverLoad" : {
    "AppCoordinates {com.bbn, test-service3, 1}" : {
      "unknown" : {
        "QueueLength" : 45.0,
        "TASK_CONTAINERS" : 22.5
      }
    }
  },
  "serverDemand" : {
    "AppCoordinates {com.bbn, test-service3, 1}" : {
      "unknown" : {
        "QueueLength" : 39.375,
        "TASK_CONTAINERS" : 19.6875
      }
    }
  },
  "serverAverageProcessingTimeCount" : {
    "AppCoordinates {com.bbn, test-service3, 1}" : 1
  },
  "serverAverageProcessingTimeSum" : {
    "AppCoordinates {com.bbn, test-service3, 1}" : 120000.0
  },
  "networkCapacity" : {
    "D" : {
      "DATARATE_RX" : 100.0,
      "DATARATE_TX" : 100.0
    },
    "J" : {
      "DATARATE_RX" : 100.0,
      "DATARATE_TX" : 100.0
    }
  },
  "networkLoad" : {
    "D" : {
      "(J, D, D)" : {
        "AppCoordinates {com.bbn, test-service3, 1}" : {
          "DATARATE_TX" : 3.5599999999999955E-4,
          "DATARATE_RX" : 1.7799999999999977E-4
        },
        "AppCoordinates {com.bbn, test-service2, 1}" : {
          "DATARATE_TX" : 1.319999999999998E-4,
          "DATARATE_RX" : 6.59999999999999E-5
        },
        "AppCoordinates {com.bbn, test-service1, 1}" : {
          "DATARATE_TX" : 1.4799999999999975E-4,
          "DATARATE_RX" : 7.399999999999987E-5
        }
      }
    },
    "J" : {
      "(E, J, E)" : {
        "AppCoordinates {com.bbn, test-service3, 1}" : {
          "DATARATE_TX" : 4.4999999999999976E-5,
          "DATARATE_RX" : 8.999999999999995E-5
        }
      },
      "(D, J, D)" : {
        "AppCoordinates {com.bbn, test-service3, 1}" : {
          "DATARATE_TX" : 1.7799999999999977E-4,
          "DATARATE_RX" : 3.5599999999999955E-4
        },
        "AppCoordinates {com.bbn, test-service2, 1}" : {
          "DATARATE_TX" : 6.59999999999999E-5,
          "DATARATE_RX" : 1.319999999999998E-4
        },
        "AppCoordinates {com.bbn, test-service1, 1}" : {
          "DATARATE_TX" : 7.399999999999989E-5,
          "DATARATE_RX" : 1.4799999999999978E-4
        }
      }
    }
  },
  "networkDemand" : {
    "D" : {
      "(J, D, D)" : {
        "AppCoordinates {com.bbn, test-service3, 1}" : {
          "DATARATE_TX" : 3.559999999999996E-4,
          "DATARATE_RX" : 1.779999999999998E-4
        },
        "AppCoordinates {com.bbn, test-service2, 1}" : {
          "DATARATE_TX" : 1.319999999999998E-4,
          "DATARATE_RX" : 6.59999999999999E-5
        },
        "AppCoordinates {com.bbn, test-service1, 1}" : {
          "DATARATE_TX" : 1.4799999999999975E-4,
          "DATARATE_RX" : 7.399999999999987E-5
        }
      }
    },
    "J" : {
      "(E, J, E)" : {
        "AppCoordinates {com.bbn, test-service3, 1}" : {
          "DATARATE_TX" : 4.499999999999997E-5,
          "DATARATE_RX" : 8.999999999999994E-5
        }
      },
      "(D, J, D)" : {
        "AppCoordinates {com.bbn, test-service3, 1}" : {
          "DATARATE_TX" : 1.779999999999998E-4,
          "DATARATE_RX" : 3.559999999999996E-4
        },
        "AppCoordinates {com.bbn, test-service2, 1}" : {
          "DATARATE_TX" : 6.59999999999999E-5,
          "DATARATE_RX" : 1.319999999999998E-4
        },
        "AppCoordinates {com.bbn, test-service1, 1}" : {
          "DATARATE_TX" : 7.399999999999989E-5,
          "DATARATE_RX" : 1.4799999999999978E-4
        }
      }
    }
  },
  "maximumServiceContainers" : 20,
  "allocatedServiceContainers" : 1,
  "serverAverageProcessingTime" : {
    "AppCoordinates {com.bbn, test-service3, 1}" : 120000.0
  },
  "availableServiceContainers" : 19,
  "nullSummary" : false
}