{
  "clientName" : "clientPoolC",
  "clientRegion" : {
    "name" : "C"
  },
  "numRequestsAttempted" : 4800,
  "numRequestsSucceeded" : 3597,
  "numRequestsFailedForServerLoad" : 1203,
  "numRequestsFailedForNetworkLoad" : 0,
  "numRequestsSlowForServerLoad" : 911,
  "numRequestsSlowForNetworkLoad" : 0,
  "numRequestsSlowForNetworkAndServerLoad" : 0,
  "numRequestsServicedByRegion" : {
    "A" : 54,
    "B" : 22,
    "C" : 1104,
    "D" : 30,
    "E" : 884,
    "G" : 611,
    "H" : 32,
    "J" : 860
  },
  "numRequestsFailedForDownNode" : 0
}