725,1,DNS_UPDATE_SUCCEEDED
772,2,DCOP_PLAN_PLUBLIED
799,2,RLG_PLAN_PUBLISHED
105849,212,DCOP_PLAN_PLUBLIED
108758,217,RLG_PLAN_PUBLISHED
108763,218,DNS_UPDATE_SUCCEEDED
109261,219,DNS_UPDATE_SUCCEEDED
111758,223,RLG_PLAN_PUBLISHED
111761,224,DNS_UPDATE_SUCCEEDED
165758,331,RLG_PLAN_PUBLISHED
165770,332,DNS_UPDATE_SUCCEEDED
165813,332,DCOP_PLAN_PLUBLIED
166270,333,DNS_UPDATE_SUCCEEDED
168758,337,RLG_PLAN_PUBLISHED
168771,338,DNS_UPDATE_SUCCEEDED
169271,339,DNS_UPDATE_SUCCEEDED
171758,343,RLG_PLAN_PUBLISHED
171774,344,DNS_UPDATE_SUCCEEDED
225826,452,DCOP_PLAN_PLUBLIED
228759,457,RLG_PLAN_PUBLISHED
228795,458,DNS_UPDATE_SUCCEEDED
285844,572,DCOP_PLAN_PLUBLIED
288761,577,RLG_PLAN_PUBLISHED
288815,578,DNS_UPDATE_SUCCEEDED
345831,691,DCOP_PLAN_PLUBLIED
348761,697,RLG_PLAN_PUBLISHED
348836,698,DNS_UPDATE_SUCCEEDED
405838,811,DCOP_PLAN_PLUBLIED
408769,817,RLG_PLAN_PUBLISHED
408859,818,DNS_UPDATE_SUCCEEDED
465836,931,DCOP_PLAN_PLUBLIED
468778,937,RLG_PLAN_PUBLISHED
468879,938,DNS_UPDATE_SUCCEEDED
525849,1051,DCOP_PLAN_PLUBLIED
528783,1057,RLG_PLAN_PUBLISHED
528927,1058,DNS_UPDATE_SUCCEEDED
579786,1159,RLG_PLAN_PUBLISHED
579946,1160,DNS_UPDATE_SUCCEEDED
580446,1161,DNS_UPDATE_SUCCEEDED
582786,1165,RLG_PLAN_PUBLISHED
582948,1166,DNS_UPDATE_SUCCEEDED
585850,1171,DCOP_PLAN_PLUBLIED
588786,1177,RLG_PLAN_PUBLISHED
588948,1178,DNS_UPDATE_SUCCEEDED
630003,1260,DCOP_PLAN_PLUBLIED
