{
  "region" : {
    "name" : "O"
  },
  "timestamp" : 406346,
  "plan" : {
    "AppCoordinates {com.bbn, test-service3, 1}" : {
      "A" : 0.0,
      "B" : 0.0,
      "G" : 0.0,
      "H" : 0.0,
      "I" : 0.0,
      "K" : 0.0,
      "L" : 0.0,
      "N" : 0.0,
      "O" : 1.0
    },
    "AppCoordinates {com.bbn, test-service2, 1}" : {
      "A" : 0.0,
      "B" : 0.0,
      "G" : 0.0,
      "H" : 0.0,
      "I" : 0.0,
      "K" : 0.0,
      "L" : 0.0,
      "N" : 0.0,
      "O" : 1.0
    },
    "AppCoordinates {com.bbn, test-service1, 1}" : {
      "A" : 0.0,
      "B" : 0.0,
      "G" : 0.0,
      "H" : 0.0,
      "I" : 0.0,
      "K" : 0.0,
      "L" : 0.0,
      "N" : 0.0,
      "O" : 1.0
    }
  }
}