894,1,DNS_UPDATE_SUCCEEDED
926,2,DCOP_PLAN_PLUBLIED
947,2,RLG_PLAN_PUBLISHED
1402,3,DNS_UPDATE_SUCCEEDED
33893,68,RLG_PLAN_PUBLISHED
34341,69,DNS_UPDATE_SUCCEEDED
34845,70,DNS_UPDATE_SUCCEEDED
36891,74,RLG_PLAN_PUBLISHED
37345,75,DNS_UPDATE_SUCCEEDED
90892,182,RLG_PLAN_PUBLISHED
91387,183,DNS_UPDATE_SUCCEEDED
91885,184,DNS_UPDATE_SUCCEEDED
93899,188,RLG_PLAN_PUBLISHED
94379,189,DNS_UPDATE_SUCCEEDED
94877,190,DNS_UPDATE_SUCCEEDED
96893,194,RLG_PLAN_PUBLISHED
97376,195,DNS_UPDATE_SUCCEEDED
97881,196,DNS_UPDATE_SUCCEEDED
99893,200,RLG_PLAN_PUBLISHED
100379,201,DNS_UPDATE_SUCCEEDED
105981,212,DCOP_PLAN_PLUBLIED
108895,218,RLG_PLAN_PUBLISHED
109381,219,DNS_UPDATE_SUCCEEDED
150896,301,RLG_PLAN_PUBLISHED
150899,302,DNS_UPDATE_SUCCEEDED
151408,303,DNS_UPDATE_SUCCEEDED
153896,307,RLG_PLAN_PUBLISHED
153899,308,DNS_UPDATE_SUCCEEDED
154402,309,DNS_UPDATE_SUCCEEDED
156895,313,RLG_PLAN_PUBLISHED
156910,314,DNS_UPDATE_SUCCEEDED
157407,315,DNS_UPDATE_SUCCEEDED
159911,320,RLG_PLAN_PUBLISHED
160404,321,DNS_UPDATE_SUCCEEDED
160909,322,DNS_UPDATE_SUCCEEDED
162896,325,RLG_PLAN_PUBLISHED
162914,326,DNS_UPDATE_SUCCEEDED
165897,331,RLG_PLAN_PUBLISHED
165914,332,DNS_UPDATE_SUCCEEDED
166414,333,DNS_UPDATE_SUCCEEDED
168901,337,RLG_PLAN_PUBLISHED
168915,338,DNS_UPDATE_SUCCEEDED
169405,339,DNS_UPDATE_SUCCEEDED
171896,343,RLG_PLAN_PUBLISHED
171909,344,DNS_UPDATE_SUCCEEDED
174898,349,RLG_PLAN_PUBLISHED
174911,350,DNS_UPDATE_SUCCEEDED
175406,351,DNS_UPDATE_SUCCEEDED
177898,355,RLG_PLAN_PUBLISHED
177908,356,DNS_UPDATE_SUCCEEDED
178407,357,DNS_UPDATE_SUCCEEDED
180896,361,RLG_PLAN_PUBLISHED
180908,362,DNS_UPDATE_SUCCEEDED
186897,373,RLG_PLAN_PUBLISHED
186918,374,DNS_UPDATE_SUCCEEDED
187413,375,DNS_UPDATE_SUCCEEDED
189898,379,RLG_PLAN_PUBLISHED
189921,380,DNS_UPDATE_SUCCEEDED
190417,381,DNS_UPDATE_SUCCEEDED
192897,385,RLG_PLAN_PUBLISHED
192919,386,DNS_UPDATE_SUCCEEDED
195897,391,RLG_PLAN_PUBLISHED
195917,392,DNS_UPDATE_SUCCEEDED
196415,393,DNS_UPDATE_SUCCEEDED
198909,397,RLG_PLAN_PUBLISHED
198913,398,DNS_UPDATE_SUCCEEDED
199416,399,DNS_UPDATE_SUCCEEDED
201897,403,RLG_PLAN_PUBLISHED
201922,404,DNS_UPDATE_SUCCEEDED
202435,405,DNS_UPDATE_SUCCEEDED
204898,409,RLG_PLAN_PUBLISHED
204933,410,DNS_UPDATE_SUCCEEDED
205428,411,DNS_UPDATE_SUCCEEDED
207897,415,RLG_PLAN_PUBLISHED
207925,416,DNS_UPDATE_SUCCEEDED
210919,421,RLG_PLAN_PUBLISHED
210928,422,DNS_UPDATE_SUCCEEDED
211426,423,DNS_UPDATE_SUCCEEDED
213902,427,RLG_PLAN_PUBLISHED
213926,428,DNS_UPDATE_SUCCEEDED
214427,429,DNS_UPDATE_SUCCEEDED
216900,433,RLG_PLAN_PUBLISHED
216940,434,DNS_UPDATE_SUCCEEDED
273906,547,RLG_PLAN_PUBLISHED
273943,548,DNS_UPDATE_SUCCEEDED
274445,549,DNS_UPDATE_SUCCEEDED
276904,553,RLG_PLAN_PUBLISHED
276951,554,DNS_UPDATE_SUCCEEDED
277448,555,DNS_UPDATE_SUCCEEDED
279908,559,RLG_PLAN_PUBLISHED
279949,560,DNS_UPDATE_SUCCEEDED
714955,1429,RLG_PLAN_PUBLISHED
715081,1430,DNS_UPDATE_SUCCEEDED
715581,1431,DNS_UPDATE_SUCCEEDED
717948,1435,RLG_PLAN_PUBLISHED
718081,1436,DNS_UPDATE_SUCCEEDED
718590,1437,DNS_UPDATE_SUCCEEDED
720948,1441,RLG_PLAN_PUBLISHED
721082,1442,DNS_UPDATE_SUCCEEDED
834952,1669,RLG_PLAN_PUBLISHED
835130,1670,DNS_UPDATE_SUCCEEDED
837957,1675,RLG_PLAN_PUBLISHED
838124,1676,DNS_UPDATE_SUCCEEDED
838626,1677,DNS_UPDATE_SUCCEEDED
840951,1681,RLG_PLAN_PUBLISHED
841128,1682,DNS_UPDATE_SUCCEEDED
894954,1789,RLG_PLAN_PUBLISHED
895151,1790,DNS_UPDATE_SUCCEEDED
897955,1795,RLG_PLAN_PUBLISHED
898159,1796,DNS_UPDATE_SUCCEEDED
898653,1797,DNS_UPDATE_SUCCEEDED
900953,1801,RLG_PLAN_PUBLISHED
901154,1802,DNS_UPDATE_SUCCEEDED
903955,1807,RLG_PLAN_PUBLISHED
904182,1808,DNS_UPDATE_SUCCEEDED
906956,1813,RLG_PLAN_PUBLISHED
907158,1814,DNS_UPDATE_SUCCEEDED
907657,1815,DNS_UPDATE_SUCCEEDED
909954,1819,RLG_PLAN_PUBLISHED
910156,1820,DNS_UPDATE_SUCCEEDED
954963,1909,RLG_PLAN_PUBLISHED
955167,1910,DNS_UPDATE_SUCCEEDED
957957,1915,RLG_PLAN_PUBLISHED
958168,1916,DNS_UPDATE_SUCCEEDED
958665,1917,DNS_UPDATE_SUCCEEDED
960959,1921,RLG_PLAN_PUBLISHED
961169,1922,DNS_UPDATE_SUCCEEDED
