{
  "region" : {
    "name" : "E"
  },
  "nodeResourceReports" : [ {
    "nodeName" : {
      "name" : "nodeE"
    },
    "timestamp" : 224990,
    "demandEstimationWindow" : "SHORT",
    "nodeComputeCapacity" : {
      "CPU" : 4.0,
      "MEMORY" : 8.0E9,
      "DISK" : 10.0,
      "TASK_CONTAINERS" : 20.0
    },
    "networkCapacity" : {
      "interface-nodeH ( nodeH )" : {
        "DATARATE_RX" : 100.0,
        "DATARATE_TX" : 100.0
      },
      "interface-nodeF ( nodeF )" : {
        "DATARATE_RX" : 100.0,
        "DATARATE_TX" : 100.0
      },
      "interface-nodeA ( nodeA )" : {
        "DATARATE_RX" : 100.0,
        "DATARATE_TX" : 100.0
      }
    },
    "networkLoad" : {
      "interface-nodeH ( nodeH )" : { },
      "interface-nodeF ( nodeF )" : {
        "(nodeB_c00, clientPoolF, nodeB_c00)" : {
          "AppCoordinates {com.bbn, test-service1, 1}" : {
            "DATARATE_TX" : 0.003,
            "DATARATE_RX" : 0.006
          }
        },
        "(nodeB_c04, clientPoolF, nodeB_c04)" : {
          "AppCoordinates {com.bbn, test-service1, 1}" : {
            "DATARATE_TX" : 0.002,
            "DATARATE_RX" : 0.004
          }
        },
        "(nodeB_c03, clientPoolF, nodeB_c03)" : {
          "AppCoordinates {com.bbn, test-service2, 1}" : {
            "DATARATE_TX" : 0.004,
            "DATARATE_RX" : 0.008
          }
        },
        "(nodeB_c02, clientPoolF, nodeB_c02)" : {
          "AppCoordinates {com.bbn, test-service3, 1}" : {
            "DATARATE_TX" : 0.003,
            "DATARATE_RX" : 0.006
          }
        },
        "(nodeB_c01, clientPoolF, nodeB_c01)" : {
          "AppCoordinates {com.bbn, test-service2, 1}" : {
            "DATARATE_TX" : 0.003,
            "DATARATE_RX" : 0.006
          }
        },
        "(nodeB_c07, clientPoolF, nodeB_c07)" : {
          "AppCoordinates {com.bbn, test-service2, 1}" : {
            "DATARATE_TX" : 0.004,
            "DATARATE_RX" : 0.008
          }
        },
        "(nodeB_c06, clientPoolF, nodeB_c06)" : {
          "AppCoordinates {com.bbn, test-service3, 1}" : {
            "DATARATE_TX" : 0.005,
            "DATARATE_RX" : 0.01
          }
        },
        "(nodeB_c05, clientPoolF, nodeB_c05)" : {
          "AppCoordinates {com.bbn, test-service3, 1}" : {
            "DATARATE_TX" : 0.002,
            "DATARATE_RX" : 0.004
          }
        }
      },
      "interface-nodeA ( nodeA )" : {
        "(clientPoolF, nodeB_c01, nodeB_c01)" : {
          "AppCoordinates {com.bbn, test-service2, 1}" : {
            "DATARATE_TX" : 0.006,
            "DATARATE_RX" : 0.003
          }
        },
        "(clientPoolE, nodeB_c00, nodeB_c00)" : {
          "AppCoordinates {com.bbn, test-service1, 1}" : {
            "DATARATE_TX" : 0.008,
            "DATARATE_RX" : 0.004
          }
        },
        "(clientPoolF, nodeB_c00, nodeB_c00)" : {
          "AppCoordinates {com.bbn, test-service1, 1}" : {
            "DATARATE_TX" : 0.006,
            "DATARATE_RX" : 0.003
          }
        },
        "(clientPoolE, nodeB_c06, nodeB_c06)" : {
          "AppCoordinates {com.bbn, test-service3, 1}" : {
            "DATARATE_TX" : 0.002,
            "DATARATE_RX" : 0.001
          }
        },
        "(clientPoolF, nodeB_c07, nodeB_c07)" : {
          "AppCoordinates {com.bbn, test-service2, 1}" : {
            "DATARATE_TX" : 0.008,
            "DATARATE_RX" : 0.004
          }
        },
        "(clientPoolF, nodeB_c06, nodeB_c06)" : {
          "AppCoordinates {com.bbn, test-service3, 1}" : {
            "DATARATE_TX" : 0.01,
            "DATARATE_RX" : 0.005
          }
        },
        "(clientPoolE, nodeB_c05, nodeB_c05)" : {
          "AppCoordinates {com.bbn, test-service3, 1}" : {
            "DATARATE_TX" : 0.008,
            "DATARATE_RX" : 0.004
          }
        },
        "(clientPoolE, nodeB_c07, nodeB_c07)" : {
          "AppCoordinates {com.bbn, test-service2, 1}" : {
            "DATARATE_TX" : 0.004,
            "DATARATE_RX" : 0.002
          }
        },
        "(clientPoolF, nodeB_c03, nodeB_c03)" : {
          "AppCoordinates {com.bbn, test-service2, 1}" : {
            "DATARATE_TX" : 0.008,
            "DATARATE_RX" : 0.004
          }
        },
        "(clientPoolE, nodeB_c02, nodeB_c02)" : {
          "AppCoordinates {com.bbn, test-service3, 1}" : {
            "DATARATE_TX" : 0.008,
            "DATARATE_RX" : 0.004
          }
        },
        "(clientPoolF, nodeB_c02, nodeB_c02)" : {
          "AppCoordinates {com.bbn, test-service3, 1}" : {
            "DATARATE_TX" : 0.006,
            "DATARATE_RX" : 0.003
          }
        },
        "(clientPoolE, nodeB_c01, nodeB_c01)" : {
          "AppCoordinates {com.bbn, test-service2, 1}" : {
            "DATARATE_TX" : 0.008,
            "DATARATE_RX" : 0.004
          }
        },
        "(clientPoolF, nodeB_c05, nodeB_c05)" : {
          "AppCoordinates {com.bbn, test-service3, 1}" : {
            "DATARATE_TX" : 0.004,
            "DATARATE_RX" : 0.002
          }
        },
        "(clientPoolE, nodeB_c04, nodeB_c04)" : {
          "AppCoordinates {com.bbn, test-service1, 1}" : {
            "DATARATE_TX" : 0.004,
            "DATARATE_RX" : 0.002
          }
        },
        "(clientPoolE, nodeB_c03, nodeB_c03)" : {
          "AppCoordinates {com.bbn, test-service2, 1}" : {
            "DATARATE_TX" : 0.004,
            "DATARATE_RX" : 0.002
          }
        },
        "(clientPoolF, nodeB_c04, nodeB_c04)" : {
          "AppCoordinates {com.bbn, test-service1, 1}" : {
            "DATARATE_TX" : 0.004,
            "DATARATE_RX" : 0.002
          }
        }
      }
    },
    "networkDemand" : {
      "interface-nodeA ( nodeA )" : {
        "(clientPoolE, nodeB_c00, nodeB_c00)" : {
          "AppCoordinates {com.bbn, test-service1, 1}" : {
            "DATARATE_TX" : 0.008,
            "DATARATE_RX" : 0.004
          }
        },
        "(clientPoolF, nodeB_c01, nodeB_c01)" : {
          "AppCoordinates {com.bbn, test-service2, 1}" : {
            "DATARATE_TX" : 0.005999999999999999,
            "DATARATE_RX" : 0.0029999999999999996
          }
        },
        "(clientPoolF, nodeB_c00, nodeB_c00)" : {
          "AppCoordinates {com.bbn, test-service1, 1}" : {
            "DATARATE_TX" : 0.005999999999999999,
            "DATARATE_RX" : 0.0029999999999999996
          }
        },
        "(clientPoolF, nodeB_c07, nodeB_c07)" : {
          "AppCoordinates {com.bbn, test-service2, 1}" : {
            "DATARATE_TX" : 0.008,
            "DATARATE_RX" : 0.004
          }
        },
        "(clientPoolE, nodeB_c06, nodeB_c06)" : {
          "AppCoordinates {com.bbn, test-service3, 1}" : {
            "DATARATE_TX" : 0.002,
            "DATARATE_RX" : 0.001
          }
        },
        "(clientPoolE, nodeB_c05, nodeB_c05)" : {
          "AppCoordinates {com.bbn, test-service3, 1}" : {
            "DATARATE_TX" : 0.008,
            "DATARATE_RX" : 0.004
          }
        },
        "(clientPoolF, nodeB_c06, nodeB_c06)" : {
          "AppCoordinates {com.bbn, test-service3, 1}" : {
            "DATARATE_TX" : 0.01,
            "DATARATE_RX" : 0.005
          }
        },
        "(clientPoolE, nodeB_c07, nodeB_c07)" : {
          "AppCoordinates {com.bbn, test-service2, 1}" : {
            "DATARATE_TX" : 0.004,
            "DATARATE_RX" : 0.002
          }
        },
        "(clientPoolE, nodeB_c02, nodeB_c02)" : {
          "AppCoordinates {com.bbn, test-service3, 1}" : {
            "DATARATE_TX" : 0.008,
            "DATARATE_RX" : 0.004
          }
        },
        "(clientPoolF, nodeB_c03, nodeB_c03)" : {
          "AppCoordinates {com.bbn, test-service2, 1}" : {
            "DATARATE_TX" : 0.008,
            "DATARATE_RX" : 0.004
          }
        },
        "(clientPoolE, nodeB_c01, nodeB_c01)" : {
          "AppCoordinates {com.bbn, test-service2, 1}" : {
            "DATARATE_TX" : 0.008,
            "DATARATE_RX" : 0.004
          }
        },
        "(clientPoolF, nodeB_c02, nodeB_c02)" : {
          "AppCoordinates {com.bbn, test-service3, 1}" : {
            "DATARATE_TX" : 0.005999999999999999,
            "DATARATE_RX" : 0.0029999999999999996
          }
        },
        "(clientPoolE, nodeB_c04, nodeB_c04)" : {
          "AppCoordinates {com.bbn, test-service1, 1}" : {
            "DATARATE_TX" : 0.004,
            "DATARATE_RX" : 0.002
          }
        },
        "(clientPoolF, nodeB_c05, nodeB_c05)" : {
          "AppCoordinates {com.bbn, test-service3, 1}" : {
            "DATARATE_TX" : 0.004,
            "DATARATE_RX" : 0.002
          }
        },
        "(clientPoolF, nodeB_c04, nodeB_c04)" : {
          "AppCoordinates {com.bbn, test-service1, 1}" : {
            "DATARATE_TX" : 0.004,
            "DATARATE_RX" : 0.002
          }
        },
        "(clientPoolE, nodeB_c03, nodeB_c03)" : {
          "AppCoordinates {com.bbn, test-service2, 1}" : {
            "DATARATE_TX" : 0.004,
            "DATARATE_RX" : 0.002
          }
        }
      },
      "interface-nodeH ( nodeH )" : { },
      "interface-nodeF ( nodeF )" : {
        "(nodeB_c00, clientPoolF, nodeB_c00)" : {
          "AppCoordinates {com.bbn, test-service1, 1}" : {
            "DATARATE_TX" : 0.0029999999999999996,
            "DATARATE_RX" : 0.005999999999999999
          }
        },
        "(nodeB_c04, clientPoolF, nodeB_c04)" : {
          "AppCoordinates {com.bbn, test-service1, 1}" : {
            "DATARATE_TX" : 0.002,
            "DATARATE_RX" : 0.004
          }
        },
        "(nodeB_c03, clientPoolF, nodeB_c03)" : {
          "AppCoordinates {com.bbn, test-service2, 1}" : {
            "DATARATE_TX" : 0.004,
            "DATARATE_RX" : 0.008
          }
        },
        "(nodeB_c02, clientPoolF, nodeB_c02)" : {
          "AppCoordinates {com.bbn, test-service3, 1}" : {
            "DATARATE_TX" : 0.0029999999999999996,
            "DATARATE_RX" : 0.005999999999999999
          }
        },
        "(nodeB_c01, clientPoolF, nodeB_c01)" : {
          "AppCoordinates {com.bbn, test-service2, 1}" : {
            "DATARATE_TX" : 0.0029999999999999996,
            "DATARATE_RX" : 0.005999999999999999
          }
        },
        "(nodeB_c07, clientPoolF, nodeB_c07)" : {
          "AppCoordinates {com.bbn, test-service2, 1}" : {
            "DATARATE_TX" : 0.004,
            "DATARATE_RX" : 0.008
          }
        },
        "(nodeB_c06, clientPoolF, nodeB_c06)" : {
          "AppCoordinates {com.bbn, test-service3, 1}" : {
            "DATARATE_TX" : 0.005,
            "DATARATE_RX" : 0.01
          }
        },
        "(nodeB_c05, clientPoolF, nodeB_c05)" : {
          "AppCoordinates {com.bbn, test-service3, 1}" : {
            "DATARATE_TX" : 0.002,
            "DATARATE_RX" : 0.004
          }
        }
      }
    },
    "containerReports" : {
      "nodeE_c05" : {
        "containerName" : {
          "name" : "nodeE_c05"
        },
        "timestamp" : 224990,
        "service" : {
          "group" : "com.bbn",
          "artifact" : "test-service1",
          "version" : "1"
        },
        "serviceStatus" : "RUNNING",
        "demandEstimationWindow" : "SHORT",
        "computeCapacity" : {
          "CPU" : 1.0,
          "TASK_CONTAINERS" : 1.0,
          "QueueLength" : 1000000.0
        },
        "computeLoad" : {
          "UNKNOWN" : {
            "QueueLength" : 0.0
          }
        },
        "computeDemand" : {
          "UNKNOWN" : {
            "QueueLength" : 0.0
          }
        },
        "averageProcessingTime" : "NaN",
        "networkCapacity" : {
          "interface-nodeE ( nodeE )" : {
            "DATARATE_TX" : 100.0,
            "DATARATE_RX" : 100.0
          }
        },
        "networkLoad" : {
          "interface-nodeE ( nodeE )" : { }
        },
        "networkDemand" : {
          "interface-nodeE ( nodeE )" : { }
        }
      },
      "nodeE_c03" : {
        "containerName" : {
          "name" : "nodeE_c03"
        },
        "timestamp" : 224990,
        "service" : {
          "group" : "com.bbn",
          "artifact" : "test-service3",
          "version" : "1"
        },
        "serviceStatus" : "RUNNING",
        "demandEstimationWindow" : "SHORT",
        "computeCapacity" : {
          "CPU" : 1.0,
          "TASK_CONTAINERS" : 1.0,
          "QueueLength" : 1000000.0
        },
        "computeLoad" : {
          "UNKNOWN" : {
            "QueueLength" : 0.0
          }
        },
        "computeDemand" : {
          "UNKNOWN" : {
            "QueueLength" : 0.0
          }
        },
        "averageProcessingTime" : "NaN",
        "networkCapacity" : {
          "interface-nodeE ( nodeE )" : {
            "DATARATE_TX" : 100.0,
            "DATARATE_RX" : 100.0
          }
        },
        "networkLoad" : {
          "interface-nodeE ( nodeE )" : { }
        },
        "networkDemand" : {
          "interface-nodeE ( nodeE )" : { }
        }
      },
      "nodeE_c04" : {
        "containerName" : {
          "name" : "nodeE_c04"
        },
        "timestamp" : 224990,
        "service" : {
          "group" : "com.bbn",
          "artifact" : "test-service2",
          "version" : "1"
        },
        "serviceStatus" : "RUNNING",
        "demandEstimationWindow" : "SHORT",
        "computeCapacity" : {
          "CPU" : 1.0,
          "TASK_CONTAINERS" : 1.0,
          "QueueLength" : 1000000.0
        },
        "computeLoad" : {
          "UNKNOWN" : {
            "QueueLength" : 0.0
          }
        },
        "computeDemand" : {
          "UNKNOWN" : {
            "QueueLength" : 0.0
          }
        },
        "averageProcessingTime" : "NaN",
        "networkCapacity" : {
          "interface-nodeE ( nodeE )" : {
            "DATARATE_TX" : 100.0,
            "DATARATE_RX" : 100.0
          }
        },
        "networkLoad" : {
          "interface-nodeE ( nodeE )" : { }
        },
        "networkDemand" : {
          "interface-nodeE ( nodeE )" : { }
        }
      },
      "nodeE_c01" : {
        "containerName" : {
          "name" : "nodeE_c01"
        },
        "timestamp" : 224990,
        "service" : {
          "group" : "com.bbn",
          "artifact" : "test-service2",
          "version" : "1"
        },
        "serviceStatus" : "RUNNING",
        "demandEstimationWindow" : "SHORT",
        "computeCapacity" : {
          "CPU" : 1.0,
          "TASK_CONTAINERS" : 1.0,
          "QueueLength" : 1000000.0
        },
        "computeLoad" : {
          "UNKNOWN" : {
            "QueueLength" : 10.0,
            "TASK_CONTAINERS" : 0.9999999999999999
          }
        },
        "computeDemand" : {
          "UNKNOWN" : {
            "QueueLength" : 8.75,
            "TASK_CONTAINERS" : 0.8749999999999999
          }
        },
        "averageProcessingTime" : "NaN",
        "networkCapacity" : {
          "interface-nodeE ( nodeE )" : {
            "DATARATE_TX" : 100.0,
            "DATARATE_RX" : 100.0
          }
        },
        "networkLoad" : {
          "interface-nodeE ( nodeE )" : {
            "(clientPoolE, nodeE_c01, nodeE_c01)" : {
              "AppCoordinates {com.bbn, test-service2, 1}" : {
                "DATARATE_TX" : 0.04000000000000002,
                "DATARATE_RX" : 0.02000000000000001
              }
            }
          }
        },
        "networkDemand" : {
          "interface-nodeE ( nodeE )" : {
            "(clientPoolE, nodeE_c01, nodeE_c01)" : {
              "AppCoordinates {com.bbn, test-service2, 1}" : {
                "DATARATE_TX" : 0.04000000000000003,
                "DATARATE_RX" : 0.020000000000000014
              }
            }
          }
        }
      },
      "nodeE_c02" : {
        "containerName" : {
          "name" : "nodeE_c02"
        },
        "timestamp" : 224990,
        "service" : {
          "group" : "com.bbn",
          "artifact" : "test-service1",
          "version" : "1"
        },
        "serviceStatus" : "RUNNING",
        "demandEstimationWindow" : "SHORT",
        "computeCapacity" : {
          "CPU" : 1.0,
          "TASK_CONTAINERS" : 1.0,
          "QueueLength" : 1000000.0
        },
        "computeLoad" : {
          "UNKNOWN" : {
            "QueueLength" : 10.0,
            "TASK_CONTAINERS" : 0.9999999999999999
          }
        },
        "computeDemand" : {
          "UNKNOWN" : {
            "QueueLength" : 8.75,
            "TASK_CONTAINERS" : 0.8749999999999999
          }
        },
        "averageProcessingTime" : "NaN",
        "networkCapacity" : {
          "interface-nodeE ( nodeE )" : {
            "DATARATE_TX" : 100.0,
            "DATARATE_RX" : 100.0
          }
        },
        "networkLoad" : {
          "interface-nodeE ( nodeE )" : {
            "(clientPoolE, nodeE_c02, nodeE_c02)" : {
              "AppCoordinates {com.bbn, test-service1, 1}" : {
                "DATARATE_TX" : 0.04000000000000002,
                "DATARATE_RX" : 0.02000000000000001
              }
            }
          }
        },
        "networkDemand" : {
          "interface-nodeE ( nodeE )" : {
            "(clientPoolE, nodeE_c02, nodeE_c02)" : {
              "AppCoordinates {com.bbn, test-service1, 1}" : {
                "DATARATE_TX" : 0.04000000000000003,
                "DATARATE_RX" : 0.020000000000000014
              }
            }
          }
        }
      },
      "nodeE_c00" : {
        "containerName" : {
          "name" : "nodeE_c00"
        },
        "timestamp" : 224990,
        "service" : {
          "group" : "com.bbn",
          "artifact" : "test-service3",
          "version" : "1"
        },
        "serviceStatus" : "RUNNING",
        "demandEstimationWindow" : "SHORT",
        "computeCapacity" : {
          "CPU" : 1.0,
          "TASK_CONTAINERS" : 1.0,
          "QueueLength" : 1000000.0
        },
        "computeLoad" : {
          "UNKNOWN" : {
            "QueueLength" : 10.0,
            "TASK_CONTAINERS" : 0.9999999999999999
          }
        },
        "computeDemand" : {
          "UNKNOWN" : {
            "QueueLength" : 8.75,
            "TASK_CONTAINERS" : 0.8749999999999999
          }
        },
        "averageProcessingTime" : "NaN",
        "networkCapacity" : {
          "interface-nodeE ( nodeE )" : {
            "DATARATE_TX" : 100.0,
            "DATARATE_RX" : 100.0
          }
        },
        "networkLoad" : {
          "interface-nodeE ( nodeE )" : {
            "(clientPoolE, nodeE_c00, nodeE_c00)" : {
              "AppCoordinates {com.bbn, test-service3, 1}" : {
                "DATARATE_TX" : 0.04000000000000002,
                "DATARATE_RX" : 0.02000000000000001
              }
            }
          }
        },
        "networkDemand" : {
          "interface-nodeE ( nodeE )" : {
            "(clientPoolE, nodeE_c00, nodeE_c00)" : {
              "AppCoordinates {com.bbn, test-service3, 1}" : {
                "DATARATE_TX" : 0.04000000000000003,
                "DATARATE_RX" : 0.020000000000000014
              }
            }
          }
        }
      }
    },
    "maximumServiceContainers" : 20,
    "allocatedServiceContainers" : 6,
    "computeDemand" : {
      "AppCoordinates {com.bbn, test-service3, 1}" : {
        "UNKNOWN" : {
          "QueueLength" : 8.75,
          "TASK_CONTAINERS" : 0.8749999999999999
        }
      },
      "AppCoordinates {com.bbn, test-service2, 1}" : {
        "UNKNOWN" : {
          "QueueLength" : 8.75,
          "TASK_CONTAINERS" : 0.8749999999999999
        }
      },
      "AppCoordinates {com.bbn, test-service1, 1}" : {
        "UNKNOWN" : {
          "QueueLength" : 8.75,
          "TASK_CONTAINERS" : 0.8749999999999999
        }
      }
    },
    "containerNetworkLoad" : {
      "interface-nodeE ( nodeE )" : {
        "(clientPoolE, nodeE_c02, nodeE_c02)" : {
          "AppCoordinates {com.bbn, test-service1, 1}" : {
            "DATARATE_TX" : 0.04000000000000002,
            "DATARATE_RX" : 0.02000000000000001
          }
        },
        "(clientPoolE, nodeE_c01, nodeE_c01)" : {
          "AppCoordinates {com.bbn, test-service2, 1}" : {
            "DATARATE_TX" : 0.04000000000000002,
            "DATARATE_RX" : 0.02000000000000001
          }
        },
        "(clientPoolE, nodeE_c00, nodeE_c00)" : {
          "AppCoordinates {com.bbn, test-service3, 1}" : {
            "DATARATE_TX" : 0.04000000000000002,
            "DATARATE_RX" : 0.02000000000000001
          }
        }
      }
    },
    "containerNetworkDemand" : {
      "interface-nodeE ( nodeE )" : {
        "(clientPoolE, nodeE_c02, nodeE_c02)" : {
          "AppCoordinates {com.bbn, test-service1, 1}" : {
            "DATARATE_TX" : 0.04000000000000003,
            "DATARATE_RX" : 0.020000000000000014
          }
        },
        "(clientPoolE, nodeE_c01, nodeE_c01)" : {
          "AppCoordinates {com.bbn, test-service2, 1}" : {
            "DATARATE_TX" : 0.04000000000000003,
            "DATARATE_RX" : 0.020000000000000014
          }
        },
        "(clientPoolE, nodeE_c00, nodeE_c00)" : {
          "AppCoordinates {com.bbn, test-service3, 1}" : {
            "DATARATE_TX" : 0.04000000000000003,
            "DATARATE_RX" : 0.020000000000000014
          }
        }
      }
    },
    "computeLoad" : {
      "AppCoordinates {com.bbn, test-service3, 1}" : {
        "UNKNOWN" : {
          "QueueLength" : 10.0,
          "TASK_CONTAINERS" : 0.9999999999999999
        }
      },
      "AppCoordinates {com.bbn, test-service2, 1}" : {
        "UNKNOWN" : {
          "QueueLength" : 10.0,
          "TASK_CONTAINERS" : 0.9999999999999999
        }
      },
      "AppCoordinates {com.bbn, test-service1, 1}" : {
        "UNKNOWN" : {
          "QueueLength" : 10.0,
          "TASK_CONTAINERS" : 0.9999999999999999
        }
      }
    },
    "availableServiceContainers" : 14,
    "averageProcessingTime" : { },
    "allocatedComputeCapacity" : {
      "CPU" : 6.0,
      "QueueLength" : 6000000.0,
      "TASK_CONTAINERS" : 6.0
    }
  } ]
}