244,1,DNS_UPDATE_SUCCEEDED
46881,94,DCOP_PLAN_PLUBLIED
46885,94,RLG_PLAN_PUBLISHED
47382,95,DNS_UPDATE_SUCCEEDED
227100,451,DCOP_PLAN_PLUBLIED
227136,451,RLG_PLAN_PUBLISHED
347022,689,DCOP_PLAN_PLUBLIED
347301,690,RLG_PLAN_PUBLISHED
347583,691,DNS_UPDATE_SUCCEEDED
467032,928,DCOP_PLAN_PLUBLIED
467436,928,RLG_PLAN_PUBLISHED
467459,929,DNS_UPDATE_SUCCEEDED
587045,1166,DCOP_PLAN_PLUBLIED
587586,1167,RLG_PLAN_PUBLISHED
587858,1168,DNS_UPDATE_SUCCEEDED
707102,1404,DCOP_PLAN_PLUBLIED
707750,1405,RLG_PLAN_PUBLISHED
707851,1406,DNS_UPDATE_SUCCEEDED
827222,1642,DCOP_PLAN_PLUBLIED
827920,1644,RLG_PLAN_PUBLISHED
828416,1645,DNS_UPDATE_SUCCEEDED
947101,1880,DCOP_PLAN_PLUBLIED
948081,1882,RLG_PLAN_PUBLISHED
948427,1883,DNS_UPDATE_SUCCEEDED
1067168,2118,DCOP_PLAN_PLUBLIED
1068257,2120,RLG_PLAN_PUBLISHED
1068486,2121,DNS_UPDATE_SUCCEEDED
1187217,2356,DCOP_PLAN_PLUBLIED
1188445,2358,RLG_PLAN_PUBLISHED
1188537,2359,DNS_UPDATE_SUCCEEDED
1427241,2832,DCOP_PLAN_PLUBLIED
1428773,2835,RLG_PLAN_PUBLISHED
1429106,2836,DNS_UPDATE_SUCCEEDED
1667155,3308,DCOP_PLAN_PLUBLIED
1669098,3312,RLG_PLAN_PUBLISHED
1669528,3313,DNS_UPDATE_SUCCEEDED
1787218,3546,DCOP_PLAN_PLUBLIED
1789282,3550,RLG_PLAN_PUBLISHED
1789569,3551,DNS_UPDATE_SUCCEEDED
