{
  "nodeName" : {
    "name" : "nodeC"
  },
  "timestamp" : 349492,
  "demandEstimationWindow" : "LONG",
  "nodeComputeCapacity" : {
    "CPU" : 4.0,
    "MEMORY" : 8.0E9,
    "DISK" : 10.0,
    "TASK_CONTAINERS" : 20.0
  },
  "networkCapacity" : {
    "interface-nodeB ( nodeB )" : {
      "DATARATE_RX" : 100.0,
      "DATARATE_TX" : 100.0
    },
    "interface-nodeI ( nodeI )" : {
      "DATARATE_RX" : 100.0,
      "DATARATE_TX" : 100.0
    },
    "interface-nodeF ( nodeF )" : {
      "DATARATE_RX" : 100.0,
      "DATARATE_TX" : 100.0
    },
    "interface-nodeG ( nodeG )" : {
      "DATARATE_RX" : 100.0,
      "DATARATE_TX" : 100.0
    },
    "interface-nodeA ( nodeA )" : {
      "DATARATE_RX" : 100.0,
      "DATARATE_TX" : 100.0
    }
  },
  "networkLoad" : {
    "interface-nodeB ( nodeB )" : { },
    "interface-nodeI ( nodeI )" : {
      "(nodeC_c09, clientPoolI, nodeC_c09)" : {
        "AppCoordinates {com.bbn, test-service1, 1}" : {
          "DATARATE_TX" : 4.2351647362715017E-22,
          "DATARATE_RX" : 8.470329472543003E-22
        }
      },
      "(nodeC_c07, clientPoolI, nodeC_c07)" : {
        "AppCoordinates {com.bbn, test-service1, 1}" : {
          "DATARATE_TX" : 0.0,
          "DATARATE_RX" : 0.0
        }
      },
      "(nodeC_c18, clientPoolI, nodeC_c18)" : {
        "AppCoordinates {com.bbn, test-service1, 1}" : {
          "DATARATE_TX" : 4.2351647362715017E-22,
          "DATARATE_RX" : 8.470329472543003E-22
        }
      },
      "(nodeC_c08, clientPoolI, nodeC_c08)" : {
        "AppCoordinates {com.bbn, test-service1, 1}" : {
          "DATARATE_TX" : 0.0,
          "DATARATE_RX" : 0.0
        }
      },
      "(nodeC_c19, clientPoolI, nodeC_c19)" : {
        "AppCoordinates {com.bbn, test-service1, 1}" : {
          "DATARATE_TX" : 0.0,
          "DATARATE_RX" : 0.0
        }
      },
      "(nodeC_c05, clientPoolI, nodeC_c05)" : {
        "AppCoordinates {com.bbn, test-service1, 1}" : {
          "DATARATE_TX" : 0.0,
          "DATARATE_RX" : 0.0
        }
      },
      "(nodeC_c16, clientPoolI, nodeC_c16)" : {
        "AppCoordinates {com.bbn, test-service1, 1}" : {
          "DATARATE_TX" : 0.0,
          "DATARATE_RX" : 0.0
        }
      },
      "(nodeC_c06, clientPoolI, nodeC_c06)" : {
        "AppCoordinates {com.bbn, test-service1, 1}" : {
          "DATARATE_TX" : 0.0,
          "DATARATE_RX" : 0.0
        }
      },
      "(nodeC_c17, clientPoolI, nodeC_c17)" : {
        "AppCoordinates {com.bbn, test-service1, 1}" : {
          "DATARATE_TX" : 0.0,
          "DATARATE_RX" : 0.0
        }
      },
      "(nodeC_c14, clientPoolI, nodeC_c14)" : {
        "AppCoordinates {com.bbn, test-service1, 1}" : {
          "DATARATE_TX" : 0.0,
          "DATARATE_RX" : 0.0
        }
      },
      "(nodeC_c03, clientPoolI, nodeC_c03)" : {
        "AppCoordinates {com.bbn, test-service1, 1}" : {
          "DATARATE_TX" : 0.0,
          "DATARATE_RX" : 0.0
        }
      },
      "(nodeC_c15, clientPoolI, nodeC_c15)" : {
        "AppCoordinates {com.bbn, test-service1, 1}" : {
          "DATARATE_TX" : 0.0,
          "DATARATE_RX" : 0.0
        }
      },
      "(nodeC_c04, clientPoolI, nodeC_c04)" : {
        "AppCoordinates {com.bbn, test-service1, 1}" : {
          "DATARATE_TX" : 4.2351647362715017E-22,
          "DATARATE_RX" : 8.470329472543003E-22
        }
      },
      "(nodeC_c12, clientPoolI, nodeC_c12)" : {
        "AppCoordinates {com.bbn, test-service1, 1}" : {
          "DATARATE_TX" : 0.0,
          "DATARATE_RX" : 0.0
        }
      },
      "(nodeC_c01, clientPoolI, nodeC_c01)" : {
        "AppCoordinates {com.bbn, test-service1, 1}" : {
          "DATARATE_TX" : 0.0,
          "DATARATE_RX" : 0.0
        }
      },
      "(nodeC_c02, clientPoolI, nodeC_c02)" : {
        "AppCoordinates {com.bbn, test-service1, 1}" : {
          "DATARATE_TX" : 0.0,
          "DATARATE_RX" : 0.0
        }
      },
      "(nodeC_c10, clientPoolI, nodeC_c10)" : {
        "AppCoordinates {com.bbn, test-service1, 1}" : {
          "DATARATE_TX" : 4.2351647362715017E-22,
          "DATARATE_RX" : 8.470329472543003E-22
        }
      },
      "(nodeC_c00, clientPoolI, nodeC_c00)" : {
        "AppCoordinates {com.bbn, test-service1, 1}" : {
          "DATARATE_TX" : 0.0,
          "DATARATE_RX" : 0.0
        }
      },
      "(nodeC_c11, clientPoolI, nodeC_c11)" : {
        "AppCoordinates {com.bbn, test-service1, 1}" : {
          "DATARATE_TX" : 0.0,
          "DATARATE_RX" : 0.0
        }
      }
    },
    "interface-nodeF ( nodeF )" : { },
    "interface-nodeG ( nodeG )" : { },
    "interface-nodeA ( nodeA )" : { }
  },
  "networkDemand" : {
    "interface-nodeB ( nodeB )" : { },
    "interface-nodeA ( nodeA )" : { },
    "interface-nodeI ( nodeI )" : {
      "(nodeC_c09, clientPoolI, nodeC_c09)" : {
        "AppCoordinates {com.bbn, test-service1, 1}" : {
          "DATARATE_TX" : 1.3090909090909106E-6,
          "DATARATE_RX" : 2.6181818181818212E-6
        }
      },
      "(nodeC_c18, clientPoolI, nodeC_c18)" : {
        "AppCoordinates {com.bbn, test-service1, 1}" : {
          "DATARATE_TX" : 1.7391304347826052E-6,
          "DATARATE_RX" : 3.4782608695652103E-6
        }
      },
      "(nodeC_c07, clientPoolI, nodeC_c07)" : {
        "AppCoordinates {com.bbn, test-service1, 1}" : {
          "DATARATE_TX" : 4.3956043956043867E-7,
          "DATARATE_RX" : 8.791208791208773E-7
        }
      },
      "(nodeC_c19, clientPoolI, nodeC_c19)" : {
        "AppCoordinates {com.bbn, test-service1, 1}" : {
          "DATARATE_TX" : 8.633093525179838E-7,
          "DATARATE_RX" : 1.7266187050359677E-6
        }
      },
      "(nodeC_c08, clientPoolI, nodeC_c08)" : {
        "AppCoordinates {com.bbn, test-service1, 1}" : {
          "DATARATE_TX" : 8.72727272727271E-7,
          "DATARATE_RX" : 1.745454545454542E-6
        }
      },
      "(nodeC_c16, clientPoolI, nodeC_c16)" : {
        "AppCoordinates {com.bbn, test-service1, 1}" : {
          "DATARATE_TX" : 8.791208791208774E-7,
          "DATARATE_RX" : 1.7582417582417549E-6
        }
      },
      "(nodeC_c05, clientPoolI, nodeC_c05)" : {
        "AppCoordinates {com.bbn, test-service1, 1}" : {
          "DATARATE_TX" : 8.856088560885592E-7,
          "DATARATE_RX" : 1.7712177121771184E-6
        }
      },
      "(nodeC_c17, clientPoolI, nodeC_c17)" : {
        "AppCoordinates {com.bbn, test-service1, 1}" : {
          "DATARATE_TX" : 8.633093525179838E-7,
          "DATARATE_RX" : 1.7266187050359677E-6
        }
      },
      "(nodeC_c06, clientPoolI, nodeC_c06)" : {
        "AppCoordinates {com.bbn, test-service1, 1}" : {
          "DATARATE_TX" : 4.4280442804427954E-7,
          "DATARATE_RX" : 8.856088560885591E-7
        }
      },
      "(nodeC_c03, clientPoolI, nodeC_c03)" : {
        "AppCoordinates {com.bbn, test-service1, 1}" : {
          "DATARATE_TX" : 4.332129963898908E-7,
          "DATARATE_RX" : 8.664259927797816E-7
        }
      },
      "(nodeC_c14, clientPoolI, nodeC_c14)" : {
        "AppCoordinates {com.bbn, test-service1, 1}" : {
          "DATARATE_TX" : 8.791208791208774E-7,
          "DATARATE_RX" : 1.7582417582417549E-6
        }
      },
      "(nodeC_c04, clientPoolI, nodeC_c04)" : {
        "AppCoordinates {com.bbn, test-service1, 1}" : {
          "DATARATE_TX" : 1.2903225806451625E-6,
          "DATARATE_RX" : 2.580645161290325E-6
        }
      },
      "(nodeC_c15, clientPoolI, nodeC_c15)" : {
        "AppCoordinates {com.bbn, test-service1, 1}" : {
          "DATARATE_TX" : 4.363636363636355E-7,
          "DATARATE_RX" : 8.72727272727271E-7
        }
      },
      "(nodeC_c01, clientPoolI, nodeC_c01)" : {
        "AppCoordinates {com.bbn, test-service1, 1}" : {
          "DATARATE_TX" : 4.347826086956513E-7,
          "DATARATE_RX" : 8.695652173913026E-7
        }
      },
      "(nodeC_c12, clientPoolI, nodeC_c12)" : {
        "AppCoordinates {com.bbn, test-service1, 1}" : {
          "DATARATE_TX" : 4.347826086956513E-7,
          "DATARATE_RX" : 8.695652173913026E-7
        }
      },
      "(nodeC_c02, clientPoolI, nodeC_c02)" : {
        "AppCoordinates {com.bbn, test-service1, 1}" : {
          "DATARATE_TX" : 8.602150537634392E-7,
          "DATARATE_RX" : 1.7204301075268783E-6
        }
      },
      "(nodeC_c10, clientPoolI, nodeC_c10)" : {
        "AppCoordinates {com.bbn, test-service1, 1}" : {
          "DATARATE_TX" : 1.2903225806451627E-6,
          "DATARATE_RX" : 2.5806451612903253E-6
        }
      },
      "(nodeC_c11, clientPoolI, nodeC_c11)" : {
        "AppCoordinates {com.bbn, test-service1, 1}" : {
          "DATARATE_TX" : 8.602150537634392E-7,
          "DATARATE_RX" : 1.7204301075268783E-6
        }
      },
      "(nodeC_c00, clientPoolI, nodeC_c00)" : {
        "AppCoordinates {com.bbn, test-service1, 1}" : {
          "DATARATE_TX" : 4.363636363636355E-7,
          "DATARATE_RX" : 8.72727272727271E-7
        }
      }
    },
    "interface-nodeG ( nodeG )" : { },
    "interface-nodeF ( nodeF )" : { }
  },
  "containerReports" : { },
  "maximumServiceContainers" : 20,
  "allocatedServiceContainers" : 0,
  "computeDemand" : { },
  "containerNetworkLoad" : { },
  "containerNetworkDemand" : { },
  "computeLoad" : { },
  "availableServiceContainers" : 20,
  "averageProcessingTime" : { },
  "allocatedComputeCapacity" : { }
}