{
  "region" : {
    "name" : "D"
  },
  "serviceReports" : [ {
    "nodeName" : {
      "name" : "nodeD"
    },
    "timestamp" : 314706,
    "serviceState" : {
      "nodeD_c00" : {
        "service" : {
          "group" : "com.bbn",
          "artifact" : "test-service3",
          "version" : "1"
        },
        "status" : "RUNNING"
      },
      "nodeD_c01" : {
        "service" : {
          "group" : "com.bbn",
          "artifact" : "test-service2",
          "version" : "1"
        },
        "status" : "RUNNING"
      }
    }
  } ]
}