{
  "clientName" : "clientPoolD",
  "clientRegion" : {
    "name" : "D"
  },
  "numRequestsAttempted" : 3800,
  "numRequestsSucceeded" : 2661,
  "numRequestsFailedForServerLoad" : 1139,
  "numRequestsFailedForNetworkLoad" : 0,
  "numRequestsSlowForServerLoad" : 705,
  "numRequestsSlowForNetworkLoad" : 0,
  "numRequestsSlowForNetworkAndServerLoad" : 0,
  "numRequestsServicedByRegion" : {
    "D" : 848,
    "F" : 56,
    "G" : 711,
    "H" : 339,
    "I" : 707
  },
  "numRequestsFailedForDownNode" : 0
}