{
  "region" : {
    "name" : "K"
  },
  "timestamp" : 286498,
  "plan" : {
    "AppCoordinates {com.bbn, test-service3, 1}" : {
      "A" : 0.6314751791832893,
      "C" : 0.0,
      "I" : 0.12284160693890356,
      "J" : 0.12284160693890356,
      "L" : 0.0,
      "N" : 0.0,
      "O" : 0.0,
      "K" : 0.12284160693890356
    },
    "AppCoordinates {com.bbn, test-service2, 1}" : {
      "A" : 1.0,
      "C" : 0.0,
      "I" : 0.0,
      "J" : 0.0,
      "L" : 0.0,
      "N" : 0.0,
      "O" : 0.0,
      "K" : 0.0
    },
    "AppCoordinates {com.bbn, test-service1, 1}" : {
      "A" : 1.0,
      "C" : 0.0,
      "I" : 0.0,
      "J" : 0.0,
      "L" : 0.0,
      "N" : 0.0,
      "O" : 0.0,
      "K" : 0.0
    }
  }
}