{
  "region" : {
    "name" : "B"
  },
  "nodeResourceReports" : [ {
    "nodeName" : {
      "name" : "nodeB"
    },
    "timestamp" : 101997,
    "demandEstimationWindow" : "SHORT",
    "nodeComputeCapacity" : {
      "CPU" : 8.0,
      "MEMORY" : 1.6E10,
      "DISK" : 10.0,
      "TASK_CONTAINERS" : 8.0
    },
    "networkCapacity" : {
      "interface-nodeD ( nodeD )" : {
        "DATARATE_RX" : 100.0,
        "DATARATE_TX" : 100.0
      },
      "interface-nodeC ( nodeC )" : {
        "DATARATE_RX" : 100.0,
        "DATARATE_TX" : 100.0
      },
      "interface-nodeA ( nodeA )" : {
        "DATARATE_RX" : 100.0,
        "DATARATE_TX" : 100.0
      }
    },
    "networkLoad" : {
      "interface-nodeD ( nodeD )" : { },
      "interface-nodeC ( nodeC )" : {
        "(nodeB_c01, clientPoolC, nodeB_c01)" : {
          "AppCoordinates {com.bbn, test-service2, 1}" : {
            "DATARATE_TX" : 5.899999999999993E-5,
            "DATARATE_RX" : 1.1799999999999986E-4
          }
        },
        "(nodeB_c00, clientPoolC, nodeB_c00)" : {
          "AppCoordinates {com.bbn, test-service1, 1}" : {
            "DATARATE_TX" : 6.89999999999999E-5,
            "DATARATE_RX" : 1.379999999999998E-4
          }
        },
        "(nodeB_c05, clientPoolC, nodeB_c05)" : {
          "AppCoordinates {com.bbn, test-service3, 1}" : {
            "DATARATE_TX" : 6.89999999999999E-5,
            "DATARATE_RX" : 1.379999999999998E-4
          }
        },
        "(nodeB_c04, clientPoolC, nodeB_c04)" : {
          "AppCoordinates {com.bbn, test-service1, 1}" : {
            "DATARATE_TX" : -3.8116482626443515E-21,
            "DATARATE_RX" : -7.623296525288703E-21
          }
        },
        "(nodeB_c03, clientPoolC, nodeB_c03)" : {
          "AppCoordinates {com.bbn, test-service1, 1}" : {
            "DATARATE_TX" : 7.599999999999988E-5,
            "DATARATE_RX" : 1.5199999999999976E-4
          }
        },
        "(nodeB_c02, clientPoolC, nodeB_c02)" : {
          "AppCoordinates {com.bbn, test-service3, 1}" : {
            "DATARATE_TX" : 6.599999999999991E-5,
            "DATARATE_RX" : 1.3199999999999982E-4
          }
        },
        "(nodeB_c07, clientPoolC, nodeB_c07)" : {
          "AppCoordinates {com.bbn, test-service1, 1}" : {
            "DATARATE_TX" : 7.799999999999988E-5,
            "DATARATE_RX" : 1.5599999999999975E-4
          }
        },
        "(nodeB_c06, clientPoolC, nodeB_c06)" : {
          "AppCoordinates {com.bbn, test-service2, 1}" : {
            "DATARATE_TX" : 7.19999999999999E-5,
            "DATARATE_RX" : 1.439999999999998E-4
          }
        }
      },
      "interface-nodeA ( nodeA )" : {
        "(nodeB_c03, clientPoolE, nodeB_c03)" : {
          "AppCoordinates {com.bbn, test-service1, 1}" : {
            "DATARATE_TX" : 6.0999999999999924E-5,
            "DATARATE_RX" : 1.2199999999999985E-4
          }
        },
        "(nodeB_c02, clientPoolE, nodeB_c02)" : {
          "AppCoordinates {com.bbn, test-service3, 1}" : {
            "DATARATE_TX" : 6.699999999999991E-5,
            "DATARATE_RX" : 1.3399999999999981E-4
          }
        },
        "(nodeB_c01, clientPoolE, nodeB_c01)" : {
          "AppCoordinates {com.bbn, test-service2, 1}" : {
            "DATARATE_TX" : 6.79999999999999E-5,
            "DATARATE_RX" : 1.359999999999998E-4
          }
        },
        "(nodeB_c00, clientPoolE, nodeB_c00)" : {
          "AppCoordinates {com.bbn, test-service1, 1}" : {
            "DATARATE_TX" : 7.299999999999989E-5,
            "DATARATE_RX" : 1.4599999999999978E-4
          }
        },
        "(nodeB_c07, clientPoolE, nodeB_c07)" : {
          "AppCoordinates {com.bbn, test-service1, 1}" : {
            "DATARATE_TX" : 5.3999999999999944E-5,
            "DATARATE_RX" : 1.0799999999999989E-4
          }
        },
        "(nodeB_c03, clientPoolA, nodeB_c03)" : {
          "AppCoordinates {com.bbn, test-service1, 1}" : {
            "DATARATE_TX" : 6.299999999999992E-5,
            "DATARATE_RX" : 1.2599999999999984E-4
          }
        },
        "(nodeB_c02, clientPoolA, nodeB_c02)" : {
          "AppCoordinates {com.bbn, test-service3, 1}" : {
            "DATARATE_TX" : 6.699999999999991E-5,
            "DATARATE_RX" : 1.3399999999999981E-4
          }
        },
        "(nodeB_c06, clientPoolE, nodeB_c06)" : {
          "AppCoordinates {com.bbn, test-service2, 1}" : {
            "DATARATE_TX" : 6.499999999999991E-5,
            "DATARATE_RX" : 1.2999999999999983E-4
          }
        },
        "(nodeB_c05, clientPoolE, nodeB_c05)" : {
          "AppCoordinates {com.bbn, test-service3, 1}" : {
            "DATARATE_TX" : 6.299999999999992E-5,
            "DATARATE_RX" : 1.2599999999999984E-4
          }
        },
        "(nodeB_c01, clientPoolA, nodeB_c01)" : {
          "AppCoordinates {com.bbn, test-service2, 1}" : {
            "DATARATE_TX" : 6.0999999999999924E-5,
            "DATARATE_RX" : 1.2199999999999985E-4
          }
        },
        "(nodeB_c04, clientPoolE, nodeB_c04)" : {
          "AppCoordinates {com.bbn, test-service1, 1}" : {
            "DATARATE_TX" : -3.8116482626443515E-21,
            "DATARATE_RX" : -7.623296525288703E-21
          }
        },
        "(nodeB_c00, clientPoolA, nodeB_c00)" : {
          "AppCoordinates {com.bbn, test-service1, 1}" : {
            "DATARATE_TX" : 5.799999999999993E-5,
            "DATARATE_RX" : 1.1599999999999987E-4
          }
        },
        "(nodeB_c07, clientPoolA, nodeB_c07)" : {
          "AppCoordinates {com.bbn, test-service1, 1}" : {
            "DATARATE_TX" : 6.79999999999999E-5,
            "DATARATE_RX" : 1.359999999999998E-4
          }
        },
        "(nodeB_c06, clientPoolA, nodeB_c06)" : {
          "AppCoordinates {com.bbn, test-service2, 1}" : {
            "DATARATE_TX" : 6.299999999999992E-5,
            "DATARATE_RX" : 1.2599999999999984E-4
          }
        },
        "(nodeB_c05, clientPoolA, nodeB_c05)" : {
          "AppCoordinates {com.bbn, test-service3, 1}" : {
            "DATARATE_TX" : 6.699999999999991E-5,
            "DATARATE_RX" : 1.3399999999999981E-4
          }
        },
        "(nodeB_c04, clientPoolA, nodeB_c04)" : {
          "AppCoordinates {com.bbn, test-service1, 1}" : {
            "DATARATE_TX" : -3.8116482626443515E-21,
            "DATARATE_RX" : -7.623296525288703E-21
          }
        }
      }
    },
    "networkDemand" : {
      "interface-nodeD ( nodeD )" : { },
      "interface-nodeC ( nodeC )" : {
        "(nodeB_c01, clientPoolC, nodeB_c01)" : {
          "AppCoordinates {com.bbn, test-service2, 1}" : {
            "DATARATE_TX" : 5.071428571428566E-5,
            "DATARATE_RX" : 1.0142857142857132E-4
          }
        },
        "(nodeB_c00, clientPoolC, nodeB_c00)" : {
          "AppCoordinates {com.bbn, test-service1, 1}" : {
            "DATARATE_TX" : 6.89999999999999E-5,
            "DATARATE_RX" : 1.379999999999998E-4
          }
        },
        "(nodeB_c05, clientPoolC, nodeB_c05)" : {
          "AppCoordinates {com.bbn, test-service3, 1}" : {
            "DATARATE_TX" : 6.89999999999999E-5,
            "DATARATE_RX" : 1.379999999999998E-4
          }
        },
        "(nodeB_c04, clientPoolC, nodeB_c04)" : {
          "AppCoordinates {com.bbn, test-service1, 1}" : {
            "DATARATE_TX" : 7.142857142857104E-7,
            "DATARATE_RX" : 1.4285714285714208E-6
          }
        },
        "(nodeB_c03, clientPoolC, nodeB_c03)" : {
          "AppCoordinates {com.bbn, test-service1, 1}" : {
            "DATARATE_TX" : 7.599999999999988E-5,
            "DATARATE_RX" : 1.5199999999999976E-4
          }
        },
        "(nodeB_c02, clientPoolC, nodeB_c02)" : {
          "AppCoordinates {com.bbn, test-service3, 1}" : {
            "DATARATE_TX" : 6.599999999999991E-5,
            "DATARATE_RX" : 1.3199999999999982E-4
          }
        },
        "(nodeB_c07, clientPoolC, nodeB_c07)" : {
          "AppCoordinates {com.bbn, test-service1, 1}" : {
            "DATARATE_TX" : 7.799999999999988E-5,
            "DATARATE_RX" : 1.5599999999999975E-4
          }
        },
        "(nodeB_c06, clientPoolC, nodeB_c06)" : {
          "AppCoordinates {com.bbn, test-service2, 1}" : {
            "DATARATE_TX" : 7.214285714285703E-5,
            "DATARATE_RX" : 1.4428571428571406E-4
          }
        }
      },
      "interface-nodeA ( nodeA )" : {
        "(nodeB_c03, clientPoolE, nodeB_c03)" : {
          "AppCoordinates {com.bbn, test-service1, 1}" : {
            "DATARATE_TX" : 6.099999999999992E-5,
            "DATARATE_RX" : 1.2199999999999983E-4
          }
        },
        "(nodeB_c02, clientPoolE, nodeB_c02)" : {
          "AppCoordinates {com.bbn, test-service3, 1}" : {
            "DATARATE_TX" : 6.699999999999991E-5,
            "DATARATE_RX" : 1.3399999999999981E-4
          }
        },
        "(nodeB_c01, clientPoolE, nodeB_c01)" : {
          "AppCoordinates {com.bbn, test-service2, 1}" : {
            "DATARATE_TX" : 5.6999999999999935E-5,
            "DATARATE_RX" : 1.1399999999999987E-4
          }
        },
        "(nodeB_c00, clientPoolE, nodeB_c00)" : {
          "AppCoordinates {com.bbn, test-service1, 1}" : {
            "DATARATE_TX" : 7.299999999999989E-5,
            "DATARATE_RX" : 1.4599999999999978E-4
          }
        },
        "(nodeB_c03, clientPoolA, nodeB_c03)" : {
          "AppCoordinates {com.bbn, test-service1, 1}" : {
            "DATARATE_TX" : 6.299999999999992E-5,
            "DATARATE_RX" : 1.2599999999999984E-4
          }
        },
        "(nodeB_c07, clientPoolE, nodeB_c07)" : {
          "AppCoordinates {com.bbn, test-service1, 1}" : {
            "DATARATE_TX" : 5.399999999999995E-5,
            "DATARATE_RX" : 1.079999999999999E-4
          }
        },
        "(nodeB_c06, clientPoolE, nodeB_c06)" : {
          "AppCoordinates {com.bbn, test-service2, 1}" : {
            "DATARATE_TX" : 6.499999999999991E-5,
            "DATARATE_RX" : 1.2999999999999983E-4
          }
        },
        "(nodeB_c02, clientPoolA, nodeB_c02)" : {
          "AppCoordinates {com.bbn, test-service3, 1}" : {
            "DATARATE_TX" : 6.699999999999991E-5,
            "DATARATE_RX" : 1.3399999999999981E-4
          }
        },
        "(nodeB_c01, clientPoolA, nodeB_c01)" : {
          "AppCoordinates {com.bbn, test-service2, 1}" : {
            "DATARATE_TX" : 5.2142857142857095E-5,
            "DATARATE_RX" : 1.0428571428571419E-4
          }
        },
        "(nodeB_c05, clientPoolE, nodeB_c05)" : {
          "AppCoordinates {com.bbn, test-service3, 1}" : {
            "DATARATE_TX" : 6.299999999999992E-5,
            "DATARATE_RX" : 1.2599999999999984E-4
          }
        },
        "(nodeB_c00, clientPoolA, nodeB_c00)" : {
          "AppCoordinates {com.bbn, test-service1, 1}" : {
            "DATARATE_TX" : 5.799999999999994E-5,
            "DATARATE_RX" : 1.1599999999999988E-4
          }
        },
        "(nodeB_c04, clientPoolE, nodeB_c04)" : {
          "AppCoordinates {com.bbn, test-service1, 1}" : {
            "DATARATE_TX" : 4.285714285714247E-7,
            "DATARATE_RX" : 8.571428571428494E-7
          }
        },
        "(nodeB_c07, clientPoolA, nodeB_c07)" : {
          "AppCoordinates {com.bbn, test-service1, 1}" : {
            "DATARATE_TX" : 6.79999999999999E-5,
            "DATARATE_RX" : 1.359999999999998E-4
          }
        },
        "(nodeB_c06, clientPoolA, nodeB_c06)" : {
          "AppCoordinates {com.bbn, test-service2, 1}" : {
            "DATARATE_TX" : 6.314285714285706E-5,
            "DATARATE_RX" : 1.2628571428571411E-4
          }
        },
        "(nodeB_c05, clientPoolA, nodeB_c05)" : {
          "AppCoordinates {com.bbn, test-service3, 1}" : {
            "DATARATE_TX" : 6.699999999999991E-5,
            "DATARATE_RX" : 1.3399999999999981E-4
          }
        },
        "(nodeB_c04, clientPoolA, nodeB_c04)" : {
          "AppCoordinates {com.bbn, test-service1, 1}" : {
            "DATARATE_TX" : 5.714285714285676E-7,
            "DATARATE_RX" : 1.1428571428571352E-6
          }
        }
      }
    },
    "containerReports" : {
      "nodeB_c00" : {
        "containerName" : {
          "name" : "nodeB_c00"
        },
        "timestamp" : 101997,
        "service" : {
          "group" : "com.bbn",
          "artifact" : "test-service1",
          "version" : "1"
        },
        "serviceStatus" : "RUNNING",
        "demandEstimationWindow" : "SHORT",
        "computeCapacity" : {
          "CPU" : 1.0,
          "TASK_CONTAINERS" : 100.0,
          "QueueLength" : 1000000.0
        },
        "computeLoad" : {
          "UNKNOWN" : {
            "QueueLength" : 200.0,
            "TASK_CONTAINERS" : 100.0
          }
        },
        "computeDemand" : {
          "UNKNOWN" : {
            "QueueLength" : 175.0,
            "TASK_CONTAINERS" : 87.5
          }
        },
        "averageProcessingTime" : 120000.0,
        "networkCapacity" : {
          "interface-nodeB ( nodeB )" : {
            "DATARATE_TX" : 100.0,
            "DATARATE_RX" : 100.0
          }
        },
        "networkLoad" : {
          "interface-nodeB ( nodeB )" : {
            "(clientPoolE, nodeB_c00, nodeB_c00)" : {
              "AppCoordinates {com.bbn, test-service1, 1}" : {
                "DATARATE_TX" : 2.959999999999994E-4,
                "DATARATE_RX" : 1.479999999999997E-4
              }
            },
            "(clientPoolC, nodeB_c00, nodeB_c00)" : {
              "AppCoordinates {com.bbn, test-service1, 1}" : {
                "DATARATE_TX" : 2.519999999999995E-4,
                "DATARATE_RX" : 1.2599999999999976E-4
              }
            },
            "(clientPoolA, nodeB_c00, nodeB_c00)" : {
              "AppCoordinates {com.bbn, test-service1, 1}" : {
                "DATARATE_TX" : 2.499999999999995E-4,
                "DATARATE_RX" : 1.2499999999999976E-4
              }
            }
          }
        },
        "networkDemand" : {
          "interface-nodeB ( nodeB )" : {
            "(clientPoolE, nodeB_c00, nodeB_c00)" : {
              "AppCoordinates {com.bbn, test-service1, 1}" : {
                "DATARATE_TX" : 2.968571428571422E-4,
                "DATARATE_RX" : 1.484285714285711E-4
              }
            },
            "(clientPoolC, nodeB_c00, nodeB_c00)" : {
              "AppCoordinates {com.bbn, test-service1, 1}" : {
                "DATARATE_TX" : 2.5228571428571384E-4,
                "DATARATE_RX" : 1.2614285714285692E-4
              }
            },
            "(clientPoolA, nodeB_c00, nodeB_c00)" : {
              "AppCoordinates {com.bbn, test-service1, 1}" : {
                "DATARATE_TX" : 2.5057142857142807E-4,
                "DATARATE_RX" : 1.2528571428571404E-4
              }
            }
          }
        }
      },
      "nodeB_c01" : {
        "containerName" : {
          "name" : "nodeB_c01"
        },
        "timestamp" : 101998,
        "service" : {
          "group" : "com.bbn",
          "artifact" : "test-service2",
          "version" : "1"
        },
        "serviceStatus" : "RUNNING",
        "demandEstimationWindow" : "SHORT",
        "computeCapacity" : {
          "CPU" : 1.0,
          "TASK_CONTAINERS" : 100.0,
          "QueueLength" : 1000000.0
        },
        "computeLoad" : {
          "UNKNOWN" : {
            "QueueLength" : 187.0,
            "TASK_CONTAINERS" : 93.5
          }
        },
        "computeDemand" : {
          "UNKNOWN" : {
            "QueueLength" : 139.25,
            "TASK_CONTAINERS" : 69.625
          }
        },
        "averageProcessingTime" : 120000.0,
        "networkCapacity" : {
          "interface-nodeB ( nodeB )" : {
            "DATARATE_TX" : 100.0,
            "DATARATE_RX" : 100.0
          }
        },
        "networkLoad" : {
          "interface-nodeB ( nodeB )" : {
            "(clientPoolA, nodeB_c01, nodeB_c01)" : {
              "AppCoordinates {com.bbn, test-service2, 1}" : {
                "DATARATE_TX" : 4.51999999999999E-4,
                "DATARATE_RX" : 2.259999999999995E-4
              }
            },
            "(clientPoolE, nodeB_c01, nodeB_c01)" : {
              "AppCoordinates {com.bbn, test-service2, 1}" : {
                "DATARATE_TX" : 4.4199999999999903E-4,
                "DATARATE_RX" : 2.2099999999999952E-4
              }
            },
            "(clientPoolC, nodeB_c01, nodeB_c01)" : {
              "AppCoordinates {com.bbn, test-service2, 1}" : {
                "DATARATE_TX" : 4.0599999999999914E-4,
                "DATARATE_RX" : 2.0299999999999957E-4
              }
            }
          }
        },
        "networkDemand" : {
          "interface-nodeB ( nodeB )" : {
            "(clientPoolA, nodeB_c01, nodeB_c01)" : {
              "AppCoordinates {com.bbn, test-service2, 1}" : {
                "DATARATE_TX" : 5.09428571428571E-4,
                "DATARATE_RX" : 2.547142857142855E-4
              }
            },
            "(clientPoolE, nodeB_c01, nodeB_c01)" : {
              "AppCoordinates {com.bbn, test-service2, 1}" : {
                "DATARATE_TX" : 4.974285714285709E-4,
                "DATARATE_RX" : 2.4871428571428543E-4
              }
            },
            "(clientPoolC, nodeB_c01, nodeB_c01)" : {
              "AppCoordinates {com.bbn, test-service2, 1}" : {
                "DATARATE_TX" : 4.674285714285706E-4,
                "DATARATE_RX" : 2.337142857142853E-4
              }
            }
          }
        }
      },
      "nodeB_c02" : {
        "containerName" : {
          "name" : "nodeB_c02"
        },
        "timestamp" : 101999,
        "service" : {
          "group" : "com.bbn",
          "artifact" : "test-service3",
          "version" : "1"
        },
        "serviceStatus" : "RUNNING",
        "demandEstimationWindow" : "SHORT",
        "computeCapacity" : {
          "CPU" : 1.0,
          "TASK_CONTAINERS" : 100.0,
          "QueueLength" : 1000000.0
        },
        "computeLoad" : {
          "UNKNOWN" : {
            "QueueLength" : 200.0,
            "TASK_CONTAINERS" : 100.0
          }
        },
        "computeDemand" : {
          "UNKNOWN" : {
            "QueueLength" : 175.0,
            "TASK_CONTAINERS" : 87.5
          }
        },
        "averageProcessingTime" : "NaN",
        "networkCapacity" : {
          "interface-nodeB ( nodeB )" : {
            "DATARATE_TX" : 100.0,
            "DATARATE_RX" : 100.0
          }
        },
        "networkLoad" : {
          "interface-nodeB ( nodeB )" : {
            "(clientPoolA, nodeB_c02, nodeB_c02)" : {
              "AppCoordinates {com.bbn, test-service3, 1}" : {
                "DATARATE_TX" : 6.660000000000032E-4,
                "DATARATE_RX" : 3.330000000000016E-4
              }
            },
            "(clientPoolE, nodeB_c02, nodeB_c02)" : {
              "AppCoordinates {com.bbn, test-service3, 1}" : {
                "DATARATE_TX" : 6.740000000000034E-4,
                "DATARATE_RX" : 3.370000000000017E-4
              }
            },
            "(clientPoolC, nodeB_c02, nodeB_c02)" : {
              "AppCoordinates {com.bbn, test-service3, 1}" : {
                "DATARATE_TX" : 6.620000000000031E-4,
                "DATARATE_RX" : 3.3100000000000154E-4
              }
            }
          }
        },
        "networkDemand" : {
          "interface-nodeB ( nodeB )" : {
            "(clientPoolA, nodeB_c02, nodeB_c02)" : {
              "AppCoordinates {com.bbn, test-service3, 1}" : {
                "DATARATE_TX" : 6.660000000000033E-4,
                "DATARATE_RX" : 3.3300000000000164E-4
              }
            },
            "(clientPoolE, nodeB_c02, nodeB_c02)" : {
              "AppCoordinates {com.bbn, test-service3, 1}" : {
                "DATARATE_TX" : 6.740000000000035E-4,
                "DATARATE_RX" : 3.3700000000000174E-4
              }
            },
            "(clientPoolC, nodeB_c02, nodeB_c02)" : {
              "AppCoordinates {com.bbn, test-service3, 1}" : {
                "DATARATE_TX" : 6.62000000000003E-4,
                "DATARATE_RX" : 3.310000000000015E-4
              }
            }
          }
        }
      },
      "nodeB_c03" : {
        "containerName" : {
          "name" : "nodeB_c03"
        },
        "timestamp" : 102000,
        "service" : {
          "group" : "com.bbn",
          "artifact" : "test-service1",
          "version" : "1"
        },
        "serviceStatus" : "RUNNING",
        "demandEstimationWindow" : "SHORT",
        "computeCapacity" : {
          "CPU" : 1.0,
          "TASK_CONTAINERS" : 100.0,
          "QueueLength" : 1000000.0
        },
        "computeLoad" : {
          "UNKNOWN" : {
            "QueueLength" : 200.0,
            "TASK_CONTAINERS" : 100.0
          }
        },
        "computeDemand" : {
          "UNKNOWN" : {
            "QueueLength" : 175.0,
            "TASK_CONTAINERS" : 87.5
          }
        },
        "averageProcessingTime" : 120000.0,
        "networkCapacity" : {
          "interface-nodeB ( nodeB )" : {
            "DATARATE_TX" : 100.0,
            "DATARATE_RX" : 100.0
          }
        },
        "networkLoad" : {
          "interface-nodeB ( nodeB )" : {
            "(clientPoolC, nodeB_c03, nodeB_c03)" : {
              "AppCoordinates {com.bbn, test-service1, 1}" : {
                "DATARATE_TX" : 2.599999999999995E-4,
                "DATARATE_RX" : 1.2999999999999974E-4
              }
            },
            "(clientPoolA, nodeB_c03, nodeB_c03)" : {
              "AppCoordinates {com.bbn, test-service1, 1}" : {
                "DATARATE_TX" : 2.6999999999999946E-4,
                "DATARATE_RX" : 1.3499999999999973E-4
              }
            },
            "(clientPoolE, nodeB_c03, nodeB_c03)" : {
              "AppCoordinates {com.bbn, test-service1, 1}" : {
                "DATARATE_TX" : 2.7199999999999946E-4,
                "DATARATE_RX" : 1.3599999999999973E-4
              }
            }
          }
        },
        "networkDemand" : {
          "interface-nodeB ( nodeB )" : {
            "(clientPoolC, nodeB_c03, nodeB_c03)" : {
              "AppCoordinates {com.bbn, test-service1, 1}" : {
                "DATARATE_TX" : 2.608571428571423E-4,
                "DATARATE_RX" : 1.3042857142857116E-4
              }
            },
            "(clientPoolA, nodeB_c03, nodeB_c03)" : {
              "AppCoordinates {com.bbn, test-service1, 1}" : {
                "DATARATE_TX" : 2.70571428571428E-4,
                "DATARATE_RX" : 1.35285714285714E-4
              }
            },
            "(clientPoolE, nodeB_c03, nodeB_c03)" : {
              "AppCoordinates {com.bbn, test-service1, 1}" : {
                "DATARATE_TX" : 2.728571428571423E-4,
                "DATARATE_RX" : 1.3642857142857114E-4
              }
            }
          }
        }
      },
      "nodeB_c04" : {
        "containerName" : {
          "name" : "nodeB_c04"
        },
        "timestamp" : 102001,
        "service" : {
          "group" : "com.bbn",
          "artifact" : "test-service3",
          "version" : "1"
        },
        "serviceStatus" : "RUNNING",
        "demandEstimationWindow" : "SHORT",
        "computeCapacity" : {
          "CPU" : 1.0,
          "TASK_CONTAINERS" : 100.0,
          "QueueLength" : 1000000.0
        },
        "computeLoad" : {
          "UNKNOWN" : {
            "QueueLength" : 0.0
          }
        },
        "computeDemand" : {
          "UNKNOWN" : {
            "QueueLength" : 0.0
          }
        },
        "averageProcessingTime" : "NaN",
        "networkCapacity" : {
          "interface-nodeB ( nodeB )" : {
            "DATARATE_TX" : 100.0,
            "DATARATE_RX" : 100.0
          }
        },
        "networkLoad" : {
          "interface-nodeB ( nodeB )" : { }
        },
        "networkDemand" : {
          "interface-nodeB ( nodeB )" : { }
        }
      },
      "nodeB_c05" : {
        "containerName" : {
          "name" : "nodeB_c05"
        },
        "timestamp" : 102001,
        "service" : {
          "group" : "com.bbn",
          "artifact" : "test-service3",
          "version" : "1"
        },
        "serviceStatus" : "RUNNING",
        "demandEstimationWindow" : "SHORT",
        "computeCapacity" : {
          "CPU" : 1.0,
          "TASK_CONTAINERS" : 100.0,
          "QueueLength" : 1000000.0
        },
        "computeLoad" : {
          "UNKNOWN" : {
            "QueueLength" : 199.0,
            "TASK_CONTAINERS" : 99.5
          }
        },
        "computeDemand" : {
          "UNKNOWN" : {
            "QueueLength" : 174.125,
            "TASK_CONTAINERS" : 87.0625
          }
        },
        "averageProcessingTime" : "NaN",
        "networkCapacity" : {
          "interface-nodeB ( nodeB )" : {
            "DATARATE_TX" : 100.0,
            "DATARATE_RX" : 100.0
          }
        },
        "networkLoad" : {
          "interface-nodeB ( nodeB )" : {
            "(clientPoolA, nodeB_c05, nodeB_c05)" : {
              "AppCoordinates {com.bbn, test-service3, 1}" : {
                "DATARATE_TX" : 1.3399999999999981E-4,
                "DATARATE_RX" : 6.699999999999991E-5
              }
            },
            "(clientPoolE, nodeB_c05, nodeB_c05)" : {
              "AppCoordinates {com.bbn, test-service3, 1}" : {
                "DATARATE_TX" : 1.2599999999999984E-4,
                "DATARATE_RX" : 6.299999999999992E-5
              }
            },
            "(clientPoolC, nodeB_c05, nodeB_c05)" : {
              "AppCoordinates {com.bbn, test-service3, 1}" : {
                "DATARATE_TX" : 1.379999999999998E-4,
                "DATARATE_RX" : 6.89999999999999E-5
              }
            }
          }
        },
        "networkDemand" : {
          "interface-nodeB ( nodeB )" : {
            "(clientPoolA, nodeB_c05, nodeB_c05)" : {
              "AppCoordinates {com.bbn, test-service3, 1}" : {
                "DATARATE_TX" : 1.3399999999999981E-4,
                "DATARATE_RX" : 6.699999999999991E-5
              }
            },
            "(clientPoolE, nodeB_c05, nodeB_c05)" : {
              "AppCoordinates {com.bbn, test-service3, 1}" : {
                "DATARATE_TX" : 1.2599999999999984E-4,
                "DATARATE_RX" : 6.299999999999992E-5
              }
            },
            "(clientPoolC, nodeB_c05, nodeB_c05)" : {
              "AppCoordinates {com.bbn, test-service3, 1}" : {
                "DATARATE_TX" : 1.379999999999998E-4,
                "DATARATE_RX" : 6.89999999999999E-5
              }
            }
          }
        }
      },
      "nodeB_c06" : {
        "containerName" : {
          "name" : "nodeB_c06"
        },
        "timestamp" : 102007,
        "service" : {
          "group" : "com.bbn",
          "artifact" : "test-service2",
          "version" : "1"
        },
        "serviceStatus" : "RUNNING",
        "demandEstimationWindow" : "SHORT",
        "computeCapacity" : {
          "CPU" : 1.0,
          "TASK_CONTAINERS" : 100.0,
          "QueueLength" : 1000000.0
        },
        "computeLoad" : {
          "UNKNOWN" : {
            "QueueLength" : 200.0,
            "TASK_CONTAINERS" : 100.0
          }
        },
        "computeDemand" : {
          "UNKNOWN" : {
            "QueueLength" : 171.42857142857142,
            "TASK_CONTAINERS" : 85.71428571428571
          }
        },
        "averageProcessingTime" : "NaN",
        "networkCapacity" : {
          "interface-nodeB ( nodeB )" : {
            "DATARATE_TX" : 100.0,
            "DATARATE_RX" : 100.0
          }
        },
        "networkLoad" : {
          "interface-nodeB ( nodeB )" : {
            "(clientPoolA, nodeB_c06, nodeB_c06)" : {
              "AppCoordinates {com.bbn, test-service2, 1}" : {
                "DATARATE_TX" : 4.039999999999991E-4,
                "DATARATE_RX" : 2.0199999999999954E-4
              }
            },
            "(clientPoolE, nodeB_c06, nodeB_c06)" : {
              "AppCoordinates {com.bbn, test-service2, 1}" : {
                "DATARATE_TX" : 4.1399999999999906E-4,
                "DATARATE_RX" : 2.0699999999999953E-4
              }
            },
            "(clientPoolC, nodeB_c06, nodeB_c06)" : {
              "AppCoordinates {com.bbn, test-service2, 1}" : {
                "DATARATE_TX" : 4.4799999999999896E-4,
                "DATARATE_RX" : 2.2399999999999948E-4
              }
            }
          }
        },
        "networkDemand" : {
          "interface-nodeB ( nodeB )" : {
            "(clientPoolA, nodeB_c06, nodeB_c06)" : {
              "AppCoordinates {com.bbn, test-service2, 1}" : {
                "DATARATE_TX" : 3.449999999999992E-4,
                "DATARATE_RX" : 1.724999999999996E-4
              }
            },
            "(clientPoolE, nodeB_c06, nodeB_c06)" : {
              "AppCoordinates {com.bbn, test-service2, 1}" : {
                "DATARATE_TX" : 3.566666666666659E-4,
                "DATARATE_RX" : 1.7833333333333294E-4
              }
            },
            "(clientPoolC, nodeB_c06, nodeB_c06)" : {
              "AppCoordinates {com.bbn, test-service2, 1}" : {
                "DATARATE_TX" : 3.869999999999991E-4,
                "DATARATE_RX" : 1.9349999999999955E-4
              }
            }
          }
        }
      },
      "nodeB_c07" : {
        "containerName" : {
          "name" : "nodeB_c07"
        },
        "timestamp" : 102008,
        "service" : {
          "group" : "com.bbn",
          "artifact" : "test-service1",
          "version" : "1"
        },
        "serviceStatus" : "RUNNING",
        "demandEstimationWindow" : "SHORT",
        "computeCapacity" : {
          "CPU" : 1.0,
          "TASK_CONTAINERS" : 100.0,
          "QueueLength" : 1000000.0
        },
        "computeLoad" : {
          "UNKNOWN" : {
            "QueueLength" : 200.0,
            "TASK_CONTAINERS" : 100.0
          }
        },
        "computeDemand" : {
          "UNKNOWN" : {
            "QueueLength" : 171.42857142857142,
            "TASK_CONTAINERS" : 85.71428571428571
          }
        },
        "averageProcessingTime" : "NaN",
        "networkCapacity" : {
          "interface-nodeB ( nodeB )" : {
            "DATARATE_TX" : 100.0,
            "DATARATE_RX" : 100.0
          }
        },
        "networkLoad" : {
          "interface-nodeB ( nodeB )" : {
            "(clientPoolC, nodeB_c07, nodeB_c07)" : {
              "AppCoordinates {com.bbn, test-service1, 1}" : {
                "DATARATE_TX" : 2.879999999999994E-4,
                "DATARATE_RX" : 1.439999999999997E-4
              }
            },
            "(clientPoolA, nodeB_c07, nodeB_c07)" : {
              "AppCoordinates {com.bbn, test-service1, 1}" : {
                "DATARATE_TX" : 2.7999999999999943E-4,
                "DATARATE_RX" : 1.3999999999999972E-4
              }
            },
            "(clientPoolE, nodeB_c07, nodeB_c07)" : {
              "AppCoordinates {com.bbn, test-service1, 1}" : {
                "DATARATE_TX" : 2.3199999999999954E-4,
                "DATARATE_RX" : 1.1599999999999977E-4
              }
            }
          }
        },
        "networkDemand" : {
          "interface-nodeB ( nodeB )" : {
            "(clientPoolC, nodeB_c07, nodeB_c07)" : {
              "AppCoordinates {com.bbn, test-service1, 1}" : {
                "DATARATE_TX" : 2.879999999999994E-4,
                "DATARATE_RX" : 1.439999999999997E-4
              }
            },
            "(clientPoolA, nodeB_c07, nodeB_c07)" : {
              "AppCoordinates {com.bbn, test-service1, 1}" : {
                "DATARATE_TX" : 2.7999999999999943E-4,
                "DATARATE_RX" : 1.3999999999999972E-4
              }
            },
            "(clientPoolE, nodeB_c07, nodeB_c07)" : {
              "AppCoordinates {com.bbn, test-service1, 1}" : {
                "DATARATE_TX" : 2.3199999999999954E-4,
                "DATARATE_RX" : 1.1599999999999977E-4
              }
            }
          }
        }
      }
    },
    "maximumServiceContainers" : 8,
    "allocatedServiceContainers" : 8,
    "computeDemand" : {
      "AppCoordinates {com.bbn, test-service3, 1}" : {
        "UNKNOWN" : {
          "QueueLength" : 349.125,
          "TASK_CONTAINERS" : 174.5625
        }
      },
      "AppCoordinates {com.bbn, test-service2, 1}" : {
        "UNKNOWN" : {
          "QueueLength" : 310.67857142857144,
          "TASK_CONTAINERS" : 155.33928571428572
        }
      },
      "AppCoordinates {com.bbn, test-service1, 1}" : {
        "UNKNOWN" : {
          "QueueLength" : 521.4285714285714,
          "TASK_CONTAINERS" : 260.7142857142857
        }
      }
    },
    "containerNetworkLoad" : {
      "interface-nodeB ( nodeB )" : {
        "(clientPoolA, nodeB_c06, nodeB_c06)" : {
          "AppCoordinates {com.bbn, test-service2, 1}" : {
            "DATARATE_TX" : 4.039999999999991E-4,
            "DATARATE_RX" : 2.0199999999999954E-4
          }
        },
        "(clientPoolC, nodeB_c07, nodeB_c07)" : {
          "AppCoordinates {com.bbn, test-service1, 1}" : {
            "DATARATE_TX" : 2.879999999999994E-4,
            "DATARATE_RX" : 1.439999999999997E-4
          }
        },
        "(clientPoolA, nodeB_c05, nodeB_c05)" : {
          "AppCoordinates {com.bbn, test-service3, 1}" : {
            "DATARATE_TX" : 1.3399999999999981E-4,
            "DATARATE_RX" : 6.699999999999991E-5
          }
        },
        "(clientPoolA, nodeB_c07, nodeB_c07)" : {
          "AppCoordinates {com.bbn, test-service1, 1}" : {
            "DATARATE_TX" : 2.7999999999999943E-4,
            "DATARATE_RX" : 1.3999999999999972E-4
          }
        },
        "(clientPoolE, nodeB_c00, nodeB_c00)" : {
          "AppCoordinates {com.bbn, test-service1, 1}" : {
            "DATARATE_TX" : 2.959999999999994E-4,
            "DATARATE_RX" : 1.479999999999997E-4
          }
        },
        "(clientPoolE, nodeB_c06, nodeB_c06)" : {
          "AppCoordinates {com.bbn, test-service2, 1}" : {
            "DATARATE_TX" : 4.1399999999999906E-4,
            "DATARATE_RX" : 2.0699999999999953E-4
          }
        },
        "(clientPoolA, nodeB_c02, nodeB_c02)" : {
          "AppCoordinates {com.bbn, test-service3, 1}" : {
            "DATARATE_TX" : 6.660000000000032E-4,
            "DATARATE_RX" : 3.330000000000016E-4
          }
        },
        "(clientPoolE, nodeB_c05, nodeB_c05)" : {
          "AppCoordinates {com.bbn, test-service3, 1}" : {
            "DATARATE_TX" : 1.2599999999999984E-4,
            "DATARATE_RX" : 6.299999999999992E-5
          }
        },
        "(clientPoolC, nodeB_c03, nodeB_c03)" : {
          "AppCoordinates {com.bbn, test-service1, 1}" : {
            "DATARATE_TX" : 2.599999999999995E-4,
            "DATARATE_RX" : 1.2999999999999974E-4
          }
        },
        "(clientPoolA, nodeB_c01, nodeB_c01)" : {
          "AppCoordinates {com.bbn, test-service2, 1}" : {
            "DATARATE_TX" : 4.51999999999999E-4,
            "DATARATE_RX" : 2.259999999999995E-4
          }
        },
        "(clientPoolC, nodeB_c06, nodeB_c06)" : {
          "AppCoordinates {com.bbn, test-service2, 1}" : {
            "DATARATE_TX" : 4.4799999999999896E-4,
            "DATARATE_RX" : 2.2399999999999948E-4
          }
        },
        "(clientPoolE, nodeB_c07, nodeB_c07)" : {
          "AppCoordinates {com.bbn, test-service1, 1}" : {
            "DATARATE_TX" : 2.3199999999999954E-4,
            "DATARATE_RX" : 1.1599999999999977E-4
          }
        },
        "(clientPoolC, nodeB_c05, nodeB_c05)" : {
          "AppCoordinates {com.bbn, test-service3, 1}" : {
            "DATARATE_TX" : 1.379999999999998E-4,
            "DATARATE_RX" : 6.89999999999999E-5
          }
        },
        "(clientPoolA, nodeB_c03, nodeB_c03)" : {
          "AppCoordinates {com.bbn, test-service1, 1}" : {
            "DATARATE_TX" : 2.6999999999999946E-4,
            "DATARATE_RX" : 1.3499999999999973E-4
          }
        },
        "(clientPoolE, nodeB_c02, nodeB_c02)" : {
          "AppCoordinates {com.bbn, test-service3, 1}" : {
            "DATARATE_TX" : 6.740000000000034E-4,
            "DATARATE_RX" : 3.370000000000017E-4
          }
        },
        "(clientPoolC, nodeB_c00, nodeB_c00)" : {
          "AppCoordinates {com.bbn, test-service1, 1}" : {
            "DATARATE_TX" : 2.519999999999995E-4,
            "DATARATE_RX" : 1.2599999999999976E-4
          }
        },
        "(clientPoolE, nodeB_c01, nodeB_c01)" : {
          "AppCoordinates {com.bbn, test-service2, 1}" : {
            "DATARATE_TX" : 4.4199999999999903E-4,
            "DATARATE_RX" : 2.2099999999999952E-4
          }
        },
        "(clientPoolC, nodeB_c02, nodeB_c02)" : {
          "AppCoordinates {com.bbn, test-service3, 1}" : {
            "DATARATE_TX" : 6.620000000000031E-4,
            "DATARATE_RX" : 3.3100000000000154E-4
          }
        },
        "(clientPoolA, nodeB_c00, nodeB_c00)" : {
          "AppCoordinates {com.bbn, test-service1, 1}" : {
            "DATARATE_TX" : 2.499999999999995E-4,
            "DATARATE_RX" : 1.2499999999999976E-4
          }
        },
        "(clientPoolE, nodeB_c03, nodeB_c03)" : {
          "AppCoordinates {com.bbn, test-service1, 1}" : {
            "DATARATE_TX" : 2.7199999999999946E-4,
            "DATARATE_RX" : 1.3599999999999973E-4
          }
        },
        "(clientPoolC, nodeB_c01, nodeB_c01)" : {
          "AppCoordinates {com.bbn, test-service2, 1}" : {
            "DATARATE_TX" : 4.0599999999999914E-4,
            "DATARATE_RX" : 2.0299999999999957E-4
          }
        }
      }
    },
    "containerNetworkDemand" : {
      "interface-nodeB ( nodeB )" : {
        "(clientPoolA, nodeB_c06, nodeB_c06)" : {
          "AppCoordinates {com.bbn, test-service2, 1}" : {
            "DATARATE_TX" : 3.449999999999992E-4,
            "DATARATE_RX" : 1.724999999999996E-4
          }
        },
        "(clientPoolC, nodeB_c07, nodeB_c07)" : {
          "AppCoordinates {com.bbn, test-service1, 1}" : {
            "DATARATE_TX" : 2.879999999999994E-4,
            "DATARATE_RX" : 1.439999999999997E-4
          }
        },
        "(clientPoolA, nodeB_c05, nodeB_c05)" : {
          "AppCoordinates {com.bbn, test-service3, 1}" : {
            "DATARATE_TX" : 1.3399999999999981E-4,
            "DATARATE_RX" : 6.699999999999991E-5
          }
        },
        "(clientPoolA, nodeB_c07, nodeB_c07)" : {
          "AppCoordinates {com.bbn, test-service1, 1}" : {
            "DATARATE_TX" : 2.7999999999999943E-4,
            "DATARATE_RX" : 1.3999999999999972E-4
          }
        },
        "(clientPoolE, nodeB_c00, nodeB_c00)" : {
          "AppCoordinates {com.bbn, test-service1, 1}" : {
            "DATARATE_TX" : 2.968571428571422E-4,
            "DATARATE_RX" : 1.484285714285711E-4
          }
        },
        "(clientPoolE, nodeB_c06, nodeB_c06)" : {
          "AppCoordinates {com.bbn, test-service2, 1}" : {
            "DATARATE_TX" : 3.566666666666659E-4,
            "DATARATE_RX" : 1.7833333333333294E-4
          }
        },
        "(clientPoolA, nodeB_c02, nodeB_c02)" : {
          "AppCoordinates {com.bbn, test-service3, 1}" : {
            "DATARATE_TX" : 6.660000000000033E-4,
            "DATARATE_RX" : 3.3300000000000164E-4
          }
        },
        "(clientPoolE, nodeB_c05, nodeB_c05)" : {
          "AppCoordinates {com.bbn, test-service3, 1}" : {
            "DATARATE_TX" : 1.2599999999999984E-4,
            "DATARATE_RX" : 6.299999999999992E-5
          }
        },
        "(clientPoolC, nodeB_c03, nodeB_c03)" : {
          "AppCoordinates {com.bbn, test-service1, 1}" : {
            "DATARATE_TX" : 2.608571428571423E-4,
            "DATARATE_RX" : 1.3042857142857116E-4
          }
        },
        "(clientPoolA, nodeB_c01, nodeB_c01)" : {
          "AppCoordinates {com.bbn, test-service2, 1}" : {
            "DATARATE_TX" : 5.09428571428571E-4,
            "DATARATE_RX" : 2.547142857142855E-4
          }
        },
        "(clientPoolC, nodeB_c06, nodeB_c06)" : {
          "AppCoordinates {com.bbn, test-service2, 1}" : {
            "DATARATE_TX" : 3.869999999999991E-4,
            "DATARATE_RX" : 1.9349999999999955E-4
          }
        },
        "(clientPoolE, nodeB_c07, nodeB_c07)" : {
          "AppCoordinates {com.bbn, test-service1, 1}" : {
            "DATARATE_TX" : 2.3199999999999954E-4,
            "DATARATE_RX" : 1.1599999999999977E-4
          }
        },
        "(clientPoolC, nodeB_c05, nodeB_c05)" : {
          "AppCoordinates {com.bbn, test-service3, 1}" : {
            "DATARATE_TX" : 1.379999999999998E-4,
            "DATARATE_RX" : 6.89999999999999E-5
          }
        },
        "(clientPoolA, nodeB_c03, nodeB_c03)" : {
          "AppCoordinates {com.bbn, test-service1, 1}" : {
            "DATARATE_TX" : 2.70571428571428E-4,
            "DATARATE_RX" : 1.35285714285714E-4
          }
        },
        "(clientPoolE, nodeB_c02, nodeB_c02)" : {
          "AppCoordinates {com.bbn, test-service3, 1}" : {
            "DATARATE_TX" : 6.740000000000035E-4,
            "DATARATE_RX" : 3.3700000000000174E-4
          }
        },
        "(clientPoolC, nodeB_c00, nodeB_c00)" : {
          "AppCoordinates {com.bbn, test-service1, 1}" : {
            "DATARATE_TX" : 2.5228571428571384E-4,
            "DATARATE_RX" : 1.2614285714285692E-4
          }
        },
        "(clientPoolE, nodeB_c01, nodeB_c01)" : {
          "AppCoordinates {com.bbn, test-service2, 1}" : {
            "DATARATE_TX" : 4.974285714285709E-4,
            "DATARATE_RX" : 2.4871428571428543E-4
          }
        },
        "(clientPoolC, nodeB_c02, nodeB_c02)" : {
          "AppCoordinates {com.bbn, test-service3, 1}" : {
            "DATARATE_TX" : 6.62000000000003E-4,
            "DATARATE_RX" : 3.310000000000015E-4
          }
        },
        "(clientPoolA, nodeB_c00, nodeB_c00)" : {
          "AppCoordinates {com.bbn, test-service1, 1}" : {
            "DATARATE_TX" : 2.5057142857142807E-4,
            "DATARATE_RX" : 1.2528571428571404E-4
          }
        },
        "(clientPoolE, nodeB_c03, nodeB_c03)" : {
          "AppCoordinates {com.bbn, test-service1, 1}" : {
            "DATARATE_TX" : 2.728571428571423E-4,
            "DATARATE_RX" : 1.3642857142857114E-4
          }
        },
        "(clientPoolC, nodeB_c01, nodeB_c01)" : {
          "AppCoordinates {com.bbn, test-service2, 1}" : {
            "DATARATE_TX" : 4.674285714285706E-4,
            "DATARATE_RX" : 2.337142857142853E-4
          }
        }
      }
    },
    "computeLoad" : {
      "AppCoordinates {com.bbn, test-service3, 1}" : {
        "UNKNOWN" : {
          "QueueLength" : 399.0,
          "TASK_CONTAINERS" : 199.5
        }
      },
      "AppCoordinates {com.bbn, test-service2, 1}" : {
        "UNKNOWN" : {
          "QueueLength" : 387.0,
          "TASK_CONTAINERS" : 193.5
        }
      },
      "AppCoordinates {com.bbn, test-service1, 1}" : {
        "UNKNOWN" : {
          "QueueLength" : 600.0,
          "TASK_CONTAINERS" : 300.0
        }
      }
    },
    "availableServiceContainers" : 0,
    "averageProcessingTime" : {
      "AppCoordinates {com.bbn, test-service2, 1}" : 120000.0,
      "AppCoordinates {com.bbn, test-service1, 1}" : 120000.0
    },
    "allocatedComputeCapacity" : {
      "CPU" : 8.0,
      "QueueLength" : 8000000.0,
      "TASK_CONTAINERS" : 800.0
    }
  } ]
}