{
  "nodeName" : {
    "name" : "nodeH"
  },
  "timestamp" : 173481,
  "demandEstimationWindow" : "LONG",
  "nodeComputeCapacity" : {
    "CPU" : 4.0,
    "MEMORY" : 8.0E9,
    "DISK" : 10.0,
    "TASK_CONTAINERS" : 20.0
  },
  "networkCapacity" : {
    "interface-nodeF ( nodeF )" : {
      "DATARATE_RX" : 100.0,
      "DATARATE_TX" : 100.0
    }
  },
  "networkLoad" : {
    "interface-nodeF ( nodeF )" : {
      "(nodeH_c00, clientPoolF, nodeH_c00)" : {
        "AppCoordinates {com.bbn, test-service3, 1}" : {
          "DATARATE_TX" : 1.3099999999999974E-4,
          "DATARATE_RX" : 2.619999999999995E-4
        }
      }
    }
  },
  "networkDemand" : {
    "interface-nodeF ( nodeF )" : {
      "(nodeH_c00, clientPoolF, nodeH_c00)" : {
        "AppCoordinates {com.bbn, test-service3, 1}" : {
          "DATARATE_TX" : 8.420312499999975E-5,
          "DATARATE_RX" : 1.684062499999995E-4
        }
      }
    }
  },
  "containerReports" : {
    "nodeH_c00" : {
      "containerName" : {
        "name" : "nodeH_c00"
      },
      "timestamp" : 173481,
      "service" : {
        "group" : "com.bbn",
        "artifact" : "test-service3",
        "version" : "1"
      },
      "serviceStatus" : "RUNNING",
      "demandEstimationWindow" : "LONG",
      "computeCapacity" : {
        "CPU" : 1.0,
        "TASK_CONTAINERS" : 100.0,
        "QueueLength" : 1000000.0
      },
      "computeLoad" : {
        "UNKNOWN" : {
          "QueueLength" : 131.0,
          "TASK_CONTAINERS" : 65.5
        }
      },
      "computeDemand" : {
        "UNKNOWN" : {
          "QueueLength" : 82.27480916030534,
          "TASK_CONTAINERS" : 41.775193798449614
        }
      },
      "averageProcessingTime" : 120000.0,
      "networkCapacity" : {
        "interface-nodeH ( nodeH )" : {
          "DATARATE_TX" : 100.0,
          "DATARATE_RX" : 100.0
        }
      },
      "networkLoad" : {
        "interface-nodeH ( nodeH )" : {
          "(clientPoolF, nodeH_c00, nodeH_c00)" : {
            "AppCoordinates {com.bbn, test-service3, 1}" : {
              "DATARATE_TX" : 2.619999999999995E-4,
              "DATARATE_RX" : 1.3099999999999974E-4
            }
          }
        }
      },
      "networkDemand" : {
        "interface-nodeH ( nodeH )" : {
          "(clientPoolF, nodeH_c00, nodeH_c00)" : {
            "AppCoordinates {com.bbn, test-service3, 1}" : {
              "DATARATE_TX" : 1.6840624999999958E-4,
              "DATARATE_RX" : 8.420312499999979E-5
            }
          }
        }
      }
    },
    "nodeH_c01" : {
      "containerName" : {
        "name" : "nodeH_c01"
      },
      "timestamp" : 173482,
      "service" : {
        "group" : "com.bbn",
        "artifact" : "test-service3",
        "version" : "1"
      },
      "serviceStatus" : "RUNNING",
      "demandEstimationWindow" : "LONG",
      "computeCapacity" : {
        "CPU" : 1.0,
        "TASK_CONTAINERS" : 100.0,
        "QueueLength" : 1000000.0
      },
      "computeLoad" : {
        "UNKNOWN" : {
          "QueueLength" : 0.0
        }
      },
      "computeDemand" : {
        "UNKNOWN" : {
          "QueueLength" : 0.0
        }
      },
      "averageProcessingTime" : "NaN",
      "networkCapacity" : {
        "interface-nodeH ( nodeH )" : {
          "DATARATE_TX" : 100.0,
          "DATARATE_RX" : 100.0
        }
      },
      "networkLoad" : {
        "interface-nodeH ( nodeH )" : { }
      },
      "networkDemand" : {
        "interface-nodeH ( nodeH )" : { }
      }
    }
  },
  "maximumServiceContainers" : 20,
  "allocatedServiceContainers" : 2,
  "computeDemand" : {
    "AppCoordinates {com.bbn, test-service3, 1}" : {
      "UNKNOWN" : {
        "QueueLength" : 82.27480916030534,
        "TASK_CONTAINERS" : 41.775193798449614
      }
    }
  },
  "containerNetworkLoad" : {
    "interface-nodeH ( nodeH )" : {
      "(clientPoolF, nodeH_c00, nodeH_c00)" : {
        "AppCoordinates {com.bbn, test-service3, 1}" : {
          "DATARATE_TX" : 2.619999999999995E-4,
          "DATARATE_RX" : 1.3099999999999974E-4
        }
      }
    }
  },
  "containerNetworkDemand" : {
    "interface-nodeH ( nodeH )" : {
      "(clientPoolF, nodeH_c00, nodeH_c00)" : {
        "AppCoordinates {com.bbn, test-service3, 1}" : {
          "DATARATE_TX" : 1.6840624999999958E-4,
          "DATARATE_RX" : 8.420312499999979E-5
        }
      }
    }
  },
  "computeLoad" : {
    "AppCoordinates {com.bbn, test-service3, 1}" : {
      "UNKNOWN" : {
        "QueueLength" : 131.0,
        "TASK_CONTAINERS" : 65.5
      }
    }
  },
  "allocatedComputeCapacity" : {
    "CPU" : 2.0,
    "QueueLength" : 2000000.0,
    "TASK_CONTAINERS" : 200.0
  },
  "availableServiceContainers" : 18,
  "averageProcessingTime" : {
    "AppCoordinates {com.bbn, test-service3, 1}" : 120000.0
  }
}