{
  "region" : {
    "name" : "F"
  },
  "minTimestamp" : 423479,
  "maxTimestamp" : 423479,
  "demandEstimationWindow" : "SHORT",
  "serverCapacity" : {
    "DISK" : 10.0,
    "MEMORY" : 8.0E9,
    "CPU" : 4.0,
    "TASK_CONTAINERS" : 20.0
  },
  "serverLoad" : { },
  "serverDemand" : { },
  "serverAverageProcessingTimeCount" : { },
  "serverAverageProcessingTimeSum" : { },
  "networkCapacity" : {
    "A" : {
      "DATARATE_RX" : 100.0,
      "DATARATE_TX" : 100.0
    },
    "E" : {
      "DATARATE_RX" : 100.0,
      "DATARATE_TX" : 100.0
    }
  },
  "networkLoad" : {
    "A" : {
      "(E, B, B)" : {
        "AppCoordinates {com.bbn, test-service3, 1}" : {
          "DATARATE_TX" : 0.016,
          "DATARATE_RX" : 0.008
        },
        "AppCoordinates {com.bbn, test-service2, 1}" : {
          "DATARATE_TX" : 0.014,
          "DATARATE_RX" : 0.007
        },
        "AppCoordinates {com.bbn, test-service1, 1}" : {
          "DATARATE_TX" : 0.016,
          "DATARATE_RX" : 0.008
        }
      }
    },
    "E" : {
      "(B, E, B)" : {
        "AppCoordinates {com.bbn, test-service3, 1}" : {
          "DATARATE_TX" : 0.008,
          "DATARATE_RX" : 0.016
        },
        "AppCoordinates {com.bbn, test-service2, 1}" : {
          "DATARATE_TX" : 0.007,
          "DATARATE_RX" : 0.014
        },
        "AppCoordinates {com.bbn, test-service1, 1}" : {
          "DATARATE_TX" : 0.008,
          "DATARATE_RX" : 0.016
        }
      }
    }
  },
  "networkDemand" : {
    "A" : {
      "(E, B, B)" : {
        "AppCoordinates {com.bbn, test-service3, 1}" : {
          "DATARATE_TX" : 0.016,
          "DATARATE_RX" : 0.008
        },
        "AppCoordinates {com.bbn, test-service2, 1}" : {
          "DATARATE_TX" : 0.013999999999999999,
          "DATARATE_RX" : 0.006999999999999999
        },
        "AppCoordinates {com.bbn, test-service1, 1}" : {
          "DATARATE_TX" : 0.016,
          "DATARATE_RX" : 0.008
        }
      }
    },
    "E" : {
      "(B, E, B)" : {
        "AppCoordinates {com.bbn, test-service3, 1}" : {
          "DATARATE_TX" : 0.008,
          "DATARATE_RX" : 0.016
        },
        "AppCoordinates {com.bbn, test-service2, 1}" : {
          "DATARATE_TX" : 0.006999999999999999,
          "DATARATE_RX" : 0.013999999999999999
        },
        "AppCoordinates {com.bbn, test-service1, 1}" : {
          "DATARATE_TX" : 0.008,
          "DATARATE_RX" : 0.016
        }
      }
    }
  },
  "maximumServiceContainers" : 20,
  "allocatedServiceContainers" : 0,
  "serverAverageProcessingTime" : { },
  "availableServiceContainers" : 20,
  "nullSummary" : false
}