{
  "nodeName" : {
    "name" : "nodeO"
  },
  "timestamp" : 144996,
  "demandEstimationWindow" : "LONG",
  "nodeComputeCapacity" : {
    "CPU" : 8.0,
    "MEMORY" : 1.6E10,
    "DISK" : 10.0,
    "TASK_CONTAINERS" : 8.0
  },
  "networkCapacity" : {
    "interface-nodeB ( nodeB )" : {
      "DATARATE_RX" : 100.0,
      "DATARATE_TX" : 100.0
    },
    "interface-nodeH ( nodeH )" : {
      "DATARATE_RX" : 100.0,
      "DATARATE_TX" : 100.0
    },
    "interface-nodeI ( nodeI )" : {
      "DATARATE_RX" : 100.0,
      "DATARATE_TX" : 100.0
    },
    "interface-nodeG ( nodeG )" : {
      "DATARATE_RX" : 100.0,
      "DATARATE_TX" : 100.0
    },
    "interface-nodeL ( nodeL )" : {
      "DATARATE_RX" : 100.0,
      "DATARATE_TX" : 100.0
    },
    "interface-nodeK ( nodeK )" : {
      "DATARATE_RX" : 100.0,
      "DATARATE_TX" : 100.0
    },
    "interface-nodeA ( nodeA )" : {
      "DATARATE_RX" : 100.0,
      "DATARATE_TX" : 100.0
    },
    "interface-nodeN ( nodeN )" : {
      "DATARATE_RX" : 100.0,
      "DATARATE_TX" : 100.0
    }
  },
  "networkLoad" : {
    "interface-nodeB ( nodeB )" : { },
    "interface-nodeH ( nodeH )" : { },
    "interface-nodeI ( nodeI )" : {
      "(nodeO_c07, clientPoolI, nodeO_c07)" : {
        "AppCoordinates {com.bbn, test-service2, 1}" : {
          "DATARATE_TX" : 7.499999999999989E-5,
          "DATARATE_RX" : 1.4999999999999977E-4
        }
      },
      "(nodeO_c03, clientPoolI, nodeO_c03)" : {
        "AppCoordinates {com.bbn, test-service1, 1}" : {
          "DATARATE_TX" : 6.299999999999992E-5,
          "DATARATE_RX" : 1.2599999999999984E-4
        }
      },
      "(nodeO_c04, clientPoolI, nodeO_c04)" : {
        "AppCoordinates {com.bbn, test-service3, 1}" : {
          "DATARATE_TX" : 8.0E-6,
          "DATARATE_RX" : 1.6E-5
        },
        "AppCoordinates {com.bbn, test-service1, 1}" : {
          "DATARATE_TX" : -3.8116482626443515E-21,
          "DATARATE_RX" : -7.623296525288703E-21
        }
      },
      "(nodeO_c05, clientPoolI, nodeO_c05)" : {
        "AppCoordinates {com.bbn, test-service3, 1}" : {
          "DATARATE_TX" : 2.7000000000000006E-5,
          "DATARATE_RX" : 5.400000000000001E-5
        }
      },
      "(nodeO_c06, clientPoolI, nodeO_c06)" : {
        "AppCoordinates {com.bbn, test-service1, 1}" : {
          "DATARATE_TX" : 6.699999999999991E-5,
          "DATARATE_RX" : 1.3399999999999981E-4
        }
      },
      "(nodeO_c00, clientPoolI, nodeO_c00)" : {
        "AppCoordinates {com.bbn, test-service1, 1}" : {
          "DATARATE_TX" : 7.09999999999999E-5,
          "DATARATE_RX" : 1.419999999999998E-4
        }
      },
      "(nodeO_c01, clientPoolI, nodeO_c01)" : {
        "AppCoordinates {com.bbn, test-service2, 1}" : {
          "DATARATE_TX" : 7.499999999999989E-5,
          "DATARATE_RX" : 1.4999999999999977E-4
        }
      },
      "(nodeO_c02, clientPoolI, nodeO_c02)" : {
        "AppCoordinates {com.bbn, test-service3, 1}" : {
          "DATARATE_TX" : 3.100000000000001E-5,
          "DATARATE_RX" : 6.200000000000002E-5
        }
      }
    },
    "interface-nodeG ( nodeG )" : {
      "(nodeO_c04, clientPoolJ, nodeO_c04)" : {
        "AppCoordinates {com.bbn, test-service1, 1}" : {
          "DATARATE_TX" : -3.8116482626443515E-21,
          "DATARATE_RX" : -7.623296525288703E-21
        }
      },
      "(nodeO_c05, clientPoolJ, nodeO_c05)" : {
        "AppCoordinates {com.bbn, test-service3, 1}" : {
          "DATARATE_TX" : -3.8116482626443515E-21,
          "DATARATE_RX" : -7.623296525288703E-21
        }
      },
      "(nodeO_c06, clientPoolJ, nodeO_c06)" : {
        "AppCoordinates {com.bbn, test-service1, 1}" : {
          "DATARATE_TX" : 6.199999999999992E-5,
          "DATARATE_RX" : 1.2399999999999984E-4
        }
      },
      "(nodeO_c07, clientPoolJ, nodeO_c07)" : {
        "AppCoordinates {com.bbn, test-service2, 1}" : {
          "DATARATE_TX" : 5.599999999999994E-5,
          "DATARATE_RX" : 1.1199999999999988E-4
        }
      },
      "(nodeO_c00, clientPoolJ, nodeO_c00)" : {
        "AppCoordinates {com.bbn, test-service1, 1}" : {
          "DATARATE_TX" : 6.399999999999992E-5,
          "DATARATE_RX" : 1.2799999999999983E-4
        }
      },
      "(nodeO_c01, clientPoolJ, nodeO_c01)" : {
        "AppCoordinates {com.bbn, test-service2, 1}" : {
          "DATARATE_TX" : 6.599999999999991E-5,
          "DATARATE_RX" : 1.3199999999999982E-4
        }
      },
      "(nodeO_c02, clientPoolJ, nodeO_c02)" : {
        "AppCoordinates {com.bbn, test-service3, 1}" : {
          "DATARATE_TX" : -3.8116482626443515E-21,
          "DATARATE_RX" : -7.623296525288703E-21
        }
      },
      "(nodeO_c03, clientPoolJ, nodeO_c03)" : {
        "AppCoordinates {com.bbn, test-service1, 1}" : {
          "DATARATE_TX" : 7.19999999999999E-5,
          "DATARATE_RX" : 1.439999999999998E-4
        }
      }
    },
    "interface-nodeL ( nodeL )" : { },
    "interface-nodeK ( nodeK )" : {
      "(nodeO_c05, clientPoolK, nodeO_c05)" : {
        "AppCoordinates {com.bbn, test-service3, 1}" : {
          "DATARATE_TX" : -3.8116482626443515E-21,
          "DATARATE_RX" : -7.623296525288703E-21
        }
      },
      "(nodeO_c06, clientPoolK, nodeO_c06)" : {
        "AppCoordinates {com.bbn, test-service1, 1}" : {
          "DATARATE_TX" : 7.09999999999999E-5,
          "DATARATE_RX" : 1.419999999999998E-4
        }
      },
      "(nodeO_c07, clientPoolK, nodeO_c07)" : {
        "AppCoordinates {com.bbn, test-service2, 1}" : {
          "DATARATE_TX" : 6.89999999999999E-5,
          "DATARATE_RX" : 1.379999999999998E-4
        }
      },
      "(nodeO_c01, clientPoolK, nodeO_c01)" : {
        "AppCoordinates {com.bbn, test-service2, 1}" : {
          "DATARATE_TX" : 5.899999999999993E-5,
          "DATARATE_RX" : 1.1799999999999986E-4
        }
      },
      "(nodeO_c02, clientPoolK, nodeO_c02)" : {
        "AppCoordinates {com.bbn, test-service3, 1}" : {
          "DATARATE_TX" : -3.8116482626443515E-21,
          "DATARATE_RX" : -7.623296525288703E-21
        }
      },
      "(nodeO_c03, clientPoolK, nodeO_c03)" : {
        "AppCoordinates {com.bbn, test-service1, 1}" : {
          "DATARATE_TX" : 6.499999999999991E-5,
          "DATARATE_RX" : 1.2999999999999983E-4
        }
      },
      "(nodeO_c04, clientPoolK, nodeO_c04)" : {
        "AppCoordinates {com.bbn, test-service1, 1}" : {
          "DATARATE_TX" : -3.8116482626443515E-21,
          "DATARATE_RX" : -7.623296525288703E-21
        }
      },
      "(nodeO_c00, clientPoolK, nodeO_c00)" : {
        "AppCoordinates {com.bbn, test-service1, 1}" : {
          "DATARATE_TX" : 6.499999999999991E-5,
          "DATARATE_RX" : 1.2999999999999983E-4
        }
      }
    },
    "interface-nodeA ( nodeA )" : { },
    "interface-nodeN ( nodeN )" : { }
  },
  "networkDemand" : {
    "interface-nodeB ( nodeB )" : { },
    "interface-nodeA ( nodeA )" : { },
    "interface-nodeN ( nodeN )" : { },
    "interface-nodeL ( nodeL )" : { },
    "interface-nodeK ( nodeK )" : {
      "(nodeO_c05, clientPoolK, nodeO_c05)" : {
        "AppCoordinates {com.bbn, test-service3, 1}" : {
          "DATARATE_TX" : 2.7209302325581375E-5,
          "DATARATE_RX" : 5.441860465116275E-5
        }
      },
      "(nodeO_c06, clientPoolK, nodeO_c06)" : {
        "AppCoordinates {com.bbn, test-service1, 1}" : {
          "DATARATE_TX" : 6.836363636363626E-5,
          "DATARATE_RX" : 1.3672727272727252E-4
        }
      },
      "(nodeO_c07, clientPoolK, nodeO_c07)" : {
        "AppCoordinates {com.bbn, test-service2, 1}" : {
          "DATARATE_TX" : 6.433163265306118E-5,
          "DATARATE_RX" : 1.2866326530612237E-4
        }
      },
      "(nodeO_c01, clientPoolK, nodeO_c01)" : {
        "AppCoordinates {com.bbn, test-service2, 1}" : {
          "DATARATE_TX" : 6.217703349282299E-5,
          "DATARATE_RX" : 1.2435406698564598E-4
        }
      },
      "(nodeO_c02, clientPoolK, nodeO_c02)" : {
        "AppCoordinates {com.bbn, test-service3, 1}" : {
          "DATARATE_TX" : 4.234210526315789E-5,
          "DATARATE_RX" : 8.468421052631579E-5
        }
      },
      "(nodeO_c03, clientPoolK, nodeO_c03)" : {
        "AppCoordinates {com.bbn, test-service1, 1}" : {
          "DATARATE_TX" : 6.729999999999958E-5,
          "DATARATE_RX" : 1.3459999999999915E-4
        }
      },
      "(nodeO_c04, clientPoolK, nodeO_c04)" : {
        "AppCoordinates {com.bbn, test-service1, 1}" : {
          "DATARATE_TX" : 3.2532710280373776E-5,
          "DATARATE_RX" : 6.506542056074755E-5
        }
      },
      "(nodeO_c00, clientPoolK, nodeO_c00)" : {
        "AppCoordinates {com.bbn, test-service1, 1}" : {
          "DATARATE_TX" : 6.472173913043445E-5,
          "DATARATE_RX" : 1.294434782608689E-4
        }
      }
    },
    "interface-nodeI ( nodeI )" : {
      "(nodeO_c07, clientPoolI, nodeO_c07)" : {
        "AppCoordinates {com.bbn, test-service2, 1}" : {
          "DATARATE_TX" : 7.21173469387753E-5,
          "DATARATE_RX" : 1.442346938775506E-4
        }
      },
      "(nodeO_c03, clientPoolI, nodeO_c03)" : {
        "AppCoordinates {com.bbn, test-service1, 1}" : {
          "DATARATE_TX" : 6.413636363636371E-5,
          "DATARATE_RX" : 1.2827272727272741E-4
        }
      },
      "(nodeO_c04, clientPoolI, nodeO_c04)" : {
        "AppCoordinates {com.bbn, test-service3, 1}" : {
          "DATARATE_TX" : 7.537313432835813E-6,
          "DATARATE_RX" : 1.5074626865671627E-5
        },
        "AppCoordinates {com.bbn, test-service1, 1}" : {
          "DATARATE_TX" : 3.6448598130841094E-5,
          "DATARATE_RX" : 7.289719626168219E-5
        }
      },
      "(nodeO_c05, clientPoolI, nodeO_c05)" : {
        "AppCoordinates {com.bbn, test-service3, 1}" : {
          "DATARATE_TX" : 3.3627906976744266E-5,
          "DATARATE_RX" : 6.725581395348853E-5
        }
      },
      "(nodeO_c06, clientPoolI, nodeO_c06)" : {
        "AppCoordinates {com.bbn, test-service1, 1}" : {
          "DATARATE_TX" : 6.410909090909092E-5,
          "DATARATE_RX" : 1.2821818181818183E-4
        }
      },
      "(nodeO_c00, clientPoolI, nodeO_c00)" : {
        "AppCoordinates {com.bbn, test-service1, 1}" : {
          "DATARATE_TX" : 6.707391304347824E-5,
          "DATARATE_RX" : 1.3414782608695648E-4
        }
      },
      "(nodeO_c01, clientPoolI, nodeO_c01)" : {
        "AppCoordinates {com.bbn, test-service2, 1}" : {
          "DATARATE_TX" : 6.963333333333335E-5,
          "DATARATE_RX" : 1.392666666666667E-4
        }
      },
      "(nodeO_c02, clientPoolI, nodeO_c02)" : {
        "AppCoordinates {com.bbn, test-service3, 1}" : {
          "DATARATE_TX" : 5.177368421052621E-5,
          "DATARATE_RX" : 1.0354736842105242E-4
        }
      }
    },
    "interface-nodeH ( nodeH )" : { },
    "interface-nodeG ( nodeG )" : {
      "(nodeO_c04, clientPoolJ, nodeO_c04)" : {
        "AppCoordinates {com.bbn, test-service1, 1}" : {
          "DATARATE_TX" : 3.6448598130841094E-5,
          "DATARATE_RX" : 7.289719626168219E-5
        }
      },
      "(nodeO_c05, clientPoolJ, nodeO_c05)" : {
        "AppCoordinates {com.bbn, test-service3, 1}" : {
          "DATARATE_TX" : 2.7209302325581382E-5,
          "DATARATE_RX" : 5.4418604651162764E-5
        }
      },
      "(nodeO_c06, clientPoolJ, nodeO_c06)" : {
        "AppCoordinates {com.bbn, test-service1, 1}" : {
          "DATARATE_TX" : 5.9299999999999835E-5,
          "DATARATE_RX" : 1.1859999999999967E-4
        }
      },
      "(nodeO_c07, clientPoolJ, nodeO_c07)" : {
        "AppCoordinates {com.bbn, test-service2, 1}" : {
          "DATARATE_TX" : 6.065306122448964E-5,
          "DATARATE_RX" : 1.2130612244897928E-4
        }
      },
      "(nodeO_c00, clientPoolJ, nodeO_c00)" : {
        "AppCoordinates {com.bbn, test-service1, 1}" : {
          "DATARATE_TX" : 6.409999999999978E-5,
          "DATARATE_RX" : 1.2819999999999957E-4
        }
      },
      "(nodeO_c01, clientPoolJ, nodeO_c01)" : {
        "AppCoordinates {com.bbn, test-service2, 1}" : {
          "DATARATE_TX" : 6.506698564593305E-5,
          "DATARATE_RX" : 1.301339712918661E-4
        }
      },
      "(nodeO_c02, clientPoolJ, nodeO_c02)" : {
        "AppCoordinates {com.bbn, test-service3, 1}" : {
          "DATARATE_TX" : 4.192063492063494E-5,
          "DATARATE_RX" : 8.384126984126988E-5
        }
      },
      "(nodeO_c03, clientPoolJ, nodeO_c03)" : {
        "AppCoordinates {com.bbn, test-service1, 1}" : {
          "DATARATE_TX" : 6.35545454545451E-5,
          "DATARATE_RX" : 1.271090909090902E-4
        }
      }
    }
  },
  "containerReports" : {
    "nodeO_c07" : {
      "containerName" : {
        "name" : "nodeO_c07"
      },
      "timestamp" : 144996,
      "service" : {
        "group" : "com.bbn",
        "artifact" : "test-service2",
        "version" : "1"
      },
      "serviceStatus" : "RUNNING",
      "demandEstimationWindow" : "LONG",
      "computeCapacity" : {
        "CPU" : 1.0,
        "TASK_CONTAINERS" : 100.0,
        "QueueLength" : 1000000.0
      },
      "computeLoad" : {
        "UNKNOWN" : {
          "QueueLength" : 200.0,
          "TASK_CONTAINERS" : 100.0
        }
      },
      "computeDemand" : {
        "UNKNOWN" : {
          "QueueLength" : 194.01507537688443,
          "TASK_CONTAINERS" : 97.99238578680203
        }
      },
      "averageProcessingTime" : 120000.0,
      "networkCapacity" : {
        "interface-nodeO ( nodeO )" : {
          "DATARATE_TX" : 100.0,
          "DATARATE_RX" : 100.0
        }
      },
      "networkLoad" : {
        "interface-nodeO ( nodeO )" : {
          "(clientPoolK, nodeO_c07, nodeO_c07)" : {
            "AppCoordinates {com.bbn, test-service2, 1}" : {
              "DATARATE_TX" : 4.25999999999999E-4,
              "DATARATE_RX" : 2.129999999999995E-4
            }
          },
          "(clientPoolJ, nodeO_c07, nodeO_c07)" : {
            "AppCoordinates {com.bbn, test-service2, 1}" : {
              "DATARATE_TX" : 3.619999999999992E-4,
              "DATARATE_RX" : 1.809999999999996E-4
            }
          },
          "(clientPoolI, nodeO_c07, nodeO_c07)" : {
            "AppCoordinates {com.bbn, test-service2, 1}" : {
              "DATARATE_TX" : 3.899999999999991E-4,
              "DATARATE_RX" : 1.9499999999999956E-4
            }
          }
        }
      },
      "networkDemand" : {
        "interface-nodeO ( nodeO )" : {
          "(clientPoolK, nodeO_c07, nodeO_c07)" : {
            "AppCoordinates {com.bbn, test-service2, 1}" : {
              "DATARATE_TX" : 2.836326530612234E-4,
              "DATARATE_RX" : 1.418163265306117E-4
            }
          },
          "(clientPoolJ, nodeO_c07, nodeO_c07)" : {
            "AppCoordinates {com.bbn, test-service2, 1}" : {
              "DATARATE_TX" : 2.4704081632653043E-4,
              "DATARATE_RX" : 1.2352040816326521E-4
            }
          },
          "(clientPoolI, nodeO_c07, nodeO_c07)" : {
            "AppCoordinates {com.bbn, test-service2, 1}" : {
              "DATARATE_TX" : 2.7123469387755033E-4,
              "DATARATE_RX" : 1.3561734693877517E-4
            }
          }
        }
      }
    },
    "nodeO_c02" : {
      "containerName" : {
        "name" : "nodeO_c02"
      },
      "timestamp" : 144997,
      "service" : {
        "group" : "com.bbn",
        "artifact" : "test-service3",
        "version" : "1"
      },
      "serviceStatus" : "RUNNING",
      "demandEstimationWindow" : "LONG",
      "computeCapacity" : {
        "CPU" : 1.0,
        "TASK_CONTAINERS" : 100.0,
        "QueueLength" : 1000000.0
      },
      "computeLoad" : {
        "UNKNOWN" : {
          "QueueLength" : 31.0,
          "TASK_CONTAINERS" : 15.5
        }
      },
      "computeDemand" : {
        "UNKNOWN" : {
          "QueueLength" : 88.30479452054794,
          "TASK_CONTAINERS" : 67.5
        }
      },
      "averageProcessingTime" : 120000.0,
      "networkCapacity" : {
        "interface-nodeO ( nodeO )" : {
          "DATARATE_TX" : 100.0,
          "DATARATE_RX" : 100.0
        }
      },
      "networkLoad" : {
        "interface-nodeO ( nodeO )" : {
          "(clientPoolK, nodeO_c02, nodeO_c02)" : {
            "AppCoordinates {com.bbn, test-service3, 1}" : {
              "DATARATE_TX" : 7.369186641112413E-20,
              "DATARATE_RX" : 3.6845933205562065E-20
            }
          },
          "(clientPoolJ, nodeO_c02, nodeO_c02)" : {
            "AppCoordinates {com.bbn, test-service3, 1}" : {
              "DATARATE_TX" : 7.369186641112413E-20,
              "DATARATE_RX" : 3.6845933205562065E-20
            }
          },
          "(clientPoolI, nodeO_c02, nodeO_c02)" : {
            "AppCoordinates {com.bbn, test-service3, 1}" : {
              "DATARATE_TX" : 6.20000000000001E-5,
              "DATARATE_RX" : 3.100000000000005E-5
            }
          }
        }
      },
      "networkDemand" : {
        "interface-nodeO ( nodeO )" : {
          "(clientPoolK, nodeO_c02, nodeO_c02)" : {
            "AppCoordinates {com.bbn, test-service3, 1}" : {
              "DATARATE_TX" : 4.583809523809546E-4,
              "DATARATE_RX" : 2.291904761904773E-4
            }
          },
          "(clientPoolJ, nodeO_c02, nodeO_c02)" : {
            "AppCoordinates {com.bbn, test-service3, 1}" : {
              "DATARATE_TX" : 4.5835978835979046E-4,
              "DATARATE_RX" : 2.2917989417989523E-4
            }
          },
          "(clientPoolI, nodeO_c02, nodeO_c02)" : {
            "AppCoordinates {com.bbn, test-service3, 1}" : {
              "DATARATE_TX" : 4.7980000000000304E-4,
              "DATARATE_RX" : 2.3990000000000152E-4
            }
          }
        }
      }
    },
    "nodeO_c01" : {
      "containerName" : {
        "name" : "nodeO_c01"
      },
      "timestamp" : 144998,
      "service" : {
        "group" : "com.bbn",
        "artifact" : "test-service2",
        "version" : "1"
      },
      "serviceStatus" : "RUNNING",
      "demandEstimationWindow" : "LONG",
      "computeCapacity" : {
        "CPU" : 1.0,
        "TASK_CONTAINERS" : 100.0,
        "QueueLength" : 1000000.0
      },
      "computeLoad" : {
        "UNKNOWN" : {
          "QueueLength" : 200.0,
          "TASK_CONTAINERS" : 100.0
        }
      },
      "computeDemand" : {
        "UNKNOWN" : {
          "QueueLength" : 141.05479452054794,
          "TASK_CONTAINERS" : 97.60189573459715
        }
      },
      "averageProcessingTime" : 120000.0,
      "networkCapacity" : {
        "interface-nodeO ( nodeO )" : {
          "DATARATE_TX" : 100.0,
          "DATARATE_RX" : 100.0
        }
      },
      "networkLoad" : {
        "interface-nodeO ( nodeO )" : {
          "(clientPoolK, nodeO_c01, nodeO_c01)" : {
            "AppCoordinates {com.bbn, test-service2, 1}" : {
              "DATARATE_TX" : 3.6799999999999924E-4,
              "DATARATE_RX" : 1.8399999999999962E-4
            }
          },
          "(clientPoolJ, nodeO_c01, nodeO_c01)" : {
            "AppCoordinates {com.bbn, test-service2, 1}" : {
              "DATARATE_TX" : 4.2999999999999907E-4,
              "DATARATE_RX" : 2.1499999999999953E-4
            }
          },
          "(clientPoolI, nodeO_c01, nodeO_c01)" : {
            "AppCoordinates {com.bbn, test-service2, 1}" : {
              "DATARATE_TX" : 3.919999999999992E-4,
              "DATARATE_RX" : 1.959999999999996E-4
            }
          }
        }
      },
      "networkDemand" : {
        "interface-nodeO ( nodeO )" : {
          "(clientPoolK, nodeO_c01, nodeO_c01)" : {
            "AppCoordinates {com.bbn, test-service2, 1}" : {
              "DATARATE_TX" : 4.960191387559799E-4,
              "DATARATE_RX" : 2.4800956937798995E-4
            }
          },
          "(clientPoolJ, nodeO_c01, nodeO_c01)" : {
            "AppCoordinates {com.bbn, test-service2, 1}" : {
              "DATARATE_TX" : 5.290334928229666E-4,
              "DATARATE_RX" : 2.645167464114833E-4
            }
          },
          "(clientPoolI, nodeO_c01, nodeO_c01)" : {
            "AppCoordinates {com.bbn, test-service2, 1}" : {
              "DATARATE_TX" : 5.004857142857158E-4,
              "DATARATE_RX" : 2.502428571428579E-4
            }
          }
        }
      }
    },
    "nodeO_c00" : {
      "containerName" : {
        "name" : "nodeO_c00"
      },
      "timestamp" : 144999,
      "service" : {
        "group" : "com.bbn",
        "artifact" : "test-service1",
        "version" : "1"
      },
      "serviceStatus" : "RUNNING",
      "demandEstimationWindow" : "LONG",
      "computeCapacity" : {
        "CPU" : 1.0,
        "TASK_CONTAINERS" : 100.0,
        "QueueLength" : 1000000.0
      },
      "computeLoad" : {
        "UNKNOWN" : {
          "QueueLength" : 200.0,
          "TASK_CONTAINERS" : 100.0
        }
      },
      "computeDemand" : {
        "UNKNOWN" : {
          "QueueLength" : 154.2123287671233,
          "TASK_CONTAINERS" : 97.46753246753246
        }
      },
      "averageProcessingTime" : 120000.0,
      "networkCapacity" : {
        "interface-nodeO ( nodeO )" : {
          "DATARATE_TX" : 100.0,
          "DATARATE_RX" : 100.0
        }
      },
      "networkLoad" : {
        "interface-nodeO ( nodeO )" : {
          "(clientPoolK, nodeO_c00, nodeO_c00)" : {
            "AppCoordinates {com.bbn, test-service1, 1}" : {
              "DATARATE_TX" : 2.6799999999999947E-4,
              "DATARATE_RX" : 1.3399999999999973E-4
            }
          },
          "(clientPoolJ, nodeO_c00, nodeO_c00)" : {
            "AppCoordinates {com.bbn, test-service1, 1}" : {
              "DATARATE_TX" : 2.499999999999995E-4,
              "DATARATE_RX" : 1.2499999999999976E-4
            }
          },
          "(clientPoolI, nodeO_c00, nodeO_c00)" : {
            "AppCoordinates {com.bbn, test-service1, 1}" : {
              "DATARATE_TX" : 2.839999999999994E-4,
              "DATARATE_RX" : 1.419999999999997E-4
            }
          }
        }
      },
      "networkDemand" : {
        "interface-nodeO ( nodeO )" : {
          "(clientPoolK, nodeO_c00, nodeO_c00)" : {
            "AppCoordinates {com.bbn, test-service1, 1}" : {
              "DATARATE_TX" : 3.561130434782612E-4,
              "DATARATE_RX" : 1.780565217391306E-4
            }
          },
          "(clientPoolJ, nodeO_c00, nodeO_c00)" : {
            "AppCoordinates {com.bbn, test-service1, 1}" : {
              "DATARATE_TX" : 3.609826086956514E-4,
              "DATARATE_RX" : 1.804913043478257E-4
            }
          },
          "(clientPoolI, nodeO_c00, nodeO_c00)" : {
            "AppCoordinates {com.bbn, test-service1, 1}" : {
              "DATARATE_TX" : 3.5940869565217207E-4,
              "DATARATE_RX" : 1.7970434782608603E-4
            }
          }
        }
      }
    },
    "nodeO_c06" : {
      "containerName" : {
        "name" : "nodeO_c06"
      },
      "timestamp" : 145000,
      "service" : {
        "group" : "com.bbn",
        "artifact" : "test-service1",
        "version" : "1"
      },
      "serviceStatus" : "RUNNING",
      "demandEstimationWindow" : "LONG",
      "computeCapacity" : {
        "CPU" : 1.0,
        "TASK_CONTAINERS" : 100.0,
        "QueueLength" : 1000000.0
      },
      "computeLoad" : {
        "UNKNOWN" : {
          "QueueLength" : 200.0,
          "TASK_CONTAINERS" : 100.0
        }
      },
      "computeDemand" : {
        "UNKNOWN" : {
          "QueueLength" : 134.3312101910828,
          "TASK_CONTAINERS" : 95.0
        }
      },
      "averageProcessingTime" : "NaN",
      "networkCapacity" : {
        "interface-nodeO ( nodeO )" : {
          "DATARATE_TX" : 100.0,
          "DATARATE_RX" : 100.0
        }
      },
      "networkLoad" : {
        "interface-nodeO ( nodeO )" : {
          "(clientPoolK, nodeO_c06, nodeO_c06)" : {
            "AppCoordinates {com.bbn, test-service1, 1}" : {
              "DATARATE_TX" : 2.7199999999999946E-4,
              "DATARATE_RX" : 1.3599999999999973E-4
            }
          },
          "(clientPoolJ, nodeO_c06, nodeO_c06)" : {
            "AppCoordinates {com.bbn, test-service1, 1}" : {
              "DATARATE_TX" : 2.639999999999995E-4,
              "DATARATE_RX" : 1.3199999999999974E-4
            }
          },
          "(clientPoolI, nodeO_c06, nodeO_c06)" : {
            "AppCoordinates {com.bbn, test-service1, 1}" : {
              "DATARATE_TX" : 2.6599999999999947E-4,
              "DATARATE_RX" : 1.3299999999999974E-4
            }
          }
        }
      },
      "networkDemand" : {
        "interface-nodeO ( nodeO )" : {
          "(clientPoolK, nodeO_c06, nodeO_c06)" : {
            "AppCoordinates {com.bbn, test-service1, 1}" : {
              "DATARATE_TX" : 2.4839999999999904E-4,
              "DATARATE_RX" : 1.2419999999999952E-4
            }
          },
          "(clientPoolJ, nodeO_c06, nodeO_c06)" : {
            "AppCoordinates {com.bbn, test-service1, 1}" : {
              "DATARATE_TX" : 2.3865454545454545E-4,
              "DATARATE_RX" : 1.1932727272727272E-4
            }
          },
          "(clientPoolI, nodeO_c06, nodeO_c06)" : {
            "AppCoordinates {com.bbn, test-service1, 1}" : {
              "DATARATE_TX" : 2.4119999999999925E-4,
              "DATARATE_RX" : 1.2059999999999962E-4
            }
          }
        }
      }
    },
    "nodeO_c05" : {
      "containerName" : {
        "name" : "nodeO_c05"
      },
      "timestamp" : 145001,
      "service" : {
        "group" : "com.bbn",
        "artifact" : "test-service1",
        "version" : "1"
      },
      "serviceStatus" : "RUNNING",
      "demandEstimationWindow" : "LONG",
      "computeCapacity" : {
        "CPU" : 1.0,
        "TASK_CONTAINERS" : 100.0,
        "QueueLength" : 1000000.0
      },
      "computeLoad" : {
        "UNKNOWN" : {
          "QueueLength" : 0.0
        }
      },
      "computeDemand" : {
        "UNKNOWN" : {
          "QueueLength" : 0.0
        }
      },
      "averageProcessingTime" : "NaN",
      "networkCapacity" : {
        "interface-nodeO ( nodeO )" : {
          "DATARATE_TX" : 100.0,
          "DATARATE_RX" : 100.0
        }
      },
      "networkLoad" : {
        "interface-nodeO ( nodeO )" : { }
      },
      "networkDemand" : {
        "interface-nodeO ( nodeO )" : { }
      }
    },
    "nodeO_c04" : {
      "containerName" : {
        "name" : "nodeO_c04"
      },
      "timestamp" : 145001,
      "service" : {
        "group" : "com.bbn",
        "artifact" : "test-service2",
        "version" : "1"
      },
      "serviceStatus" : "RUNNING",
      "demandEstimationWindow" : "LONG",
      "computeCapacity" : {
        "CPU" : 1.0,
        "TASK_CONTAINERS" : 100.0,
        "QueueLength" : 1000000.0
      },
      "computeLoad" : {
        "UNKNOWN" : {
          "QueueLength" : 0.0
        }
      },
      "computeDemand" : {
        "UNKNOWN" : {
          "QueueLength" : 0.0
        }
      },
      "averageProcessingTime" : "NaN",
      "networkCapacity" : {
        "interface-nodeO ( nodeO )" : {
          "DATARATE_TX" : 100.0,
          "DATARATE_RX" : 100.0
        }
      },
      "networkLoad" : {
        "interface-nodeO ( nodeO )" : { }
      },
      "networkDemand" : {
        "interface-nodeO ( nodeO )" : { }
      }
    },
    "nodeO_c03" : {
      "containerName" : {
        "name" : "nodeO_c03"
      },
      "timestamp" : 145001,
      "service" : {
        "group" : "com.bbn",
        "artifact" : "test-service1",
        "version" : "1"
      },
      "serviceStatus" : "RUNNING",
      "demandEstimationWindow" : "LONG",
      "computeCapacity" : {
        "CPU" : 1.0,
        "TASK_CONTAINERS" : 100.0,
        "QueueLength" : 1000000.0
      },
      "computeLoad" : {
        "UNKNOWN" : {
          "QueueLength" : 200.0,
          "TASK_CONTAINERS" : 100.0
        }
      },
      "computeDemand" : {
        "UNKNOWN" : {
          "QueueLength" : 192.28699551569505,
          "TASK_CONTAINERS" : 97.01357466063348
        }
      },
      "averageProcessingTime" : 120000.0,
      "networkCapacity" : {
        "interface-nodeO ( nodeO )" : {
          "DATARATE_TX" : 100.0,
          "DATARATE_RX" : 100.0
        }
      },
      "networkLoad" : {
        "interface-nodeO ( nodeO )" : {
          "(clientPoolK, nodeO_c03, nodeO_c03)" : {
            "AppCoordinates {com.bbn, test-service1, 1}" : {
              "DATARATE_TX" : 2.599999999999995E-4,
              "DATARATE_RX" : 1.2999999999999974E-4
            }
          },
          "(clientPoolJ, nodeO_c03, nodeO_c03)" : {
            "AppCoordinates {com.bbn, test-service1, 1}" : {
              "DATARATE_TX" : 2.859999999999994E-4,
              "DATARATE_RX" : 1.429999999999997E-4
            }
          },
          "(clientPoolI, nodeO_c03, nodeO_c03)" : {
            "AppCoordinates {com.bbn, test-service1, 1}" : {
              "DATARATE_TX" : 2.499999999999995E-4,
              "DATARATE_RX" : 1.2499999999999976E-4
            }
          }
        }
      },
      "networkDemand" : {
        "interface-nodeO ( nodeO )" : {
          "(clientPoolK, nodeO_c03, nodeO_c03)" : {
            "AppCoordinates {com.bbn, test-service1, 1}" : {
              "DATARATE_TX" : 2.4013636363636321E-4,
              "DATARATE_RX" : 1.2006818181818161E-4
            }
          },
          "(clientPoolJ, nodeO_c03, nodeO_c03)" : {
            "AppCoordinates {com.bbn, test-service1, 1}" : {
              "DATARATE_TX" : 2.3166363636363584E-4,
              "DATARATE_RX" : 1.1583181818181792E-4
            }
          },
          "(clientPoolI, nodeO_c03, nodeO_c03)" : {
            "AppCoordinates {com.bbn, test-service1, 1}" : {
              "DATARATE_TX" : 2.3226363636363678E-4,
              "DATARATE_RX" : 1.1613181818181839E-4
            }
          }
        }
      }
    }
  },
  "maximumServiceContainers" : 8,
  "allocatedServiceContainers" : 8,
  "computeDemand" : {
    "AppCoordinates {com.bbn, test-service3, 1}" : {
      "UNKNOWN" : {
        "QueueLength" : 88.30479452054794,
        "TASK_CONTAINERS" : 67.5
      }
    },
    "AppCoordinates {com.bbn, test-service2, 1}" : {
      "UNKNOWN" : {
        "QueueLength" : 335.06986989743234,
        "TASK_CONTAINERS" : 195.59428152139918
      }
    },
    "AppCoordinates {com.bbn, test-service1, 1}" : {
      "UNKNOWN" : {
        "QueueLength" : 480.83053447390114,
        "TASK_CONTAINERS" : 289.48110712816595
      }
    }
  },
  "containerNetworkLoad" : {
    "interface-nodeO ( nodeO )" : {
      "(clientPoolK, nodeO_c00, nodeO_c00)" : {
        "AppCoordinates {com.bbn, test-service1, 1}" : {
          "DATARATE_TX" : 2.6799999999999947E-4,
          "DATARATE_RX" : 1.3399999999999973E-4
        }
      },
      "(clientPoolJ, nodeO_c00, nodeO_c00)" : {
        "AppCoordinates {com.bbn, test-service1, 1}" : {
          "DATARATE_TX" : 2.499999999999995E-4,
          "DATARATE_RX" : 1.2499999999999976E-4
        }
      },
      "(clientPoolK, nodeO_c01, nodeO_c01)" : {
        "AppCoordinates {com.bbn, test-service2, 1}" : {
          "DATARATE_TX" : 3.6799999999999924E-4,
          "DATARATE_RX" : 1.8399999999999962E-4
        }
      },
      "(clientPoolK, nodeO_c06, nodeO_c06)" : {
        "AppCoordinates {com.bbn, test-service1, 1}" : {
          "DATARATE_TX" : 2.7199999999999946E-4,
          "DATARATE_RX" : 1.3599999999999973E-4
        }
      },
      "(clientPoolJ, nodeO_c06, nodeO_c06)" : {
        "AppCoordinates {com.bbn, test-service1, 1}" : {
          "DATARATE_TX" : 2.639999999999995E-4,
          "DATARATE_RX" : 1.3199999999999974E-4
        }
      },
      "(clientPoolK, nodeO_c07, nodeO_c07)" : {
        "AppCoordinates {com.bbn, test-service2, 1}" : {
          "DATARATE_TX" : 4.25999999999999E-4,
          "DATARATE_RX" : 2.129999999999995E-4
        }
      },
      "(clientPoolI, nodeO_c06, nodeO_c06)" : {
        "AppCoordinates {com.bbn, test-service1, 1}" : {
          "DATARATE_TX" : 2.6599999999999947E-4,
          "DATARATE_RX" : 1.3299999999999974E-4
        }
      },
      "(clientPoolJ, nodeO_c07, nodeO_c07)" : {
        "AppCoordinates {com.bbn, test-service2, 1}" : {
          "DATARATE_TX" : 3.619999999999992E-4,
          "DATARATE_RX" : 1.809999999999996E-4
        }
      },
      "(clientPoolI, nodeO_c07, nodeO_c07)" : {
        "AppCoordinates {com.bbn, test-service2, 1}" : {
          "DATARATE_TX" : 3.899999999999991E-4,
          "DATARATE_RX" : 1.9499999999999956E-4
        }
      },
      "(clientPoolI, nodeO_c00, nodeO_c00)" : {
        "AppCoordinates {com.bbn, test-service1, 1}" : {
          "DATARATE_TX" : 2.839999999999994E-4,
          "DATARATE_RX" : 1.419999999999997E-4
        }
      },
      "(clientPoolJ, nodeO_c01, nodeO_c01)" : {
        "AppCoordinates {com.bbn, test-service2, 1}" : {
          "DATARATE_TX" : 4.2999999999999907E-4,
          "DATARATE_RX" : 2.1499999999999953E-4
        }
      },
      "(clientPoolK, nodeO_c02, nodeO_c02)" : {
        "AppCoordinates {com.bbn, test-service3, 1}" : {
          "DATARATE_TX" : 7.369186641112413E-20,
          "DATARATE_RX" : 3.6845933205562065E-20
        }
      },
      "(clientPoolK, nodeO_c03, nodeO_c03)" : {
        "AppCoordinates {com.bbn, test-service1, 1}" : {
          "DATARATE_TX" : 2.599999999999995E-4,
          "DATARATE_RX" : 1.2999999999999974E-4
        }
      },
      "(clientPoolI, nodeO_c01, nodeO_c01)" : {
        "AppCoordinates {com.bbn, test-service2, 1}" : {
          "DATARATE_TX" : 3.919999999999992E-4,
          "DATARATE_RX" : 1.959999999999996E-4
        }
      },
      "(clientPoolJ, nodeO_c02, nodeO_c02)" : {
        "AppCoordinates {com.bbn, test-service3, 1}" : {
          "DATARATE_TX" : 7.369186641112413E-20,
          "DATARATE_RX" : 3.6845933205562065E-20
        }
      },
      "(clientPoolJ, nodeO_c03, nodeO_c03)" : {
        "AppCoordinates {com.bbn, test-service1, 1}" : {
          "DATARATE_TX" : 2.859999999999994E-4,
          "DATARATE_RX" : 1.429999999999997E-4
        }
      },
      "(clientPoolI, nodeO_c02, nodeO_c02)" : {
        "AppCoordinates {com.bbn, test-service3, 1}" : {
          "DATARATE_TX" : 6.20000000000001E-5,
          "DATARATE_RX" : 3.100000000000005E-5
        }
      },
      "(clientPoolI, nodeO_c03, nodeO_c03)" : {
        "AppCoordinates {com.bbn, test-service1, 1}" : {
          "DATARATE_TX" : 2.499999999999995E-4,
          "DATARATE_RX" : 1.2499999999999976E-4
        }
      }
    }
  },
  "containerNetworkDemand" : {
    "interface-nodeO ( nodeO )" : {
      "(clientPoolK, nodeO_c00, nodeO_c00)" : {
        "AppCoordinates {com.bbn, test-service1, 1}" : {
          "DATARATE_TX" : 3.561130434782612E-4,
          "DATARATE_RX" : 1.780565217391306E-4
        }
      },
      "(clientPoolJ, nodeO_c00, nodeO_c00)" : {
        "AppCoordinates {com.bbn, test-service1, 1}" : {
          "DATARATE_TX" : 3.609826086956514E-4,
          "DATARATE_RX" : 1.804913043478257E-4
        }
      },
      "(clientPoolK, nodeO_c01, nodeO_c01)" : {
        "AppCoordinates {com.bbn, test-service2, 1}" : {
          "DATARATE_TX" : 4.960191387559799E-4,
          "DATARATE_RX" : 2.4800956937798995E-4
        }
      },
      "(clientPoolK, nodeO_c06, nodeO_c06)" : {
        "AppCoordinates {com.bbn, test-service1, 1}" : {
          "DATARATE_TX" : 2.4839999999999904E-4,
          "DATARATE_RX" : 1.2419999999999952E-4
        }
      },
      "(clientPoolJ, nodeO_c06, nodeO_c06)" : {
        "AppCoordinates {com.bbn, test-service1, 1}" : {
          "DATARATE_TX" : 2.3865454545454545E-4,
          "DATARATE_RX" : 1.1932727272727272E-4
        }
      },
      "(clientPoolK, nodeO_c07, nodeO_c07)" : {
        "AppCoordinates {com.bbn, test-service2, 1}" : {
          "DATARATE_TX" : 2.836326530612234E-4,
          "DATARATE_RX" : 1.418163265306117E-4
        }
      },
      "(clientPoolI, nodeO_c06, nodeO_c06)" : {
        "AppCoordinates {com.bbn, test-service1, 1}" : {
          "DATARATE_TX" : 2.4119999999999925E-4,
          "DATARATE_RX" : 1.2059999999999962E-4
        }
      },
      "(clientPoolJ, nodeO_c07, nodeO_c07)" : {
        "AppCoordinates {com.bbn, test-service2, 1}" : {
          "DATARATE_TX" : 2.4704081632653043E-4,
          "DATARATE_RX" : 1.2352040816326521E-4
        }
      },
      "(clientPoolI, nodeO_c07, nodeO_c07)" : {
        "AppCoordinates {com.bbn, test-service2, 1}" : {
          "DATARATE_TX" : 2.7123469387755033E-4,
          "DATARATE_RX" : 1.3561734693877517E-4
        }
      },
      "(clientPoolI, nodeO_c00, nodeO_c00)" : {
        "AppCoordinates {com.bbn, test-service1, 1}" : {
          "DATARATE_TX" : 3.5940869565217207E-4,
          "DATARATE_RX" : 1.7970434782608603E-4
        }
      },
      "(clientPoolJ, nodeO_c01, nodeO_c01)" : {
        "AppCoordinates {com.bbn, test-service2, 1}" : {
          "DATARATE_TX" : 5.290334928229666E-4,
          "DATARATE_RX" : 2.645167464114833E-4
        }
      },
      "(clientPoolK, nodeO_c02, nodeO_c02)" : {
        "AppCoordinates {com.bbn, test-service3, 1}" : {
          "DATARATE_TX" : 4.583809523809546E-4,
          "DATARATE_RX" : 2.291904761904773E-4
        }
      },
      "(clientPoolK, nodeO_c03, nodeO_c03)" : {
        "AppCoordinates {com.bbn, test-service1, 1}" : {
          "DATARATE_TX" : 2.4013636363636321E-4,
          "DATARATE_RX" : 1.2006818181818161E-4
        }
      },
      "(clientPoolI, nodeO_c01, nodeO_c01)" : {
        "AppCoordinates {com.bbn, test-service2, 1}" : {
          "DATARATE_TX" : 5.004857142857158E-4,
          "DATARATE_RX" : 2.502428571428579E-4
        }
      },
      "(clientPoolJ, nodeO_c02, nodeO_c02)" : {
        "AppCoordinates {com.bbn, test-service3, 1}" : {
          "DATARATE_TX" : 4.5835978835979046E-4,
          "DATARATE_RX" : 2.2917989417989523E-4
        }
      },
      "(clientPoolJ, nodeO_c03, nodeO_c03)" : {
        "AppCoordinates {com.bbn, test-service1, 1}" : {
          "DATARATE_TX" : 2.3166363636363584E-4,
          "DATARATE_RX" : 1.1583181818181792E-4
        }
      },
      "(clientPoolI, nodeO_c02, nodeO_c02)" : {
        "AppCoordinates {com.bbn, test-service3, 1}" : {
          "DATARATE_TX" : 4.7980000000000304E-4,
          "DATARATE_RX" : 2.3990000000000152E-4
        }
      },
      "(clientPoolI, nodeO_c03, nodeO_c03)" : {
        "AppCoordinates {com.bbn, test-service1, 1}" : {
          "DATARATE_TX" : 2.3226363636363678E-4,
          "DATARATE_RX" : 1.1613181818181839E-4
        }
      }
    }
  },
  "computeLoad" : {
    "AppCoordinates {com.bbn, test-service3, 1}" : {
      "UNKNOWN" : {
        "QueueLength" : 31.0,
        "TASK_CONTAINERS" : 15.5
      }
    },
    "AppCoordinates {com.bbn, test-service2, 1}" : {
      "UNKNOWN" : {
        "QueueLength" : 400.0,
        "TASK_CONTAINERS" : 200.0
      }
    },
    "AppCoordinates {com.bbn, test-service1, 1}" : {
      "UNKNOWN" : {
        "QueueLength" : 600.0,
        "TASK_CONTAINERS" : 300.0
      }
    }
  },
  "allocatedComputeCapacity" : {
    "CPU" : 8.0,
    "QueueLength" : 8000000.0,
    "TASK_CONTAINERS" : 800.0
  },
  "availableServiceContainers" : 0,
  "averageProcessingTime" : {
    "AppCoordinates {com.bbn, test-service3, 1}" : 120000.0,
    "AppCoordinates {com.bbn, test-service2, 1}" : 120000.0,
    "AppCoordinates {com.bbn, test-service1, 1}" : 120000.0
  }
}