{
  "nodeName" : {
    "name" : "nodeF"
  },
  "timestamp" : 205484,
  "demandEstimationWindow" : "LONG",
  "nodeComputeCapacity" : {
    "CPU" : 4.0,
    "MEMORY" : 8.0E9,
    "DISK" : 10.0,
    "TASK_CONTAINERS" : 20.0
  },
  "networkCapacity" : {
    "interface-nodeD ( nodeD )" : {
      "DATARATE_RX" : 100.0,
      "DATARATE_TX" : 100.0
    },
    "interface-nodeB ( nodeB )" : {
      "DATARATE_RX" : 100.0,
      "DATARATE_TX" : 100.0
    },
    "interface-nodeC ( nodeC )" : {
      "DATARATE_RX" : 100.0,
      "DATARATE_TX" : 100.0
    },
    "interface-nodeL ( nodeL )" : {
      "DATARATE_RX" : 100.0,
      "DATARATE_TX" : 100.0
    },
    "interface-nodeK ( nodeK )" : {
      "DATARATE_RX" : 100.0,
      "DATARATE_TX" : 100.0
    },
    "interface-nodeA ( nodeA )" : {
      "DATARATE_RX" : 100.0,
      "DATARATE_TX" : 100.0
    },
    "interface-nodeO ( nodeO )" : {
      "DATARATE_RX" : 100.0,
      "DATARATE_TX" : 100.0
    }
  },
  "networkLoad" : {
    "interface-nodeD ( nodeD )" : { },
    "interface-nodeB ( nodeB )" : { },
    "interface-nodeC ( nodeC )" : {
      "(clientPoolF, nodeC_c00, nodeC_c00)" : {
        "AppCoordinates {com.bbn, test-service3, 1}" : {
          "DATARATE_TX" : 1.519999999999998E-4,
          "DATARATE_RX" : 7.59999999999999E-5
        }
      }
    },
    "interface-nodeL ( nodeL )" : { },
    "interface-nodeK ( nodeK )" : { },
    "interface-nodeA ( nodeA )" : {
      "(clientPoolF, nodeE_c06, nodeE_c06)" : {
        "AppCoordinates {com.bbn, test-service2, 1}" : {
          "DATARATE_TX" : 7.0E-5,
          "DATARATE_RX" : 3.5E-5
        },
        "AppCoordinates {com.bbn, test-service1, 1}" : {
          "DATARATE_TX" : 1.3399999999999981E-4,
          "DATARATE_RX" : 6.699999999999991E-5
        }
      },
      "(clientPoolF, nodeE_c05, nodeE_c05)" : {
        "AppCoordinates {com.bbn, test-service3, 1}" : {
          "DATARATE_TX" : 7.599999999999998E-5,
          "DATARATE_RX" : 3.799999999999999E-5
        }
      },
      "(clientPoolF, nodeE_c04, nodeE_c04)" : {
        "AppCoordinates {com.bbn, test-service3, 1}" : {
          "DATARATE_TX" : 6.0000000000000015E-5,
          "DATARATE_RX" : 3.0000000000000008E-5
        },
        "AppCoordinates {com.bbn, test-service1, 1}" : {
          "DATARATE_TX" : -7.623296525288703E-21,
          "DATARATE_RX" : -3.8116482626443515E-21
        }
      },
      "(clientPoolF, nodeE_c03, nodeE_c03)" : {
        "AppCoordinates {com.bbn, test-service3, 1}" : {
          "DATARATE_TX" : 1.0599999999999989E-4,
          "DATARATE_RX" : 5.2999999999999947E-5
        },
        "AppCoordinates {com.bbn, test-service1, 1}" : {
          "DATARATE_TX" : -7.623296525288703E-21,
          "DATARATE_RX" : -3.8116482626443515E-21
        }
      },
      "(clientPoolF, nodeE_c02, nodeE_c02)" : {
        "AppCoordinates {com.bbn, test-service3, 1}" : {
          "DATARATE_TX" : 3.2E-5,
          "DATARATE_RX" : 1.6E-5
        }
      },
      "(clientPoolF, nodeE_c01, nodeE_c01)" : {
        "AppCoordinates {com.bbn, test-service2, 1}" : {
          "DATARATE_TX" : 4.4000000000000006E-5,
          "DATARATE_RX" : 2.2000000000000003E-5
        }
      },
      "(clientPoolF, nodeE_c00, nodeE_c00)" : {
        "AppCoordinates {com.bbn, test-service1, 1}" : {
          "DATARATE_TX" : 1.2999999999999983E-4,
          "DATARATE_RX" : 6.499999999999991E-5
        }
      },
      "(clientPoolF, nodeE_c07, nodeE_c07)" : {
        "AppCoordinates {com.bbn, test-service2, 1}" : {
          "DATARATE_TX" : 1.0999999999999988E-4,
          "DATARATE_RX" : 5.499999999999994E-5
        }
      }
    },
    "interface-nodeO ( nodeO )" : { }
  },
  "networkDemand" : {
    "interface-nodeD ( nodeD )" : { },
    "interface-nodeC ( nodeC )" : {
      "(clientPoolF, nodeC_c00, nodeC_c00)" : {
        "AppCoordinates {com.bbn, test-service3, 1}" : {
          "DATARATE_TX" : 1.789214659685862E-4,
          "DATARATE_RX" : 8.94607329842931E-5
        }
      }
    },
    "interface-nodeB ( nodeB )" : { },
    "interface-nodeA ( nodeA )" : {
      "(clientPoolF, nodeE_c06, nodeE_c06)" : {
        "AppCoordinates {com.bbn, test-service2, 1}" : {
          "DATARATE_TX" : 1.1522641509433945E-4,
          "DATARATE_RX" : 5.761320754716972E-5
        },
        "AppCoordinates {com.bbn, test-service1, 1}" : {
          "DATARATE_TX" : 1.2860377358490542E-4,
          "DATARATE_RX" : 6.430188679245271E-5
        }
      },
      "(clientPoolF, nodeE_c05, nodeE_c05)" : {
        "AppCoordinates {com.bbn, test-service3, 1}" : {
          "DATARATE_TX" : 6.368600682593862E-5,
          "DATARATE_RX" : 3.184300341296931E-5
        }
      },
      "(clientPoolF, nodeE_c04, nodeE_c04)" : {
        "AppCoordinates {com.bbn, test-service3, 1}" : {
          "DATARATE_TX" : 7.367875647668396E-5,
          "DATARATE_RX" : 3.683937823834198E-5
        },
        "AppCoordinates {com.bbn, test-service1, 1}" : {
          "DATARATE_TX" : 4.656119402985071E-5,
          "DATARATE_RX" : 2.3280597014925355E-5
        }
      },
      "(clientPoolF, nodeE_c03, nodeE_c03)" : {
        "AppCoordinates {com.bbn, test-service3, 1}" : {
          "DATARATE_TX" : 9.529411764705884E-5,
          "DATARATE_RX" : 4.764705882352942E-5
        },
        "AppCoordinates {com.bbn, test-service1, 1}" : {
          "DATARATE_TX" : 9.571847507331345E-5,
          "DATARATE_RX" : 4.785923753665672E-5
        }
      },
      "(clientPoolF, nodeE_c02, nodeE_c02)" : {
        "AppCoordinates {com.bbn, test-service3, 1}" : {
          "DATARATE_TX" : 8.058064516129038E-5,
          "DATARATE_RX" : 4.029032258064519E-5
        }
      },
      "(clientPoolF, nodeE_c01, nodeE_c01)" : {
        "AppCoordinates {com.bbn, test-service2, 1}" : {
          "DATARATE_TX" : 1.0336363636363601E-4,
          "DATARATE_RX" : 5.168181818181801E-5
        }
      },
      "(clientPoolF, nodeE_c00, nodeE_c00)" : {
        "AppCoordinates {com.bbn, test-service1, 1}" : {
          "DATARATE_TX" : 1.1126495726495686E-4,
          "DATARATE_RX" : 5.563247863247843E-5
        }
      },
      "(clientPoolF, nodeE_c07, nodeE_c07)" : {
        "AppCoordinates {com.bbn, test-service2, 1}" : {
          "DATARATE_TX" : 1.0664984227129285E-4,
          "DATARATE_RX" : 5.3324921135646423E-5
        }
      }
    },
    "interface-nodeO ( nodeO )" : { },
    "interface-nodeL ( nodeL )" : { },
    "interface-nodeK ( nodeK )" : { }
  },
  "containerReports" : {
    "nodeF_c00" : {
      "containerName" : {
        "name" : "nodeF_c00"
      },
      "timestamp" : 205484,
      "service" : {
        "group" : "com.bbn",
        "artifact" : "test-service3",
        "version" : "1"
      },
      "serviceStatus" : "RUNNING",
      "demandEstimationWindow" : "LONG",
      "computeCapacity" : {
        "CPU" : 1.0,
        "TASK_CONTAINERS" : 100.0,
        "QueueLength" : 1000000.0
      },
      "computeLoad" : {
        "UNKNOWN" : {
          "QueueLength" : 54.0,
          "TASK_CONTAINERS" : 27.0
        }
      },
      "computeDemand" : {
        "UNKNOWN" : {
          "QueueLength" : 103.0360824742268,
          "TASK_CONTAINERS" : 52.0546875
        }
      },
      "averageProcessingTime" : 120000.0,
      "networkCapacity" : {
        "interface-nodeF ( nodeF )" : {
          "DATARATE_TX" : 100.0,
          "DATARATE_RX" : 100.0
        }
      },
      "networkLoad" : {
        "interface-nodeF ( nodeF )" : {
          "(clientPoolF, nodeF_c00, nodeF_c00)" : {
            "AppCoordinates {com.bbn, test-service3, 1}" : {
              "DATARATE_TX" : 1.0799999999999991E-4,
              "DATARATE_RX" : 5.399999999999996E-5
            }
          }
        }
      },
      "networkDemand" : {
        "interface-nodeF ( nodeF )" : {
          "(clientPoolF, nodeF_c00, nodeF_c00)" : {
            "AppCoordinates {com.bbn, test-service3, 1}" : {
              "DATARATE_TX" : 2.0930890052355957E-4,
              "DATARATE_RX" : 1.0465445026177978E-4
            }
          }
        }
      }
    },
    "nodeF_c01" : {
      "containerName" : {
        "name" : "nodeF_c01"
      },
      "timestamp" : 205485,
      "service" : {
        "group" : "com.bbn",
        "artifact" : "test-service3",
        "version" : "1"
      },
      "serviceStatus" : "RUNNING",
      "demandEstimationWindow" : "LONG",
      "computeCapacity" : {
        "CPU" : 1.0,
        "TASK_CONTAINERS" : 100.0,
        "QueueLength" : 1000000.0
      },
      "computeLoad" : {
        "UNKNOWN" : {
          "QueueLength" : 67.0,
          "TASK_CONTAINERS" : 33.5
        }
      },
      "computeDemand" : {
        "UNKNOWN" : {
          "QueueLength" : 61.95,
          "TASK_CONTAINERS" : 31.76923076923077
        }
      },
      "averageProcessingTime" : "NaN",
      "networkCapacity" : {
        "interface-nodeF ( nodeF )" : {
          "DATARATE_TX" : 100.0,
          "DATARATE_RX" : 100.0
        }
      },
      "networkLoad" : {
        "interface-nodeF ( nodeF )" : {
          "(clientPoolF, nodeF_c01, nodeF_c01)" : {
            "AppCoordinates {com.bbn, test-service3, 1}" : {
              "DATARATE_TX" : 1.3399999999999981E-4,
              "DATARATE_RX" : 6.699999999999991E-5
            }
          }
        }
      },
      "networkDemand" : {
        "interface-nodeF ( nodeF )" : {
          "(clientPoolF, nodeF_c01, nodeF_c01)" : {
            "AppCoordinates {com.bbn, test-service3, 1}" : {
              "DATARATE_TX" : 1.287272727272726E-4,
              "DATARATE_RX" : 6.43636363636363E-5
            }
          }
        }
      }
    }
  },
  "maximumServiceContainers" : 20,
  "allocatedServiceContainers" : 2,
  "computeDemand" : {
    "AppCoordinates {com.bbn, test-service3, 1}" : {
      "UNKNOWN" : {
        "QueueLength" : 164.9860824742268,
        "TASK_CONTAINERS" : 83.82391826923077
      }
    }
  },
  "containerNetworkLoad" : {
    "interface-nodeF ( nodeF )" : {
      "(clientPoolF, nodeF_c01, nodeF_c01)" : {
        "AppCoordinates {com.bbn, test-service3, 1}" : {
          "DATARATE_TX" : 1.3399999999999981E-4,
          "DATARATE_RX" : 6.699999999999991E-5
        }
      },
      "(clientPoolF, nodeF_c00, nodeF_c00)" : {
        "AppCoordinates {com.bbn, test-service3, 1}" : {
          "DATARATE_TX" : 1.0799999999999991E-4,
          "DATARATE_RX" : 5.399999999999996E-5
        }
      }
    }
  },
  "containerNetworkDemand" : {
    "interface-nodeF ( nodeF )" : {
      "(clientPoolF, nodeF_c01, nodeF_c01)" : {
        "AppCoordinates {com.bbn, test-service3, 1}" : {
          "DATARATE_TX" : 1.287272727272726E-4,
          "DATARATE_RX" : 6.43636363636363E-5
        }
      },
      "(clientPoolF, nodeF_c00, nodeF_c00)" : {
        "AppCoordinates {com.bbn, test-service3, 1}" : {
          "DATARATE_TX" : 2.0930890052355957E-4,
          "DATARATE_RX" : 1.0465445026177978E-4
        }
      }
    }
  },
  "computeLoad" : {
    "AppCoordinates {com.bbn, test-service3, 1}" : {
      "UNKNOWN" : {
        "QueueLength" : 121.0,
        "TASK_CONTAINERS" : 60.5
      }
    }
  },
  "availableServiceContainers" : 18,
  "averageProcessingTime" : {
    "AppCoordinates {com.bbn, test-service3, 1}" : 120000.0
  },
  "allocatedComputeCapacity" : {
    "CPU" : 2.0,
    "QueueLength" : 2000000.0,
    "TASK_CONTAINERS" : 200.0
  }
}