{
  "region" : {
    "name" : "A"
  },
  "minTimestamp" : 400498,
  "maxTimestamp" : 400498,
  "demandEstimationWindow" : "SHORT",
  "serverCapacity" : {
    "DISK" : 10.0,
    "MEMORY" : 8.0E9,
    "CPU" : 4.0,
    "TASK_CONTAINERS" : 20.0
  },
  "serverLoad" : {
    "AppCoordinates {com.bbn, test-service3, 1}" : {
      "unknown" : {
        "QueueLength" : 40.0,
        "TASK_CONTAINERS" : 20.0
      }
    }
  },
  "serverDemand" : {
    "AppCoordinates {com.bbn, test-service3, 1}" : {
      "unknown" : {
        "QueueLength" : 35.0,
        "TASK_CONTAINERS" : 17.5
      }
    }
  },
  "serverAverageProcessingTimeCount" : {
    "AppCoordinates {com.bbn, test-service3, 1}" : 1
  },
  "serverAverageProcessingTimeSum" : {
    "AppCoordinates {com.bbn, test-service3, 1}" : 120000.0
  },
  "networkCapacity" : {
    "E" : {
      "DATARATE_RX" : 100.0,
      "DATARATE_TX" : 100.0
    }
  },
  "networkLoad" : {
    "E" : {
      "(A, D, D)" : {
        "AppCoordinates {com.bbn, test-service3, 1}" : {
          "DATARATE_TX" : 5.419999999999996E-4,
          "DATARATE_RX" : 2.709999999999998E-4
        },
        "AppCoordinates {com.bbn, test-service2, 1}" : {
          "DATARATE_TX" : 1.379999999999998E-4,
          "DATARATE_RX" : 6.89999999999999E-5
        },
        "AppCoordinates {com.bbn, test-service1, 1}" : {
          "DATARATE_TX" : -3.049318610115481E-20,
          "DATARATE_RX" : -1.5246593050577406E-20
        }
      },
      "(A, E, E)" : {
        "AppCoordinates {com.bbn, test-service3, 1}" : {
          "DATARATE_TX" : 7.399999999999996E-5,
          "DATARATE_RX" : 3.699999999999998E-5
        }
      }
    }
  },
  "networkDemand" : {
    "E" : {
      "(A, D, D)" : {
        "AppCoordinates {com.bbn, test-service3, 1}" : {
          "DATARATE_TX" : 5.419999999999996E-4,
          "DATARATE_RX" : 2.709999999999998E-4
        },
        "AppCoordinates {com.bbn, test-service2, 1}" : {
          "DATARATE_TX" : 1.362857142857141E-4,
          "DATARATE_RX" : 6.814285714285706E-5
        },
        "AppCoordinates {com.bbn, test-service1, 1}" : {
          "DATARATE_TX" : -3.049318610115481E-20,
          "DATARATE_RX" : -1.5246593050577406E-20
        }
      },
      "(A, E, E)" : {
        "AppCoordinates {com.bbn, test-service3, 1}" : {
          "DATARATE_TX" : 7.399999999999994E-5,
          "DATARATE_RX" : 3.699999999999997E-5
        }
      }
    }
  },
  "maximumServiceContainers" : 20,
  "allocatedServiceContainers" : 1,
  "serverAverageProcessingTime" : {
    "AppCoordinates {com.bbn, test-service3, 1}" : 120000.0
  },
  "availableServiceContainers" : 19,
  "nullSummary" : false
}