{
  "region" : {
    "name" : "J"
  },
  "timestamp" : 153609,
  "servicePlan" : {
    "nodeJ" : [ {
      "id" : {
        "name" : "nodeJ_c00"
      },
      "service" : {
        "group" : "com.bbn",
        "artifact" : "test-service2",
        "version" : "1"
      },
      "weight" : 1.0,
      "stopTrafficTo" : false,
      "stop" : false
    } ]
  },
  "overflowPlan" : {
    "AppCoordinates {com.bbn, test-service2, 1}" : {
      "A" : 0.8248580156257266,
      "D" : 0.0,
      "J" : 0.17514198437427342
    },
    "AppCoordinates {com.bbn, test-service1, 1}" : {
      "A" : 1.0,
      "D" : 0.0,
      "J" : 0.0
    },
    "AppCoordinates {com.bbn, test-service3, 1}" : {
      "B" : 1.0,
      "J" : 0.0,
      "A" : 0.0,
      "D" : 0.0
    }
  }
}