{
  "AppCoordinates {com.bbn, test-service3, 1}" : {
    "serverDemand" : {
      "J" : {
        "QueueLength" : 13.541031929501221,
        "TASK_CONTAINERS" : 1.591541137386023
      },
      "K" : {
        "QueueLength" : 15.237794719958055,
        "TASK_CONTAINERS" : 1.7909696444198606
      },
      "L" : {
        "QueueLength" : 13.546635965374254,
        "TASK_CONTAINERS" : 1.5921998060660583
      }
    }
  },
  "AppCoordinates {com.bbn, test-service2, 1}" : {
    "serverDemand" : {
      "J" : {
        "QueueLength" : 3.412356770470399,
        "TASK_CONTAINERS" : 0.36553732763792696
      },
      "K" : {
        "QueueLength" : 2.7938190325429173,
        "TASK_CONTAINERS" : 0.2992785373139445
      },
      "L" : {
        "QueueLength" : 3.1013034213634154,
        "TASK_CONTAINERS" : 0.3322167759976833
      }
    }
  },
  "AppCoordinates {com.bbn, test-service1, 1}" : {
    "serverDemand" : {
      "J" : {
        "QueueLength" : 2.991828197161613,
        "TASK_CONTAINERS" : 0.29918281971616123
      },
      "K" : {
        "QueueLength" : 2.991828197161613,
        "TASK_CONTAINERS" : 0.29918281971616123
      },
      "L" : {
        "QueueLength" : 3.9886427746518436,
        "TASK_CONTAINERS" : 0.39886427746518427
      }
    }
  }
}