{
  "nodeName" : {
    "name" : "nodeD"
  },
  "timestamp" : 144488,
  "demandEstimationWindow" : "SHORT",
  "nodeComputeCapacity" : {
    "CPU" : 4.0,
    "MEMORY" : 8.0E9,
    "DISK" : 10.0,
    "TASK_CONTAINERS" : 20.0
  },
  "networkCapacity" : {
    "interface-nodeE ( nodeE )" : {
      "DATARATE_RX" : 100.0,
      "DATARATE_TX" : 100.0
    },
    "interface-nodeC ( nodeC )" : {
      "DATARATE_RX" : 100.0,
      "DATARATE_TX" : 100.0
    },
    "interface-nodeH ( nodeH )" : {
      "DATARATE_RX" : 100.0,
      "DATARATE_TX" : 100.0
    },
    "interface-nodeI ( nodeI )" : {
      "DATARATE_RX" : 100.0,
      "DATARATE_TX" : 100.0
    },
    "interface-nodeF ( nodeF )" : {
      "DATARATE_RX" : 100.0,
      "DATARATE_TX" : 100.0
    },
    "interface-nodeG ( nodeG )" : {
      "DATARATE_RX" : 100.0,
      "DATARATE_TX" : 100.0
    },
    "interface-nodeA ( nodeA )" : {
      "DATARATE_RX" : 100.0,
      "DATARATE_TX" : 100.0
    }
  },
  "networkLoad" : {
    "interface-nodeE ( nodeE )" : {
      "(clientPoolD, nodeE_c04, nodeE_c04)" : {
        "AppCoordinates {com.bbn, test-service3, 1}" : {
          "DATARATE_TX" : 7.799999999999997E-5,
          "DATARATE_RX" : 3.8999999999999986E-5
        },
        "AppCoordinates {com.bbn, test-service1, 1}" : {
          "DATARATE_TX" : -7.623296525288703E-21,
          "DATARATE_RX" : -3.8116482626443515E-21
        }
      },
      "(clientPoolD, nodeE_c03, nodeE_c03)" : {
        "AppCoordinates {com.bbn, test-service1, 1}" : {
          "DATARATE_TX" : 1.1999999999999985E-4,
          "DATARATE_RX" : 5.999999999999993E-5
        }
      },
      "(clientPoolD, nodeE_c02, nodeE_c02)" : {
        "AppCoordinates {com.bbn, test-service3, 1}" : {
          "DATARATE_TX" : 4.0E-5,
          "DATARATE_RX" : 2.0E-5
        }
      },
      "(clientPoolD, nodeE_c01, nodeE_c01)" : {
        "AppCoordinates {com.bbn, test-service2, 1}" : {
          "DATARATE_TX" : 1.2199999999999985E-4,
          "DATARATE_RX" : 6.0999999999999924E-5
        }
      },
      "(clientPoolD, nodeE_c00, nodeE_c00)" : {
        "AppCoordinates {com.bbn, test-service1, 1}" : {
          "DATARATE_TX" : 1.379999999999998E-4,
          "DATARATE_RX" : 6.89999999999999E-5
        }
      },
      "(clientPoolD, nodeE_c07, nodeE_c07)" : {
        "AppCoordinates {com.bbn, test-service2, 1}" : {
          "DATARATE_TX" : 1.419999999999998E-4,
          "DATARATE_RX" : 7.09999999999999E-5
        }
      },
      "(clientPoolD, nodeE_c06, nodeE_c06)" : {
        "AppCoordinates {com.bbn, test-service2, 1}" : {
          "DATARATE_TX" : 1.199999999999999E-5,
          "DATARATE_RX" : 5.999999999999995E-6
        }
      },
      "(clientPoolD, nodeE_c05, nodeE_c05)" : {
        "AppCoordinates {com.bbn, test-service3, 1}" : {
          "DATARATE_TX" : 6.8E-5,
          "DATARATE_RX" : 3.4E-5
        }
      }
    },
    "interface-nodeC ( nodeC )" : {
      "(clientPoolI, nodeC_c00, nodeC_c00)" : {
        "AppCoordinates {com.bbn, test-service2, 1}" : {
          "DATARATE_TX" : 2.0E-6,
          "DATARATE_RX" : 1.0E-6
        }
      },
      "(clientPoolD, nodeC_c00, nodeC_c00)" : {
        "AppCoordinates {com.bbn, test-service2, 1}" : {
          "DATARATE_TX" : 1.3999999999999998E-5,
          "DATARATE_RX" : 6.999999999999999E-6
        }
      }
    },
    "interface-nodeH ( nodeH )" : {
      "(clientPoolI, nodeH_c00, nodeH_c00)" : {
        "AppCoordinates {com.bbn, test-service2, 1}" : {
          "DATARATE_TX" : 4.0E-6,
          "DATARATE_RX" : 2.0E-6
        }
      },
      "(clientPoolG, nodeH_c00, nodeH_c00)" : {
        "AppCoordinates {com.bbn, test-service2, 1}" : {
          "DATARATE_TX" : 4.0E-6,
          "DATARATE_RX" : 2.0E-6
        }
      },
      "(clientPoolD, nodeH_c00, nodeH_c00)" : {
        "AppCoordinates {com.bbn, test-service2, 1}" : {
          "DATARATE_TX" : 6.0E-6,
          "DATARATE_RX" : 3.0E-6
        }
      }
    },
    "interface-nodeI ( nodeI )" : {
      "(nodeH_c00, clientPoolI, nodeH_c00)" : {
        "AppCoordinates {com.bbn, test-service2, 1}" : {
          "DATARATE_TX" : 2.0E-6,
          "DATARATE_RX" : 4.0E-6
        }
      },
      "(nodeD_c00, clientPoolI, nodeD_c00)" : {
        "AppCoordinates {com.bbn, test-service3, 1}" : {
          "DATARATE_TX" : 4.799999999999996E-5,
          "DATARATE_RX" : 9.599999999999992E-5
        }
      },
      "(nodeD_c01, clientPoolI, nodeD_c01)" : {
        "AppCoordinates {com.bbn, test-service2, 1}" : {
          "DATARATE_TX" : 1.2000000000000002E-5,
          "DATARATE_RX" : 2.4000000000000004E-5
        }
      },
      "(nodeD_c02, clientPoolI, nodeD_c02)" : {
        "AppCoordinates {com.bbn, test-service3, 1}" : {
          "DATARATE_TX" : 2.0000000000000005E-5,
          "DATARATE_RX" : 4.000000000000001E-5
        }
      },
      "(nodeC_c00, clientPoolI, nodeC_c00)" : {
        "AppCoordinates {com.bbn, test-service2, 1}" : {
          "DATARATE_TX" : 1.0E-6,
          "DATARATE_RX" : 2.0E-6
        }
      }
    },
    "interface-nodeF ( nodeF )" : { },
    "interface-nodeG ( nodeG )" : {
      "(nodeH_c00, clientPoolG, nodeH_c00)" : {
        "AppCoordinates {com.bbn, test-service2, 1}" : {
          "DATARATE_TX" : 2.0E-6,
          "DATARATE_RX" : 4.0E-6
        }
      },
      "(nodeD_c01, clientPoolG, nodeD_c01)" : {
        "AppCoordinates {com.bbn, test-service2, 1}" : {
          "DATARATE_TX" : 4.0E-6,
          "DATARATE_RX" : 8.0E-6
        }
      }
    },
    "interface-nodeA ( nodeA )" : { }
  },
  "networkDemand" : {
    "interface-nodeE ( nodeE )" : {
      "(clientPoolD, nodeE_c04, nodeE_c04)" : {
        "AppCoordinates {com.bbn, test-service3, 1}" : {
          "DATARATE_TX" : 7.799999999999996E-5,
          "DATARATE_RX" : 3.899999999999998E-5
        },
        "AppCoordinates {com.bbn, test-service1, 1}" : {
          "DATARATE_TX" : -7.623296525288703E-21,
          "DATARATE_RX" : -3.8116482626443515E-21
        }
      },
      "(clientPoolD, nodeE_c03, nodeE_c03)" : {
        "AppCoordinates {com.bbn, test-service1, 1}" : {
          "DATARATE_TX" : 1.1999999999999987E-4,
          "DATARATE_RX" : 5.9999999999999934E-5
        }
      },
      "(clientPoolD, nodeE_c02, nodeE_c02)" : {
        "AppCoordinates {com.bbn, test-service3, 1}" : {
          "DATARATE_TX" : 4.0E-5,
          "DATARATE_RX" : 2.0E-5
        }
      },
      "(clientPoolD, nodeE_c01, nodeE_c01)" : {
        "AppCoordinates {com.bbn, test-service2, 1}" : {
          "DATARATE_TX" : 1.2199999999999983E-4,
          "DATARATE_RX" : 6.099999999999992E-5
        }
      },
      "(clientPoolD, nodeE_c00, nodeE_c00)" : {
        "AppCoordinates {com.bbn, test-service1, 1}" : {
          "DATARATE_TX" : 1.379999999999998E-4,
          "DATARATE_RX" : 6.89999999999999E-5
        }
      },
      "(clientPoolD, nodeE_c07, nodeE_c07)" : {
        "AppCoordinates {com.bbn, test-service2, 1}" : {
          "DATARATE_TX" : 1.419999999999998E-4,
          "DATARATE_RX" : 7.09999999999999E-5
        }
      },
      "(clientPoolD, nodeE_c06, nodeE_c06)" : {
        "AppCoordinates {com.bbn, test-service2, 1}" : {
          "DATARATE_TX" : 1.1999999999999992E-5,
          "DATARATE_RX" : 5.999999999999996E-6
        }
      },
      "(clientPoolD, nodeE_c05, nodeE_c05)" : {
        "AppCoordinates {com.bbn, test-service3, 1}" : {
          "DATARATE_TX" : 6.800000000000001E-5,
          "DATARATE_RX" : 3.4000000000000007E-5
        }
      }
    },
    "interface-nodeC ( nodeC )" : {
      "(clientPoolI, nodeC_c00, nodeC_c00)" : {
        "AppCoordinates {com.bbn, test-service2, 1}" : {
          "DATARATE_TX" : 2.0E-6,
          "DATARATE_RX" : 1.0E-6
        }
      },
      "(clientPoolD, nodeC_c00, nodeC_c00)" : {
        "AppCoordinates {com.bbn, test-service2, 1}" : {
          "DATARATE_TX" : 1.4E-5,
          "DATARATE_RX" : 7.0E-6
        }
      }
    },
    "interface-nodeA ( nodeA )" : { },
    "interface-nodeI ( nodeI )" : {
      "(nodeH_c00, clientPoolI, nodeH_c00)" : {
        "AppCoordinates {com.bbn, test-service2, 1}" : {
          "DATARATE_TX" : 2.0E-6,
          "DATARATE_RX" : 4.0E-6
        }
      },
      "(nodeD_c00, clientPoolI, nodeD_c00)" : {
        "AppCoordinates {com.bbn, test-service3, 1}" : {
          "DATARATE_TX" : 4.799999999999997E-5,
          "DATARATE_RX" : 9.599999999999993E-5
        }
      },
      "(nodeD_c01, clientPoolI, nodeD_c01)" : {
        "AppCoordinates {com.bbn, test-service2, 1}" : {
          "DATARATE_TX" : 1.2000000000000002E-5,
          "DATARATE_RX" : 2.4000000000000004E-5
        }
      },
      "(nodeD_c02, clientPoolI, nodeD_c02)" : {
        "AppCoordinates {com.bbn, test-service3, 1}" : {
          "DATARATE_TX" : 2.0E-5,
          "DATARATE_RX" : 4.0E-5
        }
      },
      "(nodeC_c00, clientPoolI, nodeC_c00)" : {
        "AppCoordinates {com.bbn, test-service2, 1}" : {
          "DATARATE_TX" : 1.0E-6,
          "DATARATE_RX" : 2.0E-6
        }
      }
    },
    "interface-nodeH ( nodeH )" : {
      "(clientPoolI, nodeH_c00, nodeH_c00)" : {
        "AppCoordinates {com.bbn, test-service2, 1}" : {
          "DATARATE_TX" : 4.0E-6,
          "DATARATE_RX" : 2.0E-6
        }
      },
      "(clientPoolG, nodeH_c00, nodeH_c00)" : {
        "AppCoordinates {com.bbn, test-service2, 1}" : {
          "DATARATE_TX" : 4.0E-6,
          "DATARATE_RX" : 2.0E-6
        }
      },
      "(clientPoolD, nodeH_c00, nodeH_c00)" : {
        "AppCoordinates {com.bbn, test-service2, 1}" : {
          "DATARATE_TX" : 6.0E-6,
          "DATARATE_RX" : 3.0E-6
        }
      }
    },
    "interface-nodeG ( nodeG )" : {
      "(nodeH_c00, clientPoolG, nodeH_c00)" : {
        "AppCoordinates {com.bbn, test-service2, 1}" : {
          "DATARATE_TX" : 2.0E-6,
          "DATARATE_RX" : 4.0E-6
        }
      },
      "(nodeD_c01, clientPoolG, nodeD_c01)" : {
        "AppCoordinates {com.bbn, test-service2, 1}" : {
          "DATARATE_TX" : 4.0E-6,
          "DATARATE_RX" : 8.0E-6
        }
      }
    },
    "interface-nodeF ( nodeF )" : { }
  },
  "containerReports" : {
    "nodeD_c00" : {
      "containerName" : {
        "name" : "nodeD_c00"
      },
      "timestamp" : 144488,
      "service" : {
        "group" : "com.bbn",
        "artifact" : "test-service3",
        "version" : "1"
      },
      "serviceStatus" : "RUNNING",
      "demandEstimationWindow" : "SHORT",
      "computeCapacity" : {
        "CPU" : 1.0,
        "TASK_CONTAINERS" : 100.0,
        "QueueLength" : 1000000.0
      },
      "computeLoad" : {
        "UNKNOWN" : {
          "QueueLength" : 200.0,
          "TASK_CONTAINERS" : 100.0
        }
      },
      "computeDemand" : {
        "UNKNOWN" : {
          "QueueLength" : 171.42857142857142,
          "TASK_CONTAINERS" : 85.71428571428571
        }
      },
      "averageProcessingTime" : "NaN",
      "networkCapacity" : {
        "interface-nodeD ( nodeD )" : {
          "DATARATE_TX" : 100.0,
          "DATARATE_RX" : 100.0
        }
      },
      "networkLoad" : {
        "interface-nodeD ( nodeD )" : {
          "(clientPoolI, nodeD_c00, nodeD_c00)" : {
            "AppCoordinates {com.bbn, test-service3, 1}" : {
              "DATARATE_TX" : 1.7999999999999969E-4,
              "DATARATE_RX" : 8.999999999999984E-5
            }
          },
          "(clientPoolD, nodeD_c00, nodeD_c00)" : {
            "AppCoordinates {com.bbn, test-service3, 1}" : {
              "DATARATE_TX" : 5.099999999999994E-4,
              "DATARATE_RX" : 2.549999999999997E-4
            }
          }
        }
      },
      "networkDemand" : {
        "interface-nodeD ( nodeD )" : {
          "(clientPoolI, nodeD_c00, nodeD_c00)" : {
            "AppCoordinates {com.bbn, test-service3, 1}" : {
              "DATARATE_TX" : 1.7999999999999969E-4,
              "DATARATE_RX" : 8.999999999999984E-5
            }
          },
          "(clientPoolD, nodeD_c00, nodeD_c00)" : {
            "AppCoordinates {com.bbn, test-service3, 1}" : {
              "DATARATE_TX" : 5.099999999999993E-4,
              "DATARATE_RX" : 2.5499999999999964E-4
            }
          }
        }
      }
    },
    "nodeD_c01" : {
      "containerName" : {
        "name" : "nodeD_c01"
      },
      "timestamp" : 144489,
      "service" : {
        "group" : "com.bbn",
        "artifact" : "test-service2",
        "version" : "1"
      },
      "serviceStatus" : "RUNNING",
      "demandEstimationWindow" : "SHORT",
      "computeCapacity" : {
        "CPU" : 1.0,
        "TASK_CONTAINERS" : 100.0,
        "QueueLength" : 1000000.0
      },
      "computeLoad" : {
        "UNKNOWN" : {
          "QueueLength" : 51.0,
          "TASK_CONTAINERS" : 25.5
        }
      },
      "computeDemand" : {
        "UNKNOWN" : {
          "QueueLength" : 43.714285714285715,
          "TASK_CONTAINERS" : 21.857142857142858
        }
      },
      "averageProcessingTime" : "NaN",
      "networkCapacity" : {
        "interface-nodeD ( nodeD )" : {
          "DATARATE_TX" : 100.0,
          "DATARATE_RX" : 100.0
        }
      },
      "networkLoad" : {
        "interface-nodeD ( nodeD )" : {
          "(clientPoolI, nodeD_c01, nodeD_c01)" : {
            "AppCoordinates {com.bbn, test-service2, 1}" : {
              "DATARATE_TX" : 2.4000000000000004E-5,
              "DATARATE_RX" : 1.2000000000000002E-5
            }
          },
          "(clientPoolG, nodeD_c01, nodeD_c01)" : {
            "AppCoordinates {com.bbn, test-service2, 1}" : {
              "DATARATE_TX" : 8.0E-6,
              "DATARATE_RX" : 4.0E-6
            }
          },
          "(clientPoolD, nodeD_c01, nodeD_c01)" : {
            "AppCoordinates {com.bbn, test-service2, 1}" : {
              "DATARATE_TX" : 7.0E-5,
              "DATARATE_RX" : 3.5E-5
            }
          }
        }
      },
      "networkDemand" : {
        "interface-nodeD ( nodeD )" : {
          "(clientPoolI, nodeD_c01, nodeD_c01)" : {
            "AppCoordinates {com.bbn, test-service2, 1}" : {
              "DATARATE_TX" : 2.4000000000000004E-5,
              "DATARATE_RX" : 1.2000000000000002E-5
            }
          },
          "(clientPoolG, nodeD_c01, nodeD_c01)" : {
            "AppCoordinates {com.bbn, test-service2, 1}" : {
              "DATARATE_TX" : 8.0E-6,
              "DATARATE_RX" : 4.0E-6
            }
          },
          "(clientPoolD, nodeD_c01, nodeD_c01)" : {
            "AppCoordinates {com.bbn, test-service2, 1}" : {
              "DATARATE_TX" : 6.999999999999998E-5,
              "DATARATE_RX" : 3.499999999999999E-5
            }
          }
        }
      }
    },
    "nodeD_c02" : {
      "containerName" : {
        "name" : "nodeD_c02"
      },
      "timestamp" : 144489,
      "service" : {
        "group" : "com.bbn",
        "artifact" : "test-service3",
        "version" : "1"
      },
      "serviceStatus" : "RUNNING",
      "demandEstimationWindow" : "SHORT",
      "computeCapacity" : {
        "CPU" : 1.0,
        "TASK_CONTAINERS" : 100.0,
        "QueueLength" : 1000000.0
      },
      "computeLoad" : {
        "UNKNOWN" : {
          "QueueLength" : 63.0,
          "TASK_CONTAINERS" : 31.5
        }
      },
      "computeDemand" : {
        "UNKNOWN" : {
          "QueueLength" : 55.125,
          "TASK_CONTAINERS" : 27.5625
        }
      },
      "averageProcessingTime" : "NaN",
      "networkCapacity" : {
        "interface-nodeD ( nodeD )" : {
          "DATARATE_TX" : 100.0,
          "DATARATE_RX" : 100.0
        }
      },
      "networkLoad" : {
        "interface-nodeD ( nodeD )" : {
          "(clientPoolI, nodeD_c02, nodeD_c02)" : {
            "AppCoordinates {com.bbn, test-service3, 1}" : {
              "DATARATE_TX" : 4.000000000000001E-5,
              "DATARATE_RX" : 2.0000000000000005E-5
            }
          },
          "(clientPoolD, nodeD_c02, nodeD_c02)" : {
            "AppCoordinates {com.bbn, test-service3, 1}" : {
              "DATARATE_TX" : 8.599999999999995E-5,
              "DATARATE_RX" : 4.2999999999999975E-5
            }
          }
        }
      },
      "networkDemand" : {
        "interface-nodeD ( nodeD )" : {
          "(clientPoolI, nodeD_c02, nodeD_c02)" : {
            "AppCoordinates {com.bbn, test-service3, 1}" : {
              "DATARATE_TX" : 4.0E-5,
              "DATARATE_RX" : 2.0E-5
            }
          },
          "(clientPoolD, nodeD_c02, nodeD_c02)" : {
            "AppCoordinates {com.bbn, test-service3, 1}" : {
              "DATARATE_TX" : 8.599999999999994E-5,
              "DATARATE_RX" : 4.299999999999997E-5
            }
          }
        }
      }
    }
  },
  "maximumServiceContainers" : 20,
  "allocatedServiceContainers" : 3,
  "computeDemand" : {
    "AppCoordinates {com.bbn, test-service3, 1}" : {
      "UNKNOWN" : {
        "QueueLength" : 226.55357142857142,
        "TASK_CONTAINERS" : 113.27678571428571
      }
    },
    "AppCoordinates {com.bbn, test-service2, 1}" : {
      "UNKNOWN" : {
        "QueueLength" : 43.714285714285715,
        "TASK_CONTAINERS" : 21.857142857142858
      }
    }
  },
  "containerNetworkLoad" : {
    "interface-nodeD ( nodeD )" : {
      "(clientPoolI, nodeD_c00, nodeD_c00)" : {
        "AppCoordinates {com.bbn, test-service3, 1}" : {
          "DATARATE_TX" : 1.7999999999999969E-4,
          "DATARATE_RX" : 8.999999999999984E-5
        }
      },
      "(clientPoolI, nodeD_c02, nodeD_c02)" : {
        "AppCoordinates {com.bbn, test-service3, 1}" : {
          "DATARATE_TX" : 4.000000000000001E-5,
          "DATARATE_RX" : 2.0000000000000005E-5
        }
      },
      "(clientPoolI, nodeD_c01, nodeD_c01)" : {
        "AppCoordinates {com.bbn, test-service2, 1}" : {
          "DATARATE_TX" : 2.4000000000000004E-5,
          "DATARATE_RX" : 1.2000000000000002E-5
        }
      },
      "(clientPoolG, nodeD_c01, nodeD_c01)" : {
        "AppCoordinates {com.bbn, test-service2, 1}" : {
          "DATARATE_TX" : 8.0E-6,
          "DATARATE_RX" : 4.0E-6
        }
      },
      "(clientPoolD, nodeD_c01, nodeD_c01)" : {
        "AppCoordinates {com.bbn, test-service2, 1}" : {
          "DATARATE_TX" : 7.0E-5,
          "DATARATE_RX" : 3.5E-5
        }
      },
      "(clientPoolD, nodeD_c00, nodeD_c00)" : {
        "AppCoordinates {com.bbn, test-service3, 1}" : {
          "DATARATE_TX" : 5.099999999999994E-4,
          "DATARATE_RX" : 2.549999999999997E-4
        }
      },
      "(clientPoolD, nodeD_c02, nodeD_c02)" : {
        "AppCoordinates {com.bbn, test-service3, 1}" : {
          "DATARATE_TX" : 8.599999999999995E-5,
          "DATARATE_RX" : 4.2999999999999975E-5
        }
      }
    }
  },
  "containerNetworkDemand" : {
    "interface-nodeD ( nodeD )" : {
      "(clientPoolI, nodeD_c00, nodeD_c00)" : {
        "AppCoordinates {com.bbn, test-service3, 1}" : {
          "DATARATE_TX" : 1.7999999999999969E-4,
          "DATARATE_RX" : 8.999999999999984E-5
        }
      },
      "(clientPoolI, nodeD_c02, nodeD_c02)" : {
        "AppCoordinates {com.bbn, test-service3, 1}" : {
          "DATARATE_TX" : 4.0E-5,
          "DATARATE_RX" : 2.0E-5
        }
      },
      "(clientPoolI, nodeD_c01, nodeD_c01)" : {
        "AppCoordinates {com.bbn, test-service2, 1}" : {
          "DATARATE_TX" : 2.4000000000000004E-5,
          "DATARATE_RX" : 1.2000000000000002E-5
        }
      },
      "(clientPoolG, nodeD_c01, nodeD_c01)" : {
        "AppCoordinates {com.bbn, test-service2, 1}" : {
          "DATARATE_TX" : 8.0E-6,
          "DATARATE_RX" : 4.0E-6
        }
      },
      "(clientPoolD, nodeD_c01, nodeD_c01)" : {
        "AppCoordinates {com.bbn, test-service2, 1}" : {
          "DATARATE_TX" : 6.999999999999998E-5,
          "DATARATE_RX" : 3.499999999999999E-5
        }
      },
      "(clientPoolD, nodeD_c00, nodeD_c00)" : {
        "AppCoordinates {com.bbn, test-service3, 1}" : {
          "DATARATE_TX" : 5.099999999999993E-4,
          "DATARATE_RX" : 2.5499999999999964E-4
        }
      },
      "(clientPoolD, nodeD_c02, nodeD_c02)" : {
        "AppCoordinates {com.bbn, test-service3, 1}" : {
          "DATARATE_TX" : 8.599999999999994E-5,
          "DATARATE_RX" : 4.299999999999997E-5
        }
      }
    }
  },
  "computeLoad" : {
    "AppCoordinates {com.bbn, test-service3, 1}" : {
      "UNKNOWN" : {
        "QueueLength" : 263.0,
        "TASK_CONTAINERS" : 131.5
      }
    },
    "AppCoordinates {com.bbn, test-service2, 1}" : {
      "UNKNOWN" : {
        "QueueLength" : 51.0,
        "TASK_CONTAINERS" : 25.5
      }
    }
  },
  "availableServiceContainers" : 17,
  "averageProcessingTime" : { },
  "allocatedComputeCapacity" : {
    "CPU" : 3.0,
    "QueueLength" : 3000000.0,
    "TASK_CONTAINERS" : 300.0
  }
}