{
  "region" : {
    "name" : "B"
  },
  "nodeResourceReports" : [ {
    "nodeName" : {
      "name" : "nodeB"
    },
    "timestamp" : 272996,
    "demandEstimationWindow" : "SHORT",
    "nodeComputeCapacity" : {
      "CPU" : 4.0,
      "MEMORY" : 8.0E9,
      "DISK" : 10.0,
      "TASK_CONTAINERS" : 20.0
    },
    "networkCapacity" : {
      "interface-nodeE ( nodeE )" : {
        "DATARATE_RX" : 100.0,
        "DATARATE_TX" : 100.0
      },
      "interface-nodeC ( nodeC )" : {
        "DATARATE_RX" : 100.0,
        "DATARATE_TX" : 100.0
      }
    },
    "networkLoad" : {
      "interface-nodeE ( nodeE )" : { },
      "interface-nodeC ( nodeC )" : {
        "(clientPoolB, nodeC_c07, nodeC_c07)" : {
          "AppCoordinates {com.bbn, test-service3, 1}" : {
            "DATARATE_TX" : 1.4999999999999977E-4,
            "DATARATE_RX" : 7.499999999999989E-5
          },
          "AppCoordinates {com.bbn, test-service2, 1}" : {
            "DATARATE_TX" : -7.623296525288703E-21,
            "DATARATE_RX" : -3.8116482626443515E-21
          }
        },
        "(clientPoolB, nodeC_c06, nodeC_c06)" : {
          "AppCoordinates {com.bbn, test-service2, 1}" : {
            "DATARATE_TX" : 1.3199999999999982E-4,
            "DATARATE_RX" : 6.599999999999991E-5
          }
        },
        "(clientPoolB, nodeC_c05, nodeC_c05)" : {
          "AppCoordinates {com.bbn, test-service3, 1}" : {
            "DATARATE_TX" : 1.2199999999999985E-4,
            "DATARATE_RX" : 6.0999999999999924E-5
          }
        },
        "(clientPoolB, nodeC_c00, nodeC_c00)" : {
          "AppCoordinates {com.bbn, test-service3, 1}" : {
            "DATARATE_TX" : 1.1999999999999985E-4,
            "DATARATE_RX" : 5.999999999999993E-5
          },
          "AppCoordinates {com.bbn, test-service1, 1}" : {
            "DATARATE_TX" : -7.623296525288703E-21,
            "DATARATE_RX" : -3.8116482626443515E-21
          }
        },
        "(clientPoolB, nodeC_c04, nodeC_c04)" : {
          "AppCoordinates {com.bbn, test-service3, 1}" : {
            "DATARATE_TX" : 1.2599999999999984E-4,
            "DATARATE_RX" : 6.299999999999992E-5
          },
          "AppCoordinates {com.bbn, test-service1, 1}" : {
            "DATARATE_TX" : -7.623296525288703E-21,
            "DATARATE_RX" : -3.8116482626443515E-21
          }
        },
        "(clientPoolB, nodeC_c03, nodeC_c03)" : {
          "AppCoordinates {com.bbn, test-service1, 1}" : {
            "DATARATE_TX" : 1.3199999999999982E-4,
            "DATARATE_RX" : 6.599999999999991E-5
          }
        },
        "(clientPoolB, nodeC_c02, nodeC_c02)" : {
          "AppCoordinates {com.bbn, test-service3, 1}" : {
            "DATARATE_TX" : -7.623296525288703E-21,
            "DATARATE_RX" : -3.8116482626443515E-21
          }
        },
        "(clientPoolB, nodeC_c01, nodeC_c01)" : {
          "AppCoordinates {com.bbn, test-service3, 1}" : {
            "DATARATE_TX" : 1.3399999999999981E-4,
            "DATARATE_RX" : 6.699999999999991E-5
          },
          "AppCoordinates {com.bbn, test-service2, 1}" : {
            "DATARATE_TX" : -7.623296525288703E-21,
            "DATARATE_RX" : -3.8116482626443515E-21
          }
        }
      }
    },
    "networkDemand" : {
      "interface-nodeE ( nodeE )" : { },
      "interface-nodeC ( nodeC )" : {
        "(clientPoolB, nodeC_c07, nodeC_c07)" : {
          "AppCoordinates {com.bbn, test-service3, 1}" : {
            "DATARATE_TX" : 1.4999999999999977E-4,
            "DATARATE_RX" : 7.499999999999989E-5
          },
          "AppCoordinates {com.bbn, test-service2, 1}" : {
            "DATARATE_TX" : -7.623296525288703E-21,
            "DATARATE_RX" : -3.8116482626443515E-21
          }
        },
        "(clientPoolB, nodeC_c06, nodeC_c06)" : {
          "AppCoordinates {com.bbn, test-service2, 1}" : {
            "DATARATE_TX" : 1.3199999999999982E-4,
            "DATARATE_RX" : 6.599999999999991E-5
          }
        },
        "(clientPoolB, nodeC_c05, nodeC_c05)" : {
          "AppCoordinates {com.bbn, test-service3, 1}" : {
            "DATARATE_TX" : 1.2199999999999983E-4,
            "DATARATE_RX" : 6.099999999999992E-5
          }
        },
        "(clientPoolB, nodeC_c00, nodeC_c00)" : {
          "AppCoordinates {com.bbn, test-service3, 1}" : {
            "DATARATE_TX" : 1.1999999999999987E-4,
            "DATARATE_RX" : 5.9999999999999934E-5
          },
          "AppCoordinates {com.bbn, test-service1, 1}" : {
            "DATARATE_TX" : -7.623296525288703E-21,
            "DATARATE_RX" : -3.8116482626443515E-21
          }
        },
        "(clientPoolB, nodeC_c04, nodeC_c04)" : {
          "AppCoordinates {com.bbn, test-service3, 1}" : {
            "DATARATE_TX" : 1.2599999999999984E-4,
            "DATARATE_RX" : 6.299999999999992E-5
          },
          "AppCoordinates {com.bbn, test-service1, 1}" : {
            "DATARATE_TX" : -7.623296525288703E-21,
            "DATARATE_RX" : -3.8116482626443515E-21
          }
        },
        "(clientPoolB, nodeC_c03, nodeC_c03)" : {
          "AppCoordinates {com.bbn, test-service1, 1}" : {
            "DATARATE_TX" : 9.199999999999989E-5,
            "DATARATE_RX" : 4.5999999999999946E-5
          }
        },
        "(clientPoolB, nodeC_c02, nodeC_c02)" : {
          "AppCoordinates {com.bbn, test-service3, 1}" : {
            "DATARATE_TX" : -7.623296525288703E-21,
            "DATARATE_RX" : -3.8116482626443515E-21
          }
        },
        "(clientPoolB, nodeC_c01, nodeC_c01)" : {
          "AppCoordinates {com.bbn, test-service3, 1}" : {
            "DATARATE_TX" : 1.3399999999999981E-4,
            "DATARATE_RX" : 6.699999999999991E-5
          },
          "AppCoordinates {com.bbn, test-service2, 1}" : {
            "DATARATE_TX" : -7.623296525288703E-21,
            "DATARATE_RX" : -3.8116482626443515E-21
          }
        }
      }
    },
    "containerReports" : {
      "nodeB_c00" : {
        "containerName" : {
          "name" : "nodeB_c00"
        },
        "timestamp" : 272996,
        "service" : {
          "group" : "com.bbn",
          "artifact" : "test-service3",
          "version" : "1"
        },
        "serviceStatus" : "RUNNING",
        "demandEstimationWindow" : "SHORT",
        "computeCapacity" : {
          "CPU" : 1.0,
          "TASK_CONTAINERS" : 100.0,
          "QueueLength" : 1000000.0
        },
        "computeLoad" : {
          "UNKNOWN" : {
            "QueueLength" : 28.0,
            "TASK_CONTAINERS" : 14.0
          }
        },
        "computeDemand" : {
          "UNKNOWN" : {
            "QueueLength" : 24.5,
            "TASK_CONTAINERS" : 12.25
          }
        },
        "averageProcessingTime" : 120000.0,
        "networkCapacity" : {
          "interface-nodeB ( nodeB )" : {
            "DATARATE_TX" : 100.0,
            "DATARATE_RX" : 100.0
          }
        },
        "networkLoad" : {
          "interface-nodeB ( nodeB )" : {
            "(clientPoolB, nodeB_c00, nodeB_c00)" : {
              "AppCoordinates {com.bbn, test-service3, 1}" : {
                "DATARATE_TX" : 5.600000000000004E-5,
                "DATARATE_RX" : 2.800000000000002E-5
              }
            }
          }
        },
        "networkDemand" : {
          "interface-nodeB ( nodeB )" : {
            "(clientPoolB, nodeB_c00, nodeB_c00)" : {
              "AppCoordinates {com.bbn, test-service3, 1}" : {
                "DATARATE_TX" : 5.6000000000000047E-5,
                "DATARATE_RX" : 2.8000000000000023E-5
              }
            }
          }
        }
      }
    },
    "maximumServiceContainers" : 20,
    "allocatedServiceContainers" : 1,
    "computeDemand" : {
      "AppCoordinates {com.bbn, test-service3, 1}" : {
        "UNKNOWN" : {
          "QueueLength" : 24.5,
          "TASK_CONTAINERS" : 12.25
        }
      }
    },
    "containerNetworkLoad" : {
      "interface-nodeB ( nodeB )" : {
        "(clientPoolB, nodeB_c00, nodeB_c00)" : {
          "AppCoordinates {com.bbn, test-service3, 1}" : {
            "DATARATE_TX" : 5.600000000000004E-5,
            "DATARATE_RX" : 2.800000000000002E-5
          }
        }
      }
    },
    "containerNetworkDemand" : {
      "interface-nodeB ( nodeB )" : {
        "(clientPoolB, nodeB_c00, nodeB_c00)" : {
          "AppCoordinates {com.bbn, test-service3, 1}" : {
            "DATARATE_TX" : 5.6000000000000047E-5,
            "DATARATE_RX" : 2.8000000000000023E-5
          }
        }
      }
    },
    "computeLoad" : {
      "AppCoordinates {com.bbn, test-service3, 1}" : {
        "UNKNOWN" : {
          "QueueLength" : 28.0,
          "TASK_CONTAINERS" : 14.0
        }
      }
    },
    "allocatedComputeCapacity" : {
      "CPU" : 1.0,
      "QueueLength" : 1000000.0,
      "TASK_CONTAINERS" : 100.0
    },
    "averageProcessingTime" : {
      "AppCoordinates {com.bbn, test-service3, 1}" : 120000.0
    },
    "availableServiceContainers" : 19
  } ]
}