{
  "region" : {
    "name" : "G"
  },
  "timestamp" : 282771,
  "servicePlan" : {
    "nodeG" : [ {
      "id" : {
        "name" : "nodeG_c04"
      },
      "service" : {
        "group" : "com.bbn",
        "artifact" : "test-service3",
        "version" : "1"
      },
      "weight" : 1.0,
      "stopTrafficTo" : false,
      "stop" : false
    } ]
  },
  "overflowPlan" : {
    "AppCoordinates {com.bbn, test-service3, 1}" : {
      "E" : 0.9069590198134388,
      "H" : 0.0,
      "M" : 0.0,
      "G" : 0.09304098018656115
    },
    "AppCoordinates {com.bbn, test-service2, 1}" : {
      "E" : 1.0,
      "H" : 0.0,
      "M" : 0.0,
      "G" : 0.0
    },
    "AppCoordinates {com.bbn, test-service1, 1}" : {
      "E" : 1.0,
      "H" : 0.0,
      "M" : 0.0,
      "G" : 0.0
    }
  }
}