{
  "region" : {
    "name" : "A"
  },
  "timestamp" : 132747,
  "servicePlan" : { },
  "overflowPlan" : {
    "AppCoordinates {com.bbn, test-service3, 1}" : {
      "C" : 1.0,
      "A" : 0.0,
      "T" : 0.0,
      "G" : 0.0,
      "J" : 0.0
    },
    "AppCoordinates {com.bbn, test-service2, 1}" : {
      "C" : 1.0,
      "A" : 0.0,
      "T" : 0.0,
      "G" : 0.0,
      "J" : 0.0
    },
    "AppCoordinates {com.bbn, test-service1, 1}" : {
      "C" : 1.0,
      "A" : 0.0,
      "T" : 0.0,
      "G" : 0.0,
      "J" : 0.0
    }
  }
}