{
  "region" : {
    "name" : "C"
  },
  "nodeResourceReports" : [ {
    "nodeName" : {
      "name" : "nodeC"
    },
    "timestamp" : 101981,
    "demandEstimationWindow" : "SHORT",
    "nodeComputeCapacity" : {
      "CPU" : 8.0,
      "MEMORY" : 1.6E10,
      "DISK" : 10.0,
      "TASK_CONTAINERS" : 8.0
    },
    "networkCapacity" : {
      "interface-nodeE ( nodeE )" : {
        "DATARATE_RX" : 100.0,
        "DATARATE_TX" : 100.0
      },
      "interface-nodeB ( nodeB )" : {
        "DATARATE_RX" : 100.0,
        "DATARATE_TX" : 100.0
      },
      "interface-nodeI ( nodeI )" : {
        "DATARATE_RX" : 100.0,
        "DATARATE_TX" : 100.0
      },
      "interface-nodeF ( nodeF )" : {
        "DATARATE_RX" : 100.0,
        "DATARATE_TX" : 100.0
      },
      "interface-nodeG ( nodeG )" : {
        "DATARATE_RX" : 100.0,
        "DATARATE_TX" : 100.0
      },
      "interface-nodeL ( nodeL )" : {
        "DATARATE_RX" : 100.0,
        "DATARATE_TX" : 100.0
      },
      "interface-nodeJ ( nodeJ )" : {
        "DATARATE_RX" : 100.0,
        "DATARATE_TX" : 100.0
      },
      "interface-nodeA ( nodeA )" : {
        "DATARATE_RX" : 100.0,
        "DATARATE_TX" : 100.0
      },
      "interface-nodeN ( nodeN )" : {
        "DATARATE_RX" : 100.0,
        "DATARATE_TX" : 100.0
      },
      "interface-nodeO ( nodeO )" : {
        "DATARATE_RX" : 100.0,
        "DATARATE_TX" : 100.0
      }
    },
    "networkLoad" : {
      "interface-nodeE ( nodeE )" : { },
      "interface-nodeB ( nodeB )" : {
        "(nodeC_c06, clientPoolB, nodeC_c06)" : {
          "AppCoordinates {com.bbn, test-service2, 1}" : {
            "DATARATE_TX" : 6.599999999999991E-5,
            "DATARATE_RX" : 1.3199999999999982E-4
          }
        },
        "(nodeC_c07, clientPoolB, nodeC_c07)" : {
          "AppCoordinates {com.bbn, test-service2, 1}" : {
            "DATARATE_TX" : 8.999999999999984E-5,
            "DATARATE_RX" : 1.7999999999999969E-4
          }
        },
        "(nodeC_c04, clientPoolB, nodeC_c04)" : {
          "AppCoordinates {com.bbn, test-service1, 1}" : {
            "DATARATE_TX" : -3.8116482626443515E-21,
            "DATARATE_RX" : -7.623296525288703E-21
          }
        },
        "(nodeC_c05, clientPoolB, nodeC_c05)" : {
          "AppCoordinates {com.bbn, test-service3, 1}" : {
            "DATARATE_TX" : 6.79999999999999E-5,
            "DATARATE_RX" : 1.359999999999998E-4
          }
        },
        "(nodeC_c02, clientPoolB, nodeC_c02)" : {
          "AppCoordinates {com.bbn, test-service3, 1}" : {
            "DATARATE_TX" : 6.89999999999999E-5,
            "DATARATE_RX" : 1.379999999999998E-4
          }
        },
        "(nodeC_c03, clientPoolB, nodeC_c03)" : {
          "AppCoordinates {com.bbn, test-service1, 1}" : {
            "DATARATE_TX" : 6.79999999999999E-5,
            "DATARATE_RX" : 1.359999999999998E-4
          }
        },
        "(nodeC_c00, clientPoolB, nodeC_c00)" : {
          "AppCoordinates {com.bbn, test-service1, 1}" : {
            "DATARATE_TX" : 6.199999999999992E-5,
            "DATARATE_RX" : 1.2399999999999984E-4
          }
        },
        "(nodeC_c01, clientPoolB, nodeC_c01)" : {
          "AppCoordinates {com.bbn, test-service2, 1}" : {
            "DATARATE_TX" : 3.4E-5,
            "DATARATE_RX" : 6.8E-5
          }
        }
      },
      "interface-nodeI ( nodeI )" : { },
      "interface-nodeF ( nodeF )" : { },
      "interface-nodeG ( nodeG )" : { },
      "interface-nodeL ( nodeL )" : { },
      "interface-nodeJ ( nodeJ )" : {
        "(nodeC_c06, clientPoolJ, nodeC_c06)" : {
          "AppCoordinates {com.bbn, test-service2, 1}" : {
            "DATARATE_TX" : 6.499999999999991E-5,
            "DATARATE_RX" : 1.2999999999999983E-4
          }
        },
        "(nodeC_c07, clientPoolJ, nodeC_c07)" : {
          "AppCoordinates {com.bbn, test-service2, 1}" : {
            "DATARATE_TX" : 1.0099999999999981E-4,
            "DATARATE_RX" : 2.0199999999999962E-4
          }
        },
        "(nodeC_c04, clientPoolJ, nodeC_c04)" : {
          "AppCoordinates {com.bbn, test-service1, 1}" : {
            "DATARATE_TX" : -3.8116482626443515E-21,
            "DATARATE_RX" : -7.623296525288703E-21
          }
        },
        "(nodeC_c05, clientPoolJ, nodeC_c05)" : {
          "AppCoordinates {com.bbn, test-service3, 1}" : {
            "DATARATE_TX" : 6.399999999999992E-5,
            "DATARATE_RX" : 1.2799999999999983E-4
          }
        },
        "(nodeC_c02, clientPoolJ, nodeC_c02)" : {
          "AppCoordinates {com.bbn, test-service3, 1}" : {
            "DATARATE_TX" : 6.399999999999992E-5,
            "DATARATE_RX" : 1.2799999999999983E-4
          }
        },
        "(nodeC_c03, clientPoolJ, nodeC_c03)" : {
          "AppCoordinates {com.bbn, test-service1, 1}" : {
            "DATARATE_TX" : 6.599999999999991E-5,
            "DATARATE_RX" : 1.3199999999999982E-4
          }
        },
        "(nodeC_c00, clientPoolJ, nodeC_c00)" : {
          "AppCoordinates {com.bbn, test-service1, 1}" : {
            "DATARATE_TX" : 6.599999999999991E-5,
            "DATARATE_RX" : 1.3199999999999982E-4
          }
        },
        "(nodeC_c01, clientPoolJ, nodeC_c01)" : {
          "AppCoordinates {com.bbn, test-service2, 1}" : {
            "DATARATE_TX" : 3.4E-5,
            "DATARATE_RX" : 6.8E-5
          }
        }
      },
      "interface-nodeA ( nodeA )" : { },
      "interface-nodeN ( nodeN )" : { },
      "interface-nodeO ( nodeO )" : {
        "(nodeC_c03, clientPoolO, nodeC_c03)" : {
          "AppCoordinates {com.bbn, test-service1, 1}" : {
            "DATARATE_TX" : 6.599999999999991E-5,
            "DATARATE_RX" : 1.3199999999999982E-4
          }
        },
        "(nodeC_c04, clientPoolO, nodeC_c04)" : {
          "AppCoordinates {com.bbn, test-service1, 1}" : {
            "DATARATE_TX" : -3.8116482626443515E-21,
            "DATARATE_RX" : -7.623296525288703E-21
          }
        },
        "(nodeC_c01, clientPoolO, nodeC_c01)" : {
          "AppCoordinates {com.bbn, test-service2, 1}" : {
            "DATARATE_TX" : 3.5999999999999994E-5,
            "DATARATE_RX" : 7.199999999999999E-5
          }
        },
        "(nodeC_c02, clientPoolO, nodeC_c02)" : {
          "AppCoordinates {com.bbn, test-service3, 1}" : {
            "DATARATE_TX" : 6.699999999999991E-5,
            "DATARATE_RX" : 1.3399999999999981E-4
          }
        },
        "(nodeC_c00, clientPoolO, nodeC_c00)" : {
          "AppCoordinates {com.bbn, test-service1, 1}" : {
            "DATARATE_TX" : 7.19999999999999E-5,
            "DATARATE_RX" : 1.439999999999998E-4
          }
        },
        "(nodeC_c07, clientPoolO, nodeC_c07)" : {
          "AppCoordinates {com.bbn, test-service2, 1}" : {
            "DATARATE_TX" : 9.299999999999983E-5,
            "DATARATE_RX" : 1.8599999999999967E-4
          }
        },
        "(nodeC_c05, clientPoolO, nodeC_c05)" : {
          "AppCoordinates {com.bbn, test-service3, 1}" : {
            "DATARATE_TX" : 6.79999999999999E-5,
            "DATARATE_RX" : 1.359999999999998E-4
          }
        },
        "(nodeC_c06, clientPoolO, nodeC_c06)" : {
          "AppCoordinates {com.bbn, test-service2, 1}" : {
            "DATARATE_TX" : 6.89999999999999E-5,
            "DATARATE_RX" : 1.379999999999998E-4
          }
        }
      }
    },
    "networkDemand" : {
      "interface-nodeE ( nodeE )" : { },
      "interface-nodeB ( nodeB )" : {
        "(nodeC_c06, clientPoolB, nodeC_c06)" : {
          "AppCoordinates {com.bbn, test-service2, 1}" : {
            "DATARATE_TX" : 6.599999999999991E-5,
            "DATARATE_RX" : 1.3199999999999982E-4
          }
        },
        "(nodeC_c07, clientPoolB, nodeC_c07)" : {
          "AppCoordinates {com.bbn, test-service2, 1}" : {
            "DATARATE_TX" : 7.171428571428562E-5,
            "DATARATE_RX" : 1.4342857142857123E-4
          }
        },
        "(nodeC_c04, clientPoolB, nodeC_c04)" : {
          "AppCoordinates {com.bbn, test-service1, 1}" : {
            "DATARATE_TX" : 3.1428571428571395E-6,
            "DATARATE_RX" : 6.285714285714279E-6
          }
        },
        "(nodeC_c05, clientPoolB, nodeC_c05)" : {
          "AppCoordinates {com.bbn, test-service3, 1}" : {
            "DATARATE_TX" : 6.79999999999999E-5,
            "DATARATE_RX" : 1.359999999999998E-4
          }
        },
        "(nodeC_c02, clientPoolB, nodeC_c02)" : {
          "AppCoordinates {com.bbn, test-service3, 1}" : {
            "DATARATE_TX" : 6.89999999999999E-5,
            "DATARATE_RX" : 1.379999999999998E-4
          }
        },
        "(nodeC_c03, clientPoolB, nodeC_c03)" : {
          "AppCoordinates {com.bbn, test-service1, 1}" : {
            "DATARATE_TX" : 6.79999999999999E-5,
            "DATARATE_RX" : 1.359999999999998E-4
          }
        },
        "(nodeC_c00, clientPoolB, nodeC_c00)" : {
          "AppCoordinates {com.bbn, test-service1, 1}" : {
            "DATARATE_TX" : 6.199999999999992E-5,
            "DATARATE_RX" : 1.2399999999999984E-4
          }
        },
        "(nodeC_c01, clientPoolB, nodeC_c01)" : {
          "AppCoordinates {com.bbn, test-service2, 1}" : {
            "DATARATE_TX" : 4.857142857142853E-5,
            "DATARATE_RX" : 9.714285714285706E-5
          }
        }
      },
      "interface-nodeA ( nodeA )" : { },
      "interface-nodeO ( nodeO )" : {
        "(nodeC_c03, clientPoolO, nodeC_c03)" : {
          "AppCoordinates {com.bbn, test-service1, 1}" : {
            "DATARATE_TX" : 6.599999999999991E-5,
            "DATARATE_RX" : 1.3199999999999982E-4
          }
        },
        "(nodeC_c04, clientPoolO, nodeC_c04)" : {
          "AppCoordinates {com.bbn, test-service1, 1}" : {
            "DATARATE_TX" : 3.7142857142857112E-6,
            "DATARATE_RX" : 7.4285714285714224E-6
          }
        },
        "(nodeC_c01, clientPoolO, nodeC_c01)" : {
          "AppCoordinates {com.bbn, test-service2, 1}" : {
            "DATARATE_TX" : 4.8714285714285674E-5,
            "DATARATE_RX" : 9.742857142857135E-5
          }
        },
        "(nodeC_c02, clientPoolO, nodeC_c02)" : {
          "AppCoordinates {com.bbn, test-service3, 1}" : {
            "DATARATE_TX" : 6.699999999999991E-5,
            "DATARATE_RX" : 1.3399999999999981E-4
          }
        },
        "(nodeC_c00, clientPoolO, nodeC_c00)" : {
          "AppCoordinates {com.bbn, test-service1, 1}" : {
            "DATARATE_TX" : 7.19999999999999E-5,
            "DATARATE_RX" : 1.439999999999998E-4
          }
        },
        "(nodeC_c07, clientPoolO, nodeC_c07)" : {
          "AppCoordinates {com.bbn, test-service2, 1}" : {
            "DATARATE_TX" : 7.19999999999999E-5,
            "DATARATE_RX" : 1.439999999999998E-4
          }
        },
        "(nodeC_c05, clientPoolO, nodeC_c05)" : {
          "AppCoordinates {com.bbn, test-service3, 1}" : {
            "DATARATE_TX" : 6.79999999999999E-5,
            "DATARATE_RX" : 1.359999999999998E-4
          }
        },
        "(nodeC_c06, clientPoolO, nodeC_c06)" : {
          "AppCoordinates {com.bbn, test-service2, 1}" : {
            "DATARATE_TX" : 6.89999999999999E-5,
            "DATARATE_RX" : 1.379999999999998E-4
          }
        }
      },
      "interface-nodeN ( nodeN )" : { },
      "interface-nodeL ( nodeL )" : { },
      "interface-nodeJ ( nodeJ )" : {
        "(nodeC_c06, clientPoolJ, nodeC_c06)" : {
          "AppCoordinates {com.bbn, test-service2, 1}" : {
            "DATARATE_TX" : 6.514285714285705E-5,
            "DATARATE_RX" : 1.302857142857141E-4
          }
        },
        "(nodeC_c07, clientPoolJ, nodeC_c07)" : {
          "AppCoordinates {com.bbn, test-service2, 1}" : {
            "DATARATE_TX" : 7.985714285714272E-5,
            "DATARATE_RX" : 1.5971428571428544E-4
          }
        },
        "(nodeC_c04, clientPoolJ, nodeC_c04)" : {
          "AppCoordinates {com.bbn, test-service1, 1}" : {
            "DATARATE_TX" : 2.857142857142854E-6,
            "DATARATE_RX" : 5.714285714285708E-6
          }
        },
        "(nodeC_c05, clientPoolJ, nodeC_c05)" : {
          "AppCoordinates {com.bbn, test-service3, 1}" : {
            "DATARATE_TX" : 6.399999999999992E-5,
            "DATARATE_RX" : 1.2799999999999983E-4
          }
        },
        "(nodeC_c02, clientPoolJ, nodeC_c02)" : {
          "AppCoordinates {com.bbn, test-service3, 1}" : {
            "DATARATE_TX" : 6.399999999999992E-5,
            "DATARATE_RX" : 1.2799999999999983E-4
          }
        },
        "(nodeC_c03, clientPoolJ, nodeC_c03)" : {
          "AppCoordinates {com.bbn, test-service1, 1}" : {
            "DATARATE_TX" : 6.599999999999991E-5,
            "DATARATE_RX" : 1.3199999999999982E-4
          }
        },
        "(nodeC_c00, clientPoolJ, nodeC_c00)" : {
          "AppCoordinates {com.bbn, test-service1, 1}" : {
            "DATARATE_TX" : 6.599999999999991E-5,
            "DATARATE_RX" : 1.3199999999999982E-4
          }
        },
        "(nodeC_c01, clientPoolJ, nodeC_c01)" : {
          "AppCoordinates {com.bbn, test-service2, 1}" : {
            "DATARATE_TX" : 4.7571428571428524E-5,
            "DATARATE_RX" : 9.514285714285705E-5
          }
        }
      },
      "interface-nodeI ( nodeI )" : { },
      "interface-nodeG ( nodeG )" : { },
      "interface-nodeF ( nodeF )" : { }
    },
    "containerReports" : {
      "nodeC_c01" : {
        "containerName" : {
          "name" : "nodeC_c01"
        },
        "timestamp" : 101981,
        "service" : {
          "group" : "com.bbn",
          "artifact" : "test-service2",
          "version" : "1"
        },
        "serviceStatus" : "RUNNING",
        "demandEstimationWindow" : "SHORT",
        "computeCapacity" : {
          "CPU" : 1.0,
          "TASK_CONTAINERS" : 100.0,
          "QueueLength" : 1000000.0
        },
        "computeLoad" : {
          "UNKNOWN" : {
            "QueueLength" : 104.0,
            "TASK_CONTAINERS" : 52.0
          }
        },
        "computeDemand" : {
          "UNKNOWN" : {
            "QueueLength" : 126.25,
            "TASK_CONTAINERS" : 63.125
          }
        },
        "averageProcessingTime" : 120000.0,
        "networkCapacity" : {
          "interface-nodeC ( nodeC )" : {
            "DATARATE_TX" : 100.0,
            "DATARATE_RX" : 100.0
          }
        },
        "networkLoad" : {
          "interface-nodeC ( nodeC )" : {
            "(clientPoolJ, nodeC_c01, nodeC_c01)" : {
              "AppCoordinates {com.bbn, test-service2, 1}" : {
                "DATARATE_TX" : 3.8799999999999913E-4,
                "DATARATE_RX" : 1.9399999999999957E-4
              }
            },
            "(clientPoolO, nodeC_c01, nodeC_c01)" : {
              "AppCoordinates {com.bbn, test-service2, 1}" : {
                "DATARATE_TX" : 3.9799999999999916E-4,
                "DATARATE_RX" : 1.9899999999999958E-4
              }
            },
            "(clientPoolB, nodeC_c01, nodeC_c01)" : {
              "AppCoordinates {com.bbn, test-service2, 1}" : {
                "DATARATE_TX" : 3.859999999999992E-4,
                "DATARATE_RX" : 1.929999999999996E-4
              }
            }
          }
        },
        "networkDemand" : {
          "interface-nodeC ( nodeC )" : {
            "(clientPoolJ, nodeC_c01, nodeC_c01)" : {
              "AppCoordinates {com.bbn, test-service2, 1}" : {
                "DATARATE_TX" : 4.442857142857132E-4,
                "DATARATE_RX" : 2.221428571428566E-4
              }
            },
            "(clientPoolO, nodeC_c01, nodeC_c01)" : {
              "AppCoordinates {com.bbn, test-service2, 1}" : {
                "DATARATE_TX" : 4.5285714285714195E-4,
                "DATARATE_RX" : 2.2642857142857097E-4
              }
            },
            "(clientPoolB, nodeC_c01, nodeC_c01)" : {
              "AppCoordinates {com.bbn, test-service2, 1}" : {
                "DATARATE_TX" : 4.4228571428571326E-4,
                "DATARATE_RX" : 2.2114285714285663E-4
              }
            }
          }
        }
      },
      "nodeC_c02" : {
        "containerName" : {
          "name" : "nodeC_c02"
        },
        "timestamp" : 101983,
        "service" : {
          "group" : "com.bbn",
          "artifact" : "test-service3",
          "version" : "1"
        },
        "serviceStatus" : "RUNNING",
        "demandEstimationWindow" : "SHORT",
        "computeCapacity" : {
          "CPU" : 1.0,
          "TASK_CONTAINERS" : 100.0,
          "QueueLength" : 1000000.0
        },
        "computeLoad" : {
          "UNKNOWN" : {
            "QueueLength" : 200.0,
            "TASK_CONTAINERS" : 100.0
          }
        },
        "computeDemand" : {
          "UNKNOWN" : {
            "QueueLength" : 171.42857142857142,
            "TASK_CONTAINERS" : 85.71428571428571
          }
        },
        "averageProcessingTime" : "NaN",
        "networkCapacity" : {
          "interface-nodeC ( nodeC )" : {
            "DATARATE_TX" : 100.0,
            "DATARATE_RX" : 100.0
          }
        },
        "networkLoad" : {
          "interface-nodeC ( nodeC )" : {
            "(clientPoolO, nodeC_c02, nodeC_c02)" : {
              "AppCoordinates {com.bbn, test-service3, 1}" : {
                "DATARATE_TX" : 5.159999999999995E-4,
                "DATARATE_RX" : 2.5799999999999977E-4
              }
            },
            "(clientPoolJ, nodeC_c02, nodeC_c02)" : {
              "AppCoordinates {com.bbn, test-service3, 1}" : {
                "DATARATE_TX" : 5.400000000000001E-4,
                "DATARATE_RX" : 2.7000000000000006E-4
              }
            },
            "(clientPoolB, nodeC_c02, nodeC_c02)" : {
              "AppCoordinates {com.bbn, test-service3, 1}" : {
                "DATARATE_TX" : 5.079999999999993E-4,
                "DATARATE_RX" : 2.5399999999999967E-4
              }
            }
          }
        },
        "networkDemand" : {
          "interface-nodeC ( nodeC )" : {
            "(clientPoolO, nodeC_c02, nodeC_c02)" : {
              "AppCoordinates {com.bbn, test-service3, 1}" : {
                "DATARATE_TX" : 5.159999999999995E-4,
                "DATARATE_RX" : 2.5799999999999977E-4
              }
            },
            "(clientPoolJ, nodeC_c02, nodeC_c02)" : {
              "AppCoordinates {com.bbn, test-service3, 1}" : {
                "DATARATE_TX" : 5.400000000000001E-4,
                "DATARATE_RX" : 2.7000000000000006E-4
              }
            },
            "(clientPoolB, nodeC_c02, nodeC_c02)" : {
              "AppCoordinates {com.bbn, test-service3, 1}" : {
                "DATARATE_TX" : 5.079999999999993E-4,
                "DATARATE_RX" : 2.5399999999999967E-4
              }
            }
          }
        }
      },
      "nodeC_c00" : {
        "containerName" : {
          "name" : "nodeC_c00"
        },
        "timestamp" : 101984,
        "service" : {
          "group" : "com.bbn",
          "artifact" : "test-service1",
          "version" : "1"
        },
        "serviceStatus" : "RUNNING",
        "demandEstimationWindow" : "SHORT",
        "computeCapacity" : {
          "CPU" : 1.0,
          "TASK_CONTAINERS" : 100.0,
          "QueueLength" : 1000000.0
        },
        "computeLoad" : {
          "UNKNOWN" : {
            "QueueLength" : 200.0,
            "TASK_CONTAINERS" : 100.0
          }
        },
        "computeDemand" : {
          "UNKNOWN" : {
            "QueueLength" : 171.42857142857142,
            "TASK_CONTAINERS" : 85.71428571428571
          }
        },
        "averageProcessingTime" : 120000.0,
        "networkCapacity" : {
          "interface-nodeC ( nodeC )" : {
            "DATARATE_TX" : 100.0,
            "DATARATE_RX" : 100.0
          }
        },
        "networkLoad" : {
          "interface-nodeC ( nodeC )" : {
            "(clientPoolJ, nodeC_c00, nodeC_c00)" : {
              "AppCoordinates {com.bbn, test-service1, 1}" : {
                "DATARATE_TX" : 4.119999999999991E-4,
                "DATARATE_RX" : 2.0599999999999956E-4
              }
            },
            "(clientPoolB, nodeC_c00, nodeC_c00)" : {
              "AppCoordinates {com.bbn, test-service1, 1}" : {
                "DATARATE_TX" : 3.799999999999992E-4,
                "DATARATE_RX" : 1.899999999999996E-4
              }
            },
            "(clientPoolO, nodeC_c00, nodeC_c00)" : {
              "AppCoordinates {com.bbn, test-service1, 1}" : {
                "DATARATE_TX" : 4.0799999999999913E-4,
                "DATARATE_RX" : 2.0399999999999956E-4
              }
            }
          }
        },
        "networkDemand" : {
          "interface-nodeC ( nodeC )" : {
            "(clientPoolJ, nodeC_c00, nodeC_c00)" : {
              "AppCoordinates {com.bbn, test-service1, 1}" : {
                "DATARATE_TX" : 4.133333333333324E-4,
                "DATARATE_RX" : 2.066666666666662E-4
              }
            },
            "(clientPoolB, nodeC_c00, nodeC_c00)" : {
              "AppCoordinates {com.bbn, test-service1, 1}" : {
                "DATARATE_TX" : 3.799999999999992E-4,
                "DATARATE_RX" : 1.899999999999996E-4
              }
            },
            "(clientPoolO, nodeC_c00, nodeC_c00)" : {
              "AppCoordinates {com.bbn, test-service1, 1}" : {
                "DATARATE_TX" : 4.0899999999999915E-4,
                "DATARATE_RX" : 2.0449999999999958E-4
              }
            }
          }
        }
      },
      "nodeC_c05" : {
        "containerName" : {
          "name" : "nodeC_c05"
        },
        "timestamp" : 101985,
        "service" : {
          "group" : "com.bbn",
          "artifact" : "test-service3",
          "version" : "1"
        },
        "serviceStatus" : "RUNNING",
        "demandEstimationWindow" : "SHORT",
        "computeCapacity" : {
          "CPU" : 1.0,
          "TASK_CONTAINERS" : 100.0,
          "QueueLength" : 1000000.0
        },
        "computeLoad" : {
          "UNKNOWN" : {
            "QueueLength" : 200.0,
            "TASK_CONTAINERS" : 100.0
          }
        },
        "computeDemand" : {
          "UNKNOWN" : {
            "QueueLength" : 171.42857142857142,
            "TASK_CONTAINERS" : 85.71428571428571
          }
        },
        "averageProcessingTime" : "NaN",
        "networkCapacity" : {
          "interface-nodeC ( nodeC )" : {
            "DATARATE_TX" : 100.0,
            "DATARATE_RX" : 100.0
          }
        },
        "networkLoad" : {
          "interface-nodeC ( nodeC )" : {
            "(clientPoolO, nodeC_c05, nodeC_c05)" : {
              "AppCoordinates {com.bbn, test-service3, 1}" : {
                "DATARATE_TX" : 2.839999999999994E-4,
                "DATARATE_RX" : 1.419999999999997E-4
              }
            },
            "(clientPoolB, nodeC_c05, nodeC_c05)" : {
              "AppCoordinates {com.bbn, test-service3, 1}" : {
                "DATARATE_TX" : 2.919999999999994E-4,
                "DATARATE_RX" : 1.459999999999997E-4
              }
            },
            "(clientPoolJ, nodeC_c05, nodeC_c05)" : {
              "AppCoordinates {com.bbn, test-service3, 1}" : {
                "DATARATE_TX" : 2.599999999999995E-4,
                "DATARATE_RX" : 1.2999999999999974E-4
              }
            }
          }
        },
        "networkDemand" : {
          "interface-nodeC ( nodeC )" : {
            "(clientPoolO, nodeC_c05, nodeC_c05)" : {
              "AppCoordinates {com.bbn, test-service3, 1}" : {
                "DATARATE_TX" : 2.839999999999995E-4,
                "DATARATE_RX" : 1.4199999999999974E-4
              }
            },
            "(clientPoolB, nodeC_c05, nodeC_c05)" : {
              "AppCoordinates {com.bbn, test-service3, 1}" : {
                "DATARATE_TX" : 2.9199999999999935E-4,
                "DATARATE_RX" : 1.4599999999999967E-4
              }
            },
            "(clientPoolJ, nodeC_c05, nodeC_c05)" : {
              "AppCoordinates {com.bbn, test-service3, 1}" : {
                "DATARATE_TX" : 2.5999999999999944E-4,
                "DATARATE_RX" : 1.2999999999999972E-4
              }
            }
          }
        }
      },
      "nodeC_c06" : {
        "containerName" : {
          "name" : "nodeC_c06"
        },
        "timestamp" : 101993,
        "service" : {
          "group" : "com.bbn",
          "artifact" : "test-service2",
          "version" : "1"
        },
        "serviceStatus" : "RUNNING",
        "demandEstimationWindow" : "SHORT",
        "computeCapacity" : {
          "CPU" : 1.0,
          "TASK_CONTAINERS" : 100.0,
          "QueueLength" : 1000000.0
        },
        "computeLoad" : {
          "UNKNOWN" : {
            "QueueLength" : 200.0,
            "TASK_CONTAINERS" : 100.0
          }
        },
        "computeDemand" : {
          "UNKNOWN" : {
            "QueueLength" : 171.42857142857142,
            "TASK_CONTAINERS" : 85.71428571428571
          }
        },
        "averageProcessingTime" : "NaN",
        "networkCapacity" : {
          "interface-nodeC ( nodeC )" : {
            "DATARATE_TX" : 100.0,
            "DATARATE_RX" : 100.0
          }
        },
        "networkLoad" : {
          "interface-nodeC ( nodeC )" : {
            "(clientPoolB, nodeC_c06, nodeC_c06)" : {
              "AppCoordinates {com.bbn, test-service2, 1}" : {
                "DATARATE_TX" : 2.919999999999994E-4,
                "DATARATE_RX" : 1.459999999999997E-4
              }
            },
            "(clientPoolO, nodeC_c06, nodeC_c06)" : {
              "AppCoordinates {com.bbn, test-service2, 1}" : {
                "DATARATE_TX" : 2.7399999999999945E-4,
                "DATARATE_RX" : 1.3699999999999973E-4
              }
            },
            "(clientPoolJ, nodeC_c06, nodeC_c06)" : {
              "AppCoordinates {com.bbn, test-service2, 1}" : {
                "DATARATE_TX" : 2.6799999999999947E-4,
                "DATARATE_RX" : 1.3399999999999973E-4
              }
            }
          }
        },
        "networkDemand" : {
          "interface-nodeC ( nodeC )" : {
            "(clientPoolB, nodeC_c06, nodeC_c06)" : {
              "AppCoordinates {com.bbn, test-service2, 1}" : {
                "DATARATE_TX" : 2.5633333333333286E-4,
                "DATARATE_RX" : 1.2816666666666643E-4
              }
            },
            "(clientPoolO, nodeC_c06, nodeC_c06)" : {
              "AppCoordinates {com.bbn, test-service2, 1}" : {
                "DATARATE_TX" : 2.436666666666662E-4,
                "DATARATE_RX" : 1.218333333333331E-4
              }
            },
            "(clientPoolJ, nodeC_c06, nodeC_c06)" : {
              "AppCoordinates {com.bbn, test-service2, 1}" : {
                "DATARATE_TX" : 2.366666666666662E-4,
                "DATARATE_RX" : 1.183333333333331E-4
              }
            }
          }
        }
      },
      "nodeC_c03" : {
        "containerName" : {
          "name" : "nodeC_c03"
        },
        "timestamp" : 101993,
        "service" : {
          "group" : "com.bbn",
          "artifact" : "test-service1",
          "version" : "1"
        },
        "serviceStatus" : "RUNNING",
        "demandEstimationWindow" : "SHORT",
        "computeCapacity" : {
          "CPU" : 1.0,
          "TASK_CONTAINERS" : 100.0,
          "QueueLength" : 1000000.0
        },
        "computeLoad" : {
          "UNKNOWN" : {
            "QueueLength" : 200.0,
            "TASK_CONTAINERS" : 100.0
          }
        },
        "computeDemand" : {
          "UNKNOWN" : {
            "QueueLength" : 171.42857142857142,
            "TASK_CONTAINERS" : 85.71428571428571
          }
        },
        "averageProcessingTime" : 120000.0,
        "networkCapacity" : {
          "interface-nodeC ( nodeC )" : {
            "DATARATE_TX" : 100.0,
            "DATARATE_RX" : 100.0
          }
        },
        "networkLoad" : {
          "interface-nodeC ( nodeC )" : {
            "(clientPoolO, nodeC_c03, nodeC_c03)" : {
              "AppCoordinates {com.bbn, test-service1, 1}" : {
                "DATARATE_TX" : 3.919999999999991E-4,
                "DATARATE_RX" : 1.9599999999999956E-4
              }
            },
            "(clientPoolJ, nodeC_c03, nodeC_c03)" : {
              "AppCoordinates {com.bbn, test-service1, 1}" : {
                "DATARATE_TX" : 3.8799999999999913E-4,
                "DATARATE_RX" : 1.9399999999999957E-4
              }
            },
            "(clientPoolB, nodeC_c03, nodeC_c03)" : {
              "AppCoordinates {com.bbn, test-service1, 1}" : {
                "DATARATE_TX" : 4.1999999999999904E-4,
                "DATARATE_RX" : 2.0999999999999952E-4
              }
            }
          }
        },
        "networkDemand" : {
          "interface-nodeC ( nodeC )" : {
            "(clientPoolO, nodeC_c03, nodeC_c03)" : {
              "AppCoordinates {com.bbn, test-service1, 1}" : {
                "DATARATE_TX" : 3.923333333333324E-4,
                "DATARATE_RX" : 1.961666666666662E-4
              }
            },
            "(clientPoolJ, nodeC_c03, nodeC_c03)" : {
              "AppCoordinates {com.bbn, test-service1, 1}" : {
                "DATARATE_TX" : 3.886666666666658E-4,
                "DATARATE_RX" : 1.943333333333329E-4
              }
            },
            "(clientPoolB, nodeC_c03, nodeC_c03)" : {
              "AppCoordinates {com.bbn, test-service1, 1}" : {
                "DATARATE_TX" : 4.203333333333324E-4,
                "DATARATE_RX" : 2.101666666666662E-4
              }
            }
          }
        }
      },
      "nodeC_c04" : {
        "containerName" : {
          "name" : "nodeC_c04"
        },
        "timestamp" : 101994,
        "service" : {
          "group" : "com.bbn",
          "artifact" : "test-service3",
          "version" : "1"
        },
        "serviceStatus" : "RUNNING",
        "demandEstimationWindow" : "SHORT",
        "computeCapacity" : {
          "CPU" : 1.0,
          "TASK_CONTAINERS" : 100.0,
          "QueueLength" : 1000000.0
        },
        "computeLoad" : {
          "UNKNOWN" : {
            "QueueLength" : 0.0
          }
        },
        "computeDemand" : {
          "UNKNOWN" : {
            "QueueLength" : 0.0
          }
        },
        "averageProcessingTime" : "NaN",
        "networkCapacity" : {
          "interface-nodeC ( nodeC )" : {
            "DATARATE_TX" : 100.0,
            "DATARATE_RX" : 100.0
          }
        },
        "networkLoad" : {
          "interface-nodeC ( nodeC )" : { }
        },
        "networkDemand" : {
          "interface-nodeC ( nodeC )" : { }
        }
      },
      "nodeC_c07" : {
        "containerName" : {
          "name" : "nodeC_c07"
        },
        "timestamp" : 101995,
        "service" : {
          "group" : "com.bbn",
          "artifact" : "test-service2",
          "version" : "1"
        },
        "serviceStatus" : "RUNNING",
        "demandEstimationWindow" : "SHORT",
        "computeCapacity" : {
          "CPU" : 1.0,
          "TASK_CONTAINERS" : 100.0,
          "QueueLength" : 1000000.0
        },
        "computeLoad" : {
          "UNKNOWN" : {
            "QueueLength" : 114.0,
            "TASK_CONTAINERS" : 57.0
          }
        },
        "computeDemand" : {
          "UNKNOWN" : {
            "QueueLength" : 53.57142857142857,
            "TASK_CONTAINERS" : 26.785714285714285
          }
        },
        "averageProcessingTime" : "NaN",
        "networkCapacity" : {
          "interface-nodeC ( nodeC )" : {
            "DATARATE_TX" : 100.0,
            "DATARATE_RX" : 100.0
          }
        },
        "networkLoad" : {
          "interface-nodeC ( nodeC )" : {
            "(clientPoolB, nodeC_c07, nodeC_c07)" : {
              "AppCoordinates {com.bbn, test-service2, 1}" : {
                "DATARATE_TX" : 6.6E-5,
                "DATARATE_RX" : 3.3E-5
              }
            },
            "(clientPoolO, nodeC_c07, nodeC_c07)" : {
              "AppCoordinates {com.bbn, test-service2, 1}" : {
                "DATARATE_TX" : 7.799999999999997E-5,
                "DATARATE_RX" : 3.8999999999999986E-5
              }
            },
            "(clientPoolJ, nodeC_c07, nodeC_c07)" : {
              "AppCoordinates {com.bbn, test-service2, 1}" : {
                "DATARATE_TX" : 8.399999999999995E-5,
                "DATARATE_RX" : 4.199999999999998E-5
              }
            }
          }
        },
        "networkDemand" : {
          "interface-nodeC ( nodeC )" : {
            "(clientPoolB, nodeC_c07, nodeC_c07)" : {
              "AppCoordinates {com.bbn, test-service2, 1}" : {
                "DATARATE_TX" : 3.433333333333334E-5,
                "DATARATE_RX" : 1.716666666666667E-5
              }
            },
            "(clientPoolO, nodeC_c07, nodeC_c07)" : {
              "AppCoordinates {com.bbn, test-service2, 1}" : {
                "DATARATE_TX" : 4.200000000000001E-5,
                "DATARATE_RX" : 2.1000000000000006E-5
              }
            },
            "(clientPoolJ, nodeC_c07, nodeC_c07)" : {
              "AppCoordinates {com.bbn, test-service2, 1}" : {
                "DATARATE_TX" : 4.866666666666666E-5,
                "DATARATE_RX" : 2.433333333333333E-5
              }
            }
          }
        }
      }
    },
    "maximumServiceContainers" : 8,
    "allocatedServiceContainers" : 8,
    "computeDemand" : {
      "AppCoordinates {com.bbn, test-service3, 1}" : {
        "UNKNOWN" : {
          "QueueLength" : 342.85714285714283,
          "TASK_CONTAINERS" : 171.42857142857142
        }
      },
      "AppCoordinates {com.bbn, test-service2, 1}" : {
        "UNKNOWN" : {
          "QueueLength" : 351.25,
          "TASK_CONTAINERS" : 175.625
        }
      },
      "AppCoordinates {com.bbn, test-service1, 1}" : {
        "UNKNOWN" : {
          "QueueLength" : 342.85714285714283,
          "TASK_CONTAINERS" : 171.42857142857142
        }
      }
    },
    "containerNetworkLoad" : {
      "interface-nodeC ( nodeC )" : {
        "(clientPoolO, nodeC_c05, nodeC_c05)" : {
          "AppCoordinates {com.bbn, test-service3, 1}" : {
            "DATARATE_TX" : 2.839999999999994E-4,
            "DATARATE_RX" : 1.419999999999997E-4
          }
        },
        "(clientPoolJ, nodeC_c00, nodeC_c00)" : {
          "AppCoordinates {com.bbn, test-service1, 1}" : {
            "DATARATE_TX" : 4.119999999999991E-4,
            "DATARATE_RX" : 2.0599999999999956E-4
          }
        },
        "(clientPoolO, nodeC_c03, nodeC_c03)" : {
          "AppCoordinates {com.bbn, test-service1, 1}" : {
            "DATARATE_TX" : 3.919999999999991E-4,
            "DATARATE_RX" : 1.9599999999999956E-4
          }
        },
        "(clientPoolO, nodeC_c02, nodeC_c02)" : {
          "AppCoordinates {com.bbn, test-service3, 1}" : {
            "DATARATE_TX" : 5.159999999999995E-4,
            "DATARATE_RX" : 2.5799999999999977E-4
          }
        },
        "(clientPoolJ, nodeC_c03, nodeC_c03)" : {
          "AppCoordinates {com.bbn, test-service1, 1}" : {
            "DATARATE_TX" : 3.8799999999999913E-4,
            "DATARATE_RX" : 1.9399999999999957E-4
          }
        },
        "(clientPoolO, nodeC_c07, nodeC_c07)" : {
          "AppCoordinates {com.bbn, test-service2, 1}" : {
            "DATARATE_TX" : 7.799999999999997E-5,
            "DATARATE_RX" : 3.8999999999999986E-5
          }
        },
        "(clientPoolJ, nodeC_c02, nodeC_c02)" : {
          "AppCoordinates {com.bbn, test-service3, 1}" : {
            "DATARATE_TX" : 5.400000000000001E-4,
            "DATARATE_RX" : 2.7000000000000006E-4
          }
        },
        "(clientPoolO, nodeC_c06, nodeC_c06)" : {
          "AppCoordinates {com.bbn, test-service2, 1}" : {
            "DATARATE_TX" : 2.7399999999999945E-4,
            "DATARATE_RX" : 1.3699999999999973E-4
          }
        },
        "(clientPoolJ, nodeC_c01, nodeC_c01)" : {
          "AppCoordinates {com.bbn, test-service2, 1}" : {
            "DATARATE_TX" : 3.8799999999999913E-4,
            "DATARATE_RX" : 1.9399999999999957E-4
          }
        },
        "(clientPoolB, nodeC_c00, nodeC_c00)" : {
          "AppCoordinates {com.bbn, test-service1, 1}" : {
            "DATARATE_TX" : 3.799999999999992E-4,
            "DATARATE_RX" : 1.899999999999996E-4
          }
        },
        "(clientPoolJ, nodeC_c07, nodeC_c07)" : {
          "AppCoordinates {com.bbn, test-service2, 1}" : {
            "DATARATE_TX" : 8.399999999999995E-5,
            "DATARATE_RX" : 4.199999999999998E-5
          }
        },
        "(clientPoolJ, nodeC_c06, nodeC_c06)" : {
          "AppCoordinates {com.bbn, test-service2, 1}" : {
            "DATARATE_TX" : 2.6799999999999947E-4,
            "DATARATE_RX" : 1.3399999999999973E-4
          }
        },
        "(clientPoolJ, nodeC_c05, nodeC_c05)" : {
          "AppCoordinates {com.bbn, test-service3, 1}" : {
            "DATARATE_TX" : 2.599999999999995E-4,
            "DATARATE_RX" : 1.2999999999999974E-4
          }
        },
        "(clientPoolB, nodeC_c03, nodeC_c03)" : {
          "AppCoordinates {com.bbn, test-service1, 1}" : {
            "DATARATE_TX" : 4.1999999999999904E-4,
            "DATARATE_RX" : 2.0999999999999952E-4
          }
        },
        "(clientPoolB, nodeC_c02, nodeC_c02)" : {
          "AppCoordinates {com.bbn, test-service3, 1}" : {
            "DATARATE_TX" : 5.079999999999993E-4,
            "DATARATE_RX" : 2.5399999999999967E-4
          }
        },
        "(clientPoolB, nodeC_c01, nodeC_c01)" : {
          "AppCoordinates {com.bbn, test-service2, 1}" : {
            "DATARATE_TX" : 3.859999999999992E-4,
            "DATARATE_RX" : 1.929999999999996E-4
          }
        },
        "(clientPoolB, nodeC_c07, nodeC_c07)" : {
          "AppCoordinates {com.bbn, test-service2, 1}" : {
            "DATARATE_TX" : 6.6E-5,
            "DATARATE_RX" : 3.3E-5
          }
        },
        "(clientPoolB, nodeC_c06, nodeC_c06)" : {
          "AppCoordinates {com.bbn, test-service2, 1}" : {
            "DATARATE_TX" : 2.919999999999994E-4,
            "DATARATE_RX" : 1.459999999999997E-4
          }
        },
        "(clientPoolB, nodeC_c05, nodeC_c05)" : {
          "AppCoordinates {com.bbn, test-service3, 1}" : {
            "DATARATE_TX" : 2.919999999999994E-4,
            "DATARATE_RX" : 1.459999999999997E-4
          }
        },
        "(clientPoolO, nodeC_c01, nodeC_c01)" : {
          "AppCoordinates {com.bbn, test-service2, 1}" : {
            "DATARATE_TX" : 3.9799999999999916E-4,
            "DATARATE_RX" : 1.9899999999999958E-4
          }
        },
        "(clientPoolO, nodeC_c00, nodeC_c00)" : {
          "AppCoordinates {com.bbn, test-service1, 1}" : {
            "DATARATE_TX" : 4.0799999999999913E-4,
            "DATARATE_RX" : 2.0399999999999956E-4
          }
        }
      }
    },
    "containerNetworkDemand" : {
      "interface-nodeC ( nodeC )" : {
        "(clientPoolO, nodeC_c05, nodeC_c05)" : {
          "AppCoordinates {com.bbn, test-service3, 1}" : {
            "DATARATE_TX" : 2.839999999999995E-4,
            "DATARATE_RX" : 1.4199999999999974E-4
          }
        },
        "(clientPoolJ, nodeC_c00, nodeC_c00)" : {
          "AppCoordinates {com.bbn, test-service1, 1}" : {
            "DATARATE_TX" : 4.133333333333324E-4,
            "DATARATE_RX" : 2.066666666666662E-4
          }
        },
        "(clientPoolO, nodeC_c03, nodeC_c03)" : {
          "AppCoordinates {com.bbn, test-service1, 1}" : {
            "DATARATE_TX" : 3.923333333333324E-4,
            "DATARATE_RX" : 1.961666666666662E-4
          }
        },
        "(clientPoolO, nodeC_c02, nodeC_c02)" : {
          "AppCoordinates {com.bbn, test-service3, 1}" : {
            "DATARATE_TX" : 5.159999999999995E-4,
            "DATARATE_RX" : 2.5799999999999977E-4
          }
        },
        "(clientPoolJ, nodeC_c03, nodeC_c03)" : {
          "AppCoordinates {com.bbn, test-service1, 1}" : {
            "DATARATE_TX" : 3.886666666666658E-4,
            "DATARATE_RX" : 1.943333333333329E-4
          }
        },
        "(clientPoolO, nodeC_c07, nodeC_c07)" : {
          "AppCoordinates {com.bbn, test-service2, 1}" : {
            "DATARATE_TX" : 4.200000000000001E-5,
            "DATARATE_RX" : 2.1000000000000006E-5
          }
        },
        "(clientPoolJ, nodeC_c02, nodeC_c02)" : {
          "AppCoordinates {com.bbn, test-service3, 1}" : {
            "DATARATE_TX" : 5.400000000000001E-4,
            "DATARATE_RX" : 2.7000000000000006E-4
          }
        },
        "(clientPoolO, nodeC_c06, nodeC_c06)" : {
          "AppCoordinates {com.bbn, test-service2, 1}" : {
            "DATARATE_TX" : 2.436666666666662E-4,
            "DATARATE_RX" : 1.218333333333331E-4
          }
        },
        "(clientPoolJ, nodeC_c01, nodeC_c01)" : {
          "AppCoordinates {com.bbn, test-service2, 1}" : {
            "DATARATE_TX" : 4.442857142857132E-4,
            "DATARATE_RX" : 2.221428571428566E-4
          }
        },
        "(clientPoolB, nodeC_c00, nodeC_c00)" : {
          "AppCoordinates {com.bbn, test-service1, 1}" : {
            "DATARATE_TX" : 3.799999999999992E-4,
            "DATARATE_RX" : 1.899999999999996E-4
          }
        },
        "(clientPoolJ, nodeC_c07, nodeC_c07)" : {
          "AppCoordinates {com.bbn, test-service2, 1}" : {
            "DATARATE_TX" : 4.866666666666666E-5,
            "DATARATE_RX" : 2.433333333333333E-5
          }
        },
        "(clientPoolJ, nodeC_c06, nodeC_c06)" : {
          "AppCoordinates {com.bbn, test-service2, 1}" : {
            "DATARATE_TX" : 2.366666666666662E-4,
            "DATARATE_RX" : 1.183333333333331E-4
          }
        },
        "(clientPoolJ, nodeC_c05, nodeC_c05)" : {
          "AppCoordinates {com.bbn, test-service3, 1}" : {
            "DATARATE_TX" : 2.5999999999999944E-4,
            "DATARATE_RX" : 1.2999999999999972E-4
          }
        },
        "(clientPoolB, nodeC_c03, nodeC_c03)" : {
          "AppCoordinates {com.bbn, test-service1, 1}" : {
            "DATARATE_TX" : 4.203333333333324E-4,
            "DATARATE_RX" : 2.101666666666662E-4
          }
        },
        "(clientPoolB, nodeC_c02, nodeC_c02)" : {
          "AppCoordinates {com.bbn, test-service3, 1}" : {
            "DATARATE_TX" : 5.079999999999993E-4,
            "DATARATE_RX" : 2.5399999999999967E-4
          }
        },
        "(clientPoolB, nodeC_c01, nodeC_c01)" : {
          "AppCoordinates {com.bbn, test-service2, 1}" : {
            "DATARATE_TX" : 4.4228571428571326E-4,
            "DATARATE_RX" : 2.2114285714285663E-4
          }
        },
        "(clientPoolB, nodeC_c07, nodeC_c07)" : {
          "AppCoordinates {com.bbn, test-service2, 1}" : {
            "DATARATE_TX" : 3.433333333333334E-5,
            "DATARATE_RX" : 1.716666666666667E-5
          }
        },
        "(clientPoolB, nodeC_c06, nodeC_c06)" : {
          "AppCoordinates {com.bbn, test-service2, 1}" : {
            "DATARATE_TX" : 2.5633333333333286E-4,
            "DATARATE_RX" : 1.2816666666666643E-4
          }
        },
        "(clientPoolB, nodeC_c05, nodeC_c05)" : {
          "AppCoordinates {com.bbn, test-service3, 1}" : {
            "DATARATE_TX" : 2.9199999999999935E-4,
            "DATARATE_RX" : 1.4599999999999967E-4
          }
        },
        "(clientPoolO, nodeC_c01, nodeC_c01)" : {
          "AppCoordinates {com.bbn, test-service2, 1}" : {
            "DATARATE_TX" : 4.5285714285714195E-4,
            "DATARATE_RX" : 2.2642857142857097E-4
          }
        },
        "(clientPoolO, nodeC_c00, nodeC_c00)" : {
          "AppCoordinates {com.bbn, test-service1, 1}" : {
            "DATARATE_TX" : 4.0899999999999915E-4,
            "DATARATE_RX" : 2.0449999999999958E-4
          }
        }
      }
    },
    "computeLoad" : {
      "AppCoordinates {com.bbn, test-service3, 1}" : {
        "UNKNOWN" : {
          "QueueLength" : 400.0,
          "TASK_CONTAINERS" : 200.0
        }
      },
      "AppCoordinates {com.bbn, test-service2, 1}" : {
        "UNKNOWN" : {
          "QueueLength" : 418.0,
          "TASK_CONTAINERS" : 209.0
        }
      },
      "AppCoordinates {com.bbn, test-service1, 1}" : {
        "UNKNOWN" : {
          "QueueLength" : 400.0,
          "TASK_CONTAINERS" : 200.0
        }
      }
    },
    "allocatedComputeCapacity" : {
      "CPU" : 8.0,
      "QueueLength" : 8000000.0,
      "TASK_CONTAINERS" : 800.0
    },
    "availableServiceContainers" : 0,
    "averageProcessingTime" : {
      "AppCoordinates {com.bbn, test-service2, 1}" : 120000.0,
      "AppCoordinates {com.bbn, test-service1, 1}" : 120000.0
    }
  } ]
}