{
  "region" : {
    "name" : "D"
  },
  "timestamp" : 415695,
  "servicePlan" : {
    "nodeD" : [ {
      "id" : {
        "name" : "nodeD_c00"
      },
      "service" : {
        "group" : "com.bbn",
        "artifact" : "test-service3",
        "version" : "1"
      },
      "weight" : 1.0,
      "stopTrafficTo" : false,
      "stop" : false
    }, {
      "id" : {
        "name" : "nodeD_c01"
      },
      "service" : {
        "group" : "com.bbn",
        "artifact" : "test-service2",
        "version" : "1"
      },
      "weight" : 1.0,
      "stopTrafficTo" : false,
      "stop" : false
    }, {
      "id" : {
        "name" : "nodeD_c02"
      },
      "service" : {
        "group" : "com.bbn",
        "artifact" : "test-service3",
        "version" : "1"
      },
      "weight" : 1.0,
      "stopTrafficTo" : false,
      "stop" : false
    }, {
      "id" : {
        "name" : "nodeD_c03"
      },
      "service" : {
        "group" : "com.bbn",
        "artifact" : "test-service3",
        "version" : "1"
      },
      "weight" : 1.0,
      "stopTrafficTo" : false,
      "stop" : false
    }, {
      "id" : {
        "name" : "nodeD_c04"
      },
      "service" : {
        "group" : "com.bbn",
        "artifact" : "test-service3",
        "version" : "1"
      },
      "weight" : 1.0,
      "stopTrafficTo" : false,
      "stop" : false
    } ]
  },
  "overflowPlan" : {
    "AppCoordinates {com.bbn, test-service3, 1}" : {
      "D" : 1.0,
      "E" : 0.0,
      "F" : 0.0,
      "G" : 0.0,
      "I" : 0.0,
      "J" : 0.0,
      "K" : 0.0,
      "N" : 0.0
    },
    "AppCoordinates {com.bbn, test-service2, 1}" : {
      "E" : 0.8705400554222767,
      "F" : 0.0,
      "G" : 0.0,
      "I" : 0.0,
      "J" : 0.0,
      "K" : 0.0,
      "N" : 0.0,
      "D" : 0.12945994457772325
    },
    "AppCoordinates {com.bbn, test-service1, 1}" : {
      "E" : 1.0,
      "F" : 0.0,
      "G" : 0.0,
      "I" : 0.0,
      "J" : 0.0,
      "K" : 0.0,
      "N" : 0.0,
      "D" : 0.0
    }
  }
}