{
  "clientName" : "clientPoolH",
  "clientRegion" : {
    "name" : "H"
  },
  "numRequestsAttempted" : 6000,
  "numRequestsSucceeded" : 3155,
  "numRequestsFailedForServerLoad" : 2845,
  "numRequestsFailedForNetworkLoad" : 0,
  "numRequestsSlowForServerLoad" : 498,
  "numRequestsSlowForNetworkLoad" : 0,
  "numRequestsSlowForNetworkAndServerLoad" : 0,
  "numRequestsServicedByRegion" : {
    "B" : 251,
    "C" : 1508,
    "D" : 440,
    "G" : 274,
    "H" : 513,
    "I" : 169
  },
  "numRequestsFailedForDownNode" : 0
}