{
  "clientName" : "clientPoolN",
  "clientRegion" : {
    "name" : "N"
  },
  "numRequestsAttempted" : 3872,
  "numRequestsSucceeded" : 1796,
  "numRequestsFailedForServerLoad" : 2076,
  "numRequestsFailedForNetworkLoad" : 0,
  "numRequestsSlowForServerLoad" : 394,
  "numRequestsSlowForNetworkLoad" : 0,
  "numRequestsSlowForNetworkAndServerLoad" : 0,
  "numRequestsServicedByRegion" : {
    "A" : 246,
    "B" : 18,
    "C" : 1056,
    "E" : 204,
    "N" : 272
  },
  "numRequestsFailedForDownNode" : 0
}