{
  "region" : {
    "name" : "O"
  },
  "nodeResourceReports" : [ {
    "nodeName" : {
      "name" : "nodeO"
    },
    "timestamp" : 143997,
    "demandEstimationWindow" : "SHORT",
    "nodeComputeCapacity" : {
      "CPU" : 4.0,
      "MEMORY" : 8.0E9,
      "DISK" : 10.0,
      "TASK_CONTAINERS" : 20.0
    },
    "networkCapacity" : {
      "interface-nodeE ( nodeE )" : {
        "DATARATE_RX" : 100.0,
        "DATARATE_TX" : 100.0
      },
      "interface-nodeC ( nodeC )" : {
        "DATARATE_RX" : 100.0,
        "DATARATE_TX" : 100.0
      },
      "interface-nodeI ( nodeI )" : {
        "DATARATE_RX" : 100.0,
        "DATARATE_TX" : 100.0
      },
      "interface-nodeF ( nodeF )" : {
        "DATARATE_RX" : 100.0,
        "DATARATE_TX" : 100.0
      },
      "interface-nodeG ( nodeG )" : {
        "DATARATE_RX" : 100.0,
        "DATARATE_TX" : 100.0
      },
      "interface-nodeJ ( nodeJ )" : {
        "DATARATE_RX" : 100.0,
        "DATARATE_TX" : 100.0
      },
      "interface-nodeK ( nodeK )" : {
        "DATARATE_RX" : 100.0,
        "DATARATE_TX" : 100.0
      },
      "interface-nodeA ( nodeA )" : {
        "DATARATE_RX" : 100.0,
        "DATARATE_TX" : 100.0
      }
    },
    "networkLoad" : {
      "interface-nodeE ( nodeE )" : { },
      "interface-nodeC ( nodeC )" : { },
      "interface-nodeI ( nodeI )" : { },
      "interface-nodeF ( nodeF )" : {
        "(clientPoolO, nodeF_c07, nodeF_c07)" : {
          "AppCoordinates {com.bbn, test-service2, 1}" : {
            "DATARATE_TX" : 1.2799999999999983E-4,
            "DATARATE_RX" : 6.399999999999992E-5
          }
        },
        "(clientPoolO, nodeF_c04, nodeF_c04)" : {
          "AppCoordinates {com.bbn, test-service3, 1}" : {
            "DATARATE_TX" : 1.1399999999999987E-4,
            "DATARATE_RX" : 5.6999999999999935E-5
          },
          "AppCoordinates {com.bbn, test-service1, 1}" : {
            "DATARATE_TX" : -7.623296525288703E-21,
            "DATARATE_RX" : -3.8116482626443515E-21
          }
        },
        "(clientPoolO, nodeF_c03, nodeF_c03)" : {
          "AppCoordinates {com.bbn, test-service1, 1}" : {
            "DATARATE_TX" : 1.2799999999999983E-4,
            "DATARATE_RX" : 6.399999999999992E-5
          }
        },
        "(clientPoolO, nodeF_c06, nodeF_c06)" : {
          "AppCoordinates {com.bbn, test-service2, 1}" : {
            "DATARATE_TX" : 2.541098841762901E-21,
            "DATARATE_RX" : 1.2705494208814505E-21
          },
          "AppCoordinates {com.bbn, test-service1, 1}" : {
            "DATARATE_TX" : 1.2199999999999985E-4,
            "DATARATE_RX" : 6.0999999999999924E-5
          }
        },
        "(clientPoolO, nodeF_c05, nodeF_c05)" : {
          "AppCoordinates {com.bbn, test-service3, 1}" : {
            "DATARATE_TX" : 2.7999999999999996E-5,
            "DATARATE_RX" : 1.3999999999999998E-5
          },
          "AppCoordinates {com.bbn, test-service1, 1}" : {
            "DATARATE_TX" : -8.470329472543003E-22,
            "DATARATE_RX" : -4.2351647362715017E-22
          }
        },
        "(clientPoolO, nodeF_c00, nodeF_c00)" : {
          "AppCoordinates {com.bbn, test-service1, 1}" : {
            "DATARATE_TX" : 1.4599999999999978E-4,
            "DATARATE_RX" : 7.299999999999989E-5
          }
        },
        "(clientPoolO, nodeF_c02, nodeF_c02)" : {
          "AppCoordinates {com.bbn, test-service3, 1}" : {
            "DATARATE_TX" : 6.200000000000002E-5,
            "DATARATE_RX" : 3.100000000000001E-5
          }
        },
        "(clientPoolO, nodeF_c01, nodeF_c01)" : {
          "AppCoordinates {com.bbn, test-service2, 1}" : {
            "DATARATE_TX" : 1.419999999999998E-4,
            "DATARATE_RX" : 7.09999999999999E-5
          }
        }
      },
      "interface-nodeG ( nodeG )" : { },
      "interface-nodeJ ( nodeJ )" : { },
      "interface-nodeK ( nodeK )" : { },
      "interface-nodeA ( nodeA )" : { }
    },
    "networkDemand" : {
      "interface-nodeE ( nodeE )" : { },
      "interface-nodeC ( nodeC )" : { },
      "interface-nodeA ( nodeA )" : { },
      "interface-nodeK ( nodeK )" : { },
      "interface-nodeJ ( nodeJ )" : { },
      "interface-nodeI ( nodeI )" : { },
      "interface-nodeG ( nodeG )" : { },
      "interface-nodeF ( nodeF )" : {
        "(clientPoolO, nodeF_c07, nodeF_c07)" : {
          "AppCoordinates {com.bbn, test-service2, 1}" : {
            "DATARATE_TX" : 1.2799999999999983E-4,
            "DATARATE_RX" : 6.399999999999992E-5
          }
        },
        "(clientPoolO, nodeF_c04, nodeF_c04)" : {
          "AppCoordinates {com.bbn, test-service3, 1}" : {
            "DATARATE_TX" : 1.1399999999999986E-4,
            "DATARATE_RX" : 5.699999999999993E-5
          },
          "AppCoordinates {com.bbn, test-service1, 1}" : {
            "DATARATE_TX" : -7.623296525288703E-21,
            "DATARATE_RX" : -3.8116482626443515E-21
          }
        },
        "(clientPoolO, nodeF_c03, nodeF_c03)" : {
          "AppCoordinates {com.bbn, test-service1, 1}" : {
            "DATARATE_TX" : 1.2799999999999983E-4,
            "DATARATE_RX" : 6.399999999999992E-5
          }
        },
        "(clientPoolO, nodeF_c06, nodeF_c06)" : {
          "AppCoordinates {com.bbn, test-service2, 1}" : {
            "DATARATE_TX" : 2.541098841762901E-21,
            "DATARATE_RX" : 1.2705494208814505E-21
          },
          "AppCoordinates {com.bbn, test-service1, 1}" : {
            "DATARATE_TX" : 1.2199999999999983E-4,
            "DATARATE_RX" : 6.099999999999992E-5
          }
        },
        "(clientPoolO, nodeF_c05, nodeF_c05)" : {
          "AppCoordinates {com.bbn, test-service3, 1}" : {
            "DATARATE_TX" : 2.8E-5,
            "DATARATE_RX" : 1.4E-5
          },
          "AppCoordinates {com.bbn, test-service1, 1}" : {
            "DATARATE_TX" : -8.470329472543003E-22,
            "DATARATE_RX" : -4.2351647362715017E-22
          }
        },
        "(clientPoolO, nodeF_c00, nodeF_c00)" : {
          "AppCoordinates {com.bbn, test-service1, 1}" : {
            "DATARATE_TX" : 1.4599999999999978E-4,
            "DATARATE_RX" : 7.299999999999989E-5
          }
        },
        "(clientPoolO, nodeF_c02, nodeF_c02)" : {
          "AppCoordinates {com.bbn, test-service3, 1}" : {
            "DATARATE_TX" : 6.2E-5,
            "DATARATE_RX" : 3.1E-5
          }
        },
        "(clientPoolO, nodeF_c01, nodeF_c01)" : {
          "AppCoordinates {com.bbn, test-service2, 1}" : {
            "DATARATE_TX" : 1.419999999999998E-4,
            "DATARATE_RX" : 7.09999999999999E-5
          }
        }
      }
    },
    "containerReports" : {
      "nodeO_c01" : {
        "containerName" : {
          "name" : "nodeO_c01"
        },
        "timestamp" : 143997,
        "service" : {
          "group" : "com.bbn",
          "artifact" : "test-service3",
          "version" : "1"
        },
        "serviceStatus" : "RUNNING",
        "demandEstimationWindow" : "SHORT",
        "computeCapacity" : {
          "CPU" : 1.0,
          "TASK_CONTAINERS" : 100.0,
          "QueueLength" : 1000000.0
        },
        "computeLoad" : {
          "UNKNOWN" : {
            "QueueLength" : 21.0,
            "TASK_CONTAINERS" : 10.5
          }
        },
        "computeDemand" : {
          "UNKNOWN" : {
            "QueueLength" : 18.375,
            "TASK_CONTAINERS" : 9.1875
          }
        },
        "averageProcessingTime" : "NaN",
        "networkCapacity" : {
          "interface-nodeO ( nodeO )" : {
            "DATARATE_TX" : 100.0,
            "DATARATE_RX" : 100.0
          }
        },
        "networkLoad" : {
          "interface-nodeO ( nodeO )" : {
            "(clientPoolO, nodeO_c01, nodeO_c01)" : {
              "AppCoordinates {com.bbn, test-service3, 1}" : {
                "DATARATE_TX" : 4.200000000000001E-5,
                "DATARATE_RX" : 2.1000000000000006E-5
              }
            }
          }
        },
        "networkDemand" : {
          "interface-nodeO ( nodeO )" : {
            "(clientPoolO, nodeO_c01, nodeO_c01)" : {
              "AppCoordinates {com.bbn, test-service3, 1}" : {
                "DATARATE_TX" : 4.2000000000000004E-5,
                "DATARATE_RX" : 2.1000000000000002E-5
              }
            }
          }
        }
      },
      "nodeO_c00" : {
        "containerName" : {
          "name" : "nodeO_c00"
        },
        "timestamp" : 143997,
        "service" : {
          "group" : "com.bbn",
          "artifact" : "test-service3",
          "version" : "1"
        },
        "serviceStatus" : "RUNNING",
        "demandEstimationWindow" : "SHORT",
        "computeCapacity" : {
          "CPU" : 1.0,
          "TASK_CONTAINERS" : 100.0,
          "QueueLength" : 1000000.0
        },
        "computeLoad" : {
          "UNKNOWN" : {
            "QueueLength" : 200.0,
            "TASK_CONTAINERS" : 100.0
          }
        },
        "computeDemand" : {
          "UNKNOWN" : {
            "QueueLength" : 175.0,
            "TASK_CONTAINERS" : 87.5
          }
        },
        "averageProcessingTime" : "NaN",
        "networkCapacity" : {
          "interface-nodeO ( nodeO )" : {
            "DATARATE_TX" : 100.0,
            "DATARATE_RX" : 100.0
          }
        },
        "networkLoad" : {
          "interface-nodeO ( nodeO )" : {
            "(clientPoolO, nodeO_c00, nodeO_c00)" : {
              "AppCoordinates {com.bbn, test-service3, 1}" : {
                "DATARATE_TX" : 4.5399999999999895E-4,
                "DATARATE_RX" : 2.2699999999999947E-4
              }
            }
          }
        },
        "networkDemand" : {
          "interface-nodeO ( nodeO )" : {
            "(clientPoolO, nodeO_c00, nodeO_c00)" : {
              "AppCoordinates {com.bbn, test-service3, 1}" : {
                "DATARATE_TX" : 4.53999999999999E-4,
                "DATARATE_RX" : 2.269999999999995E-4
              }
            }
          }
        }
      }
    },
    "maximumServiceContainers" : 20,
    "allocatedServiceContainers" : 2,
    "computeDemand" : {
      "AppCoordinates {com.bbn, test-service3, 1}" : {
        "UNKNOWN" : {
          "QueueLength" : 193.375,
          "TASK_CONTAINERS" : 96.6875
        }
      }
    },
    "containerNetworkLoad" : {
      "interface-nodeO ( nodeO )" : {
        "(clientPoolO, nodeO_c00, nodeO_c00)" : {
          "AppCoordinates {com.bbn, test-service3, 1}" : {
            "DATARATE_TX" : 4.5399999999999895E-4,
            "DATARATE_RX" : 2.2699999999999947E-4
          }
        },
        "(clientPoolO, nodeO_c01, nodeO_c01)" : {
          "AppCoordinates {com.bbn, test-service3, 1}" : {
            "DATARATE_TX" : 4.200000000000001E-5,
            "DATARATE_RX" : 2.1000000000000006E-5
          }
        }
      }
    },
    "containerNetworkDemand" : {
      "interface-nodeO ( nodeO )" : {
        "(clientPoolO, nodeO_c00, nodeO_c00)" : {
          "AppCoordinates {com.bbn, test-service3, 1}" : {
            "DATARATE_TX" : 4.53999999999999E-4,
            "DATARATE_RX" : 2.269999999999995E-4
          }
        },
        "(clientPoolO, nodeO_c01, nodeO_c01)" : {
          "AppCoordinates {com.bbn, test-service3, 1}" : {
            "DATARATE_TX" : 4.2000000000000004E-5,
            "DATARATE_RX" : 2.1000000000000002E-5
          }
        }
      }
    },
    "computeLoad" : {
      "AppCoordinates {com.bbn, test-service3, 1}" : {
        "UNKNOWN" : {
          "QueueLength" : 221.0,
          "TASK_CONTAINERS" : 110.5
        }
      }
    },
    "allocatedComputeCapacity" : {
      "CPU" : 2.0,
      "QueueLength" : 2000000.0,
      "TASK_CONTAINERS" : 200.0
    },
    "availableServiceContainers" : 18,
    "averageProcessingTime" : { }
  } ]
}