500,1,DNS_UPDATE_SUCCEEDED
547,2,DCOP_PLAN_PLUBLIED
580,2,RLG_PLAN_PUBLISHED
105669,212,DCOP_PLAN_PLUBLIED
108542,217,RLG_PLAN_PUBLISHED
108563,218,DNS_UPDATE_SUCCEEDED
109059,219,DNS_UPDATE_SUCCEEDED
111543,223,RLG_PLAN_PUBLISHED
111559,224,DNS_UPDATE_SUCCEEDED
120544,241,RLG_PLAN_PUBLISHED
120576,242,DNS_UPDATE_SUCCEEDED
121076,243,DNS_UPDATE_SUCCEEDED
123543,247,RLG_PLAN_PUBLISHED
123576,248,DNS_UPDATE_SUCCEEDED
165613,332,DCOP_PLAN_PLUBLIED
168543,337,RLG_PLAN_PUBLISHED
168594,338,DNS_UPDATE_SUCCEEDED
180545,361,RLG_PLAN_PUBLISHED
180600,362,DNS_UPDATE_SUCCEEDED
183545,367,RLG_PLAN_PUBLISHED
183600,368,DNS_UPDATE_SUCCEEDED
184097,369,DNS_UPDATE_SUCCEEDED
186545,373,RLG_PLAN_PUBLISHED
186599,374,DNS_UPDATE_SUCCEEDED
225627,452,DCOP_PLAN_PLUBLIED
228550,457,RLG_PLAN_PUBLISHED
228619,458,DNS_UPDATE_SUCCEEDED
285637,571,DCOP_PLAN_PLUBLIED
288554,577,RLG_PLAN_PUBLISHED
288644,578,DNS_UPDATE_SUCCEEDED
345628,691,DCOP_PLAN_PLUBLIED
348560,697,RLG_PLAN_PUBLISHED
348679,698,DNS_UPDATE_SUCCEEDED
405617,811,DCOP_PLAN_PLUBLIED
408568,817,RLG_PLAN_PUBLISHED
408714,818,DNS_UPDATE_SUCCEEDED
465623,931,DCOP_PLAN_PLUBLIED
468575,937,RLG_PLAN_PUBLISHED
468747,938,DNS_UPDATE_SUCCEEDED
525623,1051,DCOP_PLAN_PLUBLIED
528580,1057,RLG_PLAN_PUBLISHED
528790,1058,DNS_UPDATE_SUCCEEDED
582587,1165,RLG_PLAN_PUBLISHED
582836,1166,DNS_UPDATE_SUCCEEDED
583340,1167,DNS_UPDATE_SUCCEEDED
585587,1171,RLG_PLAN_PUBLISHED
585645,1171,DCOP_PLAN_PLUBLIED
585841,1172,DNS_UPDATE_SUCCEEDED
588588,1177,RLG_PLAN_PUBLISHED
588842,1178,DNS_UPDATE_SUCCEEDED
630002,1260,DCOP_PLAN_PLUBLIED
