{
  "nodeName" : {
    "name" : "nodeG"
  },
  "timestamp" : 152995,
  "demandEstimationWindow" : "LONG",
  "nodeComputeCapacity" : {
    "CPU" : 4.0,
    "MEMORY" : 8.0E9,
    "DISK" : 10.0,
    "TASK_CONTAINERS" : 20.0
  },
  "networkCapacity" : {
    "interface-nodeD ( nodeD )" : {
      "DATARATE_RX" : 100.0,
      "DATARATE_TX" : 100.0
    },
    "interface-nodeE ( nodeE )" : {
      "DATARATE_RX" : 100.0,
      "DATARATE_TX" : 100.0
    },
    "interface-nodeB ( nodeB )" : {
      "DATARATE_RX" : 100.0,
      "DATARATE_TX" : 100.0
    },
    "interface-nodeC ( nodeC )" : {
      "DATARATE_RX" : 100.0,
      "DATARATE_TX" : 100.0
    },
    "interface-nodeH ( nodeH )" : {
      "DATARATE_RX" : 100.0,
      "DATARATE_TX" : 100.0
    },
    "interface-nodeI ( nodeI )" : {
      "DATARATE_RX" : 100.0,
      "DATARATE_TX" : 100.0
    }
  },
  "networkLoad" : {
    "interface-nodeD ( nodeD )" : { },
    "interface-nodeE ( nodeE )" : {
      "(nodeG_c01, clientPoolJ, nodeG_c01)" : {
        "AppCoordinates {com.bbn, test-service2, 1}" : {
          "DATARATE_TX" : 1.0E-6,
          "DATARATE_RX" : 2.0E-6
        }
      }
    },
    "interface-nodeB ( nodeB )" : {
      "(clientPoolG, nodeB_c00, nodeB_c00)" : {
        "AppCoordinates {com.bbn, test-service1, 1}" : {
          "DATARATE_TX" : 6.400000000000001E-5,
          "DATARATE_RX" : 3.2000000000000005E-5
        }
      },
      "(clientPoolG, nodeB_c02, nodeB_c02)" : {
        "AppCoordinates {com.bbn, test-service3, 1}" : {
          "DATARATE_TX" : 6.6E-5,
          "DATARATE_RX" : 3.3E-5
        }
      },
      "(clientPoolG, nodeB_c01, nodeB_c01)" : {
        "AppCoordinates {com.bbn, test-service2, 1}" : {
          "DATARATE_TX" : 1.419999999999998E-4,
          "DATARATE_RX" : 7.09999999999999E-5
        }
      },
      "(clientPoolG, nodeB_c07, nodeB_c07)" : {
        "AppCoordinates {com.bbn, test-service1, 1}" : {
          "DATARATE_TX" : 5.200000000000001E-5,
          "DATARATE_RX" : 2.6000000000000005E-5
        }
      },
      "(clientPoolG, nodeB_c04, nodeB_c04)" : {
        "AppCoordinates {com.bbn, test-service3, 1}" : {
          "DATARATE_TX" : 8.599999999999995E-5,
          "DATARATE_RX" : 4.2999999999999975E-5
        },
        "AppCoordinates {com.bbn, test-service1, 1}" : {
          "DATARATE_TX" : -8.470329472543003E-22,
          "DATARATE_RX" : -4.2351647362715017E-22
        }
      },
      "(clientPoolG, nodeB_c03, nodeB_c03)" : {
        "AppCoordinates {com.bbn, test-service1, 1}" : {
          "DATARATE_TX" : 1.439999999999998E-4,
          "DATARATE_RX" : 7.19999999999999E-5
        }
      },
      "(clientPoolG, nodeB_c06, nodeB_c06)" : {
        "AppCoordinates {com.bbn, test-service2, 1}" : {
          "DATARATE_TX" : 1.019999999999999E-4,
          "DATARATE_RX" : 5.099999999999995E-5
        }
      },
      "(clientPoolG, nodeB_c05, nodeB_c05)" : {
        "AppCoordinates {com.bbn, test-service3, 1}" : {
          "DATARATE_TX" : 7.799999999999997E-5,
          "DATARATE_RX" : 3.8999999999999986E-5
        }
      }
    },
    "interface-nodeC ( nodeC )" : { },
    "interface-nodeH ( nodeH )" : { },
    "interface-nodeI ( nodeI )" : {
      "(nodeG_c03, clientPoolI, nodeG_c03)" : {
        "AppCoordinates {com.bbn, test-service3, 1}" : {
          "DATARATE_TX" : 2.3000000000000007E-5,
          "DATARATE_RX" : 4.6000000000000014E-5
        }
      },
      "(nodeG_c01, clientPoolI, nodeG_c01)" : {
        "AppCoordinates {com.bbn, test-service2, 1}" : {
          "DATARATE_TX" : 4.0E-6,
          "DATARATE_RX" : 8.0E-6
        }
      },
      "(nodeG_c00, clientPoolI, nodeG_c00)" : {
        "AppCoordinates {com.bbn, test-service3, 1}" : {
          "DATARATE_TX" : 4.699999999999996E-5,
          "DATARATE_RX" : 9.399999999999993E-5
        }
      }
    }
  },
  "networkDemand" : {
    "interface-nodeE ( nodeE )" : {
      "(nodeG_c01, clientPoolJ, nodeG_c01)" : {
        "AppCoordinates {com.bbn, test-service2, 1}" : {
          "DATARATE_TX" : 9.999999999999983E-7,
          "DATARATE_RX" : 1.9999999999999965E-6
        }
      }
    },
    "interface-nodeD ( nodeD )" : { },
    "interface-nodeC ( nodeC )" : { },
    "interface-nodeB ( nodeB )" : {
      "(clientPoolG, nodeB_c00, nodeB_c00)" : {
        "AppCoordinates {com.bbn, test-service1, 1}" : {
          "DATARATE_TX" : 1.3397560975609736E-4,
          "DATARATE_RX" : 6.698780487804868E-5
        }
      },
      "(clientPoolG, nodeB_c02, nodeB_c02)" : {
        "AppCoordinates {com.bbn, test-service3, 1}" : {
          "DATARATE_TX" : 1.0466666666666654E-4,
          "DATARATE_RX" : 5.233333333333327E-5
        }
      },
      "(clientPoolG, nodeB_c01, nodeB_c01)" : {
        "AppCoordinates {com.bbn, test-service2, 1}" : {
          "DATARATE_TX" : 1.349099099099095E-4,
          "DATARATE_RX" : 6.745495495495475E-5
        }
      },
      "(clientPoolG, nodeB_c07, nodeB_c07)" : {
        "AppCoordinates {com.bbn, test-service1, 1}" : {
          "DATARATE_TX" : 1.1722222222222185E-4,
          "DATARATE_RX" : 5.8611111111110925E-5
        }
      },
      "(clientPoolG, nodeB_c04, nodeB_c04)" : {
        "AppCoordinates {com.bbn, test-service3, 1}" : {
          "DATARATE_TX" : 7.597590361445787E-5,
          "DATARATE_RX" : 3.798795180722893E-5
        },
        "AppCoordinates {com.bbn, test-service1, 1}" : {
          "DATARATE_TX" : 2.666666666666663E-5,
          "DATARATE_RX" : 1.3333333333333315E-5
        }
      },
      "(clientPoolG, nodeB_c03, nodeB_c03)" : {
        "AppCoordinates {com.bbn, test-service1, 1}" : {
          "DATARATE_TX" : 1.4057383966244638E-4,
          "DATARATE_RX" : 7.028691983122319E-5
        }
      },
      "(clientPoolG, nodeB_c06, nodeB_c06)" : {
        "AppCoordinates {com.bbn, test-service2, 1}" : {
          "DATARATE_TX" : 9.585507246376797E-5,
          "DATARATE_RX" : 4.792753623188399E-5
        }
      },
      "(clientPoolG, nodeB_c05, nodeB_c05)" : {
        "AppCoordinates {com.bbn, test-service3, 1}" : {
          "DATARATE_TX" : 8.590960451977404E-5,
          "DATARATE_RX" : 4.295480225988702E-5
        }
      }
    },
    "interface-nodeI ( nodeI )" : {
      "(nodeG_c03, clientPoolI, nodeG_c03)" : {
        "AppCoordinates {com.bbn, test-service3, 1}" : {
          "DATARATE_TX" : 2.1985507246376823E-5,
          "DATARATE_RX" : 4.3971014492753646E-5
        }
      },
      "(nodeG_c01, clientPoolI, nodeG_c01)" : {
        "AppCoordinates {com.bbn, test-service2, 1}" : {
          "DATARATE_TX" : 3.0476190476190456E-6,
          "DATARATE_RX" : 6.095238095238091E-6
        }
      },
      "(nodeG_c00, clientPoolI, nodeG_c00)" : {
        "AppCoordinates {com.bbn, test-service3, 1}" : {
          "DATARATE_TX" : 4.334939759036149E-5,
          "DATARATE_RX" : 8.669879518072297E-5
        }
      }
    },
    "interface-nodeH ( nodeH )" : { }
  },
  "containerReports" : {
    "nodeG_c01" : {
      "containerName" : {
        "name" : "nodeG_c01"
      },
      "timestamp" : 152995,
      "service" : {
        "group" : "com.bbn",
        "artifact" : "test-service2",
        "version" : "1"
      },
      "serviceStatus" : "RUNNING",
      "demandEstimationWindow" : "LONG",
      "computeCapacity" : {
        "CPU" : 1.0,
        "TASK_CONTAINERS" : 100.0,
        "QueueLength" : 1000000.0
      },
      "computeLoad" : {
        "UNKNOWN" : {
          "QueueLength" : 60.0,
          "TASK_CONTAINERS" : 30.0
        }
      },
      "computeDemand" : {
        "UNKNOWN" : {
          "QueueLength" : 39.48888888888889,
          "TASK_CONTAINERS" : 20.193181818181817
        }
      },
      "averageProcessingTime" : "NaN",
      "networkCapacity" : {
        "interface-nodeG ( nodeG )" : {
          "DATARATE_TX" : 100.0,
          "DATARATE_RX" : 100.0
        }
      },
      "networkLoad" : {
        "interface-nodeG ( nodeG )" : {
          "(clientPoolG, nodeG_c01, nodeG_c01)" : {
            "AppCoordinates {com.bbn, test-service2, 1}" : {
              "DATARATE_TX" : 1.0999999999999988E-4,
              "DATARATE_RX" : 5.499999999999994E-5
            }
          },
          "(clientPoolI, nodeG_c01, nodeG_c01)" : {
            "AppCoordinates {com.bbn, test-service2, 1}" : {
              "DATARATE_TX" : 8.0E-6,
              "DATARATE_RX" : 4.0E-6
            }
          },
          "(clientPoolJ, nodeG_c01, nodeG_c01)" : {
            "AppCoordinates {com.bbn, test-service2, 1}" : {
              "DATARATE_TX" : 2.0E-6,
              "DATARATE_RX" : 1.0E-6
            }
          }
        }
      },
      "networkDemand" : {
        "interface-nodeG ( nodeG )" : {
          "(clientPoolG, nodeG_c01, nodeG_c01)" : {
            "AppCoordinates {com.bbn, test-service2, 1}" : {
              "DATARATE_TX" : 7.390804597701156E-5,
              "DATARATE_RX" : 3.695402298850578E-5
            }
          },
          "(clientPoolI, nodeG_c01, nodeG_c01)" : {
            "AppCoordinates {com.bbn, test-service2, 1}" : {
              "DATARATE_TX" : 6.0952380952380894E-6,
              "DATARATE_RX" : 3.0476190476190447E-6
            }
          },
          "(clientPoolJ, nodeG_c01, nodeG_c01)" : {
            "AppCoordinates {com.bbn, test-service2, 1}" : {
              "DATARATE_TX" : 1.9999999999999965E-6,
              "DATARATE_RX" : 9.999999999999983E-7
            }
          }
        }
      }
    },
    "nodeG_c02" : {
      "containerName" : {
        "name" : "nodeG_c02"
      },
      "timestamp" : 152995,
      "service" : {
        "group" : "com.bbn",
        "artifact" : "test-service1",
        "version" : "1"
      },
      "serviceStatus" : "RUNNING",
      "demandEstimationWindow" : "LONG",
      "computeCapacity" : {
        "CPU" : 1.0,
        "TASK_CONTAINERS" : 100.0,
        "QueueLength" : 1000000.0
      },
      "computeLoad" : {
        "UNKNOWN" : {
          "QueueLength" : 0.0
        }
      },
      "computeDemand" : {
        "UNKNOWN" : {
          "QueueLength" : 0.0
        }
      },
      "averageProcessingTime" : "NaN",
      "networkCapacity" : {
        "interface-nodeG ( nodeG )" : {
          "DATARATE_TX" : 100.0,
          "DATARATE_RX" : 100.0
        }
      },
      "networkLoad" : {
        "interface-nodeG ( nodeG )" : { }
      },
      "networkDemand" : {
        "interface-nodeG ( nodeG )" : { }
      }
    },
    "nodeG_c00" : {
      "containerName" : {
        "name" : "nodeG_c00"
      },
      "timestamp" : 152996,
      "service" : {
        "group" : "com.bbn",
        "artifact" : "test-service3",
        "version" : "1"
      },
      "serviceStatus" : "RUNNING",
      "demandEstimationWindow" : "LONG",
      "computeCapacity" : {
        "CPU" : 1.0,
        "TASK_CONTAINERS" : 100.0,
        "QueueLength" : 1000000.0
      },
      "computeLoad" : {
        "UNKNOWN" : {
          "QueueLength" : 200.0,
          "TASK_CONTAINERS" : 100.0
        }
      },
      "computeDemand" : {
        "UNKNOWN" : {
          "QueueLength" : 170.94444444444446,
          "TASK_CONTAINERS" : 91.57738095238095
        }
      },
      "averageProcessingTime" : "NaN",
      "networkCapacity" : {
        "interface-nodeG ( nodeG )" : {
          "DATARATE_TX" : 100.0,
          "DATARATE_RX" : 100.0
        }
      },
      "networkLoad" : {
        "interface-nodeG ( nodeG )" : {
          "(clientPoolG, nodeG_c00, nodeG_c00)" : {
            "AppCoordinates {com.bbn, test-service3, 1}" : {
              "DATARATE_TX" : 4.079999999999991E-4,
              "DATARATE_RX" : 2.0399999999999954E-4
            }
          },
          "(clientPoolI, nodeG_c00, nodeG_c00)" : {
            "AppCoordinates {com.bbn, test-service3, 1}" : {
              "DATARATE_TX" : 1.2399999999999984E-4,
              "DATARATE_RX" : 6.199999999999992E-5
            }
          }
        }
      },
      "networkDemand" : {
        "interface-nodeG ( nodeG )" : {
          "(clientPoolG, nodeG_c00, nodeG_c00)" : {
            "AppCoordinates {com.bbn, test-service3, 1}" : {
              "DATARATE_TX" : 3.660963855421676E-4,
              "DATARATE_RX" : 1.830481927710838E-4
            }
          },
          "(clientPoolI, nodeG_c00, nodeG_c00)" : {
            "AppCoordinates {com.bbn, test-service3, 1}" : {
              "DATARATE_TX" : 1.1118072289156608E-4,
              "DATARATE_RX" : 5.559036144578304E-5
            }
          }
        }
      }
    },
    "nodeG_c03" : {
      "containerName" : {
        "name" : "nodeG_c03"
      },
      "timestamp" : 152997,
      "service" : {
        "group" : "com.bbn",
        "artifact" : "test-service3",
        "version" : "1"
      },
      "serviceStatus" : "RUNNING",
      "demandEstimationWindow" : "LONG",
      "computeCapacity" : {
        "CPU" : 1.0,
        "TASK_CONTAINERS" : 100.0,
        "QueueLength" : 1000000.0
      },
      "computeLoad" : {
        "UNKNOWN" : {
          "QueueLength" : 94.0,
          "TASK_CONTAINERS" : 47.0
        }
      },
      "computeDemand" : {
        "UNKNOWN" : {
          "QueueLength" : 85.79166666666667,
          "TASK_CONTAINERS" : 44.121428571428574
        }
      },
      "averageProcessingTime" : "NaN",
      "networkCapacity" : {
        "interface-nodeG ( nodeG )" : {
          "DATARATE_TX" : 100.0,
          "DATARATE_RX" : 100.0
        }
      },
      "networkLoad" : {
        "interface-nodeG ( nodeG )" : {
          "(clientPoolI, nodeG_c03, nodeG_c03)" : {
            "AppCoordinates {com.bbn, test-service3, 1}" : {
              "DATARATE_TX" : 4.6000000000000014E-5,
              "DATARATE_RX" : 2.3000000000000007E-5
            }
          },
          "(clientPoolG, nodeG_c03, nodeG_c03)" : {
            "AppCoordinates {com.bbn, test-service3, 1}" : {
              "DATARATE_TX" : 1.419999999999998E-4,
              "DATARATE_RX" : 7.09999999999999E-5
            }
          }
        }
      },
      "networkDemand" : {
        "interface-nodeG ( nodeG )" : {
          "(clientPoolI, nodeG_c03, nodeG_c03)" : {
            "AppCoordinates {com.bbn, test-service3, 1}" : {
              "DATARATE_TX" : 4.397101449275365E-5,
              "DATARATE_RX" : 2.1985507246376826E-5
            }
          },
          "(clientPoolG, nodeG_c03, nodeG_c03)" : {
            "AppCoordinates {com.bbn, test-service3, 1}" : {
              "DATARATE_TX" : 1.3507246376811573E-4,
              "DATARATE_RX" : 6.753623188405787E-5
            }
          }
        }
      }
    },
    "nodeG_c04" : {
      "containerName" : {
        "name" : "nodeG_c04"
      },
      "timestamp" : 152997,
      "service" : {
        "group" : "com.bbn",
        "artifact" : "test-service3",
        "version" : "1"
      },
      "serviceStatus" : "RUNNING",
      "demandEstimationWindow" : "LONG",
      "computeCapacity" : {
        "CPU" : 1.0,
        "TASK_CONTAINERS" : 100.0,
        "QueueLength" : 1000000.0
      },
      "computeLoad" : {
        "UNKNOWN" : {
          "QueueLength" : 0.0
        }
      },
      "computeDemand" : {
        "UNKNOWN" : {
          "QueueLength" : 0.0
        }
      },
      "averageProcessingTime" : "NaN",
      "networkCapacity" : {
        "interface-nodeG ( nodeG )" : {
          "DATARATE_TX" : 100.0,
          "DATARATE_RX" : 100.0
        }
      },
      "networkLoad" : {
        "interface-nodeG ( nodeG )" : { }
      },
      "networkDemand" : {
        "interface-nodeG ( nodeG )" : { }
      }
    }
  },
  "maximumServiceContainers" : 20,
  "allocatedServiceContainers" : 5,
  "computeDemand" : {
    "AppCoordinates {com.bbn, test-service3, 1}" : {
      "UNKNOWN" : {
        "QueueLength" : 256.73611111111114,
        "TASK_CONTAINERS" : 135.69880952380953
      }
    },
    "AppCoordinates {com.bbn, test-service2, 1}" : {
      "UNKNOWN" : {
        "QueueLength" : 39.48888888888889,
        "TASK_CONTAINERS" : 20.193181818181817
      }
    },
    "AppCoordinates {com.bbn, test-service1, 1}" : {
      "UNKNOWN" : {
        "QueueLength" : 0.0
      }
    }
  },
  "containerNetworkLoad" : {
    "interface-nodeG ( nodeG )" : {
      "(clientPoolI, nodeG_c03, nodeG_c03)" : {
        "AppCoordinates {com.bbn, test-service3, 1}" : {
          "DATARATE_TX" : 4.6000000000000014E-5,
          "DATARATE_RX" : 2.3000000000000007E-5
        }
      },
      "(clientPoolG, nodeG_c01, nodeG_c01)" : {
        "AppCoordinates {com.bbn, test-service2, 1}" : {
          "DATARATE_TX" : 1.0999999999999988E-4,
          "DATARATE_RX" : 5.499999999999994E-5
        }
      },
      "(clientPoolG, nodeG_c00, nodeG_c00)" : {
        "AppCoordinates {com.bbn, test-service3, 1}" : {
          "DATARATE_TX" : 4.079999999999991E-4,
          "DATARATE_RX" : 2.0399999999999954E-4
        }
      },
      "(clientPoolI, nodeG_c01, nodeG_c01)" : {
        "AppCoordinates {com.bbn, test-service2, 1}" : {
          "DATARATE_TX" : 8.0E-6,
          "DATARATE_RX" : 4.0E-6
        }
      },
      "(clientPoolI, nodeG_c00, nodeG_c00)" : {
        "AppCoordinates {com.bbn, test-service3, 1}" : {
          "DATARATE_TX" : 1.2399999999999984E-4,
          "DATARATE_RX" : 6.199999999999992E-5
        }
      },
      "(clientPoolJ, nodeG_c01, nodeG_c01)" : {
        "AppCoordinates {com.bbn, test-service2, 1}" : {
          "DATARATE_TX" : 2.0E-6,
          "DATARATE_RX" : 1.0E-6
        }
      },
      "(clientPoolG, nodeG_c03, nodeG_c03)" : {
        "AppCoordinates {com.bbn, test-service3, 1}" : {
          "DATARATE_TX" : 1.419999999999998E-4,
          "DATARATE_RX" : 7.09999999999999E-5
        }
      }
    }
  },
  "containerNetworkDemand" : {
    "interface-nodeG ( nodeG )" : {
      "(clientPoolI, nodeG_c03, nodeG_c03)" : {
        "AppCoordinates {com.bbn, test-service3, 1}" : {
          "DATARATE_TX" : 4.397101449275365E-5,
          "DATARATE_RX" : 2.1985507246376826E-5
        }
      },
      "(clientPoolG, nodeG_c01, nodeG_c01)" : {
        "AppCoordinates {com.bbn, test-service2, 1}" : {
          "DATARATE_TX" : 7.390804597701156E-5,
          "DATARATE_RX" : 3.695402298850578E-5
        }
      },
      "(clientPoolG, nodeG_c00, nodeG_c00)" : {
        "AppCoordinates {com.bbn, test-service3, 1}" : {
          "DATARATE_TX" : 3.660963855421676E-4,
          "DATARATE_RX" : 1.830481927710838E-4
        }
      },
      "(clientPoolI, nodeG_c01, nodeG_c01)" : {
        "AppCoordinates {com.bbn, test-service2, 1}" : {
          "DATARATE_TX" : 6.0952380952380894E-6,
          "DATARATE_RX" : 3.0476190476190447E-6
        }
      },
      "(clientPoolI, nodeG_c00, nodeG_c00)" : {
        "AppCoordinates {com.bbn, test-service3, 1}" : {
          "DATARATE_TX" : 1.1118072289156608E-4,
          "DATARATE_RX" : 5.559036144578304E-5
        }
      },
      "(clientPoolJ, nodeG_c01, nodeG_c01)" : {
        "AppCoordinates {com.bbn, test-service2, 1}" : {
          "DATARATE_TX" : 1.9999999999999965E-6,
          "DATARATE_RX" : 9.999999999999983E-7
        }
      },
      "(clientPoolG, nodeG_c03, nodeG_c03)" : {
        "AppCoordinates {com.bbn, test-service3, 1}" : {
          "DATARATE_TX" : 1.3507246376811573E-4,
          "DATARATE_RX" : 6.753623188405787E-5
        }
      }
    }
  },
  "computeLoad" : {
    "AppCoordinates {com.bbn, test-service3, 1}" : {
      "UNKNOWN" : {
        "QueueLength" : 294.0,
        "TASK_CONTAINERS" : 147.0
      }
    },
    "AppCoordinates {com.bbn, test-service2, 1}" : {
      "UNKNOWN" : {
        "QueueLength" : 60.0,
        "TASK_CONTAINERS" : 30.0
      }
    },
    "AppCoordinates {com.bbn, test-service1, 1}" : {
      "UNKNOWN" : {
        "QueueLength" : 0.0
      }
    }
  },
  "allocatedComputeCapacity" : {
    "CPU" : 5.0,
    "QueueLength" : 5000000.0,
    "TASK_CONTAINERS" : 500.0
  },
  "availableServiceContainers" : 15,
  "averageProcessingTime" : { }
}