451,1,DNS_UPDATE_SUCCEEDED
503,1,DCOP_PLAN_PLUBLIED
510,1,RLG_PLAN_PUBLISHED
105659,212,DCOP_PLAN_PLUBLIED
108484,217,RLG_PLAN_PUBLISHED
108549,218,DNS_UPDATE_SUCCEEDED
109051,219,DNS_UPDATE_SUCCEEDED
111481,223,RLG_PLAN_PUBLISHED
111552,224,DNS_UPDATE_SUCCEEDED
165489,331,RLG_PLAN_PUBLISHED
165578,332,DNS_UPDATE_SUCCEEDED
165648,332,DCOP_PLAN_PLUBLIED
166078,333,DNS_UPDATE_SUCCEEDED
168493,337,RLG_PLAN_PUBLISHED
168581,338,DNS_UPDATE_SUCCEEDED
177494,355,RLG_PLAN_PUBLISHED
177588,356,DNS_UPDATE_SUCCEEDED
180494,361,RLG_PLAN_PUBLISHED
180593,362,DNS_UPDATE_SUCCEEDED
181092,363,DNS_UPDATE_SUCCEEDED
183493,367,RLG_PLAN_PUBLISHED
183593,368,DNS_UPDATE_SUCCEEDED
225648,452,DCOP_PLAN_PLUBLIED
228516,457,RLG_PLAN_PUBLISHED
228615,458,DNS_UPDATE_SUCCEEDED
285627,571,DCOP_PLAN_PLUBLIED
288512,577,RLG_PLAN_PUBLISHED
288645,578,DNS_UPDATE_SUCCEEDED
345637,691,DCOP_PLAN_PLUBLIED
348519,697,RLG_PLAN_PUBLISHED
348683,698,DNS_UPDATE_SUCCEEDED
405612,811,DCOP_PLAN_PLUBLIED
408521,817,RLG_PLAN_PUBLISHED
408712,818,DNS_UPDATE_SUCCEEDED
465648,931,DCOP_PLAN_PLUBLIED
468528,937,RLG_PLAN_PUBLISHED
468760,938,DNS_UPDATE_SUCCEEDED
525604,1051,DCOP_PLAN_PLUBLIED
528535,1057,RLG_PLAN_PUBLISHED
528820,1058,DNS_UPDATE_SUCCEEDED
585605,1171,DCOP_PLAN_PLUBLIED
588551,1177,RLG_PLAN_PUBLISHED
588887,1178,DNS_UPDATE_SUCCEEDED
630005,1261,DNS_UPDATE_SUCCEEDED
630005,1291,DCOP_PLAN_PLUBLIED
