{
  "clientName" : "clientPoolC",
  "clientRegion" : {
    "name" : "C"
  },
  "numRequestsAttempted" : 5800,
  "numRequestsSucceeded" : 4397,
  "numRequestsFailedForServerLoad" : 1403,
  "numRequestsFailedForNetworkLoad" : 0,
  "numRequestsSlowForServerLoad" : 1058,
  "numRequestsSlowForNetworkLoad" : 0,
  "numRequestsSlowForNetworkAndServerLoad" : 0,
  "numRequestsServicedByRegion" : {
    "A" : 54,
    "B" : 22,
    "C" : 1319,
    "D" : 30,
    "E" : 1106,
    "G" : 757,
    "H" : 32,
    "J" : 1077
  },
  "numRequestsFailedForDownNode" : 0
}