{
  "AppCoordinates {com.bbn, test-service3, 1}" : {
    "serverDemand" : {
      "D" : {
        "QueueLength" : 346.02497148190935,
        "TASK_CONTAINERS" : 222.51891368645124
      },
      "I" : {
        "QueueLength" : 199.72450706598104,
        "TASK_CONTAINERS" : 135.7541167793192
      }
    }
  },
  "AppCoordinates {com.bbn, test-service2, 1}" : {
    "serverDemand" : {
      "D" : {
        "QueueLength" : 68.64354867725183,
        "TASK_CONTAINERS" : 47.30839165594383
      },
      "I" : {
        "QueueLength" : 69.99697419856517,
        "TASK_CONTAINERS" : 48.241157893605724
      }
    }
  },
  "AppCoordinates {com.bbn, test-service1, 1}" : {
    "serverDemand" : {
      "D" : {
        "QueueLength" : 77.67176952933782,
        "TASK_CONTAINERS" : 39.942320228049795
      },
      "I" : {
        "QueueLength" : 85.32269030445717,
        "TASK_CONTAINERS" : 43.87676809103852
      }
    }
  }
}