{
  "clientName" : "clientPoolE",
  "clientRegion" : {
    "name" : "E"
  },
  "numRequestsAttempted" : 2400,
  "numRequestsSucceeded" : 1047,
  "numRequestsFailedForServerLoad" : 1353,
  "numRequestsFailedForNetworkLoad" : 0,
  "numRequestsSlowForServerLoad" : 253,
  "numRequestsSlowForNetworkLoad" : 0,
  "numRequestsSlowForNetworkAndServerLoad" : 0,
  "numRequestsServicedByRegion" : {
    "A" : 778,
    "B" : 19,
    "C" : 63,
    "D" : 71,
    "E" : 116
  },
  "numRequestsFailedForDownNode" : 0
}