{
  "region" : {
    "name" : "F"
  },
  "timestamp" : 396640,
  "servicePlan" : {
    "nodeF" : [ {
      "id" : {
        "name" : "nodeF_c01"
      },
      "service" : {
        "group" : "com.bbn",
        "artifact" : "test-service3",
        "version" : "1"
      },
      "weight" : 1.0,
      "stopTrafficTo" : false,
      "stop" : false
    } ]
  },
  "overflowPlan" : {
    "AppCoordinates {com.bbn, test-service3, 1}" : {
      "A" : 0.8788569119161036,
      "F" : 0.1211430880838964
    },
    "AppCoordinates {com.bbn, test-service2, 1}" : {
      "A" : 1.0,
      "F" : 0.0
    },
    "AppCoordinates {com.bbn, test-service1, 1}" : {
      "A" : 1.0,
      "F" : 0.0
    }
  }
}