{
  "clientName" : "clientPoolE",
  "clientRegion" : {
    "name" : "E"
  },
  "numRequestsAttempted" : 6133,
  "numRequestsSucceeded" : 2566,
  "numRequestsFailedForServerLoad" : 3567,
  "numRequestsFailedForNetworkLoad" : 0,
  "numRequestsSlowForServerLoad" : 571,
  "numRequestsSlowForNetworkLoad" : 0,
  "numRequestsSlowForNetworkAndServerLoad" : 0,
  "numRequestsServicedByRegion" : {
    "A" : 1826,
    "B" : 71,
    "C" : 151,
    "D" : 216,
    "E" : 302
  },
  "numRequestsFailedForDownNode" : 0
}