{
  "nodeName" : {
    "name" : "nodeD"
  },
  "timestamp" : 366988,
  "demandEstimationWindow" : "SHORT",
  "nodeComputeCapacity" : {
    "CPU" : 4.0,
    "MEMORY" : 8.0E9,
    "DISK" : 10.0,
    "TASK_CONTAINERS" : 20.0
  },
  "networkCapacity" : {
    "interface-nodeE ( nodeE )" : {
      "DATARATE_RX" : 100.0,
      "DATARATE_TX" : 100.0
    },
    "interface-nodeC ( nodeC )" : {
      "DATARATE_RX" : 100.0,
      "DATARATE_TX" : 100.0
    },
    "interface-nodeH ( nodeH )" : {
      "DATARATE_RX" : 100.0,
      "DATARATE_TX" : 100.0
    },
    "interface-nodeF ( nodeF )" : {
      "DATARATE_RX" : 100.0,
      "DATARATE_TX" : 100.0
    },
    "interface-nodeG ( nodeG )" : {
      "DATARATE_RX" : 100.0,
      "DATARATE_TX" : 100.0
    },
    "interface-nodeJ ( nodeJ )" : {
      "DATARATE_RX" : 100.0,
      "DATARATE_TX" : 100.0
    }
  },
  "networkLoad" : {
    "interface-nodeE ( nodeE )" : {
      "(nodeD_c00, clientPoolE, nodeD_c00)" : {
        "AppCoordinates {com.bbn, test-service3, 1}" : {
          "DATARATE_TX" : -3.8116482626443515E-21,
          "DATARATE_RX" : -7.623296525288703E-21
        }
      },
      "(nodeD_c01, clientPoolE, nodeD_c01)" : {
        "AppCoordinates {com.bbn, test-service3, 1}" : {
          "DATARATE_TX" : 2.1000000000000002E-5,
          "DATARATE_RX" : 4.2000000000000004E-5
        }
      }
    },
    "interface-nodeC ( nodeC )" : { },
    "interface-nodeH ( nodeH )" : { },
    "interface-nodeF ( nodeF )" : { },
    "interface-nodeG ( nodeG )" : { },
    "interface-nodeJ ( nodeJ )" : {
      "(nodeD_c01, clientPoolJ, nodeD_c01)" : {
        "AppCoordinates {com.bbn, test-service3, 1}" : {
          "DATARATE_TX" : 3.4E-5,
          "DATARATE_RX" : 6.8E-5
        }
      },
      "(nodeD_c00, clientPoolJ, nodeD_c00)" : {
        "AppCoordinates {com.bbn, test-service3, 1}" : {
          "DATARATE_TX" : -3.8116482626443515E-21,
          "DATARATE_RX" : -7.623296525288703E-21
        }
      }
    }
  },
  "networkDemand" : {
    "interface-nodeE ( nodeE )" : {
      "(nodeD_c00, clientPoolE, nodeD_c00)" : {
        "AppCoordinates {com.bbn, test-service3, 1}" : {
          "DATARATE_TX" : -3.8116482626443515E-21,
          "DATARATE_RX" : -7.623296525288703E-21
        }
      },
      "(nodeD_c01, clientPoolE, nodeD_c01)" : {
        "AppCoordinates {com.bbn, test-service3, 1}" : {
          "DATARATE_TX" : 2.1E-5,
          "DATARATE_RX" : 4.2E-5
        }
      }
    },
    "interface-nodeC ( nodeC )" : { },
    "interface-nodeJ ( nodeJ )" : {
      "(nodeD_c01, clientPoolJ, nodeD_c01)" : {
        "AppCoordinates {com.bbn, test-service3, 1}" : {
          "DATARATE_TX" : 3.4000000000000007E-5,
          "DATARATE_RX" : 6.800000000000001E-5
        }
      },
      "(nodeD_c00, clientPoolJ, nodeD_c00)" : {
        "AppCoordinates {com.bbn, test-service3, 1}" : {
          "DATARATE_TX" : -3.8116482626443515E-21,
          "DATARATE_RX" : -7.623296525288703E-21
        }
      }
    },
    "interface-nodeH ( nodeH )" : { },
    "interface-nodeG ( nodeG )" : { },
    "interface-nodeF ( nodeF )" : { }
  },
  "containerReports" : {
    "nodeD_c01" : {
      "containerName" : {
        "name" : "nodeD_c01"
      },
      "timestamp" : 366988,
      "service" : {
        "group" : "com.bbn",
        "artifact" : "test-service3",
        "version" : "1"
      },
      "serviceStatus" : "RUNNING",
      "demandEstimationWindow" : "SHORT",
      "computeCapacity" : {
        "CPU" : 1.0,
        "TASK_CONTAINERS" : 100.0,
        "QueueLength" : 1000000.0
      },
      "computeLoad" : {
        "UNKNOWN" : {
          "QueueLength" : 55.0,
          "TASK_CONTAINERS" : 27.5
        }
      },
      "computeDemand" : {
        "UNKNOWN" : {
          "QueueLength" : 48.125,
          "TASK_CONTAINERS" : 24.0625
        }
      },
      "averageProcessingTime" : 120000.0,
      "networkCapacity" : {
        "interface-nodeD ( nodeD )" : {
          "DATARATE_TX" : 100.0,
          "DATARATE_RX" : 100.0
        }
      },
      "networkLoad" : {
        "interface-nodeD ( nodeD )" : {
          "(clientPoolJ, nodeD_c01, nodeD_c01)" : {
            "AppCoordinates {com.bbn, test-service3, 1}" : {
              "DATARATE_TX" : 6.8E-5,
              "DATARATE_RX" : 3.4E-5
            }
          },
          "(clientPoolE, nodeD_c01, nodeD_c01)" : {
            "AppCoordinates {com.bbn, test-service3, 1}" : {
              "DATARATE_TX" : 4.2000000000000004E-5,
              "DATARATE_RX" : 2.1000000000000002E-5
            }
          }
        }
      },
      "networkDemand" : {
        "interface-nodeD ( nodeD )" : {
          "(clientPoolJ, nodeD_c01, nodeD_c01)" : {
            "AppCoordinates {com.bbn, test-service3, 1}" : {
              "DATARATE_TX" : 6.800000000000001E-5,
              "DATARATE_RX" : 3.4000000000000007E-5
            }
          },
          "(clientPoolE, nodeD_c01, nodeD_c01)" : {
            "AppCoordinates {com.bbn, test-service3, 1}" : {
              "DATARATE_TX" : 4.2E-5,
              "DATARATE_RX" : 2.1E-5
            }
          }
        }
      }
    }
  },
  "maximumServiceContainers" : 20,
  "allocatedServiceContainers" : 1,
  "computeDemand" : {
    "AppCoordinates {com.bbn, test-service3, 1}" : {
      "UNKNOWN" : {
        "QueueLength" : 48.125,
        "TASK_CONTAINERS" : 24.0625
      }
    }
  },
  "containerNetworkLoad" : {
    "interface-nodeD ( nodeD )" : {
      "(clientPoolJ, nodeD_c01, nodeD_c01)" : {
        "AppCoordinates {com.bbn, test-service3, 1}" : {
          "DATARATE_TX" : 6.8E-5,
          "DATARATE_RX" : 3.4E-5
        }
      },
      "(clientPoolE, nodeD_c01, nodeD_c01)" : {
        "AppCoordinates {com.bbn, test-service3, 1}" : {
          "DATARATE_TX" : 4.2000000000000004E-5,
          "DATARATE_RX" : 2.1000000000000002E-5
        }
      }
    }
  },
  "containerNetworkDemand" : {
    "interface-nodeD ( nodeD )" : {
      "(clientPoolJ, nodeD_c01, nodeD_c01)" : {
        "AppCoordinates {com.bbn, test-service3, 1}" : {
          "DATARATE_TX" : 6.800000000000001E-5,
          "DATARATE_RX" : 3.4000000000000007E-5
        }
      },
      "(clientPoolE, nodeD_c01, nodeD_c01)" : {
        "AppCoordinates {com.bbn, test-service3, 1}" : {
          "DATARATE_TX" : 4.2E-5,
          "DATARATE_RX" : 2.1E-5
        }
      }
    }
  },
  "computeLoad" : {
    "AppCoordinates {com.bbn, test-service3, 1}" : {
      "UNKNOWN" : {
        "QueueLength" : 55.0,
        "TASK_CONTAINERS" : 27.5
      }
    }
  },
  "allocatedComputeCapacity" : {
    "CPU" : 1.0,
    "QueueLength" : 1000000.0,
    "TASK_CONTAINERS" : 100.0
  },
  "availableServiceContainers" : 19,
  "averageProcessingTime" : {
    "AppCoordinates {com.bbn, test-service3, 1}" : 120000.0
  }
}