395,1,DNS_UPDATE_SUCCEEDED
44652,89,DCOP_PLAN_PLUBLIED
44675,89,RLG_PLAN_PUBLISHED
45156,90,DNS_UPDATE_SUCCEEDED
224868,443,DCOP_PLAN_PLUBLIED
225153,444,RLG_PLAN_PUBLISHED
344785,679,DCOP_PLAN_PLUBLIED
345542,680,RLG_PLAN_PUBLISHED
345613,681,DNS_UPDATE_SUCCEEDED
464807,915,DCOP_PLAN_PLUBLIED
465898,917,RLG_PLAN_PUBLISHED
466127,918,DNS_UPDATE_SUCCEEDED
584862,1151,DCOP_PLAN_PLUBLIED
586254,1154,RLG_PLAN_PUBLISHED
586620,1155,DNS_UPDATE_SUCCEEDED
704821,1387,DCOP_PLAN_PLUBLIED
706586,1390,RLG_PLAN_PUBLISHED
706671,1391,DNS_UPDATE_SUCCEEDED
824833,1623,DCOP_PLAN_PLUBLIED
826915,1627,RLG_PLAN_PUBLISHED
827195,1628,DNS_UPDATE_SUCCEEDED
944848,1859,DCOP_PLAN_PLUBLIED
947288,1864,RLG_PLAN_PUBLISHED
947736,1865,DNS_UPDATE_SUCCEEDED
1064840,2095,DCOP_PLAN_PLUBLIED
1067641,2100,RLG_PLAN_PUBLISHED
1067738,2101,DNS_UPDATE_SUCCEEDED
1184812,2331,DCOP_PLAN_PLUBLIED
1184989,2331,RLG_PLAN_PUBLISHED
1185239,2332,DNS_UPDATE_SUCCEEDED
1304845,2567,DCOP_PLAN_PLUBLIED
1305354,2568,RLG_PLAN_PUBLISHED
1305756,2569,DNS_UPDATE_SUCCEEDED
1424853,2803,DCOP_PLAN_PLUBLIED
1425709,2804,RLG_PLAN_PUBLISHED
1425753,2805,DNS_UPDATE_SUCCEEDED
1544837,3039,DCOP_PLAN_PLUBLIED
1546085,3041,RLG_PLAN_PUBLISHED
1546256,3042,DNS_UPDATE_SUCCEEDED
1664894,3275,DCOP_PLAN_PLUBLIED
1666461,3278,RLG_PLAN_PUBLISHED
1666798,3279,DNS_UPDATE_SUCCEEDED
1784810,3511,DCOP_PLAN_PLUBLIED
1786832,3515,RLG_PLAN_PUBLISHED
1787308,3516,DNS_UPDATE_SUCCEEDED
