628,1,DNS_UPDATE_SUCCEEDED
706,2,DCOP_PLAN_PLUBLIED
736,2,RLG_PLAN_PUBLISHED
105703,212,DCOP_PLAN_PLUBLIED
108629,218,RLG_PLAN_PUBLISHED
109089,219,DNS_UPDATE_SUCCEEDED
109591,220,DNS_UPDATE_SUCCEEDED
111630,224,RLG_PLAN_PUBLISHED
112097,225,DNS_UPDATE_SUCCEEDED
153631,308,RLG_PLAN_PUBLISHED
154103,309,DNS_UPDATE_SUCCEEDED
154607,310,DNS_UPDATE_SUCCEEDED
156631,314,RLG_PLAN_PUBLISHED
157106,315,DNS_UPDATE_SUCCEEDED
165664,332,DCOP_PLAN_PLUBLIED
168633,338,RLG_PLAN_PUBLISHED
169108,339,DNS_UPDATE_SUCCEEDED
169608,340,DNS_UPDATE_SUCCEEDED
171632,344,RLG_PLAN_PUBLISHED
172117,345,DNS_UPDATE_SUCCEEDED
172611,346,DNS_UPDATE_SUCCEEDED
174639,350,RLG_PLAN_PUBLISHED
175111,351,DNS_UPDATE_SUCCEEDED
225686,452,DCOP_PLAN_PLUBLIED
228633,458,RLG_PLAN_PUBLISHED
229128,459,DNS_UPDATE_SUCCEEDED
285683,572,DCOP_PLAN_PLUBLIED
288636,577,RLG_PLAN_PUBLISHED
288646,578,DNS_UPDATE_SUCCEEDED
345679,692,DCOP_PLAN_PLUBLIED
348638,697,RLG_PLAN_PUBLISHED
348667,698,DNS_UPDATE_SUCCEEDED
405676,811,DCOP_PLAN_PLUBLIED
408640,817,RLG_PLAN_PUBLISHED
408686,818,DNS_UPDATE_SUCCEEDED
465684,931,DCOP_PLAN_PLUBLIED
468650,937,RLG_PLAN_PUBLISHED
468699,938,DNS_UPDATE_SUCCEEDED
525693,1051,DCOP_PLAN_PLUBLIED
528653,1057,RLG_PLAN_PUBLISHED
528714,1058,DNS_UPDATE_SUCCEEDED
585682,1171,DCOP_PLAN_PLUBLIED
588654,1177,RLG_PLAN_PUBLISHED
588729,1178,DNS_UPDATE_SUCCEEDED
630003,1260,DCOP_PLAN_PLUBLIED
