{
  "AppCoordinates {com.bbn, test-service3, 1}" : {
    "serverDemand" : {
      "E" : {
        "QueueLength" : 22.524965182657198,
        "TASK_CONTAINERS" : 2.332548004615964
      },
      "H" : {
        "QueueLength" : 27.530513001025323,
        "TASK_CONTAINERS" : 2.8508920056417195
      }
    }
  },
  "AppCoordinates {com.bbn, test-service2, 1}" : {
    "serverDemand" : {
      "E" : {
        "QueueLength" : 4.198862807989499,
        "TASK_CONTAINERS" : 0.41988628079894985
      },
      "H" : {
        "QueueLength" : 5.773436360985571,
        "TASK_CONTAINERS" : 0.5773436360985569
      }
    }
  },
  "AppCoordinates {com.bbn, test-service1, 1}" : {
    "serverDemand" : {
      "E" : {
        "QueueLength" : 4.273842500989309,
        "TASK_CONTAINERS" : 0.4273842500989308
      },
      "H" : {
        "QueueLength" : 5.69845666798576,
        "TASK_CONTAINERS" : 0.569845666798576
      }
    }
  }
}