{
  "region" : {
    "name" : "A"
  },
  "timestamp" : 396625,
  "servicePlan" : {
    "nodeA" : [ {
      "id" : {
        "name" : "nodeA_c00"
      },
      "service" : {
        "group" : "com.bbn",
        "artifact" : "test-service3",
        "version" : "1"
      },
      "weight" : 1.0,
      "stopTrafficTo" : false,
      "stop" : false
    } ]
  },
  "overflowPlan" : {
    "AppCoordinates {com.bbn, test-service3, 1}" : {
      "E" : 0.7983420200941453,
      "A" : 0.20165797990585466
    },
    "AppCoordinates {com.bbn, test-service2, 1}" : {
      "E" : 1.0,
      "A" : 0.0
    },
    "AppCoordinates {com.bbn, test-service1, 1}" : {
      "E" : 1.0,
      "A" : 0.0
    }
  }
}