{
  "nodeName" : {
    "name" : "nodeL"
  },
  "timestamp" : 118982,
  "demandEstimationWindow" : "LONG",
  "nodeComputeCapacity" : {
    "CPU" : 4.0,
    "MEMORY" : 8.0E9,
    "DISK" : 10.0,
    "TASK_CONTAINERS" : 20.0
  },
  "networkCapacity" : {
    "interface-nodeG ( nodeG )" : {
      "DATARATE_RX" : 100.0,
      "DATARATE_TX" : 100.0
    }
  },
  "networkLoad" : {
    "interface-nodeG ( nodeG )" : {
      "(clientPoolL, nodeB_c05, nodeB_c05)" : {
        "AppCoordinates {com.bbn, test-service3, 1}" : {
          "DATARATE_TX" : 1.4599999999999978E-4,
          "DATARATE_RX" : 7.299999999999989E-5
        },
        "AppCoordinates {com.bbn, test-service1, 1}" : {
          "DATARATE_TX" : -7.623296525288703E-21,
          "DATARATE_RX" : -3.8116482626443515E-21
        }
      },
      "(clientPoolL, nodeB_c04, nodeB_c04)" : {
        "AppCoordinates {com.bbn, test-service1, 1}" : {
          "DATARATE_TX" : -7.623296525288703E-21,
          "DATARATE_RX" : -3.8116482626443515E-21
        }
      },
      "(clientPoolL, nodeB_c07, nodeB_c07)" : {
        "AppCoordinates {com.bbn, test-service2, 1}" : {
          "DATARATE_TX" : 5.200000000000001E-5,
          "DATARATE_RX" : 2.6000000000000005E-5
        }
      },
      "(clientPoolL, nodeD_c00, nodeD_c00)" : {
        "AppCoordinates {com.bbn, test-service2, 1}" : {
          "DATARATE_TX" : 6.200000000000002E-5,
          "DATARATE_RX" : 3.100000000000001E-5
        }
      },
      "(clientPoolL, nodeB_c06, nodeB_c06)" : {
        "AppCoordinates {com.bbn, test-service2, 1}" : {
          "DATARATE_TX" : 4.0E-6,
          "DATARATE_RX" : 2.0E-6
        },
        "AppCoordinates {com.bbn, test-service1, 1}" : {
          "DATARATE_TX" : 1.3199999999999982E-4,
          "DATARATE_RX" : 6.599999999999991E-5
        }
      },
      "(clientPoolL, nodeB_c01, nodeB_c01)" : {
        "AppCoordinates {com.bbn, test-service2, 1}" : {
          "DATARATE_TX" : 6.0000000000000015E-5,
          "DATARATE_RX" : 3.0000000000000008E-5
        }
      },
      "(clientPoolL, nodeB_c00, nodeB_c00)" : {
        "AppCoordinates {com.bbn, test-service1, 1}" : {
          "DATARATE_TX" : 1.379999999999998E-4,
          "DATARATE_RX" : 6.89999999999999E-5
        }
      },
      "(clientPoolL, nodeB_c03, nodeB_c03)" : {
        "AppCoordinates {com.bbn, test-service1, 1}" : {
          "DATARATE_TX" : 1.2599999999999984E-4,
          "DATARATE_RX" : 6.299999999999992E-5
        }
      },
      "(clientPoolL, nodeB_c02, nodeB_c02)" : {
        "AppCoordinates {com.bbn, test-service3, 1}" : {
          "DATARATE_TX" : 1.3399999999999981E-4,
          "DATARATE_RX" : 6.699999999999991E-5
        }
      },
      "(clientPoolL, nodeM_c00, nodeM_c00)" : {
        "AppCoordinates {com.bbn, test-service2, 1}" : {
          "DATARATE_TX" : 5.800000000000002E-5,
          "DATARATE_RX" : 2.900000000000001E-5
        }
      },
      "(clientPoolL, nodeG_c00, nodeG_c00)" : {
        "AppCoordinates {com.bbn, test-service2, 1}" : {
          "DATARATE_TX" : 8.999999999999994E-5,
          "DATARATE_RX" : 4.499999999999997E-5
        }
      }
    }
  },
  "networkDemand" : {
    "interface-nodeG ( nodeG )" : {
      "(clientPoolL, nodeB_c05, nodeB_c05)" : {
        "AppCoordinates {com.bbn, test-service3, 1}" : {
          "DATARATE_TX" : 1.3896703296703287E-4,
          "DATARATE_RX" : 6.948351648351644E-5
        },
        "AppCoordinates {com.bbn, test-service1, 1}" : {
          "DATARATE_TX" : 5.791724137931031E-5,
          "DATARATE_RX" : 2.8958620689655156E-5
        }
      },
      "(clientPoolL, nodeB_c04, nodeB_c04)" : {
        "AppCoordinates {com.bbn, test-service1, 1}" : {
          "DATARATE_TX" : 5.0860927152317795E-5,
          "DATARATE_RX" : 2.5430463576158897E-5
        }
      },
      "(clientPoolL, nodeB_c07, nodeB_c07)" : {
        "AppCoordinates {com.bbn, test-service2, 1}" : {
          "DATARATE_TX" : 1.1541732283464579E-4,
          "DATARATE_RX" : 5.770866141732289E-5
        }
      },
      "(clientPoolL, nodeD_c00, nodeD_c00)" : {
        "AppCoordinates {com.bbn, test-service2, 1}" : {
          "DATARATE_TX" : 3.084210526315791E-5,
          "DATARATE_RX" : 1.5421052631578956E-5
        }
      },
      "(clientPoolL, nodeB_c06, nodeB_c06)" : {
        "AppCoordinates {com.bbn, test-service2, 1}" : {
          "DATARATE_TX" : 3.999999999999992E-6,
          "DATARATE_RX" : 1.999999999999996E-6
        },
        "AppCoordinates {com.bbn, test-service1, 1}" : {
          "DATARATE_TX" : 1.148275862068965E-4,
          "DATARATE_RX" : 5.741379310344825E-5
        }
      },
      "(clientPoolL, nodeB_c01, nodeB_c01)" : {
        "AppCoordinates {com.bbn, test-service2, 1}" : {
          "DATARATE_TX" : 1.1679432624113482E-4,
          "DATARATE_RX" : 5.839716312056741E-5
        }
      },
      "(clientPoolL, nodeB_c00, nodeB_c00)" : {
        "AppCoordinates {com.bbn, test-service1, 1}" : {
          "DATARATE_TX" : 1.2860674157303358E-4,
          "DATARATE_RX" : 6.430337078651679E-5
        }
      },
      "(clientPoolL, nodeB_c03, nodeB_c03)" : {
        "AppCoordinates {com.bbn, test-service1, 1}" : {
          "DATARATE_TX" : 1.287361963190181E-4,
          "DATARATE_RX" : 6.436809815950905E-5
        }
      },
      "(clientPoolL, nodeB_c02, nodeB_c02)" : {
        "AppCoordinates {com.bbn, test-service3, 1}" : {
          "DATARATE_TX" : 1.3047706422018347E-4,
          "DATARATE_RX" : 6.523853211009173E-5
        }
      },
      "(clientPoolL, nodeM_c00, nodeM_c00)" : {
        "AppCoordinates {com.bbn, test-service2, 1}" : {
          "DATARATE_TX" : 3.106666666666667E-5,
          "DATARATE_RX" : 1.5533333333333336E-5
        }
      },
      "(clientPoolL, nodeG_c00, nodeG_c00)" : {
        "AppCoordinates {com.bbn, test-service2, 1}" : {
          "DATARATE_TX" : 5.5473684210526305E-5,
          "DATARATE_RX" : 2.7736842105263153E-5
        }
      }
    }
  },
  "containerReports" : {
    "nodeL_c00" : {
      "containerName" : {
        "name" : "nodeL_c00"
      },
      "timestamp" : 118982,
      "service" : {
        "group" : "com.bbn",
        "artifact" : "test-service2",
        "version" : "1"
      },
      "serviceStatus" : "RUNNING",
      "demandEstimationWindow" : "LONG",
      "computeCapacity" : {
        "CPU" : 1.0,
        "TASK_CONTAINERS" : 100.0,
        "QueueLength" : 1000000.0
      },
      "computeLoad" : {
        "UNKNOWN" : {
          "QueueLength" : 125.0,
          "TASK_CONTAINERS" : 62.5
        }
      },
      "computeDemand" : {
        "UNKNOWN" : {
          "QueueLength" : 63.18181818181818,
          "TASK_CONTAINERS" : 34.75
        }
      },
      "averageProcessingTime" : "NaN",
      "networkCapacity" : {
        "interface-nodeL ( nodeL )" : {
          "DATARATE_TX" : 100.0,
          "DATARATE_RX" : 100.0
        }
      },
      "networkLoad" : {
        "interface-nodeL ( nodeL )" : {
          "(clientPoolL, nodeL_c00, nodeL_c00)" : {
            "AppCoordinates {com.bbn, test-service2, 1}" : {
              "DATARATE_TX" : 2.499999999999995E-4,
              "DATARATE_RX" : 1.2499999999999976E-4
            }
          }
        }
      },
      "networkDemand" : {
        "interface-nodeL ( nodeL )" : {
          "(clientPoolL, nodeL_c00, nodeL_c00)" : {
            "AppCoordinates {com.bbn, test-service2, 1}" : {
              "DATARATE_TX" : 1.46315789473684E-4,
              "DATARATE_RX" : 7.3157894736842E-5
            }
          }
        }
      }
    }
  },
  "maximumServiceContainers" : 20,
  "allocatedServiceContainers" : 1,
  "computeDemand" : {
    "AppCoordinates {com.bbn, test-service2, 1}" : {
      "UNKNOWN" : {
        "QueueLength" : 63.18181818181818,
        "TASK_CONTAINERS" : 34.75
      }
    }
  },
  "containerNetworkLoad" : {
    "interface-nodeL ( nodeL )" : {
      "(clientPoolL, nodeL_c00, nodeL_c00)" : {
        "AppCoordinates {com.bbn, test-service2, 1}" : {
          "DATARATE_TX" : 2.499999999999995E-4,
          "DATARATE_RX" : 1.2499999999999976E-4
        }
      }
    }
  },
  "containerNetworkDemand" : {
    "interface-nodeL ( nodeL )" : {
      "(clientPoolL, nodeL_c00, nodeL_c00)" : {
        "AppCoordinates {com.bbn, test-service2, 1}" : {
          "DATARATE_TX" : 1.46315789473684E-4,
          "DATARATE_RX" : 7.3157894736842E-5
        }
      }
    }
  },
  "computeLoad" : {
    "AppCoordinates {com.bbn, test-service2, 1}" : {
      "UNKNOWN" : {
        "QueueLength" : 125.0,
        "TASK_CONTAINERS" : 62.5
      }
    }
  },
  "allocatedComputeCapacity" : {
    "CPU" : 1.0,
    "QueueLength" : 1000000.0,
    "TASK_CONTAINERS" : 100.0
  },
  "availableServiceContainers" : 19,
  "averageProcessingTime" : { }
}