{
  "nodeName" : {
    "name" : "nodeC"
  },
  "timestamp" : 375497,
  "demandEstimationWindow" : "LONG",
  "nodeComputeCapacity" : {
    "CPU" : 4.0,
    "MEMORY" : 8.0E9,
    "DISK" : 10.0,
    "TASK_CONTAINERS" : 20.0
  },
  "networkCapacity" : {
    "interface-nodeA ( nodeA )" : {
      "DATARATE_RX" : 100.0,
      "DATARATE_TX" : 100.0
    }
  },
  "networkLoad" : {
    "interface-nodeA ( nodeA )" : {
      "(clientPoolC, nodeA_c07, nodeA_c07)" : {
        "AppCoordinates {com.bbn, test-service1, 1}" : {
          "DATARATE_TX" : 1.379999999999998E-4,
          "DATARATE_RX" : 6.89999999999999E-5
        }
      },
      "(clientPoolC, nodeA_c06, nodeA_c06)" : {
        "AppCoordinates {com.bbn, test-service2, 1}" : {
          "DATARATE_TX" : 1.3399999999999984E-4,
          "DATARATE_RX" : 6.699999999999992E-5
        }
      },
      "(clientPoolC, nodeA_c05, nodeA_c05)" : {
        "AppCoordinates {com.bbn, test-service3, 1}" : {
          "DATARATE_TX" : 1.1999999999999985E-4,
          "DATARATE_RX" : 5.999999999999993E-5
        }
      },
      "(clientPoolC, nodeA_c04, nodeA_c04)" : {
        "AppCoordinates {com.bbn, test-service3, 1}" : {
          "DATARATE_TX" : 1.2799999999999983E-4,
          "DATARATE_RX" : 6.399999999999992E-5
        },
        "AppCoordinates {com.bbn, test-service1, 1}" : {
          "DATARATE_TX" : -7.623296525288703E-21,
          "DATARATE_RX" : -3.8116482626443515E-21
        }
      },
      "(clientPoolC, nodeA_c03, nodeA_c03)" : {
        "AppCoordinates {com.bbn, test-service3, 1}" : {
          "DATARATE_TX" : 1.2999999999999983E-4,
          "DATARATE_RX" : 6.499999999999991E-5
        },
        "AppCoordinates {com.bbn, test-service1, 1}" : {
          "DATARATE_TX" : -7.623296525288703E-21,
          "DATARATE_RX" : -3.8116482626443515E-21
        }
      },
      "(clientPoolC, nodeA_c02, nodeA_c02)" : {
        "AppCoordinates {com.bbn, test-service3, 1}" : {
          "DATARATE_TX" : 8.199999999999996E-5,
          "DATARATE_RX" : 4.099999999999998E-5
        }
      },
      "(clientPoolC, nodeA_c01, nodeA_c01)" : {
        "AppCoordinates {com.bbn, test-service3, 1}" : {
          "DATARATE_TX" : 1.2399999999999984E-4,
          "DATARATE_RX" : 6.199999999999992E-5
        },
        "AppCoordinates {com.bbn, test-service2, 1}" : {
          "DATARATE_TX" : -7.623296525288703E-21,
          "DATARATE_RX" : -3.8116482626443515E-21
        }
      },
      "(clientPoolC, nodeA_c00, nodeA_c00)" : {
        "AppCoordinates {com.bbn, test-service3, 1}" : {
          "DATARATE_TX" : 1.359999999999998E-4,
          "DATARATE_RX" : 6.79999999999999E-5
        },
        "AppCoordinates {com.bbn, test-service1, 1}" : {
          "DATARATE_TX" : -7.623296525288703E-21,
          "DATARATE_RX" : -3.8116482626443515E-21
        }
      }
    }
  },
  "networkDemand" : {
    "interface-nodeA ( nodeA )" : {
      "(clientPoolC, nodeA_c07, nodeA_c07)" : {
        "AppCoordinates {com.bbn, test-service1, 1}" : {
          "DATARATE_TX" : 1.0263711911357319E-4,
          "DATARATE_RX" : 5.131855955678659E-5
        }
      },
      "(clientPoolC, nodeA_c06, nodeA_c06)" : {
        "AppCoordinates {com.bbn, test-service2, 1}" : {
          "DATARATE_TX" : 1.270692520775624E-4,
          "DATARATE_RX" : 6.35346260387812E-5
        }
      },
      "(clientPoolC, nodeA_c05, nodeA_c05)" : {
        "AppCoordinates {com.bbn, test-service3, 1}" : {
          "DATARATE_TX" : 1.0931301939058143E-4,
          "DATARATE_RX" : 5.4656509695290714E-5
        }
      },
      "(clientPoolC, nodeA_c04, nodeA_c04)" : {
        "AppCoordinates {com.bbn, test-service3, 1}" : {
          "DATARATE_TX" : 5.711911357340698E-5,
          "DATARATE_RX" : 2.855955678670349E-5
        },
        "AppCoordinates {com.bbn, test-service1, 1}" : {
          "DATARATE_TX" : -7.623296525288703E-21,
          "DATARATE_RX" : -3.8116482626443515E-21
        }
      },
      "(clientPoolC, nodeA_c03, nodeA_c03)" : {
        "AppCoordinates {com.bbn, test-service3, 1}" : {
          "DATARATE_TX" : 1.1852077562326861E-4,
          "DATARATE_RX" : 5.9260387811634306E-5
        },
        "AppCoordinates {com.bbn, test-service1, 1}" : {
          "DATARATE_TX" : -7.623296525288703E-21,
          "DATARATE_RX" : -3.8116482626443515E-21
        }
      },
      "(clientPoolC, nodeA_c02, nodeA_c02)" : {
        "AppCoordinates {com.bbn, test-service3, 1}" : {
          "DATARATE_TX" : 9.684764542936215E-5,
          "DATARATE_RX" : 4.842382271468108E-5
        }
      },
      "(clientPoolC, nodeA_c01, nodeA_c01)" : {
        "AppCoordinates {com.bbn, test-service3, 1}" : {
          "DATARATE_TX" : 1.2544709897610937E-4,
          "DATARATE_RX" : 6.272354948805468E-5
        },
        "AppCoordinates {com.bbn, test-service2, 1}" : {
          "DATARATE_TX" : -7.623296525288703E-21,
          "DATARATE_RX" : -3.8116482626443515E-21
        }
      },
      "(clientPoolC, nodeA_c00, nodeA_c00)" : {
        "AppCoordinates {com.bbn, test-service3, 1}" : {
          "DATARATE_TX" : 1.221717451523541E-4,
          "DATARATE_RX" : 6.108587257617705E-5
        },
        "AppCoordinates {com.bbn, test-service1, 1}" : {
          "DATARATE_TX" : -7.623296525288703E-21,
          "DATARATE_RX" : -3.8116482626443515E-21
        }
      }
    }
  },
  "containerReports" : {
    "nodeC_c00" : {
      "containerName" : {
        "name" : "nodeC_c00"
      },
      "timestamp" : 375497,
      "service" : {
        "group" : "com.bbn",
        "artifact" : "test-service3",
        "version" : "1"
      },
      "serviceStatus" : "RUNNING",
      "demandEstimationWindow" : "LONG",
      "computeCapacity" : {
        "CPU" : 1.0,
        "TASK_CONTAINERS" : 100.0,
        "QueueLength" : 1000000.0
      },
      "computeLoad" : {
        "UNKNOWN" : {
          "QueueLength" : 29.0,
          "TASK_CONTAINERS" : 14.5
        }
      },
      "computeDemand" : {
        "UNKNOWN" : {
          "QueueLength" : 34.78453038674033,
          "TASK_CONTAINERS" : 17.392265193370164
        }
      },
      "averageProcessingTime" : 120000.0,
      "networkCapacity" : {
        "interface-nodeC ( nodeC )" : {
          "DATARATE_TX" : 100.0,
          "DATARATE_RX" : 100.0
        }
      },
      "networkLoad" : {
        "interface-nodeC ( nodeC )" : {
          "(clientPoolC, nodeC_c00, nodeC_c00)" : {
            "AppCoordinates {com.bbn, test-service3, 1}" : {
              "DATARATE_TX" : 5.800000000000004E-5,
              "DATARATE_RX" : 2.900000000000002E-5
            }
          }
        }
      },
      "networkDemand" : {
        "interface-nodeC ( nodeC )" : {
          "(clientPoolC, nodeC_c00, nodeC_c00)" : {
            "AppCoordinates {com.bbn, test-service3, 1}" : {
              "DATARATE_TX" : 6.976177285318557E-5,
              "DATARATE_RX" : 3.4880886426592784E-5
            }
          }
        }
      }
    }
  },
  "maximumServiceContainers" : 20,
  "allocatedServiceContainers" : 1,
  "computeDemand" : {
    "AppCoordinates {com.bbn, test-service3, 1}" : {
      "UNKNOWN" : {
        "QueueLength" : 34.78453038674033,
        "TASK_CONTAINERS" : 17.392265193370164
      }
    }
  },
  "containerNetworkLoad" : {
    "interface-nodeC ( nodeC )" : {
      "(clientPoolC, nodeC_c00, nodeC_c00)" : {
        "AppCoordinates {com.bbn, test-service3, 1}" : {
          "DATARATE_TX" : 5.800000000000004E-5,
          "DATARATE_RX" : 2.900000000000002E-5
        }
      }
    }
  },
  "containerNetworkDemand" : {
    "interface-nodeC ( nodeC )" : {
      "(clientPoolC, nodeC_c00, nodeC_c00)" : {
        "AppCoordinates {com.bbn, test-service3, 1}" : {
          "DATARATE_TX" : 6.976177285318557E-5,
          "DATARATE_RX" : 3.4880886426592784E-5
        }
      }
    }
  },
  "computeLoad" : {
    "AppCoordinates {com.bbn, test-service3, 1}" : {
      "UNKNOWN" : {
        "QueueLength" : 29.0,
        "TASK_CONTAINERS" : 14.5
      }
    }
  },
  "availableServiceContainers" : 19,
  "averageProcessingTime" : {
    "AppCoordinates {com.bbn, test-service3, 1}" : 120000.0
  },
  "allocatedComputeCapacity" : {
    "CPU" : 1.0,
    "QueueLength" : 1000000.0,
    "TASK_CONTAINERS" : 100.0
  }
}