{
  "region" : {
    "name" : "I"
  },
  "nodeResourceReports" : [ {
    "nodeName" : {
      "name" : "nodeI"
    },
    "timestamp" : 251488,
    "demandEstimationWindow" : "SHORT",
    "nodeComputeCapacity" : {
      "CPU" : 4.0,
      "MEMORY" : 8.0E9,
      "DISK" : 10.0,
      "TASK_CONTAINERS" : 20.0
    },
    "networkCapacity" : {
      "interface-nodeB ( nodeB )" : {
        "DATARATE_RX" : 100.0,
        "DATARATE_TX" : 100.0
      },
      "interface-nodeC ( nodeC )" : {
        "DATARATE_RX" : 100.0,
        "DATARATE_TX" : 100.0
      },
      "interface-nodeH ( nodeH )" : {
        "DATARATE_RX" : 100.0,
        "DATARATE_TX" : 100.0
      },
      "interface-nodeG ( nodeG )" : {
        "DATARATE_RX" : 100.0,
        "DATARATE_TX" : 100.0
      },
      "interface-nodeJ ( nodeJ )" : {
        "DATARATE_RX" : 100.0,
        "DATARATE_TX" : 100.0
      },
      "interface-nodeA ( nodeA )" : {
        "DATARATE_RX" : 100.0,
        "DATARATE_TX" : 100.0
      }
    },
    "networkLoad" : {
      "interface-nodeB ( nodeB )" : { },
      "interface-nodeC ( nodeC )" : { },
      "interface-nodeH ( nodeH )" : { },
      "interface-nodeG ( nodeG )" : { },
      "interface-nodeJ ( nodeJ )" : { },
      "interface-nodeA ( nodeA )" : {
        "(nodeI_c02, clientPoolA, nodeI_c02)" : {
          "AppCoordinates {com.bbn, test-service3, 1}" : {
            "DATARATE_TX" : 1.0999999999999996E-5,
            "DATARATE_RX" : 2.1999999999999993E-5
          }
        },
        "(nodeI_c01, clientPoolA, nodeI_c01)" : {
          "AppCoordinates {com.bbn, test-service2, 1}" : {
            "DATARATE_TX" : -4.2351647362715017E-22,
            "DATARATE_RX" : -8.470329472543003E-22
          }
        },
        "(nodeI_c00, clientPoolA, nodeI_c00)" : {
          "AppCoordinates {com.bbn, test-service2, 1}" : {
            "DATARATE_TX" : 9.740878893424454E-21,
            "DATARATE_RX" : 1.9481757786848908E-20
          }
        }
      }
    },
    "networkDemand" : {
      "interface-nodeC ( nodeC )" : { },
      "interface-nodeB ( nodeB )" : { },
      "interface-nodeA ( nodeA )" : {
        "(nodeI_c02, clientPoolA, nodeI_c02)" : {
          "AppCoordinates {com.bbn, test-service3, 1}" : {
            "DATARATE_TX" : 7.142857142857138E-6,
            "DATARATE_RX" : 1.4285714285714275E-5
          }
        },
        "(nodeI_c01, clientPoolA, nodeI_c01)" : {
          "AppCoordinates {com.bbn, test-service2, 1}" : {
            "DATARATE_TX" : -4.2351647362715017E-22,
            "DATARATE_RX" : -8.470329472543003E-22
          }
        },
        "(nodeI_c00, clientPoolA, nodeI_c00)" : {
          "AppCoordinates {com.bbn, test-service2, 1}" : {
            "DATARATE_TX" : 9.740878893424454E-21,
            "DATARATE_RX" : 1.9481757786848908E-20
          }
        }
      },
      "interface-nodeJ ( nodeJ )" : { },
      "interface-nodeH ( nodeH )" : { },
      "interface-nodeG ( nodeG )" : { }
    },
    "containerReports" : {
      "nodeI_c02" : {
        "containerName" : {
          "name" : "nodeI_c02"
        },
        "timestamp" : 251488,
        "service" : {
          "group" : "com.bbn",
          "artifact" : "test-service3",
          "version" : "1"
        },
        "serviceStatus" : "RUNNING",
        "demandEstimationWindow" : "SHORT",
        "computeCapacity" : {
          "CPU" : 1.0,
          "TASK_CONTAINERS" : 100.0,
          "QueueLength" : 1000000.0
        },
        "computeLoad" : {
          "UNKNOWN" : {
            "QueueLength" : 11.0,
            "TASK_CONTAINERS" : 5.5
          }
        },
        "computeDemand" : {
          "UNKNOWN" : {
            "QueueLength" : 6.25,
            "TASK_CONTAINERS" : 3.125
          }
        },
        "averageProcessingTime" : 120000.0,
        "networkCapacity" : {
          "interface-nodeI ( nodeI )" : {
            "DATARATE_TX" : 100.0,
            "DATARATE_RX" : 100.0
          }
        },
        "networkLoad" : {
          "interface-nodeI ( nodeI )" : {
            "(clientPoolA, nodeI_c02, nodeI_c02)" : {
              "AppCoordinates {com.bbn, test-service3, 1}" : {
                "DATARATE_TX" : 2.1999999999999993E-5,
                "DATARATE_RX" : 1.0999999999999996E-5
              }
            }
          }
        },
        "networkDemand" : {
          "interface-nodeI ( nodeI )" : {
            "(clientPoolA, nodeI_c02, nodeI_c02)" : {
              "AppCoordinates {com.bbn, test-service3, 1}" : {
                "DATARATE_TX" : 1.4285714285714275E-5,
                "DATARATE_RX" : 7.142857142857138E-6
              }
            }
          }
        }
      }
    },
    "maximumServiceContainers" : 20,
    "allocatedServiceContainers" : 1,
    "computeDemand" : {
      "AppCoordinates {com.bbn, test-service3, 1}" : {
        "UNKNOWN" : {
          "QueueLength" : 6.25,
          "TASK_CONTAINERS" : 3.125
        }
      }
    },
    "containerNetworkLoad" : {
      "interface-nodeI ( nodeI )" : {
        "(clientPoolA, nodeI_c02, nodeI_c02)" : {
          "AppCoordinates {com.bbn, test-service3, 1}" : {
            "DATARATE_TX" : 2.1999999999999993E-5,
            "DATARATE_RX" : 1.0999999999999996E-5
          }
        }
      }
    },
    "containerNetworkDemand" : {
      "interface-nodeI ( nodeI )" : {
        "(clientPoolA, nodeI_c02, nodeI_c02)" : {
          "AppCoordinates {com.bbn, test-service3, 1}" : {
            "DATARATE_TX" : 1.4285714285714275E-5,
            "DATARATE_RX" : 7.142857142857138E-6
          }
        }
      }
    },
    "computeLoad" : {
      "AppCoordinates {com.bbn, test-service3, 1}" : {
        "UNKNOWN" : {
          "QueueLength" : 11.0,
          "TASK_CONTAINERS" : 5.5
        }
      }
    },
    "allocatedComputeCapacity" : {
      "CPU" : 1.0,
      "QueueLength" : 1000000.0,
      "TASK_CONTAINERS" : 100.0
    },
    "availableServiceContainers" : 19,
    "averageProcessingTime" : {
      "AppCoordinates {com.bbn, test-service3, 1}" : 120000.0
    }
  } ]
}