{
  "nodeName" : {
    "name" : "nodeD"
  },
  "timestamp" : 121988,
  "demandEstimationWindow" : "SHORT",
  "nodeComputeCapacity" : {
    "CPU" : 4.0,
    "MEMORY" : 8.0E9,
    "DISK" : 10.0,
    "TASK_CONTAINERS" : 20.0
  },
  "networkCapacity" : {
    "interface-nodeC ( nodeC )" : {
      "DATARATE_RX" : 100.0,
      "DATARATE_TX" : 100.0
    },
    "interface-nodeJ ( nodeJ )" : {
      "DATARATE_RX" : 100.0,
      "DATARATE_TX" : 100.0
    }
  },
  "networkLoad" : {
    "interface-nodeC ( nodeC )" : {
      "(clientPoolD, nodeC_c07, nodeC_c07)" : {
        "AppCoordinates {com.bbn, test-service2, 1}" : {
          "DATARATE_TX" : 1.1399999999999987E-4,
          "DATARATE_RX" : 5.6999999999999935E-5
        }
      },
      "(clientPoolD, nodeC_c02, nodeC_c02)" : {
        "AppCoordinates {com.bbn, test-service3, 1}" : {
          "DATARATE_TX" : 1.2399999999999984E-4,
          "DATARATE_RX" : 6.199999999999992E-5
        }
      },
      "(clientPoolD, nodeC_c01, nodeC_c01)" : {
        "AppCoordinates {com.bbn, test-service2, 1}" : {
          "DATARATE_TX" : 1.399999999999998E-4,
          "DATARATE_RX" : 6.99999999999999E-5
        }
      },
      "(clientPoolD, nodeC_c00, nodeC_c00)" : {
        "AppCoordinates {com.bbn, test-service1, 1}" : {
          "DATARATE_TX" : 1.2199999999999985E-4,
          "DATARATE_RX" : 6.0999999999999924E-5
        }
      },
      "(clientPoolD, nodeC_c06, nodeC_c06)" : {
        "AppCoordinates {com.bbn, test-service2, 1}" : {
          "DATARATE_TX" : 1.419999999999998E-4,
          "DATARATE_RX" : 7.09999999999999E-5
        }
      },
      "(clientPoolD, nodeC_c05, nodeC_c05)" : {
        "AppCoordinates {com.bbn, test-service3, 1}" : {
          "DATARATE_TX" : 4.2000000000000004E-5,
          "DATARATE_RX" : 2.1000000000000002E-5
        }
      },
      "(clientPoolD, nodeC_c04, nodeC_c04)" : {
        "AppCoordinates {com.bbn, test-service3, 1}" : {
          "DATARATE_TX" : 1.0599999999999989E-4,
          "DATARATE_RX" : 5.2999999999999947E-5
        },
        "AppCoordinates {com.bbn, test-service1, 1}" : {
          "DATARATE_TX" : -7.623296525288703E-21,
          "DATARATE_RX" : -3.8116482626443515E-21
        }
      },
      "(clientPoolD, nodeC_c03, nodeC_c03)" : {
        "AppCoordinates {com.bbn, test-service1, 1}" : {
          "DATARATE_TX" : 1.3399999999999981E-4,
          "DATARATE_RX" : 6.699999999999991E-5
        }
      }
    },
    "interface-nodeJ ( nodeJ )" : { }
  },
  "networkDemand" : {
    "interface-nodeC ( nodeC )" : {
      "(clientPoolD, nodeC_c07, nodeC_c07)" : {
        "AppCoordinates {com.bbn, test-service2, 1}" : {
          "DATARATE_TX" : 1.1399999999999986E-4,
          "DATARATE_RX" : 5.699999999999993E-5
        }
      },
      "(clientPoolD, nodeC_c02, nodeC_c02)" : {
        "AppCoordinates {com.bbn, test-service3, 1}" : {
          "DATARATE_TX" : 1.2399999999999984E-4,
          "DATARATE_RX" : 6.199999999999992E-5
        }
      },
      "(clientPoolD, nodeC_c01, nodeC_c01)" : {
        "AppCoordinates {com.bbn, test-service2, 1}" : {
          "DATARATE_TX" : 1.399999999999998E-4,
          "DATARATE_RX" : 6.99999999999999E-5
        }
      },
      "(clientPoolD, nodeC_c00, nodeC_c00)" : {
        "AppCoordinates {com.bbn, test-service1, 1}" : {
          "DATARATE_TX" : 1.2199999999999983E-4,
          "DATARATE_RX" : 6.099999999999992E-5
        }
      },
      "(clientPoolD, nodeC_c06, nodeC_c06)" : {
        "AppCoordinates {com.bbn, test-service2, 1}" : {
          "DATARATE_TX" : 1.419999999999998E-4,
          "DATARATE_RX" : 7.09999999999999E-5
        }
      },
      "(clientPoolD, nodeC_c05, nodeC_c05)" : {
        "AppCoordinates {com.bbn, test-service3, 1}" : {
          "DATARATE_TX" : 4.2E-5,
          "DATARATE_RX" : 2.1E-5
        }
      },
      "(clientPoolD, nodeC_c04, nodeC_c04)" : {
        "AppCoordinates {com.bbn, test-service3, 1}" : {
          "DATARATE_TX" : 1.0599999999999988E-4,
          "DATARATE_RX" : 5.299999999999994E-5
        },
        "AppCoordinates {com.bbn, test-service1, 1}" : {
          "DATARATE_TX" : -7.623296525288703E-21,
          "DATARATE_RX" : -3.8116482626443515E-21
        }
      },
      "(clientPoolD, nodeC_c03, nodeC_c03)" : {
        "AppCoordinates {com.bbn, test-service1, 1}" : {
          "DATARATE_TX" : 1.3399999999999981E-4,
          "DATARATE_RX" : 6.699999999999991E-5
        }
      }
    },
    "interface-nodeJ ( nodeJ )" : { }
  },
  "containerReports" : {
    "nodeD_c00" : {
      "containerName" : {
        "name" : "nodeD_c00"
      },
      "timestamp" : 121988,
      "service" : {
        "group" : "com.bbn",
        "artifact" : "test-service3",
        "version" : "1"
      },
      "serviceStatus" : "RUNNING",
      "demandEstimationWindow" : "SHORT",
      "computeCapacity" : {
        "CPU" : 1.0,
        "TASK_CONTAINERS" : 100.0,
        "QueueLength" : 1000000.0
      },
      "computeLoad" : {
        "UNKNOWN" : {
          "QueueLength" : 112.0,
          "TASK_CONTAINERS" : 56.0
        }
      },
      "computeDemand" : {
        "UNKNOWN" : {
          "QueueLength" : 98.0,
          "TASK_CONTAINERS" : 49.0
        }
      },
      "averageProcessingTime" : "NaN",
      "networkCapacity" : {
        "interface-nodeD ( nodeD )" : {
          "DATARATE_TX" : 100.0,
          "DATARATE_RX" : 100.0
        }
      },
      "networkLoad" : {
        "interface-nodeD ( nodeD )" : {
          "(clientPoolD, nodeD_c00, nodeD_c00)" : {
            "AppCoordinates {com.bbn, test-service3, 1}" : {
              "DATARATE_TX" : 2.2399999999999956E-4,
              "DATARATE_RX" : 1.1199999999999978E-4
            }
          }
        }
      },
      "networkDemand" : {
        "interface-nodeD ( nodeD )" : {
          "(clientPoolD, nodeD_c00, nodeD_c00)" : {
            "AppCoordinates {com.bbn, test-service3, 1}" : {
              "DATARATE_TX" : 2.2399999999999956E-4,
              "DATARATE_RX" : 1.1199999999999978E-4
            }
          }
        }
      }
    }
  },
  "maximumServiceContainers" : 20,
  "allocatedServiceContainers" : 1,
  "computeDemand" : {
    "AppCoordinates {com.bbn, test-service3, 1}" : {
      "UNKNOWN" : {
        "QueueLength" : 98.0,
        "TASK_CONTAINERS" : 49.0
      }
    }
  },
  "containerNetworkLoad" : {
    "interface-nodeD ( nodeD )" : {
      "(clientPoolD, nodeD_c00, nodeD_c00)" : {
        "AppCoordinates {com.bbn, test-service3, 1}" : {
          "DATARATE_TX" : 2.2399999999999956E-4,
          "DATARATE_RX" : 1.1199999999999978E-4
        }
      }
    }
  },
  "containerNetworkDemand" : {
    "interface-nodeD ( nodeD )" : {
      "(clientPoolD, nodeD_c00, nodeD_c00)" : {
        "AppCoordinates {com.bbn, test-service3, 1}" : {
          "DATARATE_TX" : 2.2399999999999956E-4,
          "DATARATE_RX" : 1.1199999999999978E-4
        }
      }
    }
  },
  "computeLoad" : {
    "AppCoordinates {com.bbn, test-service3, 1}" : {
      "UNKNOWN" : {
        "QueueLength" : 112.0,
        "TASK_CONTAINERS" : 56.0
      }
    }
  },
  "allocatedComputeCapacity" : {
    "CPU" : 1.0,
    "QueueLength" : 1000000.0,
    "TASK_CONTAINERS" : 100.0
  },
  "availableServiceContainers" : 19,
  "averageProcessingTime" : { }
}