701,1,DNS_UPDATE_SUCCEEDED
784,2,DCOP_PLAN_PLUBLIED
828,2,RLG_PLAN_PUBLISHED
1247,3,DNS_UPDATE_SUCCEEDED
33762,68,RLG_PLAN_PUBLISHED
34223,69,DNS_UPDATE_SUCCEEDED
34738,70,DNS_UPDATE_SUCCEEDED
36759,74,RLG_PLAN_PUBLISHED
37224,75,DNS_UPDATE_SUCCEEDED
39757,80,RLG_PLAN_PUBLISHED
40238,81,DNS_UPDATE_SUCCEEDED
40723,82,DNS_UPDATE_SUCCEEDED
42757,86,RLG_PLAN_PUBLISHED
43228,87,DNS_UPDATE_SUCCEEDED
43727,88,DNS_UPDATE_SUCCEEDED
45757,92,RLG_PLAN_PUBLISHED
46229,93,DNS_UPDATE_SUCCEEDED
46738,94,DNS_UPDATE_SUCCEEDED
48759,98,RLG_PLAN_PUBLISHED
49226,99,DNS_UPDATE_SUCCEEDED
49731,100,DNS_UPDATE_SUCCEEDED
51761,103,RLG_PLAN_PUBLISHED
51766,104,DNS_UPDATE_SUCCEEDED
54763,110,RLG_PLAN_PUBLISHED
55232,111,DNS_UPDATE_SUCCEEDED
55733,112,DNS_UPDATE_SUCCEEDED
57766,116,RLG_PLAN_PUBLISHED
58232,117,DNS_UPDATE_SUCCEEDED
58731,118,DNS_UPDATE_SUCCEEDED
60758,122,RLG_PLAN_PUBLISHED
61227,123,DNS_UPDATE_SUCCEEDED
63759,128,RLG_PLAN_PUBLISHED
64235,129,DNS_UPDATE_SUCCEEDED
64733,130,DNS_UPDATE_SUCCEEDED
66758,134,RLG_PLAN_PUBLISHED
67225,135,DNS_UPDATE_SUCCEEDED
67728,136,DNS_UPDATE_SUCCEEDED
69761,140,RLG_PLAN_PUBLISHED
70228,141,DNS_UPDATE_SUCCEEDED
106210,212,DCOP_PLAN_PLUBLIED
108771,218,RLG_PLAN_PUBLISHED
109250,219,DNS_UPDATE_SUCCEEDED
159771,320,RLG_PLAN_PUBLISHED
160242,321,DNS_UPDATE_SUCCEEDED
162767,326,RLG_PLAN_PUBLISHED
163248,327,DNS_UPDATE_SUCCEEDED
163745,328,DNS_UPDATE_SUCCEEDED
165768,332,RLG_PLAN_PUBLISHED
166242,333,DNS_UPDATE_SUCCEEDED
166743,334,DNS_UPDATE_SUCCEEDED
168767,338,RLG_PLAN_PUBLISHED
169235,339,DNS_UPDATE_SUCCEEDED
169754,340,DNS_UPDATE_SUCCEEDED
171768,344,RLG_PLAN_PUBLISHED
172259,345,DNS_UPDATE_SUCCEEDED
172745,346,DNS_UPDATE_SUCCEEDED
174769,350,RLG_PLAN_PUBLISHED
175254,351,DNS_UPDATE_SUCCEEDED
175757,352,DNS_UPDATE_SUCCEEDED
177768,356,RLG_PLAN_PUBLISHED
178245,357,DNS_UPDATE_SUCCEEDED
178760,358,DNS_UPDATE_SUCCEEDED
180769,362,RLG_PLAN_PUBLISHED
181256,363,DNS_UPDATE_SUCCEEDED
181753,364,DNS_UPDATE_SUCCEEDED
183767,368,RLG_PLAN_PUBLISHED
184256,369,DNS_UPDATE_SUCCEEDED
222769,445,RLG_PLAN_PUBLISHED
222773,446,DNS_UPDATE_SUCCEEDED
225770,451,RLG_PLAN_PUBLISHED
225782,452,DNS_UPDATE_SUCCEEDED
226265,453,DNS_UPDATE_SUCCEEDED
228770,458,RLG_PLAN_PUBLISHED
229276,459,DNS_UPDATE_SUCCEEDED
229770,460,DNS_UPDATE_SUCCEEDED
231773,464,RLG_PLAN_PUBLISHED
232269,465,DNS_UPDATE_SUCCEEDED
234770,470,RLG_PLAN_PUBLISHED
235268,471,DNS_UPDATE_SUCCEEDED
235764,472,DNS_UPDATE_SUCCEEDED
237776,476,RLG_PLAN_PUBLISHED
238270,477,DNS_UPDATE_SUCCEEDED
238766,478,DNS_UPDATE_SUCCEEDED
240770,482,RLG_PLAN_PUBLISHED
241265,483,DNS_UPDATE_SUCCEEDED
241765,484,DNS_UPDATE_SUCCEEDED
243774,488,RLG_PLAN_PUBLISHED
244264,489,DNS_UPDATE_SUCCEEDED
244768,490,DNS_UPDATE_SUCCEEDED
246775,494,RLG_PLAN_PUBLISHED
247266,495,DNS_UPDATE_SUCCEEDED
360774,721,RLG_PLAN_PUBLISHED
360802,722,DNS_UPDATE_SUCCEEDED
361294,723,DNS_UPDATE_SUCCEEDED
363773,727,RLG_PLAN_PUBLISHED
363798,728,DNS_UPDATE_SUCCEEDED
364296,729,DNS_UPDATE_SUCCEEDED
366772,733,RLG_PLAN_PUBLISHED
366797,734,DNS_UPDATE_SUCCEEDED
393775,787,RLG_PLAN_PUBLISHED
393820,788,DNS_UPDATE_SUCCEEDED
396774,793,RLG_PLAN_PUBLISHED
396814,794,DNS_UPDATE_SUCCEEDED
397312,795,DNS_UPDATE_SUCCEEDED
399776,799,RLG_PLAN_PUBLISHED
399808,800,DNS_UPDATE_SUCCEEDED
400318,801,DNS_UPDATE_SUCCEEDED
402775,805,RLG_PLAN_PUBLISHED
402826,806,DNS_UPDATE_SUCCEEDED
403323,807,DNS_UPDATE_SUCCEEDED
405778,811,RLG_PLAN_PUBLISHED
405835,812,DNS_UPDATE_SUCCEEDED
406318,813,DNS_UPDATE_SUCCEEDED
408776,817,RLG_PLAN_PUBLISHED
408818,818,DNS_UPDATE_SUCCEEDED
409317,819,DNS_UPDATE_SUCCEEDED
411778,823,RLG_PLAN_PUBLISHED
411821,824,DNS_UPDATE_SUCCEEDED
412319,825,DNS_UPDATE_SUCCEEDED
414777,829,RLG_PLAN_PUBLISHED
414821,830,DNS_UPDATE_SUCCEEDED
462786,925,RLG_PLAN_PUBLISHED
462845,926,DNS_UPDATE_SUCCEEDED
465786,931,RLG_PLAN_PUBLISHED
465841,932,DNS_UPDATE_SUCCEEDED
466345,933,DNS_UPDATE_SUCCEEDED
468785,937,RLG_PLAN_PUBLISHED
468855,938,DNS_UPDATE_SUCCEEDED
469343,939,DNS_UPDATE_SUCCEEDED
471787,943,RLG_PLAN_PUBLISHED
471843,944,DNS_UPDATE_SUCCEEDED
474786,949,RLG_PLAN_PUBLISHED
474857,950,DNS_UPDATE_SUCCEEDED
475343,951,DNS_UPDATE_SUCCEEDED
477789,955,RLG_PLAN_PUBLISHED
477842,956,DNS_UPDATE_SUCCEEDED
478340,957,DNS_UPDATE_SUCCEEDED
480786,961,RLG_PLAN_PUBLISHED
480845,962,DNS_UPDATE_SUCCEEDED
481336,963,DNS_UPDATE_SUCCEEDED
483786,967,RLG_PLAN_PUBLISHED
483843,968,DNS_UPDATE_SUCCEEDED
484344,969,DNS_UPDATE_SUCCEEDED
486787,973,RLG_PLAN_PUBLISHED
486845,974,DNS_UPDATE_SUCCEEDED
487340,975,DNS_UPDATE_SUCCEEDED
489788,979,RLG_PLAN_PUBLISHED
489845,980,DNS_UPDATE_SUCCEEDED
543793,1087,RLG_PLAN_PUBLISHED
543855,1088,DNS_UPDATE_SUCCEEDED
546790,1093,RLG_PLAN_PUBLISHED
546856,1094,DNS_UPDATE_SUCCEEDED
547355,1095,DNS_UPDATE_SUCCEEDED
549790,1099,RLG_PLAN_PUBLISHED
549853,1100,DNS_UPDATE_SUCCEEDED
550353,1101,DNS_UPDATE_SUCCEEDED
552789,1105,RLG_PLAN_PUBLISHED
552853,1106,DNS_UPDATE_SUCCEEDED
582791,1165,RLG_PLAN_PUBLISHED
582878,1166,DNS_UPDATE_SUCCEEDED
583363,1167,DNS_UPDATE_SUCCEEDED
585791,1171,RLG_PLAN_PUBLISHED
585877,1172,DNS_UPDATE_SUCCEEDED
586366,1173,DNS_UPDATE_SUCCEEDED
588790,1177,RLG_PLAN_PUBLISHED
588867,1178,DNS_UPDATE_SUCCEEDED
