237,1,DNS_UPDATE_SUCCEEDED
46946,94,RLG_PLAN_PUBLISHED
46951,94,DCOP_PLAN_PLUBLIED
47447,95,DNS_UPDATE_SUCCEEDED
467177,927,DCOP_PLAN_PLUBLIED
467563,928,RLG_PLAN_PUBLISHED
467809,929,DNS_UPDATE_SUCCEEDED
587144,1165,DCOP_PLAN_PLUBLIED
587711,1167,RLG_PLAN_PUBLISHED
588190,1168,DNS_UPDATE_SUCCEEDED
707067,1403,DCOP_PLAN_PLUBLIED
707891,1405,RLG_PLAN_PUBLISHED
708113,1406,DNS_UPDATE_SUCCEEDED
827257,1642,DCOP_PLAN_PLUBLIED
828047,1643,RLG_PLAN_PUBLISHED
828114,1644,DNS_UPDATE_SUCCEEDED
947244,1880,DCOP_PLAN_PLUBLIED
948205,1882,RLG_PLAN_PUBLISHED
948587,1883,DNS_UPDATE_SUCCEEDED
1067380,2118,DCOP_PLAN_PLUBLIED
1068376,2120,RLG_PLAN_PUBLISHED
1068615,2121,DNS_UPDATE_SUCCEEDED
1187349,2356,DCOP_PLAN_PLUBLIED
1188525,2358,RLG_PLAN_PUBLISHED
1188637,2359,DNS_UPDATE_SUCCEEDED
1307410,2594,DCOP_PLAN_PLUBLIED
1308696,2596,RLG_PLAN_PUBLISHED
1308715,2597,DNS_UPDATE_SUCCEEDED
1427371,2832,DCOP_PLAN_PLUBLIED
1428884,2835,RLG_PLAN_PUBLISHED
1429321,2836,DNS_UPDATE_SUCCEEDED
1547104,3069,DCOP_PLAN_PLUBLIED
1549115,3073,RLG_PLAN_PUBLISHED
1549603,3074,DNS_UPDATE_SUCCEEDED
1667440,3307,DCOP_PLAN_PLUBLIED
1669317,3311,RLG_PLAN_PUBLISHED
1669666,3312,DNS_UPDATE_SUCCEEDED
1787247,3545,DCOP_PLAN_PLUBLIED
1789493,3549,RLG_PLAN_PUBLISHED
1789650,3550,DNS_UPDATE_SUCCEEDED
