{
  "region" : {
    "name" : "A"
  },
  "nodeResourceReports" : [ {
    "nodeName" : {
      "name" : "nodeA"
    },
    "timestamp" : 376496,
    "demandEstimationWindow" : "SHORT",
    "nodeComputeCapacity" : {
      "CPU" : 4.0,
      "MEMORY" : 8.0E9,
      "DISK" : 10.0,
      "TASK_CONTAINERS" : 20.0
    },
    "networkCapacity" : {
      "interface-nodeT ( nodeT )" : {
        "DATARATE_RX" : 100.0,
        "DATARATE_TX" : 100.0
      },
      "interface-nodeG ( nodeG )" : {
        "DATARATE_RX" : 100.0,
        "DATARATE_TX" : 100.0
      },
      "interface-nodeJ ( nodeJ )" : {
        "DATARATE_RX" : 100.0,
        "DATARATE_TX" : 100.0
      }
    },
    "networkLoad" : {
      "interface-nodeT ( nodeT )" : { },
      "interface-nodeG ( nodeG )" : {
        "(clientPoolJ, nodeC_c00, nodeC_c00)" : {
          "AppCoordinates {com.bbn, test-service1, 1}" : {
            "DATARATE_TX" : 0.006,
            "DATARATE_RX" : 0.003
          }
        },
        "(clientPoolJ, nodeC_c04, nodeC_c04)" : {
          "AppCoordinates {com.bbn, test-service2, 1}" : {
            "DATARATE_TX" : 0.006,
            "DATARATE_RX" : 0.003
          }
        },
        "(clientPoolJ, nodeC_c03, nodeC_c03)" : {
          "AppCoordinates {com.bbn, test-service3, 1}" : {
            "DATARATE_TX" : 0.004,
            "DATARATE_RX" : 0.002
          }
        },
        "(clientPoolJ, nodeC_c02, nodeC_c02)" : {
          "AppCoordinates {com.bbn, test-service3, 1}" : {
            "DATARATE_TX" : 0.008,
            "DATARATE_RX" : 0.004
          }
        },
        "(clientPoolJ, nodeC_c01, nodeC_c01)" : {
          "AppCoordinates {com.bbn, test-service2, 1}" : {
            "DATARATE_TX" : 0.008,
            "DATARATE_RX" : 0.004
          }
        },
        "(clientPoolJ, nodeC_c05, nodeC_c05)" : {
          "AppCoordinates {com.bbn, test-service1, 1}" : {
            "DATARATE_TX" : 0.004,
            "DATARATE_RX" : 0.002
          }
        }
      },
      "interface-nodeJ ( nodeJ )" : {
        "(nodeC_c04, clientPoolJ, nodeC_c04)" : {
          "AppCoordinates {com.bbn, test-service2, 1}" : {
            "DATARATE_TX" : 0.003,
            "DATARATE_RX" : 0.006
          }
        },
        "(nodeC_c05, clientPoolJ, nodeC_c05)" : {
          "AppCoordinates {com.bbn, test-service1, 1}" : {
            "DATARATE_TX" : 0.002,
            "DATARATE_RX" : 0.004
          }
        },
        "(nodeC_c02, clientPoolJ, nodeC_c02)" : {
          "AppCoordinates {com.bbn, test-service3, 1}" : {
            "DATARATE_TX" : 0.004,
            "DATARATE_RX" : 0.008
          }
        },
        "(nodeC_c03, clientPoolJ, nodeC_c03)" : {
          "AppCoordinates {com.bbn, test-service3, 1}" : {
            "DATARATE_TX" : 0.002,
            "DATARATE_RX" : 0.004
          }
        },
        "(nodeC_c00, clientPoolJ, nodeC_c00)" : {
          "AppCoordinates {com.bbn, test-service1, 1}" : {
            "DATARATE_TX" : 0.003,
            "DATARATE_RX" : 0.006
          }
        },
        "(nodeC_c01, clientPoolJ, nodeC_c01)" : {
          "AppCoordinates {com.bbn, test-service2, 1}" : {
            "DATARATE_TX" : 0.004,
            "DATARATE_RX" : 0.008
          }
        }
      }
    },
    "networkDemand" : {
      "interface-nodeT ( nodeT )" : { },
      "interface-nodeJ ( nodeJ )" : {
        "(nodeC_c04, clientPoolJ, nodeC_c04)" : {
          "AppCoordinates {com.bbn, test-service2, 1}" : {
            "DATARATE_TX" : 0.0029999999999999996,
            "DATARATE_RX" : 0.005999999999999999
          }
        },
        "(nodeC_c05, clientPoolJ, nodeC_c05)" : {
          "AppCoordinates {com.bbn, test-service1, 1}" : {
            "DATARATE_TX" : 0.002,
            "DATARATE_RX" : 0.004
          }
        },
        "(nodeC_c02, clientPoolJ, nodeC_c02)" : {
          "AppCoordinates {com.bbn, test-service3, 1}" : {
            "DATARATE_TX" : 0.004,
            "DATARATE_RX" : 0.008
          }
        },
        "(nodeC_c03, clientPoolJ, nodeC_c03)" : {
          "AppCoordinates {com.bbn, test-service3, 1}" : {
            "DATARATE_TX" : 0.002,
            "DATARATE_RX" : 0.004
          }
        },
        "(nodeC_c00, clientPoolJ, nodeC_c00)" : {
          "AppCoordinates {com.bbn, test-service1, 1}" : {
            "DATARATE_TX" : 0.0029999999999999996,
            "DATARATE_RX" : 0.005999999999999999
          }
        },
        "(nodeC_c01, clientPoolJ, nodeC_c01)" : {
          "AppCoordinates {com.bbn, test-service2, 1}" : {
            "DATARATE_TX" : 0.004,
            "DATARATE_RX" : 0.008
          }
        }
      },
      "interface-nodeG ( nodeG )" : {
        "(clientPoolJ, nodeC_c00, nodeC_c00)" : {
          "AppCoordinates {com.bbn, test-service1, 1}" : {
            "DATARATE_TX" : 0.005999999999999999,
            "DATARATE_RX" : 0.0029999999999999996
          }
        },
        "(clientPoolJ, nodeC_c04, nodeC_c04)" : {
          "AppCoordinates {com.bbn, test-service2, 1}" : {
            "DATARATE_TX" : 0.005999999999999999,
            "DATARATE_RX" : 0.0029999999999999996
          }
        },
        "(clientPoolJ, nodeC_c03, nodeC_c03)" : {
          "AppCoordinates {com.bbn, test-service3, 1}" : {
            "DATARATE_TX" : 0.004,
            "DATARATE_RX" : 0.002
          }
        },
        "(clientPoolJ, nodeC_c02, nodeC_c02)" : {
          "AppCoordinates {com.bbn, test-service3, 1}" : {
            "DATARATE_TX" : 0.008,
            "DATARATE_RX" : 0.004
          }
        },
        "(clientPoolJ, nodeC_c01, nodeC_c01)" : {
          "AppCoordinates {com.bbn, test-service2, 1}" : {
            "DATARATE_TX" : 0.008,
            "DATARATE_RX" : 0.004
          }
        },
        "(clientPoolJ, nodeC_c05, nodeC_c05)" : {
          "AppCoordinates {com.bbn, test-service1, 1}" : {
            "DATARATE_TX" : 0.004,
            "DATARATE_RX" : 0.002
          }
        }
      }
    },
    "containerReports" : { },
    "maximumServiceContainers" : 20,
    "allocatedServiceContainers" : 0,
    "computeDemand" : { },
    "containerNetworkLoad" : { },
    "containerNetworkDemand" : { },
    "computeLoad" : { },
    "allocatedComputeCapacity" : { },
    "availableServiceContainers" : 20,
    "averageProcessingTime" : { }
  } ]
}