718,1,DNS_UPDATE_SUCCEEDED
801,1,DCOP_PLAN_PLUBLIED
820,2,RLG_PLAN_PUBLISHED
105888,212,DCOP_PLAN_PLUBLIED
108799,218,RLG_PLAN_PUBLISHED
109251,219,DNS_UPDATE_SUCCEEDED
109752,220,DNS_UPDATE_SUCCEEDED
111800,224,RLG_PLAN_PUBLISHED
112251,225,DNS_UPDATE_SUCCEEDED
117800,236,RLG_PLAN_PUBLISHED
118248,237,DNS_UPDATE_SUCCEEDED
118753,238,DNS_UPDATE_SUCCEEDED
120800,242,RLG_PLAN_PUBLISHED
121253,243,DNS_UPDATE_SUCCEEDED
165845,332,DCOP_PLAN_PLUBLIED
168801,338,RLG_PLAN_PUBLISHED
169276,339,DNS_UPDATE_SUCCEEDED
180802,362,RLG_PLAN_PUBLISHED
181280,363,DNS_UPDATE_SUCCEEDED
183803,368,RLG_PLAN_PUBLISHED
184280,369,DNS_UPDATE_SUCCEEDED
184780,370,DNS_UPDATE_SUCCEEDED
186805,374,RLG_PLAN_PUBLISHED
187280,375,DNS_UPDATE_SUCCEEDED
225854,452,DCOP_PLAN_PLUBLIED
228804,458,RLG_PLAN_PUBLISHED
229294,459,DNS_UPDATE_SUCCEEDED
285859,572,DCOP_PLAN_PLUBLIED
288806,578,RLG_PLAN_PUBLISHED
289304,579,DNS_UPDATE_SUCCEEDED
345850,692,DCOP_PLAN_PLUBLIED
348806,697,RLG_PLAN_PUBLISHED
348828,698,DNS_UPDATE_SUCCEEDED
405849,811,DCOP_PLAN_PLUBLIED
465877,931,DCOP_PLAN_PLUBLIED
468814,937,RLG_PLAN_PUBLISHED
468877,938,DNS_UPDATE_SUCCEEDED
525869,1051,DCOP_PLAN_PLUBLIED
528817,1057,RLG_PLAN_PUBLISHED
528898,1058,DNS_UPDATE_SUCCEEDED
585861,1171,DCOP_PLAN_PLUBLIED
588818,1177,RLG_PLAN_PUBLISHED
588926,1178,DNS_UPDATE_SUCCEEDED
630005,1260,DCOP_PLAN_PLUBLIED
