{
  "nodeName" : {
    "name" : "nodeG"
  },
  "timestamp" : 173986,
  "demandEstimationWindow" : "LONG",
  "nodeComputeCapacity" : {
    "CPU" : 4.0,
    "MEMORY" : 8.0E9,
    "DISK" : 10.0,
    "TASK_CONTAINERS" : 20.0
  },
  "networkCapacity" : {
    "interface-nodeE ( nodeE )" : {
      "DATARATE_RX" : 100.0,
      "DATARATE_TX" : 100.0
    },
    "interface-nodeB ( nodeB )" : {
      "DATARATE_RX" : 100.0,
      "DATARATE_TX" : 100.0
    },
    "interface-nodeL ( nodeL )" : {
      "DATARATE_RX" : 100.0,
      "DATARATE_TX" : 100.0
    },
    "interface-nodeJ ( nodeJ )" : {
      "DATARATE_RX" : 100.0,
      "DATARATE_TX" : 100.0
    },
    "interface-nodeA ( nodeA )" : {
      "DATARATE_RX" : 100.0,
      "DATARATE_TX" : 100.0
    },
    "interface-nodeN ( nodeN )" : {
      "DATARATE_RX" : 100.0,
      "DATARATE_TX" : 100.0
    },
    "interface-nodeO ( nodeO )" : {
      "DATARATE_RX" : 100.0,
      "DATARATE_TX" : 100.0
    }
  },
  "networkLoad" : {
    "interface-nodeE ( nodeE )" : { },
    "interface-nodeB ( nodeB )" : { },
    "interface-nodeL ( nodeL )" : { },
    "interface-nodeJ ( nodeJ )" : {
      "(nodeG_c02, clientPoolJ, nodeG_c02)" : {
        "AppCoordinates {com.bbn, test-service3, 1}" : {
          "DATARATE_TX" : 1.0E-6,
          "DATARATE_RX" : 2.0E-6
        }
      },
      "(nodeG_c00, clientPoolJ, nodeG_c00)" : {
        "AppCoordinates {com.bbn, test-service3, 1}" : {
          "DATARATE_TX" : 1.9199999999999957E-4,
          "DATARATE_RX" : 3.8399999999999914E-4
        }
      }
    },
    "interface-nodeA ( nodeA )" : {
      "(nodeG_c02, clientPoolA, nodeG_c02)" : {
        "AppCoordinates {com.bbn, test-service3, 1}" : {
          "DATARATE_TX" : 1.0E-6,
          "DATARATE_RX" : 2.0E-6
        }
      },
      "(nodeG_c00, clientPoolA, nodeG_c00)" : {
        "AppCoordinates {com.bbn, test-service3, 1}" : {
          "DATARATE_TX" : 2.0E-6,
          "DATARATE_RX" : 4.0E-6
        }
      }
    },
    "interface-nodeN ( nodeN )" : { },
    "interface-nodeO ( nodeO )" : { }
  },
  "networkDemand" : {
    "interface-nodeE ( nodeE )" : { },
    "interface-nodeB ( nodeB )" : { },
    "interface-nodeA ( nodeA )" : {
      "(nodeG_c02, clientPoolA, nodeG_c02)" : {
        "AppCoordinates {com.bbn, test-service3, 1}" : {
          "DATARATE_TX" : 1.0E-6,
          "DATARATE_RX" : 2.0E-6
        }
      },
      "(nodeG_c00, clientPoolA, nodeG_c00)" : {
        "AppCoordinates {com.bbn, test-service3, 1}" : {
          "DATARATE_TX" : 1.8000000000000001E-6,
          "DATARATE_RX" : 3.6000000000000003E-6
        }
      }
    },
    "interface-nodeO ( nodeO )" : { },
    "interface-nodeN ( nodeN )" : { },
    "interface-nodeL ( nodeL )" : { },
    "interface-nodeJ ( nodeJ )" : {
      "(nodeG_c02, clientPoolJ, nodeG_c02)" : {
        "AppCoordinates {com.bbn, test-service3, 1}" : {
          "DATARATE_TX" : 1.0E-6,
          "DATARATE_RX" : 2.0E-6
        }
      },
      "(nodeG_c00, clientPoolJ, nodeG_c00)" : {
        "AppCoordinates {com.bbn, test-service3, 1}" : {
          "DATARATE_TX" : 8.98547008547008E-5,
          "DATARATE_RX" : 1.797094017094016E-4
        }
      }
    }
  },
  "containerReports" : {
    "nodeG_c02" : {
      "containerName" : {
        "name" : "nodeG_c02"
      },
      "timestamp" : 173986,
      "service" : {
        "group" : "com.bbn",
        "artifact" : "test-service3",
        "version" : "1"
      },
      "serviceStatus" : "RUNNING",
      "demandEstimationWindow" : "LONG",
      "computeCapacity" : {
        "CPU" : 1.0,
        "TASK_CONTAINERS" : 100.0,
        "QueueLength" : 1000000.0
      },
      "computeLoad" : {
        "UNKNOWN" : {
          "QueueLength" : 2.0,
          "TASK_CONTAINERS" : 1.0
        }
      },
      "computeDemand" : {
        "UNKNOWN" : {
          "QueueLength" : 1.3333333333333333,
          "TASK_CONTAINERS" : 0.8888888888888888
        }
      },
      "averageProcessingTime" : "NaN",
      "networkCapacity" : {
        "interface-nodeG ( nodeG )" : {
          "DATARATE_TX" : 100.0,
          "DATARATE_RX" : 100.0
        }
      },
      "networkLoad" : {
        "interface-nodeG ( nodeG )" : {
          "(clientPoolJ, nodeG_c02, nodeG_c02)" : {
            "AppCoordinates {com.bbn, test-service3, 1}" : {
              "DATARATE_TX" : 2.0E-6,
              "DATARATE_RX" : 1.0E-6
            }
          },
          "(clientPoolA, nodeG_c02, nodeG_c02)" : {
            "AppCoordinates {com.bbn, test-service3, 1}" : {
              "DATARATE_TX" : 2.0E-6,
              "DATARATE_RX" : 1.0E-6
            }
          }
        }
      },
      "networkDemand" : {
        "interface-nodeG ( nodeG )" : {
          "(clientPoolJ, nodeG_c02, nodeG_c02)" : {
            "AppCoordinates {com.bbn, test-service3, 1}" : {
              "DATARATE_TX" : 2.0E-6,
              "DATARATE_RX" : 1.0E-6
            }
          },
          "(clientPoolA, nodeG_c02, nodeG_c02)" : {
            "AppCoordinates {com.bbn, test-service3, 1}" : {
              "DATARATE_TX" : 2.0E-6,
              "DATARATE_RX" : 1.0E-6
            }
          }
        }
      }
    },
    "nodeG_c00" : {
      "containerName" : {
        "name" : "nodeG_c00"
      },
      "timestamp" : 173987,
      "service" : {
        "group" : "com.bbn",
        "artifact" : "test-service3",
        "version" : "1"
      },
      "serviceStatus" : "RUNNING",
      "demandEstimationWindow" : "LONG",
      "computeCapacity" : {
        "CPU" : 1.0,
        "TASK_CONTAINERS" : 100.0,
        "QueueLength" : 1000000.0
      },
      "computeLoad" : {
        "UNKNOWN" : {
          "QueueLength" : 194.0,
          "TASK_CONTAINERS" : 97.0
        }
      },
      "computeDemand" : {
        "UNKNOWN" : {
          "QueueLength" : 80.38931297709924,
          "TASK_CONTAINERS" : 44.6228813559322
        }
      },
      "averageProcessingTime" : "NaN",
      "networkCapacity" : {
        "interface-nodeG ( nodeG )" : {
          "DATARATE_TX" : 100.0,
          "DATARATE_RX" : 100.0
        }
      },
      "networkLoad" : {
        "interface-nodeG ( nodeG )" : {
          "(clientPoolA, nodeG_c00, nodeG_c00)" : {
            "AppCoordinates {com.bbn, test-service3, 1}" : {
              "DATARATE_TX" : 4.0E-6,
              "DATARATE_RX" : 2.0E-6
            }
          },
          "(clientPoolJ, nodeG_c00, nodeG_c00)" : {
            "AppCoordinates {com.bbn, test-service3, 1}" : {
              "DATARATE_TX" : 3.8399999999999914E-4,
              "DATARATE_RX" : 1.9199999999999957E-4
            }
          }
        }
      },
      "networkDemand" : {
        "interface-nodeG ( nodeG )" : {
          "(clientPoolA, nodeG_c00, nodeG_c00)" : {
            "AppCoordinates {com.bbn, test-service3, 1}" : {
              "DATARATE_TX" : 3.6000000000000003E-6,
              "DATARATE_RX" : 1.8000000000000001E-6
            }
          },
          "(clientPoolJ, nodeG_c00, nodeG_c00)" : {
            "AppCoordinates {com.bbn, test-service3, 1}" : {
              "DATARATE_TX" : 1.7970940170940157E-4,
              "DATARATE_RX" : 8.985470085470078E-5
            }
          }
        }
      }
    },
    "nodeG_c03" : {
      "containerName" : {
        "name" : "nodeG_c03"
      },
      "timestamp" : 173989,
      "service" : {
        "group" : "com.bbn",
        "artifact" : "test-service2",
        "version" : "1"
      },
      "serviceStatus" : "RUNNING",
      "demandEstimationWindow" : "LONG",
      "computeCapacity" : {
        "CPU" : 1.0,
        "TASK_CONTAINERS" : 100.0,
        "QueueLength" : 1000000.0
      },
      "computeLoad" : {
        "UNKNOWN" : {
          "QueueLength" : 0.0
        }
      },
      "computeDemand" : {
        "UNKNOWN" : {
          "QueueLength" : 0.0
        }
      },
      "averageProcessingTime" : "NaN",
      "networkCapacity" : {
        "interface-nodeG ( nodeG )" : {
          "DATARATE_TX" : 100.0,
          "DATARATE_RX" : 100.0
        }
      },
      "networkLoad" : {
        "interface-nodeG ( nodeG )" : { }
      },
      "networkDemand" : {
        "interface-nodeG ( nodeG )" : { }
      }
    }
  },
  "maximumServiceContainers" : 20,
  "allocatedServiceContainers" : 3,
  "computeDemand" : {
    "AppCoordinates {com.bbn, test-service3, 1}" : {
      "UNKNOWN" : {
        "QueueLength" : 81.72264631043257,
        "TASK_CONTAINERS" : 45.511770244821086
      }
    },
    "AppCoordinates {com.bbn, test-service2, 1}" : {
      "UNKNOWN" : {
        "QueueLength" : 0.0
      }
    }
  },
  "containerNetworkLoad" : {
    "interface-nodeG ( nodeG )" : {
      "(clientPoolJ, nodeG_c02, nodeG_c02)" : {
        "AppCoordinates {com.bbn, test-service3, 1}" : {
          "DATARATE_TX" : 2.0E-6,
          "DATARATE_RX" : 1.0E-6
        }
      },
      "(clientPoolA, nodeG_c02, nodeG_c02)" : {
        "AppCoordinates {com.bbn, test-service3, 1}" : {
          "DATARATE_TX" : 2.0E-6,
          "DATARATE_RX" : 1.0E-6
        }
      },
      "(clientPoolA, nodeG_c00, nodeG_c00)" : {
        "AppCoordinates {com.bbn, test-service3, 1}" : {
          "DATARATE_TX" : 4.0E-6,
          "DATARATE_RX" : 2.0E-6
        }
      },
      "(clientPoolJ, nodeG_c00, nodeG_c00)" : {
        "AppCoordinates {com.bbn, test-service3, 1}" : {
          "DATARATE_TX" : 3.8399999999999914E-4,
          "DATARATE_RX" : 1.9199999999999957E-4
        }
      }
    }
  },
  "containerNetworkDemand" : {
    "interface-nodeG ( nodeG )" : {
      "(clientPoolJ, nodeG_c02, nodeG_c02)" : {
        "AppCoordinates {com.bbn, test-service3, 1}" : {
          "DATARATE_TX" : 2.0E-6,
          "DATARATE_RX" : 1.0E-6
        }
      },
      "(clientPoolA, nodeG_c02, nodeG_c02)" : {
        "AppCoordinates {com.bbn, test-service3, 1}" : {
          "DATARATE_TX" : 2.0E-6,
          "DATARATE_RX" : 1.0E-6
        }
      },
      "(clientPoolA, nodeG_c00, nodeG_c00)" : {
        "AppCoordinates {com.bbn, test-service3, 1}" : {
          "DATARATE_TX" : 3.6000000000000003E-6,
          "DATARATE_RX" : 1.8000000000000001E-6
        }
      },
      "(clientPoolJ, nodeG_c00, nodeG_c00)" : {
        "AppCoordinates {com.bbn, test-service3, 1}" : {
          "DATARATE_TX" : 1.7970940170940157E-4,
          "DATARATE_RX" : 8.985470085470078E-5
        }
      }
    }
  },
  "computeLoad" : {
    "AppCoordinates {com.bbn, test-service3, 1}" : {
      "UNKNOWN" : {
        "QueueLength" : 196.0,
        "TASK_CONTAINERS" : 98.0
      }
    },
    "AppCoordinates {com.bbn, test-service2, 1}" : {
      "UNKNOWN" : {
        "QueueLength" : 0.0
      }
    }
  },
  "allocatedComputeCapacity" : {
    "CPU" : 3.0,
    "QueueLength" : 3000000.0,
    "TASK_CONTAINERS" : 300.0
  },
  "availableServiceContainers" : 17,
  "averageProcessingTime" : { }
}