{
  "region" : {
    "name" : "D"
  },
  "timestamp" : 153805,
  "servicePlan" : {
    "nodeD" : [ {
      "id" : {
        "name" : "nodeD_c00"
      },
      "service" : {
        "group" : "com.bbn",
        "artifact" : "test-service3",
        "version" : "1"
      },
      "weight" : 1.0,
      "stopTrafficTo" : false,
      "stop" : false
    }, {
      "id" : {
        "name" : "nodeD_c01"
      },
      "service" : {
        "group" : "com.bbn",
        "artifact" : "test-service3",
        "version" : "1"
      },
      "weight" : 1.0,
      "stopTrafficTo" : false,
      "stop" : false
    } ]
  },
  "overflowPlan" : {
    "AppCoordinates {com.bbn, test-service3, 1}" : {
      "C" : 0.6679577088943265,
      "E" : 0.0,
      "F" : 0.0,
      "G" : 0.0,
      "H" : 0.0,
      "J" : 0.0,
      "D" : 0.3320422911056735
    },
    "AppCoordinates {com.bbn, test-service2, 1}" : {
      "C" : 1.0,
      "E" : 0.0,
      "F" : 0.0,
      "G" : 0.0,
      "H" : 0.0,
      "J" : 0.0,
      "D" : 0.0
    },
    "AppCoordinates {com.bbn, test-service1, 1}" : {
      "C" : 1.0,
      "E" : 0.0,
      "F" : 0.0,
      "G" : 0.0,
      "H" : 0.0,
      "J" : 0.0,
      "D" : 0.0
    }
  }
}