{
  "region" : {
    "name" : "A"
  },
  "minTimestamp" : 121498,
  "maxTimestamp" : 121498,
  "demandEstimationWindow" : "LONG",
  "serverCapacity" : {
    "DISK" : 10.0,
    "MEMORY" : 8.0E9,
    "CPU" : 4.0,
    "TASK_CONTAINERS" : 20.0
  },
  "serverLoad" : {
    "AppCoordinates {com.bbn, test-service3, 1}" : {
      "unknown" : {
        "QueueLength" : 120.0,
        "TASK_CONTAINERS" : 60.0
      }
    }
  },
  "serverDemand" : {
    "AppCoordinates {com.bbn, test-service3, 1}" : {
      "unknown" : {
        "QueueLength" : 78.64285714285714,
        "TASK_CONTAINERS" : 42.34615384615385
      }
    }
  },
  "serverAverageProcessingTimeCount" : { },
  "serverAverageProcessingTimeSum" : { },
  "networkCapacity" : {
    "B" : {
      "DATARATE_RX" : 100.0,
      "DATARATE_TX" : 100.0
    },
    "C" : {
      "DATARATE_RX" : 100.0,
      "DATARATE_TX" : 100.0
    },
    "D" : {
      "DATARATE_RX" : 100.0,
      "DATARATE_TX" : 100.0
    }
  },
  "networkLoad" : {
    "B" : {
      "(C, B, B)" : {
        "AppCoordinates {com.bbn, test-service3, 1}" : {
          "DATARATE_TX" : 1.4399999999999998E-4,
          "DATARATE_RX" : 7.199999999999999E-5
        },
        "AppCoordinates {com.bbn, test-service2, 1}" : {
          "DATARATE_TX" : 2.5399999999999967E-4,
          "DATARATE_RX" : 1.2699999999999983E-4
        },
        "AppCoordinates {com.bbn, test-service1, 1}" : {
          "DATARATE_TX" : 4.0199999999999947E-4,
          "DATARATE_RX" : 2.0099999999999974E-4
        }
      }
    },
    "C" : {
      "(B, C, B)" : {
        "AppCoordinates {com.bbn, test-service3, 1}" : {
          "DATARATE_TX" : 7.199999999999999E-5,
          "DATARATE_RX" : 1.4399999999999998E-4
        },
        "AppCoordinates {com.bbn, test-service2, 1}" : {
          "DATARATE_TX" : 1.2699999999999983E-4,
          "DATARATE_RX" : 2.5399999999999967E-4
        },
        "AppCoordinates {com.bbn, test-service1, 1}" : {
          "DATARATE_TX" : 2.0099999999999974E-4,
          "DATARATE_RX" : 4.0199999999999947E-4
        }
      },
      "(A, C, A)" : {
        "AppCoordinates {com.bbn, test-service3, 1}" : {
          "DATARATE_TX" : 1.1999999999999976E-4,
          "DATARATE_RX" : 2.3999999999999952E-4
        }
      }
    },
    "D" : { }
  },
  "networkDemand" : {
    "B" : {
      "(C, B, B)" : {
        "AppCoordinates {com.bbn, test-service3, 1}" : {
          "DATARATE_TX" : 2.3457175697865352E-4,
          "DATARATE_RX" : 1.1728587848932676E-4
        },
        "AppCoordinates {com.bbn, test-service2, 1}" : {
          "DATARATE_TX" : 2.5899689296256E-4,
          "DATARATE_RX" : 1.2949844648128E-4
        },
        "AppCoordinates {com.bbn, test-service1, 1}" : {
          "DATARATE_TX" : 4.8030774412737205E-4,
          "DATARATE_RX" : 2.4015387206368602E-4
        }
      }
    },
    "C" : {
      "(B, C, B)" : {
        "AppCoordinates {com.bbn, test-service3, 1}" : {
          "DATARATE_TX" : 1.1728587848932676E-4,
          "DATARATE_RX" : 2.3457175697865352E-4
        },
        "AppCoordinates {com.bbn, test-service2, 1}" : {
          "DATARATE_TX" : 1.2949844648128E-4,
          "DATARATE_RX" : 2.5899689296256E-4
        },
        "AppCoordinates {com.bbn, test-service1, 1}" : {
          "DATARATE_TX" : 2.4015387206368602E-4,
          "DATARATE_RX" : 4.8030774412737205E-4
        }
      },
      "(A, C, A)" : {
        "AppCoordinates {com.bbn, test-service3, 1}" : {
          "DATARATE_TX" : 8.807999999999982E-5,
          "DATARATE_RX" : 1.7615999999999964E-4
        }
      }
    },
    "D" : { }
  },
  "maximumServiceContainers" : 20,
  "allocatedServiceContainers" : 1,
  "serverAverageProcessingTime" : { },
  "availableServiceContainers" : 19,
  "nullSummary" : false
}