759,1,DNS_UPDATE_SUCCEEDED
789,2,DCOP_PLAN_PLUBLIED
801,2,RLG_PLAN_PUBLISHED
105909,212,DCOP_PLAN_PLUBLIED
108786,217,RLG_PLAN_PUBLISHED
108801,218,DNS_UPDATE_SUCCEEDED
109292,219,DNS_UPDATE_SUCCEEDED
111778,223,RLG_PLAN_PUBLISHED
111785,224,DNS_UPDATE_SUCCEEDED
162781,325,RLG_PLAN_PUBLISHED
162810,326,DNS_UPDATE_SUCCEEDED
163313,327,DNS_UPDATE_SUCCEEDED
165781,331,RLG_PLAN_PUBLISHED
165811,332,DNS_UPDATE_SUCCEEDED
165876,332,DCOP_PLAN_PLUBLIED
168783,337,RLG_PLAN_PUBLISHED
168812,338,DNS_UPDATE_SUCCEEDED
225795,451,RLG_PLAN_PUBLISHED
225831,452,DNS_UPDATE_SUCCEEDED
225887,452,DCOP_PLAN_PLUBLIED
228796,457,RLG_PLAN_PUBLISHED
228839,458,DNS_UPDATE_SUCCEEDED
229337,459,DNS_UPDATE_SUCCEEDED
231796,463,RLG_PLAN_PUBLISHED
231841,464,DNS_UPDATE_SUCCEEDED
285851,571,DCOP_PLAN_PLUBLIED
288799,577,RLG_PLAN_PUBLISHED
288856,578,DNS_UPDATE_SUCCEEDED
345881,692,DCOP_PLAN_PLUBLIED
348804,697,RLG_PLAN_PUBLISHED
348879,698,DNS_UPDATE_SUCCEEDED
405896,812,DCOP_PLAN_PLUBLIED
408828,817,RLG_PLAN_PUBLISHED
408901,818,DNS_UPDATE_SUCCEEDED
465879,931,DCOP_PLAN_PLUBLIED
468831,937,RLG_PLAN_PUBLISHED
468941,938,DNS_UPDATE_SUCCEEDED
525884,1051,DCOP_PLAN_PLUBLIED
528846,1057,RLG_PLAN_PUBLISHED
528957,1058,DNS_UPDATE_SUCCEEDED
585885,1171,DCOP_PLAN_PLUBLIED
588851,1177,RLG_PLAN_PUBLISHED
588981,1178,DNS_UPDATE_SUCCEEDED
630005,1260,DCOP_PLAN_PLUBLIED
