{
  "region" : {
    "name" : "G"
  },
  "nodeResourceReports" : [ {
    "nodeName" : {
      "name" : "nodeG"
    },
    "timestamp" : 142986,
    "demandEstimationWindow" : "SHORT",
    "nodeComputeCapacity" : {
      "CPU" : 4.0,
      "MEMORY" : 8.0E9,
      "DISK" : 10.0,
      "TASK_CONTAINERS" : 20.0
    },
    "networkCapacity" : {
      "interface-nodeE ( nodeE )" : {
        "DATARATE_RX" : 100.0,
        "DATARATE_TX" : 100.0
      },
      "interface-nodeB ( nodeB )" : {
        "DATARATE_RX" : 100.0,
        "DATARATE_TX" : 100.0
      },
      "interface-nodeL ( nodeL )" : {
        "DATARATE_RX" : 100.0,
        "DATARATE_TX" : 100.0
      },
      "interface-nodeJ ( nodeJ )" : {
        "DATARATE_RX" : 100.0,
        "DATARATE_TX" : 100.0
      },
      "interface-nodeA ( nodeA )" : {
        "DATARATE_RX" : 100.0,
        "DATARATE_TX" : 100.0
      },
      "interface-nodeN ( nodeN )" : {
        "DATARATE_RX" : 100.0,
        "DATARATE_TX" : 100.0
      },
      "interface-nodeO ( nodeO )" : {
        "DATARATE_RX" : 100.0,
        "DATARATE_TX" : 100.0
      }
    },
    "networkLoad" : {
      "interface-nodeE ( nodeE )" : { },
      "interface-nodeB ( nodeB )" : { },
      "interface-nodeL ( nodeL )" : { },
      "interface-nodeJ ( nodeJ )" : {
        "(nodeG_c00, clientPoolJ, nodeG_c00)" : {
          "AppCoordinates {com.bbn, test-service3, 1}" : {
            "DATARATE_TX" : 7.299999999999989E-5,
            "DATARATE_RX" : 1.4599999999999978E-4
          }
        }
      },
      "interface-nodeA ( nodeA )" : { },
      "interface-nodeN ( nodeN )" : { },
      "interface-nodeO ( nodeO )" : { }
    },
    "networkDemand" : {
      "interface-nodeE ( nodeE )" : { },
      "interface-nodeB ( nodeB )" : { },
      "interface-nodeA ( nodeA )" : { },
      "interface-nodeO ( nodeO )" : { },
      "interface-nodeN ( nodeN )" : { },
      "interface-nodeL ( nodeL )" : { },
      "interface-nodeJ ( nodeJ )" : {
        "(nodeG_c00, clientPoolJ, nodeG_c00)" : {
          "AppCoordinates {com.bbn, test-service3, 1}" : {
            "DATARATE_TX" : 7.299999999999989E-5,
            "DATARATE_RX" : 1.4599999999999978E-4
          }
        }
      }
    },
    "containerReports" : {
      "nodeG_c01" : {
        "containerName" : {
          "name" : "nodeG_c01"
        },
        "timestamp" : 142986,
        "service" : {
          "group" : "com.bbn",
          "artifact" : "test-service1",
          "version" : "1"
        },
        "serviceStatus" : "RUNNING",
        "demandEstimationWindow" : "SHORT",
        "computeCapacity" : {
          "CPU" : 1.0,
          "TASK_CONTAINERS" : 100.0,
          "QueueLength" : 1000000.0
        },
        "computeLoad" : {
          "UNKNOWN" : {
            "QueueLength" : 0.0
          }
        },
        "computeDemand" : {
          "UNKNOWN" : {
            "QueueLength" : 0.0
          }
        },
        "averageProcessingTime" : "NaN",
        "networkCapacity" : {
          "interface-nodeG ( nodeG )" : {
            "DATARATE_TX" : 100.0,
            "DATARATE_RX" : 100.0
          }
        },
        "networkLoad" : {
          "interface-nodeG ( nodeG )" : { }
        },
        "networkDemand" : {
          "interface-nodeG ( nodeG )" : { }
        }
      },
      "nodeG_c00" : {
        "containerName" : {
          "name" : "nodeG_c00"
        },
        "timestamp" : 142987,
        "service" : {
          "group" : "com.bbn",
          "artifact" : "test-service3",
          "version" : "1"
        },
        "serviceStatus" : "RUNNING",
        "demandEstimationWindow" : "SHORT",
        "computeCapacity" : {
          "CPU" : 1.0,
          "TASK_CONTAINERS" : 100.0,
          "QueueLength" : 1000000.0
        },
        "computeLoad" : {
          "UNKNOWN" : {
            "QueueLength" : 73.0,
            "TASK_CONTAINERS" : 36.5
          }
        },
        "computeDemand" : {
          "UNKNOWN" : {
            "QueueLength" : 63.875,
            "TASK_CONTAINERS" : 31.9375
          }
        },
        "averageProcessingTime" : "NaN",
        "networkCapacity" : {
          "interface-nodeG ( nodeG )" : {
            "DATARATE_TX" : 100.0,
            "DATARATE_RX" : 100.0
          }
        },
        "networkLoad" : {
          "interface-nodeG ( nodeG )" : {
            "(clientPoolJ, nodeG_c00, nodeG_c00)" : {
              "AppCoordinates {com.bbn, test-service3, 1}" : {
                "DATARATE_TX" : 1.4599999999999978E-4,
                "DATARATE_RX" : 7.299999999999989E-5
              }
            }
          }
        },
        "networkDemand" : {
          "interface-nodeG ( nodeG )" : {
            "(clientPoolJ, nodeG_c00, nodeG_c00)" : {
              "AppCoordinates {com.bbn, test-service3, 1}" : {
                "DATARATE_TX" : 1.4599999999999978E-4,
                "DATARATE_RX" : 7.299999999999989E-5
              }
            }
          }
        }
      }
    },
    "maximumServiceContainers" : 20,
    "allocatedServiceContainers" : 2,
    "computeDemand" : {
      "AppCoordinates {com.bbn, test-service3, 1}" : {
        "UNKNOWN" : {
          "QueueLength" : 63.875,
          "TASK_CONTAINERS" : 31.9375
        }
      },
      "AppCoordinates {com.bbn, test-service1, 1}" : {
        "UNKNOWN" : {
          "QueueLength" : 0.0
        }
      }
    },
    "containerNetworkLoad" : {
      "interface-nodeG ( nodeG )" : {
        "(clientPoolJ, nodeG_c00, nodeG_c00)" : {
          "AppCoordinates {com.bbn, test-service3, 1}" : {
            "DATARATE_TX" : 1.4599999999999978E-4,
            "DATARATE_RX" : 7.299999999999989E-5
          }
        }
      }
    },
    "containerNetworkDemand" : {
      "interface-nodeG ( nodeG )" : {
        "(clientPoolJ, nodeG_c00, nodeG_c00)" : {
          "AppCoordinates {com.bbn, test-service3, 1}" : {
            "DATARATE_TX" : 1.4599999999999978E-4,
            "DATARATE_RX" : 7.299999999999989E-5
          }
        }
      }
    },
    "computeLoad" : {
      "AppCoordinates {com.bbn, test-service3, 1}" : {
        "UNKNOWN" : {
          "QueueLength" : 73.0,
          "TASK_CONTAINERS" : 36.5
        }
      },
      "AppCoordinates {com.bbn, test-service1, 1}" : {
        "UNKNOWN" : {
          "QueueLength" : 0.0
        }
      }
    },
    "allocatedComputeCapacity" : {
      "CPU" : 2.0,
      "QueueLength" : 2000000.0,
      "TASK_CONTAINERS" : 200.0
    },
    "availableServiceContainers" : 18,
    "averageProcessingTime" : { }
  } ]
}