518,1,DNS_UPDATE_SUCCEEDED
553,2,DCOP_PLAN_PLUBLIED
565,2,RLG_PLAN_PUBLISHED
105751,212,DCOP_PLAN_PLUBLIED
108533,217,RLG_PLAN_PUBLISHED
108583,218,DNS_UPDATE_SUCCEEDED
109082,219,DNS_UPDATE_SUCCEEDED
111533,223,RLG_PLAN_PUBLISHED
111587,224,DNS_UPDATE_SUCCEEDED
165684,332,DCOP_PLAN_PLUBLIED
168540,337,RLG_PLAN_PUBLISHED
168604,338,DNS_UPDATE_SUCCEEDED
169103,339,DNS_UPDATE_SUCCEEDED
171538,343,RLG_PLAN_PUBLISHED
171609,344,DNS_UPDATE_SUCCEEDED
174542,349,RLG_PLAN_PUBLISHED
174609,350,DNS_UPDATE_SUCCEEDED
177542,355,RLG_PLAN_PUBLISHED
177608,356,DNS_UPDATE_SUCCEEDED
178108,357,DNS_UPDATE_SUCCEEDED
180544,361,RLG_PLAN_PUBLISHED
180611,362,DNS_UPDATE_SUCCEEDED
225686,452,DCOP_PLAN_PLUBLIED
228548,457,RLG_PLAN_PUBLISHED
228639,458,DNS_UPDATE_SUCCEEDED
285692,572,DCOP_PLAN_PLUBLIED
288552,577,RLG_PLAN_PUBLISHED
288687,578,DNS_UPDATE_SUCCEEDED
345699,691,DCOP_PLAN_PLUBLIED
348555,697,RLG_PLAN_PUBLISHED
348726,698,DNS_UPDATE_SUCCEEDED
405685,811,DCOP_PLAN_PLUBLIED
408561,817,RLG_PLAN_PUBLISHED
408785,818,DNS_UPDATE_SUCCEEDED
465668,931,DCOP_PLAN_PLUBLIED
468566,937,RLG_PLAN_PUBLISHED
468824,938,DNS_UPDATE_SUCCEEDED
525672,1051,DCOP_PLAN_PLUBLIED
528576,1057,RLG_PLAN_PUBLISHED
528859,1058,DNS_UPDATE_SUCCEEDED
579582,1159,RLG_PLAN_PUBLISHED
579897,1160,DNS_UPDATE_SUCCEEDED
580397,1161,DNS_UPDATE_SUCCEEDED
582583,1165,RLG_PLAN_PUBLISHED
582898,1166,DNS_UPDATE_SUCCEEDED
585706,1171,DCOP_PLAN_PLUBLIED
588583,1177,RLG_PLAN_PUBLISHED
588903,1178,DNS_UPDATE_SUCCEEDED
630003,1261,DNS_UPDATE_SUCCEEDED
630003,1291,DCOP_PLAN_PLUBLIED
