663,1,DNS_UPDATE_SUCCEEDED
713,2,DCOP_PLAN_PLUBLIED
730,2,RLG_PLAN_PUBLISHED
106001,212,DCOP_PLAN_PLUBLIED
108673,217,RLG_PLAN_PUBLISHED
108698,218,DNS_UPDATE_SUCCEEDED
109197,219,DNS_UPDATE_SUCCEEDED
111671,223,RLG_PLAN_PUBLISHED
111696,224,DNS_UPDATE_SUCCEEDED
117674,235,RLG_PLAN_PUBLISHED
117696,236,DNS_UPDATE_SUCCEEDED
118195,237,DNS_UPDATE_SUCCEEDED
120671,241,RLG_PLAN_PUBLISHED
120696,242,DNS_UPDATE_SUCCEEDED
165931,332,DCOP_PLAN_PLUBLIED
168674,337,RLG_PLAN_PUBLISHED
168710,338,DNS_UPDATE_SUCCEEDED
169209,339,DNS_UPDATE_SUCCEEDED
171673,343,RLG_PLAN_PUBLISHED
171715,344,DNS_UPDATE_SUCCEEDED
177673,355,RLG_PLAN_PUBLISHED
177713,356,DNS_UPDATE_SUCCEEDED
180677,361,RLG_PLAN_PUBLISHED
180715,362,DNS_UPDATE_SUCCEEDED
181218,363,DNS_UPDATE_SUCCEEDED
183673,367,RLG_PLAN_PUBLISHED
183717,368,DNS_UPDATE_SUCCEEDED
186678,373,RLG_PLAN_PUBLISHED
186718,374,DNS_UPDATE_SUCCEEDED
189675,379,RLG_PLAN_PUBLISHED
189717,380,DNS_UPDATE_SUCCEEDED
190218,381,DNS_UPDATE_SUCCEEDED
192674,385,RLG_PLAN_PUBLISHED
192719,386,DNS_UPDATE_SUCCEEDED
225946,452,DCOP_PLAN_PLUBLIED
228674,457,RLG_PLAN_PUBLISHED
228733,458,DNS_UPDATE_SUCCEEDED
229234,459,DNS_UPDATE_SUCCEEDED
231674,463,RLG_PLAN_PUBLISHED
231733,464,DNS_UPDATE_SUCCEEDED
285927,572,DCOP_PLAN_PLUBLIED
288679,577,RLG_PLAN_PUBLISHED
288754,578,DNS_UPDATE_SUCCEEDED
297682,595,RLG_PLAN_PUBLISHED
297757,596,DNS_UPDATE_SUCCEEDED
298254,597,DNS_UPDATE_SUCCEEDED
300679,601,RLG_PLAN_PUBLISHED
300757,602,DNS_UPDATE_SUCCEEDED
345919,692,DCOP_PLAN_PLUBLIED
348688,697,RLG_PLAN_PUBLISHED
348768,698,DNS_UPDATE_SUCCEEDED
360688,721,RLG_PLAN_PUBLISHED
360838,722,DNS_UPDATE_SUCCEEDED
363688,727,RLG_PLAN_PUBLISHED
363837,728,DNS_UPDATE_SUCCEEDED
364337,729,DNS_UPDATE_SUCCEEDED
366688,733,RLG_PLAN_PUBLISHED
366840,734,DNS_UPDATE_SUCCEEDED
405927,812,DCOP_PLAN_PLUBLIED
408689,817,RLG_PLAN_PUBLISHED
408853,818,DNS_UPDATE_SUCCEEDED
411689,823,RLG_PLAN_PUBLISHED
411852,824,DNS_UPDATE_SUCCEEDED
412352,825,DNS_UPDATE_SUCCEEDED
414690,829,RLG_PLAN_PUBLISHED
414852,830,DNS_UPDATE_SUCCEEDED
417689,835,RLG_PLAN_PUBLISHED
417855,836,DNS_UPDATE_SUCCEEDED
420690,841,RLG_PLAN_PUBLISHED
420855,842,DNS_UPDATE_SUCCEEDED
421356,843,DNS_UPDATE_SUCCEEDED
423690,847,RLG_PLAN_PUBLISHED
423858,848,DNS_UPDATE_SUCCEEDED
465900,932,DCOP_PLAN_PLUBLIED
468695,937,RLG_PLAN_PUBLISHED
468871,938,DNS_UPDATE_SUCCEEDED
525919,1052,DCOP_PLAN_PLUBLIED
528697,1057,RLG_PLAN_PUBLISHED
528895,1058,DNS_UPDATE_SUCCEEDED
585931,1172,DCOP_PLAN_PLUBLIED
588697,1177,RLG_PLAN_PUBLISHED
588913,1178,DNS_UPDATE_SUCCEEDED
630005,1260,DCOP_PLAN_PLUBLIED
