{
  "nodeName" : {
    "name" : "nodeC"
  },
  "timestamp" : 369992,
  "demandEstimationWindow" : "LONG",
  "nodeComputeCapacity" : {
    "CPU" : 4.0,
    "MEMORY" : 8.0E9,
    "DISK" : 10.0,
    "TASK_CONTAINERS" : 20.0
  },
  "networkCapacity" : {
    "interface-nodeB ( nodeB )" : {
      "DATARATE_RX" : 100.0,
      "DATARATE_TX" : 100.0
    },
    "interface-nodeI ( nodeI )" : {
      "DATARATE_RX" : 100.0,
      "DATARATE_TX" : 100.0
    },
    "interface-nodeF ( nodeF )" : {
      "DATARATE_RX" : 100.0,
      "DATARATE_TX" : 100.0
    },
    "interface-nodeG ( nodeG )" : {
      "DATARATE_RX" : 100.0,
      "DATARATE_TX" : 100.0
    },
    "interface-nodeA ( nodeA )" : {
      "DATARATE_RX" : 100.0,
      "DATARATE_TX" : 100.0
    }
  },
  "networkLoad" : {
    "interface-nodeB ( nodeB )" : { },
    "interface-nodeI ( nodeI )" : {
      "(nodeC_c09, clientPoolI, nodeC_c09)" : {
        "AppCoordinates {com.bbn, test-service1, 1}" : {
          "DATARATE_TX" : 4.2351647362715017E-22,
          "DATARATE_RX" : 8.470329472543003E-22
        }
      },
      "(nodeC_c07, clientPoolI, nodeC_c07)" : {
        "AppCoordinates {com.bbn, test-service1, 1}" : {
          "DATARATE_TX" : 0.0,
          "DATARATE_RX" : 0.0
        }
      },
      "(nodeC_c18, clientPoolI, nodeC_c18)" : {
        "AppCoordinates {com.bbn, test-service1, 1}" : {
          "DATARATE_TX" : 4.2351647362715017E-22,
          "DATARATE_RX" : 8.470329472543003E-22
        }
      },
      "(nodeC_c08, clientPoolI, nodeC_c08)" : {
        "AppCoordinates {com.bbn, test-service1, 1}" : {
          "DATARATE_TX" : 0.0,
          "DATARATE_RX" : 0.0
        }
      },
      "(nodeC_c19, clientPoolI, nodeC_c19)" : {
        "AppCoordinates {com.bbn, test-service1, 1}" : {
          "DATARATE_TX" : 0.0,
          "DATARATE_RX" : 0.0
        }
      },
      "(nodeC_c05, clientPoolI, nodeC_c05)" : {
        "AppCoordinates {com.bbn, test-service1, 1}" : {
          "DATARATE_TX" : 0.0,
          "DATARATE_RX" : 0.0
        }
      },
      "(nodeC_c16, clientPoolI, nodeC_c16)" : {
        "AppCoordinates {com.bbn, test-service1, 1}" : {
          "DATARATE_TX" : 0.0,
          "DATARATE_RX" : 0.0
        }
      },
      "(nodeC_c06, clientPoolI, nodeC_c06)" : {
        "AppCoordinates {com.bbn, test-service1, 1}" : {
          "DATARATE_TX" : 0.0,
          "DATARATE_RX" : 0.0
        }
      },
      "(nodeC_c17, clientPoolI, nodeC_c17)" : {
        "AppCoordinates {com.bbn, test-service1, 1}" : {
          "DATARATE_TX" : 0.0,
          "DATARATE_RX" : 0.0
        }
      },
      "(nodeC_c14, clientPoolI, nodeC_c14)" : {
        "AppCoordinates {com.bbn, test-service1, 1}" : {
          "DATARATE_TX" : 0.0,
          "DATARATE_RX" : 0.0
        }
      },
      "(nodeC_c03, clientPoolI, nodeC_c03)" : {
        "AppCoordinates {com.bbn, test-service1, 1}" : {
          "DATARATE_TX" : 0.0,
          "DATARATE_RX" : 0.0
        }
      },
      "(nodeC_c15, clientPoolI, nodeC_c15)" : {
        "AppCoordinates {com.bbn, test-service1, 1}" : {
          "DATARATE_TX" : 0.0,
          "DATARATE_RX" : 0.0
        }
      },
      "(nodeC_c04, clientPoolI, nodeC_c04)" : {
        "AppCoordinates {com.bbn, test-service1, 1}" : {
          "DATARATE_TX" : 4.2351647362715017E-22,
          "DATARATE_RX" : 8.470329472543003E-22
        }
      },
      "(nodeC_c12, clientPoolI, nodeC_c12)" : {
        "AppCoordinates {com.bbn, test-service1, 1}" : {
          "DATARATE_TX" : 0.0,
          "DATARATE_RX" : 0.0
        }
      },
      "(nodeC_c01, clientPoolI, nodeC_c01)" : {
        "AppCoordinates {com.bbn, test-service1, 1}" : {
          "DATARATE_TX" : 0.0,
          "DATARATE_RX" : 0.0
        }
      },
      "(nodeC_c02, clientPoolI, nodeC_c02)" : {
        "AppCoordinates {com.bbn, test-service1, 1}" : {
          "DATARATE_TX" : 0.0,
          "DATARATE_RX" : 0.0
        }
      },
      "(nodeC_c10, clientPoolI, nodeC_c10)" : {
        "AppCoordinates {com.bbn, test-service1, 1}" : {
          "DATARATE_TX" : 4.2351647362715017E-22,
          "DATARATE_RX" : 8.470329472543003E-22
        }
      },
      "(nodeC_c00, clientPoolI, nodeC_c00)" : {
        "AppCoordinates {com.bbn, test-service1, 1}" : {
          "DATARATE_TX" : 0.0,
          "DATARATE_RX" : 0.0
        }
      },
      "(nodeC_c11, clientPoolI, nodeC_c11)" : {
        "AppCoordinates {com.bbn, test-service1, 1}" : {
          "DATARATE_TX" : 0.0,
          "DATARATE_RX" : 0.0
        }
      }
    },
    "interface-nodeF ( nodeF )" : { },
    "interface-nodeG ( nodeG )" : { },
    "interface-nodeA ( nodeA )" : { }
  },
  "networkDemand" : {
    "interface-nodeB ( nodeB )" : { },
    "interface-nodeA ( nodeA )" : { },
    "interface-nodeI ( nodeI )" : {
      "(nodeC_c09, clientPoolI, nodeC_c09)" : {
        "AppCoordinates {com.bbn, test-service1, 1}" : {
          "DATARATE_TX" : 1.1392405063291153E-6,
          "DATARATE_RX" : 2.2784810126582306E-6
        }
      },
      "(nodeC_c18, clientPoolI, nodeC_c18)" : {
        "AppCoordinates {com.bbn, test-service1, 1}" : {
          "DATARATE_TX" : 1.5141955835962115E-6,
          "DATARATE_RX" : 3.028391167192423E-6
        }
      },
      "(nodeC_c07, clientPoolI, nodeC_c07)" : {
        "AppCoordinates {com.bbn, test-service1, 1}" : {
          "DATARATE_TX" : 3.8216560509554064E-7,
          "DATARATE_RX" : 7.643312101910813E-7
        }
      },
      "(nodeC_c19, clientPoolI, nodeC_c19)" : {
        "AppCoordinates {com.bbn, test-service1, 1}" : {
          "DATARATE_TX" : 7.523510971786819E-7,
          "DATARATE_RX" : 1.5047021943573637E-6
        }
      },
      "(nodeC_c08, clientPoolI, nodeC_c08)" : {
        "AppCoordinates {com.bbn, test-service1, 1}" : {
          "DATARATE_TX" : 7.594936708860744E-7,
          "DATARATE_RX" : 1.5189873417721488E-6
        }
      },
      "(nodeC_c16, clientPoolI, nodeC_c16)" : {
        "AppCoordinates {com.bbn, test-service1, 1}" : {
          "DATARATE_TX" : 7.643312101910814E-7,
          "DATARATE_RX" : 1.5286624203821628E-6
        }
      },
      "(nodeC_c05, clientPoolI, nodeC_c05)" : {
        "AppCoordinates {com.bbn, test-service1, 1}" : {
          "DATARATE_TX" : 7.692307692307678E-7,
          "DATARATE_RX" : 1.5384615384615355E-6
        }
      },
      "(nodeC_c17, clientPoolI, nodeC_c17)" : {
        "AppCoordinates {com.bbn, test-service1, 1}" : {
          "DATARATE_TX" : 7.523510971786819E-7,
          "DATARATE_RX" : 1.5047021943573637E-6
        }
      },
      "(nodeC_c06, clientPoolI, nodeC_c06)" : {
        "AppCoordinates {com.bbn, test-service1, 1}" : {
          "DATARATE_TX" : 3.8461538461538383E-7,
          "DATARATE_RX" : 7.692307692307677E-7
        }
      },
      "(nodeC_c03, clientPoolI, nodeC_c03)" : {
        "AppCoordinates {com.bbn, test-service1, 1}" : {
          "DATARATE_TX" : 3.77358490566037E-7,
          "DATARATE_RX" : 7.54716981132074E-7
        }
      },
      "(nodeC_c14, clientPoolI, nodeC_c14)" : {
        "AppCoordinates {com.bbn, test-service1, 1}" : {
          "DATARATE_TX" : 7.643312101910814E-7,
          "DATARATE_RX" : 1.5286624203821628E-6
        }
      },
      "(nodeC_c04, clientPoolI, nodeC_c04)" : {
        "AppCoordinates {com.bbn, test-service1, 1}" : {
          "DATARATE_TX" : 1.125000000000001E-6,
          "DATARATE_RX" : 2.250000000000002E-6
        }
      },
      "(nodeC_c15, clientPoolI, nodeC_c15)" : {
        "AppCoordinates {com.bbn, test-service1, 1}" : {
          "DATARATE_TX" : 3.797468354430372E-7,
          "DATARATE_RX" : 7.594936708860744E-7
        }
      },
      "(nodeC_c01, clientPoolI, nodeC_c01)" : {
        "AppCoordinates {com.bbn, test-service1, 1}" : {
          "DATARATE_TX" : 3.7854889589905287E-7,
          "DATARATE_RX" : 7.570977917981057E-7
        }
      },
      "(nodeC_c12, clientPoolI, nodeC_c12)" : {
        "AppCoordinates {com.bbn, test-service1, 1}" : {
          "DATARATE_TX" : 3.7854889589905287E-7,
          "DATARATE_RX" : 7.570977917981057E-7
        }
      },
      "(nodeC_c02, clientPoolI, nodeC_c02)" : {
        "AppCoordinates {com.bbn, test-service1, 1}" : {
          "DATARATE_TX" : 7.499999999999985E-7,
          "DATARATE_RX" : 1.499999999999997E-6
        }
      },
      "(nodeC_c10, clientPoolI, nodeC_c10)" : {
        "AppCoordinates {com.bbn, test-service1, 1}" : {
          "DATARATE_TX" : 1.1250000000000013E-6,
          "DATARATE_RX" : 2.2500000000000026E-6
        }
      },
      "(nodeC_c11, clientPoolI, nodeC_c11)" : {
        "AppCoordinates {com.bbn, test-service1, 1}" : {
          "DATARATE_TX" : 7.499999999999985E-7,
          "DATARATE_RX" : 1.499999999999997E-6
        }
      },
      "(nodeC_c00, clientPoolI, nodeC_c00)" : {
        "AppCoordinates {com.bbn, test-service1, 1}" : {
          "DATARATE_TX" : 3.797468354430372E-7,
          "DATARATE_RX" : 7.594936708860744E-7
        }
      }
    },
    "interface-nodeG ( nodeG )" : { },
    "interface-nodeF ( nodeF )" : { }
  },
  "containerReports" : { },
  "maximumServiceContainers" : 20,
  "allocatedServiceContainers" : 0,
  "computeDemand" : { },
  "containerNetworkLoad" : { },
  "containerNetworkDemand" : { },
  "computeLoad" : { },
  "availableServiceContainers" : 20,
  "averageProcessingTime" : { },
  "allocatedComputeCapacity" : { }
}