{
  "nodeName" : {
    "name" : "nodeN"
  },
  "timestamp" : 245988,
  "demandEstimationWindow" : "SHORT",
  "nodeComputeCapacity" : {
    "CPU" : 4.0,
    "MEMORY" : 8.0E9,
    "DISK" : 10.0,
    "TASK_CONTAINERS" : 20.0
  },
  "networkCapacity" : {
    "interface-nodeH ( nodeH )" : {
      "DATARATE_RX" : 100.0,
      "DATARATE_TX" : 100.0
    },
    "interface-nodeF ( nodeF )" : {
      "DATARATE_RX" : 100.0,
      "DATARATE_TX" : 100.0
    }
  },
  "networkLoad" : {
    "interface-nodeH ( nodeH )" : {
      "(nodeN_c00, clientPoolH, nodeN_c00)" : {
        "AppCoordinates {com.bbn, test-service3, 1}" : {
          "DATARATE_TX" : 9.740878893424454E-21,
          "DATARATE_RX" : 1.9481757786848908E-20
        }
      },
      "(nodeN_c01, clientPoolH, nodeN_c01)" : {
        "AppCoordinates {com.bbn, test-service3, 1}" : {
          "DATARATE_TX" : 2.8000000000000006E-5,
          "DATARATE_RX" : 5.600000000000001E-5
        }
      },
      "(nodeC_c00, clientPoolH, nodeC_c00)" : {
        "AppCoordinates {com.bbn, test-service2, 1}" : {
          "DATARATE_TX" : -4.2351647362715017E-22,
          "DATARATE_RX" : -8.470329472543003E-22
        }
      },
      "(nodeC_c01, clientPoolH, nodeC_c01)" : {
        "AppCoordinates {com.bbn, test-service3, 1}" : {
          "DATARATE_TX" : 3.799999999999999E-5,
          "DATARATE_RX" : 7.599999999999998E-5
        }
      },
      "(nodeF_c00, clientPoolH, nodeF_c00)" : {
        "AppCoordinates {com.bbn, test-service3, 1}" : {
          "DATARATE_TX" : 4.299999999999999E-5,
          "DATARATE_RX" : 8.599999999999998E-5
        }
      },
      "(nodeF_c01, clientPoolH, nodeF_c01)" : {
        "AppCoordinates {com.bbn, test-service2, 1}" : {
          "DATARATE_TX" : 1.2705494208814505E-21,
          "DATARATE_RX" : 2.541098841762901E-21
        }
      },
      "(nodeA_c00, clientPoolH, nodeA_c00)" : {
        "AppCoordinates {com.bbn, test-service3, 1}" : {
          "DATARATE_TX" : 5.599999999999994E-5,
          "DATARATE_RX" : 1.1199999999999988E-4
        },
        "AppCoordinates {com.bbn, test-service1, 1}" : {
          "DATARATE_TX" : -3.8116482626443515E-21,
          "DATARATE_RX" : -7.623296525288703E-21
        }
      },
      "(nodeA_c01, clientPoolH, nodeA_c01)" : {
        "AppCoordinates {com.bbn, test-service2, 1}" : {
          "DATARATE_TX" : -3.8116482626443515E-21,
          "DATARATE_RX" : -7.623296525288703E-21
        },
        "AppCoordinates {com.bbn, test-service1, 1}" : {
          "DATARATE_TX" : -3.8116482626443515E-21,
          "DATARATE_RX" : -7.623296525288703E-21
        }
      },
      "(nodeA_c02, clientPoolH, nodeA_c02)" : {
        "AppCoordinates {com.bbn, test-service3, 1}" : {
          "DATARATE_TX" : 5.599999999999994E-5,
          "DATARATE_RX" : 1.1199999999999988E-4
        }
      },
      "(nodeA_c03, clientPoolH, nodeA_c03)" : {
        "AppCoordinates {com.bbn, test-service1, 1}" : {
          "DATARATE_TX" : -3.8116482626443515E-21,
          "DATARATE_RX" : -7.623296525288703E-21
        }
      },
      "(nodeA_c04, clientPoolH, nodeA_c04)" : {
        "AppCoordinates {com.bbn, test-service3, 1}" : {
          "DATARATE_TX" : 5.199999999999995E-5,
          "DATARATE_RX" : 1.039999999999999E-4
        },
        "AppCoordinates {com.bbn, test-service1, 1}" : {
          "DATARATE_TX" : -3.8116482626443515E-21,
          "DATARATE_RX" : -7.623296525288703E-21
        }
      },
      "(nodeA_c05, clientPoolH, nodeA_c05)" : {
        "AppCoordinates {com.bbn, test-service3, 1}" : {
          "DATARATE_TX" : 1.2705494208814505E-21,
          "DATARATE_RX" : 2.541098841762901E-21
        }
      },
      "(nodeA_c06, clientPoolH, nodeA_c06)" : {
        "AppCoordinates {com.bbn, test-service2, 1}" : {
          "DATARATE_TX" : 6.599999999999991E-5,
          "DATARATE_RX" : 1.3199999999999982E-4
        }
      },
      "(nodeA_c07, clientPoolH, nodeA_c07)" : {
        "AppCoordinates {com.bbn, test-service2, 1}" : {
          "DATARATE_TX" : -3.8116482626443515E-21,
          "DATARATE_RX" : -7.623296525288703E-21
        },
        "AppCoordinates {com.bbn, test-service1, 1}" : {
          "DATARATE_TX" : 6.699999999999991E-5,
          "DATARATE_RX" : 1.3399999999999981E-4
        }
      }
    },
    "interface-nodeF ( nodeF )" : {
      "(clientPoolH, nodeA_c04, nodeA_c04)" : {
        "AppCoordinates {com.bbn, test-service3, 1}" : {
          "DATARATE_TX" : 1.039999999999999E-4,
          "DATARATE_RX" : 5.199999999999995E-5
        },
        "AppCoordinates {com.bbn, test-service1, 1}" : {
          "DATARATE_TX" : -7.623296525288703E-21,
          "DATARATE_RX" : -3.8116482626443515E-21
        }
      },
      "(clientPoolH, nodeA_c03, nodeA_c03)" : {
        "AppCoordinates {com.bbn, test-service1, 1}" : {
          "DATARATE_TX" : -7.623296525288703E-21,
          "DATARATE_RX" : -3.8116482626443515E-21
        }
      },
      "(clientPoolH, nodeA_c02, nodeA_c02)" : {
        "AppCoordinates {com.bbn, test-service3, 1}" : {
          "DATARATE_TX" : 1.1199999999999988E-4,
          "DATARATE_RX" : 5.599999999999994E-5
        }
      },
      "(clientPoolH, nodeA_c01, nodeA_c01)" : {
        "AppCoordinates {com.bbn, test-service2, 1}" : {
          "DATARATE_TX" : -7.623296525288703E-21,
          "DATARATE_RX" : -3.8116482626443515E-21
        },
        "AppCoordinates {com.bbn, test-service1, 1}" : {
          "DATARATE_TX" : -7.623296525288703E-21,
          "DATARATE_RX" : -3.8116482626443515E-21
        }
      },
      "(clientPoolH, nodeF_c01, nodeF_c01)" : {
        "AppCoordinates {com.bbn, test-service2, 1}" : {
          "DATARATE_TX" : 2.541098841762901E-21,
          "DATARATE_RX" : 1.2705494208814505E-21
        }
      },
      "(clientPoolH, nodeA_c00, nodeA_c00)" : {
        "AppCoordinates {com.bbn, test-service3, 1}" : {
          "DATARATE_TX" : 1.1199999999999988E-4,
          "DATARATE_RX" : 5.599999999999994E-5
        },
        "AppCoordinates {com.bbn, test-service1, 1}" : {
          "DATARATE_TX" : -7.623296525288703E-21,
          "DATARATE_RX" : -3.8116482626443515E-21
        }
      },
      "(clientPoolH, nodeC_c01, nodeC_c01)" : {
        "AppCoordinates {com.bbn, test-service3, 1}" : {
          "DATARATE_TX" : 7.599999999999998E-5,
          "DATARATE_RX" : 3.799999999999999E-5
        }
      },
      "(clientPoolH, nodeF_c00, nodeF_c00)" : {
        "AppCoordinates {com.bbn, test-service3, 1}" : {
          "DATARATE_TX" : 8.599999999999998E-5,
          "DATARATE_RX" : 4.299999999999999E-5
        }
      },
      "(clientPoolH, nodeC_c00, nodeC_c00)" : {
        "AppCoordinates {com.bbn, test-service2, 1}" : {
          "DATARATE_TX" : -8.470329472543003E-22,
          "DATARATE_RX" : -4.2351647362715017E-22
        }
      },
      "(clientPoolH, nodeA_c07, nodeA_c07)" : {
        "AppCoordinates {com.bbn, test-service2, 1}" : {
          "DATARATE_TX" : -7.623296525288703E-21,
          "DATARATE_RX" : -3.8116482626443515E-21
        },
        "AppCoordinates {com.bbn, test-service1, 1}" : {
          "DATARATE_TX" : 1.3399999999999981E-4,
          "DATARATE_RX" : 6.699999999999991E-5
        }
      },
      "(clientPoolH, nodeA_c06, nodeA_c06)" : {
        "AppCoordinates {com.bbn, test-service2, 1}" : {
          "DATARATE_TX" : 1.3199999999999982E-4,
          "DATARATE_RX" : 6.599999999999991E-5
        }
      },
      "(clientPoolH, nodeA_c05, nodeA_c05)" : {
        "AppCoordinates {com.bbn, test-service3, 1}" : {
          "DATARATE_TX" : 2.541098841762901E-21,
          "DATARATE_RX" : 1.2705494208814505E-21
        }
      }
    }
  },
  "networkDemand" : {
    "interface-nodeH ( nodeH )" : {
      "(nodeN_c00, clientPoolH, nodeN_c00)" : {
        "AppCoordinates {com.bbn, test-service3, 1}" : {
          "DATARATE_TX" : 9.740878893424454E-21,
          "DATARATE_RX" : 1.9481757786848908E-20
        }
      },
      "(nodeN_c01, clientPoolH, nodeN_c01)" : {
        "AppCoordinates {com.bbn, test-service3, 1}" : {
          "DATARATE_TX" : 2.8000000000000006E-5,
          "DATARATE_RX" : 5.600000000000001E-5
        }
      },
      "(nodeC_c00, clientPoolH, nodeC_c00)" : {
        "AppCoordinates {com.bbn, test-service2, 1}" : {
          "DATARATE_TX" : -4.2351647362715017E-22,
          "DATARATE_RX" : -8.470329472543003E-22
        }
      },
      "(nodeC_c01, clientPoolH, nodeC_c01)" : {
        "AppCoordinates {com.bbn, test-service3, 1}" : {
          "DATARATE_TX" : 3.7999999999999995E-5,
          "DATARATE_RX" : 7.599999999999999E-5
        }
      },
      "(nodeF_c00, clientPoolH, nodeF_c00)" : {
        "AppCoordinates {com.bbn, test-service3, 1}" : {
          "DATARATE_TX" : 4.2999999999999995E-5,
          "DATARATE_RX" : 8.599999999999999E-5
        }
      },
      "(nodeF_c01, clientPoolH, nodeF_c01)" : {
        "AppCoordinates {com.bbn, test-service2, 1}" : {
          "DATARATE_TX" : 1.2705494208814505E-21,
          "DATARATE_RX" : 2.541098841762901E-21
        }
      },
      "(nodeA_c00, clientPoolH, nodeA_c00)" : {
        "AppCoordinates {com.bbn, test-service3, 1}" : {
          "DATARATE_TX" : 5.5999999999999945E-5,
          "DATARATE_RX" : 1.1199999999999989E-4
        },
        "AppCoordinates {com.bbn, test-service1, 1}" : {
          "DATARATE_TX" : -3.8116482626443515E-21,
          "DATARATE_RX" : -7.623296525288703E-21
        }
      },
      "(nodeA_c01, clientPoolH, nodeA_c01)" : {
        "AppCoordinates {com.bbn, test-service2, 1}" : {
          "DATARATE_TX" : -3.8116482626443515E-21,
          "DATARATE_RX" : -7.623296525288703E-21
        },
        "AppCoordinates {com.bbn, test-service1, 1}" : {
          "DATARATE_TX" : -3.8116482626443515E-21,
          "DATARATE_RX" : -7.623296525288703E-21
        }
      },
      "(nodeA_c02, clientPoolH, nodeA_c02)" : {
        "AppCoordinates {com.bbn, test-service3, 1}" : {
          "DATARATE_TX" : 5.5999999999999945E-5,
          "DATARATE_RX" : 1.1199999999999989E-4
        }
      },
      "(nodeA_c03, clientPoolH, nodeA_c03)" : {
        "AppCoordinates {com.bbn, test-service1, 1}" : {
          "DATARATE_TX" : -3.8116482626443515E-21,
          "DATARATE_RX" : -7.623296525288703E-21
        }
      },
      "(nodeA_c04, clientPoolH, nodeA_c04)" : {
        "AppCoordinates {com.bbn, test-service3, 1}" : {
          "DATARATE_TX" : 5.1999999999999956E-5,
          "DATARATE_RX" : 1.0399999999999991E-4
        },
        "AppCoordinates {com.bbn, test-service1, 1}" : {
          "DATARATE_TX" : -3.8116482626443515E-21,
          "DATARATE_RX" : -7.623296525288703E-21
        }
      },
      "(nodeA_c05, clientPoolH, nodeA_c05)" : {
        "AppCoordinates {com.bbn, test-service3, 1}" : {
          "DATARATE_TX" : 1.2705494208814505E-21,
          "DATARATE_RX" : 2.541098841762901E-21
        }
      },
      "(nodeA_c06, clientPoolH, nodeA_c06)" : {
        "AppCoordinates {com.bbn, test-service2, 1}" : {
          "DATARATE_TX" : 6.599999999999991E-5,
          "DATARATE_RX" : 1.3199999999999982E-4
        }
      },
      "(nodeA_c07, clientPoolH, nodeA_c07)" : {
        "AppCoordinates {com.bbn, test-service2, 1}" : {
          "DATARATE_TX" : -3.8116482626443515E-21,
          "DATARATE_RX" : -7.623296525288703E-21
        },
        "AppCoordinates {com.bbn, test-service1, 1}" : {
          "DATARATE_TX" : 6.699999999999991E-5,
          "DATARATE_RX" : 1.3399999999999981E-4
        }
      }
    },
    "interface-nodeF ( nodeF )" : {
      "(clientPoolH, nodeA_c04, nodeA_c04)" : {
        "AppCoordinates {com.bbn, test-service3, 1}" : {
          "DATARATE_TX" : 1.0399999999999991E-4,
          "DATARATE_RX" : 5.1999999999999956E-5
        },
        "AppCoordinates {com.bbn, test-service1, 1}" : {
          "DATARATE_TX" : -7.623296525288703E-21,
          "DATARATE_RX" : -3.8116482626443515E-21
        }
      },
      "(clientPoolH, nodeA_c03, nodeA_c03)" : {
        "AppCoordinates {com.bbn, test-service1, 1}" : {
          "DATARATE_TX" : -7.623296525288703E-21,
          "DATARATE_RX" : -3.8116482626443515E-21
        }
      },
      "(clientPoolH, nodeA_c02, nodeA_c02)" : {
        "AppCoordinates {com.bbn, test-service3, 1}" : {
          "DATARATE_TX" : 1.1199999999999989E-4,
          "DATARATE_RX" : 5.5999999999999945E-5
        }
      },
      "(clientPoolH, nodeA_c01, nodeA_c01)" : {
        "AppCoordinates {com.bbn, test-service2, 1}" : {
          "DATARATE_TX" : -7.623296525288703E-21,
          "DATARATE_RX" : -3.8116482626443515E-21
        },
        "AppCoordinates {com.bbn, test-service1, 1}" : {
          "DATARATE_TX" : -7.623296525288703E-21,
          "DATARATE_RX" : -3.8116482626443515E-21
        }
      },
      "(clientPoolH, nodeA_c00, nodeA_c00)" : {
        "AppCoordinates {com.bbn, test-service3, 1}" : {
          "DATARATE_TX" : 1.1199999999999989E-4,
          "DATARATE_RX" : 5.5999999999999945E-5
        },
        "AppCoordinates {com.bbn, test-service1, 1}" : {
          "DATARATE_TX" : -7.623296525288703E-21,
          "DATARATE_RX" : -3.8116482626443515E-21
        }
      },
      "(clientPoolH, nodeF_c01, nodeF_c01)" : {
        "AppCoordinates {com.bbn, test-service2, 1}" : {
          "DATARATE_TX" : 2.541098841762901E-21,
          "DATARATE_RX" : 1.2705494208814505E-21
        }
      },
      "(clientPoolH, nodeF_c00, nodeF_c00)" : {
        "AppCoordinates {com.bbn, test-service3, 1}" : {
          "DATARATE_TX" : 8.599999999999999E-5,
          "DATARATE_RX" : 4.2999999999999995E-5
        }
      },
      "(clientPoolH, nodeC_c01, nodeC_c01)" : {
        "AppCoordinates {com.bbn, test-service3, 1}" : {
          "DATARATE_TX" : 7.599999999999999E-5,
          "DATARATE_RX" : 3.7999999999999995E-5
        }
      },
      "(clientPoolH, nodeC_c00, nodeC_c00)" : {
        "AppCoordinates {com.bbn, test-service2, 1}" : {
          "DATARATE_TX" : -8.470329472543003E-22,
          "DATARATE_RX" : -4.2351647362715017E-22
        }
      },
      "(clientPoolH, nodeA_c07, nodeA_c07)" : {
        "AppCoordinates {com.bbn, test-service2, 1}" : {
          "DATARATE_TX" : -7.623296525288703E-21,
          "DATARATE_RX" : -3.8116482626443515E-21
        },
        "AppCoordinates {com.bbn, test-service1, 1}" : {
          "DATARATE_TX" : 1.3399999999999981E-4,
          "DATARATE_RX" : 6.699999999999991E-5
        }
      },
      "(clientPoolH, nodeA_c06, nodeA_c06)" : {
        "AppCoordinates {com.bbn, test-service2, 1}" : {
          "DATARATE_TX" : 1.3199999999999982E-4,
          "DATARATE_RX" : 6.599999999999991E-5
        }
      },
      "(clientPoolH, nodeA_c05, nodeA_c05)" : {
        "AppCoordinates {com.bbn, test-service3, 1}" : {
          "DATARATE_TX" : 2.541098841762901E-21,
          "DATARATE_RX" : 1.2705494208814505E-21
        }
      }
    }
  },
  "containerReports" : {
    "nodeN_c01" : {
      "containerName" : {
        "name" : "nodeN_c01"
      },
      "timestamp" : 245988,
      "service" : {
        "group" : "com.bbn",
        "artifact" : "test-service3",
        "version" : "1"
      },
      "serviceStatus" : "RUNNING",
      "demandEstimationWindow" : "SHORT",
      "computeCapacity" : {
        "CPU" : 1.0,
        "TASK_CONTAINERS" : 100.0,
        "QueueLength" : 1000000.0
      },
      "computeLoad" : {
        "UNKNOWN" : {
          "QueueLength" : 28.0,
          "TASK_CONTAINERS" : 14.0
        }
      },
      "computeDemand" : {
        "UNKNOWN" : {
          "QueueLength" : 24.5,
          "TASK_CONTAINERS" : 12.25
        }
      },
      "averageProcessingTime" : 120000.0,
      "networkCapacity" : {
        "interface-nodeN ( nodeN )" : {
          "DATARATE_TX" : 100.0,
          "DATARATE_RX" : 100.0
        }
      },
      "networkLoad" : {
        "interface-nodeN ( nodeN )" : {
          "(clientPoolH, nodeN_c01, nodeN_c01)" : {
            "AppCoordinates {com.bbn, test-service3, 1}" : {
              "DATARATE_TX" : 5.600000000000001E-5,
              "DATARATE_RX" : 2.8000000000000006E-5
            }
          }
        }
      },
      "networkDemand" : {
        "interface-nodeN ( nodeN )" : {
          "(clientPoolH, nodeN_c01, nodeN_c01)" : {
            "AppCoordinates {com.bbn, test-service3, 1}" : {
              "DATARATE_TX" : 5.600000000000001E-5,
              "DATARATE_RX" : 2.8000000000000006E-5
            }
          }
        }
      }
    }
  },
  "maximumServiceContainers" : 20,
  "allocatedServiceContainers" : 1,
  "computeDemand" : {
    "AppCoordinates {com.bbn, test-service3, 1}" : {
      "UNKNOWN" : {
        "QueueLength" : 24.5,
        "TASK_CONTAINERS" : 12.25
      }
    }
  },
  "containerNetworkLoad" : {
    "interface-nodeN ( nodeN )" : {
      "(clientPoolH, nodeN_c01, nodeN_c01)" : {
        "AppCoordinates {com.bbn, test-service3, 1}" : {
          "DATARATE_TX" : 5.600000000000001E-5,
          "DATARATE_RX" : 2.8000000000000006E-5
        }
      }
    }
  },
  "containerNetworkDemand" : {
    "interface-nodeN ( nodeN )" : {
      "(clientPoolH, nodeN_c01, nodeN_c01)" : {
        "AppCoordinates {com.bbn, test-service3, 1}" : {
          "DATARATE_TX" : 5.600000000000001E-5,
          "DATARATE_RX" : 2.8000000000000006E-5
        }
      }
    }
  },
  "computeLoad" : {
    "AppCoordinates {com.bbn, test-service3, 1}" : {
      "UNKNOWN" : {
        "QueueLength" : 28.0,
        "TASK_CONTAINERS" : 14.0
      }
    }
  },
  "availableServiceContainers" : 19,
  "averageProcessingTime" : {
    "AppCoordinates {com.bbn, test-service3, 1}" : 120000.0
  },
  "allocatedComputeCapacity" : {
    "CPU" : 1.0,
    "QueueLength" : 1000000.0,
    "TASK_CONTAINERS" : 100.0
  }
}