{
  "entries" : [ {
    "sourceRegion" : null,
    "ttl" : 1,
    "service" : {
      "group" : "com.bbn",
      "artifact" : "test-service3",
      "version" : "1"
    },
    "node" : {
      "name" : "nodeA_c04"
    }
  }, {
    "sourceRegion" : null,
    "ttl" : 1,
    "service" : {
      "group" : "com.bbn",
      "artifact" : "test-service3",
      "version" : "1"
    },
    "node" : {
      "name" : "nodeA_c01"
    }
  }, {
    "sourceRegion" : null,
    "ttl" : 1,
    "service" : {
      "group" : "com.bbn",
      "artifact" : "test-service3",
      "version" : "1"
    },
    "node" : {
      "name" : "nodeA_c02"
    }
  }, {
    "sourceRegion" : null,
    "ttl" : 1,
    "service" : {
      "group" : "com.bbn",
      "artifact" : "test-service3",
      "version" : "1"
    },
    "node" : {
      "name" : "nodeA_c05"
    }
  }, {
    "sourceRegion" : null,
    "ttl" : 1,
    "service" : {
      "group" : "com.bbn",
      "artifact" : "test-service2",
      "version" : "1"
    },
    "node" : {
      "name" : "nodeA_c06"
    }
  }, {
    "sourceRegion" : null,
    "ttl" : 1,
    "service" : {
      "group" : "com.bbn",
      "artifact" : "test-service2",
      "version" : "1"
    },
    "node" : {
      "name" : "nodeA_c07"
    }
  }, {
    "sourceRegion" : null,
    "ttl" : 1,
    "service" : {
      "group" : "com.bbn",
      "artifact" : "test-service1",
      "version" : "1"
    },
    "node" : {
      "name" : "nodeA_c03"
    }
  }, {
    "sourceRegion" : null,
    "ttl" : 1,
    "service" : {
      "group" : "com.bbn",
      "artifact" : "test-service1",
      "version" : "1"
    },
    "node" : {
      "name" : "nodeA_c00"
    }
  } ]
}