4478,1,DNS_UPDATE_SUCCEEDED
47694,83,DCOP_PLAN_PLUBLIED
47786,83,RLG_PLAN_PUBLISHED
47868,84,DNS_UPDATE_SUCCEEDED
227830,439,DCOP_PLAN_PLUBLIED
230686,445,RLG_PLAN_PUBLISHED
707778,1345,DCOP_PLAN_PLUBLIED
710167,1350,RLG_PLAN_PUBLISHED
710556,1351,DNS_UPDATE_SUCCEEDED
713162,1355,RLG_PLAN_PUBLISHED
827655,1573,DCOP_PLAN_PLUBLIED
827766,1573,RLG_PLAN_PUBLISHED
828690,1575,DNS_UPDATE_SUCCEEDED
830811,1579,RLG_PLAN_PUBLISHED
872904,1658,RLG_PLAN_PUBLISHED
873286,1659,DNS_UPDATE_SUCCEEDED
873800,1660,DNS_UPDATE_SUCCEEDED
875912,1663,RLG_PLAN_PUBLISHED
875946,1664,DNS_UPDATE_SUCCEEDED
947571,1799,DCOP_PLAN_PLUBLIED
948603,1801,RLG_PLAN_PUBLISHED
949078,1802,DNS_UPDATE_SUCCEEDED
951659,1807,RLG_PLAN_PUBLISHED
3990,1,DNS_UPDATE_SUCCEEDED
47899,85,DCOP_PLAN_PLUBLIED
48144,85,RLG_PLAN_PUBLISHED
48403,86,DNS_UPDATE_SUCCEEDED
289,1,DNS_UPDATE_SUCCEEDED
40940,82,DCOP_PLAN_PLUBLIED
40944,82,RLG_PLAN_PUBLISHED
41426,83,DNS_UPDATE_SUCCEEDED
221389,439,DCOP_PLAN_PLUBLIED
224188,444,RLG_PLAN_PUBLISHED
