{
  "region" : {
    "name" : "A"
  },
  "nodeResourceReports" : [ {
    "nodeName" : {
      "name" : "nodeA"
    },
    "timestamp" : 142498,
    "demandEstimationWindow" : "SHORT",
    "nodeComputeCapacity" : {
      "CPU" : 4.0,
      "MEMORY" : 8.0E9,
      "DISK" : 10.0,
      "TASK_CONTAINERS" : 20.0
    },
    "networkCapacity" : {
      "interface-nodeD ( nodeD )" : {
        "DATARATE_RX" : 100.0,
        "DATARATE_TX" : 100.0
      },
      "interface-nodeE ( nodeE )" : {
        "DATARATE_RX" : 100.0,
        "DATARATE_TX" : 100.0
      },
      "interface-nodeC ( nodeC )" : {
        "DATARATE_RX" : 100.0,
        "DATARATE_TX" : 100.0
      }
    },
    "networkLoad" : {
      "interface-nodeD ( nodeD )" : { },
      "interface-nodeE ( nodeE )" : {
        "(clientPoolA, nodeE_c01, nodeE_c01)" : {
          "AppCoordinates {com.bbn, test-service2, 1}" : {
            "DATARATE_TX" : 1.1599999999999987E-4,
            "DATARATE_RX" : 5.799999999999993E-5
          }
        },
        "(clientPoolA, nodeE_c00, nodeE_c00)" : {
          "AppCoordinates {com.bbn, test-service1, 1}" : {
            "DATARATE_TX" : 1.3399999999999981E-4,
            "DATARATE_RX" : 6.699999999999991E-5
          }
        },
        "(clientPoolA, nodeE_c07, nodeE_c07)" : {
          "AppCoordinates {com.bbn, test-service2, 1}" : {
            "DATARATE_TX" : 1.379999999999998E-4,
            "DATARATE_RX" : 6.89999999999999E-5
          }
        },
        "(clientPoolA, nodeE_c06, nodeE_c06)" : {
          "AppCoordinates {com.bbn, test-service1, 1}" : {
            "DATARATE_TX" : 1.4599999999999978E-4,
            "DATARATE_RX" : 7.299999999999989E-5
          }
        },
        "(clientPoolA, nodeE_c05, nodeE_c05)" : {
          "AppCoordinates {com.bbn, test-service3, 1}" : {
            "DATARATE_TX" : 9.99999999999999E-6,
            "DATARATE_RX" : 4.999999999999995E-6
          }
        },
        "(clientPoolA, nodeE_c04, nodeE_c04)" : {
          "AppCoordinates {com.bbn, test-service3, 1}" : {
            "DATARATE_TX" : 1.2399999999999984E-4,
            "DATARATE_RX" : 6.199999999999992E-5
          },
          "AppCoordinates {com.bbn, test-service1, 1}" : {
            "DATARATE_TX" : -7.623296525288703E-21,
            "DATARATE_RX" : -3.8116482626443515E-21
          }
        },
        "(clientPoolA, nodeE_c03, nodeE_c03)" : {
          "AppCoordinates {com.bbn, test-service1, 1}" : {
            "DATARATE_TX" : 1.439999999999998E-4,
            "DATARATE_RX" : 7.19999999999999E-5
          }
        },
        "(clientPoolA, nodeE_c02, nodeE_c02)" : {
          "AppCoordinates {com.bbn, test-service3, 1}" : {
            "DATARATE_TX" : 1.2599999999999984E-4,
            "DATARATE_RX" : 6.299999999999992E-5
          }
        }
      },
      "interface-nodeC ( nodeC )" : { }
    },
    "networkDemand" : {
      "interface-nodeE ( nodeE )" : {
        "(clientPoolA, nodeE_c01, nodeE_c01)" : {
          "AppCoordinates {com.bbn, test-service2, 1}" : {
            "DATARATE_TX" : 1.1599999999999988E-4,
            "DATARATE_RX" : 5.799999999999994E-5
          }
        },
        "(clientPoolA, nodeE_c00, nodeE_c00)" : {
          "AppCoordinates {com.bbn, test-service1, 1}" : {
            "DATARATE_TX" : 1.3399999999999981E-4,
            "DATARATE_RX" : 6.699999999999991E-5
          }
        },
        "(clientPoolA, nodeE_c07, nodeE_c07)" : {
          "AppCoordinates {com.bbn, test-service2, 1}" : {
            "DATARATE_TX" : 1.379999999999998E-4,
            "DATARATE_RX" : 6.89999999999999E-5
          }
        },
        "(clientPoolA, nodeE_c06, nodeE_c06)" : {
          "AppCoordinates {com.bbn, test-service1, 1}" : {
            "DATARATE_TX" : 1.4599999999999978E-4,
            "DATARATE_RX" : 7.299999999999989E-5
          }
        },
        "(clientPoolA, nodeE_c05, nodeE_c05)" : {
          "AppCoordinates {com.bbn, test-service3, 1}" : {
            "DATARATE_TX" : 9.99999999999999E-6,
            "DATARATE_RX" : 4.999999999999995E-6
          }
        },
        "(clientPoolA, nodeE_c04, nodeE_c04)" : {
          "AppCoordinates {com.bbn, test-service3, 1}" : {
            "DATARATE_TX" : 1.2399999999999984E-4,
            "DATARATE_RX" : 6.199999999999992E-5
          },
          "AppCoordinates {com.bbn, test-service1, 1}" : {
            "DATARATE_TX" : -7.623296525288703E-21,
            "DATARATE_RX" : -3.8116482626443515E-21
          }
        },
        "(clientPoolA, nodeE_c03, nodeE_c03)" : {
          "AppCoordinates {com.bbn, test-service1, 1}" : {
            "DATARATE_TX" : 1.439999999999998E-4,
            "DATARATE_RX" : 7.19999999999999E-5
          }
        },
        "(clientPoolA, nodeE_c02, nodeE_c02)" : {
          "AppCoordinates {com.bbn, test-service3, 1}" : {
            "DATARATE_TX" : 1.2599999999999984E-4,
            "DATARATE_RX" : 6.299999999999992E-5
          }
        }
      },
      "interface-nodeD ( nodeD )" : { },
      "interface-nodeC ( nodeC )" : { }
    },
    "containerReports" : {
      "nodeA_c01" : {
        "containerName" : {
          "name" : "nodeA_c01"
        },
        "timestamp" : 142498,
        "service" : {
          "group" : "com.bbn",
          "artifact" : "test-service3",
          "version" : "1"
        },
        "serviceStatus" : "RUNNING",
        "demandEstimationWindow" : "SHORT",
        "computeCapacity" : {
          "CPU" : 1.0,
          "TASK_CONTAINERS" : 100.0,
          "QueueLength" : 1000000.0
        },
        "computeLoad" : {
          "UNKNOWN" : {
            "QueueLength" : 0.0
          }
        },
        "computeDemand" : {
          "UNKNOWN" : {
            "QueueLength" : 0.0
          }
        },
        "averageProcessingTime" : "NaN",
        "networkCapacity" : {
          "interface-nodeA ( nodeA )" : {
            "DATARATE_TX" : 100.0,
            "DATARATE_RX" : 100.0
          }
        },
        "networkLoad" : {
          "interface-nodeA ( nodeA )" : { }
        },
        "networkDemand" : {
          "interface-nodeA ( nodeA )" : { }
        }
      },
      "nodeA_c00" : {
        "containerName" : {
          "name" : "nodeA_c00"
        },
        "timestamp" : 142499,
        "service" : {
          "group" : "com.bbn",
          "artifact" : "test-service3",
          "version" : "1"
        },
        "serviceStatus" : "RUNNING",
        "demandEstimationWindow" : "SHORT",
        "computeCapacity" : {
          "CPU" : 1.0,
          "TASK_CONTAINERS" : 100.0,
          "QueueLength" : 1000000.0
        },
        "computeLoad" : {
          "UNKNOWN" : {
            "QueueLength" : 173.0,
            "TASK_CONTAINERS" : 86.5
          }
        },
        "computeDemand" : {
          "UNKNOWN" : {
            "QueueLength" : 148.28571428571428,
            "TASK_CONTAINERS" : 74.14285714285714
          }
        },
        "averageProcessingTime" : "NaN",
        "networkCapacity" : {
          "interface-nodeA ( nodeA )" : {
            "DATARATE_TX" : 100.0,
            "DATARATE_RX" : 100.0
          }
        },
        "networkLoad" : {
          "interface-nodeA ( nodeA )" : {
            "(clientPoolA, nodeA_c00, nodeA_c00)" : {
              "AppCoordinates {com.bbn, test-service3, 1}" : {
                "DATARATE_TX" : 3.4599999999999925E-4,
                "DATARATE_RX" : 1.7299999999999962E-4
              }
            }
          }
        },
        "networkDemand" : {
          "interface-nodeA ( nodeA )" : {
            "(clientPoolA, nodeA_c00, nodeA_c00)" : {
              "AppCoordinates {com.bbn, test-service3, 1}" : {
                "DATARATE_TX" : 3.4599999999999925E-4,
                "DATARATE_RX" : 1.7299999999999962E-4
              }
            }
          }
        }
      }
    },
    "maximumServiceContainers" : 20,
    "allocatedServiceContainers" : 2,
    "computeDemand" : {
      "AppCoordinates {com.bbn, test-service3, 1}" : {
        "UNKNOWN" : {
          "QueueLength" : 148.28571428571428,
          "TASK_CONTAINERS" : 74.14285714285714
        }
      }
    },
    "containerNetworkLoad" : {
      "interface-nodeA ( nodeA )" : {
        "(clientPoolA, nodeA_c00, nodeA_c00)" : {
          "AppCoordinates {com.bbn, test-service3, 1}" : {
            "DATARATE_TX" : 3.4599999999999925E-4,
            "DATARATE_RX" : 1.7299999999999962E-4
          }
        }
      }
    },
    "containerNetworkDemand" : {
      "interface-nodeA ( nodeA )" : {
        "(clientPoolA, nodeA_c00, nodeA_c00)" : {
          "AppCoordinates {com.bbn, test-service3, 1}" : {
            "DATARATE_TX" : 3.4599999999999925E-4,
            "DATARATE_RX" : 1.7299999999999962E-4
          }
        }
      }
    },
    "computeLoad" : {
      "AppCoordinates {com.bbn, test-service3, 1}" : {
        "UNKNOWN" : {
          "QueueLength" : 173.0,
          "TASK_CONTAINERS" : 86.5
        }
      }
    },
    "averageProcessingTime" : { },
    "availableServiceContainers" : 18,
    "allocatedComputeCapacity" : {
      "CPU" : 2.0,
      "QueueLength" : 2000000.0,
      "TASK_CONTAINERS" : 200.0
    }
  } ]
}