{
  "region" : {
    "name" : "L"
  },
  "nodeResourceReports" : [ {
    "nodeName" : {
      "name" : "nodeL"
    },
    "timestamp" : 296988,
    "demandEstimationWindow" : "SHORT",
    "nodeComputeCapacity" : {
      "CPU" : 4.0,
      "MEMORY" : 8.0E9,
      "DISK" : 10.0,
      "TASK_CONTAINERS" : 20.0
    },
    "networkCapacity" : {
      "interface-nodeB ( nodeB )" : {
        "DATARATE_RX" : 100.0,
        "DATARATE_TX" : 100.0
      },
      "interface-nodeH ( nodeH )" : {
        "DATARATE_RX" : 100.0,
        "DATARATE_TX" : 100.0
      },
      "interface-nodeO ( nodeO )" : {
        "DATARATE_RX" : 100.0,
        "DATARATE_TX" : 100.0
      }
    },
    "networkLoad" : {
      "interface-nodeB ( nodeB )" : {
        "(clientPoolM, nodeB_c00, nodeB_c00)" : {
          "AppCoordinates {com.bbn, test-service3, 1}" : {
            "DATARATE_TX" : 6.8E-5,
            "DATARATE_RX" : 3.4E-5
          }
        }
      },
      "interface-nodeH ( nodeH )" : {
        "(clientPoolM, nodeG_c07, nodeG_c07)" : {
          "AppCoordinates {com.bbn, test-service3, 1}" : {
            "DATARATE_TX" : 9.599999999999992E-5,
            "DATARATE_RX" : 4.799999999999996E-5
          },
          "AppCoordinates {com.bbn, test-service2, 1}" : {
            "DATARATE_TX" : -7.623296525288703E-21,
            "DATARATE_RX" : -3.8116482626443515E-21
          },
          "AppCoordinates {com.bbn, test-service1, 1}" : {
            "DATARATE_TX" : -7.623296525288703E-21,
            "DATARATE_RX" : -3.8116482626443515E-21
          }
        },
        "(clientPoolM, nodeG_c06, nodeG_c06)" : {
          "AppCoordinates {com.bbn, test-service2, 1}" : {
            "DATARATE_TX" : 1.3199999999999985E-4,
            "DATARATE_RX" : 6.599999999999992E-5
          }
        },
        "(clientPoolM, nodeG_c05, nodeG_c05)" : {
          "AppCoordinates {com.bbn, test-service3, 1}" : {
            "DATARATE_TX" : 6.200000000000002E-5,
            "DATARATE_RX" : 3.100000000000001E-5
          }
        },
        "(clientPoolM, nodeG_c04, nodeG_c04)" : {
          "AppCoordinates {com.bbn, test-service3, 1}" : {
            "DATARATE_TX" : 6.400000000000001E-5,
            "DATARATE_RX" : 3.2000000000000005E-5
          },
          "AppCoordinates {com.bbn, test-service1, 1}" : {
            "DATARATE_TX" : -7.623296525288703E-21,
            "DATARATE_RX" : -3.8116482626443515E-21
          }
        },
        "(clientPoolM, nodeA_c00, nodeA_c00)" : {
          "AppCoordinates {com.bbn, test-service3, 1}" : {
            "DATARATE_TX" : 2.4E-5,
            "DATARATE_RX" : 1.2E-5
          }
        },
        "(clientPoolM, nodeH_c00, nodeH_c00)" : {
          "AppCoordinates {com.bbn, test-service3, 1}" : {
            "DATARATE_TX" : -7.623296525288703E-21,
            "DATARATE_RX" : -3.8116482626443515E-21
          }
        },
        "(clientPoolM, nodeG_c03, nodeG_c03)" : {
          "AppCoordinates {com.bbn, test-service3, 1}" : {
            "DATARATE_TX" : 8.599999999999995E-5,
            "DATARATE_RX" : 4.2999999999999975E-5
          },
          "AppCoordinates {com.bbn, test-service1, 1}" : {
            "DATARATE_TX" : -7.623296525288703E-21,
            "DATARATE_RX" : -3.8116482626443515E-21
          }
        },
        "(clientPoolM, nodeG_c02, nodeG_c02)" : {
          "AppCoordinates {com.bbn, test-service3, 1}" : {
            "DATARATE_TX" : 7.399999999999998E-5,
            "DATARATE_RX" : 3.699999999999999E-5
          }
        },
        "(clientPoolM, nodeG_c01, nodeG_c01)" : {
          "AppCoordinates {com.bbn, test-service2, 1}" : {
            "DATARATE_TX" : -7.623296525288703E-21,
            "DATARATE_RX" : -3.8116482626443515E-21
          },
          "AppCoordinates {com.bbn, test-service1, 1}" : {
            "DATARATE_TX" : 1.6199999999999974E-4,
            "DATARATE_RX" : 8.099999999999987E-5
          }
        },
        "(clientPoolM, nodeH_c01, nodeH_c01)" : {
          "AppCoordinates {com.bbn, test-service3, 1}" : {
            "DATARATE_TX" : 5.600000000000002E-5,
            "DATARATE_RX" : 2.800000000000001E-5
          }
        },
        "(clientPoolM, nodeG_c00, nodeG_c00)" : {
          "AppCoordinates {com.bbn, test-service3, 1}" : {
            "DATARATE_TX" : 6.400000000000001E-5,
            "DATARATE_RX" : 3.2000000000000005E-5
          },
          "AppCoordinates {com.bbn, test-service1, 1}" : {
            "DATARATE_TX" : -7.623296525288703E-21,
            "DATARATE_RX" : -3.8116482626443515E-21
          }
        }
      },
      "interface-nodeO ( nodeO )" : {
        "(nodeA_c00, clientPoolM, nodeA_c00)" : {
          "AppCoordinates {com.bbn, test-service3, 1}" : {
            "DATARATE_TX" : 1.2E-5,
            "DATARATE_RX" : 2.4E-5
          }
        },
        "(nodeH_c00, clientPoolM, nodeH_c00)" : {
          "AppCoordinates {com.bbn, test-service3, 1}" : {
            "DATARATE_TX" : -3.8116482626443515E-21,
            "DATARATE_RX" : -7.623296525288703E-21
          }
        },
        "(nodeH_c01, clientPoolM, nodeH_c01)" : {
          "AppCoordinates {com.bbn, test-service3, 1}" : {
            "DATARATE_TX" : 2.800000000000001E-5,
            "DATARATE_RX" : 5.600000000000002E-5
          }
        },
        "(nodeG_c07, clientPoolM, nodeG_c07)" : {
          "AppCoordinates {com.bbn, test-service3, 1}" : {
            "DATARATE_TX" : 4.799999999999996E-5,
            "DATARATE_RX" : 9.599999999999992E-5
          },
          "AppCoordinates {com.bbn, test-service2, 1}" : {
            "DATARATE_TX" : -3.8116482626443515E-21,
            "DATARATE_RX" : -7.623296525288703E-21
          },
          "AppCoordinates {com.bbn, test-service1, 1}" : {
            "DATARATE_TX" : -3.8116482626443515E-21,
            "DATARATE_RX" : -7.623296525288703E-21
          }
        },
        "(nodeL_c00, clientPoolM, nodeL_c00)" : {
          "AppCoordinates {com.bbn, test-service3, 1}" : {
            "DATARATE_TX" : 3.000000000000002E-5,
            "DATARATE_RX" : 6.000000000000004E-5
          }
        },
        "(nodeG_c02, clientPoolM, nodeG_c02)" : {
          "AppCoordinates {com.bbn, test-service3, 1}" : {
            "DATARATE_TX" : 3.699999999999999E-5,
            "DATARATE_RX" : 7.399999999999998E-5
          }
        },
        "(nodeG_c01, clientPoolM, nodeG_c01)" : {
          "AppCoordinates {com.bbn, test-service2, 1}" : {
            "DATARATE_TX" : -3.8116482626443515E-21,
            "DATARATE_RX" : -7.623296525288703E-21
          },
          "AppCoordinates {com.bbn, test-service1, 1}" : {
            "DATARATE_TX" : 8.099999999999987E-5,
            "DATARATE_RX" : 1.6199999999999974E-4
          }
        },
        "(nodeG_c00, clientPoolM, nodeG_c00)" : {
          "AppCoordinates {com.bbn, test-service3, 1}" : {
            "DATARATE_TX" : 3.2000000000000005E-5,
            "DATARATE_RX" : 6.400000000000001E-5
          },
          "AppCoordinates {com.bbn, test-service1, 1}" : {
            "DATARATE_TX" : -3.8116482626443515E-21,
            "DATARATE_RX" : -7.623296525288703E-21
          }
        },
        "(nodeG_c06, clientPoolM, nodeG_c06)" : {
          "AppCoordinates {com.bbn, test-service2, 1}" : {
            "DATARATE_TX" : 6.599999999999992E-5,
            "DATARATE_RX" : 1.3199999999999985E-4
          }
        },
        "(nodeG_c05, clientPoolM, nodeG_c05)" : {
          "AppCoordinates {com.bbn, test-service3, 1}" : {
            "DATARATE_TX" : 3.100000000000001E-5,
            "DATARATE_RX" : 6.200000000000002E-5
          }
        },
        "(nodeG_c04, clientPoolM, nodeG_c04)" : {
          "AppCoordinates {com.bbn, test-service3, 1}" : {
            "DATARATE_TX" : 3.2000000000000005E-5,
            "DATARATE_RX" : 6.400000000000001E-5
          },
          "AppCoordinates {com.bbn, test-service1, 1}" : {
            "DATARATE_TX" : -3.8116482626443515E-21,
            "DATARATE_RX" : -7.623296525288703E-21
          }
        },
        "(nodeB_c00, clientPoolM, nodeB_c00)" : {
          "AppCoordinates {com.bbn, test-service3, 1}" : {
            "DATARATE_TX" : 3.4E-5,
            "DATARATE_RX" : 6.8E-5
          }
        },
        "(nodeG_c03, clientPoolM, nodeG_c03)" : {
          "AppCoordinates {com.bbn, test-service3, 1}" : {
            "DATARATE_TX" : 4.2999999999999975E-5,
            "DATARATE_RX" : 8.599999999999995E-5
          },
          "AppCoordinates {com.bbn, test-service1, 1}" : {
            "DATARATE_TX" : -3.8116482626443515E-21,
            "DATARATE_RX" : -7.623296525288703E-21
          }
        }
      }
    },
    "networkDemand" : {
      "interface-nodeB ( nodeB )" : {
        "(clientPoolM, nodeB_c00, nodeB_c00)" : {
          "AppCoordinates {com.bbn, test-service3, 1}" : {
            "DATARATE_TX" : 6.314285714285714E-5,
            "DATARATE_RX" : 3.157142857142857E-5
          }
        }
      },
      "interface-nodeO ( nodeO )" : {
        "(nodeA_c00, clientPoolM, nodeA_c00)" : {
          "AppCoordinates {com.bbn, test-service3, 1}" : {
            "DATARATE_TX" : 1.2000000000000002E-5,
            "DATARATE_RX" : 2.4000000000000004E-5
          }
        },
        "(nodeH_c00, clientPoolM, nodeH_c00)" : {
          "AppCoordinates {com.bbn, test-service3, 1}" : {
            "DATARATE_TX" : -3.8116482626443515E-21,
            "DATARATE_RX" : -7.623296525288703E-21
          }
        },
        "(nodeH_c01, clientPoolM, nodeH_c01)" : {
          "AppCoordinates {com.bbn, test-service3, 1}" : {
            "DATARATE_TX" : 2.6857142857142867E-5,
            "DATARATE_RX" : 5.3714285714285734E-5
          }
        },
        "(nodeG_c07, clientPoolM, nodeG_c07)" : {
          "AppCoordinates {com.bbn, test-service3, 1}" : {
            "DATARATE_TX" : 5.028571428571424E-5,
            "DATARATE_RX" : 1.0057142857142848E-4
          },
          "AppCoordinates {com.bbn, test-service2, 1}" : {
            "DATARATE_TX" : -3.8116482626443515E-21,
            "DATARATE_RX" : -7.623296525288703E-21
          },
          "AppCoordinates {com.bbn, test-service1, 1}" : {
            "DATARATE_TX" : -3.8116482626443515E-21,
            "DATARATE_RX" : -7.623296525288703E-21
          }
        },
        "(nodeL_c00, clientPoolM, nodeL_c00)" : {
          "AppCoordinates {com.bbn, test-service3, 1}" : {
            "DATARATE_TX" : 3.157142857142859E-5,
            "DATARATE_RX" : 6.314285714285718E-5
          }
        },
        "(nodeG_c02, clientPoolM, nodeG_c02)" : {
          "AppCoordinates {com.bbn, test-service3, 1}" : {
            "DATARATE_TX" : 3.0428571428571433E-5,
            "DATARATE_RX" : 6.085714285714287E-5
          }
        },
        "(nodeG_c01, clientPoolM, nodeG_c01)" : {
          "AppCoordinates {com.bbn, test-service2, 1}" : {
            "DATARATE_TX" : -3.8116482626443515E-21,
            "DATARATE_RX" : -7.623296525288703E-21
          },
          "AppCoordinates {com.bbn, test-service1, 1}" : {
            "DATARATE_TX" : 8.099999999999987E-5,
            "DATARATE_RX" : 1.6199999999999974E-4
          }
        },
        "(nodeG_c00, clientPoolM, nodeG_c00)" : {
          "AppCoordinates {com.bbn, test-service3, 1}" : {
            "DATARATE_TX" : 2.5000000000000008E-5,
            "DATARATE_RX" : 5.0000000000000016E-5
          },
          "AppCoordinates {com.bbn, test-service1, 1}" : {
            "DATARATE_TX" : -3.8116482626443515E-21,
            "DATARATE_RX" : -7.623296525288703E-21
          }
        },
        "(nodeG_c06, clientPoolM, nodeG_c06)" : {
          "AppCoordinates {com.bbn, test-service2, 1}" : {
            "DATARATE_TX" : 6.599999999999992E-5,
            "DATARATE_RX" : 1.3199999999999985E-4
          }
        },
        "(nodeG_c05, clientPoolM, nodeG_c05)" : {
          "AppCoordinates {com.bbn, test-service3, 1}" : {
            "DATARATE_TX" : 3.699999999999999E-5,
            "DATARATE_RX" : 7.399999999999998E-5
          }
        },
        "(nodeG_c04, clientPoolM, nodeG_c04)" : {
          "AppCoordinates {com.bbn, test-service3, 1}" : {
            "DATARATE_TX" : 3.6428571428571423E-5,
            "DATARATE_RX" : 7.285714285714285E-5
          },
          "AppCoordinates {com.bbn, test-service1, 1}" : {
            "DATARATE_TX" : -3.8116482626443515E-21,
            "DATARATE_RX" : -7.623296525288703E-21
          }
        },
        "(nodeG_c03, clientPoolM, nodeG_c03)" : {
          "AppCoordinates {com.bbn, test-service3, 1}" : {
            "DATARATE_TX" : 4.785714285714282E-5,
            "DATARATE_RX" : 9.571428571428564E-5
          },
          "AppCoordinates {com.bbn, test-service1, 1}" : {
            "DATARATE_TX" : -3.8116482626443515E-21,
            "DATARATE_RX" : -7.623296525288703E-21
          }
        },
        "(nodeB_c00, clientPoolM, nodeB_c00)" : {
          "AppCoordinates {com.bbn, test-service3, 1}" : {
            "DATARATE_TX" : 3.157142857142857E-5,
            "DATARATE_RX" : 6.314285714285714E-5
          }
        }
      },
      "interface-nodeH ( nodeH )" : {
        "(clientPoolM, nodeG_c07, nodeG_c07)" : {
          "AppCoordinates {com.bbn, test-service3, 1}" : {
            "DATARATE_TX" : 1.0057142857142848E-4,
            "DATARATE_RX" : 5.028571428571424E-5
          },
          "AppCoordinates {com.bbn, test-service2, 1}" : {
            "DATARATE_TX" : -7.623296525288703E-21,
            "DATARATE_RX" : -3.8116482626443515E-21
          },
          "AppCoordinates {com.bbn, test-service1, 1}" : {
            "DATARATE_TX" : -7.623296525288703E-21,
            "DATARATE_RX" : -3.8116482626443515E-21
          }
        },
        "(clientPoolM, nodeG_c06, nodeG_c06)" : {
          "AppCoordinates {com.bbn, test-service2, 1}" : {
            "DATARATE_TX" : 1.3199999999999985E-4,
            "DATARATE_RX" : 6.599999999999992E-5
          }
        },
        "(clientPoolM, nodeG_c05, nodeG_c05)" : {
          "AppCoordinates {com.bbn, test-service3, 1}" : {
            "DATARATE_TX" : 7.399999999999998E-5,
            "DATARATE_RX" : 3.699999999999999E-5
          }
        },
        "(clientPoolM, nodeG_c04, nodeG_c04)" : {
          "AppCoordinates {com.bbn, test-service3, 1}" : {
            "DATARATE_TX" : 7.285714285714285E-5,
            "DATARATE_RX" : 3.6428571428571423E-5
          },
          "AppCoordinates {com.bbn, test-service1, 1}" : {
            "DATARATE_TX" : -7.623296525288703E-21,
            "DATARATE_RX" : -3.8116482626443515E-21
          }
        },
        "(clientPoolM, nodeA_c00, nodeA_c00)" : {
          "AppCoordinates {com.bbn, test-service3, 1}" : {
            "DATARATE_TX" : 2.4000000000000004E-5,
            "DATARATE_RX" : 1.2000000000000002E-5
          }
        },
        "(clientPoolM, nodeG_c03, nodeG_c03)" : {
          "AppCoordinates {com.bbn, test-service3, 1}" : {
            "DATARATE_TX" : 9.571428571428564E-5,
            "DATARATE_RX" : 4.785714285714282E-5
          },
          "AppCoordinates {com.bbn, test-service1, 1}" : {
            "DATARATE_TX" : -7.623296525288703E-21,
            "DATARATE_RX" : -3.8116482626443515E-21
          }
        },
        "(clientPoolM, nodeH_c00, nodeH_c00)" : {
          "AppCoordinates {com.bbn, test-service3, 1}" : {
            "DATARATE_TX" : -7.623296525288703E-21,
            "DATARATE_RX" : -3.8116482626443515E-21
          }
        },
        "(clientPoolM, nodeG_c02, nodeG_c02)" : {
          "AppCoordinates {com.bbn, test-service3, 1}" : {
            "DATARATE_TX" : 6.085714285714287E-5,
            "DATARATE_RX" : 3.0428571428571433E-5
          }
        },
        "(clientPoolM, nodeG_c01, nodeG_c01)" : {
          "AppCoordinates {com.bbn, test-service2, 1}" : {
            "DATARATE_TX" : -7.623296525288703E-21,
            "DATARATE_RX" : -3.8116482626443515E-21
          },
          "AppCoordinates {com.bbn, test-service1, 1}" : {
            "DATARATE_TX" : 1.6199999999999974E-4,
            "DATARATE_RX" : 8.099999999999987E-5
          }
        },
        "(clientPoolM, nodeG_c00, nodeG_c00)" : {
          "AppCoordinates {com.bbn, test-service3, 1}" : {
            "DATARATE_TX" : 5.0000000000000016E-5,
            "DATARATE_RX" : 2.5000000000000008E-5
          },
          "AppCoordinates {com.bbn, test-service1, 1}" : {
            "DATARATE_TX" : -7.623296525288703E-21,
            "DATARATE_RX" : -3.8116482626443515E-21
          }
        },
        "(clientPoolM, nodeH_c01, nodeH_c01)" : {
          "AppCoordinates {com.bbn, test-service3, 1}" : {
            "DATARATE_TX" : 5.3714285714285734E-5,
            "DATARATE_RX" : 2.6857142857142867E-5
          }
        }
      }
    },
    "containerReports" : {
      "nodeL_c00" : {
        "containerName" : {
          "name" : "nodeL_c00"
        },
        "timestamp" : 296988,
        "service" : {
          "group" : "com.bbn",
          "artifact" : "test-service3",
          "version" : "1"
        },
        "serviceStatus" : "RUNNING",
        "demandEstimationWindow" : "SHORT",
        "computeCapacity" : {
          "CPU" : 1.0,
          "TASK_CONTAINERS" : 100.0,
          "QueueLength" : 1000000.0
        },
        "computeLoad" : {
          "UNKNOWN" : {
            "QueueLength" : 30.0,
            "TASK_CONTAINERS" : 15.0
          }
        },
        "computeDemand" : {
          "UNKNOWN" : {
            "QueueLength" : 27.625,
            "TASK_CONTAINERS" : 13.8125
          }
        },
        "averageProcessingTime" : 120000.0,
        "networkCapacity" : {
          "interface-nodeL ( nodeL )" : {
            "DATARATE_TX" : 100.0,
            "DATARATE_RX" : 100.0
          }
        },
        "networkLoad" : {
          "interface-nodeL ( nodeL )" : {
            "(clientPoolM, nodeL_c00, nodeL_c00)" : {
              "AppCoordinates {com.bbn, test-service3, 1}" : {
                "DATARATE_TX" : 6.000000000000004E-5,
                "DATARATE_RX" : 3.000000000000002E-5
              }
            }
          }
        },
        "networkDemand" : {
          "interface-nodeL ( nodeL )" : {
            "(clientPoolM, nodeL_c00, nodeL_c00)" : {
              "AppCoordinates {com.bbn, test-service3, 1}" : {
                "DATARATE_TX" : 6.314285714285718E-5,
                "DATARATE_RX" : 3.157142857142859E-5
              }
            }
          }
        }
      }
    },
    "maximumServiceContainers" : 20,
    "allocatedServiceContainers" : 1,
    "computeDemand" : {
      "AppCoordinates {com.bbn, test-service3, 1}" : {
        "UNKNOWN" : {
          "QueueLength" : 27.625,
          "TASK_CONTAINERS" : 13.8125
        }
      }
    },
    "containerNetworkLoad" : {
      "interface-nodeL ( nodeL )" : {
        "(clientPoolM, nodeL_c00, nodeL_c00)" : {
          "AppCoordinates {com.bbn, test-service3, 1}" : {
            "DATARATE_TX" : 6.000000000000004E-5,
            "DATARATE_RX" : 3.000000000000002E-5
          }
        }
      }
    },
    "containerNetworkDemand" : {
      "interface-nodeL ( nodeL )" : {
        "(clientPoolM, nodeL_c00, nodeL_c00)" : {
          "AppCoordinates {com.bbn, test-service3, 1}" : {
            "DATARATE_TX" : 6.314285714285718E-5,
            "DATARATE_RX" : 3.157142857142859E-5
          }
        }
      }
    },
    "computeLoad" : {
      "AppCoordinates {com.bbn, test-service3, 1}" : {
        "UNKNOWN" : {
          "QueueLength" : 30.0,
          "TASK_CONTAINERS" : 15.0
        }
      }
    },
    "allocatedComputeCapacity" : {
      "CPU" : 1.0,
      "QueueLength" : 1000000.0,
      "TASK_CONTAINERS" : 100.0
    },
    "availableServiceContainers" : 19,
    "averageProcessingTime" : {
      "AppCoordinates {com.bbn, test-service3, 1}" : 120000.0
    }
  } ]
}