{
  "region" : {
    "name" : "B"
  },
  "nodeResourceReports" : [ {
    "nodeName" : {
      "name" : "nodeB"
    },
    "timestamp" : 142997,
    "demandEstimationWindow" : "SHORT",
    "nodeComputeCapacity" : {
      "CPU" : 8.0,
      "MEMORY" : 1.6E10,
      "DISK" : 10.0,
      "TASK_CONTAINERS" : 8.0
    },
    "networkCapacity" : {
      "interface-nodeD ( nodeD )" : {
        "DATARATE_RX" : 100.0,
        "DATARATE_TX" : 100.0
      },
      "interface-nodeC ( nodeC )" : {
        "DATARATE_RX" : 100.0,
        "DATARATE_TX" : 100.0
      },
      "interface-nodeA ( nodeA )" : {
        "DATARATE_RX" : 100.0,
        "DATARATE_TX" : 100.0
      }
    },
    "networkLoad" : {
      "interface-nodeD ( nodeD )" : { },
      "interface-nodeC ( nodeC )" : {
        "(nodeB_c01, clientPoolC, nodeB_c01)" : {
          "AppCoordinates {com.bbn, test-service2, 1}" : {
            "DATARATE_TX" : 6.199999999999992E-5,
            "DATARATE_RX" : 1.2399999999999984E-4
          }
        },
        "(nodeB_c00, clientPoolC, nodeB_c00)" : {
          "AppCoordinates {com.bbn, test-service1, 1}" : {
            "DATARATE_TX" : 6.89999999999999E-5,
            "DATARATE_RX" : 1.379999999999998E-4
          }
        },
        "(nodeB_c05, clientPoolC, nodeB_c05)" : {
          "AppCoordinates {com.bbn, test-service3, 1}" : {
            "DATARATE_TX" : 1.4999999999999999E-5,
            "DATARATE_RX" : 2.9999999999999997E-5
          }
        },
        "(nodeB_c04, clientPoolC, nodeB_c04)" : {
          "AppCoordinates {com.bbn, test-service3, 1}" : {
            "DATARATE_TX" : 7.499999999999989E-5,
            "DATARATE_RX" : 1.4999999999999977E-4
          },
          "AppCoordinates {com.bbn, test-service1, 1}" : {
            "DATARATE_TX" : -3.8116482626443515E-21,
            "DATARATE_RX" : -7.623296525288703E-21
          }
        },
        "(nodeB_c03, clientPoolC, nodeB_c03)" : {
          "AppCoordinates {com.bbn, test-service1, 1}" : {
            "DATARATE_TX" : 7.599999999999988E-5,
            "DATARATE_RX" : 1.5199999999999976E-4
          }
        },
        "(nodeB_c02, clientPoolC, nodeB_c02)" : {
          "AppCoordinates {com.bbn, test-service3, 1}" : {
            "DATARATE_TX" : 6.199999999999992E-5,
            "DATARATE_RX" : 1.2399999999999984E-4
          }
        },
        "(nodeB_c07, clientPoolC, nodeB_c07)" : {
          "AppCoordinates {com.bbn, test-service1, 1}" : {
            "DATARATE_TX" : 7.799999999999988E-5,
            "DATARATE_RX" : 1.5599999999999975E-4
          }
        },
        "(nodeB_c06, clientPoolC, nodeB_c06)" : {
          "AppCoordinates {com.bbn, test-service2, 1}" : {
            "DATARATE_TX" : 6.199999999999992E-5,
            "DATARATE_RX" : 1.2399999999999984E-4
          }
        }
      },
      "interface-nodeA ( nodeA )" : {
        "(nodeB_c03, clientPoolE, nodeB_c03)" : {
          "AppCoordinates {com.bbn, test-service1, 1}" : {
            "DATARATE_TX" : 6.0999999999999924E-5,
            "DATARATE_RX" : 1.2199999999999985E-4
          }
        },
        "(nodeB_c02, clientPoolE, nodeB_c02)" : {
          "AppCoordinates {com.bbn, test-service3, 1}" : {
            "DATARATE_TX" : 5.499999999999994E-5,
            "DATARATE_RX" : 1.0999999999999988E-4
          }
        },
        "(nodeB_c01, clientPoolE, nodeB_c01)" : {
          "AppCoordinates {com.bbn, test-service2, 1}" : {
            "DATARATE_TX" : 7.299999999999989E-5,
            "DATARATE_RX" : 1.4599999999999978E-4
          }
        },
        "(nodeB_c00, clientPoolE, nodeB_c00)" : {
          "AppCoordinates {com.bbn, test-service1, 1}" : {
            "DATARATE_TX" : 7.299999999999989E-5,
            "DATARATE_RX" : 1.4599999999999978E-4
          }
        },
        "(nodeB_c07, clientPoolE, nodeB_c07)" : {
          "AppCoordinates {com.bbn, test-service1, 1}" : {
            "DATARATE_TX" : 5.3999999999999944E-5,
            "DATARATE_RX" : 1.0799999999999989E-4
          }
        },
        "(nodeB_c03, clientPoolA, nodeB_c03)" : {
          "AppCoordinates {com.bbn, test-service1, 1}" : {
            "DATARATE_TX" : 6.299999999999992E-5,
            "DATARATE_RX" : 1.2599999999999984E-4
          }
        },
        "(nodeB_c02, clientPoolA, nodeB_c02)" : {
          "AppCoordinates {com.bbn, test-service3, 1}" : {
            "DATARATE_TX" : 8.299999999999986E-5,
            "DATARATE_RX" : 1.6599999999999973E-4
          }
        },
        "(nodeB_c06, clientPoolE, nodeB_c06)" : {
          "AppCoordinates {com.bbn, test-service2, 1}" : {
            "DATARATE_TX" : 7.299999999999989E-5,
            "DATARATE_RX" : 1.4599999999999978E-4
          }
        },
        "(nodeB_c05, clientPoolE, nodeB_c05)" : {
          "AppCoordinates {com.bbn, test-service3, 1}" : {
            "DATARATE_TX" : 1.6E-5,
            "DATARATE_RX" : 3.2E-5
          }
        },
        "(nodeB_c01, clientPoolA, nodeB_c01)" : {
          "AppCoordinates {com.bbn, test-service2, 1}" : {
            "DATARATE_TX" : 6.499999999999991E-5,
            "DATARATE_RX" : 1.2999999999999983E-4
          }
        },
        "(nodeB_c04, clientPoolE, nodeB_c04)" : {
          "AppCoordinates {com.bbn, test-service3, 1}" : {
            "DATARATE_TX" : 5.899999999999993E-5,
            "DATARATE_RX" : 1.1799999999999986E-4
          },
          "AppCoordinates {com.bbn, test-service1, 1}" : {
            "DATARATE_TX" : -3.8116482626443515E-21,
            "DATARATE_RX" : -7.623296525288703E-21
          }
        },
        "(nodeB_c00, clientPoolA, nodeB_c00)" : {
          "AppCoordinates {com.bbn, test-service1, 1}" : {
            "DATARATE_TX" : 5.799999999999993E-5,
            "DATARATE_RX" : 1.1599999999999987E-4
          }
        },
        "(nodeB_c07, clientPoolA, nodeB_c07)" : {
          "AppCoordinates {com.bbn, test-service1, 1}" : {
            "DATARATE_TX" : 6.79999999999999E-5,
            "DATARATE_RX" : 1.359999999999998E-4
          }
        },
        "(nodeB_c06, clientPoolA, nodeB_c06)" : {
          "AppCoordinates {com.bbn, test-service2, 1}" : {
            "DATARATE_TX" : 6.499999999999991E-5,
            "DATARATE_RX" : 1.2999999999999983E-4
          }
        },
        "(nodeB_c05, clientPoolA, nodeB_c05)" : {
          "AppCoordinates {com.bbn, test-service3, 1}" : {
            "DATARATE_TX" : 2.4000000000000004E-5,
            "DATARATE_RX" : 4.800000000000001E-5
          }
        },
        "(nodeB_c04, clientPoolA, nodeB_c04)" : {
          "AppCoordinates {com.bbn, test-service3, 1}" : {
            "DATARATE_TX" : 6.599999999999991E-5,
            "DATARATE_RX" : 1.3199999999999982E-4
          },
          "AppCoordinates {com.bbn, test-service1, 1}" : {
            "DATARATE_TX" : -3.8116482626443515E-21,
            "DATARATE_RX" : -7.623296525288703E-21
          }
        }
      }
    },
    "networkDemand" : {
      "interface-nodeD ( nodeD )" : { },
      "interface-nodeC ( nodeC )" : {
        "(nodeB_c01, clientPoolC, nodeB_c01)" : {
          "AppCoordinates {com.bbn, test-service2, 1}" : {
            "DATARATE_TX" : 6.199999999999992E-5,
            "DATARATE_RX" : 1.2399999999999984E-4
          }
        },
        "(nodeB_c00, clientPoolC, nodeB_c00)" : {
          "AppCoordinates {com.bbn, test-service1, 1}" : {
            "DATARATE_TX" : 6.89999999999999E-5,
            "DATARATE_RX" : 1.379999999999998E-4
          }
        },
        "(nodeB_c05, clientPoolC, nodeB_c05)" : {
          "AppCoordinates {com.bbn, test-service3, 1}" : {
            "DATARATE_TX" : 1.4999999999999999E-5,
            "DATARATE_RX" : 2.9999999999999997E-5
          }
        },
        "(nodeB_c04, clientPoolC, nodeB_c04)" : {
          "AppCoordinates {com.bbn, test-service3, 1}" : {
            "DATARATE_TX" : 7.499999999999989E-5,
            "DATARATE_RX" : 1.4999999999999977E-4
          },
          "AppCoordinates {com.bbn, test-service1, 1}" : {
            "DATARATE_TX" : -3.8116482626443515E-21,
            "DATARATE_RX" : -7.623296525288703E-21
          }
        },
        "(nodeB_c03, clientPoolC, nodeB_c03)" : {
          "AppCoordinates {com.bbn, test-service1, 1}" : {
            "DATARATE_TX" : 7.599999999999988E-5,
            "DATARATE_RX" : 1.5199999999999976E-4
          }
        },
        "(nodeB_c02, clientPoolC, nodeB_c02)" : {
          "AppCoordinates {com.bbn, test-service3, 1}" : {
            "DATARATE_TX" : 6.199999999999992E-5,
            "DATARATE_RX" : 1.2399999999999984E-4
          }
        },
        "(nodeB_c07, clientPoolC, nodeB_c07)" : {
          "AppCoordinates {com.bbn, test-service1, 1}" : {
            "DATARATE_TX" : 7.799999999999988E-5,
            "DATARATE_RX" : 1.5599999999999975E-4
          }
        },
        "(nodeB_c06, clientPoolC, nodeB_c06)" : {
          "AppCoordinates {com.bbn, test-service2, 1}" : {
            "DATARATE_TX" : 6.199999999999992E-5,
            "DATARATE_RX" : 1.2399999999999984E-4
          }
        }
      },
      "interface-nodeA ( nodeA )" : {
        "(nodeB_c03, clientPoolE, nodeB_c03)" : {
          "AppCoordinates {com.bbn, test-service1, 1}" : {
            "DATARATE_TX" : 6.099999999999992E-5,
            "DATARATE_RX" : 1.2199999999999983E-4
          }
        },
        "(nodeB_c02, clientPoolE, nodeB_c02)" : {
          "AppCoordinates {com.bbn, test-service3, 1}" : {
            "DATARATE_TX" : 5.4999999999999934E-5,
            "DATARATE_RX" : 1.0999999999999987E-4
          }
        },
        "(nodeB_c01, clientPoolE, nodeB_c01)" : {
          "AppCoordinates {com.bbn, test-service2, 1}" : {
            "DATARATE_TX" : 7.299999999999989E-5,
            "DATARATE_RX" : 1.4599999999999978E-4
          }
        },
        "(nodeB_c00, clientPoolE, nodeB_c00)" : {
          "AppCoordinates {com.bbn, test-service1, 1}" : {
            "DATARATE_TX" : 7.299999999999989E-5,
            "DATARATE_RX" : 1.4599999999999978E-4
          }
        },
        "(nodeB_c03, clientPoolA, nodeB_c03)" : {
          "AppCoordinates {com.bbn, test-service1, 1}" : {
            "DATARATE_TX" : 6.299999999999992E-5,
            "DATARATE_RX" : 1.2599999999999984E-4
          }
        },
        "(nodeB_c07, clientPoolE, nodeB_c07)" : {
          "AppCoordinates {com.bbn, test-service1, 1}" : {
            "DATARATE_TX" : 5.399999999999995E-5,
            "DATARATE_RX" : 1.079999999999999E-4
          }
        },
        "(nodeB_c06, clientPoolE, nodeB_c06)" : {
          "AppCoordinates {com.bbn, test-service2, 1}" : {
            "DATARATE_TX" : 7.299999999999989E-5,
            "DATARATE_RX" : 1.4599999999999978E-4
          }
        },
        "(nodeB_c02, clientPoolA, nodeB_c02)" : {
          "AppCoordinates {com.bbn, test-service3, 1}" : {
            "DATARATE_TX" : 8.299999999999986E-5,
            "DATARATE_RX" : 1.6599999999999973E-4
          }
        },
        "(nodeB_c01, clientPoolA, nodeB_c01)" : {
          "AppCoordinates {com.bbn, test-service2, 1}" : {
            "DATARATE_TX" : 6.499999999999991E-5,
            "DATARATE_RX" : 1.2999999999999983E-4
          }
        },
        "(nodeB_c05, clientPoolE, nodeB_c05)" : {
          "AppCoordinates {com.bbn, test-service3, 1}" : {
            "DATARATE_TX" : 1.6E-5,
            "DATARATE_RX" : 3.2E-5
          }
        },
        "(nodeB_c00, clientPoolA, nodeB_c00)" : {
          "AppCoordinates {com.bbn, test-service1, 1}" : {
            "DATARATE_TX" : 5.799999999999994E-5,
            "DATARATE_RX" : 1.1599999999999988E-4
          }
        },
        "(nodeB_c04, clientPoolE, nodeB_c04)" : {
          "AppCoordinates {com.bbn, test-service3, 1}" : {
            "DATARATE_TX" : 5.899999999999992E-5,
            "DATARATE_RX" : 1.1799999999999985E-4
          },
          "AppCoordinates {com.bbn, test-service1, 1}" : {
            "DATARATE_TX" : -3.8116482626443515E-21,
            "DATARATE_RX" : -7.623296525288703E-21
          }
        },
        "(nodeB_c07, clientPoolA, nodeB_c07)" : {
          "AppCoordinates {com.bbn, test-service1, 1}" : {
            "DATARATE_TX" : 6.79999999999999E-5,
            "DATARATE_RX" : 1.359999999999998E-4
          }
        },
        "(nodeB_c06, clientPoolA, nodeB_c06)" : {
          "AppCoordinates {com.bbn, test-service2, 1}" : {
            "DATARATE_TX" : 6.499999999999991E-5,
            "DATARATE_RX" : 1.2999999999999983E-4
          }
        },
        "(nodeB_c05, clientPoolA, nodeB_c05)" : {
          "AppCoordinates {com.bbn, test-service3, 1}" : {
            "DATARATE_TX" : 2.4000000000000007E-5,
            "DATARATE_RX" : 4.8000000000000015E-5
          }
        },
        "(nodeB_c04, clientPoolA, nodeB_c04)" : {
          "AppCoordinates {com.bbn, test-service3, 1}" : {
            "DATARATE_TX" : 6.599999999999991E-5,
            "DATARATE_RX" : 1.3199999999999982E-4
          },
          "AppCoordinates {com.bbn, test-service1, 1}" : {
            "DATARATE_TX" : -3.8116482626443515E-21,
            "DATARATE_RX" : -7.623296525288703E-21
          }
        }
      }
    },
    "containerReports" : {
      "nodeB_c00" : {
        "containerName" : {
          "name" : "nodeB_c00"
        },
        "timestamp" : 142997,
        "service" : {
          "group" : "com.bbn",
          "artifact" : "test-service3",
          "version" : "1"
        },
        "serviceStatus" : "RUNNING",
        "demandEstimationWindow" : "SHORT",
        "computeCapacity" : {
          "CPU" : 1.0,
          "TASK_CONTAINERS" : 100.0,
          "QueueLength" : 1000000.0
        },
        "computeLoad" : {
          "UNKNOWN" : {
            "QueueLength" : 0.0
          }
        },
        "computeDemand" : {
          "UNKNOWN" : {
            "QueueLength" : 0.0
          }
        },
        "averageProcessingTime" : "NaN",
        "networkCapacity" : {
          "interface-nodeB ( nodeB )" : {
            "DATARATE_TX" : 100.0,
            "DATARATE_RX" : 100.0
          }
        },
        "networkLoad" : {
          "interface-nodeB ( nodeB )" : { }
        },
        "networkDemand" : {
          "interface-nodeB ( nodeB )" : { }
        }
      },
      "nodeB_c01" : {
        "containerName" : {
          "name" : "nodeB_c01"
        },
        "timestamp" : 142997,
        "service" : {
          "group" : "com.bbn",
          "artifact" : "test-service2",
          "version" : "1"
        },
        "serviceStatus" : "RUNNING",
        "demandEstimationWindow" : "SHORT",
        "computeCapacity" : {
          "CPU" : 1.0,
          "TASK_CONTAINERS" : 100.0,
          "QueueLength" : 1000000.0
        },
        "computeLoad" : {
          "UNKNOWN" : {
            "QueueLength" : 0.0
          }
        },
        "computeDemand" : {
          "UNKNOWN" : {
            "QueueLength" : 0.0
          }
        },
        "averageProcessingTime" : "NaN",
        "networkCapacity" : {
          "interface-nodeB ( nodeB )" : {
            "DATARATE_TX" : 100.0,
            "DATARATE_RX" : 100.0
          }
        },
        "networkLoad" : {
          "interface-nodeB ( nodeB )" : { }
        },
        "networkDemand" : {
          "interface-nodeB ( nodeB )" : { }
        }
      },
      "nodeB_c02" : {
        "containerName" : {
          "name" : "nodeB_c02"
        },
        "timestamp" : 142997,
        "service" : {
          "group" : "com.bbn",
          "artifact" : "test-service3",
          "version" : "1"
        },
        "serviceStatus" : "RUNNING",
        "demandEstimationWindow" : "SHORT",
        "computeCapacity" : {
          "CPU" : 1.0,
          "TASK_CONTAINERS" : 100.0,
          "QueueLength" : 1000000.0
        },
        "computeLoad" : {
          "UNKNOWN" : {
            "QueueLength" : 200.0,
            "TASK_CONTAINERS" : 100.0
          }
        },
        "computeDemand" : {
          "UNKNOWN" : {
            "QueueLength" : 175.0,
            "TASK_CONTAINERS" : 87.5
          }
        },
        "averageProcessingTime" : 120000.0,
        "networkCapacity" : {
          "interface-nodeB ( nodeB )" : {
            "DATARATE_TX" : 100.0,
            "DATARATE_RX" : 100.0
          }
        },
        "networkLoad" : {
          "interface-nodeB ( nodeB )" : {
            "(clientPoolA, nodeB_c02, nodeB_c02)" : {
              "AppCoordinates {com.bbn, test-service3, 1}" : {
                "DATARATE_TX" : 2.039999999999997E-4,
                "DATARATE_RX" : 1.0199999999999985E-4
              }
            },
            "(clientPoolE, nodeB_c02, nodeB_c02)" : {
              "AppCoordinates {com.bbn, test-service3, 1}" : {
                "DATARATE_TX" : 1.359999999999999E-4,
                "DATARATE_RX" : 6.799999999999995E-5
              }
            },
            "(clientPoolC, nodeB_c02, nodeB_c02)" : {
              "AppCoordinates {com.bbn, test-service3, 1}" : {
                "DATARATE_TX" : 1.699999999999998E-4,
                "DATARATE_RX" : 8.49999999999999E-5
              }
            }
          }
        },
        "networkDemand" : {
          "interface-nodeB ( nodeB )" : {
            "(clientPoolA, nodeB_c02, nodeB_c02)" : {
              "AppCoordinates {com.bbn, test-service3, 1}" : {
                "DATARATE_TX" : 2.0399999999999973E-4,
                "DATARATE_RX" : 1.0199999999999986E-4
              }
            },
            "(clientPoolE, nodeB_c02, nodeB_c02)" : {
              "AppCoordinates {com.bbn, test-service3, 1}" : {
                "DATARATE_TX" : 1.3599999999999986E-4,
                "DATARATE_RX" : 6.799999999999993E-5
              }
            },
            "(clientPoolC, nodeB_c02, nodeB_c02)" : {
              "AppCoordinates {com.bbn, test-service3, 1}" : {
                "DATARATE_TX" : 1.699999999999998E-4,
                "DATARATE_RX" : 8.49999999999999E-5
              }
            }
          }
        }
      },
      "nodeB_c03" : {
        "containerName" : {
          "name" : "nodeB_c03"
        },
        "timestamp" : 142999,
        "service" : {
          "group" : "com.bbn",
          "artifact" : "test-service1",
          "version" : "1"
        },
        "serviceStatus" : "RUNNING",
        "demandEstimationWindow" : "SHORT",
        "computeCapacity" : {
          "CPU" : 1.0,
          "TASK_CONTAINERS" : 100.0,
          "QueueLength" : 1000000.0
        },
        "computeLoad" : {
          "UNKNOWN" : {
            "QueueLength" : 200.0,
            "TASK_CONTAINERS" : 100.0
          }
        },
        "computeDemand" : {
          "UNKNOWN" : {
            "QueueLength" : 175.0,
            "TASK_CONTAINERS" : 87.5
          }
        },
        "averageProcessingTime" : 120000.0,
        "networkCapacity" : {
          "interface-nodeB ( nodeB )" : {
            "DATARATE_TX" : 100.0,
            "DATARATE_RX" : 100.0
          }
        },
        "networkLoad" : {
          "interface-nodeB ( nodeB )" : {
            "(clientPoolC, nodeB_c03, nodeB_c03)" : {
              "AppCoordinates {com.bbn, test-service1, 1}" : {
                "DATARATE_TX" : 2.599999999999995E-4,
                "DATARATE_RX" : 1.2999999999999974E-4
              }
            },
            "(clientPoolA, nodeB_c03, nodeB_c03)" : {
              "AppCoordinates {com.bbn, test-service1, 1}" : {
                "DATARATE_TX" : 2.6999999999999946E-4,
                "DATARATE_RX" : 1.3499999999999973E-4
              }
            },
            "(clientPoolE, nodeB_c03, nodeB_c03)" : {
              "AppCoordinates {com.bbn, test-service1, 1}" : {
                "DATARATE_TX" : 2.7199999999999946E-4,
                "DATARATE_RX" : 1.3599999999999973E-4
              }
            }
          }
        },
        "networkDemand" : {
          "interface-nodeB ( nodeB )" : {
            "(clientPoolC, nodeB_c03, nodeB_c03)" : {
              "AppCoordinates {com.bbn, test-service1, 1}" : {
                "DATARATE_TX" : 2.5999999999999944E-4,
                "DATARATE_RX" : 1.2999999999999972E-4
              }
            },
            "(clientPoolA, nodeB_c03, nodeB_c03)" : {
              "AppCoordinates {com.bbn, test-service1, 1}" : {
                "DATARATE_TX" : 2.6999999999999946E-4,
                "DATARATE_RX" : 1.3499999999999973E-4
              }
            },
            "(clientPoolE, nodeB_c03, nodeB_c03)" : {
              "AppCoordinates {com.bbn, test-service1, 1}" : {
                "DATARATE_TX" : 2.7199999999999946E-4,
                "DATARATE_RX" : 1.3599999999999973E-4
              }
            }
          }
        }
      },
      "nodeB_c04" : {
        "containerName" : {
          "name" : "nodeB_c04"
        },
        "timestamp" : 143001,
        "service" : {
          "group" : "com.bbn",
          "artifact" : "test-service3",
          "version" : "1"
        },
        "serviceStatus" : "RUNNING",
        "demandEstimationWindow" : "SHORT",
        "computeCapacity" : {
          "CPU" : 1.0,
          "TASK_CONTAINERS" : 100.0,
          "QueueLength" : 1000000.0
        },
        "computeLoad" : {
          "UNKNOWN" : {
            "QueueLength" : 200.0,
            "TASK_CONTAINERS" : 100.0
          }
        },
        "computeDemand" : {
          "UNKNOWN" : {
            "QueueLength" : 175.0,
            "TASK_CONTAINERS" : 87.5
          }
        },
        "averageProcessingTime" : "NaN",
        "networkCapacity" : {
          "interface-nodeB ( nodeB )" : {
            "DATARATE_TX" : 100.0,
            "DATARATE_RX" : 100.0
          }
        },
        "networkLoad" : {
          "interface-nodeB ( nodeB )" : {
            "(clientPoolC, nodeB_c04, nodeB_c04)" : {
              "AppCoordinates {com.bbn, test-service3, 1}" : {
                "DATARATE_TX" : 1.9399999999999965E-4,
                "DATARATE_RX" : 9.699999999999982E-5
              }
            },
            "(clientPoolA, nodeB_c04, nodeB_c04)" : {
              "AppCoordinates {com.bbn, test-service3, 1}" : {
                "DATARATE_TX" : 1.8599999999999967E-4,
                "DATARATE_RX" : 9.299999999999983E-5
              }
            },
            "(clientPoolE, nodeB_c04, nodeB_c04)" : {
              "AppCoordinates {com.bbn, test-service3, 1}" : {
                "DATARATE_TX" : 1.5199999999999976E-4,
                "DATARATE_RX" : 7.599999999999988E-5
              }
            }
          }
        },
        "networkDemand" : {
          "interface-nodeB ( nodeB )" : {
            "(clientPoolC, nodeB_c04, nodeB_c04)" : {
              "AppCoordinates {com.bbn, test-service3, 1}" : {
                "DATARATE_TX" : 1.9399999999999967E-4,
                "DATARATE_RX" : 9.699999999999984E-5
              }
            },
            "(clientPoolA, nodeB_c04, nodeB_c04)" : {
              "AppCoordinates {com.bbn, test-service3, 1}" : {
                "DATARATE_TX" : 1.859999999999997E-4,
                "DATARATE_RX" : 9.299999999999985E-5
              }
            },
            "(clientPoolE, nodeB_c04, nodeB_c04)" : {
              "AppCoordinates {com.bbn, test-service3, 1}" : {
                "DATARATE_TX" : 1.5199999999999976E-4,
                "DATARATE_RX" : 7.599999999999988E-5
              }
            }
          }
        }
      },
      "nodeB_c05" : {
        "containerName" : {
          "name" : "nodeB_c05"
        },
        "timestamp" : 143001,
        "service" : {
          "group" : "com.bbn",
          "artifact" : "test-service3",
          "version" : "1"
        },
        "serviceStatus" : "RUNNING",
        "demandEstimationWindow" : "SHORT",
        "computeCapacity" : {
          "CPU" : 1.0,
          "TASK_CONTAINERS" : 100.0,
          "QueueLength" : 1000000.0
        },
        "computeLoad" : {
          "UNKNOWN" : {
            "QueueLength" : 55.0,
            "TASK_CONTAINERS" : 27.5
          }
        },
        "computeDemand" : {
          "UNKNOWN" : {
            "QueueLength" : 48.125,
            "TASK_CONTAINERS" : 24.0625
          }
        },
        "averageProcessingTime" : 120000.0,
        "networkCapacity" : {
          "interface-nodeB ( nodeB )" : {
            "DATARATE_TX" : 100.0,
            "DATARATE_RX" : 100.0
          }
        },
        "networkLoad" : {
          "interface-nodeB ( nodeB )" : {
            "(clientPoolA, nodeB_c05, nodeB_c05)" : {
              "AppCoordinates {com.bbn, test-service3, 1}" : {
                "DATARATE_TX" : 2.0599999999999964E-4,
                "DATARATE_RX" : 1.0299999999999982E-4
              }
            },
            "(clientPoolE, nodeB_c05, nodeB_c05)" : {
              "AppCoordinates {com.bbn, test-service3, 1}" : {
                "DATARATE_TX" : 1.499999999999998E-4,
                "DATARATE_RX" : 7.49999999999999E-5
              }
            },
            "(clientPoolC, nodeB_c05, nodeB_c05)" : {
              "AppCoordinates {com.bbn, test-service3, 1}" : {
                "DATARATE_TX" : 1.6999999999999974E-4,
                "DATARATE_RX" : 8.499999999999987E-5
              }
            }
          }
        },
        "networkDemand" : {
          "interface-nodeB ( nodeB )" : {
            "(clientPoolA, nodeB_c05, nodeB_c05)" : {
              "AppCoordinates {com.bbn, test-service3, 1}" : {
                "DATARATE_TX" : 2.059999999999996E-4,
                "DATARATE_RX" : 1.029999999999998E-4
              }
            },
            "(clientPoolE, nodeB_c05, nodeB_c05)" : {
              "AppCoordinates {com.bbn, test-service3, 1}" : {
                "DATARATE_TX" : 1.4999999999999977E-4,
                "DATARATE_RX" : 7.499999999999989E-5
              }
            },
            "(clientPoolC, nodeB_c05, nodeB_c05)" : {
              "AppCoordinates {com.bbn, test-service3, 1}" : {
                "DATARATE_TX" : 1.6999999999999977E-4,
                "DATARATE_RX" : 8.499999999999988E-5
              }
            }
          }
        }
      },
      "nodeB_c06" : {
        "containerName" : {
          "name" : "nodeB_c06"
        },
        "timestamp" : 143003,
        "service" : {
          "group" : "com.bbn",
          "artifact" : "test-service2",
          "version" : "1"
        },
        "serviceStatus" : "RUNNING",
        "demandEstimationWindow" : "SHORT",
        "computeCapacity" : {
          "CPU" : 1.0,
          "TASK_CONTAINERS" : 100.0,
          "QueueLength" : 1000000.0
        },
        "computeLoad" : {
          "UNKNOWN" : {
            "QueueLength" : 200.0,
            "TASK_CONTAINERS" : 100.0
          }
        },
        "computeDemand" : {
          "UNKNOWN" : {
            "QueueLength" : 175.0,
            "TASK_CONTAINERS" : 87.5
          }
        },
        "averageProcessingTime" : 120000.0,
        "networkCapacity" : {
          "interface-nodeB ( nodeB )" : {
            "DATARATE_TX" : 100.0,
            "DATARATE_RX" : 100.0
          }
        },
        "networkLoad" : {
          "interface-nodeB ( nodeB )" : {
            "(clientPoolA, nodeB_c06, nodeB_c06)" : {
              "AppCoordinates {com.bbn, test-service2, 1}" : {
                "DATARATE_TX" : 3.999999999999991E-4,
                "DATARATE_RX" : 1.9999999999999955E-4
              }
            },
            "(clientPoolE, nodeB_c06, nodeB_c06)" : {
              "AppCoordinates {com.bbn, test-service2, 1}" : {
                "DATARATE_TX" : 3.899999999999991E-4,
                "DATARATE_RX" : 1.9499999999999956E-4
              }
            },
            "(clientPoolC, nodeB_c06, nodeB_c06)" : {
              "AppCoordinates {com.bbn, test-service2, 1}" : {
                "DATARATE_TX" : 4.099999999999991E-4,
                "DATARATE_RX" : 2.0499999999999956E-4
              }
            }
          }
        },
        "networkDemand" : {
          "interface-nodeB ( nodeB )" : {
            "(clientPoolA, nodeB_c06, nodeB_c06)" : {
              "AppCoordinates {com.bbn, test-service2, 1}" : {
                "DATARATE_TX" : 3.999999999999992E-4,
                "DATARATE_RX" : 1.999999999999996E-4
              }
            },
            "(clientPoolE, nodeB_c06, nodeB_c06)" : {
              "AppCoordinates {com.bbn, test-service2, 1}" : {
                "DATARATE_TX" : 3.899999999999992E-4,
                "DATARATE_RX" : 1.949999999999996E-4
              }
            },
            "(clientPoolC, nodeB_c06, nodeB_c06)" : {
              "AppCoordinates {com.bbn, test-service2, 1}" : {
                "DATARATE_TX" : 4.09999999999999E-4,
                "DATARATE_RX" : 2.049999999999995E-4
              }
            }
          }
        }
      },
      "nodeB_c07" : {
        "containerName" : {
          "name" : "nodeB_c07"
        },
        "timestamp" : 143004,
        "service" : {
          "group" : "com.bbn",
          "artifact" : "test-service1",
          "version" : "1"
        },
        "serviceStatus" : "RUNNING",
        "demandEstimationWindow" : "SHORT",
        "computeCapacity" : {
          "CPU" : 1.0,
          "TASK_CONTAINERS" : 100.0,
          "QueueLength" : 1000000.0
        },
        "computeLoad" : {
          "UNKNOWN" : {
            "QueueLength" : 200.0,
            "TASK_CONTAINERS" : 100.0
          }
        },
        "computeDemand" : {
          "UNKNOWN" : {
            "QueueLength" : 175.0,
            "TASK_CONTAINERS" : 87.5
          }
        },
        "averageProcessingTime" : "NaN",
        "networkCapacity" : {
          "interface-nodeB ( nodeB )" : {
            "DATARATE_TX" : 100.0,
            "DATARATE_RX" : 100.0
          }
        },
        "networkLoad" : {
          "interface-nodeB ( nodeB )" : {
            "(clientPoolC, nodeB_c07, nodeB_c07)" : {
              "AppCoordinates {com.bbn, test-service1, 1}" : {
                "DATARATE_TX" : 2.879999999999994E-4,
                "DATARATE_RX" : 1.439999999999997E-4
              }
            },
            "(clientPoolA, nodeB_c07, nodeB_c07)" : {
              "AppCoordinates {com.bbn, test-service1, 1}" : {
                "DATARATE_TX" : 2.7999999999999943E-4,
                "DATARATE_RX" : 1.3999999999999972E-4
              }
            },
            "(clientPoolE, nodeB_c07, nodeB_c07)" : {
              "AppCoordinates {com.bbn, test-service1, 1}" : {
                "DATARATE_TX" : 2.3199999999999954E-4,
                "DATARATE_RX" : 1.1599999999999977E-4
              }
            }
          }
        },
        "networkDemand" : {
          "interface-nodeB ( nodeB )" : {
            "(clientPoolC, nodeB_c07, nodeB_c07)" : {
              "AppCoordinates {com.bbn, test-service1, 1}" : {
                "DATARATE_TX" : 2.8799999999999947E-4,
                "DATARATE_RX" : 1.4399999999999973E-4
              }
            },
            "(clientPoolA, nodeB_c07, nodeB_c07)" : {
              "AppCoordinates {com.bbn, test-service1, 1}" : {
                "DATARATE_TX" : 2.7999999999999943E-4,
                "DATARATE_RX" : 1.3999999999999972E-4
              }
            },
            "(clientPoolE, nodeB_c07, nodeB_c07)" : {
              "AppCoordinates {com.bbn, test-service1, 1}" : {
                "DATARATE_TX" : 2.3199999999999954E-4,
                "DATARATE_RX" : 1.1599999999999977E-4
              }
            }
          }
        }
      }
    },
    "maximumServiceContainers" : 8,
    "allocatedServiceContainers" : 8,
    "computeDemand" : {
      "AppCoordinates {com.bbn, test-service3, 1}" : {
        "UNKNOWN" : {
          "QueueLength" : 398.125,
          "TASK_CONTAINERS" : 199.0625
        }
      },
      "AppCoordinates {com.bbn, test-service2, 1}" : {
        "UNKNOWN" : {
          "QueueLength" : 175.0,
          "TASK_CONTAINERS" : 87.5
        }
      },
      "AppCoordinates {com.bbn, test-service1, 1}" : {
        "UNKNOWN" : {
          "QueueLength" : 350.0,
          "TASK_CONTAINERS" : 175.0
        }
      }
    },
    "containerNetworkLoad" : {
      "interface-nodeB ( nodeB )" : {
        "(clientPoolA, nodeB_c06, nodeB_c06)" : {
          "AppCoordinates {com.bbn, test-service2, 1}" : {
            "DATARATE_TX" : 3.999999999999991E-4,
            "DATARATE_RX" : 1.9999999999999955E-4
          }
        },
        "(clientPoolC, nodeB_c07, nodeB_c07)" : {
          "AppCoordinates {com.bbn, test-service1, 1}" : {
            "DATARATE_TX" : 2.879999999999994E-4,
            "DATARATE_RX" : 1.439999999999997E-4
          }
        },
        "(clientPoolA, nodeB_c05, nodeB_c05)" : {
          "AppCoordinates {com.bbn, test-service3, 1}" : {
            "DATARATE_TX" : 2.0599999999999964E-4,
            "DATARATE_RX" : 1.0299999999999982E-4
          }
        },
        "(clientPoolA, nodeB_c07, nodeB_c07)" : {
          "AppCoordinates {com.bbn, test-service1, 1}" : {
            "DATARATE_TX" : 2.7999999999999943E-4,
            "DATARATE_RX" : 1.3999999999999972E-4
          }
        },
        "(clientPoolE, nodeB_c06, nodeB_c06)" : {
          "AppCoordinates {com.bbn, test-service2, 1}" : {
            "DATARATE_TX" : 3.899999999999991E-4,
            "DATARATE_RX" : 1.9499999999999956E-4
          }
        },
        "(clientPoolC, nodeB_c04, nodeB_c04)" : {
          "AppCoordinates {com.bbn, test-service3, 1}" : {
            "DATARATE_TX" : 1.9399999999999965E-4,
            "DATARATE_RX" : 9.699999999999982E-5
          }
        },
        "(clientPoolA, nodeB_c02, nodeB_c02)" : {
          "AppCoordinates {com.bbn, test-service3, 1}" : {
            "DATARATE_TX" : 2.039999999999997E-4,
            "DATARATE_RX" : 1.0199999999999985E-4
          }
        },
        "(clientPoolE, nodeB_c05, nodeB_c05)" : {
          "AppCoordinates {com.bbn, test-service3, 1}" : {
            "DATARATE_TX" : 1.499999999999998E-4,
            "DATARATE_RX" : 7.49999999999999E-5
          }
        },
        "(clientPoolC, nodeB_c03, nodeB_c03)" : {
          "AppCoordinates {com.bbn, test-service1, 1}" : {
            "DATARATE_TX" : 2.599999999999995E-4,
            "DATARATE_RX" : 1.2999999999999974E-4
          }
        },
        "(clientPoolC, nodeB_c06, nodeB_c06)" : {
          "AppCoordinates {com.bbn, test-service2, 1}" : {
            "DATARATE_TX" : 4.099999999999991E-4,
            "DATARATE_RX" : 2.0499999999999956E-4
          }
        },
        "(clientPoolA, nodeB_c04, nodeB_c04)" : {
          "AppCoordinates {com.bbn, test-service3, 1}" : {
            "DATARATE_TX" : 1.8599999999999967E-4,
            "DATARATE_RX" : 9.299999999999983E-5
          }
        },
        "(clientPoolE, nodeB_c07, nodeB_c07)" : {
          "AppCoordinates {com.bbn, test-service1, 1}" : {
            "DATARATE_TX" : 2.3199999999999954E-4,
            "DATARATE_RX" : 1.1599999999999977E-4
          }
        },
        "(clientPoolC, nodeB_c05, nodeB_c05)" : {
          "AppCoordinates {com.bbn, test-service3, 1}" : {
            "DATARATE_TX" : 1.6999999999999974E-4,
            "DATARATE_RX" : 8.499999999999987E-5
          }
        },
        "(clientPoolA, nodeB_c03, nodeB_c03)" : {
          "AppCoordinates {com.bbn, test-service1, 1}" : {
            "DATARATE_TX" : 2.6999999999999946E-4,
            "DATARATE_RX" : 1.3499999999999973E-4
          }
        },
        "(clientPoolE, nodeB_c02, nodeB_c02)" : {
          "AppCoordinates {com.bbn, test-service3, 1}" : {
            "DATARATE_TX" : 1.359999999999999E-4,
            "DATARATE_RX" : 6.799999999999995E-5
          }
        },
        "(clientPoolE, nodeB_c04, nodeB_c04)" : {
          "AppCoordinates {com.bbn, test-service3, 1}" : {
            "DATARATE_TX" : 1.5199999999999976E-4,
            "DATARATE_RX" : 7.599999999999988E-5
          }
        },
        "(clientPoolC, nodeB_c02, nodeB_c02)" : {
          "AppCoordinates {com.bbn, test-service3, 1}" : {
            "DATARATE_TX" : 1.699999999999998E-4,
            "DATARATE_RX" : 8.49999999999999E-5
          }
        },
        "(clientPoolE, nodeB_c03, nodeB_c03)" : {
          "AppCoordinates {com.bbn, test-service1, 1}" : {
            "DATARATE_TX" : 2.7199999999999946E-4,
            "DATARATE_RX" : 1.3599999999999973E-4
          }
        }
      }
    },
    "containerNetworkDemand" : {
      "interface-nodeB ( nodeB )" : {
        "(clientPoolA, nodeB_c06, nodeB_c06)" : {
          "AppCoordinates {com.bbn, test-service2, 1}" : {
            "DATARATE_TX" : 3.999999999999992E-4,
            "DATARATE_RX" : 1.999999999999996E-4
          }
        },
        "(clientPoolC, nodeB_c07, nodeB_c07)" : {
          "AppCoordinates {com.bbn, test-service1, 1}" : {
            "DATARATE_TX" : 2.8799999999999947E-4,
            "DATARATE_RX" : 1.4399999999999973E-4
          }
        },
        "(clientPoolA, nodeB_c05, nodeB_c05)" : {
          "AppCoordinates {com.bbn, test-service3, 1}" : {
            "DATARATE_TX" : 2.059999999999996E-4,
            "DATARATE_RX" : 1.029999999999998E-4
          }
        },
        "(clientPoolA, nodeB_c07, nodeB_c07)" : {
          "AppCoordinates {com.bbn, test-service1, 1}" : {
            "DATARATE_TX" : 2.7999999999999943E-4,
            "DATARATE_RX" : 1.3999999999999972E-4
          }
        },
        "(clientPoolE, nodeB_c06, nodeB_c06)" : {
          "AppCoordinates {com.bbn, test-service2, 1}" : {
            "DATARATE_TX" : 3.899999999999992E-4,
            "DATARATE_RX" : 1.949999999999996E-4
          }
        },
        "(clientPoolC, nodeB_c04, nodeB_c04)" : {
          "AppCoordinates {com.bbn, test-service3, 1}" : {
            "DATARATE_TX" : 1.9399999999999967E-4,
            "DATARATE_RX" : 9.699999999999984E-5
          }
        },
        "(clientPoolA, nodeB_c02, nodeB_c02)" : {
          "AppCoordinates {com.bbn, test-service3, 1}" : {
            "DATARATE_TX" : 2.0399999999999973E-4,
            "DATARATE_RX" : 1.0199999999999986E-4
          }
        },
        "(clientPoolE, nodeB_c05, nodeB_c05)" : {
          "AppCoordinates {com.bbn, test-service3, 1}" : {
            "DATARATE_TX" : 1.4999999999999977E-4,
            "DATARATE_RX" : 7.499999999999989E-5
          }
        },
        "(clientPoolC, nodeB_c03, nodeB_c03)" : {
          "AppCoordinates {com.bbn, test-service1, 1}" : {
            "DATARATE_TX" : 2.5999999999999944E-4,
            "DATARATE_RX" : 1.2999999999999972E-4
          }
        },
        "(clientPoolC, nodeB_c06, nodeB_c06)" : {
          "AppCoordinates {com.bbn, test-service2, 1}" : {
            "DATARATE_TX" : 4.09999999999999E-4,
            "DATARATE_RX" : 2.049999999999995E-4
          }
        },
        "(clientPoolA, nodeB_c04, nodeB_c04)" : {
          "AppCoordinates {com.bbn, test-service3, 1}" : {
            "DATARATE_TX" : 1.859999999999997E-4,
            "DATARATE_RX" : 9.299999999999985E-5
          }
        },
        "(clientPoolE, nodeB_c07, nodeB_c07)" : {
          "AppCoordinates {com.bbn, test-service1, 1}" : {
            "DATARATE_TX" : 2.3199999999999954E-4,
            "DATARATE_RX" : 1.1599999999999977E-4
          }
        },
        "(clientPoolC, nodeB_c05, nodeB_c05)" : {
          "AppCoordinates {com.bbn, test-service3, 1}" : {
            "DATARATE_TX" : 1.6999999999999977E-4,
            "DATARATE_RX" : 8.499999999999988E-5
          }
        },
        "(clientPoolA, nodeB_c03, nodeB_c03)" : {
          "AppCoordinates {com.bbn, test-service1, 1}" : {
            "DATARATE_TX" : 2.6999999999999946E-4,
            "DATARATE_RX" : 1.3499999999999973E-4
          }
        },
        "(clientPoolE, nodeB_c02, nodeB_c02)" : {
          "AppCoordinates {com.bbn, test-service3, 1}" : {
            "DATARATE_TX" : 1.3599999999999986E-4,
            "DATARATE_RX" : 6.799999999999993E-5
          }
        },
        "(clientPoolE, nodeB_c04, nodeB_c04)" : {
          "AppCoordinates {com.bbn, test-service3, 1}" : {
            "DATARATE_TX" : 1.5199999999999976E-4,
            "DATARATE_RX" : 7.599999999999988E-5
          }
        },
        "(clientPoolC, nodeB_c02, nodeB_c02)" : {
          "AppCoordinates {com.bbn, test-service3, 1}" : {
            "DATARATE_TX" : 1.699999999999998E-4,
            "DATARATE_RX" : 8.49999999999999E-5
          }
        },
        "(clientPoolE, nodeB_c03, nodeB_c03)" : {
          "AppCoordinates {com.bbn, test-service1, 1}" : {
            "DATARATE_TX" : 2.7199999999999946E-4,
            "DATARATE_RX" : 1.3599999999999973E-4
          }
        }
      }
    },
    "computeLoad" : {
      "AppCoordinates {com.bbn, test-service3, 1}" : {
        "UNKNOWN" : {
          "QueueLength" : 455.0,
          "TASK_CONTAINERS" : 227.5
        }
      },
      "AppCoordinates {com.bbn, test-service2, 1}" : {
        "UNKNOWN" : {
          "QueueLength" : 200.0,
          "TASK_CONTAINERS" : 100.0
        }
      },
      "AppCoordinates {com.bbn, test-service1, 1}" : {
        "UNKNOWN" : {
          "QueueLength" : 400.0,
          "TASK_CONTAINERS" : 200.0
        }
      }
    },
    "availableServiceContainers" : 0,
    "averageProcessingTime" : {
      "AppCoordinates {com.bbn, test-service3, 1}" : 120000.0,
      "AppCoordinates {com.bbn, test-service2, 1}" : 120000.0,
      "AppCoordinates {com.bbn, test-service1, 1}" : 120000.0
    },
    "allocatedComputeCapacity" : {
      "CPU" : 8.0,
      "QueueLength" : 8000000.0,
      "TASK_CONTAINERS" : 800.0
    }
  } ]
}