{
  "clientName" : "clientPoolL",
  "clientRegion" : {
    "name" : "L"
  },
  "numRequestsAttempted" : 3600,
  "numRequestsSucceeded" : 2101,
  "numRequestsFailedForServerLoad" : 1499,
  "numRequestsFailedForNetworkLoad" : 0,
  "numRequestsSlowForServerLoad" : 365,
  "numRequestsSlowForNetworkLoad" : 0,
  "numRequestsSlowForNetworkAndServerLoad" : 0,
  "numRequestsServicedByRegion" : {
    "C" : 39,
    "F" : 16,
    "G" : 778,
    "I" : 14,
    "J" : 124,
    "K" : 118,
    "L" : 748,
    "M" : 264
  },
  "numRequestsFailedForDownNode" : 0
}