{
  "clientName" : "clientPoolB",
  "clientRegion" : {
    "name" : "B"
  },
  "numRequestsAttempted" : 4119,
  "numRequestsSucceeded" : 1899,
  "numRequestsFailedForServerLoad" : 2220,
  "numRequestsFailedForNetworkLoad" : 0,
  "numRequestsSlowForServerLoad" : 384,
  "numRequestsSlowForNetworkLoad" : 0,
  "numRequestsSlowForNetworkAndServerLoad" : 0,
  "numRequestsServicedByRegion" : {
    "A" : 12,
    "B" : 267,
    "C" : 11,
    "D" : 60,
    "E" : 4,
    "F" : 3,
    "G" : 252,
    "H" : 2,
    "I" : 997,
    "J" : 64,
    "K" : 5,
    "L" : 1,
    "M" : 220,
    "N" : 1
  },
  "numRequestsFailedForDownNode" : 0
}