{
  "nodeName" : {
    "name" : "nodeJ"
  },
  "timestamp" : 389492,
  "demandEstimationWindow" : "LONG",
  "nodeComputeCapacity" : {
    "CPU" : 4.0,
    "MEMORY" : 8.0E9,
    "DISK" : 10.0,
    "TASK_CONTAINERS" : 20.0
  },
  "networkCapacity" : {
    "interface-nodeH ( nodeH )" : {
      "DATARATE_RX" : 100.0,
      "DATARATE_TX" : 100.0
    },
    "interface-nodeL ( nodeL )" : {
      "DATARATE_RX" : 100.0,
      "DATARATE_TX" : 100.0
    }
  },
  "networkLoad" : {
    "interface-nodeH ( nodeH )" : {
      "(clientPoolJ, nodeE_c07, nodeE_c07)" : {
        "AppCoordinates {com.bbn, test-service3, 1}" : {
          "DATARATE_TX" : 0.008,
          "DATARATE_RX" : 0.004
        },
        "AppCoordinates {com.bbn, test-service2, 1}" : {
          "DATARATE_TX" : 0.006,
          "DATARATE_RX" : 0.003
        }
      },
      "(clientPoolJ, nodeE_c06, nodeE_c06)" : {
        "AppCoordinates {com.bbn, test-service3, 1}" : {
          "DATARATE_TX" : 0.01,
          "DATARATE_RX" : 0.005
        }
      },
      "(clientPoolJ, nodeE_c05, nodeE_c05)" : {
        "AppCoordinates {com.bbn, test-service3, 1}" : {
          "DATARATE_TX" : 0.006,
          "DATARATE_RX" : 0.003
        }
      },
      "(clientPoolJ, nodeE_c04, nodeE_c04)" : {
        "AppCoordinates {com.bbn, test-service1, 1}" : {
          "DATARATE_TX" : 0.008,
          "DATARATE_RX" : 0.004
        }
      },
      "(clientPoolJ, nodeE_c03, nodeE_c03)" : {
        "AppCoordinates {com.bbn, test-service2, 1}" : {
          "DATARATE_TX" : 0.006,
          "DATARATE_RX" : 0.003
        }
      },
      "(clientPoolJ, nodeE_c02, nodeE_c02)" : {
        "AppCoordinates {com.bbn, test-service3, 1}" : {
          "DATARATE_TX" : 0.008,
          "DATARATE_RX" : 0.004
        }
      },
      "(clientPoolJ, nodeE_c01, nodeE_c01)" : {
        "AppCoordinates {com.bbn, test-service2, 1}" : {
          "DATARATE_TX" : 0.008,
          "DATARATE_RX" : 0.004
        }
      },
      "(clientPoolJ, nodeE_c00, nodeE_c00)" : {
        "AppCoordinates {com.bbn, test-service3, 1}" : {
          "DATARATE_TX" : 0.006,
          "DATARATE_RX" : 0.003
        },
        "AppCoordinates {com.bbn, test-service1, 1}" : {
          "DATARATE_TX" : 0.008,
          "DATARATE_RX" : 0.004
        }
      }
    },
    "interface-nodeL ( nodeL )" : { }
  },
  "networkDemand" : {
    "interface-nodeL ( nodeL )" : { },
    "interface-nodeH ( nodeH )" : {
      "(clientPoolJ, nodeE_c07, nodeE_c07)" : {
        "AppCoordinates {com.bbn, test-service3, 1}" : {
          "DATARATE_TX" : 0.007988764044943825,
          "DATARATE_RX" : 0.003994382022471913
        },
        "AppCoordinates {com.bbn, test-service2, 1}" : {
          "DATARATE_TX" : 0.005999999999999987,
          "DATARATE_RX" : 0.0029999999999999936
        }
      },
      "(clientPoolJ, nodeE_c06, nodeE_c06)" : {
        "AppCoordinates {com.bbn, test-service3, 1}" : {
          "DATARATE_TX" : 0.009999999999999908,
          "DATARATE_RX" : 0.004999999999999954
        }
      },
      "(clientPoolJ, nodeE_c05, nodeE_c05)" : {
        "AppCoordinates {com.bbn, test-service3, 1}" : {
          "DATARATE_TX" : 0.005999999999999987,
          "DATARATE_RX" : 0.0029999999999999936
        }
      },
      "(clientPoolJ, nodeE_c04, nodeE_c04)" : {
        "AppCoordinates {com.bbn, test-service1, 1}" : {
          "DATARATE_TX" : 0.008005540166204993,
          "DATARATE_RX" : 0.004002770083102496
        }
      },
      "(clientPoolJ, nodeE_c03, nodeE_c03)" : {
        "AppCoordinates {com.bbn, test-service2, 1}" : {
          "DATARATE_TX" : 0.006005540166204973,
          "DATARATE_RX" : 0.0030027700831024864
        }
      },
      "(clientPoolJ, nodeE_c02, nodeE_c02)" : {
        "AppCoordinates {com.bbn, test-service3, 1}" : {
          "DATARATE_TX" : 0.008005540166204993,
          "DATARATE_RX" : 0.004002770083102496
        }
      },
      "(clientPoolJ, nodeE_c01, nodeE_c01)" : {
        "AppCoordinates {com.bbn, test-service2, 1}" : {
          "DATARATE_TX" : 0.008000000000000005,
          "DATARATE_RX" : 0.004000000000000003
        }
      },
      "(clientPoolJ, nodeE_c00, nodeE_c00)" : {
        "AppCoordinates {com.bbn, test-service3, 1}" : {
          "DATARATE_TX" : 0.0059887640449438105,
          "DATARATE_RX" : 0.0029943820224719053
        },
        "AppCoordinates {com.bbn, test-service1, 1}" : {
          "DATARATE_TX" : 0.008000000000000005,
          "DATARATE_RX" : 0.004000000000000003
        }
      }
    }
  },
  "containerReports" : {
    "nodeJ_c08" : {
      "containerName" : {
        "name" : "nodeJ_c08"
      },
      "timestamp" : 389492,
      "service" : {
        "group" : "com.bbn",
        "artifact" : "test-service1",
        "version" : "1"
      },
      "serviceStatus" : "RUNNING",
      "demandEstimationWindow" : "LONG",
      "computeCapacity" : {
        "CPU" : 1.0,
        "TASK_CONTAINERS" : 1.0,
        "QueueLength" : 1000000.0
      },
      "computeLoad" : {
        "UNKNOWN" : {
          "QueueLength" : 0.0
        }
      },
      "computeDemand" : {
        "UNKNOWN" : {
          "QueueLength" : 0.0
        }
      },
      "averageProcessingTime" : "NaN",
      "networkCapacity" : {
        "interface-nodeJ ( nodeJ )" : {
          "DATARATE_TX" : 100.0,
          "DATARATE_RX" : 100.0
        }
      },
      "networkLoad" : {
        "interface-nodeJ ( nodeJ )" : { }
      },
      "networkDemand" : {
        "interface-nodeJ ( nodeJ )" : { }
      }
    },
    "nodeJ_c05" : {
      "containerName" : {
        "name" : "nodeJ_c05"
      },
      "timestamp" : 389492,
      "service" : {
        "group" : "com.bbn",
        "artifact" : "test-service1",
        "version" : "1"
      },
      "serviceStatus" : "RUNNING",
      "demandEstimationWindow" : "LONG",
      "computeCapacity" : {
        "CPU" : 1.0,
        "TASK_CONTAINERS" : 1.0,
        "QueueLength" : 1000000.0
      },
      "computeLoad" : {
        "UNKNOWN" : {
          "QueueLength" : 10.0,
          "TASK_CONTAINERS" : 0.9999999999999999
        }
      },
      "computeDemand" : {
        "UNKNOWN" : {
          "QueueLength" : 5.076923076923077,
          "TASK_CONTAINERS" : 0.9899999999999999
        }
      },
      "averageProcessingTime" : "NaN",
      "networkCapacity" : {
        "interface-nodeJ ( nodeJ )" : {
          "DATARATE_TX" : 100.0,
          "DATARATE_RX" : 100.0
        }
      },
      "networkLoad" : {
        "interface-nodeJ ( nodeJ )" : {
          "(clientPoolJ, nodeJ_c05, nodeJ_c05)" : {
            "AppCoordinates {com.bbn, test-service1, 1}" : {
              "DATARATE_TX" : 0.022000000000000006,
              "DATARATE_RX" : 0.011000000000000003
            }
          }
        }
      },
      "networkDemand" : {
        "interface-nodeJ ( nodeJ )" : {
          "(clientPoolJ, nodeJ_c05, nodeJ_c05)" : {
            "AppCoordinates {com.bbn, test-service1, 1}" : {
              "DATARATE_TX" : 0.021949579831932742,
              "DATARATE_RX" : 0.010974789915966371
            }
          }
        }
      }
    },
    "nodeJ_c04" : {
      "containerName" : {
        "name" : "nodeJ_c04"
      },
      "timestamp" : 389493,
      "service" : {
        "group" : "com.bbn",
        "artifact" : "test-service2",
        "version" : "1"
      },
      "serviceStatus" : "RUNNING",
      "demandEstimationWindow" : "LONG",
      "computeCapacity" : {
        "CPU" : 1.0,
        "TASK_CONTAINERS" : 1.0,
        "QueueLength" : 1000000.0
      },
      "computeLoad" : {
        "UNKNOWN" : {
          "QueueLength" : 7.0,
          "TASK_CONTAINERS" : 0.7
        }
      },
      "computeDemand" : {
        "UNKNOWN" : {
          "QueueLength" : 3.5213675213675213,
          "TASK_CONTAINERS" : 0.6924369747899174
        }
      },
      "averageProcessingTime" : "NaN",
      "networkCapacity" : {
        "interface-nodeJ ( nodeJ )" : {
          "DATARATE_TX" : 100.0,
          "DATARATE_RX" : 100.0
        }
      },
      "networkLoad" : {
        "interface-nodeJ ( nodeJ )" : {
          "(clientPoolJ, nodeJ_c04, nodeJ_c04)" : {
            "AppCoordinates {com.bbn, test-service2, 1}" : {
              "DATARATE_TX" : 0.014,
              "DATARATE_RX" : 0.007
            }
          }
        }
      },
      "networkDemand" : {
        "interface-nodeJ ( nodeJ )" : {
          "(clientPoolJ, nodeJ_c04, nodeJ_c04)" : {
            "AppCoordinates {com.bbn, test-service2, 1}" : {
              "DATARATE_TX" : 0.013966101694915264,
              "DATARATE_RX" : 0.006983050847457632
            }
          }
        }
      }
    },
    "nodeJ_c07" : {
      "containerName" : {
        "name" : "nodeJ_c07"
      },
      "timestamp" : 389494,
      "service" : {
        "group" : "com.bbn",
        "artifact" : "test-service2",
        "version" : "1"
      },
      "serviceStatus" : "RUNNING",
      "demandEstimationWindow" : "LONG",
      "computeCapacity" : {
        "CPU" : 1.0,
        "TASK_CONTAINERS" : 1.0,
        "QueueLength" : 1000000.0
      },
      "computeLoad" : {
        "UNKNOWN" : {
          "QueueLength" : 0.0
        }
      },
      "computeDemand" : {
        "UNKNOWN" : {
          "QueueLength" : 0.0
        }
      },
      "averageProcessingTime" : "NaN",
      "networkCapacity" : {
        "interface-nodeJ ( nodeJ )" : {
          "DATARATE_TX" : 100.0,
          "DATARATE_RX" : 100.0
        }
      },
      "networkLoad" : {
        "interface-nodeJ ( nodeJ )" : { }
      },
      "networkDemand" : {
        "interface-nodeJ ( nodeJ )" : { }
      }
    },
    "nodeJ_c06" : {
      "containerName" : {
        "name" : "nodeJ_c06"
      },
      "timestamp" : 389495,
      "service" : {
        "group" : "com.bbn",
        "artifact" : "test-service3",
        "version" : "1"
      },
      "serviceStatus" : "RUNNING",
      "demandEstimationWindow" : "LONG",
      "computeCapacity" : {
        "CPU" : 1.0,
        "TASK_CONTAINERS" : 1.0,
        "QueueLength" : 1000000.0
      },
      "computeLoad" : {
        "UNKNOWN" : {
          "QueueLength" : 0.0
        }
      },
      "computeDemand" : {
        "UNKNOWN" : {
          "QueueLength" : 0.0
        }
      },
      "averageProcessingTime" : "NaN",
      "networkCapacity" : {
        "interface-nodeJ ( nodeJ )" : {
          "DATARATE_TX" : 100.0,
          "DATARATE_RX" : 100.0
        }
      },
      "networkLoad" : {
        "interface-nodeJ ( nodeJ )" : { }
      },
      "networkDemand" : {
        "interface-nodeJ ( nodeJ )" : { }
      }
    },
    "nodeJ_c01" : {
      "containerName" : {
        "name" : "nodeJ_c01"
      },
      "timestamp" : 389495,
      "service" : {
        "group" : "com.bbn",
        "artifact" : "test-service2",
        "version" : "1"
      },
      "serviceStatus" : "RUNNING",
      "demandEstimationWindow" : "LONG",
      "computeCapacity" : {
        "CPU" : 1.0,
        "TASK_CONTAINERS" : 1.0,
        "QueueLength" : 1000000.0
      },
      "computeLoad" : {
        "UNKNOWN" : {
          "QueueLength" : 10.0,
          "TASK_CONTAINERS" : 0.9999999999999999
        }
      },
      "computeDemand" : {
        "UNKNOWN" : {
          "QueueLength" : 7.3312693498452015,
          "TASK_CONTAINERS" : 0.9949579831932772
        }
      },
      "averageProcessingTime" : "NaN",
      "networkCapacity" : {
        "interface-nodeJ ( nodeJ )" : {
          "DATARATE_TX" : 100.0,
          "DATARATE_RX" : 100.0
        }
      },
      "networkLoad" : {
        "interface-nodeJ ( nodeJ )" : {
          "(clientPoolJ, nodeJ_c01, nodeJ_c01)" : {
            "AppCoordinates {com.bbn, test-service2, 1}" : {
              "DATARATE_TX" : 0.06600000000000004,
              "DATARATE_RX" : 0.03300000000000002
            }
          }
        }
      },
      "networkDemand" : {
        "interface-nodeJ ( nodeJ )" : {
          "(clientPoolJ, nodeJ_c01, nodeJ_c01)" : {
            "AppCoordinates {com.bbn, test-service2, 1}" : {
              "DATARATE_TX" : 0.05279324894514763,
              "DATARATE_RX" : 0.026396624472573814
            }
          }
        }
      }
    },
    "nodeJ_c00" : {
      "containerName" : {
        "name" : "nodeJ_c00"
      },
      "timestamp" : 389496,
      "service" : {
        "group" : "com.bbn",
        "artifact" : "test-service3",
        "version" : "1"
      },
      "serviceStatus" : "RUNNING",
      "demandEstimationWindow" : "LONG",
      "computeCapacity" : {
        "CPU" : 1.0,
        "TASK_CONTAINERS" : 1.0,
        "QueueLength" : 1000000.0
      },
      "computeLoad" : {
        "UNKNOWN" : {
          "QueueLength" : 10.0,
          "TASK_CONTAINERS" : 0.9999999999999999
        }
      },
      "computeDemand" : {
        "UNKNOWN" : {
          "QueueLength" : 7.272445820433436,
          "TASK_CONTAINERS" : 0.9953389830508473
        }
      },
      "averageProcessingTime" : "NaN",
      "networkCapacity" : {
        "interface-nodeJ ( nodeJ )" : {
          "DATARATE_TX" : 100.0,
          "DATARATE_RX" : 100.0
        }
      },
      "networkLoad" : {
        "interface-nodeJ ( nodeJ )" : {
          "(clientPoolJ, nodeJ_c00, nodeJ_c00)" : {
            "AppCoordinates {com.bbn, test-service3, 1}" : {
              "DATARATE_TX" : 0.06000000000000004,
              "DATARATE_RX" : 0.03000000000000002
            }
          }
        }
      },
      "networkDemand" : {
        "interface-nodeJ ( nodeJ )" : {
          "(clientPoolJ, nodeJ_c00, nodeJ_c00)" : {
            "AppCoordinates {com.bbn, test-service3, 1}" : {
              "DATARATE_TX" : 0.04980425531914883,
              "DATARATE_RX" : 0.024902127659574416
            }
          }
        }
      }
    },
    "nodeJ_c03" : {
      "containerName" : {
        "name" : "nodeJ_c03"
      },
      "timestamp" : 389497,
      "service" : {
        "group" : "com.bbn",
        "artifact" : "test-service3",
        "version" : "1"
      },
      "serviceStatus" : "RUNNING",
      "demandEstimationWindow" : "LONG",
      "computeCapacity" : {
        "CPU" : 1.0,
        "TASK_CONTAINERS" : 1.0,
        "QueueLength" : 1000000.0
      },
      "computeLoad" : {
        "UNKNOWN" : {
          "QueueLength" : 10.0,
          "TASK_CONTAINERS" : 0.9999999999999999
        }
      },
      "computeDemand" : {
        "UNKNOWN" : {
          "QueueLength" : 4.978632478632479,
          "TASK_CONTAINERS" : 0.9872881355932203
        }
      },
      "averageProcessingTime" : "NaN",
      "networkCapacity" : {
        "interface-nodeJ ( nodeJ )" : {
          "DATARATE_TX" : 100.0,
          "DATARATE_RX" : 100.0
        }
      },
      "networkLoad" : {
        "interface-nodeJ ( nodeJ )" : {
          "(clientPoolJ, nodeJ_c03, nodeJ_c03)" : {
            "AppCoordinates {com.bbn, test-service3, 1}" : {
              "DATARATE_TX" : 0.020000000000000004,
              "DATARATE_RX" : 0.010000000000000002
            }
          }
        }
      },
      "networkDemand" : {
        "interface-nodeJ ( nodeJ )" : {
          "(clientPoolJ, nodeJ_c03, nodeJ_c03)" : {
            "AppCoordinates {com.bbn, test-service3, 1}" : {
              "DATARATE_TX" : 0.01991452991452993,
              "DATARATE_RX" : 0.009957264957264966
            }
          }
        }
      }
    },
    "nodeJ_c02" : {
      "containerName" : {
        "name" : "nodeJ_c02"
      },
      "timestamp" : 389497,
      "service" : {
        "group" : "com.bbn",
        "artifact" : "test-service1",
        "version" : "1"
      },
      "serviceStatus" : "RUNNING",
      "demandEstimationWindow" : "LONG",
      "computeCapacity" : {
        "CPU" : 1.0,
        "TASK_CONTAINERS" : 1.0,
        "QueueLength" : 1000000.0
      },
      "computeLoad" : {
        "UNKNOWN" : {
          "QueueLength" : 10.0,
          "TASK_CONTAINERS" : 0.9999999999999999
        }
      },
      "computeDemand" : {
        "UNKNOWN" : {
          "QueueLength" : 7.390092879256966,
          "TASK_CONTAINERS" : 0.9945833333333333
        }
      },
      "averageProcessingTime" : "NaN",
      "networkCapacity" : {
        "interface-nodeJ ( nodeJ )" : {
          "DATARATE_TX" : 100.0,
          "DATARATE_RX" : 100.0
        }
      },
      "networkLoad" : {
        "interface-nodeJ ( nodeJ )" : {
          "(clientPoolJ, nodeJ_c02, nodeJ_c02)" : {
            "AppCoordinates {com.bbn, test-service1, 1}" : {
              "DATARATE_TX" : 0.05800000000000004,
              "DATARATE_RX" : 0.02900000000000002
            }
          }
        }
      },
      "networkDemand" : {
        "interface-nodeJ ( nodeJ )" : {
          "(clientPoolJ, nodeJ_c02, nodeJ_c02)" : {
            "AppCoordinates {com.bbn, test-service1, 1}" : {
              "DATARATE_TX" : 0.04882008368200818,
              "DATARATE_RX" : 0.02441004184100409
            }
          }
        }
      }
    }
  },
  "maximumServiceContainers" : 20,
  "allocatedServiceContainers" : 9,
  "computeDemand" : {
    "AppCoordinates {com.bbn, test-service3, 1}" : {
      "UNKNOWN" : {
        "QueueLength" : 12.251078299065915,
        "TASK_CONTAINERS" : 1.9826271186440676
      }
    },
    "AppCoordinates {com.bbn, test-service2, 1}" : {
      "UNKNOWN" : {
        "QueueLength" : 10.852636871212724,
        "TASK_CONTAINERS" : 1.6873949579831946
      }
    },
    "AppCoordinates {com.bbn, test-service1, 1}" : {
      "UNKNOWN" : {
        "QueueLength" : 12.467015956180042,
        "TASK_CONTAINERS" : 1.9845833333333331
      }
    }
  },
  "containerNetworkLoad" : {
    "interface-nodeJ ( nodeJ )" : {
      "(clientPoolJ, nodeJ_c03, nodeJ_c03)" : {
        "AppCoordinates {com.bbn, test-service3, 1}" : {
          "DATARATE_TX" : 0.020000000000000004,
          "DATARATE_RX" : 0.010000000000000002
        }
      },
      "(clientPoolJ, nodeJ_c02, nodeJ_c02)" : {
        "AppCoordinates {com.bbn, test-service1, 1}" : {
          "DATARATE_TX" : 0.05800000000000004,
          "DATARATE_RX" : 0.02900000000000002
        }
      },
      "(clientPoolJ, nodeJ_c05, nodeJ_c05)" : {
        "AppCoordinates {com.bbn, test-service1, 1}" : {
          "DATARATE_TX" : 0.022000000000000006,
          "DATARATE_RX" : 0.011000000000000003
        }
      },
      "(clientPoolJ, nodeJ_c04, nodeJ_c04)" : {
        "AppCoordinates {com.bbn, test-service2, 1}" : {
          "DATARATE_TX" : 0.014,
          "DATARATE_RX" : 0.007
        }
      },
      "(clientPoolJ, nodeJ_c01, nodeJ_c01)" : {
        "AppCoordinates {com.bbn, test-service2, 1}" : {
          "DATARATE_TX" : 0.06600000000000004,
          "DATARATE_RX" : 0.03300000000000002
        }
      },
      "(clientPoolJ, nodeJ_c00, nodeJ_c00)" : {
        "AppCoordinates {com.bbn, test-service3, 1}" : {
          "DATARATE_TX" : 0.06000000000000004,
          "DATARATE_RX" : 0.03000000000000002
        }
      }
    }
  },
  "containerNetworkDemand" : {
    "interface-nodeJ ( nodeJ )" : {
      "(clientPoolJ, nodeJ_c03, nodeJ_c03)" : {
        "AppCoordinates {com.bbn, test-service3, 1}" : {
          "DATARATE_TX" : 0.01991452991452993,
          "DATARATE_RX" : 0.009957264957264966
        }
      },
      "(clientPoolJ, nodeJ_c02, nodeJ_c02)" : {
        "AppCoordinates {com.bbn, test-service1, 1}" : {
          "DATARATE_TX" : 0.04882008368200818,
          "DATARATE_RX" : 0.02441004184100409
        }
      },
      "(clientPoolJ, nodeJ_c05, nodeJ_c05)" : {
        "AppCoordinates {com.bbn, test-service1, 1}" : {
          "DATARATE_TX" : 0.021949579831932742,
          "DATARATE_RX" : 0.010974789915966371
        }
      },
      "(clientPoolJ, nodeJ_c04, nodeJ_c04)" : {
        "AppCoordinates {com.bbn, test-service2, 1}" : {
          "DATARATE_TX" : 0.013966101694915264,
          "DATARATE_RX" : 0.006983050847457632
        }
      },
      "(clientPoolJ, nodeJ_c01, nodeJ_c01)" : {
        "AppCoordinates {com.bbn, test-service2, 1}" : {
          "DATARATE_TX" : 0.05279324894514763,
          "DATARATE_RX" : 0.026396624472573814
        }
      },
      "(clientPoolJ, nodeJ_c00, nodeJ_c00)" : {
        "AppCoordinates {com.bbn, test-service3, 1}" : {
          "DATARATE_TX" : 0.04980425531914883,
          "DATARATE_RX" : 0.024902127659574416
        }
      }
    }
  },
  "computeLoad" : {
    "AppCoordinates {com.bbn, test-service3, 1}" : {
      "UNKNOWN" : {
        "QueueLength" : 20.0,
        "TASK_CONTAINERS" : 1.9999999999999998
      }
    },
    "AppCoordinates {com.bbn, test-service2, 1}" : {
      "UNKNOWN" : {
        "QueueLength" : 17.0,
        "TASK_CONTAINERS" : 1.6999999999999997
      }
    },
    "AppCoordinates {com.bbn, test-service1, 1}" : {
      "UNKNOWN" : {
        "QueueLength" : 20.0,
        "TASK_CONTAINERS" : 1.9999999999999998
      }
    }
  },
  "allocatedComputeCapacity" : {
    "CPU" : 9.0,
    "QueueLength" : 9000000.0,
    "TASK_CONTAINERS" : 9.0
  },
  "availableServiceContainers" : 11,
  "averageProcessingTime" : { }
}