191,1,DNS_UPDATE_SUCCEEDED
42374,85,DCOP_PLAN_PLUBLIED
42384,85,RLG_PLAN_PUBLISHED
42875,86,DNS_UPDATE_SUCCEEDED
222552,442,DCOP_PLAN_PLUBLIED
222634,442,RLG_PLAN_PUBLISHED
342542,680,DCOP_PLAN_PLUBLIED
342804,680,RLG_PLAN_PUBLISHED
342910,681,DNS_UPDATE_SUCCEEDED
462616,918,DCOP_PLAN_PLUBLIED
462980,918,RLG_PLAN_PUBLISHED
463074,919,DNS_UPDATE_SUCCEEDED
582558,1155,DCOP_PLAN_PLUBLIED
583161,1157,RLG_PLAN_PUBLISHED
583581,1158,DNS_UPDATE_SUCCEEDED
702473,1392,DCOP_PLAN_PLUBLIED
703428,1394,RLG_PLAN_PUBLISHED
703833,1395,DNS_UPDATE_SUCCEEDED
822486,1628,DCOP_PLAN_PLUBLIED
823782,1631,RLG_PLAN_PUBLISHED
824128,1632,DNS_UPDATE_SUCCEEDED
942498,1865,DCOP_PLAN_PLUBLIED
944089,1868,RLG_PLAN_PUBLISHED
944403,1869,DNS_UPDATE_SUCCEEDED
1062549,2101,DCOP_PLAN_PLUBLIED
1064394,2105,RLG_PLAN_PUBLISHED
1064732,2106,DNS_UPDATE_SUCCEEDED
1182520,2338,DCOP_PLAN_PLUBLIED
1184732,2342,RLG_PLAN_PUBLISHED
1184999,2343,DNS_UPDATE_SUCCEEDED
1302492,2574,DCOP_PLAN_PLUBLIED
1305042,2579,RLG_PLAN_PUBLISHED
1305410,2580,DNS_UPDATE_SUCCEEDED
1422538,2810,DCOP_PLAN_PLUBLIED
1425347,2816,RLG_PLAN_PUBLISHED
1425777,2817,DNS_UPDATE_SUCCEEDED
1542535,3046,DCOP_PLAN_PLUBLIED
1542656,3047,RLG_PLAN_PUBLISHED
1543045,3048,DNS_UPDATE_SUCCEEDED
1662526,3283,DCOP_PLAN_PLUBLIED
1662927,3284,RLG_PLAN_PUBLISHED
1663296,3285,DNS_UPDATE_SUCCEEDED
1782597,3519,DCOP_PLAN_PLUBLIED
1783259,3521,RLG_PLAN_PUBLISHED
1783678,3522,DNS_UPDATE_SUCCEEDED
