753,1,DNS_UPDATE_SUCCEEDED
812,2,DCOP_PLAN_PLUBLIED
829,2,RLG_PLAN_PUBLISHED
105903,212,DCOP_PLAN_PLUBLIED
108791,218,RLG_PLAN_PUBLISHED
109278,219,DNS_UPDATE_SUCCEEDED
109772,220,DNS_UPDATE_SUCCEEDED
111788,224,RLG_PLAN_PUBLISHED
112277,225,DNS_UPDATE_SUCCEEDED
162791,326,RLG_PLAN_PUBLISHED
163290,327,DNS_UPDATE_SUCCEEDED
163786,328,DNS_UPDATE_SUCCEEDED
165790,332,RLG_PLAN_PUBLISHED
165858,332,DCOP_PLAN_PLUBLIED
166289,333,DNS_UPDATE_SUCCEEDED
168793,338,RLG_PLAN_PUBLISHED
169282,339,DNS_UPDATE_SUCCEEDED
169787,340,DNS_UPDATE_SUCCEEDED
171791,344,RLG_PLAN_PUBLISHED
172284,345,DNS_UPDATE_SUCCEEDED
225866,452,DCOP_PLAN_PLUBLIED
228791,457,RLG_PLAN_PUBLISHED
228796,458,DNS_UPDATE_SUCCEEDED
285870,572,DCOP_PLAN_PLUBLIED
288792,577,RLG_PLAN_PUBLISHED
288833,578,DNS_UPDATE_SUCCEEDED
345906,692,DCOP_PLAN_PLUBLIED
348796,697,RLG_PLAN_PUBLISHED
348843,698,DNS_UPDATE_SUCCEEDED
405893,812,DCOP_PLAN_PLUBLIED
408799,817,RLG_PLAN_PUBLISHED
408867,818,DNS_UPDATE_SUCCEEDED
465914,932,DCOP_PLAN_PLUBLIED
468803,937,RLG_PLAN_PUBLISHED
468884,938,DNS_UPDATE_SUCCEEDED
525895,1051,DCOP_PLAN_PLUBLIED
528810,1057,RLG_PLAN_PUBLISHED
528901,1058,DNS_UPDATE_SUCCEEDED
585812,1171,RLG_PLAN_PUBLISHED
585890,1171,DCOP_PLAN_PLUBLIED
585929,1172,DNS_UPDATE_SUCCEEDED
586429,1173,DNS_UPDATE_SUCCEEDED
588811,1177,RLG_PLAN_PUBLISHED
588928,1178,DNS_UPDATE_SUCCEEDED
630004,1260,DCOP_PLAN_PLUBLIED
