{
  "nodeName" : {
    "name" : "nodeC"
  },
  "timestamp" : 278498,
  "demandEstimationWindow" : "SHORT",
  "nodeComputeCapacity" : {
    "CPU" : 4.0,
    "MEMORY" : 8.0E9,
    "DISK" : 10.0,
    "TASK_CONTAINERS" : 20.0
  },
  "networkCapacity" : {
    "interface-nodeD ( nodeD )" : {
      "DATARATE_RX" : 100.0,
      "DATARATE_TX" : 100.0
    }
  },
  "networkLoad" : {
    "interface-nodeD ( nodeD )" : { }
  },
  "networkDemand" : {
    "interface-nodeD ( nodeD )" : { }
  },
  "containerReports" : { },
  "maximumServiceContainers" : 20,
  "allocatedServiceContainers" : 0,
  "computeDemand" : { },
  "containerNetworkLoad" : { },
  "containerNetworkDemand" : { },
  "computeLoad" : { },
  "availableServiceContainers" : 20,
  "averageProcessingTime" : { },
  "allocatedComputeCapacity" : { }
}