{
  "region" : {
    "name" : "A"
  },
  "minTimestamp" : 135999,
  "maxTimestamp" : 135999,
  "demandEstimationWindow" : "LONG",
  "serverCapacity" : {
    "DISK" : 10.0,
    "MEMORY" : 8.0E9,
    "CPU" : 4.0,
    "TASK_CONTAINERS" : 20.0
  },
  "serverLoad" : {
    "AppCoordinates {com.bbn, test-service3, 1}" : {
      "unknown" : {
        "QueueLength" : 299.0,
        "TASK_CONTAINERS" : 149.5
      }
    },
    "AppCoordinates {com.bbn, test-service2, 1}" : {
      "unknown" : {
        "QueueLength" : 47.0,
        "TASK_CONTAINERS" : 23.5
      }
    }
  },
  "serverDemand" : {
    "AppCoordinates {com.bbn, test-service3, 1}" : {
      "unknown" : {
        "QueueLength" : 176.77472527472526,
        "TASK_CONTAINERS" : 117.30592105263158
      }
    },
    "AppCoordinates {com.bbn, test-service2, 1}" : {
      "unknown" : {
        "QueueLength" : 40.839285714285715,
        "TASK_CONTAINERS" : 21.175925925925927
      }
    }
  },
  "serverAverageProcessingTimeCount" : { },
  "serverAverageProcessingTimeSum" : { },
  "networkCapacity" : {
    "F" : {
      "DATARATE_RX" : 100.0,
      "DATARATE_TX" : 100.0
    },
    "H" : {
      "DATARATE_RX" : 100.0,
      "DATARATE_TX" : 100.0
    },
    "I" : {
      "DATARATE_RX" : 100.0,
      "DATARATE_TX" : 100.0
    },
    "J" : {
      "DATARATE_RX" : 100.0,
      "DATARATE_TX" : 100.0
    },
    "L" : {
      "DATARATE_RX" : 100.0,
      "DATARATE_TX" : 100.0
    }
  },
  "networkLoad" : {
    "F" : {
      "(A, F, F)" : {
        "AppCoordinates {com.bbn, test-service2, 1}" : {
          "DATARATE_TX" : 1.2799999999999983E-4,
          "DATARATE_RX" : 6.399999999999992E-5
        }
      }
    },
    "H" : { },
    "I" : { },
    "J" : { },
    "L" : {
      "(A, O, O)" : {
        "AppCoordinates {com.bbn, test-service3, 1}" : {
          "DATARATE_TX" : -1.5246593050577406E-20,
          "DATARATE_RX" : -7.623296525288703E-21
        },
        "AppCoordinates {com.bbn, test-service2, 1}" : {
          "DATARATE_TX" : 2.059999999999998E-4,
          "DATARATE_RX" : 1.029999999999999E-4
        },
        "AppCoordinates {com.bbn, test-service1, 1}" : {
          "DATARATE_TX" : 4.0199999999999947E-4,
          "DATARATE_RX" : 2.0099999999999974E-4
        }
      }
    }
  },
  "networkDemand" : {
    "F" : {
      "(A, F, F)" : {
        "AppCoordinates {com.bbn, test-service2, 1}" : {
          "DATARATE_TX" : 1.099622641509432E-4,
          "DATARATE_RX" : 5.49811320754716E-5
        }
      }
    },
    "H" : { },
    "I" : { },
    "J" : { },
    "L" : {
      "(A, O, O)" : {
        "AppCoordinates {com.bbn, test-service3, 1}" : {
          "DATARATE_TX" : 2.2496966537112494E-4,
          "DATARATE_RX" : 1.1248483268556247E-4
        },
        "AppCoordinates {com.bbn, test-service2, 1}" : {
          "DATARATE_TX" : 2.31237283674409E-4,
          "DATARATE_RX" : 1.156186418372045E-4
        },
        "AppCoordinates {com.bbn, test-service1, 1}" : {
          "DATARATE_TX" : 4.987257442431017E-4,
          "DATARATE_RX" : 2.4936287212155086E-4
        }
      }
    }
  },
  "maximumServiceContainers" : 20,
  "allocatedServiceContainers" : 4,
  "serverAverageProcessingTime" : { },
  "availableServiceContainers" : 16,
  "nullSummary" : false
}