{
  "region" : {
    "name" : "C"
  },
  "timestamp" : 153607,
  "servicePlan" : {
    "nodeC" : [ {
      "id" : {
        "name" : "nodeC_c01"
      },
      "service" : {
        "group" : "com.bbn",
        "artifact" : "test-service3",
        "version" : "1"
      },
      "weight" : 1.0,
      "stopTrafficTo" : false,
      "stop" : false
    }, {
      "id" : {
        "name" : "nodeC_c00"
      },
      "service" : {
        "group" : "com.bbn",
        "artifact" : "test-service3",
        "version" : "1"
      },
      "weight" : 1.0,
      "stopTrafficTo" : false,
      "stop" : false
    } ]
  },
  "overflowPlan" : {
    "AppCoordinates {com.bbn, test-service3, 1}" : {
      "A" : 0.0,
      "E" : 0.3590608950843726,
      "J" : 0.0,
      "C" : 0.6409391049156274
    },
    "AppCoordinates {com.bbn, test-service2, 1}" : {
      "A" : 0.7041462675020541,
      "E" : 0.09036969631555956,
      "J" : 0.20548403618238625,
      "C" : 0.0
    },
    "AppCoordinates {com.bbn, test-service1, 1}" : {
      "A" : 1.0,
      "E" : 0.0,
      "J" : 0.0,
      "C" : 0.0
    }
  }
}