{
  "region" : {
    "name" : "B"
  },
  "nodeResourceReports" : [ {
    "nodeName" : {
      "name" : "nodeB"
    },
    "timestamp" : 124472,
    "demandEstimationWindow" : "SHORT",
    "nodeComputeCapacity" : {
      "CPU" : 4.0,
      "MEMORY" : 8.0E9,
      "DISK" : 10.0,
      "TASK_CONTAINERS" : 20.0
    },
    "networkCapacity" : {
      "interface-nodeD ( nodeD )" : {
        "DATARATE_RX" : 100.0,
        "DATARATE_TX" : 100.0
      },
      "interface-nodeI ( nodeI )" : {
        "DATARATE_RX" : 100.0,
        "DATARATE_TX" : 100.0
      },
      "interface-nodeF ( nodeF )" : {
        "DATARATE_RX" : 100.0,
        "DATARATE_TX" : 100.0
      },
      "interface-nodeG ( nodeG )" : {
        "DATARATE_RX" : 100.0,
        "DATARATE_TX" : 100.0
      }
    },
    "networkLoad" : {
      "interface-nodeD ( nodeD )" : { },
      "interface-nodeI ( nodeI )" : { },
      "interface-nodeF ( nodeF )" : { },
      "interface-nodeG ( nodeG )" : { }
    },
    "networkDemand" : {
      "interface-nodeD ( nodeD )" : { },
      "interface-nodeI ( nodeI )" : { },
      "interface-nodeG ( nodeG )" : { },
      "interface-nodeF ( nodeF )" : { }
    },
    "containerReports" : {
      "nodeB_c00" : {
        "containerName" : {
          "name" : "nodeB_c00"
        },
        "timestamp" : 124472,
        "service" : {
          "group" : "com.bbn",
          "artifact" : "test-service2",
          "version" : "1"
        },
        "serviceStatus" : "RUNNING",
        "demandEstimationWindow" : "SHORT",
        "computeCapacity" : {
          "CPU" : 1.0,
          "TASK_CONTAINERS" : 100.0,
          "QueueLength" : 1000000.0
        },
        "computeLoad" : {
          "UNKNOWN" : {
            "QueueLength" : 0.0
          }
        },
        "computeDemand" : {
          "UNKNOWN" : {
            "QueueLength" : 0.0
          }
        },
        "averageProcessingTime" : "NaN",
        "networkCapacity" : {
          "interface-nodeB ( nodeB )" : {
            "DATARATE_TX" : 100.0,
            "DATARATE_RX" : 100.0
          }
        },
        "networkLoad" : {
          "interface-nodeB ( nodeB )" : { }
        },
        "networkDemand" : {
          "interface-nodeB ( nodeB )" : { }
        }
      }
    },
    "maximumServiceContainers" : 20,
    "allocatedServiceContainers" : 1,
    "computeDemand" : {
      "AppCoordinates {com.bbn, test-service2, 1}" : {
        "UNKNOWN" : {
          "QueueLength" : 0.0
        }
      }
    },
    "containerNetworkLoad" : {
      "interface-nodeB ( nodeB )" : { }
    },
    "containerNetworkDemand" : {
      "interface-nodeB ( nodeB )" : { }
    },
    "computeLoad" : {
      "AppCoordinates {com.bbn, test-service2, 1}" : {
        "UNKNOWN" : {
          "QueueLength" : 0.0
        }
      }
    },
    "availableServiceContainers" : 19,
    "averageProcessingTime" : { },
    "allocatedComputeCapacity" : {
      "CPU" : 1.0,
      "QueueLength" : 1000000.0,
      "TASK_CONTAINERS" : 100.0
    }
  } ]
}