{
  "region" : {
    "name" : "E"
  },
  "nodeResourceReports" : [ {
    "nodeName" : {
      "name" : "nodeE"
    },
    "timestamp" : 40479,
    "demandEstimationWindow" : "SHORT",
    "nodeComputeCapacity" : {
      "CPU" : 4.0,
      "MEMORY" : 8.0E9,
      "DISK" : 10.0,
      "TASK_CONTAINERS" : 20.0
    },
    "networkCapacity" : {
      "interface-nodeD ( nodeD )" : {
        "DATARATE_RX" : 100.0,
        "DATARATE_TX" : 100.0
      },
      "interface-nodeJ ( nodeJ )" : {
        "DATARATE_RX" : 100.0,
        "DATARATE_TX" : 100.0
      }
    },
    "networkLoad" : {
      "interface-nodeD ( nodeD )" : {
        "(clientPoolJ, nodeD_c01, nodeD_c01)" : {
          "AppCoordinates {com.bbn, test-service2, 1}" : {
            "DATARATE_TX" : 8.199999999999996E-5,
            "DATARATE_RX" : 4.099999999999998E-5
          }
        },
        "(clientPoolJ, nodeD_c00, nodeD_c00)" : {
          "AppCoordinates {com.bbn, test-service1, 1}" : {
            "DATARATE_TX" : 1.3199999999999982E-4,
            "DATARATE_RX" : 6.599999999999991E-5
          }
        },
        "(clientPoolJ, nodeD_c03, nodeD_c03)" : {
          "AppCoordinates {com.bbn, test-service1, 1}" : {
            "DATARATE_TX" : 1.359999999999998E-4,
            "DATARATE_RX" : 6.79999999999999E-5
          }
        },
        "(clientPoolJ, nodeD_c04, nodeD_c04)" : {
          "AppCoordinates {com.bbn, test-service1, 1}" : {
            "DATARATE_TX" : 1.2999999999999983E-4,
            "DATARATE_RX" : 6.499999999999991E-5
          }
        }
      },
      "interface-nodeJ ( nodeJ )" : {
        "(nodeD_c01, clientPoolJ, nodeD_c01)" : {
          "AppCoordinates {com.bbn, test-service2, 1}" : {
            "DATARATE_TX" : 4.099999999999998E-5,
            "DATARATE_RX" : 8.199999999999996E-5
          }
        },
        "(nodeD_c00, clientPoolJ, nodeD_c00)" : {
          "AppCoordinates {com.bbn, test-service1, 1}" : {
            "DATARATE_TX" : 6.599999999999991E-5,
            "DATARATE_RX" : 1.3199999999999982E-4
          }
        },
        "(nodeD_c03, clientPoolJ, nodeD_c03)" : {
          "AppCoordinates {com.bbn, test-service1, 1}" : {
            "DATARATE_TX" : 6.79999999999999E-5,
            "DATARATE_RX" : 1.359999999999998E-4
          }
        },
        "(nodeD_c04, clientPoolJ, nodeD_c04)" : {
          "AppCoordinates {com.bbn, test-service1, 1}" : {
            "DATARATE_TX" : 6.499999999999991E-5,
            "DATARATE_RX" : 1.2999999999999983E-4
          }
        }
      }
    },
    "networkDemand" : {
      "interface-nodeD ( nodeD )" : {
        "(clientPoolJ, nodeD_c01, nodeD_c01)" : {
          "AppCoordinates {com.bbn, test-service2, 1}" : {
            "DATARATE_TX" : 5.999999999999998E-5,
            "DATARATE_RX" : 2.999999999999999E-5
          }
        },
        "(clientPoolJ, nodeD_c00, nodeD_c00)" : {
          "AppCoordinates {com.bbn, test-service1, 1}" : {
            "DATARATE_TX" : 1.3199999999999982E-4,
            "DATARATE_RX" : 6.599999999999991E-5
          }
        },
        "(clientPoolJ, nodeD_c03, nodeD_c03)" : {
          "AppCoordinates {com.bbn, test-service1, 1}" : {
            "DATARATE_TX" : 1.359999999999998E-4,
            "DATARATE_RX" : 6.79999999999999E-5
          }
        },
        "(clientPoolJ, nodeD_c04, nodeD_c04)" : {
          "AppCoordinates {com.bbn, test-service1, 1}" : {
            "DATARATE_TX" : 8.599999999999992E-5,
            "DATARATE_RX" : 4.299999999999996E-5
          }
        }
      },
      "interface-nodeJ ( nodeJ )" : {
        "(nodeD_c01, clientPoolJ, nodeD_c01)" : {
          "AppCoordinates {com.bbn, test-service2, 1}" : {
            "DATARATE_TX" : 2.999999999999999E-5,
            "DATARATE_RX" : 5.999999999999998E-5
          }
        },
        "(nodeD_c00, clientPoolJ, nodeD_c00)" : {
          "AppCoordinates {com.bbn, test-service1, 1}" : {
            "DATARATE_TX" : 6.599999999999991E-5,
            "DATARATE_RX" : 1.3199999999999982E-4
          }
        },
        "(nodeD_c03, clientPoolJ, nodeD_c03)" : {
          "AppCoordinates {com.bbn, test-service1, 1}" : {
            "DATARATE_TX" : 6.79999999999999E-5,
            "DATARATE_RX" : 1.359999999999998E-4
          }
        },
        "(nodeD_c04, clientPoolJ, nodeD_c04)" : {
          "AppCoordinates {com.bbn, test-service1, 1}" : {
            "DATARATE_TX" : 4.299999999999996E-5,
            "DATARATE_RX" : 8.599999999999992E-5
          }
        }
      }
    },
    "containerReports" : { },
    "maximumServiceContainers" : 20,
    "allocatedServiceContainers" : 0,
    "computeDemand" : { },
    "containerNetworkLoad" : { },
    "containerNetworkDemand" : { },
    "computeLoad" : { },
    "availableServiceContainers" : 20,
    "averageProcessingTime" : { },
    "allocatedComputeCapacity" : { }
  } ]
}