{
  "nodeName" : {
    "name" : "nodeE"
  },
  "timestamp" : 40979,
  "demandEstimationWindow" : "SHORT",
  "nodeComputeCapacity" : {
    "CPU" : 4.0,
    "MEMORY" : 8.0E9,
    "DISK" : 10.0,
    "TASK_CONTAINERS" : 20.0
  },
  "networkCapacity" : {
    "interface-nodeD ( nodeD )" : {
      "DATARATE_RX" : 100.0,
      "DATARATE_TX" : 100.0
    },
    "interface-nodeJ ( nodeJ )" : {
      "DATARATE_RX" : 100.0,
      "DATARATE_TX" : 100.0
    }
  },
  "networkLoad" : {
    "interface-nodeD ( nodeD )" : {
      "(clientPoolJ, nodeD_c01, nodeD_c01)" : {
        "AppCoordinates {com.bbn, test-service2, 1}" : {
          "DATARATE_TX" : 1.2399999999999984E-4,
          "DATARATE_RX" : 6.199999999999992E-5
        }
      },
      "(clientPoolJ, nodeD_c00, nodeD_c00)" : {
        "AppCoordinates {com.bbn, test-service1, 1}" : {
          "DATARATE_TX" : 1.3199999999999982E-4,
          "DATARATE_RX" : 6.599999999999991E-5
        }
      },
      "(clientPoolJ, nodeD_c03, nodeD_c03)" : {
        "AppCoordinates {com.bbn, test-service1, 1}" : {
          "DATARATE_TX" : 1.359999999999998E-4,
          "DATARATE_RX" : 6.79999999999999E-5
        }
      },
      "(clientPoolJ, nodeD_c04, nodeD_c04)" : {
        "AppCoordinates {com.bbn, test-service1, 1}" : {
          "DATARATE_TX" : 1.2999999999999983E-4,
          "DATARATE_RX" : 6.499999999999991E-5
        }
      }
    },
    "interface-nodeJ ( nodeJ )" : {
      "(nodeD_c01, clientPoolJ, nodeD_c01)" : {
        "AppCoordinates {com.bbn, test-service2, 1}" : {
          "DATARATE_TX" : 6.199999999999992E-5,
          "DATARATE_RX" : 1.2399999999999984E-4
        }
      },
      "(nodeD_c00, clientPoolJ, nodeD_c00)" : {
        "AppCoordinates {com.bbn, test-service1, 1}" : {
          "DATARATE_TX" : 6.599999999999991E-5,
          "DATARATE_RX" : 1.3199999999999982E-4
        }
      },
      "(nodeD_c03, clientPoolJ, nodeD_c03)" : {
        "AppCoordinates {com.bbn, test-service1, 1}" : {
          "DATARATE_TX" : 6.79999999999999E-5,
          "DATARATE_RX" : 1.359999999999998E-4
        }
      },
      "(nodeD_c04, clientPoolJ, nodeD_c04)" : {
        "AppCoordinates {com.bbn, test-service1, 1}" : {
          "DATARATE_TX" : 6.499999999999991E-5,
          "DATARATE_RX" : 1.2999999999999983E-4
        }
      }
    }
  },
  "networkDemand" : {
    "interface-nodeD ( nodeD )" : {
      "(clientPoolJ, nodeD_c01, nodeD_c01)" : {
        "AppCoordinates {com.bbn, test-service2, 1}" : {
          "DATARATE_TX" : 8.133333333333327E-5,
          "DATARATE_RX" : 4.0666666666666634E-5
        }
      },
      "(clientPoolJ, nodeD_c00, nodeD_c00)" : {
        "AppCoordinates {com.bbn, test-service1, 1}" : {
          "DATARATE_TX" : 1.3199999999999982E-4,
          "DATARATE_RX" : 6.599999999999991E-5
        }
      },
      "(clientPoolJ, nodeD_c03, nodeD_c03)" : {
        "AppCoordinates {com.bbn, test-service1, 1}" : {
          "DATARATE_TX" : 1.359999999999998E-4,
          "DATARATE_RX" : 6.79999999999999E-5
        }
      },
      "(clientPoolJ, nodeD_c04, nodeD_c04)" : {
        "AppCoordinates {com.bbn, test-service1, 1}" : {
          "DATARATE_TX" : 1.0257142857142847E-4,
          "DATARATE_RX" : 5.1285714285714236E-5
        }
      }
    },
    "interface-nodeJ ( nodeJ )" : {
      "(nodeD_c01, clientPoolJ, nodeD_c01)" : {
        "AppCoordinates {com.bbn, test-service2, 1}" : {
          "DATARATE_TX" : 4.0666666666666634E-5,
          "DATARATE_RX" : 8.133333333333327E-5
        }
      },
      "(nodeD_c00, clientPoolJ, nodeD_c00)" : {
        "AppCoordinates {com.bbn, test-service1, 1}" : {
          "DATARATE_TX" : 6.599999999999991E-5,
          "DATARATE_RX" : 1.3199999999999982E-4
        }
      },
      "(nodeD_c03, clientPoolJ, nodeD_c03)" : {
        "AppCoordinates {com.bbn, test-service1, 1}" : {
          "DATARATE_TX" : 6.79999999999999E-5,
          "DATARATE_RX" : 1.359999999999998E-4
        }
      },
      "(nodeD_c04, clientPoolJ, nodeD_c04)" : {
        "AppCoordinates {com.bbn, test-service1, 1}" : {
          "DATARATE_TX" : 5.1285714285714236E-5,
          "DATARATE_RX" : 1.0257142857142847E-4
        }
      }
    }
  },
  "containerReports" : { },
  "maximumServiceContainers" : 20,
  "allocatedServiceContainers" : 0,
  "computeDemand" : { },
  "containerNetworkLoad" : { },
  "containerNetworkDemand" : { },
  "computeLoad" : { },
  "availableServiceContainers" : 20,
  "averageProcessingTime" : { },
  "allocatedComputeCapacity" : { }
}