{
  "region" : {
    "name" : "E"
  },
  "minTimestamp" : 40479,
  "maxTimestamp" : 40479,
  "demandEstimationWindow" : "SHORT",
  "serverCapacity" : {
    "DISK" : 10.0,
    "MEMORY" : 8.0E9,
    "CPU" : 4.0,
    "TASK_CONTAINERS" : 20.0
  },
  "serverLoad" : { },
  "serverDemand" : { },
  "serverAverageProcessingTimeCount" : { },
  "serverAverageProcessingTimeSum" : { },
  "networkCapacity" : {
    "D" : {
      "DATARATE_RX" : 100.0,
      "DATARATE_TX" : 100.0
    },
    "J" : {
      "DATARATE_RX" : 100.0,
      "DATARATE_TX" : 100.0
    }
  },
  "networkLoad" : {
    "D" : {
      "(J, D, D)" : {
        "AppCoordinates {com.bbn, test-service2, 1}" : {
          "DATARATE_TX" : 8.199999999999996E-5,
          "DATARATE_RX" : 4.099999999999998E-5
        },
        "AppCoordinates {com.bbn, test-service1, 1}" : {
          "DATARATE_TX" : 3.979999999999995E-4,
          "DATARATE_RX" : 1.9899999999999974E-4
        }
      }
    },
    "J" : {
      "(D, J, D)" : {
        "AppCoordinates {com.bbn, test-service2, 1}" : {
          "DATARATE_TX" : 4.099999999999998E-5,
          "DATARATE_RX" : 8.199999999999996E-5
        },
        "AppCoordinates {com.bbn, test-service1, 1}" : {
          "DATARATE_TX" : 1.9899999999999974E-4,
          "DATARATE_RX" : 3.979999999999995E-4
        }
      }
    }
  },
  "networkDemand" : {
    "D" : {
      "(J, D, D)" : {
        "AppCoordinates {com.bbn, test-service2, 1}" : {
          "DATARATE_TX" : 5.999999999999998E-5,
          "DATARATE_RX" : 2.999999999999999E-5
        },
        "AppCoordinates {com.bbn, test-service1, 1}" : {
          "DATARATE_TX" : 3.5399999999999955E-4,
          "DATARATE_RX" : 1.7699999999999978E-4
        }
      }
    },
    "J" : {
      "(D, J, D)" : {
        "AppCoordinates {com.bbn, test-service2, 1}" : {
          "DATARATE_TX" : 2.999999999999999E-5,
          "DATARATE_RX" : 5.999999999999998E-5
        },
        "AppCoordinates {com.bbn, test-service1, 1}" : {
          "DATARATE_TX" : 1.7699999999999978E-4,
          "DATARATE_RX" : 3.5399999999999955E-4
        }
      }
    }
  },
  "maximumServiceContainers" : 20,
  "allocatedServiceContainers" : 0,
  "serverAverageProcessingTime" : { },
  "availableServiceContainers" : 20,
  "nullSummary" : false
}