{
  "nodeName" : {
    "name" : "nodeA"
  },
  "timestamp" : 61999,
  "demandEstimationWindow" : "LONG",
  "nodeComputeCapacity" : {
    "CPU" : 8.0,
    "MEMORY" : 1.6E10,
    "DISK" : 10.0,
    "TASK_CONTAINERS" : 8.0
  },
  "networkCapacity" : {
    "interface-nodeE ( nodeE )" : {
      "DATARATE_RX" : 100.0,
      "DATARATE_TX" : 100.0
    },
    "interface-nodeF ( nodeF )" : {
      "DATARATE_RX" : 100.0,
      "DATARATE_TX" : 100.0
    },
    "interface-nodeG ( nodeG )" : {
      "DATARATE_RX" : 100.0,
      "DATARATE_TX" : 100.0
    },
    "interface-nodeJ ( nodeJ )" : {
      "DATARATE_RX" : 100.0,
      "DATARATE_TX" : 100.0
    }
  },
  "networkLoad" : {
    "interface-nodeE ( nodeE )" : { },
    "interface-nodeF ( nodeF )" : {
      "(nodeA_c00, clientPoolO, nodeA_c00)" : {
        "AppCoordinates {com.bbn, test-service1, 1}" : {
          "DATARATE_TX" : 6.699999999999991E-5,
          "DATARATE_RX" : 1.3399999999999981E-4
        }
      },
      "(nodeA_c01, clientPoolO, nodeA_c01)" : {
        "AppCoordinates {com.bbn, test-service2, 1}" : {
          "DATARATE_TX" : 6.79999999999999E-5,
          "DATARATE_RX" : 1.359999999999998E-4
        }
      },
      "(nodeA_c00, clientPoolN, nodeA_c00)" : {
        "AppCoordinates {com.bbn, test-service1, 1}" : {
          "DATARATE_TX" : 6.699999999999991E-5,
          "DATARATE_RX" : 1.3399999999999981E-4
        }
      },
      "(nodeA_c02, clientPoolO, nodeA_c02)" : {
        "AppCoordinates {com.bbn, test-service3, 1}" : {
          "DATARATE_TX" : 6.79999999999999E-5,
          "DATARATE_RX" : 1.359999999999998E-4
        }
      },
      "(nodeA_c01, clientPoolN, nodeA_c01)" : {
        "AppCoordinates {com.bbn, test-service2, 1}" : {
          "DATARATE_TX" : 6.599999999999991E-5,
          "DATARATE_RX" : 1.3199999999999982E-4
        }
      },
      "(nodeA_c02, clientPoolN, nodeA_c02)" : {
        "AppCoordinates {com.bbn, test-service3, 1}" : {
          "DATARATE_TX" : 6.499999999999991E-5,
          "DATARATE_RX" : 1.2999999999999983E-4
        }
      },
      "(nodeA_c03, clientPoolO, nodeA_c03)" : {
        "AppCoordinates {com.bbn, test-service1, 1}" : {
          "DATARATE_TX" : 7.599999999999988E-5,
          "DATARATE_RX" : 1.5199999999999976E-4
        }
      },
      "(nodeA_c04, clientPoolO, nodeA_c04)" : {
        "AppCoordinates {com.bbn, test-service3, 1}" : {
          "DATARATE_TX" : 3.8999999999999986E-5,
          "DATARATE_RX" : 7.799999999999997E-5
        }
      },
      "(nodeA_c03, clientPoolN, nodeA_c03)" : {
        "AppCoordinates {com.bbn, test-service1, 1}" : {
          "DATARATE_TX" : 5.899999999999993E-5,
          "DATARATE_RX" : 1.1799999999999986E-4
        }
      },
      "(nodeA_c04, clientPoolN, nodeA_c04)" : {
        "AppCoordinates {com.bbn, test-service3, 1}" : {
          "DATARATE_TX" : 4.699999999999996E-5,
          "DATARATE_RX" : 9.399999999999993E-5
        }
      },
      "(nodeA_c05, clientPoolO, nodeA_c05)" : {
        "AppCoordinates {com.bbn, test-service2, 1}" : {
          "DATARATE_TX" : 6.89999999999999E-5,
          "DATARATE_RX" : 1.379999999999998E-4
        }
      },
      "(nodeA_c06, clientPoolO, nodeA_c06)" : {
        "AppCoordinates {com.bbn, test-service2, 1}" : {
          "DATARATE_TX" : 6.499999999999991E-5,
          "DATARATE_RX" : 1.2999999999999983E-4
        }
      },
      "(nodeA_c05, clientPoolN, nodeA_c05)" : {
        "AppCoordinates {com.bbn, test-service2, 1}" : {
          "DATARATE_TX" : 5.6999999999999935E-5,
          "DATARATE_RX" : 1.1399999999999987E-4
        }
      },
      "(nodeA_c07, clientPoolO, nodeA_c07)" : {
        "AppCoordinates {com.bbn, test-service2, 1}" : {
          "DATARATE_TX" : 1.0E-5,
          "DATARATE_RX" : 2.0E-5
        }
      },
      "(nodeA_c06, clientPoolN, nodeA_c06)" : {
        "AppCoordinates {com.bbn, test-service2, 1}" : {
          "DATARATE_TX" : 5.999999999999993E-5,
          "DATARATE_RX" : 1.1999999999999985E-4
        }
      },
      "(nodeA_c07, clientPoolN, nodeA_c07)" : {
        "AppCoordinates {com.bbn, test-service2, 1}" : {
          "DATARATE_TX" : 1.1000000000000001E-5,
          "DATARATE_RX" : 2.2000000000000003E-5
        }
      }
    },
    "interface-nodeG ( nodeG )" : {
      "(nodeA_c07, clientPoolG, nodeA_c07)" : {
        "AppCoordinates {com.bbn, test-service2, 1}" : {
          "DATARATE_TX" : 9.0E-6,
          "DATARATE_RX" : 1.8E-5
        }
      },
      "(nodeA_c00, clientPoolG, nodeA_c00)" : {
        "AppCoordinates {com.bbn, test-service1, 1}" : {
          "DATARATE_TX" : 6.599999999999991E-5,
          "DATARATE_RX" : 1.3199999999999982E-4
        }
      },
      "(nodeA_c01, clientPoolG, nodeA_c01)" : {
        "AppCoordinates {com.bbn, test-service2, 1}" : {
          "DATARATE_TX" : 6.599999999999991E-5,
          "DATARATE_RX" : 1.3199999999999982E-4
        }
      },
      "(nodeA_c02, clientPoolG, nodeA_c02)" : {
        "AppCoordinates {com.bbn, test-service3, 1}" : {
          "DATARATE_TX" : 6.699999999999991E-5,
          "DATARATE_RX" : 1.3399999999999981E-4
        }
      },
      "(nodeA_c03, clientPoolG, nodeA_c03)" : {
        "AppCoordinates {com.bbn, test-service1, 1}" : {
          "DATARATE_TX" : 6.499999999999991E-5,
          "DATARATE_RX" : 1.2999999999999983E-4
        }
      },
      "(nodeA_c04, clientPoolG, nodeA_c04)" : {
        "AppCoordinates {com.bbn, test-service3, 1}" : {
          "DATARATE_TX" : 3.999999999999998E-5,
          "DATARATE_RX" : 7.999999999999997E-5
        }
      },
      "(nodeA_c05, clientPoolG, nodeA_c05)" : {
        "AppCoordinates {com.bbn, test-service2, 1}" : {
          "DATARATE_TX" : 7.399999999999989E-5,
          "DATARATE_RX" : 1.4799999999999978E-4
        }
      },
      "(nodeA_c06, clientPoolG, nodeA_c06)" : {
        "AppCoordinates {com.bbn, test-service2, 1}" : {
          "DATARATE_TX" : 7.499999999999989E-5,
          "DATARATE_RX" : 1.4999999999999977E-4
        }
      }
    },
    "interface-nodeJ ( nodeJ )" : { }
  },
  "networkDemand" : {
    "interface-nodeE ( nodeE )" : { },
    "interface-nodeJ ( nodeJ )" : { },
    "interface-nodeG ( nodeG )" : {
      "(nodeA_c07, clientPoolG, nodeA_c07)" : {
        "AppCoordinates {com.bbn, test-service2, 1}" : {
          "DATARATE_TX" : 8.920000000000001E-6,
          "DATARATE_RX" : 1.7840000000000002E-5
        }
      },
      "(nodeA_c00, clientPoolG, nodeA_c00)" : {
        "AppCoordinates {com.bbn, test-service1, 1}" : {
          "DATARATE_TX" : 6.451562499999998E-5,
          "DATARATE_RX" : 1.2903124999999997E-4
        }
      },
      "(nodeA_c01, clientPoolG, nodeA_c01)" : {
        "AppCoordinates {com.bbn, test-service2, 1}" : {
          "DATARATE_TX" : 6.406818181818175E-5,
          "DATARATE_RX" : 1.281363636363635E-4
        }
      },
      "(nodeA_c02, clientPoolG, nodeA_c02)" : {
        "AppCoordinates {com.bbn, test-service3, 1}" : {
          "DATARATE_TX" : 6.362499999999993E-5,
          "DATARATE_RX" : 1.2724999999999987E-4
        }
      },
      "(nodeA_c03, clientPoolG, nodeA_c03)" : {
        "AppCoordinates {com.bbn, test-service1, 1}" : {
          "DATARATE_TX" : 6.199999999999995E-5,
          "DATARATE_RX" : 1.239999999999999E-4
        }
      },
      "(nodeA_c04, clientPoolG, nodeA_c04)" : {
        "AppCoordinates {com.bbn, test-service3, 1}" : {
          "DATARATE_TX" : 3.1999999999999985E-5,
          "DATARATE_RX" : 6.399999999999997E-5
        }
      },
      "(nodeA_c05, clientPoolG, nodeA_c05)" : {
        "AppCoordinates {com.bbn, test-service2, 1}" : {
          "DATARATE_TX" : 6.932432432432421E-5,
          "DATARATE_RX" : 1.3864864864864842E-4
        }
      },
      "(nodeA_c06, clientPoolG, nodeA_c06)" : {
        "AppCoordinates {com.bbn, test-service2, 1}" : {
          "DATARATE_TX" : 6.832258064516123E-5,
          "DATARATE_RX" : 1.3664516129032245E-4
        }
      }
    },
    "interface-nodeF ( nodeF )" : {
      "(nodeA_c00, clientPoolO, nodeA_c00)" : {
        "AppCoordinates {com.bbn, test-service1, 1}" : {
          "DATARATE_TX" : 6.551562499999989E-5,
          "DATARATE_RX" : 1.3103124999999977E-4
        }
      },
      "(nodeA_c00, clientPoolN, nodeA_c00)" : {
        "AppCoordinates {com.bbn, test-service1, 1}" : {
          "DATARATE_TX" : 6.545312499999989E-5,
          "DATARATE_RX" : 1.3090624999999978E-4
        }
      },
      "(nodeA_c01, clientPoolO, nodeA_c01)" : {
        "AppCoordinates {com.bbn, test-service2, 1}" : {
          "DATARATE_TX" : 6.595454545454537E-5,
          "DATARATE_RX" : 1.3190909090909073E-4
        }
      },
      "(nodeA_c02, clientPoolO, nodeA_c02)" : {
        "AppCoordinates {com.bbn, test-service3, 1}" : {
          "DATARATE_TX" : 6.466666666666658E-5,
          "DATARATE_RX" : 1.2933333333333316E-4
        }
      },
      "(nodeA_c01, clientPoolN, nodeA_c01)" : {
        "AppCoordinates {com.bbn, test-service2, 1}" : {
          "DATARATE_TX" : 6.39545454545454E-5,
          "DATARATE_RX" : 1.279090909090908E-4
        }
      },
      "(nodeA_c02, clientPoolN, nodeA_c02)" : {
        "AppCoordinates {com.bbn, test-service3, 1}" : {
          "DATARATE_TX" : 6.179166666666659E-5,
          "DATARATE_RX" : 1.2358333333333318E-4
        }
      },
      "(nodeA_c03, clientPoolO, nodeA_c03)" : {
        "AppCoordinates {com.bbn, test-service1, 1}" : {
          "DATARATE_TX" : 7.252727272727253E-5,
          "DATARATE_RX" : 1.4505454545454507E-4
        }
      },
      "(nodeA_c04, clientPoolO, nodeA_c04)" : {
        "AppCoordinates {com.bbn, test-service3, 1}" : {
          "DATARATE_TX" : 3.0571428571428565E-5,
          "DATARATE_RX" : 6.114285714285713E-5
        }
      },
      "(nodeA_c03, clientPoolN, nodeA_c03)" : {
        "AppCoordinates {com.bbn, test-service1, 1}" : {
          "DATARATE_TX" : 5.6254545454545436E-5,
          "DATARATE_RX" : 1.1250909090909087E-4
        }
      },
      "(nodeA_c04, clientPoolN, nodeA_c04)" : {
        "AppCoordinates {com.bbn, test-service3, 1}" : {
          "DATARATE_TX" : 3.642857142857141E-5,
          "DATARATE_RX" : 7.285714285714282E-5
        }
      },
      "(nodeA_c05, clientPoolO, nodeA_c05)" : {
        "AppCoordinates {com.bbn, test-service2, 1}" : {
          "DATARATE_TX" : 6.489189189189182E-5,
          "DATARATE_RX" : 1.2978378378378363E-4
        }
      },
      "(nodeA_c05, clientPoolN, nodeA_c05)" : {
        "AppCoordinates {com.bbn, test-service2, 1}" : {
          "DATARATE_TX" : 5.3432432432432384E-5,
          "DATARATE_RX" : 1.0686486486486477E-4
        }
      },
      "(nodeA_c06, clientPoolO, nodeA_c06)" : {
        "AppCoordinates {com.bbn, test-service2, 1}" : {
          "DATARATE_TX" : 5.9258064516128985E-5,
          "DATARATE_RX" : 1.1851612903225797E-4
        }
      },
      "(nodeA_c06, clientPoolN, nodeA_c06)" : {
        "AppCoordinates {com.bbn, test-service2, 1}" : {
          "DATARATE_TX" : 5.458064516129027E-5,
          "DATARATE_RX" : 1.0916129032258055E-4
        }
      },
      "(nodeA_c07, clientPoolO, nodeA_c07)" : {
        "AppCoordinates {com.bbn, test-service2, 1}" : {
          "DATARATE_TX" : 9.92E-6,
          "DATARATE_RX" : 1.984E-5
        }
      },
      "(nodeA_c07, clientPoolN, nodeA_c07)" : {
        "AppCoordinates {com.bbn, test-service2, 1}" : {
          "DATARATE_TX" : 1.0879999999999997E-5,
          "DATARATE_RX" : 2.1759999999999995E-5
        }
      }
    }
  },
  "containerReports" : {
    "nodeA_c03" : {
      "containerName" : {
        "name" : "nodeA_c03"
      },
      "timestamp" : 61999,
      "service" : {
        "group" : "com.bbn",
        "artifact" : "test-service1",
        "version" : "1"
      },
      "serviceStatus" : "RUNNING",
      "demandEstimationWindow" : "LONG",
      "computeCapacity" : {
        "CPU" : 1.0,
        "TASK_CONTAINERS" : 100.0,
        "QueueLength" : 1000000.0
      },
      "computeLoad" : {
        "UNKNOWN" : {
          "QueueLength" : 200.0,
          "TASK_CONTAINERS" : 100.0
        }
      },
      "computeDemand" : {
        "UNKNOWN" : {
          "QueueLength" : 180.74137931034483,
          "TASK_CONTAINERS" : 93.59821428571429
        }
      },
      "averageProcessingTime" : "NaN",
      "networkCapacity" : {
        "interface-nodeA ( nodeA )" : {
          "DATARATE_TX" : 100.0,
          "DATARATE_RX" : 100.0
        }
      },
      "networkLoad" : {
        "interface-nodeA ( nodeA )" : {
          "(clientPoolG, nodeA_c03, nodeA_c03)" : {
            "AppCoordinates {com.bbn, test-service1, 1}" : {
              "DATARATE_TX" : 2.539999999999995E-4,
              "DATARATE_RX" : 1.2699999999999975E-4
            }
          },
          "(clientPoolN, nodeA_c03, nodeA_c03)" : {
            "AppCoordinates {com.bbn, test-service1, 1}" : {
              "DATARATE_TX" : 2.3599999999999953E-4,
              "DATARATE_RX" : 1.1799999999999976E-4
            }
          },
          "(clientPoolO, nodeA_c03, nodeA_c03)" : {
            "AppCoordinates {com.bbn, test-service1, 1}" : {
              "DATARATE_TX" : 2.639999999999995E-4,
              "DATARATE_RX" : 1.3199999999999974E-4
            }
          }
        }
      },
      "networkDemand" : {
        "interface-nodeA ( nodeA )" : {
          "(clientPoolG, nodeA_c03, nodeA_c03)" : {
            "AppCoordinates {com.bbn, test-service1, 1}" : {
              "DATARATE_TX" : 2.3116363636363588E-4,
              "DATARATE_RX" : 1.1558181818181794E-4
            }
          },
          "(clientPoolN, nodeA_c03, nodeA_c03)" : {
            "AppCoordinates {com.bbn, test-service1, 1}" : {
              "DATARATE_TX" : 2.138545454545451E-4,
              "DATARATE_RX" : 1.0692727272727256E-4
            }
          },
          "(clientPoolO, nodeA_c03, nodeA_c03)" : {
            "AppCoordinates {com.bbn, test-service1, 1}" : {
              "DATARATE_TX" : 2.4134545454545424E-4,
              "DATARATE_RX" : 1.2067272727272712E-4
            }
          }
        }
      }
    },
    "nodeA_c04" : {
      "containerName" : {
        "name" : "nodeA_c04"
      },
      "timestamp" : 62000,
      "service" : {
        "group" : "com.bbn",
        "artifact" : "test-service3",
        "version" : "1"
      },
      "serviceStatus" : "RUNNING",
      "demandEstimationWindow" : "LONG",
      "computeCapacity" : {
        "CPU" : 1.0,
        "TASK_CONTAINERS" : 100.0,
        "QueueLength" : 1000000.0
      },
      "computeLoad" : {
        "UNKNOWN" : {
          "QueueLength" : 126.0,
          "TASK_CONTAINERS" : 63.0
        }
      },
      "computeDemand" : {
        "UNKNOWN" : {
          "QueueLength" : 69.0,
          "TASK_CONTAINERS" : 43.125
        }
      },
      "averageProcessingTime" : "NaN",
      "networkCapacity" : {
        "interface-nodeA ( nodeA )" : {
          "DATARATE_TX" : 100.0,
          "DATARATE_RX" : 100.0
        }
      },
      "networkLoad" : {
        "interface-nodeA ( nodeA )" : {
          "(clientPoolN, nodeA_c04, nodeA_c04)" : {
            "AppCoordinates {com.bbn, test-service3, 1}" : {
              "DATARATE_TX" : 9.399999999999993E-5,
              "DATARATE_RX" : 4.699999999999996E-5
            }
          },
          "(clientPoolO, nodeA_c04, nodeA_c04)" : {
            "AppCoordinates {com.bbn, test-service3, 1}" : {
              "DATARATE_TX" : 7.799999999999997E-5,
              "DATARATE_RX" : 3.8999999999999986E-5
            }
          },
          "(clientPoolG, nodeA_c04, nodeA_c04)" : {
            "AppCoordinates {com.bbn, test-service3, 1}" : {
              "DATARATE_TX" : 7.999999999999997E-5,
              "DATARATE_RX" : 3.999999999999998E-5
            }
          }
        }
      },
      "networkDemand" : {
        "interface-nodeA ( nodeA )" : {
          "(clientPoolN, nodeA_c04, nodeA_c04)" : {
            "AppCoordinates {com.bbn, test-service3, 1}" : {
              "DATARATE_TX" : 7.285714285714282E-5,
              "DATARATE_RX" : 3.642857142857141E-5
            }
          },
          "(clientPoolO, nodeA_c04, nodeA_c04)" : {
            "AppCoordinates {com.bbn, test-service3, 1}" : {
              "DATARATE_TX" : 6.0857142857142847E-5,
              "DATARATE_RX" : 3.0428571428571423E-5
            }
          },
          "(clientPoolG, nodeA_c04, nodeA_c04)" : {
            "AppCoordinates {com.bbn, test-service3, 1}" : {
              "DATARATE_TX" : 6.371428571428569E-5,
              "DATARATE_RX" : 3.1857142857142846E-5
            }
          }
        }
      }
    },
    "nodeA_c01" : {
      "containerName" : {
        "name" : "nodeA_c01"
      },
      "timestamp" : 62001,
      "service" : {
        "group" : "com.bbn",
        "artifact" : "test-service2",
        "version" : "1"
      },
      "serviceStatus" : "RUNNING",
      "demandEstimationWindow" : "LONG",
      "computeCapacity" : {
        "CPU" : 1.0,
        "TASK_CONTAINERS" : 100.0,
        "QueueLength" : 1000000.0
      },
      "computeLoad" : {
        "UNKNOWN" : {
          "QueueLength" : 200.0,
          "TASK_CONTAINERS" : 100.0
        }
      },
      "computeDemand" : {
        "UNKNOWN" : {
          "QueueLength" : 67.65873015873017,
          "TASK_CONTAINERS" : 94.72222222222223
        }
      },
      "averageProcessingTime" : "NaN",
      "networkCapacity" : {
        "interface-nodeA ( nodeA )" : {
          "DATARATE_TX" : 100.0,
          "DATARATE_RX" : 100.0
        }
      },
      "networkLoad" : {
        "interface-nodeA ( nodeA )" : {
          "(clientPoolG, nodeA_c01, nodeA_c01)" : {
            "AppCoordinates {com.bbn, test-service2, 1}" : {
              "DATARATE_TX" : 3.899999999999991E-4,
              "DATARATE_RX" : 1.9499999999999956E-4
            }
          },
          "(clientPoolN, nodeA_c01, nodeA_c01)" : {
            "AppCoordinates {com.bbn, test-service2, 1}" : {
              "DATARATE_TX" : 4.5199999999999895E-4,
              "DATARATE_RX" : 2.2599999999999948E-4
            }
          },
          "(clientPoolO, nodeA_c01, nodeA_c01)" : {
            "AppCoordinates {com.bbn, test-service2, 1}" : {
              "DATARATE_TX" : 4.0999999999999907E-4,
              "DATARATE_RX" : 2.0499999999999953E-4
            }
          }
        }
      },
      "networkDemand" : {
        "interface-nodeA ( nodeA )" : {
          "(clientPoolG, nodeA_c01, nodeA_c01)" : {
            "AppCoordinates {com.bbn, test-service2, 1}" : {
              "DATARATE_TX" : 3.3518181818181753E-4,
              "DATARATE_RX" : 1.6759090909090877E-4
            }
          },
          "(clientPoolN, nodeA_c01, nodeA_c01)" : {
            "AppCoordinates {com.bbn, test-service2, 1}" : {
              "DATARATE_TX" : 3.809545454545446E-4,
              "DATARATE_RX" : 1.904772727272723E-4
            }
          },
          "(clientPoolO, nodeA_c01, nodeA_c01)" : {
            "AppCoordinates {com.bbn, test-service2, 1}" : {
              "DATARATE_TX" : 3.511363636363627E-4,
              "DATARATE_RX" : 1.7556818181818136E-4
            }
          }
        }
      }
    },
    "nodeA_c02" : {
      "containerName" : {
        "name" : "nodeA_c02"
      },
      "timestamp" : 62001,
      "service" : {
        "group" : "com.bbn",
        "artifact" : "test-service3",
        "version" : "1"
      },
      "serviceStatus" : "RUNNING",
      "demandEstimationWindow" : "LONG",
      "computeCapacity" : {
        "CPU" : 1.0,
        "TASK_CONTAINERS" : 100.0,
        "QueueLength" : 1000000.0
      },
      "computeLoad" : {
        "UNKNOWN" : {
          "QueueLength" : 200.0,
          "TASK_CONTAINERS" : 100.0
        }
      },
      "computeDemand" : {
        "UNKNOWN" : {
          "QueueLength" : 36.07936507936508,
          "TASK_CONTAINERS" : 90.92
        }
      },
      "averageProcessingTime" : "NaN",
      "networkCapacity" : {
        "interface-nodeA ( nodeA )" : {
          "DATARATE_TX" : 100.0,
          "DATARATE_RX" : 100.0
        }
      },
      "networkLoad" : {
        "interface-nodeA ( nodeA )" : {
          "(clientPoolG, nodeA_c02, nodeA_c02)" : {
            "AppCoordinates {com.bbn, test-service3, 1}" : {
              "DATARATE_TX" : 7.200000000000045E-4,
              "DATARATE_RX" : 3.6000000000000225E-4
            }
          },
          "(clientPoolN, nodeA_c02, nodeA_c02)" : {
            "AppCoordinates {com.bbn, test-service3, 1}" : {
              "DATARATE_TX" : 7.060000000000042E-4,
              "DATARATE_RX" : 3.530000000000021E-4
            }
          },
          "(clientPoolO, nodeA_c02, nodeA_c02)" : {
            "AppCoordinates {com.bbn, test-service3, 1}" : {
              "DATARATE_TX" : 7.220000000000045E-4,
              "DATARATE_RX" : 3.6100000000000227E-4
            }
          }
        }
      },
      "networkDemand" : {
        "interface-nodeA ( nodeA )" : {
          "(clientPoolG, nodeA_c02, nodeA_c02)" : {
            "AppCoordinates {com.bbn, test-service3, 1}" : {
              "DATARATE_TX" : 4.4850000000000125E-4,
              "DATARATE_RX" : 2.2425000000000063E-4
            }
          },
          "(clientPoolN, nodeA_c02, nodeA_c02)" : {
            "AppCoordinates {com.bbn, test-service3, 1}" : {
              "DATARATE_TX" : 4.433333333333345E-4,
              "DATARATE_RX" : 2.2166666666666724E-4
            }
          },
          "(clientPoolO, nodeA_c02, nodeA_c02)" : {
            "AppCoordinates {com.bbn, test-service3, 1}" : {
              "DATARATE_TX" : 4.510833333333346E-4,
              "DATARATE_RX" : 2.255416666666673E-4
            }
          }
        }
      }
    },
    "nodeA_c00" : {
      "containerName" : {
        "name" : "nodeA_c00"
      },
      "timestamp" : 62002,
      "service" : {
        "group" : "com.bbn",
        "artifact" : "test-service1",
        "version" : "1"
      },
      "serviceStatus" : "RUNNING",
      "demandEstimationWindow" : "LONG",
      "computeCapacity" : {
        "CPU" : 1.0,
        "TASK_CONTAINERS" : 100.0,
        "QueueLength" : 1000000.0
      },
      "computeLoad" : {
        "UNKNOWN" : {
          "QueueLength" : 200.0,
          "TASK_CONTAINERS" : 100.0
        }
      },
      "computeDemand" : {
        "UNKNOWN" : {
          "QueueLength" : 98.4251968503937,
          "TASK_CONTAINERS" : 96.15384615384616
        }
      },
      "averageProcessingTime" : "NaN",
      "networkCapacity" : {
        "interface-nodeA ( nodeA )" : {
          "DATARATE_TX" : 100.0,
          "DATARATE_RX" : 100.0
        }
      },
      "networkLoad" : {
        "interface-nodeA ( nodeA )" : {
          "(clientPoolG, nodeA_c00, nodeA_c00)" : {
            "AppCoordinates {com.bbn, test-service1, 1}" : {
              "DATARATE_TX" : 5.460000000000003E-4,
              "DATARATE_RX" : 2.7300000000000013E-4
            }
          },
          "(clientPoolN, nodeA_c00, nodeA_c00)" : {
            "AppCoordinates {com.bbn, test-service1, 1}" : {
              "DATARATE_TX" : 5.640000000000007E-4,
              "DATARATE_RX" : 2.8200000000000035E-4
            }
          },
          "(clientPoolO, nodeA_c00, nodeA_c00)" : {
            "AppCoordinates {com.bbn, test-service1, 1}" : {
              "DATARATE_TX" : 5.36E-4,
              "DATARATE_RX" : 2.68E-4
            }
          }
        }
      },
      "networkDemand" : {
        "interface-nodeA ( nodeA )" : {
          "(clientPoolG, nodeA_c00, nodeA_c00)" : {
            "AppCoordinates {com.bbn, test-service1, 1}" : {
              "DATARATE_TX" : 4.7737500000000026E-4,
              "DATARATE_RX" : 2.3868750000000013E-4
            }
          },
          "(clientPoolN, nodeA_c00, nodeA_c00)" : {
            "AppCoordinates {com.bbn, test-service1, 1}" : {
              "DATARATE_TX" : 4.923750000000005E-4,
              "DATARATE_RX" : 2.4618750000000026E-4
            }
          },
          "(clientPoolO, nodeA_c00, nodeA_c00)" : {
            "AppCoordinates {com.bbn, test-service1, 1}" : {
              "DATARATE_TX" : 4.6946875000000005E-4,
              "DATARATE_RX" : 2.3473437500000003E-4
            }
          }
        }
      }
    },
    "nodeA_c07" : {
      "containerName" : {
        "name" : "nodeA_c07"
      },
      "timestamp" : 62002,
      "service" : {
        "group" : "com.bbn",
        "artifact" : "test-service1",
        "version" : "1"
      },
      "serviceStatus" : "RUNNING",
      "demandEstimationWindow" : "LONG",
      "computeCapacity" : {
        "CPU" : 1.0,
        "TASK_CONTAINERS" : 100.0,
        "QueueLength" : 1000000.0
      },
      "computeLoad" : {
        "UNKNOWN" : {
          "QueueLength" : 0.0
        }
      },
      "computeDemand" : {
        "UNKNOWN" : {
          "QueueLength" : 0.0
        }
      },
      "averageProcessingTime" : "NaN",
      "networkCapacity" : {
        "interface-nodeA ( nodeA )" : {
          "DATARATE_TX" : 100.0,
          "DATARATE_RX" : 100.0
        }
      },
      "networkLoad" : {
        "interface-nodeA ( nodeA )" : { }
      },
      "networkDemand" : {
        "interface-nodeA ( nodeA )" : { }
      }
    },
    "nodeA_c05" : {
      "containerName" : {
        "name" : "nodeA_c05"
      },
      "timestamp" : 62002,
      "service" : {
        "group" : "com.bbn",
        "artifact" : "test-service2",
        "version" : "1"
      },
      "serviceStatus" : "RUNNING",
      "demandEstimationWindow" : "LONG",
      "computeCapacity" : {
        "CPU" : 1.0,
        "TASK_CONTAINERS" : 100.0,
        "QueueLength" : 1000000.0
      },
      "computeLoad" : {
        "UNKNOWN" : {
          "QueueLength" : 200.0,
          "TASK_CONTAINERS" : 100.0
        }
      },
      "computeDemand" : {
        "UNKNOWN" : {
          "QueueLength" : 173.45,
          "TASK_CONTAINERS" : 91.28947368421052
        }
      },
      "averageProcessingTime" : "NaN",
      "networkCapacity" : {
        "interface-nodeA ( nodeA )" : {
          "DATARATE_TX" : 100.0,
          "DATARATE_RX" : 100.0
        }
      },
      "networkLoad" : {
        "interface-nodeA ( nodeA )" : {
          "(clientPoolN, nodeA_c05, nodeA_c05)" : {
            "AppCoordinates {com.bbn, test-service2, 1}" : {
              "DATARATE_TX" : 1.9599999999999964E-4,
              "DATARATE_RX" : 9.799999999999982E-5
            }
          },
          "(clientPoolO, nodeA_c05, nodeA_c05)" : {
            "AppCoordinates {com.bbn, test-service2, 1}" : {
              "DATARATE_TX" : 2.2999999999999955E-4,
              "DATARATE_RX" : 1.1499999999999977E-4
            }
          },
          "(clientPoolG, nodeA_c05, nodeA_c05)" : {
            "AppCoordinates {com.bbn, test-service2, 1}" : {
              "DATARATE_TX" : 2.3399999999999953E-4,
              "DATARATE_RX" : 1.1699999999999977E-4
            }
          }
        }
      },
      "networkDemand" : {
        "interface-nodeA ( nodeA )" : {
          "(clientPoolN, nodeA_c05, nodeA_c05)" : {
            "AppCoordinates {com.bbn, test-service2, 1}" : {
              "DATARATE_TX" : 1.6972972972972955E-4,
              "DATARATE_RX" : 8.486486486486478E-5
            }
          },
          "(clientPoolO, nodeA_c05, nodeA_c05)" : {
            "AppCoordinates {com.bbn, test-service2, 1}" : {
              "DATARATE_TX" : 2.0118918918918876E-4,
              "DATARATE_RX" : 1.0059459459459438E-4
            }
          },
          "(clientPoolG, nodeA_c05, nodeA_c05)" : {
            "AppCoordinates {com.bbn, test-service2, 1}" : {
              "DATARATE_TX" : 2.0605405405405377E-4,
              "DATARATE_RX" : 1.0302702702702689E-4
            }
          }
        }
      }
    },
    "nodeA_c06" : {
      "containerName" : {
        "name" : "nodeA_c06"
      },
      "timestamp" : 62003,
      "service" : {
        "group" : "com.bbn",
        "artifact" : "test-service2",
        "version" : "1"
      },
      "serviceStatus" : "RUNNING",
      "demandEstimationWindow" : "LONG",
      "computeCapacity" : {
        "CPU" : 1.0,
        "TASK_CONTAINERS" : 100.0,
        "QueueLength" : 1000000.0
      },
      "computeLoad" : {
        "UNKNOWN" : {
          "QueueLength" : 200.0,
          "TASK_CONTAINERS" : 100.0
        }
      },
      "computeDemand" : {
        "UNKNOWN" : {
          "QueueLength" : 166.08823529411765,
          "TASK_CONTAINERS" : 88.234375
        }
      },
      "averageProcessingTime" : "NaN",
      "networkCapacity" : {
        "interface-nodeA ( nodeA )" : {
          "DATARATE_TX" : 100.0,
          "DATARATE_RX" : 100.0
        }
      },
      "networkLoad" : {
        "interface-nodeA ( nodeA )" : {
          "(clientPoolN, nodeA_c06, nodeA_c06)" : {
            "AppCoordinates {com.bbn, test-service2, 1}" : {
              "DATARATE_TX" : 1.2999999999999983E-4,
              "DATARATE_RX" : 6.499999999999991E-5
            }
          },
          "(clientPoolO, nodeA_c06, nodeA_c06)" : {
            "AppCoordinates {com.bbn, test-service2, 1}" : {
              "DATARATE_TX" : 1.399999999999998E-4,
              "DATARATE_RX" : 6.99999999999999E-5
            }
          },
          "(clientPoolG, nodeA_c06, nodeA_c06)" : {
            "AppCoordinates {com.bbn, test-service2, 1}" : {
              "DATARATE_TX" : 1.5799999999999975E-4,
              "DATARATE_RX" : 7.899999999999987E-5
            }
          }
        }
      },
      "networkDemand" : {
        "interface-nodeA ( nodeA )" : {
          "(clientPoolN, nodeA_c06, nodeA_c06)" : {
            "AppCoordinates {com.bbn, test-service2, 1}" : {
              "DATARATE_TX" : 1.1716129032258055E-4,
              "DATARATE_RX" : 5.8580645161290275E-5
            }
          },
          "(clientPoolO, nodeA_c06, nodeA_c06)" : {
            "AppCoordinates {com.bbn, test-service2, 1}" : {
              "DATARATE_TX" : 1.265806451612902E-4,
              "DATARATE_RX" : 6.32903225806451E-5
            }
          },
          "(clientPoolG, nodeA_c06, nodeA_c06)" : {
            "AppCoordinates {com.bbn, test-service2, 1}" : {
              "DATARATE_TX" : 1.4309677419354822E-4,
              "DATARATE_RX" : 7.154838709677411E-5
            }
          }
        }
      }
    }
  },
  "maximumServiceContainers" : 8,
  "allocatedServiceContainers" : 8,
  "computeDemand" : {
    "AppCoordinates {com.bbn, test-service3, 1}" : {
      "UNKNOWN" : {
        "QueueLength" : 105.07936507936509,
        "TASK_CONTAINERS" : 134.04500000000002
      }
    },
    "AppCoordinates {com.bbn, test-service2, 1}" : {
      "UNKNOWN" : {
        "QueueLength" : 407.19696545284785,
        "TASK_CONTAINERS" : 274.24607090643275
      }
    },
    "AppCoordinates {com.bbn, test-service1, 1}" : {
      "UNKNOWN" : {
        "QueueLength" : 279.16657616073854,
        "TASK_CONTAINERS" : 189.75206043956047
      }
    }
  },
  "containerNetworkLoad" : {
    "interface-nodeA ( nodeA )" : {
      "(clientPoolG, nodeA_c03, nodeA_c03)" : {
        "AppCoordinates {com.bbn, test-service1, 1}" : {
          "DATARATE_TX" : 2.539999999999995E-4,
          "DATARATE_RX" : 1.2699999999999975E-4
        }
      },
      "(clientPoolG, nodeA_c02, nodeA_c02)" : {
        "AppCoordinates {com.bbn, test-service3, 1}" : {
          "DATARATE_TX" : 7.200000000000045E-4,
          "DATARATE_RX" : 3.6000000000000225E-4
        }
      },
      "(clientPoolG, nodeA_c01, nodeA_c01)" : {
        "AppCoordinates {com.bbn, test-service2, 1}" : {
          "DATARATE_TX" : 3.899999999999991E-4,
          "DATARATE_RX" : 1.9499999999999956E-4
        }
      },
      "(clientPoolG, nodeA_c00, nodeA_c00)" : {
        "AppCoordinates {com.bbn, test-service1, 1}" : {
          "DATARATE_TX" : 5.460000000000003E-4,
          "DATARATE_RX" : 2.7300000000000013E-4
        }
      },
      "(clientPoolN, nodeA_c06, nodeA_c06)" : {
        "AppCoordinates {com.bbn, test-service2, 1}" : {
          "DATARATE_TX" : 1.2999999999999983E-4,
          "DATARATE_RX" : 6.499999999999991E-5
        }
      },
      "(clientPoolO, nodeA_c06, nodeA_c06)" : {
        "AppCoordinates {com.bbn, test-service2, 1}" : {
          "DATARATE_TX" : 1.399999999999998E-4,
          "DATARATE_RX" : 6.99999999999999E-5
        }
      },
      "(clientPoolN, nodeA_c05, nodeA_c05)" : {
        "AppCoordinates {com.bbn, test-service2, 1}" : {
          "DATARATE_TX" : 1.9599999999999964E-4,
          "DATARATE_RX" : 9.799999999999982E-5
        }
      },
      "(clientPoolO, nodeA_c05, nodeA_c05)" : {
        "AppCoordinates {com.bbn, test-service2, 1}" : {
          "DATARATE_TX" : 2.2999999999999955E-4,
          "DATARATE_RX" : 1.1499999999999977E-4
        }
      },
      "(clientPoolN, nodeA_c04, nodeA_c04)" : {
        "AppCoordinates {com.bbn, test-service3, 1}" : {
          "DATARATE_TX" : 9.399999999999993E-5,
          "DATARATE_RX" : 4.699999999999996E-5
        }
      },
      "(clientPoolO, nodeA_c04, nodeA_c04)" : {
        "AppCoordinates {com.bbn, test-service3, 1}" : {
          "DATARATE_TX" : 7.799999999999997E-5,
          "DATARATE_RX" : 3.8999999999999986E-5
        }
      },
      "(clientPoolN, nodeA_c03, nodeA_c03)" : {
        "AppCoordinates {com.bbn, test-service1, 1}" : {
          "DATARATE_TX" : 2.3599999999999953E-4,
          "DATARATE_RX" : 1.1799999999999976E-4
        }
      },
      "(clientPoolG, nodeA_c06, nodeA_c06)" : {
        "AppCoordinates {com.bbn, test-service2, 1}" : {
          "DATARATE_TX" : 1.5799999999999975E-4,
          "DATARATE_RX" : 7.899999999999987E-5
        }
      },
      "(clientPoolG, nodeA_c05, nodeA_c05)" : {
        "AppCoordinates {com.bbn, test-service2, 1}" : {
          "DATARATE_TX" : 2.3399999999999953E-4,
          "DATARATE_RX" : 1.1699999999999977E-4
        }
      },
      "(clientPoolG, nodeA_c04, nodeA_c04)" : {
        "AppCoordinates {com.bbn, test-service3, 1}" : {
          "DATARATE_TX" : 7.999999999999997E-5,
          "DATARATE_RX" : 3.999999999999998E-5
        }
      },
      "(clientPoolN, nodeA_c02, nodeA_c02)" : {
        "AppCoordinates {com.bbn, test-service3, 1}" : {
          "DATARATE_TX" : 7.060000000000042E-4,
          "DATARATE_RX" : 3.530000000000021E-4
        }
      },
      "(clientPoolO, nodeA_c03, nodeA_c03)" : {
        "AppCoordinates {com.bbn, test-service1, 1}" : {
          "DATARATE_TX" : 2.639999999999995E-4,
          "DATARATE_RX" : 1.3199999999999974E-4
        }
      },
      "(clientPoolO, nodeA_c02, nodeA_c02)" : {
        "AppCoordinates {com.bbn, test-service3, 1}" : {
          "DATARATE_TX" : 7.220000000000045E-4,
          "DATARATE_RX" : 3.6100000000000227E-4
        }
      },
      "(clientPoolN, nodeA_c01, nodeA_c01)" : {
        "AppCoordinates {com.bbn, test-service2, 1}" : {
          "DATARATE_TX" : 4.5199999999999895E-4,
          "DATARATE_RX" : 2.2599999999999948E-4
        }
      },
      "(clientPoolN, nodeA_c00, nodeA_c00)" : {
        "AppCoordinates {com.bbn, test-service1, 1}" : {
          "DATARATE_TX" : 5.640000000000007E-4,
          "DATARATE_RX" : 2.8200000000000035E-4
        }
      },
      "(clientPoolO, nodeA_c01, nodeA_c01)" : {
        "AppCoordinates {com.bbn, test-service2, 1}" : {
          "DATARATE_TX" : 4.0999999999999907E-4,
          "DATARATE_RX" : 2.0499999999999953E-4
        }
      },
      "(clientPoolO, nodeA_c00, nodeA_c00)" : {
        "AppCoordinates {com.bbn, test-service1, 1}" : {
          "DATARATE_TX" : 5.36E-4,
          "DATARATE_RX" : 2.68E-4
        }
      }
    }
  },
  "containerNetworkDemand" : {
    "interface-nodeA ( nodeA )" : {
      "(clientPoolG, nodeA_c03, nodeA_c03)" : {
        "AppCoordinates {com.bbn, test-service1, 1}" : {
          "DATARATE_TX" : 2.3116363636363588E-4,
          "DATARATE_RX" : 1.1558181818181794E-4
        }
      },
      "(clientPoolG, nodeA_c02, nodeA_c02)" : {
        "AppCoordinates {com.bbn, test-service3, 1}" : {
          "DATARATE_TX" : 4.4850000000000125E-4,
          "DATARATE_RX" : 2.2425000000000063E-4
        }
      },
      "(clientPoolG, nodeA_c01, nodeA_c01)" : {
        "AppCoordinates {com.bbn, test-service2, 1}" : {
          "DATARATE_TX" : 3.3518181818181753E-4,
          "DATARATE_RX" : 1.6759090909090877E-4
        }
      },
      "(clientPoolG, nodeA_c00, nodeA_c00)" : {
        "AppCoordinates {com.bbn, test-service1, 1}" : {
          "DATARATE_TX" : 4.7737500000000026E-4,
          "DATARATE_RX" : 2.3868750000000013E-4
        }
      },
      "(clientPoolN, nodeA_c06, nodeA_c06)" : {
        "AppCoordinates {com.bbn, test-service2, 1}" : {
          "DATARATE_TX" : 1.1716129032258055E-4,
          "DATARATE_RX" : 5.8580645161290275E-5
        }
      },
      "(clientPoolO, nodeA_c06, nodeA_c06)" : {
        "AppCoordinates {com.bbn, test-service2, 1}" : {
          "DATARATE_TX" : 1.265806451612902E-4,
          "DATARATE_RX" : 6.32903225806451E-5
        }
      },
      "(clientPoolN, nodeA_c05, nodeA_c05)" : {
        "AppCoordinates {com.bbn, test-service2, 1}" : {
          "DATARATE_TX" : 1.6972972972972955E-4,
          "DATARATE_RX" : 8.486486486486478E-5
        }
      },
      "(clientPoolO, nodeA_c05, nodeA_c05)" : {
        "AppCoordinates {com.bbn, test-service2, 1}" : {
          "DATARATE_TX" : 2.0118918918918876E-4,
          "DATARATE_RX" : 1.0059459459459438E-4
        }
      },
      "(clientPoolN, nodeA_c04, nodeA_c04)" : {
        "AppCoordinates {com.bbn, test-service3, 1}" : {
          "DATARATE_TX" : 7.285714285714282E-5,
          "DATARATE_RX" : 3.642857142857141E-5
        }
      },
      "(clientPoolO, nodeA_c04, nodeA_c04)" : {
        "AppCoordinates {com.bbn, test-service3, 1}" : {
          "DATARATE_TX" : 6.0857142857142847E-5,
          "DATARATE_RX" : 3.0428571428571423E-5
        }
      },
      "(clientPoolN, nodeA_c03, nodeA_c03)" : {
        "AppCoordinates {com.bbn, test-service1, 1}" : {
          "DATARATE_TX" : 2.138545454545451E-4,
          "DATARATE_RX" : 1.0692727272727256E-4
        }
      },
      "(clientPoolG, nodeA_c06, nodeA_c06)" : {
        "AppCoordinates {com.bbn, test-service2, 1}" : {
          "DATARATE_TX" : 1.4309677419354822E-4,
          "DATARATE_RX" : 7.154838709677411E-5
        }
      },
      "(clientPoolG, nodeA_c05, nodeA_c05)" : {
        "AppCoordinates {com.bbn, test-service2, 1}" : {
          "DATARATE_TX" : 2.0605405405405377E-4,
          "DATARATE_RX" : 1.0302702702702689E-4
        }
      },
      "(clientPoolG, nodeA_c04, nodeA_c04)" : {
        "AppCoordinates {com.bbn, test-service3, 1}" : {
          "DATARATE_TX" : 6.371428571428569E-5,
          "DATARATE_RX" : 3.1857142857142846E-5
        }
      },
      "(clientPoolN, nodeA_c02, nodeA_c02)" : {
        "AppCoordinates {com.bbn, test-service3, 1}" : {
          "DATARATE_TX" : 4.433333333333345E-4,
          "DATARATE_RX" : 2.2166666666666724E-4
        }
      },
      "(clientPoolO, nodeA_c03, nodeA_c03)" : {
        "AppCoordinates {com.bbn, test-service1, 1}" : {
          "DATARATE_TX" : 2.4134545454545424E-4,
          "DATARATE_RX" : 1.2067272727272712E-4
        }
      },
      "(clientPoolO, nodeA_c02, nodeA_c02)" : {
        "AppCoordinates {com.bbn, test-service3, 1}" : {
          "DATARATE_TX" : 4.510833333333346E-4,
          "DATARATE_RX" : 2.255416666666673E-4
        }
      },
      "(clientPoolN, nodeA_c01, nodeA_c01)" : {
        "AppCoordinates {com.bbn, test-service2, 1}" : {
          "DATARATE_TX" : 3.809545454545446E-4,
          "DATARATE_RX" : 1.904772727272723E-4
        }
      },
      "(clientPoolN, nodeA_c00, nodeA_c00)" : {
        "AppCoordinates {com.bbn, test-service1, 1}" : {
          "DATARATE_TX" : 4.923750000000005E-4,
          "DATARATE_RX" : 2.4618750000000026E-4
        }
      },
      "(clientPoolO, nodeA_c01, nodeA_c01)" : {
        "AppCoordinates {com.bbn, test-service2, 1}" : {
          "DATARATE_TX" : 3.511363636363627E-4,
          "DATARATE_RX" : 1.7556818181818136E-4
        }
      },
      "(clientPoolO, nodeA_c00, nodeA_c00)" : {
        "AppCoordinates {com.bbn, test-service1, 1}" : {
          "DATARATE_TX" : 4.6946875000000005E-4,
          "DATARATE_RX" : 2.3473437500000003E-4
        }
      }
    }
  },
  "computeLoad" : {
    "AppCoordinates {com.bbn, test-service3, 1}" : {
      "UNKNOWN" : {
        "QueueLength" : 326.0,
        "TASK_CONTAINERS" : 163.0
      }
    },
    "AppCoordinates {com.bbn, test-service2, 1}" : {
      "UNKNOWN" : {
        "QueueLength" : 600.0,
        "TASK_CONTAINERS" : 300.0
      }
    },
    "AppCoordinates {com.bbn, test-service1, 1}" : {
      "UNKNOWN" : {
        "QueueLength" : 400.0,
        "TASK_CONTAINERS" : 200.0
      }
    }
  },
  "availableServiceContainers" : 0,
  "allocatedComputeCapacity" : {
    "CPU" : 8.0,
    "QueueLength" : 8000000.0,
    "TASK_CONTAINERS" : 800.0
  },
  "averageProcessingTime" : { }
}