{
  "region" : {
    "name" : "E"
  },
  "minTimestamp" : 151979,
  "maxTimestamp" : 151979,
  "demandEstimationWindow" : "SHORT",
  "serverCapacity" : {
    "DISK" : 10.0,
    "MEMORY" : 8.0E9,
    "CPU" : 4.0,
    "TASK_CONTAINERS" : 20.0
  },
  "serverLoad" : {
    "AppCoordinates {com.bbn, test-service3, 1}" : {
      "unknown" : {
        "QueueLength" : 99.0,
        "TASK_CONTAINERS" : 49.5
      }
    }
  },
  "serverDemand" : {
    "AppCoordinates {com.bbn, test-service3, 1}" : {
      "unknown" : {
        "QueueLength" : 86.625,
        "TASK_CONTAINERS" : 43.3125
      }
    }
  },
  "serverAverageProcessingTimeCount" : { },
  "serverAverageProcessingTimeSum" : { },
  "networkCapacity" : {
    "D" : {
      "DATARATE_RX" : 100.0,
      "DATARATE_TX" : 100.0
    },
    "J" : {
      "DATARATE_RX" : 100.0,
      "DATARATE_TX" : 100.0
    }
  },
  "networkLoad" : {
    "D" : {
      "(J, D, D)" : {
        "AppCoordinates {com.bbn, test-service3, 1}" : {
          "DATARATE_TX" : 2.259999999999998E-4,
          "DATARATE_RX" : 1.129999999999999E-4
        },
        "AppCoordinates {com.bbn, test-service2, 1}" : {
          "DATARATE_TX" : 3.9199999999999945E-4,
          "DATARATE_RX" : 1.9599999999999972E-4
        },
        "AppCoordinates {com.bbn, test-service1, 1}" : {
          "DATARATE_TX" : 1.7799999999999985E-4,
          "DATARATE_RX" : 8.899999999999993E-5
        }
      }
    },
    "J" : {
      "(E, J, E)" : {
        "AppCoordinates {com.bbn, test-service3, 1}" : {
          "DATARATE_TX" : 9.899999999999982E-5,
          "DATARATE_RX" : 1.9799999999999964E-4
        }
      },
      "(D, J, D)" : {
        "AppCoordinates {com.bbn, test-service3, 1}" : {
          "DATARATE_TX" : 1.129999999999999E-4,
          "DATARATE_RX" : 2.259999999999998E-4
        },
        "AppCoordinates {com.bbn, test-service2, 1}" : {
          "DATARATE_TX" : 1.9599999999999972E-4,
          "DATARATE_RX" : 3.9199999999999945E-4
        },
        "AppCoordinates {com.bbn, test-service1, 1}" : {
          "DATARATE_TX" : 8.899999999999993E-5,
          "DATARATE_RX" : 1.7799999999999985E-4
        }
      }
    }
  },
  "networkDemand" : {
    "D" : {
      "(J, D, D)" : {
        "AppCoordinates {com.bbn, test-service3, 1}" : {
          "DATARATE_TX" : 2.2599999999999983E-4,
          "DATARATE_RX" : 1.1299999999999991E-4
        },
        "AppCoordinates {com.bbn, test-service2, 1}" : {
          "DATARATE_TX" : 3.9057142857142806E-4,
          "DATARATE_RX" : 1.9528571428571403E-4
        },
        "AppCoordinates {com.bbn, test-service1, 1}" : {
          "DATARATE_TX" : 2.265714285714283E-4,
          "DATARATE_RX" : 1.1328571428571415E-4
        }
      }
    },
    "J" : {
      "(E, J, E)" : {
        "AppCoordinates {com.bbn, test-service3, 1}" : {
          "DATARATE_TX" : 9.899999999999982E-5,
          "DATARATE_RX" : 1.9799999999999964E-4
        }
      },
      "(D, J, D)" : {
        "AppCoordinates {com.bbn, test-service3, 1}" : {
          "DATARATE_TX" : 1.1299999999999991E-4,
          "DATARATE_RX" : 2.2599999999999983E-4
        },
        "AppCoordinates {com.bbn, test-service2, 1}" : {
          "DATARATE_TX" : 1.9528571428571403E-4,
          "DATARATE_RX" : 3.9057142857142806E-4
        },
        "AppCoordinates {com.bbn, test-service1, 1}" : {
          "DATARATE_TX" : 1.1328571428571415E-4,
          "DATARATE_RX" : 2.265714285714283E-4
        }
      }
    }
  },
  "maximumServiceContainers" : 20,
  "allocatedServiceContainers" : 1,
  "serverAverageProcessingTime" : { },
  "availableServiceContainers" : 19,
  "nullSummary" : false
}