{
  "AppCoordinates {com.bbn, test-service3, 1}" : {
    "serverDemand" : {
      "B" : {
        "QueueLength" : 210.17675586943662,
        "TASK_CONTAINERS" : 135.72557647188674
      },
      "E" : {
        "QueueLength" : 227.84935776863037,
        "TASK_CONTAINERS" : 147.13799013582334
      }
    }
  },
  "AppCoordinates {com.bbn, test-service2, 1}" : {
    "serverDemand" : {
      "B" : {
        "QueueLength" : 68.27336835856836,
        "TASK_CONTAINERS" : 47.03873804232073
      },
      "E" : {
        "QueueLength" : 68.85806021286018,
        "TASK_CONTAINERS" : 47.44157691830919
      }
    }
  },
  "AppCoordinates {com.bbn, test-service1, 1}" : {
    "serverDemand" : {
      "B" : {
        "QueueLength" : 167.01277329651717,
        "TASK_CONTAINERS" : 91.69671566479484
      },
      "E" : {
        "QueueLength" : 160.45326403452768,
        "TASK_CONTAINERS" : 88.09528181141316
      }
    }
  }
}