496,1,DNS_UPDATE_SUCCEEDED
532,2,DCOP_PLAN_PLUBLIED
555,2,RLG_PLAN_PUBLISHED
105663,212,DCOP_PLAN_PLUBLIED
108533,217,RLG_PLAN_PUBLISHED
108572,218,DNS_UPDATE_SUCCEEDED
109068,219,DNS_UPDATE_SUCCEEDED
111530,223,RLG_PLAN_PUBLISHED
111568,224,DNS_UPDATE_SUCCEEDED
120533,241,RLG_PLAN_PUBLISHED
120565,242,DNS_UPDATE_SUCCEEDED
121072,243,DNS_UPDATE_SUCCEEDED
123531,247,RLG_PLAN_PUBLISHED
123570,248,DNS_UPDATE_SUCCEEDED
165617,332,DCOP_PLAN_PLUBLIED
168537,337,RLG_PLAN_PUBLISHED
168597,338,DNS_UPDATE_SUCCEEDED
180538,361,RLG_PLAN_PUBLISHED
180607,362,DNS_UPDATE_SUCCEEDED
183538,367,RLG_PLAN_PUBLISHED
183605,368,DNS_UPDATE_SUCCEEDED
184106,369,DNS_UPDATE_SUCCEEDED
186539,373,RLG_PLAN_PUBLISHED
186608,374,DNS_UPDATE_SUCCEEDED
225622,451,DCOP_PLAN_PLUBLIED
228542,457,RLG_PLAN_PUBLISHED
228626,458,DNS_UPDATE_SUCCEEDED
285629,571,DCOP_PLAN_PLUBLIED
288551,577,RLG_PLAN_PUBLISHED
288658,578,DNS_UPDATE_SUCCEEDED
345617,691,DCOP_PLAN_PLUBLIED
348555,697,RLG_PLAN_PUBLISHED
348688,698,DNS_UPDATE_SUCCEEDED
405646,811,DCOP_PLAN_PLUBLIED
408557,817,RLG_PLAN_PUBLISHED
408729,818,DNS_UPDATE_SUCCEEDED
465630,931,DCOP_PLAN_PLUBLIED
468566,937,RLG_PLAN_PUBLISHED
468767,938,DNS_UPDATE_SUCCEEDED
525617,1051,DCOP_PLAN_PLUBLIED
528568,1057,RLG_PLAN_PUBLISHED
528822,1058,DNS_UPDATE_SUCCEEDED
585605,1171,DCOP_PLAN_PLUBLIED
588571,1177,RLG_PLAN_PUBLISHED
588873,1178,DNS_UPDATE_SUCCEEDED
630003,1260,DCOP_PLAN_PLUBLIED
