{
  "region" : {
    "name" : "A"
  },
  "nodeResourceReports" : [ {
    "nodeName" : {
      "name" : "nodeA"
    },
    "timestamp" : 115999,
    "demandEstimationWindow" : "SHORT",
    "nodeComputeCapacity" : {
      "CPU" : 8.0,
      "MEMORY" : 1.6E10,
      "DISK" : 10.0,
      "TASK_CONTAINERS" : 8.0
    },
    "networkCapacity" : {
      "interface-nodeE ( nodeE )" : {
        "DATARATE_RX" : 100.0,
        "DATARATE_TX" : 100.0
      },
      "interface-nodeB ( nodeB )" : {
        "DATARATE_RX" : 100.0,
        "DATARATE_TX" : 100.0
      },
      "interface-nodeG ( nodeG )" : {
        "DATARATE_RX" : 100.0,
        "DATARATE_TX" : 100.0
      }
    },
    "networkLoad" : {
      "interface-nodeE ( nodeE )" : {
        "(nodeA_c06, clientPoolE, nodeA_c06)" : {
          "AppCoordinates {com.bbn, test-service2, 1}" : {
            "DATARATE_TX" : 4.899999999999996E-5,
            "DATARATE_RX" : 9.799999999999992E-5
          }
        },
        "(nodeA_c07, clientPoolE, nodeA_c07)" : {
          "AppCoordinates {com.bbn, test-service2, 1}" : {
            "DATARATE_TX" : 4.399999999999997E-5,
            "DATARATE_RX" : 8.799999999999994E-5
          },
          "AppCoordinates {com.bbn, test-service1, 1}" : {
            "DATARATE_TX" : 6.399999999999992E-5,
            "DATARATE_RX" : 1.2799999999999983E-4
          }
        },
        "(nodeA_c00, clientPoolE, nodeA_c00)" : {
          "AppCoordinates {com.bbn, test-service1, 1}" : {
            "DATARATE_TX" : 7.09999999999999E-5,
            "DATARATE_RX" : 1.419999999999998E-4
          }
        },
        "(nodeA_c01, clientPoolE, nodeA_c01)" : {
          "AppCoordinates {com.bbn, test-service2, 1}" : {
            "DATARATE_TX" : 7.899999999999987E-5,
            "DATARATE_RX" : 1.5799999999999975E-4
          }
        },
        "(nodeA_c02, clientPoolE, nodeA_c02)" : {
          "AppCoordinates {com.bbn, test-service3, 1}" : {
            "DATARATE_TX" : 6.599999999999991E-5,
            "DATARATE_RX" : 1.3199999999999982E-4
          }
        },
        "(nodeA_c03, clientPoolE, nodeA_c03)" : {
          "AppCoordinates {com.bbn, test-service1, 1}" : {
            "DATARATE_TX" : 5.3999999999999944E-5,
            "DATARATE_RX" : 1.0799999999999989E-4
          }
        },
        "(nodeA_c04, clientPoolE, nodeA_c04)" : {
          "AppCoordinates {com.bbn, test-service3, 1}" : {
            "DATARATE_TX" : 6.99999999999999E-5,
            "DATARATE_RX" : 1.399999999999998E-4
          },
          "AppCoordinates {com.bbn, test-service1, 1}" : {
            "DATARATE_TX" : -3.8116482626443515E-21,
            "DATARATE_RX" : -7.623296525288703E-21
          }
        }
      },
      "interface-nodeB ( nodeB )" : {
        "(nodeA_c03, clientPoolC, nodeA_c03)" : {
          "AppCoordinates {com.bbn, test-service1, 1}" : {
            "DATARATE_TX" : 4.899999999999996E-5,
            "DATARATE_RX" : 9.799999999999992E-5
          }
        },
        "(nodeA_c04, clientPoolC, nodeA_c04)" : {
          "AppCoordinates {com.bbn, test-service3, 1}" : {
            "DATARATE_TX" : 5.899999999999993E-5,
            "DATARATE_RX" : 1.1799999999999986E-4
          },
          "AppCoordinates {com.bbn, test-service1, 1}" : {
            "DATARATE_TX" : -4.2351647362715017E-22,
            "DATARATE_RX" : -8.470329472543003E-22
          }
        },
        "(nodeA_c06, clientPoolC, nodeA_c06)" : {
          "AppCoordinates {com.bbn, test-service2, 1}" : {
            "DATARATE_TX" : 2.8000000000000006E-5,
            "DATARATE_RX" : 5.600000000000001E-5
          }
        },
        "(nodeA_c07, clientPoolC, nodeA_c07)" : {
          "AppCoordinates {com.bbn, test-service2, 1}" : {
            "DATARATE_TX" : 4.699999999999996E-5,
            "DATARATE_RX" : 9.399999999999993E-5
          },
          "AppCoordinates {com.bbn, test-service1, 1}" : {
            "DATARATE_TX" : 6.79999999999999E-5,
            "DATARATE_RX" : 1.359999999999998E-4
          }
        },
        "(nodeA_c00, clientPoolC, nodeA_c00)" : {
          "AppCoordinates {com.bbn, test-service1, 1}" : {
            "DATARATE_TX" : 6.199999999999992E-5,
            "DATARATE_RX" : 1.2399999999999984E-4
          }
        },
        "(nodeA_c01, clientPoolC, nodeA_c01)" : {
          "AppCoordinates {com.bbn, test-service2, 1}" : {
            "DATARATE_TX" : 4.699999999999996E-5,
            "DATARATE_RX" : 9.399999999999993E-5
          }
        },
        "(nodeA_c02, clientPoolC, nodeA_c02)" : {
          "AppCoordinates {com.bbn, test-service3, 1}" : {
            "DATARATE_TX" : 6.699999999999991E-5,
            "DATARATE_RX" : 1.3399999999999981E-4
          }
        }
      },
      "interface-nodeG ( nodeG )" : {
        "(nodeA_c07, clientPoolG, nodeA_c07)" : {
          "AppCoordinates {com.bbn, test-service2, 1}" : {
            "DATARATE_TX" : 5.2999999999999947E-5,
            "DATARATE_RX" : 1.0599999999999989E-4
          },
          "AppCoordinates {com.bbn, test-service1, 1}" : {
            "DATARATE_TX" : 6.79999999999999E-5,
            "DATARATE_RX" : 1.359999999999998E-4
          }
        },
        "(nodeA_c00, clientPoolG, nodeA_c00)" : {
          "AppCoordinates {com.bbn, test-service1, 1}" : {
            "DATARATE_TX" : 6.699999999999991E-5,
            "DATARATE_RX" : 1.3399999999999981E-4
          }
        },
        "(nodeA_c01, clientPoolG, nodeA_c01)" : {
          "AppCoordinates {com.bbn, test-service2, 1}" : {
            "DATARATE_TX" : 7.399999999999989E-5,
            "DATARATE_RX" : 1.4799999999999978E-4
          }
        },
        "(nodeA_c02, clientPoolG, nodeA_c02)" : {
          "AppCoordinates {com.bbn, test-service3, 1}" : {
            "DATARATE_TX" : 6.699999999999991E-5,
            "DATARATE_RX" : 1.3399999999999981E-4
          }
        },
        "(nodeA_c03, clientPoolG, nodeA_c03)" : {
          "AppCoordinates {com.bbn, test-service1, 1}" : {
            "DATARATE_TX" : 5.6999999999999935E-5,
            "DATARATE_RX" : 1.1399999999999987E-4
          }
        },
        "(nodeA_c04, clientPoolG, nodeA_c04)" : {
          "AppCoordinates {com.bbn, test-service3, 1}" : {
            "DATARATE_TX" : 7.09999999999999E-5,
            "DATARATE_RX" : 1.419999999999998E-4
          },
          "AppCoordinates {com.bbn, test-service1, 1}" : {
            "DATARATE_TX" : -3.8116482626443515E-21,
            "DATARATE_RX" : -7.623296525288703E-21
          }
        },
        "(nodeA_c06, clientPoolG, nodeA_c06)" : {
          "AppCoordinates {com.bbn, test-service2, 1}" : {
            "DATARATE_TX" : 5.899999999999993E-5,
            "DATARATE_RX" : 1.1799999999999986E-4
          }
        }
      }
    },
    "networkDemand" : {
      "interface-nodeE ( nodeE )" : {
        "(nodeA_c06, clientPoolE, nodeA_c06)" : {
          "AppCoordinates {com.bbn, test-service2, 1}" : {
            "DATARATE_TX" : 5.1285714285714236E-5,
            "DATARATE_RX" : 1.0257142857142847E-4
          }
        },
        "(nodeA_c07, clientPoolE, nodeA_c07)" : {
          "AppCoordinates {com.bbn, test-service2, 1}" : {
            "DATARATE_TX" : 4.399999999999998E-5,
            "DATARATE_RX" : 8.799999999999996E-5
          },
          "AppCoordinates {com.bbn, test-service1, 1}" : {
            "DATARATE_TX" : 6.399999999999992E-5,
            "DATARATE_RX" : 1.2799999999999983E-4
          }
        },
        "(nodeA_c00, clientPoolE, nodeA_c00)" : {
          "AppCoordinates {com.bbn, test-service1, 1}" : {
            "DATARATE_TX" : 7.09999999999999E-5,
            "DATARATE_RX" : 1.419999999999998E-4
          }
        },
        "(nodeA_c01, clientPoolE, nodeA_c01)" : {
          "AppCoordinates {com.bbn, test-service2, 1}" : {
            "DATARATE_TX" : 7.928571428571415E-5,
            "DATARATE_RX" : 1.585714285714283E-4
          }
        },
        "(nodeA_c02, clientPoolE, nodeA_c02)" : {
          "AppCoordinates {com.bbn, test-service3, 1}" : {
            "DATARATE_TX" : 6.599999999999991E-5,
            "DATARATE_RX" : 1.3199999999999982E-4
          }
        },
        "(nodeA_c03, clientPoolE, nodeA_c03)" : {
          "AppCoordinates {com.bbn, test-service1, 1}" : {
            "DATARATE_TX" : 5.399999999999995E-5,
            "DATARATE_RX" : 1.079999999999999E-4
          }
        },
        "(nodeA_c04, clientPoolE, nodeA_c04)" : {
          "AppCoordinates {com.bbn, test-service3, 1}" : {
            "DATARATE_TX" : 6.99999999999999E-5,
            "DATARATE_RX" : 1.399999999999998E-4
          },
          "AppCoordinates {com.bbn, test-service1, 1}" : {
            "DATARATE_TX" : -3.8116482626443515E-21,
            "DATARATE_RX" : -7.623296525288703E-21
          }
        }
      },
      "interface-nodeB ( nodeB )" : {
        "(nodeA_c03, clientPoolC, nodeA_c03)" : {
          "AppCoordinates {com.bbn, test-service1, 1}" : {
            "DATARATE_TX" : 4.899999999999995E-5,
            "DATARATE_RX" : 9.79999999999999E-5
          }
        },
        "(nodeA_c04, clientPoolC, nodeA_c04)" : {
          "AppCoordinates {com.bbn, test-service3, 1}" : {
            "DATARATE_TX" : 5.899999999999992E-5,
            "DATARATE_RX" : 1.1799999999999985E-4
          },
          "AppCoordinates {com.bbn, test-service1, 1}" : {
            "DATARATE_TX" : -4.2351647362715017E-22,
            "DATARATE_RX" : -8.470329472543003E-22
          }
        },
        "(nodeA_c06, clientPoolC, nodeA_c06)" : {
          "AppCoordinates {com.bbn, test-service2, 1}" : {
            "DATARATE_TX" : 4.057142857142855E-5,
            "DATARATE_RX" : 8.11428571428571E-5
          }
        },
        "(nodeA_c07, clientPoolC, nodeA_c07)" : {
          "AppCoordinates {com.bbn, test-service2, 1}" : {
            "DATARATE_TX" : 4.6999999999999957E-5,
            "DATARATE_RX" : 9.399999999999991E-5
          },
          "AppCoordinates {com.bbn, test-service1, 1}" : {
            "DATARATE_TX" : 6.79999999999999E-5,
            "DATARATE_RX" : 1.359999999999998E-4
          }
        },
        "(nodeA_c00, clientPoolC, nodeA_c00)" : {
          "AppCoordinates {com.bbn, test-service1, 1}" : {
            "DATARATE_TX" : 6.199999999999992E-5,
            "DATARATE_RX" : 1.2399999999999984E-4
          }
        },
        "(nodeA_c01, clientPoolC, nodeA_c01)" : {
          "AppCoordinates {com.bbn, test-service2, 1}" : {
            "DATARATE_TX" : 4.6999999999999957E-5,
            "DATARATE_RX" : 9.399999999999991E-5
          }
        },
        "(nodeA_c02, clientPoolC, nodeA_c02)" : {
          "AppCoordinates {com.bbn, test-service3, 1}" : {
            "DATARATE_TX" : 6.699999999999991E-5,
            "DATARATE_RX" : 1.3399999999999981E-4
          }
        }
      },
      "interface-nodeG ( nodeG )" : {
        "(nodeA_c07, clientPoolG, nodeA_c07)" : {
          "AppCoordinates {com.bbn, test-service2, 1}" : {
            "DATARATE_TX" : 5.299999999999994E-5,
            "DATARATE_RX" : 1.0599999999999988E-4
          },
          "AppCoordinates {com.bbn, test-service1, 1}" : {
            "DATARATE_TX" : 6.79999999999999E-5,
            "DATARATE_RX" : 1.359999999999998E-4
          }
        },
        "(nodeA_c00, clientPoolG, nodeA_c00)" : {
          "AppCoordinates {com.bbn, test-service1, 1}" : {
            "DATARATE_TX" : 6.699999999999991E-5,
            "DATARATE_RX" : 1.3399999999999981E-4
          }
        },
        "(nodeA_c01, clientPoolG, nodeA_c01)" : {
          "AppCoordinates {com.bbn, test-service2, 1}" : {
            "DATARATE_TX" : 7.399999999999989E-5,
            "DATARATE_RX" : 1.4799999999999978E-4
          }
        },
        "(nodeA_c02, clientPoolG, nodeA_c02)" : {
          "AppCoordinates {com.bbn, test-service3, 1}" : {
            "DATARATE_TX" : 6.699999999999991E-5,
            "DATARATE_RX" : 1.3399999999999981E-4
          }
        },
        "(nodeA_c03, clientPoolG, nodeA_c03)" : {
          "AppCoordinates {com.bbn, test-service1, 1}" : {
            "DATARATE_TX" : 5.699999999999993E-5,
            "DATARATE_RX" : 1.1399999999999986E-4
          }
        },
        "(nodeA_c04, clientPoolG, nodeA_c04)" : {
          "AppCoordinates {com.bbn, test-service3, 1}" : {
            "DATARATE_TX" : 7.09999999999999E-5,
            "DATARATE_RX" : 1.419999999999998E-4
          },
          "AppCoordinates {com.bbn, test-service1, 1}" : {
            "DATARATE_TX" : -3.8116482626443515E-21,
            "DATARATE_RX" : -7.623296525288703E-21
          }
        },
        "(nodeA_c06, clientPoolG, nodeA_c06)" : {
          "AppCoordinates {com.bbn, test-service2, 1}" : {
            "DATARATE_TX" : 6.114285714285708E-5,
            "DATARATE_RX" : 1.2228571428571415E-4
          }
        }
      }
    },
    "containerReports" : {
      "nodeA_c03" : {
        "containerName" : {
          "name" : "nodeA_c03"
        },
        "timestamp" : 115999,
        "service" : {
          "group" : "com.bbn",
          "artifact" : "test-service1",
          "version" : "1"
        },
        "serviceStatus" : "RUNNING",
        "demandEstimationWindow" : "SHORT",
        "computeCapacity" : {
          "CPU" : 1.0,
          "TASK_CONTAINERS" : 100.0,
          "QueueLength" : 1000000.0
        },
        "computeLoad" : {
          "UNKNOWN" : {
            "QueueLength" : 160.0,
            "TASK_CONTAINERS" : 80.0
          }
        },
        "computeDemand" : {
          "UNKNOWN" : {
            "QueueLength" : 140.0,
            "TASK_CONTAINERS" : 70.0
          }
        },
        "averageProcessingTime" : 120000.0,
        "networkCapacity" : {
          "interface-nodeA ( nodeA )" : {
            "DATARATE_TX" : 100.0,
            "DATARATE_RX" : 100.0
          }
        },
        "networkLoad" : {
          "interface-nodeA ( nodeA )" : {
            "(clientPoolG, nodeA_c03, nodeA_c03)" : {
              "AppCoordinates {com.bbn, test-service1, 1}" : {
                "DATARATE_TX" : 2.7799999999999944E-4,
                "DATARATE_RX" : 1.3899999999999972E-4
              }
            },
            "(clientPoolC, nodeA_c03, nodeA_c03)" : {
              "AppCoordinates {com.bbn, test-service1, 1}" : {
                "DATARATE_TX" : 2.579999999999995E-4,
                "DATARATE_RX" : 1.2899999999999975E-4
              }
            },
            "(clientPoolE, nodeA_c03, nodeA_c03)" : {
              "AppCoordinates {com.bbn, test-service1, 1}" : {
                "DATARATE_TX" : 2.6599999999999947E-4,
                "DATARATE_RX" : 1.3299999999999974E-4
              }
            }
          }
        },
        "networkDemand" : {
          "interface-nodeA ( nodeA )" : {
            "(clientPoolG, nodeA_c03, nodeA_c03)" : {
              "AppCoordinates {com.bbn, test-service1, 1}" : {
                "DATARATE_TX" : 2.7799999999999944E-4,
                "DATARATE_RX" : 1.3899999999999972E-4
              }
            },
            "(clientPoolC, nodeA_c03, nodeA_c03)" : {
              "AppCoordinates {com.bbn, test-service1, 1}" : {
                "DATARATE_TX" : 2.579999999999995E-4,
                "DATARATE_RX" : 1.2899999999999975E-4
              }
            },
            "(clientPoolE, nodeA_c03, nodeA_c03)" : {
              "AppCoordinates {com.bbn, test-service1, 1}" : {
                "DATARATE_TX" : 2.6599999999999947E-4,
                "DATARATE_RX" : 1.3299999999999974E-4
              }
            }
          }
        }
      },
      "nodeA_c04" : {
        "containerName" : {
          "name" : "nodeA_c04"
        },
        "timestamp" : 116000,
        "service" : {
          "group" : "com.bbn",
          "artifact" : "test-service3",
          "version" : "1"
        },
        "serviceStatus" : "RUNNING",
        "demandEstimationWindow" : "SHORT",
        "computeCapacity" : {
          "CPU" : 1.0,
          "TASK_CONTAINERS" : 100.0,
          "QueueLength" : 1000000.0
        },
        "computeLoad" : {
          "UNKNOWN" : {
            "QueueLength" : 200.0,
            "TASK_CONTAINERS" : 100.0
          }
        },
        "computeDemand" : {
          "UNKNOWN" : {
            "QueueLength" : 175.0,
            "TASK_CONTAINERS" : 87.5
          }
        },
        "averageProcessingTime" : "NaN",
        "networkCapacity" : {
          "interface-nodeA ( nodeA )" : {
            "DATARATE_TX" : 100.0,
            "DATARATE_RX" : 100.0
          }
        },
        "networkLoad" : {
          "interface-nodeA ( nodeA )" : {
            "(clientPoolC, nodeA_c04, nodeA_c04)" : {
              "AppCoordinates {com.bbn, test-service3, 1}" : {
                "DATARATE_TX" : 1.439999999999998E-4,
                "DATARATE_RX" : 7.19999999999999E-5
              }
            },
            "(clientPoolE, nodeA_c04, nodeA_c04)" : {
              "AppCoordinates {com.bbn, test-service3, 1}" : {
                "DATARATE_TX" : 1.6799999999999972E-4,
                "DATARATE_RX" : 8.399999999999986E-5
              }
            },
            "(clientPoolG, nodeA_c04, nodeA_c04)" : {
              "AppCoordinates {com.bbn, test-service3, 1}" : {
                "DATARATE_TX" : 1.6399999999999973E-4,
                "DATARATE_RX" : 8.199999999999987E-5
              }
            }
          }
        },
        "networkDemand" : {
          "interface-nodeA ( nodeA )" : {
            "(clientPoolC, nodeA_c04, nodeA_c04)" : {
              "AppCoordinates {com.bbn, test-service3, 1}" : {
                "DATARATE_TX" : 1.439999999999998E-4,
                "DATARATE_RX" : 7.19999999999999E-5
              }
            },
            "(clientPoolE, nodeA_c04, nodeA_c04)" : {
              "AppCoordinates {com.bbn, test-service3, 1}" : {
                "DATARATE_TX" : 1.6799999999999972E-4,
                "DATARATE_RX" : 8.399999999999986E-5
              }
            },
            "(clientPoolG, nodeA_c04, nodeA_c04)" : {
              "AppCoordinates {com.bbn, test-service3, 1}" : {
                "DATARATE_TX" : 1.639999999999997E-4,
                "DATARATE_RX" : 8.199999999999985E-5
              }
            }
          }
        }
      },
      "nodeA_c01" : {
        "containerName" : {
          "name" : "nodeA_c01"
        },
        "timestamp" : 116002,
        "service" : {
          "group" : "com.bbn",
          "artifact" : "test-service2",
          "version" : "1"
        },
        "serviceStatus" : "RUNNING",
        "demandEstimationWindow" : "SHORT",
        "computeCapacity" : {
          "CPU" : 1.0,
          "TASK_CONTAINERS" : 100.0,
          "QueueLength" : 1000000.0
        },
        "computeLoad" : {
          "UNKNOWN" : {
            "QueueLength" : 200.0,
            "TASK_CONTAINERS" : 100.0
          }
        },
        "computeDemand" : {
          "UNKNOWN" : {
            "QueueLength" : 171.42857142857142,
            "TASK_CONTAINERS" : 85.71428571428571
          }
        },
        "averageProcessingTime" : 120000.0,
        "networkCapacity" : {
          "interface-nodeA ( nodeA )" : {
            "DATARATE_TX" : 100.0,
            "DATARATE_RX" : 100.0
          }
        },
        "networkLoad" : {
          "interface-nodeA ( nodeA )" : {
            "(clientPoolE, nodeA_c01, nodeA_c01)" : {
              "AppCoordinates {com.bbn, test-service2, 1}" : {
                "DATARATE_TX" : 4.0199999999999915E-4,
                "DATARATE_RX" : 2.0099999999999957E-4
              }
            },
            "(clientPoolG, nodeA_c01, nodeA_c01)" : {
              "AppCoordinates {com.bbn, test-service2, 1}" : {
                "DATARATE_TX" : 3.839999999999992E-4,
                "DATARATE_RX" : 1.919999999999996E-4
              }
            },
            "(clientPoolC, nodeA_c01, nodeA_c01)" : {
              "AppCoordinates {com.bbn, test-service2, 1}" : {
                "DATARATE_TX" : 3.099999999999994E-4,
                "DATARATE_RX" : 1.549999999999997E-4
              }
            }
          }
        },
        "networkDemand" : {
          "interface-nodeA ( nodeA )" : {
            "(clientPoolE, nodeA_c01, nodeA_c01)" : {
              "AppCoordinates {com.bbn, test-service2, 1}" : {
                "DATARATE_TX" : 4.1299999999999914E-4,
                "DATARATE_RX" : 2.0649999999999957E-4
              }
            },
            "(clientPoolG, nodeA_c01, nodeA_c01)" : {
              "AppCoordinates {com.bbn, test-service2, 1}" : {
                "DATARATE_TX" : 3.936666666666658E-4,
                "DATARATE_RX" : 1.968333333333329E-4
              }
            },
            "(clientPoolC, nodeA_c01, nodeA_c01)" : {
              "AppCoordinates {com.bbn, test-service2, 1}" : {
                "DATARATE_TX" : 3.33666666666666E-4,
                "DATARATE_RX" : 1.66833333333333E-4
              }
            }
          }
        }
      },
      "nodeA_c02" : {
        "containerName" : {
          "name" : "nodeA_c02"
        },
        "timestamp" : 116004,
        "service" : {
          "group" : "com.bbn",
          "artifact" : "test-service3",
          "version" : "1"
        },
        "serviceStatus" : "RUNNING",
        "demandEstimationWindow" : "SHORT",
        "computeCapacity" : {
          "CPU" : 1.0,
          "TASK_CONTAINERS" : 100.0,
          "QueueLength" : 1000000.0
        },
        "computeLoad" : {
          "UNKNOWN" : {
            "QueueLength" : 200.0,
            "TASK_CONTAINERS" : 100.0
          }
        },
        "computeDemand" : {
          "UNKNOWN" : {
            "QueueLength" : 171.42857142857142,
            "TASK_CONTAINERS" : 85.71428571428571
          }
        },
        "averageProcessingTime" : "NaN",
        "networkCapacity" : {
          "interface-nodeA ( nodeA )" : {
            "DATARATE_TX" : 100.0,
            "DATARATE_RX" : 100.0
          }
        },
        "networkLoad" : {
          "interface-nodeA ( nodeA )" : {
            "(clientPoolG, nodeA_c02, nodeA_c02)" : {
              "AppCoordinates {com.bbn, test-service3, 1}" : {
                "DATARATE_TX" : 6.360000000000024E-4,
                "DATARATE_RX" : 3.180000000000012E-4
              }
            },
            "(clientPoolC, nodeA_c02, nodeA_c02)" : {
              "AppCoordinates {com.bbn, test-service3, 1}" : {
                "DATARATE_TX" : 6.560000000000029E-4,
                "DATARATE_RX" : 3.2800000000000147E-4
              }
            },
            "(clientPoolE, nodeA_c02, nodeA_c02)" : {
              "AppCoordinates {com.bbn, test-service3, 1}" : {
                "DATARATE_TX" : 6.320000000000024E-4,
                "DATARATE_RX" : 3.160000000000012E-4
              }
            }
          }
        },
        "networkDemand" : {
          "interface-nodeA ( nodeA )" : {
            "(clientPoolG, nodeA_c02, nodeA_c02)" : {
              "AppCoordinates {com.bbn, test-service3, 1}" : {
                "DATARATE_TX" : 6.360000000000024E-4,
                "DATARATE_RX" : 3.180000000000012E-4
              }
            },
            "(clientPoolC, nodeA_c02, nodeA_c02)" : {
              "AppCoordinates {com.bbn, test-service3, 1}" : {
                "DATARATE_TX" : 6.560000000000029E-4,
                "DATARATE_RX" : 3.2800000000000147E-4
              }
            },
            "(clientPoolE, nodeA_c02, nodeA_c02)" : {
              "AppCoordinates {com.bbn, test-service3, 1}" : {
                "DATARATE_TX" : 6.320000000000024E-4,
                "DATARATE_RX" : 3.160000000000012E-4
              }
            }
          }
        }
      },
      "nodeA_c00" : {
        "containerName" : {
          "name" : "nodeA_c00"
        },
        "timestamp" : 116005,
        "service" : {
          "group" : "com.bbn",
          "artifact" : "test-service1",
          "version" : "1"
        },
        "serviceStatus" : "RUNNING",
        "demandEstimationWindow" : "SHORT",
        "computeCapacity" : {
          "CPU" : 1.0,
          "TASK_CONTAINERS" : 100.0,
          "QueueLength" : 1000000.0
        },
        "computeLoad" : {
          "UNKNOWN" : {
            "QueueLength" : 200.0,
            "TASK_CONTAINERS" : 100.0
          }
        },
        "computeDemand" : {
          "UNKNOWN" : {
            "QueueLength" : 171.42857142857142,
            "TASK_CONTAINERS" : 85.71428571428571
          }
        },
        "averageProcessingTime" : 120000.0,
        "networkCapacity" : {
          "interface-nodeA ( nodeA )" : {
            "DATARATE_TX" : 100.0,
            "DATARATE_RX" : 100.0
          }
        },
        "networkLoad" : {
          "interface-nodeA ( nodeA )" : {
            "(clientPoolE, nodeA_c00, nodeA_c00)" : {
              "AppCoordinates {com.bbn, test-service1, 1}" : {
                "DATARATE_TX" : 2.759999999999995E-4,
                "DATARATE_RX" : 1.3799999999999975E-4
              }
            },
            "(clientPoolG, nodeA_c00, nodeA_c00)" : {
              "AppCoordinates {com.bbn, test-service1, 1}" : {
                "DATARATE_TX" : 2.6399999999999953E-4,
                "DATARATE_RX" : 1.3199999999999977E-4
              }
            },
            "(clientPoolC, nodeA_c00, nodeA_c00)" : {
              "AppCoordinates {com.bbn, test-service1, 1}" : {
                "DATARATE_TX" : 2.5599999999999955E-4,
                "DATARATE_RX" : 1.2799999999999978E-4
              }
            }
          }
        },
        "networkDemand" : {
          "interface-nodeA ( nodeA )" : {
            "(clientPoolE, nodeA_c00, nodeA_c00)" : {
              "AppCoordinates {com.bbn, test-service1, 1}" : {
                "DATARATE_TX" : 2.759999999999995E-4,
                "DATARATE_RX" : 1.3799999999999975E-4
              }
            },
            "(clientPoolG, nodeA_c00, nodeA_c00)" : {
              "AppCoordinates {com.bbn, test-service1, 1}" : {
                "DATARATE_TX" : 2.6399999999999953E-4,
                "DATARATE_RX" : 1.3199999999999977E-4
              }
            },
            "(clientPoolC, nodeA_c00, nodeA_c00)" : {
              "AppCoordinates {com.bbn, test-service1, 1}" : {
                "DATARATE_TX" : 2.5599999999999955E-4,
                "DATARATE_RX" : 1.2799999999999978E-4
              }
            }
          }
        }
      },
      "nodeA_c07" : {
        "containerName" : {
          "name" : "nodeA_c07"
        },
        "timestamp" : 116006,
        "service" : {
          "group" : "com.bbn",
          "artifact" : "test-service1",
          "version" : "1"
        },
        "serviceStatus" : "RUNNING",
        "demandEstimationWindow" : "SHORT",
        "computeCapacity" : {
          "CPU" : 1.0,
          "TASK_CONTAINERS" : 100.0,
          "QueueLength" : 1000000.0
        },
        "computeLoad" : {
          "UNKNOWN" : {
            "QueueLength" : 200.0,
            "TASK_CONTAINERS" : 100.0
          }
        },
        "computeDemand" : {
          "UNKNOWN" : {
            "QueueLength" : 171.42857142857142,
            "TASK_CONTAINERS" : 85.71428571428571
          }
        },
        "averageProcessingTime" : "NaN",
        "networkCapacity" : {
          "interface-nodeA ( nodeA )" : {
            "DATARATE_TX" : 100.0,
            "DATARATE_RX" : 100.0
          }
        },
        "networkLoad" : {
          "interface-nodeA ( nodeA )" : {
            "(clientPoolC, nodeA_c07, nodeA_c07)" : {
              "AppCoordinates {com.bbn, test-service1, 1}" : {
                "DATARATE_TX" : 2.859999999999994E-4,
                "DATARATE_RX" : 1.429999999999997E-4
              }
            },
            "(clientPoolE, nodeA_c07, nodeA_c07)" : {
              "AppCoordinates {com.bbn, test-service1, 1}" : {
                "DATARATE_TX" : 2.579999999999995E-4,
                "DATARATE_RX" : 1.2899999999999975E-4
              }
            },
            "(clientPoolG, nodeA_c07, nodeA_c07)" : {
              "AppCoordinates {com.bbn, test-service1, 1}" : {
                "DATARATE_TX" : 2.579999999999995E-4,
                "DATARATE_RX" : 1.2899999999999975E-4
              }
            }
          }
        },
        "networkDemand" : {
          "interface-nodeA ( nodeA )" : {
            "(clientPoolC, nodeA_c07, nodeA_c07)" : {
              "AppCoordinates {com.bbn, test-service1, 1}" : {
                "DATARATE_TX" : 2.859999999999994E-4,
                "DATARATE_RX" : 1.429999999999997E-4
              }
            },
            "(clientPoolE, nodeA_c07, nodeA_c07)" : {
              "AppCoordinates {com.bbn, test-service1, 1}" : {
                "DATARATE_TX" : 2.579999999999995E-4,
                "DATARATE_RX" : 1.2899999999999975E-4
              }
            },
            "(clientPoolG, nodeA_c07, nodeA_c07)" : {
              "AppCoordinates {com.bbn, test-service1, 1}" : {
                "DATARATE_TX" : 2.579999999999995E-4,
                "DATARATE_RX" : 1.2899999999999975E-4
              }
            }
          }
        }
      },
      "nodeA_c05" : {
        "containerName" : {
          "name" : "nodeA_c05"
        },
        "timestamp" : 116007,
        "service" : {
          "group" : "com.bbn",
          "artifact" : "test-service3",
          "version" : "1"
        },
        "serviceStatus" : "RUNNING",
        "demandEstimationWindow" : "SHORT",
        "computeCapacity" : {
          "CPU" : 1.0,
          "TASK_CONTAINERS" : 100.0,
          "QueueLength" : 1000000.0
        },
        "computeLoad" : {
          "UNKNOWN" : {
            "QueueLength" : 0.0
          }
        },
        "computeDemand" : {
          "UNKNOWN" : {
            "QueueLength" : 0.0
          }
        },
        "averageProcessingTime" : "NaN",
        "networkCapacity" : {
          "interface-nodeA ( nodeA )" : {
            "DATARATE_TX" : 100.0,
            "DATARATE_RX" : 100.0
          }
        },
        "networkLoad" : {
          "interface-nodeA ( nodeA )" : { }
        },
        "networkDemand" : {
          "interface-nodeA ( nodeA )" : { }
        }
      },
      "nodeA_c06" : {
        "containerName" : {
          "name" : "nodeA_c06"
        },
        "timestamp" : 116031,
        "service" : {
          "group" : "com.bbn",
          "artifact" : "test-service2",
          "version" : "1"
        },
        "serviceStatus" : "RUNNING",
        "demandEstimationWindow" : "SHORT",
        "computeCapacity" : {
          "CPU" : 1.0,
          "TASK_CONTAINERS" : 100.0,
          "QueueLength" : 1000000.0
        },
        "computeLoad" : {
          "UNKNOWN" : {
            "QueueLength" : 134.0,
            "TASK_CONTAINERS" : 67.0
          }
        },
        "computeDemand" : {
          "UNKNOWN" : {
            "QueueLength" : 127.85714285714286,
            "TASK_CONTAINERS" : 63.92857142857143
          }
        },
        "averageProcessingTime" : 120000.0,
        "networkCapacity" : {
          "interface-nodeA ( nodeA )" : {
            "DATARATE_TX" : 100.0,
            "DATARATE_RX" : 100.0
          }
        },
        "networkLoad" : {
          "interface-nodeA ( nodeA )" : {
            "(clientPoolC, nodeA_c06, nodeA_c06)" : {
              "AppCoordinates {com.bbn, test-service2, 1}" : {
                "DATARATE_TX" : 3.0399999999999937E-4,
                "DATARATE_RX" : 1.5199999999999968E-4
              }
            },
            "(clientPoolE, nodeA_c06, nodeA_c06)" : {
              "AppCoordinates {com.bbn, test-service2, 1}" : {
                "DATARATE_TX" : 4.2399999999999903E-4,
                "DATARATE_RX" : 2.1199999999999952E-4
              }
            },
            "(clientPoolG, nodeA_c06, nodeA_c06)" : {
              "AppCoordinates {com.bbn, test-service2, 1}" : {
                "DATARATE_TX" : 4.079999999999991E-4,
                "DATARATE_RX" : 2.0399999999999954E-4
              }
            }
          }
        },
        "networkDemand" : {
          "interface-nodeA ( nodeA )" : {
            "(clientPoolC, nodeA_c06, nodeA_c06)" : {
              "AppCoordinates {com.bbn, test-service2, 1}" : {
                "DATARATE_TX" : 3.253333333333326E-4,
                "DATARATE_RX" : 1.626666666666663E-4
              }
            },
            "(clientPoolE, nodeA_c06, nodeA_c06)" : {
              "AppCoordinates {com.bbn, test-service2, 1}" : {
                "DATARATE_TX" : 4.28999999999999E-4,
                "DATARATE_RX" : 2.144999999999995E-4
              }
            },
            "(clientPoolG, nodeA_c06, nodeA_c06)" : {
              "AppCoordinates {com.bbn, test-service2, 1}" : {
                "DATARATE_TX" : 4.11999999999999E-4,
                "DATARATE_RX" : 2.059999999999995E-4
              }
            }
          }
        }
      }
    },
    "maximumServiceContainers" : 8,
    "allocatedServiceContainers" : 8,
    "computeDemand" : {
      "AppCoordinates {com.bbn, test-service3, 1}" : {
        "UNKNOWN" : {
          "QueueLength" : 346.42857142857144,
          "TASK_CONTAINERS" : 173.21428571428572
        }
      },
      "AppCoordinates {com.bbn, test-service2, 1}" : {
        "UNKNOWN" : {
          "QueueLength" : 299.2857142857143,
          "TASK_CONTAINERS" : 149.64285714285714
        }
      },
      "AppCoordinates {com.bbn, test-service1, 1}" : {
        "UNKNOWN" : {
          "QueueLength" : 482.8571428571429,
          "TASK_CONTAINERS" : 241.42857142857144
        }
      }
    },
    "containerNetworkLoad" : {
      "interface-nodeA ( nodeA )" : {
        "(clientPoolE, nodeA_c01, nodeA_c01)" : {
          "AppCoordinates {com.bbn, test-service2, 1}" : {
            "DATARATE_TX" : 4.0199999999999915E-4,
            "DATARATE_RX" : 2.0099999999999957E-4
          }
        },
        "(clientPoolG, nodeA_c03, nodeA_c03)" : {
          "AppCoordinates {com.bbn, test-service1, 1}" : {
            "DATARATE_TX" : 2.7799999999999944E-4,
            "DATARATE_RX" : 1.3899999999999972E-4
          }
        },
        "(clientPoolE, nodeA_c00, nodeA_c00)" : {
          "AppCoordinates {com.bbn, test-service1, 1}" : {
            "DATARATE_TX" : 2.759999999999995E-4,
            "DATARATE_RX" : 1.3799999999999975E-4
          }
        },
        "(clientPoolG, nodeA_c02, nodeA_c02)" : {
          "AppCoordinates {com.bbn, test-service3, 1}" : {
            "DATARATE_TX" : 6.360000000000024E-4,
            "DATARATE_RX" : 3.180000000000012E-4
          }
        },
        "(clientPoolG, nodeA_c01, nodeA_c01)" : {
          "AppCoordinates {com.bbn, test-service2, 1}" : {
            "DATARATE_TX" : 3.839999999999992E-4,
            "DATARATE_RX" : 1.919999999999996E-4
          }
        },
        "(clientPoolG, nodeA_c00, nodeA_c00)" : {
          "AppCoordinates {com.bbn, test-service1, 1}" : {
            "DATARATE_TX" : 2.6399999999999953E-4,
            "DATARATE_RX" : 1.3199999999999977E-4
          }
        },
        "(clientPoolC, nodeA_c07, nodeA_c07)" : {
          "AppCoordinates {com.bbn, test-service1, 1}" : {
            "DATARATE_TX" : 2.859999999999994E-4,
            "DATARATE_RX" : 1.429999999999997E-4
          }
        },
        "(clientPoolC, nodeA_c06, nodeA_c06)" : {
          "AppCoordinates {com.bbn, test-service2, 1}" : {
            "DATARATE_TX" : 3.0399999999999937E-4,
            "DATARATE_RX" : 1.5199999999999968E-4
          }
        },
        "(clientPoolE, nodeA_c07, nodeA_c07)" : {
          "AppCoordinates {com.bbn, test-service1, 1}" : {
            "DATARATE_TX" : 2.579999999999995E-4,
            "DATARATE_RX" : 1.2899999999999975E-4
          }
        },
        "(clientPoolE, nodeA_c06, nodeA_c06)" : {
          "AppCoordinates {com.bbn, test-service2, 1}" : {
            "DATARATE_TX" : 4.2399999999999903E-4,
            "DATARATE_RX" : 2.1199999999999952E-4
          }
        },
        "(clientPoolC, nodeA_c04, nodeA_c04)" : {
          "AppCoordinates {com.bbn, test-service3, 1}" : {
            "DATARATE_TX" : 1.439999999999998E-4,
            "DATARATE_RX" : 7.19999999999999E-5
          }
        },
        "(clientPoolG, nodeA_c07, nodeA_c07)" : {
          "AppCoordinates {com.bbn, test-service1, 1}" : {
            "DATARATE_TX" : 2.579999999999995E-4,
            "DATARATE_RX" : 1.2899999999999975E-4
          }
        },
        "(clientPoolC, nodeA_c03, nodeA_c03)" : {
          "AppCoordinates {com.bbn, test-service1, 1}" : {
            "DATARATE_TX" : 2.579999999999995E-4,
            "DATARATE_RX" : 1.2899999999999975E-4
          }
        },
        "(clientPoolG, nodeA_c06, nodeA_c06)" : {
          "AppCoordinates {com.bbn, test-service2, 1}" : {
            "DATARATE_TX" : 4.079999999999991E-4,
            "DATARATE_RX" : 2.0399999999999954E-4
          }
        },
        "(clientPoolC, nodeA_c02, nodeA_c02)" : {
          "AppCoordinates {com.bbn, test-service3, 1}" : {
            "DATARATE_TX" : 6.560000000000029E-4,
            "DATARATE_RX" : 3.2800000000000147E-4
          }
        },
        "(clientPoolE, nodeA_c04, nodeA_c04)" : {
          "AppCoordinates {com.bbn, test-service3, 1}" : {
            "DATARATE_TX" : 1.6799999999999972E-4,
            "DATARATE_RX" : 8.399999999999986E-5
          }
        },
        "(clientPoolC, nodeA_c01, nodeA_c01)" : {
          "AppCoordinates {com.bbn, test-service2, 1}" : {
            "DATARATE_TX" : 3.099999999999994E-4,
            "DATARATE_RX" : 1.549999999999997E-4
          }
        },
        "(clientPoolE, nodeA_c03, nodeA_c03)" : {
          "AppCoordinates {com.bbn, test-service1, 1}" : {
            "DATARATE_TX" : 2.6599999999999947E-4,
            "DATARATE_RX" : 1.3299999999999974E-4
          }
        },
        "(clientPoolC, nodeA_c00, nodeA_c00)" : {
          "AppCoordinates {com.bbn, test-service1, 1}" : {
            "DATARATE_TX" : 2.5599999999999955E-4,
            "DATARATE_RX" : 1.2799999999999978E-4
          }
        },
        "(clientPoolE, nodeA_c02, nodeA_c02)" : {
          "AppCoordinates {com.bbn, test-service3, 1}" : {
            "DATARATE_TX" : 6.320000000000024E-4,
            "DATARATE_RX" : 3.160000000000012E-4
          }
        },
        "(clientPoolG, nodeA_c04, nodeA_c04)" : {
          "AppCoordinates {com.bbn, test-service3, 1}" : {
            "DATARATE_TX" : 1.6399999999999973E-4,
            "DATARATE_RX" : 8.199999999999987E-5
          }
        }
      }
    },
    "containerNetworkDemand" : {
      "interface-nodeA ( nodeA )" : {
        "(clientPoolE, nodeA_c01, nodeA_c01)" : {
          "AppCoordinates {com.bbn, test-service2, 1}" : {
            "DATARATE_TX" : 4.1299999999999914E-4,
            "DATARATE_RX" : 2.0649999999999957E-4
          }
        },
        "(clientPoolG, nodeA_c03, nodeA_c03)" : {
          "AppCoordinates {com.bbn, test-service1, 1}" : {
            "DATARATE_TX" : 2.7799999999999944E-4,
            "DATARATE_RX" : 1.3899999999999972E-4
          }
        },
        "(clientPoolE, nodeA_c00, nodeA_c00)" : {
          "AppCoordinates {com.bbn, test-service1, 1}" : {
            "DATARATE_TX" : 2.759999999999995E-4,
            "DATARATE_RX" : 1.3799999999999975E-4
          }
        },
        "(clientPoolG, nodeA_c02, nodeA_c02)" : {
          "AppCoordinates {com.bbn, test-service3, 1}" : {
            "DATARATE_TX" : 6.360000000000024E-4,
            "DATARATE_RX" : 3.180000000000012E-4
          }
        },
        "(clientPoolG, nodeA_c01, nodeA_c01)" : {
          "AppCoordinates {com.bbn, test-service2, 1}" : {
            "DATARATE_TX" : 3.936666666666658E-4,
            "DATARATE_RX" : 1.968333333333329E-4
          }
        },
        "(clientPoolG, nodeA_c00, nodeA_c00)" : {
          "AppCoordinates {com.bbn, test-service1, 1}" : {
            "DATARATE_TX" : 2.6399999999999953E-4,
            "DATARATE_RX" : 1.3199999999999977E-4
          }
        },
        "(clientPoolC, nodeA_c07, nodeA_c07)" : {
          "AppCoordinates {com.bbn, test-service1, 1}" : {
            "DATARATE_TX" : 2.859999999999994E-4,
            "DATARATE_RX" : 1.429999999999997E-4
          }
        },
        "(clientPoolC, nodeA_c06, nodeA_c06)" : {
          "AppCoordinates {com.bbn, test-service2, 1}" : {
            "DATARATE_TX" : 3.253333333333326E-4,
            "DATARATE_RX" : 1.626666666666663E-4
          }
        },
        "(clientPoolE, nodeA_c07, nodeA_c07)" : {
          "AppCoordinates {com.bbn, test-service1, 1}" : {
            "DATARATE_TX" : 2.579999999999995E-4,
            "DATARATE_RX" : 1.2899999999999975E-4
          }
        },
        "(clientPoolE, nodeA_c06, nodeA_c06)" : {
          "AppCoordinates {com.bbn, test-service2, 1}" : {
            "DATARATE_TX" : 4.28999999999999E-4,
            "DATARATE_RX" : 2.144999999999995E-4
          }
        },
        "(clientPoolC, nodeA_c04, nodeA_c04)" : {
          "AppCoordinates {com.bbn, test-service3, 1}" : {
            "DATARATE_TX" : 1.439999999999998E-4,
            "DATARATE_RX" : 7.19999999999999E-5
          }
        },
        "(clientPoolG, nodeA_c07, nodeA_c07)" : {
          "AppCoordinates {com.bbn, test-service1, 1}" : {
            "DATARATE_TX" : 2.579999999999995E-4,
            "DATARATE_RX" : 1.2899999999999975E-4
          }
        },
        "(clientPoolC, nodeA_c03, nodeA_c03)" : {
          "AppCoordinates {com.bbn, test-service1, 1}" : {
            "DATARATE_TX" : 2.579999999999995E-4,
            "DATARATE_RX" : 1.2899999999999975E-4
          }
        },
        "(clientPoolG, nodeA_c06, nodeA_c06)" : {
          "AppCoordinates {com.bbn, test-service2, 1}" : {
            "DATARATE_TX" : 4.11999999999999E-4,
            "DATARATE_RX" : 2.059999999999995E-4
          }
        },
        "(clientPoolC, nodeA_c02, nodeA_c02)" : {
          "AppCoordinates {com.bbn, test-service3, 1}" : {
            "DATARATE_TX" : 6.560000000000029E-4,
            "DATARATE_RX" : 3.2800000000000147E-4
          }
        },
        "(clientPoolE, nodeA_c04, nodeA_c04)" : {
          "AppCoordinates {com.bbn, test-service3, 1}" : {
            "DATARATE_TX" : 1.6799999999999972E-4,
            "DATARATE_RX" : 8.399999999999986E-5
          }
        },
        "(clientPoolC, nodeA_c01, nodeA_c01)" : {
          "AppCoordinates {com.bbn, test-service2, 1}" : {
            "DATARATE_TX" : 3.33666666666666E-4,
            "DATARATE_RX" : 1.66833333333333E-4
          }
        },
        "(clientPoolE, nodeA_c03, nodeA_c03)" : {
          "AppCoordinates {com.bbn, test-service1, 1}" : {
            "DATARATE_TX" : 2.6599999999999947E-4,
            "DATARATE_RX" : 1.3299999999999974E-4
          }
        },
        "(clientPoolC, nodeA_c00, nodeA_c00)" : {
          "AppCoordinates {com.bbn, test-service1, 1}" : {
            "DATARATE_TX" : 2.5599999999999955E-4,
            "DATARATE_RX" : 1.2799999999999978E-4
          }
        },
        "(clientPoolE, nodeA_c02, nodeA_c02)" : {
          "AppCoordinates {com.bbn, test-service3, 1}" : {
            "DATARATE_TX" : 6.320000000000024E-4,
            "DATARATE_RX" : 3.160000000000012E-4
          }
        },
        "(clientPoolG, nodeA_c04, nodeA_c04)" : {
          "AppCoordinates {com.bbn, test-service3, 1}" : {
            "DATARATE_TX" : 1.639999999999997E-4,
            "DATARATE_RX" : 8.199999999999985E-5
          }
        }
      }
    },
    "computeLoad" : {
      "AppCoordinates {com.bbn, test-service3, 1}" : {
        "UNKNOWN" : {
          "QueueLength" : 400.0,
          "TASK_CONTAINERS" : 200.0
        }
      },
      "AppCoordinates {com.bbn, test-service2, 1}" : {
        "UNKNOWN" : {
          "QueueLength" : 334.0,
          "TASK_CONTAINERS" : 167.0
        }
      },
      "AppCoordinates {com.bbn, test-service1, 1}" : {
        "UNKNOWN" : {
          "QueueLength" : 560.0,
          "TASK_CONTAINERS" : 280.0
        }
      }
    },
    "allocatedComputeCapacity" : {
      "CPU" : 8.0,
      "QueueLength" : 8000000.0,
      "TASK_CONTAINERS" : 800.0
    },
    "availableServiceContainers" : 0,
    "averageProcessingTime" : {
      "AppCoordinates {com.bbn, test-service2, 1}" : 120000.0,
      "AppCoordinates {com.bbn, test-service1, 1}" : 120000.0
    }
  } ]
}