{
  "nodeName" : {
    "name" : "nodeD"
  },
  "timestamp" : 245485,
  "demandEstimationWindow" : "LONG",
  "nodeComputeCapacity" : {
    "CPU" : 4.0,
    "MEMORY" : 8.0E9,
    "DISK" : 10.0,
    "TASK_CONTAINERS" : 20.0
  },
  "networkCapacity" : {
    "interface-nodeB ( nodeB )" : {
      "DATARATE_RX" : 100.0,
      "DATARATE_TX" : 100.0
    },
    "interface-nodeC ( nodeC )" : {
      "DATARATE_RX" : 100.0,
      "DATARATE_TX" : 100.0
    },
    "interface-nodeI ( nodeI )" : {
      "DATARATE_RX" : 100.0,
      "DATARATE_TX" : 100.0
    }
  },
  "networkLoad" : {
    "interface-nodeB ( nodeB )" : {
      "(clientPoolC, nodeA_c07, nodeA_c07)" : {
        "AppCoordinates {com.bbn, test-service2, 1}" : {
          "DATARATE_TX" : 8.470329472543003E-22,
          "DATARATE_RX" : 4.2351647362715017E-22
        },
        "AppCoordinates {com.bbn, test-service1, 1}" : {
          "DATARATE_TX" : -7.623296525288703E-21,
          "DATARATE_RX" : -3.8116482626443515E-21
        }
      },
      "(clientPoolC, nodeA_c06, nodeA_c06)" : {
        "AppCoordinates {com.bbn, test-service2, 1}" : {
          "DATARATE_TX" : 2.0199999999999962E-4,
          "DATARATE_RX" : 1.0099999999999981E-4
        }
      },
      "(clientPoolC, nodeA_c05, nodeA_c05)" : {
        "AppCoordinates {com.bbn, test-service3, 1}" : {
          "DATARATE_TX" : -7.623296525288703E-21,
          "DATARATE_RX" : -3.8116482626443515E-21
        },
        "AppCoordinates {com.bbn, test-service2, 1}" : {
          "DATARATE_TX" : 1.359999999999998E-4,
          "DATARATE_RX" : 6.79999999999999E-5
        },
        "AppCoordinates {com.bbn, test-service1, 1}" : {
          "DATARATE_TX" : 0.0,
          "DATARATE_RX" : 0.0
        }
      },
      "(clientPoolC, nodeA_c04, nodeA_c04)" : {
        "AppCoordinates {com.bbn, test-service3, 1}" : {
          "DATARATE_TX" : 4.200000000000001E-5,
          "DATARATE_RX" : 2.1000000000000006E-5
        },
        "AppCoordinates {com.bbn, test-service1, 1}" : {
          "DATARATE_TX" : -7.623296525288703E-21,
          "DATARATE_RX" : -3.8116482626443515E-21
        }
      },
      "(clientPoolC, nodeB_c00, nodeB_c00)" : {
        "AppCoordinates {com.bbn, test-service3, 1}" : {
          "DATARATE_TX" : 9.799999999999992E-5,
          "DATARATE_RX" : 4.899999999999996E-5
        }
      },
      "(clientPoolC, nodeA_c03, nodeA_c03)" : {
        "AppCoordinates {com.bbn, test-service1, 1}" : {
          "DATARATE_TX" : -7.623296525288703E-21,
          "DATARATE_RX" : -3.8116482626443515E-21
        }
      },
      "(clientPoolC, nodeA_c02, nodeA_c02)" : {
        "AppCoordinates {com.bbn, test-service3, 1}" : {
          "DATARATE_TX" : 7.999999999999991E-6,
          "DATARATE_RX" : 3.999999999999996E-6
        }
      },
      "(clientPoolC, nodeA_c01, nodeA_c01)" : {
        "AppCoordinates {com.bbn, test-service2, 1}" : {
          "DATARATE_TX" : -7.623296525288703E-21,
          "DATARATE_RX" : -3.8116482626443515E-21
        }
      },
      "(clientPoolC, nodeB_c01, nodeB_c01)" : {
        "AppCoordinates {com.bbn, test-service2, 1}" : {
          "DATARATE_TX" : 1.9999999999999923E-6,
          "DATARATE_RX" : 9.999999999999961E-7
        }
      },
      "(clientPoolC, nodeA_c00, nodeA_c00)" : {
        "AppCoordinates {com.bbn, test-service3, 1}" : {
          "DATARATE_TX" : 9.999999999999999E-6,
          "DATARATE_RX" : 4.9999999999999996E-6
        },
        "AppCoordinates {com.bbn, test-service1, 1}" : {
          "DATARATE_TX" : -7.623296525288703E-21,
          "DATARATE_RX" : -3.8116482626443515E-21
        }
      }
    },
    "interface-nodeC ( nodeC )" : {
      "(nodeB_c01, clientPoolC, nodeB_c01)" : {
        "AppCoordinates {com.bbn, test-service2, 1}" : {
          "DATARATE_TX" : 9.999999999999961E-7,
          "DATARATE_RX" : 1.9999999999999923E-6
        }
      },
      "(nodeB_c00, clientPoolC, nodeB_c00)" : {
        "AppCoordinates {com.bbn, test-service3, 1}" : {
          "DATARATE_TX" : 4.899999999999996E-5,
          "DATARATE_RX" : 9.799999999999992E-5
        }
      },
      "(nodeH_c00, clientPoolC, nodeH_c00)" : {
        "AppCoordinates {com.bbn, test-service2, 1}" : {
          "DATARATE_TX" : 1.999999999999996E-6,
          "DATARATE_RX" : 3.999999999999992E-6
        }
      },
      "(nodeH_c01, clientPoolC, nodeH_c01)" : {
        "AppCoordinates {com.bbn, test-service3, 1}" : {
          "DATARATE_TX" : 4.899999999999996E-5,
          "DATARATE_RX" : 9.799999999999992E-5
        }
      },
      "(nodeA_c03, clientPoolC, nodeA_c03)" : {
        "AppCoordinates {com.bbn, test-service1, 1}" : {
          "DATARATE_TX" : -3.8116482626443515E-21,
          "DATARATE_RX" : -7.623296525288703E-21
        }
      },
      "(nodeA_c04, clientPoolC, nodeA_c04)" : {
        "AppCoordinates {com.bbn, test-service3, 1}" : {
          "DATARATE_TX" : 2.1000000000000006E-5,
          "DATARATE_RX" : 4.200000000000001E-5
        },
        "AppCoordinates {com.bbn, test-service1, 1}" : {
          "DATARATE_TX" : -3.8116482626443515E-21,
          "DATARATE_RX" : -7.623296525288703E-21
        }
      },
      "(nodeD_c00, clientPoolC, nodeD_c00)" : {
        "AppCoordinates {com.bbn, test-service3, 1}" : {
          "DATARATE_TX" : 4.399999999999997E-5,
          "DATARATE_RX" : 8.799999999999994E-5
        }
      },
      "(nodeA_c05, clientPoolC, nodeA_c05)" : {
        "AppCoordinates {com.bbn, test-service3, 1}" : {
          "DATARATE_TX" : -3.8116482626443515E-21,
          "DATARATE_RX" : -7.623296525288703E-21
        },
        "AppCoordinates {com.bbn, test-service2, 1}" : {
          "DATARATE_TX" : 6.79999999999999E-5,
          "DATARATE_RX" : 1.359999999999998E-4
        },
        "AppCoordinates {com.bbn, test-service1, 1}" : {
          "DATARATE_TX" : 0.0,
          "DATARATE_RX" : 0.0
        }
      },
      "(nodeD_c01, clientPoolC, nodeD_c01)" : {
        "AppCoordinates {com.bbn, test-service2, 1}" : {
          "DATARATE_TX" : -3.8116482626443515E-21,
          "DATARATE_RX" : -7.623296525288703E-21
        }
      },
      "(nodeA_c06, clientPoolC, nodeA_c06)" : {
        "AppCoordinates {com.bbn, test-service2, 1}" : {
          "DATARATE_TX" : 1.0099999999999981E-4,
          "DATARATE_RX" : 2.0199999999999962E-4
        }
      },
      "(nodeA_c07, clientPoolC, nodeA_c07)" : {
        "AppCoordinates {com.bbn, test-service2, 1}" : {
          "DATARATE_TX" : 4.2351647362715017E-22,
          "DATARATE_RX" : 8.470329472543003E-22
        },
        "AppCoordinates {com.bbn, test-service1, 1}" : {
          "DATARATE_TX" : -3.8116482626443515E-21,
          "DATARATE_RX" : -7.623296525288703E-21
        }
      },
      "(nodeI_c00, clientPoolC, nodeI_c00)" : {
        "AppCoordinates {com.bbn, test-service2, 1}" : {
          "DATARATE_TX" : -3.8116482626443515E-21,
          "DATARATE_RX" : -7.623296525288703E-21
        }
      },
      "(nodeA_c00, clientPoolC, nodeA_c00)" : {
        "AppCoordinates {com.bbn, test-service3, 1}" : {
          "DATARATE_TX" : 4.9999999999999996E-6,
          "DATARATE_RX" : 9.999999999999999E-6
        },
        "AppCoordinates {com.bbn, test-service1, 1}" : {
          "DATARATE_TX" : -3.8116482626443515E-21,
          "DATARATE_RX" : -7.623296525288703E-21
        }
      },
      "(nodeA_c01, clientPoolC, nodeA_c01)" : {
        "AppCoordinates {com.bbn, test-service2, 1}" : {
          "DATARATE_TX" : -3.8116482626443515E-21,
          "DATARATE_RX" : -7.623296525288703E-21
        }
      },
      "(nodeI_c01, clientPoolC, nodeI_c01)" : {
        "AppCoordinates {com.bbn, test-service3, 1}" : {
          "DATARATE_TX" : 4.799999999999996E-5,
          "DATARATE_RX" : 9.599999999999992E-5
        }
      },
      "(nodeA_c02, clientPoolC, nodeA_c02)" : {
        "AppCoordinates {com.bbn, test-service3, 1}" : {
          "DATARATE_TX" : 3.999999999999996E-6,
          "DATARATE_RX" : 7.999999999999991E-6
        }
      }
    },
    "interface-nodeI ( nodeI )" : {
      "(clientPoolC, nodeI_c01, nodeI_c01)" : {
        "AppCoordinates {com.bbn, test-service3, 1}" : {
          "DATARATE_TX" : 9.599999999999992E-5,
          "DATARATE_RX" : 4.799999999999996E-5
        }
      },
      "(clientPoolC, nodeH_c00, nodeH_c00)" : {
        "AppCoordinates {com.bbn, test-service2, 1}" : {
          "DATARATE_TX" : 3.999999999999992E-6,
          "DATARATE_RX" : 1.999999999999996E-6
        }
      },
      "(clientPoolC, nodeI_c00, nodeI_c00)" : {
        "AppCoordinates {com.bbn, test-service2, 1}" : {
          "DATARATE_TX" : -7.623296525288703E-21,
          "DATARATE_RX" : -3.8116482626443515E-21
        }
      },
      "(clientPoolC, nodeH_c01, nodeH_c01)" : {
        "AppCoordinates {com.bbn, test-service3, 1}" : {
          "DATARATE_TX" : 9.799999999999992E-5,
          "DATARATE_RX" : 4.899999999999996E-5
        }
      }
    }
  },
  "networkDemand" : {
    "interface-nodeC ( nodeC )" : {
      "(nodeB_c01, clientPoolC, nodeB_c01)" : {
        "AppCoordinates {com.bbn, test-service2, 1}" : {
          "DATARATE_TX" : 4.104395604395593E-5,
          "DATARATE_RX" : 8.208791208791186E-5
        }
      },
      "(nodeB_c00, clientPoolC, nodeB_c00)" : {
        "AppCoordinates {com.bbn, test-service3, 1}" : {
          "DATARATE_TX" : 1.3279220779220773E-5,
          "DATARATE_RX" : 2.6558441558441546E-5
        }
      },
      "(nodeH_c00, clientPoolC, nodeH_c00)" : {
        "AppCoordinates {com.bbn, test-service2, 1}" : {
          "DATARATE_TX" : 4.206666666666662E-5,
          "DATARATE_RX" : 8.413333333333324E-5
        }
      },
      "(nodeH_c01, clientPoolC, nodeH_c01)" : {
        "AppCoordinates {com.bbn, test-service3, 1}" : {
          "DATARATE_TX" : 2.6799999999999994E-5,
          "DATARATE_RX" : 5.359999999999999E-5
        }
      },
      "(nodeA_c03, clientPoolC, nodeA_c03)" : {
        "AppCoordinates {com.bbn, test-service1, 1}" : {
          "DATARATE_TX" : 5.294736842105245E-5,
          "DATARATE_RX" : 1.058947368421049E-4
        }
      },
      "(nodeA_c04, clientPoolC, nodeA_c04)" : {
        "AppCoordinates {com.bbn, test-service3, 1}" : {
          "DATARATE_TX" : 2.575163398692817E-6,
          "DATARATE_RX" : 5.150326797385634E-6
        },
        "AppCoordinates {com.bbn, test-service1, 1}" : {
          "DATARATE_TX" : 1.0204986149584472E-5,
          "DATARATE_RX" : 2.0409972299168943E-5
        }
      },
      "(nodeD_c00, clientPoolC, nodeD_c00)" : {
        "AppCoordinates {com.bbn, test-service3, 1}" : {
          "DATARATE_TX" : 1.396103896103895E-5,
          "DATARATE_RX" : 2.79220779220779E-5
        }
      },
      "(nodeA_c05, clientPoolC, nodeA_c05)" : {
        "AppCoordinates {com.bbn, test-service3, 1}" : {
          "DATARATE_TX" : 2.185595567867037E-5,
          "DATARATE_RX" : 4.371191135734074E-5
        },
        "AppCoordinates {com.bbn, test-service2, 1}" : {
          "DATARATE_TX" : 6.143478260869559E-5,
          "DATARATE_RX" : 1.2286956521739118E-4
        },
        "AppCoordinates {com.bbn, test-service1, 1}" : {
          "DATARATE_TX" : 4.210526315789467E-7,
          "DATARATE_RX" : 8.421052631578934E-7
        }
      },
      "(nodeD_c01, clientPoolC, nodeD_c01)" : {
        "AppCoordinates {com.bbn, test-service2, 1}" : {
          "DATARATE_TX" : 5.36117216117214E-5,
          "DATARATE_RX" : 1.072234432234428E-4
        }
      },
      "(nodeA_c06, clientPoolC, nodeA_c06)" : {
        "AppCoordinates {com.bbn, test-service2, 1}" : {
          "DATARATE_TX" : 2.5698060941828183E-5,
          "DATARATE_RX" : 5.1396121883656366E-5
        }
      },
      "(nodeA_c07, clientPoolC, nodeA_c07)" : {
        "AppCoordinates {com.bbn, test-service2, 1}" : {
          "DATARATE_TX" : 1.9418282548476424E-6,
          "DATARATE_RX" : 3.883656509695285E-6
        },
        "AppCoordinates {com.bbn, test-service1, 1}" : {
          "DATARATE_TX" : 5.0575562700964474E-5,
          "DATARATE_RX" : 1.0115112540192895E-4
        }
      },
      "(nodeI_c00, clientPoolC, nodeI_c00)" : {
        "AppCoordinates {com.bbn, test-service2, 1}" : {
          "DATARATE_TX" : 4.0875457875457714E-5,
          "DATARATE_RX" : 8.175091575091543E-5
        }
      },
      "(nodeA_c00, clientPoolC, nodeA_c00)" : {
        "AppCoordinates {com.bbn, test-service3, 1}" : {
          "DATARATE_TX" : 3.0E-6,
          "DATARATE_RX" : 6.0E-6
        },
        "AppCoordinates {com.bbn, test-service1, 1}" : {
          "DATARATE_TX" : 3.2099722991689716E-5,
          "DATARATE_RX" : 6.419944598337943E-5
        }
      },
      "(nodeA_c01, clientPoolC, nodeA_c01)" : {
        "AppCoordinates {com.bbn, test-service2, 1}" : {
          "DATARATE_TX" : 3.619390581717454E-5,
          "DATARATE_RX" : 7.238781163434908E-5
        }
      },
      "(nodeI_c01, clientPoolC, nodeI_c01)" : {
        "AppCoordinates {com.bbn, test-service3, 1}" : {
          "DATARATE_TX" : 1.2313725490196102E-5,
          "DATARATE_RX" : 2.4627450980392204E-5
        }
      },
      "(nodeA_c02, clientPoolC, nodeA_c02)" : {
        "AppCoordinates {com.bbn, test-service3, 1}" : {
          "DATARATE_TX" : 1.9019390581717456E-5,
          "DATARATE_RX" : 3.803878116343491E-5
        }
      }
    },
    "interface-nodeB ( nodeB )" : {
      "(clientPoolC, nodeA_c07, nodeA_c07)" : {
        "AppCoordinates {com.bbn, test-service2, 1}" : {
          "DATARATE_TX" : 3.883656509695285E-6,
          "DATARATE_RX" : 1.9418282548476424E-6
        },
        "AppCoordinates {com.bbn, test-service1, 1}" : {
          "DATARATE_TX" : 1.0115112540192895E-4,
          "DATARATE_RX" : 5.0575562700964474E-5
        }
      },
      "(clientPoolC, nodeA_c06, nodeA_c06)" : {
        "AppCoordinates {com.bbn, test-service2, 1}" : {
          "DATARATE_TX" : 5.1396121883656366E-5,
          "DATARATE_RX" : 2.5698060941828183E-5
        }
      },
      "(clientPoolC, nodeA_c05, nodeA_c05)" : {
        "AppCoordinates {com.bbn, test-service3, 1}" : {
          "DATARATE_TX" : 4.371191135734074E-5,
          "DATARATE_RX" : 2.185595567867037E-5
        },
        "AppCoordinates {com.bbn, test-service2, 1}" : {
          "DATARATE_TX" : 1.2286956521739118E-4,
          "DATARATE_RX" : 6.143478260869559E-5
        },
        "AppCoordinates {com.bbn, test-service1, 1}" : {
          "DATARATE_TX" : 8.421052631578934E-7,
          "DATARATE_RX" : 4.210526315789467E-7
        }
      },
      "(clientPoolC, nodeA_c04, nodeA_c04)" : {
        "AppCoordinates {com.bbn, test-service3, 1}" : {
          "DATARATE_TX" : 5.150326797385634E-6,
          "DATARATE_RX" : 2.575163398692817E-6
        },
        "AppCoordinates {com.bbn, test-service1, 1}" : {
          "DATARATE_TX" : 2.0409972299168943E-5,
          "DATARATE_RX" : 1.0204986149584472E-5
        }
      },
      "(clientPoolC, nodeB_c00, nodeB_c00)" : {
        "AppCoordinates {com.bbn, test-service3, 1}" : {
          "DATARATE_TX" : 2.6558441558441546E-5,
          "DATARATE_RX" : 1.3279220779220773E-5
        }
      },
      "(clientPoolC, nodeA_c03, nodeA_c03)" : {
        "AppCoordinates {com.bbn, test-service1, 1}" : {
          "DATARATE_TX" : 1.058947368421049E-4,
          "DATARATE_RX" : 5.294736842105245E-5
        }
      },
      "(clientPoolC, nodeA_c02, nodeA_c02)" : {
        "AppCoordinates {com.bbn, test-service3, 1}" : {
          "DATARATE_TX" : 3.803878116343491E-5,
          "DATARATE_RX" : 1.9019390581717456E-5
        }
      },
      "(clientPoolC, nodeA_c01, nodeA_c01)" : {
        "AppCoordinates {com.bbn, test-service2, 1}" : {
          "DATARATE_TX" : 7.238781163434908E-5,
          "DATARATE_RX" : 3.619390581717454E-5
        }
      },
      "(clientPoolC, nodeB_c01, nodeB_c01)" : {
        "AppCoordinates {com.bbn, test-service2, 1}" : {
          "DATARATE_TX" : 8.208791208791186E-5,
          "DATARATE_RX" : 4.104395604395593E-5
        }
      },
      "(clientPoolC, nodeA_c00, nodeA_c00)" : {
        "AppCoordinates {com.bbn, test-service3, 1}" : {
          "DATARATE_TX" : 6.0E-6,
          "DATARATE_RX" : 3.0E-6
        },
        "AppCoordinates {com.bbn, test-service1, 1}" : {
          "DATARATE_TX" : 6.419944598337943E-5,
          "DATARATE_RX" : 3.2099722991689716E-5
        }
      }
    },
    "interface-nodeI ( nodeI )" : {
      "(clientPoolC, nodeH_c00, nodeH_c00)" : {
        "AppCoordinates {com.bbn, test-service2, 1}" : {
          "DATARATE_TX" : 8.413333333333324E-5,
          "DATARATE_RX" : 4.206666666666662E-5
        }
      },
      "(clientPoolC, nodeI_c01, nodeI_c01)" : {
        "AppCoordinates {com.bbn, test-service3, 1}" : {
          "DATARATE_TX" : 2.4627450980392204E-5,
          "DATARATE_RX" : 1.2313725490196102E-5
        }
      },
      "(clientPoolC, nodeI_c00, nodeI_c00)" : {
        "AppCoordinates {com.bbn, test-service2, 1}" : {
          "DATARATE_TX" : 8.175091575091543E-5,
          "DATARATE_RX" : 4.0875457875457714E-5
        }
      },
      "(clientPoolC, nodeH_c01, nodeH_c01)" : {
        "AppCoordinates {com.bbn, test-service3, 1}" : {
          "DATARATE_TX" : 5.359999999999999E-5,
          "DATARATE_RX" : 2.6799999999999994E-5
        }
      }
    }
  },
  "containerReports" : {
    "nodeD_c00" : {
      "containerName" : {
        "name" : "nodeD_c00"
      },
      "timestamp" : 245485,
      "service" : {
        "group" : "com.bbn",
        "artifact" : "test-service3",
        "version" : "1"
      },
      "serviceStatus" : "RUNNING",
      "demandEstimationWindow" : "LONG",
      "computeCapacity" : {
        "CPU" : 1.0,
        "TASK_CONTAINERS" : 100.0,
        "QueueLength" : 1000000.0
      },
      "computeLoad" : {
        "UNKNOWN" : {
          "QueueLength" : 44.0,
          "TASK_CONTAINERS" : 22.0
        }
      },
      "computeDemand" : {
        "UNKNOWN" : {
          "QueueLength" : 7.7898550724637685,
          "TASK_CONTAINERS" : 6.935483870967742
        }
      },
      "averageProcessingTime" : 120000.0,
      "networkCapacity" : {
        "interface-nodeD ( nodeD )" : {
          "DATARATE_TX" : 100.0,
          "DATARATE_RX" : 100.0
        }
      },
      "networkLoad" : {
        "interface-nodeD ( nodeD )" : {
          "(clientPoolC, nodeD_c00, nodeD_c00)" : {
            "AppCoordinates {com.bbn, test-service3, 1}" : {
              "DATARATE_TX" : 8.799999999999994E-5,
              "DATARATE_RX" : 4.399999999999997E-5
            }
          }
        }
      },
      "networkDemand" : {
        "interface-nodeD ( nodeD )" : {
          "(clientPoolC, nodeD_c00, nodeD_c00)" : {
            "AppCoordinates {com.bbn, test-service3, 1}" : {
              "DATARATE_TX" : 2.79220779220779E-5,
              "DATARATE_RX" : 1.396103896103895E-5
            }
          }
        }
      }
    }
  },
  "maximumServiceContainers" : 20,
  "allocatedServiceContainers" : 1,
  "computeDemand" : {
    "AppCoordinates {com.bbn, test-service3, 1}" : {
      "UNKNOWN" : {
        "QueueLength" : 7.7898550724637685,
        "TASK_CONTAINERS" : 6.935483870967742
      }
    }
  },
  "containerNetworkLoad" : {
    "interface-nodeD ( nodeD )" : {
      "(clientPoolC, nodeD_c00, nodeD_c00)" : {
        "AppCoordinates {com.bbn, test-service3, 1}" : {
          "DATARATE_TX" : 8.799999999999994E-5,
          "DATARATE_RX" : 4.399999999999997E-5
        }
      }
    }
  },
  "containerNetworkDemand" : {
    "interface-nodeD ( nodeD )" : {
      "(clientPoolC, nodeD_c00, nodeD_c00)" : {
        "AppCoordinates {com.bbn, test-service3, 1}" : {
          "DATARATE_TX" : 2.79220779220779E-5,
          "DATARATE_RX" : 1.396103896103895E-5
        }
      }
    }
  },
  "computeLoad" : {
    "AppCoordinates {com.bbn, test-service3, 1}" : {
      "UNKNOWN" : {
        "QueueLength" : 44.0,
        "TASK_CONTAINERS" : 22.0
      }
    }
  },
  "availableServiceContainers" : 19,
  "averageProcessingTime" : {
    "AppCoordinates {com.bbn, test-service3, 1}" : 120000.0
  },
  "allocatedComputeCapacity" : {
    "CPU" : 1.0,
    "QueueLength" : 1000000.0,
    "TASK_CONTAINERS" : 100.0
  }
}