501,1,DNS_UPDATE_SUCCEEDED
528,1,DCOP_PLAN_PLUBLIED
571,2,RLG_PLAN_PUBLISHED
1032,3,DNS_UPDATE_SUCCEEDED
33524,67,RLG_PLAN_PUBLISHED
33533,68,DNS_UPDATE_SUCCEEDED
34030,69,DNS_UPDATE_SUCCEEDED
36519,73,RLG_PLAN_PUBLISHED
36546,74,DNS_UPDATE_SUCCEEDED
37037,75,DNS_UPDATE_SUCCEEDED
39518,79,RLG_PLAN_PUBLISHED
39550,80,DNS_UPDATE_SUCCEEDED
40052,81,DNS_UPDATE_SUCCEEDED
42517,85,RLG_PLAN_PUBLISHED
42539,86,DNS_UPDATE_SUCCEEDED
43052,87,DNS_UPDATE_SUCCEEDED
45523,91,RLG_PLAN_PUBLISHED
45556,92,DNS_UPDATE_SUCCEEDED
46046,93,DNS_UPDATE_SUCCEEDED
48520,97,RLG_PLAN_PUBLISHED
48549,98,DNS_UPDATE_SUCCEEDED
49042,99,DNS_UPDATE_SUCCEEDED
51522,103,RLG_PLAN_PUBLISHED
51541,104,DNS_UPDATE_SUCCEEDED
52050,105,DNS_UPDATE_SUCCEEDED
54522,109,RLG_PLAN_PUBLISHED
54550,110,DNS_UPDATE_SUCCEEDED
55056,111,DNS_UPDATE_SUCCEEDED
57519,115,RLG_PLAN_PUBLISHED
57540,116,DNS_UPDATE_SUCCEEDED
58042,117,DNS_UPDATE_SUCCEEDED
60523,121,RLG_PLAN_PUBLISHED
60543,122,DNS_UPDATE_SUCCEEDED
61048,123,DNS_UPDATE_SUCCEEDED
63520,127,RLG_PLAN_PUBLISHED
63543,128,DNS_UPDATE_SUCCEEDED
105641,212,DCOP_PLAN_PLUBLIED
108527,217,RLG_PLAN_PUBLISHED
108562,218,DNS_UPDATE_SUCCEEDED
114528,229,RLG_PLAN_PUBLISHED
114559,230,DNS_UPDATE_SUCCEEDED
115079,231,DNS_UPDATE_SUCCEEDED
117530,235,RLG_PLAN_PUBLISHED
117558,236,DNS_UPDATE_SUCCEEDED
118059,237,DNS_UPDATE_SUCCEEDED
120531,241,RLG_PLAN_PUBLISHED
120560,242,DNS_UPDATE_SUCCEEDED
159538,319,RLG_PLAN_PUBLISHED
159583,320,DNS_UPDATE_SUCCEEDED
162533,325,RLG_PLAN_PUBLISHED
162587,326,DNS_UPDATE_SUCCEEDED
163092,327,DNS_UPDATE_SUCCEEDED
165533,331,RLG_PLAN_PUBLISHED
165583,332,DNS_UPDATE_SUCCEEDED
166085,333,DNS_UPDATE_SUCCEEDED
168533,337,RLG_PLAN_PUBLISHED
168583,338,DNS_UPDATE_SUCCEEDED
169094,339,DNS_UPDATE_SUCCEEDED
171536,343,RLG_PLAN_PUBLISHED
171595,344,DNS_UPDATE_SUCCEEDED
172093,345,DNS_UPDATE_SUCCEEDED
174536,349,RLG_PLAN_PUBLISHED
174601,350,DNS_UPDATE_SUCCEEDED
222538,445,RLG_PLAN_PUBLISHED
222624,446,DNS_UPDATE_SUCCEEDED
225539,451,RLG_PLAN_PUBLISHED
225621,452,DNS_UPDATE_SUCCEEDED
226122,453,DNS_UPDATE_SUCCEEDED
228538,457,RLG_PLAN_PUBLISHED
228624,458,DNS_UPDATE_SUCCEEDED
229123,459,DNS_UPDATE_SUCCEEDED
231538,463,RLG_PLAN_PUBLISHED
231625,464,DNS_UPDATE_SUCCEEDED
234539,469,RLG_PLAN_PUBLISHED
234626,470,DNS_UPDATE_SUCCEEDED
235131,471,DNS_UPDATE_SUCCEEDED
237544,475,RLG_PLAN_PUBLISHED
237626,476,DNS_UPDATE_SUCCEEDED
238127,477,DNS_UPDATE_SUCCEEDED
240542,481,RLG_PLAN_PUBLISHED
240627,482,DNS_UPDATE_SUCCEEDED
241127,483,DNS_UPDATE_SUCCEEDED
243540,487,RLG_PLAN_PUBLISHED
243627,488,DNS_UPDATE_SUCCEEDED
244128,489,DNS_UPDATE_SUCCEEDED
246540,493,RLG_PLAN_PUBLISHED
246625,494,DNS_UPDATE_SUCCEEDED
420558,841,RLG_PLAN_PUBLISHED
420749,842,DNS_UPDATE_SUCCEEDED
423556,847,RLG_PLAN_PUBLISHED
423750,848,DNS_UPDATE_SUCCEEDED
424251,849,DNS_UPDATE_SUCCEEDED
426559,853,RLG_PLAN_PUBLISHED
426751,854,DNS_UPDATE_SUCCEEDED
427253,855,DNS_UPDATE_SUCCEEDED
429560,859,RLG_PLAN_PUBLISHED
429756,860,DNS_UPDATE_SUCCEEDED
432556,865,RLG_PLAN_PUBLISHED
432754,866,DNS_UPDATE_SUCCEEDED
433256,867,DNS_UPDATE_SUCCEEDED
435558,871,RLG_PLAN_PUBLISHED
435770,872,DNS_UPDATE_SUCCEEDED
438558,877,RLG_PLAN_PUBLISHED
438768,878,DNS_UPDATE_SUCCEEDED
441558,883,RLG_PLAN_PUBLISHED
441785,884,DNS_UPDATE_SUCCEEDED
442285,885,DNS_UPDATE_SUCCEEDED
444557,889,RLG_PLAN_PUBLISHED
444786,890,DNS_UPDATE_SUCCEEDED
447560,895,RLG_PLAN_PUBLISHED
447788,896,DNS_UPDATE_SUCCEEDED
450557,901,RLG_PLAN_PUBLISHED
450802,902,DNS_UPDATE_SUCCEEDED
451304,903,DNS_UPDATE_SUCCEEDED
453560,907,RLG_PLAN_PUBLISHED
453801,908,DNS_UPDATE_SUCCEEDED
454307,909,DNS_UPDATE_SUCCEEDED
456558,913,RLG_PLAN_PUBLISHED
456799,914,DNS_UPDATE_SUCCEEDED
459560,919,RLG_PLAN_PUBLISHED
459803,920,DNS_UPDATE_SUCCEEDED
460301,921,DNS_UPDATE_SUCCEEDED
462558,925,RLG_PLAN_PUBLISHED
462803,926,DNS_UPDATE_SUCCEEDED
463301,927,DNS_UPDATE_SUCCEEDED
465560,931,RLG_PLAN_PUBLISHED
465813,932,DNS_UPDATE_SUCCEEDED
466303,933,DNS_UPDATE_SUCCEEDED
468558,937,RLG_PLAN_PUBLISHED
468813,938,DNS_UPDATE_SUCCEEDED
471560,943,RLG_PLAN_PUBLISHED
471817,944,DNS_UPDATE_SUCCEEDED
472304,945,DNS_UPDATE_SUCCEEDED
474560,949,RLG_PLAN_PUBLISHED
474816,950,DNS_UPDATE_SUCCEEDED
475315,951,DNS_UPDATE_SUCCEEDED
477561,955,RLG_PLAN_PUBLISHED
477808,956,DNS_UPDATE_SUCCEEDED
480561,961,RLG_PLAN_PUBLISHED
480809,962,DNS_UPDATE_SUCCEEDED
481311,963,DNS_UPDATE_SUCCEEDED
483560,967,RLG_PLAN_PUBLISHED
483810,968,DNS_UPDATE_SUCCEEDED
484312,969,DNS_UPDATE_SUCCEEDED
486560,973,RLG_PLAN_PUBLISHED
486812,974,DNS_UPDATE_SUCCEEDED
513565,1027,RLG_PLAN_PUBLISHED
513851,1028,DNS_UPDATE_SUCCEEDED
514334,1029,DNS_UPDATE_SUCCEEDED
516565,1033,RLG_PLAN_PUBLISHED
516837,1034,DNS_UPDATE_SUCCEEDED
517334,1035,DNS_UPDATE_SUCCEEDED
519563,1039,RLG_PLAN_PUBLISHED
519836,1040,DNS_UPDATE_SUCCEEDED
520347,1041,DNS_UPDATE_SUCCEEDED
522565,1045,RLG_PLAN_PUBLISHED
522846,1046,DNS_UPDATE_SUCCEEDED
523351,1047,DNS_UPDATE_SUCCEEDED
525566,1051,RLG_PLAN_PUBLISHED
525842,1052,DNS_UPDATE_SUCCEEDED
526348,1053,DNS_UPDATE_SUCCEEDED
528564,1057,RLG_PLAN_PUBLISHED
528845,1058,DNS_UPDATE_SUCCEEDED
529353,1059,DNS_UPDATE_SUCCEEDED
531565,1063,RLG_PLAN_PUBLISHED
531855,1064,DNS_UPDATE_SUCCEEDED
