{
  "region" : {
    "name" : "D"
  },
  "timestamp" : 276500,
  "servicePlan" : {
    "nodeD" : [ {
      "id" : {
        "name" : "nodeD_c02"
      },
      "service" : {
        "group" : "com.bbn",
        "artifact" : "test-service3",
        "version" : "1"
      },
      "weight" : 1.0,
      "stopTrafficTo" : false,
      "stop" : false
    } ]
  },
  "overflowPlan" : {
    "AppCoordinates {com.bbn, test-service3, 1}" : {
      "B" : 0.9016944541945925,
      "D" : 0.09830554580540751
    },
    "AppCoordinates {com.bbn, test-service2, 1}" : {
      "B" : 1.0,
      "D" : 0.0
    },
    "AppCoordinates {com.bbn, test-service1, 1}" : {
      "B" : 1.0,
      "D" : 0.0
    }
  }
}