245,1,DNS_UPDATE_SUCCEEDED
43868,88,RLG_PLAN_PUBLISHED
43868,88,DCOP_PLAN_PLUBLIED
44371,89,DNS_UPDATE_SUCCEEDED
223964,445,DCOP_PLAN_PLUBLIED
224106,445,RLG_PLAN_PUBLISHED
343919,683,DCOP_PLAN_PLUBLIED
344246,683,RLG_PLAN_PUBLISHED
344352,684,DNS_UPDATE_SUCCEEDED
464318,922,DCOP_PLAN_PLUBLIED
464374,922,RLG_PLAN_PUBLISHED
464659,923,DNS_UPDATE_SUCCEEDED
583912,1159,DCOP_PLAN_PLUBLIED
584512,1160,RLG_PLAN_PUBLISHED
584623,1161,DNS_UPDATE_SUCCEEDED
704331,1398,DCOP_PLAN_PLUBLIED
704639,1399,RLG_PLAN_PUBLISHED
705019,1400,DNS_UPDATE_SUCCEEDED
823940,1636,DCOP_PLAN_PLUBLIED
824813,1637,RLG_PLAN_PUBLISHED
824933,1638,DNS_UPDATE_SUCCEEDED
943947,1874,DCOP_PLAN_PLUBLIED
945003,1876,RLG_PLAN_PUBLISHED
945457,1877,DNS_UPDATE_SUCCEEDED
1063956,2112,DCOP_PLAN_PLUBLIED
1065174,2114,RLG_PLAN_PUBLISHED
1065451,2115,DNS_UPDATE_SUCCEEDED
1183954,2350,DCOP_PLAN_PLUBLIED
1185343,2352,RLG_PLAN_PUBLISHED
1185408,2353,DNS_UPDATE_SUCCEEDED
1303933,2588,DCOP_PLAN_PLUBLIED
1305499,2591,RLG_PLAN_PUBLISHED
1305793,2592,DNS_UPDATE_SUCCEEDED
1423931,2826,DCOP_PLAN_PLUBLIED
1425659,2829,RLG_PLAN_PUBLISHED
1425767,2830,DNS_UPDATE_SUCCEEDED
1544107,3064,DCOP_PLAN_PLUBLIED
1545863,3067,RLG_PLAN_PUBLISHED
1545941,3068,DNS_UPDATE_SUCCEEDED
1663907,3300,DCOP_PLAN_PLUBLIED
1666196,3304,RLG_PLAN_PUBLISHED
1666332,3305,DNS_UPDATE_SUCCEEDED
1783956,3536,DCOP_PLAN_PLUBLIED
1786499,3541,RLG_PLAN_PUBLISHED
1786711,3542,DNS_UPDATE_SUCCEEDED
