{
  "nodeName" : {
    "name" : "nodeG"
  },
  "timestamp" : 245992,
  "demandEstimationWindow" : "SHORT",
  "nodeComputeCapacity" : {
    "CPU" : 4.0,
    "MEMORY" : 8.0E9,
    "DISK" : 10.0,
    "TASK_CONTAINERS" : 20.0
  },
  "networkCapacity" : {
    "interface-nodeE ( nodeE )" : {
      "DATARATE_RX" : 100.0,
      "DATARATE_TX" : 100.0
    },
    "interface-nodeJ ( nodeJ )" : {
      "DATARATE_RX" : 100.0,
      "DATARATE_TX" : 100.0
    },
    "interface-nodeA ( nodeA )" : {
      "DATARATE_RX" : 100.0,
      "DATARATE_TX" : 100.0
    }
  },
  "networkLoad" : {
    "interface-nodeE ( nodeE )" : {
      "(clientPoolG, nodeE_c01, nodeE_c01)" : {
        "AppCoordinates {com.bbn, test-service3, 1}" : {
          "DATARATE_TX" : 1.2599999999999984E-4,
          "DATARATE_RX" : 6.299999999999992E-5
        }
      },
      "(clientPoolG, nodeE_c00, nodeE_c00)" : {
        "AppCoordinates {com.bbn, test-service2, 1}" : {
          "DATARATE_TX" : -7.623296525288703E-21,
          "DATARATE_RX" : -3.8116482626443515E-21
        }
      }
    },
    "interface-nodeJ ( nodeJ )" : {
      "(clientPoolG, nodeF_c00, nodeF_c00)" : {
        "AppCoordinates {com.bbn, test-service3, 1}" : {
          "DATARATE_TX" : 6.6E-5,
          "DATARATE_RX" : 3.3E-5
        },
        "AppCoordinates {com.bbn, test-service2, 1}" : {
          "DATARATE_TX" : -7.623296525288703E-21,
          "DATARATE_RX" : -3.8116482626443515E-21
        }
      },
      "(clientPoolG, nodeD_c00, nodeD_c00)" : {
        "AppCoordinates {com.bbn, test-service2, 1}" : {
          "DATARATE_TX" : -7.623296525288703E-21,
          "DATARATE_RX" : -3.8116482626443515E-21
        }
      },
      "(clientPoolG, nodeJ_c00, nodeJ_c00)" : {
        "AppCoordinates {com.bbn, test-service2, 1}" : {
          "DATARATE_TX" : -7.623296525288703E-21,
          "DATARATE_RX" : -3.8116482626443515E-21
        }
      },
      "(clientPoolG, nodeJ_c01, nodeJ_c01)" : {
        "AppCoordinates {com.bbn, test-service3, 1}" : {
          "DATARATE_TX" : 6.400000000000001E-5,
          "DATARATE_RX" : 3.2000000000000005E-5
        }
      }
    },
    "interface-nodeA ( nodeA )" : {
      "(clientPoolG, nodeA_c03, nodeA_c03)" : {
        "AppCoordinates {com.bbn, test-service3, 1}" : {
          "DATARATE_TX" : 1.199999999999999E-5,
          "DATARATE_RX" : 5.999999999999995E-6
        }
      },
      "(clientPoolG, nodeA_c02, nodeA_c02)" : {
        "AppCoordinates {com.bbn, test-service3, 1}" : {
          "DATARATE_TX" : 3.4E-5,
          "DATARATE_RX" : 1.7E-5
        }
      },
      "(clientPoolG, nodeA_c01, nodeA_c01)" : {
        "AppCoordinates {com.bbn, test-service2, 1}" : {
          "DATARATE_TX" : 2.541098841762901E-21,
          "DATARATE_RX" : 1.2705494208814505E-21
        }
      },
      "(clientPoolG, nodeA_c00, nodeA_c00)" : {
        "AppCoordinates {com.bbn, test-service3, 1}" : {
          "DATARATE_TX" : -7.623296525288703E-21,
          "DATARATE_RX" : -3.8116482626443515E-21
        }
      },
      "(clientPoolG, nodeC_c01, nodeC_c01)" : {
        "AppCoordinates {com.bbn, test-service2, 1}" : {
          "DATARATE_TX" : -7.623296525288703E-21,
          "DATARATE_RX" : -3.8116482626443515E-21
        },
        "AppCoordinates {com.bbn, test-service1, 1}" : {
          "DATARATE_TX" : -7.623296525288703E-21,
          "DATARATE_RX" : -3.8116482626443515E-21
        }
      },
      "(clientPoolG, nodeH_c01, nodeH_c01)" : {
        "AppCoordinates {com.bbn, test-service2, 1}" : {
          "DATARATE_TX" : -8.470329472543003E-22,
          "DATARATE_RX" : -4.2351647362715017E-22
        }
      },
      "(clientPoolG, nodeC_c00, nodeC_c00)" : {
        "AppCoordinates {com.bbn, test-service3, 1}" : {
          "DATARATE_TX" : 2.4000000000000004E-5,
          "DATARATE_RX" : 1.2000000000000002E-5
        },
        "AppCoordinates {com.bbn, test-service1, 1}" : {
          "DATARATE_TX" : -7.623296525288703E-21,
          "DATARATE_RX" : -3.8116482626443515E-21
        }
      },
      "(clientPoolG, nodeC_c05, nodeC_c05)" : {
        "AppCoordinates {com.bbn, test-service3, 1}" : {
          "DATARATE_TX" : 2.541098841762901E-21,
          "DATARATE_RX" : 1.2705494208814505E-21
        },
        "AppCoordinates {com.bbn, test-service2, 1}" : {
          "DATARATE_TX" : 1.8799999999999966E-4,
          "DATARATE_RX" : 9.399999999999983E-5
        }
      },
      "(clientPoolG, nodeC_c04, nodeC_c04)" : {
        "AppCoordinates {com.bbn, test-service3, 1}" : {
          "DATARATE_TX" : -7.623296525288703E-21,
          "DATARATE_RX" : -3.8116482626443515E-21
        },
        "AppCoordinates {com.bbn, test-service2, 1}" : {
          "DATARATE_TX" : 1.2399999999999984E-4,
          "DATARATE_RX" : 6.199999999999992E-5
        },
        "AppCoordinates {com.bbn, test-service1, 1}" : {
          "DATARATE_TX" : -8.470329472543003E-22,
          "DATARATE_RX" : -4.2351647362715017E-22
        }
      },
      "(clientPoolG, nodeC_c03, nodeC_c03)" : {
        "AppCoordinates {com.bbn, test-service1, 1}" : {
          "DATARATE_TX" : 1.2399999999999984E-4,
          "DATARATE_RX" : 6.199999999999992E-5
        }
      },
      "(clientPoolG, nodeC_c02, nodeC_c02)" : {
        "AppCoordinates {com.bbn, test-service3, 1}" : {
          "DATARATE_TX" : 9.999999999999991E-5,
          "DATARATE_RX" : 4.9999999999999955E-5
        }
      },
      "(clientPoolG, nodeC_c07, nodeC_c07)" : {
        "AppCoordinates {com.bbn, test-service2, 1}" : {
          "DATARATE_TX" : -7.623296525288703E-21,
          "DATARATE_RX" : -3.8116482626443515E-21
        },
        "AppCoordinates {com.bbn, test-service1, 1}" : {
          "DATARATE_TX" : -7.623296525288703E-21,
          "DATARATE_RX" : -3.8116482626443515E-21
        }
      },
      "(clientPoolG, nodeC_c06, nodeC_c06)" : {
        "AppCoordinates {com.bbn, test-service2, 1}" : {
          "DATARATE_TX" : -7.623296525288703E-21,
          "DATARATE_RX" : -3.8116482626443515E-21
        },
        "AppCoordinates {com.bbn, test-service1, 1}" : {
          "DATARATE_TX" : 4.6000000000000014E-5,
          "DATARATE_RX" : 2.3000000000000007E-5
        }
      },
      "(clientPoolG, nodeB_c00, nodeB_c00)" : {
        "AppCoordinates {com.bbn, test-service2, 1}" : {
          "DATARATE_TX" : 2.541098841762901E-21,
          "DATARATE_RX" : 1.2705494208814505E-21
        }
      },
      "(clientPoolG, nodeB_c01, nodeB_c01)" : {
        "AppCoordinates {com.bbn, test-service3, 1}" : {
          "DATARATE_TX" : 5.600000000000002E-5,
          "DATARATE_RX" : 2.800000000000001E-5
        }
      }
    }
  },
  "networkDemand" : {
    "interface-nodeE ( nodeE )" : {
      "(clientPoolG, nodeE_c01, nodeE_c01)" : {
        "AppCoordinates {com.bbn, test-service3, 1}" : {
          "DATARATE_TX" : 1.1628571428571416E-4,
          "DATARATE_RX" : 5.814285714285708E-5
        }
      },
      "(clientPoolG, nodeE_c00, nodeE_c00)" : {
        "AppCoordinates {com.bbn, test-service2, 1}" : {
          "DATARATE_TX" : -7.623296525288703E-21,
          "DATARATE_RX" : -3.8116482626443515E-21
        }
      }
    },
    "interface-nodeA ( nodeA )" : {
      "(clientPoolG, nodeA_c03, nodeA_c03)" : {
        "AppCoordinates {com.bbn, test-service3, 1}" : {
          "DATARATE_TX" : 1.1999999999999992E-5,
          "DATARATE_RX" : 5.999999999999996E-6
        }
      },
      "(clientPoolG, nodeA_c02, nodeA_c02)" : {
        "AppCoordinates {com.bbn, test-service3, 1}" : {
          "DATARATE_TX" : 3.2571428571428566E-5,
          "DATARATE_RX" : 1.6285714285714283E-5
        }
      },
      "(clientPoolG, nodeA_c01, nodeA_c01)" : {
        "AppCoordinates {com.bbn, test-service2, 1}" : {
          "DATARATE_TX" : 2.541098841762901E-21,
          "DATARATE_RX" : 1.2705494208814505E-21
        }
      },
      "(clientPoolG, nodeA_c00, nodeA_c00)" : {
        "AppCoordinates {com.bbn, test-service3, 1}" : {
          "DATARATE_TX" : -7.623296525288703E-21,
          "DATARATE_RX" : -3.8116482626443515E-21
        }
      },
      "(clientPoolG, nodeC_c01, nodeC_c01)" : {
        "AppCoordinates {com.bbn, test-service2, 1}" : {
          "DATARATE_TX" : -7.623296525288703E-21,
          "DATARATE_RX" : -3.8116482626443515E-21
        },
        "AppCoordinates {com.bbn, test-service1, 1}" : {
          "DATARATE_TX" : 1.0571428571428565E-5,
          "DATARATE_RX" : 5.285714285714283E-6
        }
      },
      "(clientPoolG, nodeC_c00, nodeC_c00)" : {
        "AppCoordinates {com.bbn, test-service3, 1}" : {
          "DATARATE_TX" : 1.7500000000000002E-5,
          "DATARATE_RX" : 8.750000000000001E-6
        },
        "AppCoordinates {com.bbn, test-service1, 1}" : {
          "DATARATE_TX" : -7.623296525288703E-21,
          "DATARATE_RX" : -3.8116482626443515E-21
        }
      },
      "(clientPoolG, nodeH_c01, nodeH_c01)" : {
        "AppCoordinates {com.bbn, test-service2, 1}" : {
          "DATARATE_TX" : -8.470329472543003E-22,
          "DATARATE_RX" : -4.2351647362715017E-22
        }
      },
      "(clientPoolG, nodeC_c05, nodeC_c05)" : {
        "AppCoordinates {com.bbn, test-service3, 1}" : {
          "DATARATE_TX" : 2.541098841762901E-21,
          "DATARATE_RX" : 1.2705494208814505E-21
        },
        "AppCoordinates {com.bbn, test-service2, 1}" : {
          "DATARATE_TX" : 1.8799999999999964E-4,
          "DATARATE_RX" : 9.399999999999982E-5
        }
      },
      "(clientPoolG, nodeC_c04, nodeC_c04)" : {
        "AppCoordinates {com.bbn, test-service3, 1}" : {
          "DATARATE_TX" : -7.623296525288703E-21,
          "DATARATE_RX" : -3.8116482626443515E-21
        },
        "AppCoordinates {com.bbn, test-service2, 1}" : {
          "DATARATE_TX" : 1.2399999999999984E-4,
          "DATARATE_RX" : 6.199999999999992E-5
        },
        "AppCoordinates {com.bbn, test-service1, 1}" : {
          "DATARATE_TX" : -8.470329472543003E-22,
          "DATARATE_RX" : -4.2351647362715017E-22
        }
      },
      "(clientPoolG, nodeC_c03, nodeC_c03)" : {
        "AppCoordinates {com.bbn, test-service1, 1}" : {
          "DATARATE_TX" : 1.2399999999999984E-4,
          "DATARATE_RX" : 6.199999999999992E-5
        }
      },
      "(clientPoolG, nodeC_c02, nodeC_c02)" : {
        "AppCoordinates {com.bbn, test-service3, 1}" : {
          "DATARATE_TX" : 9.999999999999992E-5,
          "DATARATE_RX" : 4.999999999999996E-5
        }
      },
      "(clientPoolG, nodeC_c07, nodeC_c07)" : {
        "AppCoordinates {com.bbn, test-service2, 1}" : {
          "DATARATE_TX" : -7.623296525288703E-21,
          "DATARATE_RX" : -3.8116482626443515E-21
        },
        "AppCoordinates {com.bbn, test-service1, 1}" : {
          "DATARATE_TX" : -7.623296525288703E-21,
          "DATARATE_RX" : -3.8116482626443515E-21
        }
      },
      "(clientPoolG, nodeC_c06, nodeC_c06)" : {
        "AppCoordinates {com.bbn, test-service2, 1}" : {
          "DATARATE_TX" : -7.623296525288703E-21,
          "DATARATE_RX" : -3.8116482626443515E-21
        },
        "AppCoordinates {com.bbn, test-service1, 1}" : {
          "DATARATE_TX" : 4.600000000000002E-5,
          "DATARATE_RX" : 2.300000000000001E-5
        }
      },
      "(clientPoolG, nodeB_c00, nodeB_c00)" : {
        "AppCoordinates {com.bbn, test-service2, 1}" : {
          "DATARATE_TX" : 2.541098841762901E-21,
          "DATARATE_RX" : 1.2705494208814505E-21
        }
      },
      "(clientPoolG, nodeB_c01, nodeB_c01)" : {
        "AppCoordinates {com.bbn, test-service3, 1}" : {
          "DATARATE_TX" : 5.000000000000001E-5,
          "DATARATE_RX" : 2.5000000000000005E-5
        }
      }
    },
    "interface-nodeJ ( nodeJ )" : {
      "(clientPoolG, nodeF_c00, nodeF_c00)" : {
        "AppCoordinates {com.bbn, test-service3, 1}" : {
          "DATARATE_TX" : 5.82857142857143E-5,
          "DATARATE_RX" : 2.914285714285715E-5
        },
        "AppCoordinates {com.bbn, test-service2, 1}" : {
          "DATARATE_TX" : -7.623296525288703E-21,
          "DATARATE_RX" : -3.8116482626443515E-21
        }
      },
      "(clientPoolG, nodeD_c00, nodeD_c00)" : {
        "AppCoordinates {com.bbn, test-service2, 1}" : {
          "DATARATE_TX" : -7.623296525288703E-21,
          "DATARATE_RX" : -3.8116482626443515E-21
        }
      },
      "(clientPoolG, nodeJ_c00, nodeJ_c00)" : {
        "AppCoordinates {com.bbn, test-service2, 1}" : {
          "DATARATE_TX" : -7.623296525288703E-21,
          "DATARATE_RX" : -3.8116482626443515E-21
        }
      },
      "(clientPoolG, nodeJ_c01, nodeJ_c01)" : {
        "AppCoordinates {com.bbn, test-service3, 1}" : {
          "DATARATE_TX" : 5.514285714285717E-5,
          "DATARATE_RX" : 2.7571428571428584E-5
        }
      }
    }
  },
  "containerReports" : {
    "nodeG_c01" : {
      "containerName" : {
        "name" : "nodeG_c01"
      },
      "timestamp" : 245992,
      "service" : {
        "group" : "com.bbn",
        "artifact" : "test-service3",
        "version" : "1"
      },
      "serviceStatus" : "RUNNING",
      "demandEstimationWindow" : "SHORT",
      "computeCapacity" : {
        "CPU" : 1.0,
        "TASK_CONTAINERS" : 100.0,
        "QueueLength" : 1000000.0
      },
      "computeLoad" : {
        "UNKNOWN" : {
          "QueueLength" : 32.0,
          "TASK_CONTAINERS" : 16.0
        }
      },
      "computeDemand" : {
        "UNKNOWN" : {
          "QueueLength" : 25.75,
          "TASK_CONTAINERS" : 12.875
        }
      },
      "averageProcessingTime" : 120000.0,
      "networkCapacity" : {
        "interface-nodeG ( nodeG )" : {
          "DATARATE_TX" : 100.0,
          "DATARATE_RX" : 100.0
        }
      },
      "networkLoad" : {
        "interface-nodeG ( nodeG )" : {
          "(clientPoolG, nodeG_c01, nodeG_c01)" : {
            "AppCoordinates {com.bbn, test-service3, 1}" : {
              "DATARATE_TX" : 6.400000000000001E-5,
              "DATARATE_RX" : 3.2000000000000005E-5
            }
          }
        }
      },
      "networkDemand" : {
        "interface-nodeG ( nodeG )" : {
          "(clientPoolG, nodeG_c01, nodeG_c01)" : {
            "AppCoordinates {com.bbn, test-service3, 1}" : {
              "DATARATE_TX" : 5.885714285714287E-5,
              "DATARATE_RX" : 2.9428571428571436E-5
            }
          }
        }
      }
    }
  },
  "maximumServiceContainers" : 20,
  "allocatedServiceContainers" : 1,
  "computeDemand" : {
    "AppCoordinates {com.bbn, test-service3, 1}" : {
      "UNKNOWN" : {
        "QueueLength" : 25.75,
        "TASK_CONTAINERS" : 12.875
      }
    }
  },
  "containerNetworkLoad" : {
    "interface-nodeG ( nodeG )" : {
      "(clientPoolG, nodeG_c01, nodeG_c01)" : {
        "AppCoordinates {com.bbn, test-service3, 1}" : {
          "DATARATE_TX" : 6.400000000000001E-5,
          "DATARATE_RX" : 3.2000000000000005E-5
        }
      }
    }
  },
  "containerNetworkDemand" : {
    "interface-nodeG ( nodeG )" : {
      "(clientPoolG, nodeG_c01, nodeG_c01)" : {
        "AppCoordinates {com.bbn, test-service3, 1}" : {
          "DATARATE_TX" : 5.885714285714287E-5,
          "DATARATE_RX" : 2.9428571428571436E-5
        }
      }
    }
  },
  "computeLoad" : {
    "AppCoordinates {com.bbn, test-service3, 1}" : {
      "UNKNOWN" : {
        "QueueLength" : 32.0,
        "TASK_CONTAINERS" : 16.0
      }
    }
  },
  "allocatedComputeCapacity" : {
    "CPU" : 1.0,
    "QueueLength" : 1000000.0,
    "TASK_CONTAINERS" : 100.0
  },
  "availableServiceContainers" : 19,
  "averageProcessingTime" : {
    "AppCoordinates {com.bbn, test-service3, 1}" : 120000.0
  }
}