{
  "region" : {
    "name" : "A"
  },
  "nodeResourceReports" : [ {
    "nodeName" : {
      "name" : "nodeA"
    },
    "timestamp" : 164500,
    "demandEstimationWindow" : "SHORT",
    "nodeComputeCapacity" : {
      "CPU" : 8.0,
      "MEMORY" : 1.6E10,
      "DISK" : 10.0,
      "TASK_CONTAINERS" : 8.0
    },
    "networkCapacity" : {
      "interface-nodeE ( nodeE )" : {
        "DATARATE_RX" : 100.0,
        "DATARATE_TX" : 100.0
      },
      "interface-nodeB ( nodeB )" : {
        "DATARATE_RX" : 100.0,
        "DATARATE_TX" : 100.0
      },
      "interface-nodeG ( nodeG )" : {
        "DATARATE_RX" : 100.0,
        "DATARATE_TX" : 100.0
      }
    },
    "networkLoad" : {
      "interface-nodeE ( nodeE )" : {
        "(nodeA_c05, clientPoolE, nodeA_c05)" : {
          "AppCoordinates {com.bbn, test-service1, 1}" : {
            "DATARATE_TX" : 0.003,
            "DATARATE_RX" : 0.006
          }
        },
        "(nodeA_c06, clientPoolE, nodeA_c06)" : {
          "AppCoordinates {com.bbn, test-service3, 1}" : {
            "DATARATE_TX" : 0.005,
            "DATARATE_RX" : 0.01
          }
        },
        "(nodeA_c07, clientPoolE, nodeA_c07)" : {
          "AppCoordinates {com.bbn, test-service2, 1}" : {
            "DATARATE_TX" : 0.003,
            "DATARATE_RX" : 0.006
          }
        },
        "(nodeA_c00, clientPoolE, nodeA_c00)" : {
          "AppCoordinates {com.bbn, test-service1, 1}" : {
            "DATARATE_TX" : 0.003,
            "DATARATE_RX" : 0.006
          }
        },
        "(nodeA_c01, clientPoolE, nodeA_c01)" : {
          "AppCoordinates {com.bbn, test-service2, 1}" : {
            "DATARATE_TX" : 0.003,
            "DATARATE_RX" : 0.006
          }
        },
        "(nodeA_c02, clientPoolE, nodeA_c02)" : {
          "AppCoordinates {com.bbn, test-service3, 1}" : {
            "DATARATE_TX" : 0.003,
            "DATARATE_RX" : 0.006
          }
        },
        "(nodeA_c03, clientPoolE, nodeA_c03)" : {
          "AppCoordinates {com.bbn, test-service3, 1}" : {
            "DATARATE_TX" : 0.005,
            "DATARATE_RX" : 0.01
          }
        },
        "(nodeA_c04, clientPoolE, nodeA_c04)" : {
          "AppCoordinates {com.bbn, test-service2, 1}" : {
            "DATARATE_TX" : 0.004,
            "DATARATE_RX" : 0.008
          }
        }
      },
      "interface-nodeB ( nodeB )" : {
        "(nodeA_c03, clientPoolC, nodeA_c03)" : {
          "AppCoordinates {com.bbn, test-service3, 1}" : {
            "DATARATE_TX" : 0.003,
            "DATARATE_RX" : 0.006
          }
        },
        "(nodeA_c04, clientPoolC, nodeA_c04)" : {
          "AppCoordinates {com.bbn, test-service2, 1}" : {
            "DATARATE_TX" : 0.001,
            "DATARATE_RX" : 0.002
          }
        },
        "(nodeA_c05, clientPoolC, nodeA_c05)" : {
          "AppCoordinates {com.bbn, test-service1, 1}" : {
            "DATARATE_TX" : 0.004,
            "DATARATE_RX" : 0.008
          }
        },
        "(nodeA_c06, clientPoolC, nodeA_c06)" : {
          "AppCoordinates {com.bbn, test-service3, 1}" : {
            "DATARATE_TX" : 0.002,
            "DATARATE_RX" : 0.004
          }
        },
        "(nodeA_c07, clientPoolC, nodeA_c07)" : {
          "AppCoordinates {com.bbn, test-service2, 1}" : {
            "DATARATE_TX" : 0.003,
            "DATARATE_RX" : 0.006
          }
        },
        "(nodeA_c00, clientPoolC, nodeA_c00)" : {
          "AppCoordinates {com.bbn, test-service1, 1}" : {
            "DATARATE_TX" : 0.003,
            "DATARATE_RX" : 0.006
          }
        },
        "(nodeA_c01, clientPoolC, nodeA_c01)" : {
          "AppCoordinates {com.bbn, test-service2, 1}" : {
            "DATARATE_TX" : 0.003,
            "DATARATE_RX" : 0.006
          }
        },
        "(nodeA_c02, clientPoolC, nodeA_c02)" : {
          "AppCoordinates {com.bbn, test-service3, 1}" : {
            "DATARATE_TX" : 0.003,
            "DATARATE_RX" : 0.006
          }
        }
      },
      "interface-nodeG ( nodeG )" : {
        "(nodeA_c07, clientPoolG, nodeA_c07)" : {
          "AppCoordinates {com.bbn, test-service2, 1}" : {
            "DATARATE_TX" : 0.004,
            "DATARATE_RX" : 0.008
          }
        },
        "(nodeA_c00, clientPoolG, nodeA_c00)" : {
          "AppCoordinates {com.bbn, test-service1, 1}" : {
            "DATARATE_TX" : 0.004,
            "DATARATE_RX" : 0.008
          }
        },
        "(nodeA_c01, clientPoolG, nodeA_c01)" : {
          "AppCoordinates {com.bbn, test-service2, 1}" : {
            "DATARATE_TX" : 0.004,
            "DATARATE_RX" : 0.008
          }
        },
        "(nodeA_c02, clientPoolG, nodeA_c02)" : {
          "AppCoordinates {com.bbn, test-service3, 1}" : {
            "DATARATE_TX" : 0.004,
            "DATARATE_RX" : 0.008
          }
        },
        "(nodeA_c03, clientPoolG, nodeA_c03)" : {
          "AppCoordinates {com.bbn, test-service3, 1}" : {
            "DATARATE_TX" : 0.002,
            "DATARATE_RX" : 0.004
          }
        },
        "(nodeA_c04, clientPoolG, nodeA_c04)" : {
          "AppCoordinates {com.bbn, test-service2, 1}" : {
            "DATARATE_TX" : 0.005,
            "DATARATE_RX" : 0.01
          }
        },
        "(nodeA_c05, clientPoolG, nodeA_c05)" : {
          "AppCoordinates {com.bbn, test-service1, 1}" : {
            "DATARATE_TX" : 0.003,
            "DATARATE_RX" : 0.006
          }
        },
        "(nodeA_c06, clientPoolG, nodeA_c06)" : {
          "AppCoordinates {com.bbn, test-service3, 1}" : {
            "DATARATE_TX" : 0.003,
            "DATARATE_RX" : 0.006
          }
        }
      }
    },
    "networkDemand" : {
      "interface-nodeE ( nodeE )" : {
        "(nodeA_c05, clientPoolE, nodeA_c05)" : {
          "AppCoordinates {com.bbn, test-service1, 1}" : {
            "DATARATE_TX" : 0.0029999999999999996,
            "DATARATE_RX" : 0.005999999999999999
          }
        },
        "(nodeA_c06, clientPoolE, nodeA_c06)" : {
          "AppCoordinates {com.bbn, test-service3, 1}" : {
            "DATARATE_TX" : 0.005,
            "DATARATE_RX" : 0.01
          }
        },
        "(nodeA_c07, clientPoolE, nodeA_c07)" : {
          "AppCoordinates {com.bbn, test-service2, 1}" : {
            "DATARATE_TX" : 0.0029999999999999996,
            "DATARATE_RX" : 0.005999999999999999
          }
        },
        "(nodeA_c00, clientPoolE, nodeA_c00)" : {
          "AppCoordinates {com.bbn, test-service1, 1}" : {
            "DATARATE_TX" : 0.0029999999999999996,
            "DATARATE_RX" : 0.005999999999999999
          }
        },
        "(nodeA_c01, clientPoolE, nodeA_c01)" : {
          "AppCoordinates {com.bbn, test-service2, 1}" : {
            "DATARATE_TX" : 0.0029999999999999996,
            "DATARATE_RX" : 0.005999999999999999
          }
        },
        "(nodeA_c02, clientPoolE, nodeA_c02)" : {
          "AppCoordinates {com.bbn, test-service3, 1}" : {
            "DATARATE_TX" : 0.0029999999999999996,
            "DATARATE_RX" : 0.005999999999999999
          }
        },
        "(nodeA_c03, clientPoolE, nodeA_c03)" : {
          "AppCoordinates {com.bbn, test-service3, 1}" : {
            "DATARATE_TX" : 0.005,
            "DATARATE_RX" : 0.01
          }
        },
        "(nodeA_c04, clientPoolE, nodeA_c04)" : {
          "AppCoordinates {com.bbn, test-service2, 1}" : {
            "DATARATE_TX" : 0.004,
            "DATARATE_RX" : 0.008
          }
        }
      },
      "interface-nodeB ( nodeB )" : {
        "(nodeA_c03, clientPoolC, nodeA_c03)" : {
          "AppCoordinates {com.bbn, test-service3, 1}" : {
            "DATARATE_TX" : 0.0029999999999999996,
            "DATARATE_RX" : 0.005999999999999999
          }
        },
        "(nodeA_c04, clientPoolC, nodeA_c04)" : {
          "AppCoordinates {com.bbn, test-service2, 1}" : {
            "DATARATE_TX" : 0.001,
            "DATARATE_RX" : 0.002
          }
        },
        "(nodeA_c05, clientPoolC, nodeA_c05)" : {
          "AppCoordinates {com.bbn, test-service1, 1}" : {
            "DATARATE_TX" : 0.004,
            "DATARATE_RX" : 0.008
          }
        },
        "(nodeA_c06, clientPoolC, nodeA_c06)" : {
          "AppCoordinates {com.bbn, test-service3, 1}" : {
            "DATARATE_TX" : 0.002,
            "DATARATE_RX" : 0.004
          }
        },
        "(nodeA_c07, clientPoolC, nodeA_c07)" : {
          "AppCoordinates {com.bbn, test-service2, 1}" : {
            "DATARATE_TX" : 0.0029999999999999996,
            "DATARATE_RX" : 0.005999999999999999
          }
        },
        "(nodeA_c00, clientPoolC, nodeA_c00)" : {
          "AppCoordinates {com.bbn, test-service1, 1}" : {
            "DATARATE_TX" : 0.0029999999999999996,
            "DATARATE_RX" : 0.005999999999999999
          }
        },
        "(nodeA_c01, clientPoolC, nodeA_c01)" : {
          "AppCoordinates {com.bbn, test-service2, 1}" : {
            "DATARATE_TX" : 0.0029999999999999996,
            "DATARATE_RX" : 0.005999999999999999
          }
        },
        "(nodeA_c02, clientPoolC, nodeA_c02)" : {
          "AppCoordinates {com.bbn, test-service3, 1}" : {
            "DATARATE_TX" : 0.0029999999999999996,
            "DATARATE_RX" : 0.005999999999999999
          }
        }
      },
      "interface-nodeG ( nodeG )" : {
        "(nodeA_c07, clientPoolG, nodeA_c07)" : {
          "AppCoordinates {com.bbn, test-service2, 1}" : {
            "DATARATE_TX" : 0.004,
            "DATARATE_RX" : 0.008
          }
        },
        "(nodeA_c00, clientPoolG, nodeA_c00)" : {
          "AppCoordinates {com.bbn, test-service1, 1}" : {
            "DATARATE_TX" : 0.004,
            "DATARATE_RX" : 0.008
          }
        },
        "(nodeA_c01, clientPoolG, nodeA_c01)" : {
          "AppCoordinates {com.bbn, test-service2, 1}" : {
            "DATARATE_TX" : 0.004,
            "DATARATE_RX" : 0.008
          }
        },
        "(nodeA_c02, clientPoolG, nodeA_c02)" : {
          "AppCoordinates {com.bbn, test-service3, 1}" : {
            "DATARATE_TX" : 0.004,
            "DATARATE_RX" : 0.008
          }
        },
        "(nodeA_c03, clientPoolG, nodeA_c03)" : {
          "AppCoordinates {com.bbn, test-service3, 1}" : {
            "DATARATE_TX" : 0.002,
            "DATARATE_RX" : 0.004
          }
        },
        "(nodeA_c04, clientPoolG, nodeA_c04)" : {
          "AppCoordinates {com.bbn, test-service2, 1}" : {
            "DATARATE_TX" : 0.005,
            "DATARATE_RX" : 0.01
          }
        },
        "(nodeA_c05, clientPoolG, nodeA_c05)" : {
          "AppCoordinates {com.bbn, test-service1, 1}" : {
            "DATARATE_TX" : 0.0029999999999999996,
            "DATARATE_RX" : 0.005999999999999999
          }
        },
        "(nodeA_c06, clientPoolG, nodeA_c06)" : {
          "AppCoordinates {com.bbn, test-service3, 1}" : {
            "DATARATE_TX" : 0.0029999999999999996,
            "DATARATE_RX" : 0.005999999999999999
          }
        }
      }
    },
    "containerReports" : {
      "nodeA_c03" : {
        "containerName" : {
          "name" : "nodeA_c03"
        },
        "timestamp" : 164500,
        "service" : {
          "group" : "com.bbn",
          "artifact" : "test-service3",
          "version" : "1"
        },
        "serviceStatus" : "RUNNING",
        "demandEstimationWindow" : "SHORT",
        "computeCapacity" : {
          "CPU" : 1.0,
          "TASK_CONTAINERS" : 1.0,
          "QueueLength" : 1000000.0
        },
        "computeLoad" : {
          "UNKNOWN" : {
            "QueueLength" : 10.0,
            "TASK_CONTAINERS" : 0.9999999999999999
          }
        },
        "computeDemand" : {
          "UNKNOWN" : {
            "QueueLength" : 8.75,
            "TASK_CONTAINERS" : 0.8749999999999999
          }
        },
        "averageProcessingTime" : "NaN",
        "networkCapacity" : {
          "interface-nodeA ( nodeA )" : {
            "DATARATE_TX" : 100.0,
            "DATARATE_RX" : 100.0
          }
        },
        "networkLoad" : {
          "interface-nodeA ( nodeA )" : {
            "(clientPoolG, nodeA_c03, nodeA_c03)" : {
              "AppCoordinates {com.bbn, test-service3, 1}" : {
                "DATARATE_TX" : 0.02600000000000001,
                "DATARATE_RX" : 0.013000000000000005
              }
            },
            "(clientPoolC, nodeA_c03, nodeA_c03)" : {
              "AppCoordinates {com.bbn, test-service3, 1}" : {
                "DATARATE_TX" : 0.032000000000000015,
                "DATARATE_RX" : 0.016000000000000007
              }
            },
            "(clientPoolE, nodeA_c03, nodeA_c03)" : {
              "AppCoordinates {com.bbn, test-service3, 1}" : {
                "DATARATE_TX" : 0.03600000000000002,
                "DATARATE_RX" : 0.01800000000000001
              }
            }
          }
        },
        "networkDemand" : {
          "interface-nodeA ( nodeA )" : {
            "(clientPoolG, nodeA_c03, nodeA_c03)" : {
              "AppCoordinates {com.bbn, test-service3, 1}" : {
                "DATARATE_TX" : 0.026000000000000016,
                "DATARATE_RX" : 0.013000000000000008
              }
            },
            "(clientPoolC, nodeA_c03, nodeA_c03)" : {
              "AppCoordinates {com.bbn, test-service3, 1}" : {
                "DATARATE_TX" : 0.03200000000000002,
                "DATARATE_RX" : 0.01600000000000001
              }
            },
            "(clientPoolE, nodeA_c03, nodeA_c03)" : {
              "AppCoordinates {com.bbn, test-service3, 1}" : {
                "DATARATE_TX" : 0.036000000000000025,
                "DATARATE_RX" : 0.018000000000000013
              }
            }
          }
        }
      },
      "nodeA_c04" : {
        "containerName" : {
          "name" : "nodeA_c04"
        },
        "timestamp" : 164501,
        "service" : {
          "group" : "com.bbn",
          "artifact" : "test-service2",
          "version" : "1"
        },
        "serviceStatus" : "RUNNING",
        "demandEstimationWindow" : "SHORT",
        "computeCapacity" : {
          "CPU" : 1.0,
          "TASK_CONTAINERS" : 1.0,
          "QueueLength" : 1000000.0
        },
        "computeLoad" : {
          "UNKNOWN" : {
            "QueueLength" : 10.0,
            "TASK_CONTAINERS" : 0.9999999999999999
          }
        },
        "computeDemand" : {
          "UNKNOWN" : {
            "QueueLength" : 8.75,
            "TASK_CONTAINERS" : 0.8749999999999999
          }
        },
        "averageProcessingTime" : "NaN",
        "networkCapacity" : {
          "interface-nodeA ( nodeA )" : {
            "DATARATE_TX" : 100.0,
            "DATARATE_RX" : 100.0
          }
        },
        "networkLoad" : {
          "interface-nodeA ( nodeA )" : {
            "(clientPoolC, nodeA_c04, nodeA_c04)" : {
              "AppCoordinates {com.bbn, test-service2, 1}" : {
                "DATARATE_TX" : 0.022000000000000006,
                "DATARATE_RX" : 0.011000000000000003
              }
            },
            "(clientPoolE, nodeA_c04, nodeA_c04)" : {
              "AppCoordinates {com.bbn, test-service2, 1}" : {
                "DATARATE_TX" : 0.044000000000000025,
                "DATARATE_RX" : 0.022000000000000013
              }
            },
            "(clientPoolG, nodeA_c04, nodeA_c04)" : {
              "AppCoordinates {com.bbn, test-service2, 1}" : {
                "DATARATE_TX" : 0.02600000000000001,
                "DATARATE_RX" : 0.013000000000000005
              }
            }
          }
        },
        "networkDemand" : {
          "interface-nodeA ( nodeA )" : {
            "(clientPoolC, nodeA_c04, nodeA_c04)" : {
              "AppCoordinates {com.bbn, test-service2, 1}" : {
                "DATARATE_TX" : 0.022000000000000002,
                "DATARATE_RX" : 0.011000000000000001
              }
            },
            "(clientPoolE, nodeA_c04, nodeA_c04)" : {
              "AppCoordinates {com.bbn, test-service2, 1}" : {
                "DATARATE_TX" : 0.04400000000000003,
                "DATARATE_RX" : 0.022000000000000016
              }
            },
            "(clientPoolG, nodeA_c04, nodeA_c04)" : {
              "AppCoordinates {com.bbn, test-service2, 1}" : {
                "DATARATE_TX" : 0.026000000000000016,
                "DATARATE_RX" : 0.013000000000000008
              }
            }
          }
        }
      },
      "nodeA_c01" : {
        "containerName" : {
          "name" : "nodeA_c01"
        },
        "timestamp" : 164503,
        "service" : {
          "group" : "com.bbn",
          "artifact" : "test-service2",
          "version" : "1"
        },
        "serviceStatus" : "RUNNING",
        "demandEstimationWindow" : "SHORT",
        "computeCapacity" : {
          "CPU" : 1.0,
          "TASK_CONTAINERS" : 1.0,
          "QueueLength" : 1000000.0
        },
        "computeLoad" : {
          "UNKNOWN" : {
            "QueueLength" : 10.0,
            "TASK_CONTAINERS" : 0.9999999999999999
          }
        },
        "computeDemand" : {
          "UNKNOWN" : {
            "QueueLength" : 8.571428571428571,
            "TASK_CONTAINERS" : 0.857142857142857
          }
        },
        "averageProcessingTime" : "NaN",
        "networkCapacity" : {
          "interface-nodeA ( nodeA )" : {
            "DATARATE_TX" : 100.0,
            "DATARATE_RX" : 100.0
          }
        },
        "networkLoad" : {
          "interface-nodeA ( nodeA )" : {
            "(clientPoolE, nodeA_c01, nodeA_c01)" : {
              "AppCoordinates {com.bbn, test-service2, 1}" : {
                "DATARATE_TX" : 0.06200000000000004,
                "DATARATE_RX" : 0.03100000000000002
              }
            },
            "(clientPoolG, nodeA_c01, nodeA_c01)" : {
              "AppCoordinates {com.bbn, test-service2, 1}" : {
                "DATARATE_TX" : 0.07600000000000005,
                "DATARATE_RX" : 0.03800000000000003
              }
            },
            "(clientPoolC, nodeA_c01, nodeA_c01)" : {
              "AppCoordinates {com.bbn, test-service2, 1}" : {
                "DATARATE_TX" : 0.08400000000000006,
                "DATARATE_RX" : 0.04200000000000003
              }
            }
          }
        },
        "networkDemand" : {
          "interface-nodeA ( nodeA )" : {
            "(clientPoolE, nodeA_c01, nodeA_c01)" : {
              "AppCoordinates {com.bbn, test-service2, 1}" : {
                "DATARATE_TX" : 0.06200000000000005,
                "DATARATE_RX" : 0.031000000000000024
              }
            },
            "(clientPoolG, nodeA_c01, nodeA_c01)" : {
              "AppCoordinates {com.bbn, test-service2, 1}" : {
                "DATARATE_TX" : 0.07600000000000005,
                "DATARATE_RX" : 0.03800000000000003
              }
            },
            "(clientPoolC, nodeA_c01, nodeA_c01)" : {
              "AppCoordinates {com.bbn, test-service2, 1}" : {
                "DATARATE_TX" : 0.08400000000000006,
                "DATARATE_RX" : 0.04200000000000003
              }
            }
          }
        }
      },
      "nodeA_c02" : {
        "containerName" : {
          "name" : "nodeA_c02"
        },
        "timestamp" : 164505,
        "service" : {
          "group" : "com.bbn",
          "artifact" : "test-service3",
          "version" : "1"
        },
        "serviceStatus" : "RUNNING",
        "demandEstimationWindow" : "SHORT",
        "computeCapacity" : {
          "CPU" : 1.0,
          "TASK_CONTAINERS" : 1.0,
          "QueueLength" : 1000000.0
        },
        "computeLoad" : {
          "UNKNOWN" : {
            "QueueLength" : 10.0,
            "TASK_CONTAINERS" : 0.9999999999999999
          }
        },
        "computeDemand" : {
          "UNKNOWN" : {
            "QueueLength" : 8.571428571428571,
            "TASK_CONTAINERS" : 0.857142857142857
          }
        },
        "averageProcessingTime" : "NaN",
        "networkCapacity" : {
          "interface-nodeA ( nodeA )" : {
            "DATARATE_TX" : 100.0,
            "DATARATE_RX" : 100.0
          }
        },
        "networkLoad" : {
          "interface-nodeA ( nodeA )" : {
            "(clientPoolG, nodeA_c02, nodeA_c02)" : {
              "AppCoordinates {com.bbn, test-service3, 1}" : {
                "DATARATE_TX" : 0.08200000000000006,
                "DATARATE_RX" : 0.04100000000000003
              }
            },
            "(clientPoolC, nodeA_c02, nodeA_c02)" : {
              "AppCoordinates {com.bbn, test-service3, 1}" : {
                "DATARATE_TX" : 0.07600000000000005,
                "DATARATE_RX" : 0.03800000000000003
              }
            },
            "(clientPoolE, nodeA_c02, nodeA_c02)" : {
              "AppCoordinates {com.bbn, test-service3, 1}" : {
                "DATARATE_TX" : 0.06800000000000005,
                "DATARATE_RX" : 0.03400000000000002
              }
            }
          }
        },
        "networkDemand" : {
          "interface-nodeA ( nodeA )" : {
            "(clientPoolG, nodeA_c02, nodeA_c02)" : {
              "AppCoordinates {com.bbn, test-service3, 1}" : {
                "DATARATE_TX" : 0.08200000000000006,
                "DATARATE_RX" : 0.04100000000000003
              }
            },
            "(clientPoolC, nodeA_c02, nodeA_c02)" : {
              "AppCoordinates {com.bbn, test-service3, 1}" : {
                "DATARATE_TX" : 0.07600000000000005,
                "DATARATE_RX" : 0.03800000000000003
              }
            },
            "(clientPoolE, nodeA_c02, nodeA_c02)" : {
              "AppCoordinates {com.bbn, test-service3, 1}" : {
                "DATARATE_TX" : 0.06800000000000005,
                "DATARATE_RX" : 0.03400000000000002
              }
            }
          }
        }
      },
      "nodeA_c00" : {
        "containerName" : {
          "name" : "nodeA_c00"
        },
        "timestamp" : 164506,
        "service" : {
          "group" : "com.bbn",
          "artifact" : "test-service3",
          "version" : "1"
        },
        "serviceStatus" : "RUNNING",
        "demandEstimationWindow" : "SHORT",
        "computeCapacity" : {
          "CPU" : 1.0,
          "TASK_CONTAINERS" : 1.0,
          "QueueLength" : 1000000.0
        },
        "computeLoad" : {
          "UNKNOWN" : {
            "QueueLength" : 0.0
          }
        },
        "computeDemand" : {
          "UNKNOWN" : {
            "QueueLength" : 0.0
          }
        },
        "averageProcessingTime" : "NaN",
        "networkCapacity" : {
          "interface-nodeA ( nodeA )" : {
            "DATARATE_TX" : 100.0,
            "DATARATE_RX" : 100.0
          }
        },
        "networkLoad" : {
          "interface-nodeA ( nodeA )" : { }
        },
        "networkDemand" : {
          "interface-nodeA ( nodeA )" : { }
        }
      },
      "nodeA_c07" : {
        "containerName" : {
          "name" : "nodeA_c07"
        },
        "timestamp" : 164507,
        "service" : {
          "group" : "com.bbn",
          "artifact" : "test-service3",
          "version" : "1"
        },
        "serviceStatus" : "RUNNING",
        "demandEstimationWindow" : "SHORT",
        "computeCapacity" : {
          "CPU" : 1.0,
          "TASK_CONTAINERS" : 1.0,
          "QueueLength" : 1000000.0
        },
        "computeLoad" : {
          "UNKNOWN" : {
            "QueueLength" : 0.0
          }
        },
        "computeDemand" : {
          "UNKNOWN" : {
            "QueueLength" : 0.0
          }
        },
        "averageProcessingTime" : "NaN",
        "networkCapacity" : {
          "interface-nodeA ( nodeA )" : {
            "DATARATE_TX" : 100.0,
            "DATARATE_RX" : 100.0
          }
        },
        "networkLoad" : {
          "interface-nodeA ( nodeA )" : { }
        },
        "networkDemand" : {
          "interface-nodeA ( nodeA )" : { }
        }
      },
      "nodeA_c05" : {
        "containerName" : {
          "name" : "nodeA_c05"
        },
        "timestamp" : 164507,
        "service" : {
          "group" : "com.bbn",
          "artifact" : "test-service1",
          "version" : "1"
        },
        "serviceStatus" : "RUNNING",
        "demandEstimationWindow" : "SHORT",
        "computeCapacity" : {
          "CPU" : 1.0,
          "TASK_CONTAINERS" : 1.0,
          "QueueLength" : 1000000.0
        },
        "computeLoad" : {
          "UNKNOWN" : {
            "QueueLength" : 10.0,
            "TASK_CONTAINERS" : 0.9999999999999999
          }
        },
        "computeDemand" : {
          "UNKNOWN" : {
            "QueueLength" : 8.571428571428571,
            "TASK_CONTAINERS" : 0.857142857142857
          }
        },
        "averageProcessingTime" : "NaN",
        "networkCapacity" : {
          "interface-nodeA ( nodeA )" : {
            "DATARATE_TX" : 100.0,
            "DATARATE_RX" : 100.0
          }
        },
        "networkLoad" : {
          "interface-nodeA ( nodeA )" : {
            "(clientPoolC, nodeA_c05, nodeA_c05)" : {
              "AppCoordinates {com.bbn, test-service1, 1}" : {
                "DATARATE_TX" : 0.044000000000000025,
                "DATARATE_RX" : 0.022000000000000013
              }
            },
            "(clientPoolE, nodeA_c05, nodeA_c05)" : {
              "AppCoordinates {com.bbn, test-service1, 1}" : {
                "DATARATE_TX" : 0.05000000000000003,
                "DATARATE_RX" : 0.025000000000000015
              }
            },
            "(clientPoolG, nodeA_c05, nodeA_c05)" : {
              "AppCoordinates {com.bbn, test-service1, 1}" : {
                "DATARATE_TX" : 0.02800000000000001,
                "DATARATE_RX" : 0.014000000000000005
              }
            }
          }
        },
        "networkDemand" : {
          "interface-nodeA ( nodeA )" : {
            "(clientPoolC, nodeA_c05, nodeA_c05)" : {
              "AppCoordinates {com.bbn, test-service1, 1}" : {
                "DATARATE_TX" : 0.04400000000000003,
                "DATARATE_RX" : 0.022000000000000016
              }
            },
            "(clientPoolE, nodeA_c05, nodeA_c05)" : {
              "AppCoordinates {com.bbn, test-service1, 1}" : {
                "DATARATE_TX" : 0.05000000000000004,
                "DATARATE_RX" : 0.02500000000000002
              }
            },
            "(clientPoolG, nodeA_c05, nodeA_c05)" : {
              "AppCoordinates {com.bbn, test-service1, 1}" : {
                "DATARATE_TX" : 0.028000000000000014,
                "DATARATE_RX" : 0.014000000000000007
              }
            }
          }
        }
      },
      "nodeA_c06" : {
        "containerName" : {
          "name" : "nodeA_c06"
        },
        "timestamp" : 164508,
        "service" : {
          "group" : "com.bbn",
          "artifact" : "test-service3",
          "version" : "1"
        },
        "serviceStatus" : "RUNNING",
        "demandEstimationWindow" : "SHORT",
        "computeCapacity" : {
          "CPU" : 1.0,
          "TASK_CONTAINERS" : 1.0,
          "QueueLength" : 1000000.0
        },
        "computeLoad" : {
          "UNKNOWN" : {
            "QueueLength" : 10.0,
            "TASK_CONTAINERS" : 0.9999999999999999
          }
        },
        "computeDemand" : {
          "UNKNOWN" : {
            "QueueLength" : 8.571428571428571,
            "TASK_CONTAINERS" : 0.857142857142857
          }
        },
        "averageProcessingTime" : "NaN",
        "networkCapacity" : {
          "interface-nodeA ( nodeA )" : {
            "DATARATE_TX" : 100.0,
            "DATARATE_RX" : 100.0
          }
        },
        "networkLoad" : {
          "interface-nodeA ( nodeA )" : {
            "(clientPoolC, nodeA_c06, nodeA_c06)" : {
              "AppCoordinates {com.bbn, test-service3, 1}" : {
                "DATARATE_TX" : 0.012,
                "DATARATE_RX" : 0.006
              }
            },
            "(clientPoolE, nodeA_c06, nodeA_c06)" : {
              "AppCoordinates {com.bbn, test-service3, 1}" : {
                "DATARATE_TX" : 0.016,
                "DATARATE_RX" : 0.008
              }
            },
            "(clientPoolG, nodeA_c06, nodeA_c06)" : {
              "AppCoordinates {com.bbn, test-service3, 1}" : {
                "DATARATE_TX" : 0.012,
                "DATARATE_RX" : 0.006
              }
            }
          }
        },
        "networkDemand" : {
          "interface-nodeA ( nodeA )" : {
            "(clientPoolC, nodeA_c06, nodeA_c06)" : {
              "AppCoordinates {com.bbn, test-service3, 1}" : {
                "DATARATE_TX" : 0.011999999999999999,
                "DATARATE_RX" : 0.005999999999999999
              }
            },
            "(clientPoolE, nodeA_c06, nodeA_c06)" : {
              "AppCoordinates {com.bbn, test-service3, 1}" : {
                "DATARATE_TX" : 0.016,
                "DATARATE_RX" : 0.008
              }
            },
            "(clientPoolG, nodeA_c06, nodeA_c06)" : {
              "AppCoordinates {com.bbn, test-service3, 1}" : {
                "DATARATE_TX" : 0.011999999999999999,
                "DATARATE_RX" : 0.005999999999999999
              }
            }
          }
        }
      }
    },
    "maximumServiceContainers" : 8,
    "allocatedServiceContainers" : 8,
    "computeDemand" : {
      "AppCoordinates {com.bbn, test-service3, 1}" : {
        "UNKNOWN" : {
          "QueueLength" : 25.89285714285714,
          "TASK_CONTAINERS" : 2.5892857142857135
        }
      },
      "AppCoordinates {com.bbn, test-service2, 1}" : {
        "UNKNOWN" : {
          "QueueLength" : 17.32142857142857,
          "TASK_CONTAINERS" : 1.7321428571428568
        }
      },
      "AppCoordinates {com.bbn, test-service1, 1}" : {
        "UNKNOWN" : {
          "QueueLength" : 8.571428571428571,
          "TASK_CONTAINERS" : 0.857142857142857
        }
      }
    },
    "containerNetworkLoad" : {
      "interface-nodeA ( nodeA )" : {
        "(clientPoolE, nodeA_c01, nodeA_c01)" : {
          "AppCoordinates {com.bbn, test-service2, 1}" : {
            "DATARATE_TX" : 0.06200000000000004,
            "DATARATE_RX" : 0.03100000000000002
          }
        },
        "(clientPoolG, nodeA_c03, nodeA_c03)" : {
          "AppCoordinates {com.bbn, test-service3, 1}" : {
            "DATARATE_TX" : 0.02600000000000001,
            "DATARATE_RX" : 0.013000000000000005
          }
        },
        "(clientPoolG, nodeA_c02, nodeA_c02)" : {
          "AppCoordinates {com.bbn, test-service3, 1}" : {
            "DATARATE_TX" : 0.08200000000000006,
            "DATARATE_RX" : 0.04100000000000003
          }
        },
        "(clientPoolG, nodeA_c01, nodeA_c01)" : {
          "AppCoordinates {com.bbn, test-service2, 1}" : {
            "DATARATE_TX" : 0.07600000000000005,
            "DATARATE_RX" : 0.03800000000000003
          }
        },
        "(clientPoolC, nodeA_c06, nodeA_c06)" : {
          "AppCoordinates {com.bbn, test-service3, 1}" : {
            "DATARATE_TX" : 0.012,
            "DATARATE_RX" : 0.006
          }
        },
        "(clientPoolC, nodeA_c05, nodeA_c05)" : {
          "AppCoordinates {com.bbn, test-service1, 1}" : {
            "DATARATE_TX" : 0.044000000000000025,
            "DATARATE_RX" : 0.022000000000000013
          }
        },
        "(clientPoolE, nodeA_c06, nodeA_c06)" : {
          "AppCoordinates {com.bbn, test-service3, 1}" : {
            "DATARATE_TX" : 0.016,
            "DATARATE_RX" : 0.008
          }
        },
        "(clientPoolC, nodeA_c04, nodeA_c04)" : {
          "AppCoordinates {com.bbn, test-service2, 1}" : {
            "DATARATE_TX" : 0.022000000000000006,
            "DATARATE_RX" : 0.011000000000000003
          }
        },
        "(clientPoolE, nodeA_c05, nodeA_c05)" : {
          "AppCoordinates {com.bbn, test-service1, 1}" : {
            "DATARATE_TX" : 0.05000000000000003,
            "DATARATE_RX" : 0.025000000000000015
          }
        },
        "(clientPoolC, nodeA_c03, nodeA_c03)" : {
          "AppCoordinates {com.bbn, test-service3, 1}" : {
            "DATARATE_TX" : 0.032000000000000015,
            "DATARATE_RX" : 0.016000000000000007
          }
        },
        "(clientPoolG, nodeA_c06, nodeA_c06)" : {
          "AppCoordinates {com.bbn, test-service3, 1}" : {
            "DATARATE_TX" : 0.012,
            "DATARATE_RX" : 0.006
          }
        },
        "(clientPoolC, nodeA_c02, nodeA_c02)" : {
          "AppCoordinates {com.bbn, test-service3, 1}" : {
            "DATARATE_TX" : 0.07600000000000005,
            "DATARATE_RX" : 0.03800000000000003
          }
        },
        "(clientPoolE, nodeA_c04, nodeA_c04)" : {
          "AppCoordinates {com.bbn, test-service2, 1}" : {
            "DATARATE_TX" : 0.044000000000000025,
            "DATARATE_RX" : 0.022000000000000013
          }
        },
        "(clientPoolG, nodeA_c05, nodeA_c05)" : {
          "AppCoordinates {com.bbn, test-service1, 1}" : {
            "DATARATE_TX" : 0.02800000000000001,
            "DATARATE_RX" : 0.014000000000000005
          }
        },
        "(clientPoolC, nodeA_c01, nodeA_c01)" : {
          "AppCoordinates {com.bbn, test-service2, 1}" : {
            "DATARATE_TX" : 0.08400000000000006,
            "DATARATE_RX" : 0.04200000000000003
          }
        },
        "(clientPoolE, nodeA_c03, nodeA_c03)" : {
          "AppCoordinates {com.bbn, test-service3, 1}" : {
            "DATARATE_TX" : 0.03600000000000002,
            "DATARATE_RX" : 0.01800000000000001
          }
        },
        "(clientPoolE, nodeA_c02, nodeA_c02)" : {
          "AppCoordinates {com.bbn, test-service3, 1}" : {
            "DATARATE_TX" : 0.06800000000000005,
            "DATARATE_RX" : 0.03400000000000002
          }
        },
        "(clientPoolG, nodeA_c04, nodeA_c04)" : {
          "AppCoordinates {com.bbn, test-service2, 1}" : {
            "DATARATE_TX" : 0.02600000000000001,
            "DATARATE_RX" : 0.013000000000000005
          }
        }
      }
    },
    "containerNetworkDemand" : {
      "interface-nodeA ( nodeA )" : {
        "(clientPoolE, nodeA_c01, nodeA_c01)" : {
          "AppCoordinates {com.bbn, test-service2, 1}" : {
            "DATARATE_TX" : 0.06200000000000005,
            "DATARATE_RX" : 0.031000000000000024
          }
        },
        "(clientPoolG, nodeA_c03, nodeA_c03)" : {
          "AppCoordinates {com.bbn, test-service3, 1}" : {
            "DATARATE_TX" : 0.026000000000000016,
            "DATARATE_RX" : 0.013000000000000008
          }
        },
        "(clientPoolG, nodeA_c02, nodeA_c02)" : {
          "AppCoordinates {com.bbn, test-service3, 1}" : {
            "DATARATE_TX" : 0.08200000000000006,
            "DATARATE_RX" : 0.04100000000000003
          }
        },
        "(clientPoolG, nodeA_c01, nodeA_c01)" : {
          "AppCoordinates {com.bbn, test-service2, 1}" : {
            "DATARATE_TX" : 0.07600000000000005,
            "DATARATE_RX" : 0.03800000000000003
          }
        },
        "(clientPoolC, nodeA_c06, nodeA_c06)" : {
          "AppCoordinates {com.bbn, test-service3, 1}" : {
            "DATARATE_TX" : 0.011999999999999999,
            "DATARATE_RX" : 0.005999999999999999
          }
        },
        "(clientPoolC, nodeA_c05, nodeA_c05)" : {
          "AppCoordinates {com.bbn, test-service1, 1}" : {
            "DATARATE_TX" : 0.04400000000000003,
            "DATARATE_RX" : 0.022000000000000016
          }
        },
        "(clientPoolE, nodeA_c06, nodeA_c06)" : {
          "AppCoordinates {com.bbn, test-service3, 1}" : {
            "DATARATE_TX" : 0.016,
            "DATARATE_RX" : 0.008
          }
        },
        "(clientPoolC, nodeA_c04, nodeA_c04)" : {
          "AppCoordinates {com.bbn, test-service2, 1}" : {
            "DATARATE_TX" : 0.022000000000000002,
            "DATARATE_RX" : 0.011000000000000001
          }
        },
        "(clientPoolE, nodeA_c05, nodeA_c05)" : {
          "AppCoordinates {com.bbn, test-service1, 1}" : {
            "DATARATE_TX" : 0.05000000000000004,
            "DATARATE_RX" : 0.02500000000000002
          }
        },
        "(clientPoolC, nodeA_c03, nodeA_c03)" : {
          "AppCoordinates {com.bbn, test-service3, 1}" : {
            "DATARATE_TX" : 0.03200000000000002,
            "DATARATE_RX" : 0.01600000000000001
          }
        },
        "(clientPoolG, nodeA_c06, nodeA_c06)" : {
          "AppCoordinates {com.bbn, test-service3, 1}" : {
            "DATARATE_TX" : 0.011999999999999999,
            "DATARATE_RX" : 0.005999999999999999
          }
        },
        "(clientPoolC, nodeA_c02, nodeA_c02)" : {
          "AppCoordinates {com.bbn, test-service3, 1}" : {
            "DATARATE_TX" : 0.07600000000000005,
            "DATARATE_RX" : 0.03800000000000003
          }
        },
        "(clientPoolE, nodeA_c04, nodeA_c04)" : {
          "AppCoordinates {com.bbn, test-service2, 1}" : {
            "DATARATE_TX" : 0.04400000000000003,
            "DATARATE_RX" : 0.022000000000000016
          }
        },
        "(clientPoolG, nodeA_c05, nodeA_c05)" : {
          "AppCoordinates {com.bbn, test-service1, 1}" : {
            "DATARATE_TX" : 0.028000000000000014,
            "DATARATE_RX" : 0.014000000000000007
          }
        },
        "(clientPoolC, nodeA_c01, nodeA_c01)" : {
          "AppCoordinates {com.bbn, test-service2, 1}" : {
            "DATARATE_TX" : 0.08400000000000006,
            "DATARATE_RX" : 0.04200000000000003
          }
        },
        "(clientPoolE, nodeA_c03, nodeA_c03)" : {
          "AppCoordinates {com.bbn, test-service3, 1}" : {
            "DATARATE_TX" : 0.036000000000000025,
            "DATARATE_RX" : 0.018000000000000013
          }
        },
        "(clientPoolE, nodeA_c02, nodeA_c02)" : {
          "AppCoordinates {com.bbn, test-service3, 1}" : {
            "DATARATE_TX" : 0.06800000000000005,
            "DATARATE_RX" : 0.03400000000000002
          }
        },
        "(clientPoolG, nodeA_c04, nodeA_c04)" : {
          "AppCoordinates {com.bbn, test-service2, 1}" : {
            "DATARATE_TX" : 0.026000000000000016,
            "DATARATE_RX" : 0.013000000000000008
          }
        }
      }
    },
    "computeLoad" : {
      "AppCoordinates {com.bbn, test-service3, 1}" : {
        "UNKNOWN" : {
          "QueueLength" : 30.0,
          "TASK_CONTAINERS" : 2.9999999999999996
        }
      },
      "AppCoordinates {com.bbn, test-service2, 1}" : {
        "UNKNOWN" : {
          "QueueLength" : 20.0,
          "TASK_CONTAINERS" : 1.9999999999999998
        }
      },
      "AppCoordinates {com.bbn, test-service1, 1}" : {
        "UNKNOWN" : {
          "QueueLength" : 10.0,
          "TASK_CONTAINERS" : 0.9999999999999999
        }
      }
    },
    "averageProcessingTime" : { },
    "availableServiceContainers" : 0,
    "allocatedComputeCapacity" : {
      "CPU" : 8.0,
      "QueueLength" : 8000000.0,
      "TASK_CONTAINERS" : 8.0
    }
  } ]
}