{
  "AppCoordinates {com.bbn, test-service3, 1}" : {
    "serverDemand" : {
      "C" : {
        "QueueLength" : 4.153569846763737,
        "TASK_CONTAINERS" : 0.786776459550112
      },
      "E" : {
        "QueueLength" : 6.755384666506191,
        "TASK_CONTAINERS" : 1.2796167698862777
      },
      "G" : {
        "QueueLength" : 4.691308800139399,
        "TASK_CONTAINERS" : 0.8886359119025817
      }
    }
  },
  "AppCoordinates {com.bbn, test-service2, 1}" : {
    "serverDemand" : {
      "C" : {
        "QueueLength" : 3.2035285946063112,
        "TASK_CONTAINERS" : 0.46441440392010774
      },
      "E" : {
        "QueueLength" : 4.573762230302138,
        "TASK_CONTAINERS" : 0.6630566880015965
      },
      "G" : {
        "QueueLength" : 5.946762338107185,
        "TASK_CONTAINERS" : 0.8621000265633632
      }
    }
  },
  "AppCoordinates {com.bbn, test-service1, 1}" : {
    "serverDemand" : {
      "C" : {
        "QueueLength" : 1.9828371107747313,
        "TASK_CONTAINERS" : 0.34765744008916954
      },
      "E" : {
        "QueueLength" : 1.6997250179942631,
        "TASK_CONTAINERS" : 0.2980184531549941
      },
      "G" : {
        "QueueLength" : 1.9828371107747316,
        "TASK_CONTAINERS" : 0.34765744008916954
      }
    }
  }
}