{
  "region" : {
    "name" : "C"
  },
  "nodeResourceReports" : [ {
    "nodeName" : {
      "name" : "nodeC"
    },
    "timestamp" : 304498,
    "demandEstimationWindow" : "SHORT",
    "nodeComputeCapacity" : {
      "CPU" : 8.0,
      "MEMORY" : 1.6E10,
      "DISK" : 10.0,
      "TASK_CONTAINERS" : 8.0
    },
    "networkCapacity" : {
      "interface-nodeE ( nodeE )" : {
        "DATARATE_RX" : 100.0,
        "DATARATE_TX" : 100.0
      },
      "interface-nodeB ( nodeB )" : {
        "DATARATE_RX" : 100.0,
        "DATARATE_TX" : 100.0
      }
    },
    "networkLoad" : {
      "interface-nodeE ( nodeE )" : {
        "(nodeC_c07, clientPoolE, nodeC_c07)" : {
          "AppCoordinates {com.bbn, test-service2, 1}" : {
            "DATARATE_TX" : 7.799999999999988E-5,
            "DATARATE_RX" : 1.5599999999999975E-4
          },
          "AppCoordinates {com.bbn, test-service1, 1}" : {
            "DATARATE_TX" : -3.8116482626443515E-21,
            "DATARATE_RX" : -7.623296525288703E-21
          }
        },
        "(nodeC_c05, clientPoolE, nodeC_c05)" : {
          "AppCoordinates {com.bbn, test-service3, 1}" : {
            "DATARATE_TX" : 5.499999999999994E-5,
            "DATARATE_RX" : 1.0999999999999988E-4
          }
        },
        "(nodeC_c06, clientPoolE, nodeC_c06)" : {
          "AppCoordinates {com.bbn, test-service2, 1}" : {
            "DATARATE_TX" : -3.8116482626443515E-21,
            "DATARATE_RX" : -7.623296525288703E-21
          },
          "AppCoordinates {com.bbn, test-service1, 1}" : {
            "DATARATE_TX" : 6.599999999999991E-5,
            "DATARATE_RX" : 1.3199999999999982E-4
          }
        },
        "(nodeC_c03, clientPoolE, nodeC_c03)" : {
          "AppCoordinates {com.bbn, test-service3, 1}" : {
            "DATARATE_TX" : 6.79999999999999E-5,
            "DATARATE_RX" : 1.359999999999998E-4
          },
          "AppCoordinates {com.bbn, test-service1, 1}" : {
            "DATARATE_TX" : -3.8116482626443515E-21,
            "DATARATE_RX" : -7.623296525288703E-21
          }
        },
        "(nodeC_c04, clientPoolE, nodeC_c04)" : {
          "AppCoordinates {com.bbn, test-service3, 1}" : {
            "DATARATE_TX" : 6.199999999999992E-5,
            "DATARATE_RX" : 1.2399999999999984E-4
          },
          "AppCoordinates {com.bbn, test-service1, 1}" : {
            "DATARATE_TX" : -4.2351647362715017E-22,
            "DATARATE_RX" : -8.470329472543003E-22
          }
        },
        "(nodeC_c01, clientPoolE, nodeC_c01)" : {
          "AppCoordinates {com.bbn, test-service3, 1}" : {
            "DATARATE_TX" : 5.599999999999994E-5,
            "DATARATE_RX" : 1.1199999999999988E-4
          },
          "AppCoordinates {com.bbn, test-service2, 1}" : {
            "DATARATE_TX" : -3.8116482626443515E-21,
            "DATARATE_RX" : -7.623296525288703E-21
          }
        },
        "(nodeC_c02, clientPoolE, nodeC_c02)" : {
          "AppCoordinates {com.bbn, test-service3, 1}" : {
            "DATARATE_TX" : 6.79999999999999E-5,
            "DATARATE_RX" : 1.359999999999998E-4
          },
          "AppCoordinates {com.bbn, test-service2, 1}" : {
            "DATARATE_TX" : 1.2705494208814505E-21,
            "DATARATE_RX" : 2.541098841762901E-21
          }
        },
        "(nodeC_c00, clientPoolE, nodeC_c00)" : {
          "AppCoordinates {com.bbn, test-service2, 1}" : {
            "DATARATE_TX" : 5.499999999999994E-5,
            "DATARATE_RX" : 1.0999999999999988E-4
          },
          "AppCoordinates {com.bbn, test-service1, 1}" : {
            "DATARATE_TX" : -3.8116482626443515E-21,
            "DATARATE_RX" : -7.623296525288703E-21
          }
        }
      },
      "interface-nodeB ( nodeB )" : {
        "(nodeC_c06, clientPoolB, nodeC_c06)" : {
          "AppCoordinates {com.bbn, test-service2, 1}" : {
            "DATARATE_TX" : -3.8116482626443515E-21,
            "DATARATE_RX" : -7.623296525288703E-21
          },
          "AppCoordinates {com.bbn, test-service1, 1}" : {
            "DATARATE_TX" : 6.699999999999991E-5,
            "DATARATE_RX" : 1.3399999999999981E-4
          }
        },
        "(nodeC_c07, clientPoolB, nodeC_c07)" : {
          "AppCoordinates {com.bbn, test-service2, 1}" : {
            "DATARATE_TX" : 6.89999999999999E-5,
            "DATARATE_RX" : 1.379999999999998E-4
          },
          "AppCoordinates {com.bbn, test-service1, 1}" : {
            "DATARATE_TX" : -3.8116482626443515E-21,
            "DATARATE_RX" : -7.623296525288703E-21
          }
        },
        "(nodeC_c04, clientPoolB, nodeC_c04)" : {
          "AppCoordinates {com.bbn, test-service3, 1}" : {
            "DATARATE_TX" : 6.599999999999991E-5,
            "DATARATE_RX" : 1.3199999999999982E-4
          },
          "AppCoordinates {com.bbn, test-service1, 1}" : {
            "DATARATE_TX" : -4.2351647362715017E-22,
            "DATARATE_RX" : -8.470329472543003E-22
          }
        },
        "(nodeC_c05, clientPoolB, nodeC_c05)" : {
          "AppCoordinates {com.bbn, test-service3, 1}" : {
            "DATARATE_TX" : 6.399999999999992E-5,
            "DATARATE_RX" : 1.2799999999999983E-4
          }
        },
        "(nodeC_c02, clientPoolB, nodeC_c02)" : {
          "AppCoordinates {com.bbn, test-service3, 1}" : {
            "DATARATE_TX" : 6.299999999999992E-5,
            "DATARATE_RX" : 1.2599999999999984E-4
          },
          "AppCoordinates {com.bbn, test-service2, 1}" : {
            "DATARATE_TX" : 1.2705494208814505E-21,
            "DATARATE_RX" : 2.541098841762901E-21
          }
        },
        "(nodeC_c03, clientPoolB, nodeC_c03)" : {
          "AppCoordinates {com.bbn, test-service3, 1}" : {
            "DATARATE_TX" : 6.699999999999991E-5,
            "DATARATE_RX" : 1.3399999999999981E-4
          },
          "AppCoordinates {com.bbn, test-service1, 1}" : {
            "DATARATE_TX" : -3.8116482626443515E-21,
            "DATARATE_RX" : -7.623296525288703E-21
          }
        },
        "(nodeC_c00, clientPoolB, nodeC_c00)" : {
          "AppCoordinates {com.bbn, test-service2, 1}" : {
            "DATARATE_TX" : 6.399999999999992E-5,
            "DATARATE_RX" : 1.2799999999999983E-4
          },
          "AppCoordinates {com.bbn, test-service1, 1}" : {
            "DATARATE_TX" : -3.8116482626443515E-21,
            "DATARATE_RX" : -7.623296525288703E-21
          }
        },
        "(nodeC_c01, clientPoolB, nodeC_c01)" : {
          "AppCoordinates {com.bbn, test-service3, 1}" : {
            "DATARATE_TX" : 4.699999999999996E-5,
            "DATARATE_RX" : 9.399999999999993E-5
          },
          "AppCoordinates {com.bbn, test-service2, 1}" : {
            "DATARATE_TX" : -3.8116482626443515E-21,
            "DATARATE_RX" : -7.623296525288703E-21
          }
        }
      }
    },
    "networkDemand" : {
      "interface-nodeE ( nodeE )" : {
        "(nodeC_c07, clientPoolE, nodeC_c07)" : {
          "AppCoordinates {com.bbn, test-service2, 1}" : {
            "DATARATE_TX" : 7.799999999999988E-5,
            "DATARATE_RX" : 1.5599999999999975E-4
          },
          "AppCoordinates {com.bbn, test-service1, 1}" : {
            "DATARATE_TX" : -3.8116482626443515E-21,
            "DATARATE_RX" : -7.623296525288703E-21
          }
        },
        "(nodeC_c05, clientPoolE, nodeC_c05)" : {
          "AppCoordinates {com.bbn, test-service3, 1}" : {
            "DATARATE_TX" : 5.4999999999999934E-5,
            "DATARATE_RX" : 1.0999999999999987E-4
          }
        },
        "(nodeC_c06, clientPoolE, nodeC_c06)" : {
          "AppCoordinates {com.bbn, test-service2, 1}" : {
            "DATARATE_TX" : -3.8116482626443515E-21,
            "DATARATE_RX" : -7.623296525288703E-21
          },
          "AppCoordinates {com.bbn, test-service1, 1}" : {
            "DATARATE_TX" : 6.599999999999991E-5,
            "DATARATE_RX" : 1.3199999999999982E-4
          }
        },
        "(nodeC_c03, clientPoolE, nodeC_c03)" : {
          "AppCoordinates {com.bbn, test-service3, 1}" : {
            "DATARATE_TX" : 6.79999999999999E-5,
            "DATARATE_RX" : 1.359999999999998E-4
          },
          "AppCoordinates {com.bbn, test-service1, 1}" : {
            "DATARATE_TX" : -3.8116482626443515E-21,
            "DATARATE_RX" : -7.623296525288703E-21
          }
        },
        "(nodeC_c04, clientPoolE, nodeC_c04)" : {
          "AppCoordinates {com.bbn, test-service3, 1}" : {
            "DATARATE_TX" : 6.199999999999992E-5,
            "DATARATE_RX" : 1.2399999999999984E-4
          },
          "AppCoordinates {com.bbn, test-service1, 1}" : {
            "DATARATE_TX" : -4.2351647362715017E-22,
            "DATARATE_RX" : -8.470329472543003E-22
          }
        },
        "(nodeC_c01, clientPoolE, nodeC_c01)" : {
          "AppCoordinates {com.bbn, test-service3, 1}" : {
            "DATARATE_TX" : 5.5999999999999945E-5,
            "DATARATE_RX" : 1.1199999999999989E-4
          },
          "AppCoordinates {com.bbn, test-service2, 1}" : {
            "DATARATE_TX" : -3.8116482626443515E-21,
            "DATARATE_RX" : -7.623296525288703E-21
          }
        },
        "(nodeC_c02, clientPoolE, nodeC_c02)" : {
          "AppCoordinates {com.bbn, test-service3, 1}" : {
            "DATARATE_TX" : 6.79999999999999E-5,
            "DATARATE_RX" : 1.359999999999998E-4
          },
          "AppCoordinates {com.bbn, test-service2, 1}" : {
            "DATARATE_TX" : 1.2705494208814505E-21,
            "DATARATE_RX" : 2.541098841762901E-21
          }
        },
        "(nodeC_c00, clientPoolE, nodeC_c00)" : {
          "AppCoordinates {com.bbn, test-service2, 1}" : {
            "DATARATE_TX" : 5.4999999999999934E-5,
            "DATARATE_RX" : 1.0999999999999987E-4
          },
          "AppCoordinates {com.bbn, test-service1, 1}" : {
            "DATARATE_TX" : -3.8116482626443515E-21,
            "DATARATE_RX" : -7.623296525288703E-21
          }
        }
      },
      "interface-nodeB ( nodeB )" : {
        "(nodeC_c06, clientPoolB, nodeC_c06)" : {
          "AppCoordinates {com.bbn, test-service2, 1}" : {
            "DATARATE_TX" : -3.8116482626443515E-21,
            "DATARATE_RX" : -7.623296525288703E-21
          },
          "AppCoordinates {com.bbn, test-service1, 1}" : {
            "DATARATE_TX" : 6.699999999999991E-5,
            "DATARATE_RX" : 1.3399999999999981E-4
          }
        },
        "(nodeC_c07, clientPoolB, nodeC_c07)" : {
          "AppCoordinates {com.bbn, test-service2, 1}" : {
            "DATARATE_TX" : 6.89999999999999E-5,
            "DATARATE_RX" : 1.379999999999998E-4
          },
          "AppCoordinates {com.bbn, test-service1, 1}" : {
            "DATARATE_TX" : -3.8116482626443515E-21,
            "DATARATE_RX" : -7.623296525288703E-21
          }
        },
        "(nodeC_c04, clientPoolB, nodeC_c04)" : {
          "AppCoordinates {com.bbn, test-service3, 1}" : {
            "DATARATE_TX" : 6.599999999999991E-5,
            "DATARATE_RX" : 1.3199999999999982E-4
          },
          "AppCoordinates {com.bbn, test-service1, 1}" : {
            "DATARATE_TX" : -4.2351647362715017E-22,
            "DATARATE_RX" : -8.470329472543003E-22
          }
        },
        "(nodeC_c05, clientPoolB, nodeC_c05)" : {
          "AppCoordinates {com.bbn, test-service3, 1}" : {
            "DATARATE_TX" : 6.399999999999992E-5,
            "DATARATE_RX" : 1.2799999999999983E-4
          }
        },
        "(nodeC_c02, clientPoolB, nodeC_c02)" : {
          "AppCoordinates {com.bbn, test-service3, 1}" : {
            "DATARATE_TX" : 6.299999999999992E-5,
            "DATARATE_RX" : 1.2599999999999984E-4
          },
          "AppCoordinates {com.bbn, test-service2, 1}" : {
            "DATARATE_TX" : 1.2705494208814505E-21,
            "DATARATE_RX" : 2.541098841762901E-21
          }
        },
        "(nodeC_c03, clientPoolB, nodeC_c03)" : {
          "AppCoordinates {com.bbn, test-service3, 1}" : {
            "DATARATE_TX" : 6.699999999999991E-5,
            "DATARATE_RX" : 1.3399999999999981E-4
          },
          "AppCoordinates {com.bbn, test-service1, 1}" : {
            "DATARATE_TX" : -3.8116482626443515E-21,
            "DATARATE_RX" : -7.623296525288703E-21
          }
        },
        "(nodeC_c00, clientPoolB, nodeC_c00)" : {
          "AppCoordinates {com.bbn, test-service2, 1}" : {
            "DATARATE_TX" : 6.399999999999992E-5,
            "DATARATE_RX" : 1.2799999999999983E-4
          },
          "AppCoordinates {com.bbn, test-service1, 1}" : {
            "DATARATE_TX" : -3.8116482626443515E-21,
            "DATARATE_RX" : -7.623296525288703E-21
          }
        },
        "(nodeC_c01, clientPoolB, nodeC_c01)" : {
          "AppCoordinates {com.bbn, test-service3, 1}" : {
            "DATARATE_TX" : 4.6999999999999957E-5,
            "DATARATE_RX" : 9.399999999999991E-5
          },
          "AppCoordinates {com.bbn, test-service2, 1}" : {
            "DATARATE_TX" : -3.8116482626443515E-21,
            "DATARATE_RX" : -7.623296525288703E-21
          }
        }
      }
    },
    "containerReports" : {
      "nodeC_c01" : {
        "containerName" : {
          "name" : "nodeC_c01"
        },
        "timestamp" : 304498,
        "service" : {
          "group" : "com.bbn",
          "artifact" : "test-service3",
          "version" : "1"
        },
        "serviceStatus" : "RUNNING",
        "demandEstimationWindow" : "SHORT",
        "computeCapacity" : {
          "CPU" : 1.0,
          "TASK_CONTAINERS" : 100.0,
          "QueueLength" : 1000000.0
        },
        "computeLoad" : {
          "UNKNOWN" : {
            "QueueLength" : 188.0,
            "TASK_CONTAINERS" : 94.0
          }
        },
        "computeDemand" : {
          "UNKNOWN" : {
            "QueueLength" : 164.5,
            "TASK_CONTAINERS" : 82.25
          }
        },
        "averageProcessingTime" : 120000.0,
        "networkCapacity" : {
          "interface-nodeC ( nodeC )" : {
            "DATARATE_TX" : 100.0,
            "DATARATE_RX" : 100.0
          }
        },
        "networkLoad" : {
          "interface-nodeC ( nodeC )" : {
            "(clientPoolC, nodeC_c01, nodeC_c01)" : {
              "AppCoordinates {com.bbn, test-service3, 1}" : {
                "DATARATE_TX" : 1.8599999999999967E-4,
                "DATARATE_RX" : 9.299999999999983E-5
              }
            },
            "(clientPoolE, nodeC_c01, nodeC_c01)" : {
              "AppCoordinates {com.bbn, test-service3, 1}" : {
                "DATARATE_TX" : 1.3199999999999982E-4,
                "DATARATE_RX" : 6.599999999999991E-5
              }
            },
            "(clientPoolB, nodeC_c01, nodeC_c01)" : {
              "AppCoordinates {com.bbn, test-service3, 1}" : {
                "DATARATE_TX" : 1.039999999999999E-4,
                "DATARATE_RX" : 5.199999999999995E-5
              }
            }
          }
        },
        "networkDemand" : {
          "interface-nodeC ( nodeC )" : {
            "(clientPoolC, nodeC_c01, nodeC_c01)" : {
              "AppCoordinates {com.bbn, test-service3, 1}" : {
                "DATARATE_TX" : 1.859999999999997E-4,
                "DATARATE_RX" : 9.299999999999985E-5
              }
            },
            "(clientPoolE, nodeC_c01, nodeC_c01)" : {
              "AppCoordinates {com.bbn, test-service3, 1}" : {
                "DATARATE_TX" : 1.3199999999999982E-4,
                "DATARATE_RX" : 6.599999999999991E-5
              }
            },
            "(clientPoolB, nodeC_c01, nodeC_c01)" : {
              "AppCoordinates {com.bbn, test-service3, 1}" : {
                "DATARATE_TX" : 1.0399999999999991E-4,
                "DATARATE_RX" : 5.1999999999999956E-5
              }
            }
          }
        }
      },
      "nodeC_c02" : {
        "containerName" : {
          "name" : "nodeC_c02"
        },
        "timestamp" : 304498,
        "service" : {
          "group" : "com.bbn",
          "artifact" : "test-service3",
          "version" : "1"
        },
        "serviceStatus" : "RUNNING",
        "demandEstimationWindow" : "SHORT",
        "computeCapacity" : {
          "CPU" : 1.0,
          "TASK_CONTAINERS" : 100.0,
          "QueueLength" : 1000000.0
        },
        "computeLoad" : {
          "UNKNOWN" : {
            "QueueLength" : 200.0,
            "TASK_CONTAINERS" : 100.0
          }
        },
        "computeDemand" : {
          "UNKNOWN" : {
            "QueueLength" : 175.0,
            "TASK_CONTAINERS" : 87.5
          }
        },
        "averageProcessingTime" : "NaN",
        "networkCapacity" : {
          "interface-nodeC ( nodeC )" : {
            "DATARATE_TX" : 100.0,
            "DATARATE_RX" : 100.0
          }
        },
        "networkLoad" : {
          "interface-nodeC ( nodeC )" : {
            "(clientPoolE, nodeC_c02, nodeC_c02)" : {
              "AppCoordinates {com.bbn, test-service3, 1}" : {
                "DATARATE_TX" : 1.4599999999999978E-4,
                "DATARATE_RX" : 7.299999999999989E-5
              }
            },
            "(clientPoolB, nodeC_c02, nodeC_c02)" : {
              "AppCoordinates {com.bbn, test-service3, 1}" : {
                "DATARATE_TX" : 1.379999999999998E-4,
                "DATARATE_RX" : 6.89999999999999E-5
              }
            },
            "(clientPoolC, nodeC_c02, nodeC_c02)" : {
              "AppCoordinates {com.bbn, test-service3, 1}" : {
                "DATARATE_TX" : 1.4799999999999978E-4,
                "DATARATE_RX" : 7.399999999999989E-5
              }
            }
          }
        },
        "networkDemand" : {
          "interface-nodeC ( nodeC )" : {
            "(clientPoolE, nodeC_c02, nodeC_c02)" : {
              "AppCoordinates {com.bbn, test-service3, 1}" : {
                "DATARATE_TX" : 1.4599999999999978E-4,
                "DATARATE_RX" : 7.299999999999989E-5
              }
            },
            "(clientPoolB, nodeC_c02, nodeC_c02)" : {
              "AppCoordinates {com.bbn, test-service3, 1}" : {
                "DATARATE_TX" : 1.379999999999998E-4,
                "DATARATE_RX" : 6.89999999999999E-5
              }
            },
            "(clientPoolC, nodeC_c02, nodeC_c02)" : {
              "AppCoordinates {com.bbn, test-service3, 1}" : {
                "DATARATE_TX" : 1.4799999999999978E-4,
                "DATARATE_RX" : 7.399999999999989E-5
              }
            }
          }
        }
      },
      "nodeC_c00" : {
        "containerName" : {
          "name" : "nodeC_c00"
        },
        "timestamp" : 304498,
        "service" : {
          "group" : "com.bbn",
          "artifact" : "test-service3",
          "version" : "1"
        },
        "serviceStatus" : "RUNNING",
        "demandEstimationWindow" : "SHORT",
        "computeCapacity" : {
          "CPU" : 1.0,
          "TASK_CONTAINERS" : 100.0,
          "QueueLength" : 1000000.0
        },
        "computeLoad" : {
          "UNKNOWN" : {
            "QueueLength" : 0.0
          }
        },
        "computeDemand" : {
          "UNKNOWN" : {
            "QueueLength" : 0.0
          }
        },
        "averageProcessingTime" : "NaN",
        "networkCapacity" : {
          "interface-nodeC ( nodeC )" : {
            "DATARATE_TX" : 100.0,
            "DATARATE_RX" : 100.0
          }
        },
        "networkLoad" : {
          "interface-nodeC ( nodeC )" : { }
        },
        "networkDemand" : {
          "interface-nodeC ( nodeC )" : { }
        }
      },
      "nodeC_c05" : {
        "containerName" : {
          "name" : "nodeC_c05"
        },
        "timestamp" : 304499,
        "service" : {
          "group" : "com.bbn",
          "artifact" : "test-service3",
          "version" : "1"
        },
        "serviceStatus" : "RUNNING",
        "demandEstimationWindow" : "SHORT",
        "computeCapacity" : {
          "CPU" : 1.0,
          "TASK_CONTAINERS" : 100.0,
          "QueueLength" : 1000000.0
        },
        "computeLoad" : {
          "UNKNOWN" : {
            "QueueLength" : 200.0,
            "TASK_CONTAINERS" : 100.0
          }
        },
        "computeDemand" : {
          "UNKNOWN" : {
            "QueueLength" : 175.0,
            "TASK_CONTAINERS" : 87.5
          }
        },
        "averageProcessingTime" : 120000.0,
        "networkCapacity" : {
          "interface-nodeC ( nodeC )" : {
            "DATARATE_TX" : 100.0,
            "DATARATE_RX" : 100.0
          }
        },
        "networkLoad" : {
          "interface-nodeC ( nodeC )" : {
            "(clientPoolB, nodeC_c05, nodeC_c05)" : {
              "AppCoordinates {com.bbn, test-service3, 1}" : {
                "DATARATE_TX" : 1.2999999999999985E-4,
                "DATARATE_RX" : 6.499999999999993E-5
              }
            },
            "(clientPoolC, nodeC_c05, nodeC_c05)" : {
              "AppCoordinates {com.bbn, test-service3, 1}" : {
                "DATARATE_TX" : 1.719999999999998E-4,
                "DATARATE_RX" : 8.59999999999999E-5
              }
            },
            "(clientPoolE, nodeC_c05, nodeC_c05)" : {
              "AppCoordinates {com.bbn, test-service3, 1}" : {
                "DATARATE_TX" : 1.1799999999999989E-4,
                "DATARATE_RX" : 5.899999999999994E-5
              }
            }
          }
        },
        "networkDemand" : {
          "interface-nodeC ( nodeC )" : {
            "(clientPoolB, nodeC_c05, nodeC_c05)" : {
              "AppCoordinates {com.bbn, test-service3, 1}" : {
                "DATARATE_TX" : 1.2999999999999988E-4,
                "DATARATE_RX" : 6.499999999999994E-5
              }
            },
            "(clientPoolC, nodeC_c05, nodeC_c05)" : {
              "AppCoordinates {com.bbn, test-service3, 1}" : {
                "DATARATE_TX" : 1.7199999999999982E-4,
                "DATARATE_RX" : 8.599999999999991E-5
              }
            },
            "(clientPoolE, nodeC_c05, nodeC_c05)" : {
              "AppCoordinates {com.bbn, test-service3, 1}" : {
                "DATARATE_TX" : 1.1799999999999986E-4,
                "DATARATE_RX" : 5.899999999999993E-5
              }
            }
          }
        }
      },
      "nodeC_c06" : {
        "containerName" : {
          "name" : "nodeC_c06"
        },
        "timestamp" : 304500,
        "service" : {
          "group" : "com.bbn",
          "artifact" : "test-service1",
          "version" : "1"
        },
        "serviceStatus" : "RUNNING",
        "demandEstimationWindow" : "SHORT",
        "computeCapacity" : {
          "CPU" : 1.0,
          "TASK_CONTAINERS" : 100.0,
          "QueueLength" : 1000000.0
        },
        "computeLoad" : {
          "UNKNOWN" : {
            "QueueLength" : 200.0,
            "TASK_CONTAINERS" : 100.0
          }
        },
        "computeDemand" : {
          "UNKNOWN" : {
            "QueueLength" : 175.0,
            "TASK_CONTAINERS" : 87.5
          }
        },
        "averageProcessingTime" : 120000.0,
        "networkCapacity" : {
          "interface-nodeC ( nodeC )" : {
            "DATARATE_TX" : 100.0,
            "DATARATE_RX" : 100.0
          }
        },
        "networkLoad" : {
          "interface-nodeC ( nodeC )" : {
            "(clientPoolB, nodeC_c06, nodeC_c06)" : {
              "AppCoordinates {com.bbn, test-service1, 1}" : {
                "DATARATE_TX" : 8.000000000000064E-4,
                "DATARATE_RX" : 4.000000000000032E-4
              }
            },
            "(clientPoolC, nodeC_c06, nodeC_c06)" : {
              "AppCoordinates {com.bbn, test-service1, 1}" : {
                "DATARATE_TX" : 8.000000000000064E-4,
                "DATARATE_RX" : 4.000000000000032E-4
              }
            },
            "(clientPoolE, nodeC_c06, nodeC_c06)" : {
              "AppCoordinates {com.bbn, test-service1, 1}" : {
                "DATARATE_TX" : 8.000000000000064E-4,
                "DATARATE_RX" : 4.000000000000032E-4
              }
            }
          }
        },
        "networkDemand" : {
          "interface-nodeC ( nodeC )" : {
            "(clientPoolB, nodeC_c06, nodeC_c06)" : {
              "AppCoordinates {com.bbn, test-service1, 1}" : {
                "DATARATE_TX" : 8.000000000000064E-4,
                "DATARATE_RX" : 4.000000000000032E-4
              }
            },
            "(clientPoolC, nodeC_c06, nodeC_c06)" : {
              "AppCoordinates {com.bbn, test-service1, 1}" : {
                "DATARATE_TX" : 8.000000000000064E-4,
                "DATARATE_RX" : 4.000000000000032E-4
              }
            },
            "(clientPoolE, nodeC_c06, nodeC_c06)" : {
              "AppCoordinates {com.bbn, test-service1, 1}" : {
                "DATARATE_TX" : 8.000000000000064E-4,
                "DATARATE_RX" : 4.000000000000032E-4
              }
            }
          }
        }
      },
      "nodeC_c03" : {
        "containerName" : {
          "name" : "nodeC_c03"
        },
        "timestamp" : 304501,
        "service" : {
          "group" : "com.bbn",
          "artifact" : "test-service3",
          "version" : "1"
        },
        "serviceStatus" : "RUNNING",
        "demandEstimationWindow" : "SHORT",
        "computeCapacity" : {
          "CPU" : 1.0,
          "TASK_CONTAINERS" : 100.0,
          "QueueLength" : 1000000.0
        },
        "computeLoad" : {
          "UNKNOWN" : {
            "QueueLength" : 200.0,
            "TASK_CONTAINERS" : 100.0
          }
        },
        "computeDemand" : {
          "UNKNOWN" : {
            "QueueLength" : 175.0,
            "TASK_CONTAINERS" : 87.5
          }
        },
        "averageProcessingTime" : 120000.0,
        "networkCapacity" : {
          "interface-nodeC ( nodeC )" : {
            "DATARATE_TX" : 100.0,
            "DATARATE_RX" : 100.0
          }
        },
        "networkLoad" : {
          "interface-nodeC ( nodeC )" : {
            "(clientPoolE, nodeC_c03, nodeC_c03)" : {
              "AppCoordinates {com.bbn, test-service3, 1}" : {
                "DATARATE_TX" : 1.399999999999998E-4,
                "DATARATE_RX" : 6.99999999999999E-5
              }
            },
            "(clientPoolB, nodeC_c03, nodeC_c03)" : {
              "AppCoordinates {com.bbn, test-service3, 1}" : {
                "DATARATE_TX" : 1.419999999999998E-4,
                "DATARATE_RX" : 7.09999999999999E-5
              }
            },
            "(clientPoolC, nodeC_c03, nodeC_c03)" : {
              "AppCoordinates {com.bbn, test-service3, 1}" : {
                "DATARATE_TX" : 1.459999999999998E-4,
                "DATARATE_RX" : 7.29999999999999E-5
              }
            }
          }
        },
        "networkDemand" : {
          "interface-nodeC ( nodeC )" : {
            "(clientPoolE, nodeC_c03, nodeC_c03)" : {
              "AppCoordinates {com.bbn, test-service3, 1}" : {
                "DATARATE_TX" : 1.399999999999998E-4,
                "DATARATE_RX" : 6.99999999999999E-5
              }
            },
            "(clientPoolB, nodeC_c03, nodeC_c03)" : {
              "AppCoordinates {com.bbn, test-service3, 1}" : {
                "DATARATE_TX" : 1.419999999999998E-4,
                "DATARATE_RX" : 7.09999999999999E-5
              }
            },
            "(clientPoolC, nodeC_c03, nodeC_c03)" : {
              "AppCoordinates {com.bbn, test-service3, 1}" : {
                "DATARATE_TX" : 1.4599999999999984E-4,
                "DATARATE_RX" : 7.299999999999992E-5
              }
            }
          }
        }
      },
      "nodeC_c04" : {
        "containerName" : {
          "name" : "nodeC_c04"
        },
        "timestamp" : 304502,
        "service" : {
          "group" : "com.bbn",
          "artifact" : "test-service3",
          "version" : "1"
        },
        "serviceStatus" : "RUNNING",
        "demandEstimationWindow" : "SHORT",
        "computeCapacity" : {
          "CPU" : 1.0,
          "TASK_CONTAINERS" : 100.0,
          "QueueLength" : 1000000.0
        },
        "computeLoad" : {
          "UNKNOWN" : {
            "QueueLength" : 200.0,
            "TASK_CONTAINERS" : 100.0
          }
        },
        "computeDemand" : {
          "UNKNOWN" : {
            "QueueLength" : 175.0,
            "TASK_CONTAINERS" : 87.5
          }
        },
        "averageProcessingTime" : 120000.0,
        "networkCapacity" : {
          "interface-nodeC ( nodeC )" : {
            "DATARATE_TX" : 100.0,
            "DATARATE_RX" : 100.0
          }
        },
        "networkLoad" : {
          "interface-nodeC ( nodeC )" : {
            "(clientPoolB, nodeC_c04, nodeC_c04)" : {
              "AppCoordinates {com.bbn, test-service3, 1}" : {
                "DATARATE_TX" : 1.4199999999999982E-4,
                "DATARATE_RX" : 7.099999999999991E-5
              }
            },
            "(clientPoolC, nodeC_c04, nodeC_c04)" : {
              "AppCoordinates {com.bbn, test-service3, 1}" : {
                "DATARATE_TX" : 1.479999999999998E-4,
                "DATARATE_RX" : 7.39999999999999E-5
              }
            },
            "(clientPoolE, nodeC_c04, nodeC_c04)" : {
              "AppCoordinates {com.bbn, test-service3, 1}" : {
                "DATARATE_TX" : 1.3599999999999984E-4,
                "DATARATE_RX" : 6.799999999999992E-5
              }
            }
          }
        },
        "networkDemand" : {
          "interface-nodeC ( nodeC )" : {
            "(clientPoolB, nodeC_c04, nodeC_c04)" : {
              "AppCoordinates {com.bbn, test-service3, 1}" : {
                "DATARATE_TX" : 1.419999999999998E-4,
                "DATARATE_RX" : 7.09999999999999E-5
              }
            },
            "(clientPoolC, nodeC_c04, nodeC_c04)" : {
              "AppCoordinates {com.bbn, test-service3, 1}" : {
                "DATARATE_TX" : 1.4799999999999983E-4,
                "DATARATE_RX" : 7.399999999999991E-5
              }
            },
            "(clientPoolE, nodeC_c04, nodeC_c04)" : {
              "AppCoordinates {com.bbn, test-service3, 1}" : {
                "DATARATE_TX" : 1.3599999999999984E-4,
                "DATARATE_RX" : 6.799999999999992E-5
              }
            }
          }
        }
      },
      "nodeC_c07" : {
        "containerName" : {
          "name" : "nodeC_c07"
        },
        "timestamp" : 304503,
        "service" : {
          "group" : "com.bbn",
          "artifact" : "test-service2",
          "version" : "1"
        },
        "serviceStatus" : "RUNNING",
        "demandEstimationWindow" : "SHORT",
        "computeCapacity" : {
          "CPU" : 1.0,
          "TASK_CONTAINERS" : 100.0,
          "QueueLength" : 1000000.0
        },
        "computeLoad" : {
          "UNKNOWN" : {
            "QueueLength" : 200.0,
            "TASK_CONTAINERS" : 100.0
          }
        },
        "computeDemand" : {
          "UNKNOWN" : {
            "QueueLength" : 175.0,
            "TASK_CONTAINERS" : 87.5
          }
        },
        "averageProcessingTime" : "NaN",
        "networkCapacity" : {
          "interface-nodeC ( nodeC )" : {
            "DATARATE_TX" : 100.0,
            "DATARATE_RX" : 100.0
          }
        },
        "networkLoad" : {
          "interface-nodeC ( nodeC )" : {
            "(clientPoolB, nodeC_c07, nodeC_c07)" : {
              "AppCoordinates {com.bbn, test-service2, 1}" : {
                "DATARATE_TX" : 4.1999999999999904E-4,
                "DATARATE_RX" : 2.0999999999999952E-4
              }
            },
            "(clientPoolC, nodeC_c07, nodeC_c07)" : {
              "AppCoordinates {com.bbn, test-service2, 1}" : {
                "DATARATE_TX" : 3.639999999999992E-4,
                "DATARATE_RX" : 1.819999999999996E-4
              }
            },
            "(clientPoolE, nodeC_c07, nodeC_c07)" : {
              "AppCoordinates {com.bbn, test-service2, 1}" : {
                "DATARATE_TX" : 4.1599999999999905E-4,
                "DATARATE_RX" : 2.0799999999999953E-4
              }
            }
          }
        },
        "networkDemand" : {
          "interface-nodeC ( nodeC )" : {
            "(clientPoolB, nodeC_c07, nodeC_c07)" : {
              "AppCoordinates {com.bbn, test-service2, 1}" : {
                "DATARATE_TX" : 4.19999999999999E-4,
                "DATARATE_RX" : 2.099999999999995E-4
              }
            },
            "(clientPoolC, nodeC_c07, nodeC_c07)" : {
              "AppCoordinates {com.bbn, test-service2, 1}" : {
                "DATARATE_TX" : 3.6399999999999925E-4,
                "DATARATE_RX" : 1.8199999999999963E-4
              }
            },
            "(clientPoolE, nodeC_c07, nodeC_c07)" : {
              "AppCoordinates {com.bbn, test-service2, 1}" : {
                "DATARATE_TX" : 4.1599999999999894E-4,
                "DATARATE_RX" : 2.0799999999999947E-4
              }
            }
          }
        }
      }
    },
    "maximumServiceContainers" : 8,
    "allocatedServiceContainers" : 8,
    "computeDemand" : {
      "AppCoordinates {com.bbn, test-service3, 1}" : {
        "UNKNOWN" : {
          "QueueLength" : 864.5,
          "TASK_CONTAINERS" : 432.25
        }
      },
      "AppCoordinates {com.bbn, test-service2, 1}" : {
        "UNKNOWN" : {
          "QueueLength" : 175.0,
          "TASK_CONTAINERS" : 87.5
        }
      },
      "AppCoordinates {com.bbn, test-service1, 1}" : {
        "UNKNOWN" : {
          "QueueLength" : 175.0,
          "TASK_CONTAINERS" : 87.5
        }
      }
    },
    "containerNetworkLoad" : {
      "interface-nodeC ( nodeC )" : {
        "(clientPoolE, nodeC_c03, nodeC_c03)" : {
          "AppCoordinates {com.bbn, test-service3, 1}" : {
            "DATARATE_TX" : 1.399999999999998E-4,
            "DATARATE_RX" : 6.99999999999999E-5
          }
        },
        "(clientPoolC, nodeC_c01, nodeC_c01)" : {
          "AppCoordinates {com.bbn, test-service3, 1}" : {
            "DATARATE_TX" : 1.8599999999999967E-4,
            "DATARATE_RX" : 9.299999999999983E-5
          }
        },
        "(clientPoolE, nodeC_c02, nodeC_c02)" : {
          "AppCoordinates {com.bbn, test-service3, 1}" : {
            "DATARATE_TX" : 1.4599999999999978E-4,
            "DATARATE_RX" : 7.299999999999989E-5
          }
        },
        "(clientPoolE, nodeC_c01, nodeC_c01)" : {
          "AppCoordinates {com.bbn, test-service3, 1}" : {
            "DATARATE_TX" : 1.3199999999999982E-4,
            "DATARATE_RX" : 6.599999999999991E-5
          }
        },
        "(clientPoolE, nodeC_c07, nodeC_c07)" : {
          "AppCoordinates {com.bbn, test-service2, 1}" : {
            "DATARATE_TX" : 4.1599999999999905E-4,
            "DATARATE_RX" : 2.0799999999999953E-4
          }
        },
        "(clientPoolB, nodeC_c04, nodeC_c04)" : {
          "AppCoordinates {com.bbn, test-service3, 1}" : {
            "DATARATE_TX" : 1.4199999999999982E-4,
            "DATARATE_RX" : 7.099999999999991E-5
          }
        },
        "(clientPoolC, nodeC_c05, nodeC_c05)" : {
          "AppCoordinates {com.bbn, test-service3, 1}" : {
            "DATARATE_TX" : 1.719999999999998E-4,
            "DATARATE_RX" : 8.59999999999999E-5
          }
        },
        "(clientPoolC, nodeC_c04, nodeC_c04)" : {
          "AppCoordinates {com.bbn, test-service3, 1}" : {
            "DATARATE_TX" : 1.479999999999998E-4,
            "DATARATE_RX" : 7.39999999999999E-5
          }
        },
        "(clientPoolB, nodeC_c03, nodeC_c03)" : {
          "AppCoordinates {com.bbn, test-service3, 1}" : {
            "DATARATE_TX" : 1.419999999999998E-4,
            "DATARATE_RX" : 7.09999999999999E-5
          }
        },
        "(clientPoolE, nodeC_c06, nodeC_c06)" : {
          "AppCoordinates {com.bbn, test-service1, 1}" : {
            "DATARATE_TX" : 8.000000000000064E-4,
            "DATARATE_RX" : 4.000000000000032E-4
          }
        },
        "(clientPoolC, nodeC_c03, nodeC_c03)" : {
          "AppCoordinates {com.bbn, test-service3, 1}" : {
            "DATARATE_TX" : 1.459999999999998E-4,
            "DATARATE_RX" : 7.29999999999999E-5
          }
        },
        "(clientPoolE, nodeC_c05, nodeC_c05)" : {
          "AppCoordinates {com.bbn, test-service3, 1}" : {
            "DATARATE_TX" : 1.1799999999999989E-4,
            "DATARATE_RX" : 5.899999999999994E-5
          }
        },
        "(clientPoolB, nodeC_c02, nodeC_c02)" : {
          "AppCoordinates {com.bbn, test-service3, 1}" : {
            "DATARATE_TX" : 1.379999999999998E-4,
            "DATARATE_RX" : 6.89999999999999E-5
          }
        },
        "(clientPoolE, nodeC_c04, nodeC_c04)" : {
          "AppCoordinates {com.bbn, test-service3, 1}" : {
            "DATARATE_TX" : 1.3599999999999984E-4,
            "DATARATE_RX" : 6.799999999999992E-5
          }
        },
        "(clientPoolC, nodeC_c02, nodeC_c02)" : {
          "AppCoordinates {com.bbn, test-service3, 1}" : {
            "DATARATE_TX" : 1.4799999999999978E-4,
            "DATARATE_RX" : 7.399999999999989E-5
          }
        },
        "(clientPoolB, nodeC_c01, nodeC_c01)" : {
          "AppCoordinates {com.bbn, test-service3, 1}" : {
            "DATARATE_TX" : 1.039999999999999E-4,
            "DATARATE_RX" : 5.199999999999995E-5
          }
        },
        "(clientPoolB, nodeC_c07, nodeC_c07)" : {
          "AppCoordinates {com.bbn, test-service2, 1}" : {
            "DATARATE_TX" : 4.1999999999999904E-4,
            "DATARATE_RX" : 2.0999999999999952E-4
          }
        },
        "(clientPoolC, nodeC_c07, nodeC_c07)" : {
          "AppCoordinates {com.bbn, test-service2, 1}" : {
            "DATARATE_TX" : 3.639999999999992E-4,
            "DATARATE_RX" : 1.819999999999996E-4
          }
        },
        "(clientPoolB, nodeC_c06, nodeC_c06)" : {
          "AppCoordinates {com.bbn, test-service1, 1}" : {
            "DATARATE_TX" : 8.000000000000064E-4,
            "DATARATE_RX" : 4.000000000000032E-4
          }
        },
        "(clientPoolC, nodeC_c06, nodeC_c06)" : {
          "AppCoordinates {com.bbn, test-service1, 1}" : {
            "DATARATE_TX" : 8.000000000000064E-4,
            "DATARATE_RX" : 4.000000000000032E-4
          }
        },
        "(clientPoolB, nodeC_c05, nodeC_c05)" : {
          "AppCoordinates {com.bbn, test-service3, 1}" : {
            "DATARATE_TX" : 1.2999999999999985E-4,
            "DATARATE_RX" : 6.499999999999993E-5
          }
        }
      }
    },
    "containerNetworkDemand" : {
      "interface-nodeC ( nodeC )" : {
        "(clientPoolE, nodeC_c03, nodeC_c03)" : {
          "AppCoordinates {com.bbn, test-service3, 1}" : {
            "DATARATE_TX" : 1.399999999999998E-4,
            "DATARATE_RX" : 6.99999999999999E-5
          }
        },
        "(clientPoolC, nodeC_c01, nodeC_c01)" : {
          "AppCoordinates {com.bbn, test-service3, 1}" : {
            "DATARATE_TX" : 1.859999999999997E-4,
            "DATARATE_RX" : 9.299999999999985E-5
          }
        },
        "(clientPoolE, nodeC_c02, nodeC_c02)" : {
          "AppCoordinates {com.bbn, test-service3, 1}" : {
            "DATARATE_TX" : 1.4599999999999978E-4,
            "DATARATE_RX" : 7.299999999999989E-5
          }
        },
        "(clientPoolE, nodeC_c01, nodeC_c01)" : {
          "AppCoordinates {com.bbn, test-service3, 1}" : {
            "DATARATE_TX" : 1.3199999999999982E-4,
            "DATARATE_RX" : 6.599999999999991E-5
          }
        },
        "(clientPoolE, nodeC_c07, nodeC_c07)" : {
          "AppCoordinates {com.bbn, test-service2, 1}" : {
            "DATARATE_TX" : 4.1599999999999894E-4,
            "DATARATE_RX" : 2.0799999999999947E-4
          }
        },
        "(clientPoolB, nodeC_c04, nodeC_c04)" : {
          "AppCoordinates {com.bbn, test-service3, 1}" : {
            "DATARATE_TX" : 1.419999999999998E-4,
            "DATARATE_RX" : 7.09999999999999E-5
          }
        },
        "(clientPoolC, nodeC_c05, nodeC_c05)" : {
          "AppCoordinates {com.bbn, test-service3, 1}" : {
            "DATARATE_TX" : 1.7199999999999982E-4,
            "DATARATE_RX" : 8.599999999999991E-5
          }
        },
        "(clientPoolC, nodeC_c04, nodeC_c04)" : {
          "AppCoordinates {com.bbn, test-service3, 1}" : {
            "DATARATE_TX" : 1.4799999999999983E-4,
            "DATARATE_RX" : 7.399999999999991E-5
          }
        },
        "(clientPoolB, nodeC_c03, nodeC_c03)" : {
          "AppCoordinates {com.bbn, test-service3, 1}" : {
            "DATARATE_TX" : 1.419999999999998E-4,
            "DATARATE_RX" : 7.09999999999999E-5
          }
        },
        "(clientPoolE, nodeC_c06, nodeC_c06)" : {
          "AppCoordinates {com.bbn, test-service1, 1}" : {
            "DATARATE_TX" : 8.000000000000064E-4,
            "DATARATE_RX" : 4.000000000000032E-4
          }
        },
        "(clientPoolC, nodeC_c03, nodeC_c03)" : {
          "AppCoordinates {com.bbn, test-service3, 1}" : {
            "DATARATE_TX" : 1.4599999999999984E-4,
            "DATARATE_RX" : 7.299999999999992E-5
          }
        },
        "(clientPoolE, nodeC_c05, nodeC_c05)" : {
          "AppCoordinates {com.bbn, test-service3, 1}" : {
            "DATARATE_TX" : 1.1799999999999986E-4,
            "DATARATE_RX" : 5.899999999999993E-5
          }
        },
        "(clientPoolB, nodeC_c02, nodeC_c02)" : {
          "AppCoordinates {com.bbn, test-service3, 1}" : {
            "DATARATE_TX" : 1.379999999999998E-4,
            "DATARATE_RX" : 6.89999999999999E-5
          }
        },
        "(clientPoolE, nodeC_c04, nodeC_c04)" : {
          "AppCoordinates {com.bbn, test-service3, 1}" : {
            "DATARATE_TX" : 1.3599999999999984E-4,
            "DATARATE_RX" : 6.799999999999992E-5
          }
        },
        "(clientPoolC, nodeC_c02, nodeC_c02)" : {
          "AppCoordinates {com.bbn, test-service3, 1}" : {
            "DATARATE_TX" : 1.4799999999999978E-4,
            "DATARATE_RX" : 7.399999999999989E-5
          }
        },
        "(clientPoolB, nodeC_c01, nodeC_c01)" : {
          "AppCoordinates {com.bbn, test-service3, 1}" : {
            "DATARATE_TX" : 1.0399999999999991E-4,
            "DATARATE_RX" : 5.1999999999999956E-5
          }
        },
        "(clientPoolB, nodeC_c07, nodeC_c07)" : {
          "AppCoordinates {com.bbn, test-service2, 1}" : {
            "DATARATE_TX" : 4.19999999999999E-4,
            "DATARATE_RX" : 2.099999999999995E-4
          }
        },
        "(clientPoolC, nodeC_c07, nodeC_c07)" : {
          "AppCoordinates {com.bbn, test-service2, 1}" : {
            "DATARATE_TX" : 3.6399999999999925E-4,
            "DATARATE_RX" : 1.8199999999999963E-4
          }
        },
        "(clientPoolB, nodeC_c06, nodeC_c06)" : {
          "AppCoordinates {com.bbn, test-service1, 1}" : {
            "DATARATE_TX" : 8.000000000000064E-4,
            "DATARATE_RX" : 4.000000000000032E-4
          }
        },
        "(clientPoolC, nodeC_c06, nodeC_c06)" : {
          "AppCoordinates {com.bbn, test-service1, 1}" : {
            "DATARATE_TX" : 8.000000000000064E-4,
            "DATARATE_RX" : 4.000000000000032E-4
          }
        },
        "(clientPoolB, nodeC_c05, nodeC_c05)" : {
          "AppCoordinates {com.bbn, test-service3, 1}" : {
            "DATARATE_TX" : 1.2999999999999988E-4,
            "DATARATE_RX" : 6.499999999999994E-5
          }
        }
      }
    },
    "computeLoad" : {
      "AppCoordinates {com.bbn, test-service3, 1}" : {
        "UNKNOWN" : {
          "QueueLength" : 988.0,
          "TASK_CONTAINERS" : 494.0
        }
      },
      "AppCoordinates {com.bbn, test-service2, 1}" : {
        "UNKNOWN" : {
          "QueueLength" : 200.0,
          "TASK_CONTAINERS" : 100.0
        }
      },
      "AppCoordinates {com.bbn, test-service1, 1}" : {
        "UNKNOWN" : {
          "QueueLength" : 200.0,
          "TASK_CONTAINERS" : 100.0
        }
      }
    },
    "availableServiceContainers" : 0,
    "averageProcessingTime" : {
      "AppCoordinates {com.bbn, test-service3, 1}" : 120000.0,
      "AppCoordinates {com.bbn, test-service1, 1}" : 120000.0
    },
    "allocatedComputeCapacity" : {
      "CPU" : 8.0,
      "QueueLength" : 8000000.0,
      "TASK_CONTAINERS" : 800.0
    }
  } ]
}