488,1,DNS_UPDATE_SUCCEEDED
521,1,DCOP_PLAN_PLUBLIED
549,2,RLG_PLAN_PUBLISHED
105705,212,DCOP_PLAN_PLUBLIED
108526,217,RLG_PLAN_PUBLISHED
108554,218,DNS_UPDATE_SUCCEEDED
109056,219,DNS_UPDATE_SUCCEEDED
111524,223,RLG_PLAN_PUBLISHED
111557,224,DNS_UPDATE_SUCCEEDED
129527,259,RLG_PLAN_PUBLISHED
129561,260,DNS_UPDATE_SUCCEEDED
130061,261,DNS_UPDATE_SUCCEEDED
132528,265,RLG_PLAN_PUBLISHED
132566,266,DNS_UPDATE_SUCCEEDED
165666,332,DCOP_PLAN_PLUBLIED
168531,337,RLG_PLAN_PUBLISHED
168588,338,DNS_UPDATE_SUCCEEDED
189533,379,RLG_PLAN_PUBLISHED
189600,380,DNS_UPDATE_SUCCEEDED
192534,385,RLG_PLAN_PUBLISHED
192601,386,DNS_UPDATE_SUCCEEDED
193101,387,DNS_UPDATE_SUCCEEDED
195533,391,RLG_PLAN_PUBLISHED
195602,392,DNS_UPDATE_SUCCEEDED
225686,452,DCOP_PLAN_PLUBLIED
228536,457,RLG_PLAN_PUBLISHED
228615,458,DNS_UPDATE_SUCCEEDED
285668,572,DCOP_PLAN_PLUBLIED
288541,577,RLG_PLAN_PUBLISHED
288659,578,DNS_UPDATE_SUCCEEDED
345646,691,DCOP_PLAN_PLUBLIED
348545,697,RLG_PLAN_PUBLISHED
348690,698,DNS_UPDATE_SUCCEEDED
405677,811,DCOP_PLAN_PLUBLIED
408553,817,RLG_PLAN_PUBLISHED
408732,818,DNS_UPDATE_SUCCEEDED
465674,931,DCOP_PLAN_PLUBLIED
468561,937,RLG_PLAN_PUBLISHED
468775,938,DNS_UPDATE_SUCCEEDED
525661,1051,DCOP_PLAN_PLUBLIED
528565,1057,RLG_PLAN_PUBLISHED
528813,1058,DNS_UPDATE_SUCCEEDED
585682,1171,DCOP_PLAN_PLUBLIED
588569,1177,RLG_PLAN_PUBLISHED
588837,1178,DNS_UPDATE_SUCCEEDED
630003,1260,DCOP_PLAN_PLUBLIED
