{
  "region" : {
    "name" : "I"
  },
  "timestamp" : 201997,
  "servicePlan" : {
    "nodeI" : [ {
      "id" : {
        "name" : "nodeI_c00"
      },
      "service" : {
        "group" : "com.bbn",
        "artifact" : "test-service3",
        "version" : "1"
      },
      "weight" : 1.0,
      "stopTrafficTo" : false,
      "stop" : false
    } ]
  },
  "overflowPlan" : {
    "AppCoordinates {com.bbn, test-service3, 1}" : {
      "B" : 0.0,
      "F" : 0.0,
      "G" : 0.0,
      "H" : 0.0,
      "J" : 0.0,
      "K" : 0.0,
      "M" : 0.0,
      "O" : 0.0,
      "I" : 1.0
    }
  }
}