580,1,DNS_UPDATE_SUCCEEDED
628,1,DCOP_PLAN_PLUBLIED
646,2,RLG_PLAN_PUBLISHED
105652,212,DCOP_PLAN_PLUBLIED
108601,217,RLG_PLAN_PUBLISHED
108634,218,DNS_UPDATE_SUCCEEDED
109122,219,DNS_UPDATE_SUCCEEDED
111597,223,RLG_PLAN_PUBLISHED
111622,224,DNS_UPDATE_SUCCEEDED
166038,332,DCOP_PLAN_PLUBLIED
168603,337,RLG_PLAN_PUBLISHED
168646,338,DNS_UPDATE_SUCCEEDED
169144,339,DNS_UPDATE_SUCCEEDED
171599,343,RLG_PLAN_PUBLISHED
171644,344,DNS_UPDATE_SUCCEEDED
226026,452,DCOP_PLAN_PLUBLIED
228602,457,RLG_PLAN_PUBLISHED
228689,458,DNS_UPDATE_SUCCEEDED
229173,459,DNS_UPDATE_SUCCEEDED
231602,463,RLG_PLAN_PUBLISHED
231680,464,DNS_UPDATE_SUCCEEDED
286013,572,DCOP_PLAN_PLUBLIED
288605,577,RLG_PLAN_PUBLISHED
288706,578,DNS_UPDATE_SUCCEEDED
289206,579,DNS_UPDATE_SUCCEEDED
291606,583,RLG_PLAN_PUBLISHED
291707,584,DNS_UPDATE_SUCCEEDED
345999,692,DCOP_PLAN_PLUBLIED
348616,697,RLG_PLAN_PUBLISHED
348737,698,DNS_UPDATE_SUCCEEDED
349236,699,DNS_UPDATE_SUCCEEDED
351615,703,RLG_PLAN_PUBLISHED
351735,704,DNS_UPDATE_SUCCEEDED
406064,812,DCOP_PLAN_PLUBLIED
408619,817,RLG_PLAN_PUBLISHED
408769,818,DNS_UPDATE_SUCCEEDED
466046,932,DCOP_PLAN_PLUBLIED
468620,937,RLG_PLAN_PUBLISHED
468781,938,DNS_UPDATE_SUCCEEDED
526003,1052,DCOP_PLAN_PLUBLIED
528622,1057,RLG_PLAN_PUBLISHED
528793,1058,DNS_UPDATE_SUCCEEDED
585997,1172,DCOP_PLAN_PLUBLIED
588645,1177,RLG_PLAN_PUBLISHED
588827,1178,DNS_UPDATE_SUCCEEDED
630003,1260,DCOP_PLAN_PLUBLIED
