{
  "nodeName" : {
    "name" : "nodeA"
  },
  "timestamp" : 265499,
  "demandEstimationWindow" : "LONG",
  "nodeComputeCapacity" : {
    "CPU" : 8.0,
    "MEMORY" : 1.6E10,
    "DISK" : 10.0,
    "TASK_CONTAINERS" : 8.0
  },
  "networkCapacity" : {
    "interface-nodeE ( nodeE )" : {
      "DATARATE_RX" : 100.0,
      "DATARATE_TX" : 100.0
    },
    "interface-nodeF ( nodeF )" : {
      "DATARATE_RX" : 100.0,
      "DATARATE_TX" : 100.0
    },
    "interface-nodeG ( nodeG )" : {
      "DATARATE_RX" : 100.0,
      "DATARATE_TX" : 100.0
    },
    "interface-nodeJ ( nodeJ )" : {
      "DATARATE_RX" : 100.0,
      "DATARATE_TX" : 100.0
    }
  },
  "networkLoad" : {
    "interface-nodeE ( nodeE )" : { },
    "interface-nodeF ( nodeF )" : {
      "(nodeA_c00, clientPoolO, nodeA_c00)" : {
        "AppCoordinates {com.bbn, test-service2, 1}" : {
          "DATARATE_TX" : 4.0E-6,
          "DATARATE_RX" : 8.0E-6
        },
        "AppCoordinates {com.bbn, test-service1, 1}" : {
          "DATARATE_TX" : -3.8116482626443515E-21,
          "DATARATE_RX" : -7.623296525288703E-21
        }
      },
      "(nodeA_c01, clientPoolO, nodeA_c01)" : {
        "AppCoordinates {com.bbn, test-service3, 1}" : {
          "DATARATE_TX" : 1.6000000000000003E-5,
          "DATARATE_RX" : 3.2000000000000005E-5
        },
        "AppCoordinates {com.bbn, test-service2, 1}" : {
          "DATARATE_TX" : -3.8116482626443515E-21,
          "DATARATE_RX" : -7.623296525288703E-21
        }
      },
      "(nodeA_c00, clientPoolN, nodeA_c00)" : {
        "AppCoordinates {com.bbn, test-service2, 1}" : {
          "DATARATE_TX" : 6.999999999999999E-6,
          "DATARATE_RX" : 1.3999999999999998E-5
        },
        "AppCoordinates {com.bbn, test-service1, 1}" : {
          "DATARATE_TX" : -3.8116482626443515E-21,
          "DATARATE_RX" : -7.623296525288703E-21
        }
      },
      "(nodeA_c02, clientPoolO, nodeA_c02)" : {
        "AppCoordinates {com.bbn, test-service3, 1}" : {
          "DATARATE_TX" : 4.099999999999998E-5,
          "DATARATE_RX" : 8.199999999999996E-5
        }
      },
      "(nodeA_c01, clientPoolN, nodeA_c01)" : {
        "AppCoordinates {com.bbn, test-service3, 1}" : {
          "DATARATE_TX" : 3.799999999999999E-5,
          "DATARATE_RX" : 7.599999999999998E-5
        },
        "AppCoordinates {com.bbn, test-service2, 1}" : {
          "DATARATE_TX" : -3.8116482626443515E-21,
          "DATARATE_RX" : -7.623296525288703E-21
        }
      },
      "(nodeA_c02, clientPoolN, nodeA_c02)" : {
        "AppCoordinates {com.bbn, test-service3, 1}" : {
          "DATARATE_TX" : 6.399999999999992E-5,
          "DATARATE_RX" : 1.2799999999999983E-4
        }
      },
      "(nodeA_c03, clientPoolO, nodeA_c03)" : {
        "AppCoordinates {com.bbn, test-service1, 1}" : {
          "DATARATE_TX" : -3.8116482626443515E-21,
          "DATARATE_RX" : -7.623296525288703E-21
        }
      },
      "(nodeA_c04, clientPoolO, nodeA_c04)" : {
        "AppCoordinates {com.bbn, test-service3, 1}" : {
          "DATARATE_TX" : 4.2999999999999975E-5,
          "DATARATE_RX" : 8.599999999999995E-5
        }
      },
      "(nodeA_c03, clientPoolN, nodeA_c03)" : {
        "AppCoordinates {com.bbn, test-service1, 1}" : {
          "DATARATE_TX" : -3.8116482626443515E-21,
          "DATARATE_RX" : -7.623296525288703E-21
        }
      },
      "(nodeA_c04, clientPoolN, nodeA_c04)" : {
        "AppCoordinates {com.bbn, test-service3, 1}" : {
          "DATARATE_TX" : 6.99999999999999E-5,
          "DATARATE_RX" : 1.399999999999998E-4
        }
      },
      "(nodeA_c05, clientPoolO, nodeA_c05)" : {
        "AppCoordinates {com.bbn, test-service2, 1}" : {
          "DATARATE_TX" : -3.8116482626443515E-21,
          "DATARATE_RX" : -7.623296525288703E-21
        },
        "AppCoordinates {com.bbn, test-service1, 1}" : {
          "DATARATE_TX" : 6.699999999999991E-5,
          "DATARATE_RX" : 1.3399999999999981E-4
        }
      },
      "(nodeA_c06, clientPoolO, nodeA_c06)" : {
        "AppCoordinates {com.bbn, test-service2, 1}" : {
          "DATARATE_TX" : 6.399999999999992E-5,
          "DATARATE_RX" : 1.2799999999999983E-4
        }
      },
      "(nodeA_c05, clientPoolN, nodeA_c05)" : {
        "AppCoordinates {com.bbn, test-service2, 1}" : {
          "DATARATE_TX" : -3.8116482626443515E-21,
          "DATARATE_RX" : -7.623296525288703E-21
        },
        "AppCoordinates {com.bbn, test-service1, 1}" : {
          "DATARATE_TX" : 6.699999999999991E-5,
          "DATARATE_RX" : 1.3399999999999981E-4
        }
      },
      "(nodeA_c07, clientPoolO, nodeA_c07)" : {
        "AppCoordinates {com.bbn, test-service2, 1}" : {
          "DATARATE_TX" : 1.2705494208814505E-21,
          "DATARATE_RX" : 2.541098841762901E-21
        },
        "AppCoordinates {com.bbn, test-service1, 1}" : {
          "DATARATE_TX" : -3.8116482626443515E-21,
          "DATARATE_RX" : -7.623296525288703E-21
        }
      },
      "(nodeA_c06, clientPoolN, nodeA_c06)" : {
        "AppCoordinates {com.bbn, test-service2, 1}" : {
          "DATARATE_TX" : 6.299999999999992E-5,
          "DATARATE_RX" : 1.2599999999999984E-4
        }
      },
      "(nodeA_c07, clientPoolN, nodeA_c07)" : {
        "AppCoordinates {com.bbn, test-service2, 1}" : {
          "DATARATE_TX" : 1.2705494208814505E-21,
          "DATARATE_RX" : 2.541098841762901E-21
        },
        "AppCoordinates {com.bbn, test-service1, 1}" : {
          "DATARATE_TX" : -3.8116482626443515E-21,
          "DATARATE_RX" : -7.623296525288703E-21
        }
      }
    },
    "interface-nodeG ( nodeG )" : {
      "(nodeA_c07, clientPoolG, nodeA_c07)" : {
        "AppCoordinates {com.bbn, test-service2, 1}" : {
          "DATARATE_TX" : 1.2705494208814505E-21,
          "DATARATE_RX" : 2.541098841762901E-21
        },
        "AppCoordinates {com.bbn, test-service1, 1}" : {
          "DATARATE_TX" : -3.8116482626443515E-21,
          "DATARATE_RX" : -7.623296525288703E-21
        }
      },
      "(nodeA_c00, clientPoolG, nodeA_c00)" : {
        "AppCoordinates {com.bbn, test-service1, 1}" : {
          "DATARATE_TX" : -3.8116482626443515E-21,
          "DATARATE_RX" : -7.623296525288703E-21
        }
      },
      "(nodeA_c01, clientPoolG, nodeA_c01)" : {
        "AppCoordinates {com.bbn, test-service3, 1}" : {
          "DATARATE_TX" : 4.199999999999999E-5,
          "DATARATE_RX" : 8.399999999999998E-5
        },
        "AppCoordinates {com.bbn, test-service2, 1}" : {
          "DATARATE_TX" : -3.8116482626443515E-21,
          "DATARATE_RX" : -7.623296525288703E-21
        }
      },
      "(nodeA_c02, clientPoolG, nodeA_c02)" : {
        "AppCoordinates {com.bbn, test-service3, 1}" : {
          "DATARATE_TX" : 9.499999999999984E-5,
          "DATARATE_RX" : 1.8999999999999969E-4
        }
      },
      "(nodeA_c03, clientPoolG, nodeA_c03)" : {
        "AppCoordinates {com.bbn, test-service1, 1}" : {
          "DATARATE_TX" : -3.8116482626443515E-21,
          "DATARATE_RX" : -7.623296525288703E-21
        }
      },
      "(nodeA_c04, clientPoolG, nodeA_c04)" : {
        "AppCoordinates {com.bbn, test-service3, 1}" : {
          "DATARATE_TX" : 8.699999999999986E-5,
          "DATARATE_RX" : 1.7399999999999973E-4
        }
      },
      "(nodeA_c05, clientPoolG, nodeA_c05)" : {
        "AppCoordinates {com.bbn, test-service2, 1}" : {
          "DATARATE_TX" : -3.8116482626443515E-21,
          "DATARATE_RX" : -7.623296525288703E-21
        },
        "AppCoordinates {com.bbn, test-service1, 1}" : {
          "DATARATE_TX" : 6.599999999999991E-5,
          "DATARATE_RX" : 1.3199999999999982E-4
        }
      },
      "(nodeA_c06, clientPoolG, nodeA_c06)" : {
        "AppCoordinates {com.bbn, test-service2, 1}" : {
          "DATARATE_TX" : 7.299999999999989E-5,
          "DATARATE_RX" : 1.4599999999999978E-4
        }
      }
    },
    "interface-nodeJ ( nodeJ )" : { }
  },
  "networkDemand" : {
    "interface-nodeE ( nodeE )" : { },
    "interface-nodeJ ( nodeJ )" : { },
    "interface-nodeG ( nodeG )" : {
      "(nodeA_c07, clientPoolG, nodeA_c07)" : {
        "AppCoordinates {com.bbn, test-service2, 1}" : {
          "DATARATE_TX" : 1.2271468144044325E-6,
          "DATARATE_RX" : 2.454293628808865E-6
        },
        "AppCoordinates {com.bbn, test-service1, 1}" : {
          "DATARATE_TX" : 4.891168091168101E-5,
          "DATARATE_RX" : 9.782336182336202E-5
        }
      },
      "(nodeA_c00, clientPoolG, nodeA_c00)" : {
        "AppCoordinates {com.bbn, test-service1, 1}" : {
          "DATARATE_TX" : 2.2052631578947353E-5,
          "DATARATE_RX" : 4.4105263157894705E-5
        }
      },
      "(nodeA_c01, clientPoolG, nodeA_c01)" : {
        "AppCoordinates {com.bbn, test-service3, 1}" : {
          "DATARATE_TX" : 6.701597444089459E-5,
          "DATARATE_RX" : 1.3403194888178917E-4
        },
        "AppCoordinates {com.bbn, test-service2, 1}" : {
          "DATARATE_TX" : 5.7340720221606544E-6,
          "DATARATE_RX" : 1.1468144044321309E-5
        }
      },
      "(nodeA_c02, clientPoolG, nodeA_c02)" : {
        "AppCoordinates {com.bbn, test-service3, 1}" : {
          "DATARATE_TX" : 7.586703601108058E-5,
          "DATARATE_RX" : 1.5173407202216115E-4
        }
      },
      "(nodeA_c03, clientPoolG, nodeA_c03)" : {
        "AppCoordinates {com.bbn, test-service1, 1}" : {
          "DATARATE_TX" : 4.844875346260375E-5,
          "DATARATE_RX" : 9.68975069252075E-5
        }
      },
      "(nodeA_c04, clientPoolG, nodeA_c04)" : {
        "AppCoordinates {com.bbn, test-service3, 1}" : {
          "DATARATE_TX" : 6.965373961218831E-5,
          "DATARATE_RX" : 1.3930747922437663E-4
        }
      },
      "(nodeA_c05, clientPoolG, nodeA_c05)" : {
        "AppCoordinates {com.bbn, test-service2, 1}" : {
          "DATARATE_TX" : 3.0346260387811577E-5,
          "DATARATE_RX" : 6.0692520775623154E-5
        },
        "AppCoordinates {com.bbn, test-service1, 1}" : {
          "DATARATE_TX" : 6.367567567567569E-5,
          "DATARATE_RX" : 1.2735135135135138E-4
        }
      },
      "(nodeA_c06, clientPoolG, nodeA_c06)" : {
        "AppCoordinates {com.bbn, test-service2, 1}" : {
          "DATARATE_TX" : 4.745983379501385E-5,
          "DATARATE_RX" : 9.49196675900277E-5
        }
      }
    },
    "interface-nodeF ( nodeF )" : {
      "(nodeA_c00, clientPoolO, nodeA_c00)" : {
        "AppCoordinates {com.bbn, test-service2, 1}" : {
          "DATARATE_TX" : 3.999999999999994E-6,
          "DATARATE_RX" : 7.999999999999988E-6
        },
        "AppCoordinates {com.bbn, test-service1, 1}" : {
          "DATARATE_TX" : 2.3074792243767296E-5,
          "DATARATE_RX" : 4.614958448753459E-5
        }
      },
      "(nodeA_c00, clientPoolN, nodeA_c00)" : {
        "AppCoordinates {com.bbn, test-service2, 1}" : {
          "DATARATE_TX" : 7.000000000000003E-6,
          "DATARATE_RX" : 1.4000000000000007E-5
        },
        "AppCoordinates {com.bbn, test-service1, 1}" : {
          "DATARATE_TX" : 2.7728531855955655E-5,
          "DATARATE_RX" : 5.545706371191131E-5
        }
      },
      "(nodeA_c01, clientPoolO, nodeA_c01)" : {
        "AppCoordinates {com.bbn, test-service3, 1}" : {
          "DATARATE_TX" : 4.837060702875405E-6,
          "DATARATE_RX" : 9.67412140575081E-6
        },
        "AppCoordinates {com.bbn, test-service2, 1}" : {
          "DATARATE_TX" : 5.9058171745152265E-6,
          "DATARATE_RX" : 1.1811634349030453E-5
        }
      },
      "(nodeA_c01, clientPoolN, nodeA_c01)" : {
        "AppCoordinates {com.bbn, test-service3, 1}" : {
          "DATARATE_TX" : 8.907348242811515E-6,
          "DATARATE_RX" : 1.781469648562303E-5
        },
        "AppCoordinates {com.bbn, test-service2, 1}" : {
          "DATARATE_TX" : 5.739612188365642E-6,
          "DATARATE_RX" : 1.1479224376731284E-5
        }
      },
      "(nodeA_c02, clientPoolO, nodeA_c02)" : {
        "AppCoordinates {com.bbn, test-service3, 1}" : {
          "DATARATE_TX" : 1.716343490304706E-5,
          "DATARATE_RX" : 3.432686980609412E-5
        }
      },
      "(nodeA_c03, clientPoolO, nodeA_c03)" : {
        "AppCoordinates {com.bbn, test-service1, 1}" : {
          "DATARATE_TX" : 5.0091412742382E-5,
          "DATARATE_RX" : 1.00182825484764E-4
        }
      },
      "(nodeA_c02, clientPoolN, nodeA_c02)" : {
        "AppCoordinates {com.bbn, test-service3, 1}" : {
          "DATARATE_TX" : 2.0828254847645395E-5,
          "DATARATE_RX" : 4.165650969529079E-5
        }
      },
      "(nodeA_c03, clientPoolN, nodeA_c03)" : {
        "AppCoordinates {com.bbn, test-service1, 1}" : {
          "DATARATE_TX" : 4.7083102493074815E-5,
          "DATARATE_RX" : 9.416620498614963E-5
        }
      },
      "(nodeA_c04, clientPoolO, nodeA_c04)" : {
        "AppCoordinates {com.bbn, test-service3, 1}" : {
          "DATARATE_TX" : 1.685318559556781E-5,
          "DATARATE_RX" : 3.370637119113562E-5
        }
      },
      "(nodeA_c05, clientPoolO, nodeA_c05)" : {
        "AppCoordinates {com.bbn, test-service2, 1}" : {
          "DATARATE_TX" : 3.0119113573407132E-5,
          "DATARATE_RX" : 6.0238227146814265E-5
        },
        "AppCoordinates {com.bbn, test-service1, 1}" : {
          "DATARATE_TX" : 6.442342342342344E-5,
          "DATARATE_RX" : 1.2884684684684688E-4
        }
      },
      "(nodeA_c04, clientPoolN, nodeA_c04)" : {
        "AppCoordinates {com.bbn, test-service3, 1}" : {
          "DATARATE_TX" : 2.390304709141275E-5,
          "DATARATE_RX" : 4.78060941828255E-5
        }
      },
      "(nodeA_c05, clientPoolN, nodeA_c05)" : {
        "AppCoordinates {com.bbn, test-service2, 1}" : {
          "DATARATE_TX" : 2.782271468144035E-5,
          "DATARATE_RX" : 5.56454293628807E-5
        },
        "AppCoordinates {com.bbn, test-service1, 1}" : {
          "DATARATE_TX" : 6.429729729729733E-5,
          "DATARATE_RX" : 1.2859459459459467E-4
        }
      },
      "(nodeA_c06, clientPoolO, nodeA_c06)" : {
        "AppCoordinates {com.bbn, test-service2, 1}" : {
          "DATARATE_TX" : 4.7903047091412616E-5,
          "DATARATE_RX" : 9.580609418282523E-5
        }
      },
      "(nodeA_c06, clientPoolN, nodeA_c06)" : {
        "AppCoordinates {com.bbn, test-service2, 1}" : {
          "DATARATE_TX" : 4.669529085872581E-5,
          "DATARATE_RX" : 9.339058171745162E-5
        }
      },
      "(nodeA_c07, clientPoolO, nodeA_c07)" : {
        "AppCoordinates {com.bbn, test-service2, 1}" : {
          "DATARATE_TX" : 1.3628808864265944E-6,
          "DATARATE_RX" : 2.725761772853189E-6
        },
        "AppCoordinates {com.bbn, test-service1, 1}" : {
          "DATARATE_TX" : 4.5487179487179344E-5,
          "DATARATE_RX" : 9.097435897435869E-5
        }
      },
      "(nodeA_c07, clientPoolN, nodeA_c07)" : {
        "AppCoordinates {com.bbn, test-service2, 1}" : {
          "DATARATE_TX" : 1.4986149584487538E-6,
          "DATARATE_RX" : 2.9972299168975076E-6
        },
        "AppCoordinates {com.bbn, test-service1, 1}" : {
          "DATARATE_TX" : 4.24074074074075E-5,
          "DATARATE_RX" : 8.4814814814815E-5
        }
      }
    }
  },
  "containerReports" : {
    "nodeA_c03" : {
      "containerName" : {
        "name" : "nodeA_c03"
      },
      "timestamp" : 265499,
      "service" : {
        "group" : "com.bbn",
        "artifact" : "test-service1",
        "version" : "1"
      },
      "serviceStatus" : "RUNNING",
      "demandEstimationWindow" : "LONG",
      "computeCapacity" : {
        "CPU" : 1.0,
        "TASK_CONTAINERS" : 100.0,
        "QueueLength" : 1000000.0
      },
      "computeLoad" : {
        "UNKNOWN" : {
          "QueueLength" : 0.0,
          "TASK_CONTAINERS" : 0.0
        }
      },
      "computeDemand" : {
        "UNKNOWN" : {
          "QueueLength" : 131.13661202185793,
          "TASK_CONTAINERS" : 66.29281767955801
        }
      },
      "averageProcessingTime" : 120000.0,
      "networkCapacity" : {
        "interface-nodeA ( nodeA )" : {
          "DATARATE_TX" : 100.0,
          "DATARATE_RX" : 100.0
        }
      },
      "networkLoad" : {
        "interface-nodeA ( nodeA )" : {
          "(clientPoolG, nodeA_c03, nodeA_c03)" : {
            "AppCoordinates {com.bbn, test-service1, 1}" : {
              "DATARATE_TX" : 2.6799999999999947E-4,
              "DATARATE_RX" : 1.3399999999999973E-4
            }
          },
          "(clientPoolN, nodeA_c03, nodeA_c03)" : {
            "AppCoordinates {com.bbn, test-service1, 1}" : {
              "DATARATE_TX" : 2.6799999999999947E-4,
              "DATARATE_RX" : 1.3399999999999973E-4
            }
          },
          "(clientPoolO, nodeA_c03, nodeA_c03)" : {
            "AppCoordinates {com.bbn, test-service1, 1}" : {
              "DATARATE_TX" : 2.579999999999995E-4,
              "DATARATE_RX" : 1.2899999999999975E-4
            }
          }
        }
      },
      "networkDemand" : {
        "interface-nodeA ( nodeA )" : {
          "(clientPoolG, nodeA_c03, nodeA_c03)" : {
            "AppCoordinates {com.bbn, test-service1, 1}" : {
              "DATARATE_TX" : 2.693111111111109E-4,
              "DATARATE_RX" : 1.3465555555555546E-4
            }
          },
          "(clientPoolN, nodeA_c03, nodeA_c03)" : {
            "AppCoordinates {com.bbn, test-service1, 1}" : {
              "DATARATE_TX" : 2.64888888888888E-4,
              "DATARATE_RX" : 1.32444444444444E-4
            }
          },
          "(clientPoolO, nodeA_c03, nodeA_c03)" : {
            "AppCoordinates {com.bbn, test-service1, 1}" : {
              "DATARATE_TX" : 2.621777777777775E-4,
              "DATARATE_RX" : 1.3108888888888875E-4
            }
          }
        }
      }
    },
    "nodeA_c04" : {
      "containerName" : {
        "name" : "nodeA_c04"
      },
      "timestamp" : 265501,
      "service" : {
        "group" : "com.bbn",
        "artifact" : "test-service3",
        "version" : "1"
      },
      "serviceStatus" : "RUNNING",
      "demandEstimationWindow" : "LONG",
      "computeCapacity" : {
        "CPU" : 1.0,
        "TASK_CONTAINERS" : 100.0,
        "QueueLength" : 1000000.0
      },
      "computeLoad" : {
        "UNKNOWN" : {
          "QueueLength" : 200.0,
          "TASK_CONTAINERS" : 100.0
        }
      },
      "computeDemand" : {
        "UNKNOWN" : {
          "QueueLength" : 110.02770083102493,
          "TASK_CONTAINERS" : 55.013850415512465
        }
      },
      "averageProcessingTime" : 120000.0,
      "networkCapacity" : {
        "interface-nodeA ( nodeA )" : {
          "DATARATE_TX" : 100.0,
          "DATARATE_RX" : 100.0
        }
      },
      "networkLoad" : {
        "interface-nodeA ( nodeA )" : {
          "(clientPoolN, nodeA_c04, nodeA_c04)" : {
            "AppCoordinates {com.bbn, test-service3, 1}" : {
              "DATARATE_TX" : 2.2799999999999955E-4,
              "DATARATE_RX" : 1.1399999999999978E-4
            }
          },
          "(clientPoolO, nodeA_c04, nodeA_c04)" : {
            "AppCoordinates {com.bbn, test-service3, 1}" : {
              "DATARATE_TX" : 1.3199999999999982E-4,
              "DATARATE_RX" : 6.599999999999991E-5
            }
          },
          "(clientPoolG, nodeA_c04, nodeA_c04)" : {
            "AppCoordinates {com.bbn, test-service3, 1}" : {
              "DATARATE_TX" : 2.999999999999994E-4,
              "DATARATE_RX" : 1.499999999999997E-4
            }
          }
        }
      },
      "networkDemand" : {
        "interface-nodeA ( nodeA )" : {
          "(clientPoolN, nodeA_c04, nodeA_c04)" : {
            "AppCoordinates {com.bbn, test-service3, 1}" : {
              "DATARATE_TX" : 6.141666666666664E-5,
              "DATARATE_RX" : 3.070833333333332E-5
            }
          },
          "(clientPoolO, nodeA_c04, nodeA_c04)" : {
            "AppCoordinates {com.bbn, test-service3, 1}" : {
              "DATARATE_TX" : 4.086111111111103E-5,
              "DATARATE_RX" : 2.0430555555555514E-5
            }
          },
          "(clientPoolG, nodeA_c04, nodeA_c04)" : {
            "AppCoordinates {com.bbn, test-service3, 1}" : {
              "DATARATE_TX" : 1.6993333333333285E-4,
              "DATARATE_RX" : 8.496666666666642E-5
            }
          }
        }
      }
    },
    "nodeA_c01" : {
      "containerName" : {
        "name" : "nodeA_c01"
      },
      "timestamp" : 265503,
      "service" : {
        "group" : "com.bbn",
        "artifact" : "test-service3",
        "version" : "1"
      },
      "serviceStatus" : "RUNNING",
      "demandEstimationWindow" : "LONG",
      "computeCapacity" : {
        "CPU" : 1.0,
        "TASK_CONTAINERS" : 100.0,
        "QueueLength" : 1000000.0
      },
      "computeLoad" : {
        "UNKNOWN" : {
          "QueueLength" : 36.0,
          "TASK_CONTAINERS" : 18.0
        }
      },
      "computeDemand" : {
        "UNKNOWN" : {
          "QueueLength" : 33.49122807017544,
          "TASK_CONTAINERS" : 17.354545454545455
        }
      },
      "averageProcessingTime" : "NaN",
      "networkCapacity" : {
        "interface-nodeA ( nodeA )" : {
          "DATARATE_TX" : 100.0,
          "DATARATE_RX" : 100.0
        }
      },
      "networkLoad" : {
        "interface-nodeA ( nodeA )" : {
          "(clientPoolG, nodeA_c01, nodeA_c01)" : {
            "AppCoordinates {com.bbn, test-service3, 1}" : {
              "DATARATE_TX" : 2.4000000000000004E-5,
              "DATARATE_RX" : 1.2000000000000002E-5
            }
          },
          "(clientPoolN, nodeA_c01, nodeA_c01)" : {
            "AppCoordinates {com.bbn, test-service3, 1}" : {
              "DATARATE_TX" : 4.000000000000001E-5,
              "DATARATE_RX" : 2.0000000000000005E-5
            }
          },
          "(clientPoolO, nodeA_c01, nodeA_c01)" : {
            "AppCoordinates {com.bbn, test-service3, 1}" : {
              "DATARATE_TX" : 8.0E-6,
              "DATARATE_RX" : 4.0E-6
            }
          }
        }
      },
      "networkDemand" : {
        "interface-nodeA ( nodeA )" : {
          "(clientPoolG, nodeA_c01, nodeA_c01)" : {
            "AppCoordinates {com.bbn, test-service3, 1}" : {
              "DATARATE_TX" : 2.3777777777777777E-5,
              "DATARATE_RX" : 1.1888888888888888E-5
            }
          },
          "(clientPoolN, nodeA_c01, nodeA_c01)" : {
            "AppCoordinates {com.bbn, test-service3, 1}" : {
              "DATARATE_TX" : 3.914814814814821E-5,
              "DATARATE_RX" : 1.9574074074074104E-5
            }
          },
          "(clientPoolO, nodeA_c01, nodeA_c01)" : {
            "AppCoordinates {com.bbn, test-service3, 1}" : {
              "DATARATE_TX" : 7.924528301886786E-6,
              "DATARATE_RX" : 3.962264150943393E-6
            }
          }
        }
      }
    },
    "nodeA_c02" : {
      "containerName" : {
        "name" : "nodeA_c02"
      },
      "timestamp" : 265504,
      "service" : {
        "group" : "com.bbn",
        "artifact" : "test-service3",
        "version" : "1"
      },
      "serviceStatus" : "RUNNING",
      "demandEstimationWindow" : "LONG",
      "computeCapacity" : {
        "CPU" : 1.0,
        "TASK_CONTAINERS" : 100.0,
        "QueueLength" : 1000000.0
      },
      "computeLoad" : {
        "UNKNOWN" : {
          "QueueLength" : 200.0,
          "TASK_CONTAINERS" : 100.0
        }
      },
      "computeDemand" : {
        "UNKNOWN" : {
          "QueueLength" : 113.27423822714681,
          "TASK_CONTAINERS" : 56.637119113573405
        }
      },
      "averageProcessingTime" : 120000.0,
      "networkCapacity" : {
        "interface-nodeA ( nodeA )" : {
          "DATARATE_TX" : 100.0,
          "DATARATE_RX" : 100.0
        }
      },
      "networkLoad" : {
        "interface-nodeA ( nodeA )" : {
          "(clientPoolG, nodeA_c02, nodeA_c02)" : {
            "AppCoordinates {com.bbn, test-service3, 1}" : {
              "DATARATE_TX" : 2.9599999999999944E-4,
              "DATARATE_RX" : 1.4799999999999972E-4
            }
          },
          "(clientPoolN, nodeA_c02, nodeA_c02)" : {
            "AppCoordinates {com.bbn, test-service3, 1}" : {
              "DATARATE_TX" : 2.2799999999999963E-4,
              "DATARATE_RX" : 1.1399999999999982E-4
            }
          },
          "(clientPoolO, nodeA_c02, nodeA_c02)" : {
            "AppCoordinates {com.bbn, test-service3, 1}" : {
              "DATARATE_TX" : 1.5599999999999983E-4,
              "DATARATE_RX" : 7.799999999999992E-5
            }
          }
        }
      },
      "networkDemand" : {
        "interface-nodeA ( nodeA )" : {
          "(clientPoolG, nodeA_c02, nodeA_c02)" : {
            "AppCoordinates {com.bbn, test-service3, 1}" : {
              "DATARATE_TX" : 2.7255000000000047E-4,
              "DATARATE_RX" : 1.3627500000000024E-4
            }
          },
          "(clientPoolN, nodeA_c02, nodeA_c02)" : {
            "AppCoordinates {com.bbn, test-service3, 1}" : {
              "DATARATE_TX" : 1.545833333333338E-4,
              "DATARATE_RX" : 7.72916666666669E-5
            }
          },
          "(clientPoolO, nodeA_c02, nodeA_c02)" : {
            "AppCoordinates {com.bbn, test-service3, 1}" : {
              "DATARATE_TX" : 1.482611111111118E-4,
              "DATARATE_RX" : 7.41305555555559E-5
            }
          }
        }
      }
    },
    "nodeA_c00" : {
      "containerName" : {
        "name" : "nodeA_c00"
      },
      "timestamp" : 265506,
      "service" : {
        "group" : "com.bbn",
        "artifact" : "test-service3",
        "version" : "1"
      },
      "serviceStatus" : "RUNNING",
      "demandEstimationWindow" : "LONG",
      "computeCapacity" : {
        "CPU" : 1.0,
        "TASK_CONTAINERS" : 100.0,
        "QueueLength" : 1000000.0
      },
      "computeLoad" : {
        "UNKNOWN" : {
          "QueueLength" : 0.0
        }
      },
      "computeDemand" : {
        "UNKNOWN" : {
          "QueueLength" : 0.0
        }
      },
      "averageProcessingTime" : "NaN",
      "networkCapacity" : {
        "interface-nodeA ( nodeA )" : {
          "DATARATE_TX" : 100.0,
          "DATARATE_RX" : 100.0
        }
      },
      "networkLoad" : {
        "interface-nodeA ( nodeA )" : { }
      },
      "networkDemand" : {
        "interface-nodeA ( nodeA )" : { }
      }
    },
    "nodeA_c07" : {
      "containerName" : {
        "name" : "nodeA_c07"
      },
      "timestamp" : 265506,
      "service" : {
        "group" : "com.bbn",
        "artifact" : "test-service2",
        "version" : "1"
      },
      "serviceStatus" : "RUNNING",
      "demandEstimationWindow" : "LONG",
      "computeCapacity" : {
        "CPU" : 1.0,
        "TASK_CONTAINERS" : 100.0,
        "QueueLength" : 1000000.0
      },
      "computeLoad" : {
        "UNKNOWN" : {
          "QueueLength" : 0.0
        }
      },
      "computeDemand" : {
        "UNKNOWN" : {
          "QueueLength" : 0.0
        }
      },
      "averageProcessingTime" : "NaN",
      "networkCapacity" : {
        "interface-nodeA ( nodeA )" : {
          "DATARATE_TX" : 100.0,
          "DATARATE_RX" : 100.0
        }
      },
      "networkLoad" : {
        "interface-nodeA ( nodeA )" : { }
      },
      "networkDemand" : {
        "interface-nodeA ( nodeA )" : { }
      }
    },
    "nodeA_c05" : {
      "containerName" : {
        "name" : "nodeA_c05"
      },
      "timestamp" : 265507,
      "service" : {
        "group" : "com.bbn",
        "artifact" : "test-service1",
        "version" : "1"
      },
      "serviceStatus" : "RUNNING",
      "demandEstimationWindow" : "LONG",
      "computeCapacity" : {
        "CPU" : 1.0,
        "TASK_CONTAINERS" : 100.0,
        "QueueLength" : 1000000.0
      },
      "computeLoad" : {
        "UNKNOWN" : {
          "QueueLength" : 200.0,
          "TASK_CONTAINERS" : 100.0
        }
      },
      "computeDemand" : {
        "UNKNOWN" : {
          "QueueLength" : 124.88304093567251,
          "TASK_CONTAINERS" : 95.33482142857143
        }
      },
      "averageProcessingTime" : "NaN",
      "networkCapacity" : {
        "interface-nodeA ( nodeA )" : {
          "DATARATE_TX" : 100.0,
          "DATARATE_RX" : 100.0
        }
      },
      "networkLoad" : {
        "interface-nodeA ( nodeA )" : {
          "(clientPoolN, nodeA_c05, nodeA_c05)" : {
            "AppCoordinates {com.bbn, test-service1, 1}" : {
              "DATARATE_TX" : 2.579999999999995E-4,
              "DATARATE_RX" : 1.2899999999999975E-4
            }
          },
          "(clientPoolO, nodeA_c05, nodeA_c05)" : {
            "AppCoordinates {com.bbn, test-service1, 1}" : {
              "DATARATE_TX" : 2.6999999999999946E-4,
              "DATARATE_RX" : 1.3499999999999973E-4
            }
          },
          "(clientPoolG, nodeA_c05, nodeA_c05)" : {
            "AppCoordinates {com.bbn, test-service1, 1}" : {
              "DATARATE_TX" : 2.7199999999999946E-4,
              "DATARATE_RX" : 1.3599999999999973E-4
            }
          }
        }
      },
      "networkDemand" : {
        "interface-nodeA ( nodeA )" : {
          "(clientPoolN, nodeA_c05, nodeA_c05)" : {
            "AppCoordinates {com.bbn, test-service1, 1}" : {
              "DATARATE_TX" : 2.36936936936936E-4,
              "DATARATE_RX" : 1.18468468468468E-4
            }
          },
          "(clientPoolO, nodeA_c05, nodeA_c05)" : {
            "AppCoordinates {com.bbn, test-service1, 1}" : {
              "DATARATE_TX" : 2.476936936936932E-4,
              "DATARATE_RX" : 1.238468468468466E-4
            }
          },
          "(clientPoolG, nodeA_c05, nodeA_c05)" : {
            "AppCoordinates {com.bbn, test-service1, 1}" : {
              "DATARATE_TX" : 2.4962162162162066E-4,
              "DATARATE_RX" : 1.2481081081081033E-4
            }
          }
        }
      }
    },
    "nodeA_c06" : {
      "containerName" : {
        "name" : "nodeA_c06"
      },
      "timestamp" : 265507,
      "service" : {
        "group" : "com.bbn",
        "artifact" : "test-service2",
        "version" : "1"
      },
      "serviceStatus" : "RUNNING",
      "demandEstimationWindow" : "LONG",
      "computeCapacity" : {
        "CPU" : 1.0,
        "TASK_CONTAINERS" : 100.0,
        "QueueLength" : 1000000.0
      },
      "computeLoad" : {
        "UNKNOWN" : {
          "QueueLength" : 200.0,
          "TASK_CONTAINERS" : 100.0
        }
      },
      "computeDemand" : {
        "UNKNOWN" : {
          "QueueLength" : 141.40720221606648,
          "TASK_CONTAINERS" : 70.70360110803324
        }
      },
      "averageProcessingTime" : 120000.0,
      "networkCapacity" : {
        "interface-nodeA ( nodeA )" : {
          "DATARATE_TX" : 100.0,
          "DATARATE_RX" : 100.0
        }
      },
      "networkLoad" : {
        "interface-nodeA ( nodeA )" : {
          "(clientPoolN, nodeA_c06, nodeA_c06)" : {
            "AppCoordinates {com.bbn, test-service2, 1}" : {
              "DATARATE_TX" : 7.860000000000061E-4,
              "DATARATE_RX" : 3.9300000000000305E-4
            }
          },
          "(clientPoolO, nodeA_c06, nodeA_c06)" : {
            "AppCoordinates {com.bbn, test-service2, 1}" : {
              "DATARATE_TX" : 7.920000000000062E-4,
              "DATARATE_RX" : 3.960000000000031E-4
            }
          },
          "(clientPoolG, nodeA_c06, nodeA_c06)" : {
            "AppCoordinates {com.bbn, test-service2, 1}" : {
              "DATARATE_TX" : 8.000000000000064E-4,
              "DATARATE_RX" : 4.000000000000032E-4
            }
          }
        }
      },
      "networkDemand" : {
        "interface-nodeA ( nodeA )" : {
          "(clientPoolN, nodeA_c06, nodeA_c06)" : {
            "AppCoordinates {com.bbn, test-service2, 1}" : {
              "DATARATE_TX" : 4.564611111111138E-4,
              "DATARATE_RX" : 2.282305555555569E-4
            }
          },
          "(clientPoolO, nodeA_c06, nodeA_c06)" : {
            "AppCoordinates {com.bbn, test-service2, 1}" : {
              "DATARATE_TX" : 4.570500000000018E-4,
              "DATARATE_RX" : 2.285250000000009E-4
            }
          },
          "(clientPoolG, nodeA_c06, nodeA_c06)" : {
            "AppCoordinates {com.bbn, test-service2, 1}" : {
              "DATARATE_TX" : 4.5712222222222274E-4,
              "DATARATE_RX" : 2.2856111111111137E-4
            }
          }
        }
      }
    }
  },
  "maximumServiceContainers" : 8,
  "allocatedServiceContainers" : 8,
  "computeDemand" : {
    "AppCoordinates {com.bbn, test-service3, 1}" : {
      "UNKNOWN" : {
        "QueueLength" : 256.79316712834714,
        "TASK_CONTAINERS" : 129.00551498363131
      }
    },
    "AppCoordinates {com.bbn, test-service2, 1}" : {
      "UNKNOWN" : {
        "QueueLength" : 141.40720221606648,
        "TASK_CONTAINERS" : 70.70360110803324
      }
    },
    "AppCoordinates {com.bbn, test-service1, 1}" : {
      "UNKNOWN" : {
        "QueueLength" : 256.0196529575304,
        "TASK_CONTAINERS" : 161.62763910812944
      }
    }
  },
  "containerNetworkLoad" : {
    "interface-nodeA ( nodeA )" : {
      "(clientPoolG, nodeA_c03, nodeA_c03)" : {
        "AppCoordinates {com.bbn, test-service1, 1}" : {
          "DATARATE_TX" : 2.6799999999999947E-4,
          "DATARATE_RX" : 1.3399999999999973E-4
        }
      },
      "(clientPoolG, nodeA_c02, nodeA_c02)" : {
        "AppCoordinates {com.bbn, test-service3, 1}" : {
          "DATARATE_TX" : 2.9599999999999944E-4,
          "DATARATE_RX" : 1.4799999999999972E-4
        }
      },
      "(clientPoolG, nodeA_c01, nodeA_c01)" : {
        "AppCoordinates {com.bbn, test-service3, 1}" : {
          "DATARATE_TX" : 2.4000000000000004E-5,
          "DATARATE_RX" : 1.2000000000000002E-5
        }
      },
      "(clientPoolN, nodeA_c06, nodeA_c06)" : {
        "AppCoordinates {com.bbn, test-service2, 1}" : {
          "DATARATE_TX" : 7.860000000000061E-4,
          "DATARATE_RX" : 3.9300000000000305E-4
        }
      },
      "(clientPoolO, nodeA_c06, nodeA_c06)" : {
        "AppCoordinates {com.bbn, test-service2, 1}" : {
          "DATARATE_TX" : 7.920000000000062E-4,
          "DATARATE_RX" : 3.960000000000031E-4
        }
      },
      "(clientPoolN, nodeA_c05, nodeA_c05)" : {
        "AppCoordinates {com.bbn, test-service1, 1}" : {
          "DATARATE_TX" : 2.579999999999995E-4,
          "DATARATE_RX" : 1.2899999999999975E-4
        }
      },
      "(clientPoolO, nodeA_c05, nodeA_c05)" : {
        "AppCoordinates {com.bbn, test-service1, 1}" : {
          "DATARATE_TX" : 2.6999999999999946E-4,
          "DATARATE_RX" : 1.3499999999999973E-4
        }
      },
      "(clientPoolN, nodeA_c04, nodeA_c04)" : {
        "AppCoordinates {com.bbn, test-service3, 1}" : {
          "DATARATE_TX" : 2.2799999999999955E-4,
          "DATARATE_RX" : 1.1399999999999978E-4
        }
      },
      "(clientPoolO, nodeA_c04, nodeA_c04)" : {
        "AppCoordinates {com.bbn, test-service3, 1}" : {
          "DATARATE_TX" : 1.3199999999999982E-4,
          "DATARATE_RX" : 6.599999999999991E-5
        }
      },
      "(clientPoolN, nodeA_c03, nodeA_c03)" : {
        "AppCoordinates {com.bbn, test-service1, 1}" : {
          "DATARATE_TX" : 2.6799999999999947E-4,
          "DATARATE_RX" : 1.3399999999999973E-4
        }
      },
      "(clientPoolG, nodeA_c06, nodeA_c06)" : {
        "AppCoordinates {com.bbn, test-service2, 1}" : {
          "DATARATE_TX" : 8.000000000000064E-4,
          "DATARATE_RX" : 4.000000000000032E-4
        }
      },
      "(clientPoolG, nodeA_c05, nodeA_c05)" : {
        "AppCoordinates {com.bbn, test-service1, 1}" : {
          "DATARATE_TX" : 2.7199999999999946E-4,
          "DATARATE_RX" : 1.3599999999999973E-4
        }
      },
      "(clientPoolG, nodeA_c04, nodeA_c04)" : {
        "AppCoordinates {com.bbn, test-service3, 1}" : {
          "DATARATE_TX" : 2.999999999999994E-4,
          "DATARATE_RX" : 1.499999999999997E-4
        }
      },
      "(clientPoolN, nodeA_c02, nodeA_c02)" : {
        "AppCoordinates {com.bbn, test-service3, 1}" : {
          "DATARATE_TX" : 2.2799999999999963E-4,
          "DATARATE_RX" : 1.1399999999999982E-4
        }
      },
      "(clientPoolO, nodeA_c03, nodeA_c03)" : {
        "AppCoordinates {com.bbn, test-service1, 1}" : {
          "DATARATE_TX" : 2.579999999999995E-4,
          "DATARATE_RX" : 1.2899999999999975E-4
        }
      },
      "(clientPoolO, nodeA_c02, nodeA_c02)" : {
        "AppCoordinates {com.bbn, test-service3, 1}" : {
          "DATARATE_TX" : 1.5599999999999983E-4,
          "DATARATE_RX" : 7.799999999999992E-5
        }
      },
      "(clientPoolN, nodeA_c01, nodeA_c01)" : {
        "AppCoordinates {com.bbn, test-service3, 1}" : {
          "DATARATE_TX" : 4.000000000000001E-5,
          "DATARATE_RX" : 2.0000000000000005E-5
        }
      },
      "(clientPoolO, nodeA_c01, nodeA_c01)" : {
        "AppCoordinates {com.bbn, test-service3, 1}" : {
          "DATARATE_TX" : 8.0E-6,
          "DATARATE_RX" : 4.0E-6
        }
      }
    }
  },
  "containerNetworkDemand" : {
    "interface-nodeA ( nodeA )" : {
      "(clientPoolG, nodeA_c03, nodeA_c03)" : {
        "AppCoordinates {com.bbn, test-service1, 1}" : {
          "DATARATE_TX" : 2.693111111111109E-4,
          "DATARATE_RX" : 1.3465555555555546E-4
        }
      },
      "(clientPoolG, nodeA_c02, nodeA_c02)" : {
        "AppCoordinates {com.bbn, test-service3, 1}" : {
          "DATARATE_TX" : 2.7255000000000047E-4,
          "DATARATE_RX" : 1.3627500000000024E-4
        }
      },
      "(clientPoolG, nodeA_c01, nodeA_c01)" : {
        "AppCoordinates {com.bbn, test-service3, 1}" : {
          "DATARATE_TX" : 2.3777777777777777E-5,
          "DATARATE_RX" : 1.1888888888888888E-5
        }
      },
      "(clientPoolN, nodeA_c06, nodeA_c06)" : {
        "AppCoordinates {com.bbn, test-service2, 1}" : {
          "DATARATE_TX" : 4.564611111111138E-4,
          "DATARATE_RX" : 2.282305555555569E-4
        }
      },
      "(clientPoolO, nodeA_c06, nodeA_c06)" : {
        "AppCoordinates {com.bbn, test-service2, 1}" : {
          "DATARATE_TX" : 4.570500000000018E-4,
          "DATARATE_RX" : 2.285250000000009E-4
        }
      },
      "(clientPoolN, nodeA_c05, nodeA_c05)" : {
        "AppCoordinates {com.bbn, test-service1, 1}" : {
          "DATARATE_TX" : 2.36936936936936E-4,
          "DATARATE_RX" : 1.18468468468468E-4
        }
      },
      "(clientPoolO, nodeA_c05, nodeA_c05)" : {
        "AppCoordinates {com.bbn, test-service1, 1}" : {
          "DATARATE_TX" : 2.476936936936932E-4,
          "DATARATE_RX" : 1.238468468468466E-4
        }
      },
      "(clientPoolN, nodeA_c04, nodeA_c04)" : {
        "AppCoordinates {com.bbn, test-service3, 1}" : {
          "DATARATE_TX" : 6.141666666666664E-5,
          "DATARATE_RX" : 3.070833333333332E-5
        }
      },
      "(clientPoolO, nodeA_c04, nodeA_c04)" : {
        "AppCoordinates {com.bbn, test-service3, 1}" : {
          "DATARATE_TX" : 4.086111111111103E-5,
          "DATARATE_RX" : 2.0430555555555514E-5
        }
      },
      "(clientPoolN, nodeA_c03, nodeA_c03)" : {
        "AppCoordinates {com.bbn, test-service1, 1}" : {
          "DATARATE_TX" : 2.64888888888888E-4,
          "DATARATE_RX" : 1.32444444444444E-4
        }
      },
      "(clientPoolG, nodeA_c06, nodeA_c06)" : {
        "AppCoordinates {com.bbn, test-service2, 1}" : {
          "DATARATE_TX" : 4.5712222222222274E-4,
          "DATARATE_RX" : 2.2856111111111137E-4
        }
      },
      "(clientPoolG, nodeA_c05, nodeA_c05)" : {
        "AppCoordinates {com.bbn, test-service1, 1}" : {
          "DATARATE_TX" : 2.4962162162162066E-4,
          "DATARATE_RX" : 1.2481081081081033E-4
        }
      },
      "(clientPoolG, nodeA_c04, nodeA_c04)" : {
        "AppCoordinates {com.bbn, test-service3, 1}" : {
          "DATARATE_TX" : 1.6993333333333285E-4,
          "DATARATE_RX" : 8.496666666666642E-5
        }
      },
      "(clientPoolN, nodeA_c02, nodeA_c02)" : {
        "AppCoordinates {com.bbn, test-service3, 1}" : {
          "DATARATE_TX" : 1.545833333333338E-4,
          "DATARATE_RX" : 7.72916666666669E-5
        }
      },
      "(clientPoolO, nodeA_c03, nodeA_c03)" : {
        "AppCoordinates {com.bbn, test-service1, 1}" : {
          "DATARATE_TX" : 2.621777777777775E-4,
          "DATARATE_RX" : 1.3108888888888875E-4
        }
      },
      "(clientPoolO, nodeA_c02, nodeA_c02)" : {
        "AppCoordinates {com.bbn, test-service3, 1}" : {
          "DATARATE_TX" : 1.482611111111118E-4,
          "DATARATE_RX" : 7.41305555555559E-5
        }
      },
      "(clientPoolN, nodeA_c01, nodeA_c01)" : {
        "AppCoordinates {com.bbn, test-service3, 1}" : {
          "DATARATE_TX" : 3.914814814814821E-5,
          "DATARATE_RX" : 1.9574074074074104E-5
        }
      },
      "(clientPoolO, nodeA_c01, nodeA_c01)" : {
        "AppCoordinates {com.bbn, test-service3, 1}" : {
          "DATARATE_TX" : 7.924528301886786E-6,
          "DATARATE_RX" : 3.962264150943393E-6
        }
      }
    }
  },
  "computeLoad" : {
    "AppCoordinates {com.bbn, test-service3, 1}" : {
      "UNKNOWN" : {
        "QueueLength" : 436.0,
        "TASK_CONTAINERS" : 218.0
      }
    },
    "AppCoordinates {com.bbn, test-service2, 1}" : {
      "UNKNOWN" : {
        "QueueLength" : 200.0,
        "TASK_CONTAINERS" : 100.0
      }
    },
    "AppCoordinates {com.bbn, test-service1, 1}" : {
      "UNKNOWN" : {
        "QueueLength" : 200.0,
        "TASK_CONTAINERS" : 100.0
      }
    }
  },
  "availableServiceContainers" : 0,
  "allocatedComputeCapacity" : {
    "CPU" : 8.0,
    "QueueLength" : 8000000.0,
    "TASK_CONTAINERS" : 800.0
  },
  "averageProcessingTime" : {
    "AppCoordinates {com.bbn, test-service3, 1}" : 120000.0,
    "AppCoordinates {com.bbn, test-service2, 1}" : 120000.0,
    "AppCoordinates {com.bbn, test-service1, 1}" : 120000.0
  }
}