{
  "region" : {
    "name" : "A"
  },
  "nodeResourceReports" : [ {
    "nodeName" : {
      "name" : "nodeA"
    },
    "timestamp" : 224999,
    "demandEstimationWindow" : "SHORT",
    "nodeComputeCapacity" : {
      "CPU" : 4.0,
      "MEMORY" : 8.0E9,
      "DISK" : 10.0,
      "TASK_CONTAINERS" : 20.0
    },
    "networkCapacity" : {
      "interface-nodeD ( nodeD )" : {
        "DATARATE_RX" : 100.0,
        "DATARATE_TX" : 100.0
      },
      "interface-nodeE ( nodeE )" : {
        "DATARATE_RX" : 100.0,
        "DATARATE_TX" : 100.0
      },
      "interface-nodeB ( nodeB )" : {
        "DATARATE_RX" : 100.0,
        "DATARATE_TX" : 100.0
      },
      "interface-nodeI ( nodeI )" : {
        "DATARATE_RX" : 100.0,
        "DATARATE_TX" : 100.0
      },
      "interface-nodeF ( nodeF )" : {
        "DATARATE_RX" : 100.0,
        "DATARATE_TX" : 100.0
      },
      "interface-nodeG ( nodeG )" : {
        "DATARATE_RX" : 100.0,
        "DATARATE_TX" : 100.0
      },
      "interface-nodeM ( nodeM )" : {
        "DATARATE_RX" : 100.0,
        "DATARATE_TX" : 100.0
      },
      "interface-nodeJ ( nodeJ )" : {
        "DATARATE_RX" : 100.0,
        "DATARATE_TX" : 100.0
      },
      "interface-nodeK ( nodeK )" : {
        "DATARATE_RX" : 100.0,
        "DATARATE_TX" : 100.0
      },
      "interface-nodeN ( nodeN )" : {
        "DATARATE_RX" : 100.0,
        "DATARATE_TX" : 100.0
      }
    },
    "networkLoad" : {
      "interface-nodeD ( nodeD )" : { },
      "interface-nodeE ( nodeE )" : { },
      "interface-nodeB ( nodeB )" : {
        "(nodeA_c00, clientPoolB, nodeA_c00)" : {
          "AppCoordinates {com.bbn, test-service3, 1}" : {
            "DATARATE_TX" : -3.8116482626443515E-21,
            "DATARATE_RX" : -7.623296525288703E-21
          }
        },
        "(nodeA_c01, clientPoolB, nodeA_c01)" : {
          "AppCoordinates {com.bbn, test-service3, 1}" : {
            "DATARATE_TX" : 1.6E-5,
            "DATARATE_RX" : 3.2E-5
          }
        }
      },
      "interface-nodeI ( nodeI )" : {
        "(clientPoolA, nodeI_c05, nodeI_c05)" : {
          "AppCoordinates {com.bbn, test-service3, 1}" : {
            "DATARATE_TX" : 5.200000000000001E-5,
            "DATARATE_RX" : 2.6000000000000005E-5
          }
        },
        "(clientPoolA, nodeI_c04, nodeI_c04)" : {
          "AppCoordinates {com.bbn, test-service3, 1}" : {
            "DATARATE_TX" : -7.623296525288703E-21,
            "DATARATE_RX" : -3.8116482626443515E-21
          },
          "AppCoordinates {com.bbn, test-service1, 1}" : {
            "DATARATE_TX" : -7.623296525288703E-21,
            "DATARATE_RX" : -3.8116482626443515E-21
          }
        },
        "(clientPoolA, nodeI_c03, nodeI_c03)" : {
          "AppCoordinates {com.bbn, test-service1, 1}" : {
            "DATARATE_TX" : 1.2999999999999983E-4,
            "DATARATE_RX" : 6.499999999999991E-5
          }
        },
        "(clientPoolA, nodeI_c02, nodeI_c02)" : {
          "AppCoordinates {com.bbn, test-service3, 1}" : {
            "DATARATE_TX" : -7.623296525288703E-21,
            "DATARATE_RX" : -3.8116482626443515E-21
          }
        },
        "(clientPoolA, nodeI_c01, nodeI_c01)" : {
          "AppCoordinates {com.bbn, test-service3, 1}" : {
            "DATARATE_TX" : 5.000000000000001E-5,
            "DATARATE_RX" : 2.5000000000000005E-5
          },
          "AppCoordinates {com.bbn, test-service2, 1}" : {
            "DATARATE_TX" : -7.623296525288703E-21,
            "DATARATE_RX" : -3.8116482626443515E-21
          }
        },
        "(clientPoolA, nodeI_c00, nodeI_c00)" : {
          "AppCoordinates {com.bbn, test-service3, 1}" : {
            "DATARATE_TX" : 9.599999999999992E-5,
            "DATARATE_RX" : 4.799999999999996E-5
          },
          "AppCoordinates {com.bbn, test-service1, 1}" : {
            "DATARATE_TX" : -7.623296525288703E-21,
            "DATARATE_RX" : -3.8116482626443515E-21
          }
        },
        "(clientPoolA, nodeI_c07, nodeI_c07)" : {
          "AppCoordinates {com.bbn, test-service2, 1}" : {
            "DATARATE_TX" : -7.623296525288703E-21,
            "DATARATE_RX" : -3.8116482626443515E-21
          }
        },
        "(clientPoolA, nodeI_c06, nodeI_c06)" : {
          "AppCoordinates {com.bbn, test-service2, 1}" : {
            "DATARATE_TX" : 1.359999999999998E-4,
            "DATARATE_RX" : 6.79999999999999E-5
          },
          "AppCoordinates {com.bbn, test-service1, 1}" : {
            "DATARATE_TX" : -7.623296525288703E-21,
            "DATARATE_RX" : -3.8116482626443515E-21
          }
        }
      },
      "interface-nodeF ( nodeF )" : { },
      "interface-nodeG ( nodeG )" : { },
      "interface-nodeM ( nodeM )" : { },
      "interface-nodeJ ( nodeJ )" : { },
      "interface-nodeK ( nodeK )" : { },
      "interface-nodeN ( nodeN )" : { }
    },
    "networkDemand" : {
      "interface-nodeE ( nodeE )" : { },
      "interface-nodeD ( nodeD )" : { },
      "interface-nodeB ( nodeB )" : {
        "(nodeA_c00, clientPoolB, nodeA_c00)" : {
          "AppCoordinates {com.bbn, test-service3, 1}" : {
            "DATARATE_TX" : -3.8116482626443515E-21,
            "DATARATE_RX" : -7.623296525288703E-21
          }
        },
        "(nodeA_c01, clientPoolB, nodeA_c01)" : {
          "AppCoordinates {com.bbn, test-service3, 1}" : {
            "DATARATE_TX" : 1.9E-5,
            "DATARATE_RX" : 3.8E-5
          }
        }
      },
      "interface-nodeN ( nodeN )" : { },
      "interface-nodeM ( nodeM )" : { },
      "interface-nodeK ( nodeK )" : { },
      "interface-nodeJ ( nodeJ )" : { },
      "interface-nodeI ( nodeI )" : {
        "(clientPoolA, nodeI_c05, nodeI_c05)" : {
          "AppCoordinates {com.bbn, test-service3, 1}" : {
            "DATARATE_TX" : 7.714285714285711E-5,
            "DATARATE_RX" : 3.8571428571428556E-5
          }
        },
        "(clientPoolA, nodeI_c04, nodeI_c04)" : {
          "AppCoordinates {com.bbn, test-service3, 1}" : {
            "DATARATE_TX" : -7.623296525288703E-21,
            "DATARATE_RX" : -3.8116482626443515E-21
          },
          "AppCoordinates {com.bbn, test-service1, 1}" : {
            "DATARATE_TX" : -7.623296525288703E-21,
            "DATARATE_RX" : -3.8116482626443515E-21
          }
        },
        "(clientPoolA, nodeI_c03, nodeI_c03)" : {
          "AppCoordinates {com.bbn, test-service1, 1}" : {
            "DATARATE_TX" : 1.2999999999999983E-4,
            "DATARATE_RX" : 6.499999999999991E-5
          }
        },
        "(clientPoolA, nodeI_c02, nodeI_c02)" : {
          "AppCoordinates {com.bbn, test-service3, 1}" : {
            "DATARATE_TX" : -7.623296525288703E-21,
            "DATARATE_RX" : -3.8116482626443515E-21
          }
        },
        "(clientPoolA, nodeI_c01, nodeI_c01)" : {
          "AppCoordinates {com.bbn, test-service3, 1}" : {
            "DATARATE_TX" : 7.571428571428569E-5,
            "DATARATE_RX" : 3.785714285714284E-5
          },
          "AppCoordinates {com.bbn, test-service2, 1}" : {
            "DATARATE_TX" : -7.623296525288703E-21,
            "DATARATE_RX" : -3.8116482626443515E-21
          }
        },
        "(clientPoolA, nodeI_c00, nodeI_c00)" : {
          "AppCoordinates {com.bbn, test-service3, 1}" : {
            "DATARATE_TX" : 9.599999999999993E-5,
            "DATARATE_RX" : 4.799999999999997E-5
          },
          "AppCoordinates {com.bbn, test-service1, 1}" : {
            "DATARATE_TX" : -7.623296525288703E-21,
            "DATARATE_RX" : -3.8116482626443515E-21
          }
        },
        "(clientPoolA, nodeI_c07, nodeI_c07)" : {
          "AppCoordinates {com.bbn, test-service2, 1}" : {
            "DATARATE_TX" : -7.623296525288703E-21,
            "DATARATE_RX" : -3.8116482626443515E-21
          }
        },
        "(clientPoolA, nodeI_c06, nodeI_c06)" : {
          "AppCoordinates {com.bbn, test-service2, 1}" : {
            "DATARATE_TX" : 1.359999999999998E-4,
            "DATARATE_RX" : 6.79999999999999E-5
          },
          "AppCoordinates {com.bbn, test-service1, 1}" : {
            "DATARATE_TX" : -7.623296525288703E-21,
            "DATARATE_RX" : -3.8116482626443515E-21
          }
        }
      },
      "interface-nodeG ( nodeG )" : { },
      "interface-nodeF ( nodeF )" : { }
    },
    "containerReports" : {
      "nodeA_c01" : {
        "containerName" : {
          "name" : "nodeA_c01"
        },
        "timestamp" : 224999,
        "service" : {
          "group" : "com.bbn",
          "artifact" : "test-service3",
          "version" : "1"
        },
        "serviceStatus" : "RUNNING",
        "demandEstimationWindow" : "SHORT",
        "computeCapacity" : {
          "CPU" : 1.0,
          "TASK_CONTAINERS" : 100.0,
          "QueueLength" : 1000000.0
        },
        "computeLoad" : {
          "UNKNOWN" : {
            "QueueLength" : 36.0,
            "TASK_CONTAINERS" : 18.0
          }
        },
        "computeDemand" : {
          "UNKNOWN" : {
            "QueueLength" : 40.5,
            "TASK_CONTAINERS" : 20.25
          }
        },
        "averageProcessingTime" : 120000.0,
        "networkCapacity" : {
          "interface-nodeA ( nodeA )" : {
            "DATARATE_TX" : 100.0,
            "DATARATE_RX" : 100.0
          }
        },
        "networkLoad" : {
          "interface-nodeA ( nodeA )" : {
            "(clientPoolA, nodeA_c01, nodeA_c01)" : {
              "AppCoordinates {com.bbn, test-service3, 1}" : {
                "DATARATE_TX" : 4.0E-5,
                "DATARATE_RX" : 2.0E-5
              }
            },
            "(clientPoolB, nodeA_c01, nodeA_c01)" : {
              "AppCoordinates {com.bbn, test-service3, 1}" : {
                "DATARATE_TX" : 3.2E-5,
                "DATARATE_RX" : 1.6E-5
              }
            }
          }
        },
        "networkDemand" : {
          "interface-nodeA ( nodeA )" : {
            "(clientPoolA, nodeA_c01, nodeA_c01)" : {
              "AppCoordinates {com.bbn, test-service3, 1}" : {
                "DATARATE_TX" : 5.457142857142858E-5,
                "DATARATE_RX" : 2.728571428571429E-5
              }
            },
            "(clientPoolB, nodeA_c01, nodeA_c01)" : {
              "AppCoordinates {com.bbn, test-service3, 1}" : {
                "DATARATE_TX" : 3.8E-5,
                "DATARATE_RX" : 1.9E-5
              }
            }
          }
        }
      }
    },
    "maximumServiceContainers" : 20,
    "allocatedServiceContainers" : 1,
    "computeDemand" : {
      "AppCoordinates {com.bbn, test-service3, 1}" : {
        "UNKNOWN" : {
          "QueueLength" : 40.5,
          "TASK_CONTAINERS" : 20.25
        }
      }
    },
    "containerNetworkLoad" : {
      "interface-nodeA ( nodeA )" : {
        "(clientPoolA, nodeA_c01, nodeA_c01)" : {
          "AppCoordinates {com.bbn, test-service3, 1}" : {
            "DATARATE_TX" : 4.0E-5,
            "DATARATE_RX" : 2.0E-5
          }
        },
        "(clientPoolB, nodeA_c01, nodeA_c01)" : {
          "AppCoordinates {com.bbn, test-service3, 1}" : {
            "DATARATE_TX" : 3.2E-5,
            "DATARATE_RX" : 1.6E-5
          }
        }
      }
    },
    "containerNetworkDemand" : {
      "interface-nodeA ( nodeA )" : {
        "(clientPoolA, nodeA_c01, nodeA_c01)" : {
          "AppCoordinates {com.bbn, test-service3, 1}" : {
            "DATARATE_TX" : 5.457142857142858E-5,
            "DATARATE_RX" : 2.728571428571429E-5
          }
        },
        "(clientPoolB, nodeA_c01, nodeA_c01)" : {
          "AppCoordinates {com.bbn, test-service3, 1}" : {
            "DATARATE_TX" : 3.8E-5,
            "DATARATE_RX" : 1.9E-5
          }
        }
      }
    },
    "computeLoad" : {
      "AppCoordinates {com.bbn, test-service3, 1}" : {
        "UNKNOWN" : {
          "QueueLength" : 36.0,
          "TASK_CONTAINERS" : 18.0
        }
      }
    },
    "availableServiceContainers" : 19,
    "averageProcessingTime" : {
      "AppCoordinates {com.bbn, test-service3, 1}" : 120000.0
    },
    "allocatedComputeCapacity" : {
      "CPU" : 1.0,
      "QueueLength" : 1000000.0,
      "TASK_CONTAINERS" : 100.0
    }
  } ]
}