{
  "region" : {
    "name" : "N"
  },
  "timestamp" : 285823,
  "servicePlan" : {
    "nodeN" : [ {
      "id" : {
        "name" : "nodeN_c01"
      },
      "service" : {
        "group" : "com.bbn",
        "artifact" : "test-service3",
        "version" : "1"
      },
      "weight" : 1.0,
      "stopTrafficTo" : false,
      "stop" : false
    } ]
  },
  "overflowPlan" : {
    "AppCoordinates {com.bbn, test-service3, 1}" : {
      "F" : 0.8960203178909496,
      "H" : 0.0,
      "N" : 0.1039796821090504
    },
    "AppCoordinates {com.bbn, test-service2, 1}" : {
      "F" : 1.0,
      "H" : 0.0,
      "N" : 0.0
    },
    "AppCoordinates {com.bbn, test-service1, 1}" : {
      "F" : 1.0,
      "H" : 0.0,
      "N" : 0.0
    }
  }
}