625,1,DNS_UPDATE_SUCCEEDED
730,2,DCOP_PLAN_PLUBLIED
730,2,RLG_PLAN_PUBLISHED
165834,332,DCOP_PLAN_PLUBLIED
168645,337,RLG_PLAN_PUBLISHED
168700,338,DNS_UPDATE_SUCCEEDED
169199,339,DNS_UPDATE_SUCCEEDED
171645,343,RLG_PLAN_PUBLISHED
171699,344,DNS_UPDATE_SUCCEEDED
213648,427,RLG_PLAN_PUBLISHED
213716,428,DNS_UPDATE_SUCCEEDED
214216,429,DNS_UPDATE_SUCCEEDED
216648,433,RLG_PLAN_PUBLISHED
216716,434,DNS_UPDATE_SUCCEEDED
273655,547,RLG_PLAN_PUBLISHED
273750,548,DNS_UPDATE_SUCCEEDED
274250,549,DNS_UPDATE_SUCCEEDED
276654,553,RLG_PLAN_PUBLISHED
276751,554,DNS_UPDATE_SUCCEEDED
333658,667,RLG_PLAN_PUBLISHED
333773,668,DNS_UPDATE_SUCCEEDED
334273,669,DNS_UPDATE_SUCCEEDED
336659,673,RLG_PLAN_PUBLISHED
336774,674,DNS_UPDATE_SUCCEEDED
337274,675,DNS_UPDATE_SUCCEEDED
339659,679,RLG_PLAN_PUBLISHED
339774,680,DNS_UPDATE_SUCCEEDED
393668,787,RLG_PLAN_PUBLISHED
393802,788,DNS_UPDATE_SUCCEEDED
394302,789,DNS_UPDATE_SUCCEEDED
396667,793,RLG_PLAN_PUBLISHED
396803,794,DNS_UPDATE_SUCCEEDED
453672,907,RLG_PLAN_PUBLISHED
453834,908,DNS_UPDATE_SUCCEEDED
454333,909,DNS_UPDATE_SUCCEEDED
456673,913,RLG_PLAN_PUBLISHED
456833,914,DNS_UPDATE_SUCCEEDED
457334,915,DNS_UPDATE_SUCCEEDED
459674,919,RLG_PLAN_PUBLISHED
459835,920,DNS_UPDATE_SUCCEEDED
460334,921,DNS_UPDATE_SUCCEEDED
462674,925,RLG_PLAN_PUBLISHED
462835,926,DNS_UPDATE_SUCCEEDED
513679,1027,RLG_PLAN_PUBLISHED
513851,1028,DNS_UPDATE_SUCCEEDED
514359,1029,DNS_UPDATE_SUCCEEDED
516680,1033,RLG_PLAN_PUBLISHED
516849,1034,DNS_UPDATE_SUCCEEDED
517351,1035,DNS_UPDATE_SUCCEEDED
519679,1039,RLG_PLAN_PUBLISHED
519850,1040,DNS_UPDATE_SUCCEEDED
520352,1041,DNS_UPDATE_SUCCEEDED
522679,1045,RLG_PLAN_PUBLISHED
522850,1046,DNS_UPDATE_SUCCEEDED
523350,1047,DNS_UPDATE_SUCCEEDED
525679,1051,RLG_PLAN_PUBLISHED
525850,1052,DNS_UPDATE_SUCCEEDED
531682,1063,RLG_PLAN_PUBLISHED
531856,1064,DNS_UPDATE_SUCCEEDED
532358,1065,DNS_UPDATE_SUCCEEDED
534681,1069,RLG_PLAN_PUBLISHED
534855,1070,DNS_UPDATE_SUCCEEDED
535356,1071,DNS_UPDATE_SUCCEEDED
537680,1075,RLG_PLAN_PUBLISHED
537857,1076,DNS_UPDATE_SUCCEEDED
538356,1077,DNS_UPDATE_SUCCEEDED
540681,1081,RLG_PLAN_PUBLISHED
540857,1082,DNS_UPDATE_SUCCEEDED
541358,1083,DNS_UPDATE_SUCCEEDED
543681,1087,RLG_PLAN_PUBLISHED
543857,1088,DNS_UPDATE_SUCCEEDED
544358,1089,DNS_UPDATE_SUCCEEDED
546682,1093,RLG_PLAN_PUBLISHED
546859,1094,DNS_UPDATE_SUCCEEDED
547360,1095,DNS_UPDATE_SUCCEEDED
549682,1099,RLG_PLAN_PUBLISHED
549868,1100,DNS_UPDATE_SUCCEEDED
552683,1105,RLG_PLAN_PUBLISHED
552871,1106,DNS_UPDATE_SUCCEEDED
553371,1107,DNS_UPDATE_SUCCEEDED
555682,1111,RLG_PLAN_PUBLISHED
555872,1112,DNS_UPDATE_SUCCEEDED
556372,1113,DNS_UPDATE_SUCCEEDED
558683,1117,RLG_PLAN_PUBLISHED
558875,1118,DNS_UPDATE_SUCCEEDED
559373,1119,DNS_UPDATE_SUCCEEDED
561683,1123,RLG_PLAN_PUBLISHED
561874,1124,DNS_UPDATE_SUCCEEDED
562373,1125,DNS_UPDATE_SUCCEEDED
564683,1129,RLG_PLAN_PUBLISHED
564873,1130,DNS_UPDATE_SUCCEEDED
565374,1131,DNS_UPDATE_SUCCEEDED
567682,1135,RLG_PLAN_PUBLISHED
567880,1136,DNS_UPDATE_SUCCEEDED
568380,1137,DNS_UPDATE_SUCCEEDED
570683,1141,RLG_PLAN_PUBLISHED
570880,1142,DNS_UPDATE_SUCCEEDED
571386,1143,DNS_UPDATE_SUCCEEDED
573684,1147,RLG_PLAN_PUBLISHED
573883,1148,DNS_UPDATE_SUCCEEDED
574381,1149,DNS_UPDATE_SUCCEEDED
576684,1153,RLG_PLAN_PUBLISHED
576884,1154,DNS_UPDATE_SUCCEEDED
577382,1155,DNS_UPDATE_SUCCEEDED
579685,1159,RLG_PLAN_PUBLISHED
579886,1160,DNS_UPDATE_SUCCEEDED
580388,1161,DNS_UPDATE_SUCCEEDED
582683,1165,RLG_PLAN_PUBLISHED
582890,1166,DNS_UPDATE_SUCCEEDED
714710,1429,RLG_PLAN_PUBLISHED
714974,1430,DNS_UPDATE_SUCCEEDED
715473,1431,DNS_UPDATE_SUCCEEDED
717709,1435,RLG_PLAN_PUBLISHED
717975,1436,DNS_UPDATE_SUCCEEDED
718475,1437,DNS_UPDATE_SUCCEEDED
720709,1441,RLG_PLAN_PUBLISHED
720980,1442,DNS_UPDATE_SUCCEEDED
954734,1909,RLG_PLAN_PUBLISHED
955075,1910,DNS_UPDATE_SUCCEEDED
957733,1915,RLG_PLAN_PUBLISHED
958076,1916,DNS_UPDATE_SUCCEEDED
958576,1917,DNS_UPDATE_SUCCEEDED
960734,1921,RLG_PLAN_PUBLISHED
961075,1922,DNS_UPDATE_SUCCEEDED
963733,1927,RLG_PLAN_PUBLISHED
964078,1928,DNS_UPDATE_SUCCEEDED
966733,1933,RLG_PLAN_PUBLISHED
967077,1934,DNS_UPDATE_SUCCEEDED
967579,1935,DNS_UPDATE_SUCCEEDED
969733,1939,RLG_PLAN_PUBLISHED
970078,1940,DNS_UPDATE_SUCCEEDED
972734,1945,RLG_PLAN_PUBLISHED
973080,1946,DNS_UPDATE_SUCCEEDED
975734,1951,RLG_PLAN_PUBLISHED
975763,1951,DCOP_PLAN_PLUBLIED
976080,1952,DNS_UPDATE_SUCCEEDED
976581,1953,DNS_UPDATE_SUCCEEDED
978733,1957,RLG_PLAN_PUBLISHED
979081,1958,DNS_UPDATE_SUCCEEDED
979584,1959,DNS_UPDATE_SUCCEEDED
981733,1963,RLG_PLAN_PUBLISHED
982084,1964,DNS_UPDATE_SUCCEEDED
