{
  "clientName" : "clientPoolI",
  "clientRegion" : {
    "name" : "I"
  },
  "numRequestsAttempted" : 2400,
  "numRequestsSucceeded" : 1396,
  "numRequestsFailedForServerLoad" : 1004,
  "numRequestsFailedForNetworkLoad" : 0,
  "numRequestsSlowForServerLoad" : 363,
  "numRequestsSlowForNetworkLoad" : 0,
  "numRequestsSlowForNetworkAndServerLoad" : 0,
  "numRequestsServicedByRegion" : {
    "A" : 397,
    "B" : 149,
    "C" : 183,
    "G" : 97,
    "I" : 570
  },
  "numRequestsFailedForDownNode" : 0
}