390,1,DNS_UPDATE_SUCCEEDED
47854,95,DCOP_PLAN_PLUBLIED
47854,95,RLG_PLAN_PUBLISHED
48363,96,DNS_UPDATE_SUCCEEDED
347986,684,DCOP_PLAN_PLUBLIED
348758,686,RLG_PLAN_PUBLISHED
468036,920,DCOP_PLAN_PLUBLIED
469136,922,RLG_PLAN_PUBLISHED
469213,923,DNS_UPDATE_SUCCEEDED
588040,1156,DCOP_PLAN_PLUBLIED
589499,1159,RLG_PLAN_PUBLISHED
589844,1160,DNS_UPDATE_SUCCEEDED
708039,1392,DCOP_PLAN_PLUBLIED
709841,1395,RLG_PLAN_PUBLISHED
709971,1396,DNS_UPDATE_SUCCEEDED
828044,1627,DCOP_PLAN_PLUBLIED
830166,1632,RLG_PLAN_PUBLISHED
830627,1633,DNS_UPDATE_SUCCEEDED
948078,1863,DCOP_PLAN_PLUBLIED
950526,1868,RLG_PLAN_PUBLISHED
950831,1869,DNS_UPDATE_SUCCEEDED
1068069,2099,DCOP_PLAN_PLUBLIED
1070903,2104,RLG_PLAN_PUBLISHED
1071004,2105,DNS_UPDATE_SUCCEEDED
1188080,2334,DCOP_PLAN_PLUBLIED
1188203,2335,RLG_PLAN_PUBLISHED
1188684,2336,DNS_UPDATE_SUCCEEDED
1308121,2570,DCOP_PLAN_PLUBLIED
1308568,2571,RLG_PLAN_PUBLISHED
1308844,2572,DNS_UPDATE_SUCCEEDED
1428090,2806,DCOP_PLAN_PLUBLIED
1428939,2807,RLG_PLAN_PUBLISHED
1429015,2808,DNS_UPDATE_SUCCEEDED
1548058,3041,DCOP_PLAN_PLUBLIED
1549298,3044,RLG_PLAN_PUBLISHED
1549759,3045,DNS_UPDATE_SUCCEEDED
1668126,3277,DCOP_PLAN_PLUBLIED
1669645,3280,RLG_PLAN_PUBLISHED
1669940,3281,DNS_UPDATE_SUCCEEDED
1788095,3513,DCOP_PLAN_PLUBLIED
1790034,3516,RLG_PLAN_PUBLISHED
1790102,3517,DNS_UPDATE_SUCCEEDED
