466,1,DNS_UPDATE_SUCCEEDED
522,1,DCOP_PLAN_PLUBLIED
539,2,RLG_PLAN_PUBLISHED
105510,211,DCOP_PLAN_PLUBLIED
108499,217,RLG_PLAN_PUBLISHED
108582,218,DNS_UPDATE_SUCCEEDED
109084,219,DNS_UPDATE_SUCCEEDED
111499,223,RLG_PLAN_PUBLISHED
111591,224,DNS_UPDATE_SUCCEEDED
117499,235,RLG_PLAN_PUBLISHED
117587,236,DNS_UPDATE_SUCCEEDED
118087,237,DNS_UPDATE_SUCCEEDED
120499,241,RLG_PLAN_PUBLISHED
120588,242,DNS_UPDATE_SUCCEEDED
165947,332,DCOP_PLAN_PLUBLIED
168508,337,RLG_PLAN_PUBLISHED
168602,338,DNS_UPDATE_SUCCEEDED
169101,339,DNS_UPDATE_SUCCEEDED
171507,343,RLG_PLAN_PUBLISHED
171602,344,DNS_UPDATE_SUCCEEDED
177509,355,RLG_PLAN_PUBLISHED
177604,356,DNS_UPDATE_SUCCEEDED
180508,361,RLG_PLAN_PUBLISHED
180604,362,DNS_UPDATE_SUCCEEDED
181105,363,DNS_UPDATE_SUCCEEDED
183508,367,RLG_PLAN_PUBLISHED
183605,368,DNS_UPDATE_SUCCEEDED
222511,445,RLG_PLAN_PUBLISHED
222622,446,DNS_UPDATE_SUCCEEDED
225511,451,RLG_PLAN_PUBLISHED
225625,452,DNS_UPDATE_SUCCEEDED
225970,452,DCOP_PLAN_PLUBLIED
226124,453,DNS_UPDATE_SUCCEEDED
228511,457,RLG_PLAN_PUBLISHED
228623,458,DNS_UPDATE_SUCCEEDED
285896,572,DCOP_PLAN_PLUBLIED
288515,577,RLG_PLAN_PUBLISHED
288651,578,DNS_UPDATE_SUCCEEDED
345895,692,DCOP_PLAN_PLUBLIED
348517,697,RLG_PLAN_PUBLISHED
348675,698,DNS_UPDATE_SUCCEEDED
405887,812,DCOP_PLAN_PLUBLIED
408523,817,RLG_PLAN_PUBLISHED
408715,818,DNS_UPDATE_SUCCEEDED
465932,932,DCOP_PLAN_PLUBLIED
468528,937,RLG_PLAN_PUBLISHED
468760,938,DNS_UPDATE_SUCCEEDED
525895,1052,DCOP_PLAN_PLUBLIED
528529,1057,RLG_PLAN_PUBLISHED
528790,1058,DNS_UPDATE_SUCCEEDED
579535,1159,RLG_PLAN_PUBLISHED
579823,1160,DNS_UPDATE_SUCCEEDED
580324,1161,DNS_UPDATE_SUCCEEDED
582536,1165,RLG_PLAN_PUBLISHED
582826,1166,DNS_UPDATE_SUCCEEDED
585895,1172,DCOP_PLAN_PLUBLIED
588535,1177,RLG_PLAN_PUBLISHED
588824,1178,DNS_UPDATE_SUCCEEDED
630012,1261,DNS_UPDATE_SUCCEEDED
630012,1291,DCOP_PLAN_PLUBLIED
