{
  "region" : {
    "name" : "G"
  },
  "minTimestamp" : 183482,
  "maxTimestamp" : 183482,
  "demandEstimationWindow" : "SHORT",
  "serverCapacity" : {
    "DISK" : 10.0,
    "MEMORY" : 8.0E9,
    "CPU" : 4.0,
    "TASK_CONTAINERS" : 20.0
  },
  "serverLoad" : {
    "AppCoordinates {com.bbn, test-service3, 1}" : {
      "unknown" : {
        "QueueLength" : 162.0,
        "TASK_CONTAINERS" : 81.0
      }
    }
  },
  "serverDemand" : {
    "AppCoordinates {com.bbn, test-service3, 1}" : {
      "unknown" : {
        "QueueLength" : 166.25,
        "TASK_CONTAINERS" : 83.125
      }
    }
  },
  "serverAverageProcessingTimeCount" : {
    "AppCoordinates {com.bbn, test-service3, 1}" : 1
  },
  "serverAverageProcessingTimeSum" : {
    "AppCoordinates {com.bbn, test-service3, 1}" : 120000.0
  },
  "networkCapacity" : {
    "E" : {
      "DATARATE_RX" : 100.0,
      "DATARATE_TX" : 100.0
    },
    "H" : {
      "DATARATE_RX" : 100.0,
      "DATARATE_TX" : 100.0
    },
    "M" : {
      "DATARATE_RX" : 100.0,
      "DATARATE_TX" : 100.0
    }
  },
  "networkLoad" : {
    "E" : {
      "(M, E, E)" : {
        "AppCoordinates {com.bbn, test-service3, 1}" : {
          "DATARATE_TX" : 1.6199999999999974E-4,
          "DATARATE_RX" : 8.099999999999987E-5
        },
        "AppCoordinates {com.bbn, test-service2, 1}" : {
          "DATARATE_TX" : 2.2999999999999974E-4,
          "DATARATE_RX" : 1.1499999999999987E-4
        },
        "AppCoordinates {com.bbn, test-service1, 1}" : {
          "DATARATE_TX" : 1.4599999999999975E-4,
          "DATARATE_RX" : 7.299999999999988E-5
        }
      },
      "(G, E, E)" : {
        "AppCoordinates {com.bbn, test-service3, 1}" : {
          "DATARATE_TX" : 2.2399999999999956E-4,
          "DATARATE_RX" : 1.1199999999999978E-4
        },
        "AppCoordinates {com.bbn, test-service2, 1}" : {
          "DATARATE_TX" : 2.779999999999996E-4,
          "DATARATE_RX" : 1.389999999999998E-4
        },
        "AppCoordinates {com.bbn, test-service1, 1}" : {
          "DATARATE_TX" : 1.4599999999999975E-4,
          "DATARATE_RX" : 7.299999999999988E-5
        }
      }
    },
    "H" : { },
    "M" : {
      "(G, M, G)" : {
        "AppCoordinates {com.bbn, test-service3, 1}" : {
          "DATARATE_TX" : 2.0000000000000005E-5,
          "DATARATE_RX" : 4.000000000000001E-5
        },
        "AppCoordinates {com.bbn, test-service2, 1}" : {
          "DATARATE_TX" : 7.999999999999997E-5,
          "DATARATE_RX" : 1.5999999999999993E-4
        }
      },
      "(G, M, M)" : {
        "AppCoordinates {com.bbn, test-service3, 1}" : {
          "DATARATE_TX" : 9.400000000000001E-5,
          "DATARATE_RX" : 4.7000000000000004E-5
        }
      },
      "(E, M, E)" : {
        "AppCoordinates {com.bbn, test-service3, 1}" : {
          "DATARATE_TX" : 8.099999999999987E-5,
          "DATARATE_RX" : 1.6199999999999974E-4
        },
        "AppCoordinates {com.bbn, test-service2, 1}" : {
          "DATARATE_TX" : 1.1499999999999987E-4,
          "DATARATE_RX" : 2.2999999999999974E-4
        },
        "AppCoordinates {com.bbn, test-service1, 1}" : {
          "DATARATE_TX" : 7.299999999999988E-5,
          "DATARATE_RX" : 1.4599999999999975E-4
        }
      }
    }
  },
  "networkDemand" : {
    "E" : {
      "(M, E, E)" : {
        "AppCoordinates {com.bbn, test-service3, 1}" : {
          "DATARATE_TX" : 1.6199999999999974E-4,
          "DATARATE_RX" : 8.099999999999987E-5
        },
        "AppCoordinates {com.bbn, test-service2, 1}" : {
          "DATARATE_TX" : 2.299999999999997E-4,
          "DATARATE_RX" : 1.1499999999999985E-4
        },
        "AppCoordinates {com.bbn, test-service1, 1}" : {
          "DATARATE_TX" : 1.451428571428569E-4,
          "DATARATE_RX" : 7.257142857142845E-5
        }
      },
      "(G, E, E)" : {
        "AppCoordinates {com.bbn, test-service3, 1}" : {
          "DATARATE_TX" : 2.2399999999999956E-4,
          "DATARATE_RX" : 1.1199999999999978E-4
        },
        "AppCoordinates {com.bbn, test-service2, 1}" : {
          "DATARATE_TX" : 2.779999999999996E-4,
          "DATARATE_RX" : 1.389999999999998E-4
        },
        "AppCoordinates {com.bbn, test-service1, 1}" : {
          "DATARATE_TX" : 1.4685714285714259E-4,
          "DATARATE_RX" : 7.342857142857129E-5
        }
      }
    },
    "H" : { },
    "M" : {
      "(G, M, G)" : {
        "AppCoordinates {com.bbn, test-service3, 1}" : {
          "DATARATE_TX" : 2.028571428571429E-5,
          "DATARATE_RX" : 4.057142857142858E-5
        },
        "AppCoordinates {com.bbn, test-service2, 1}" : {
          "DATARATE_TX" : 7.999999999999995E-5,
          "DATARATE_RX" : 1.599999999999999E-4
        }
      },
      "(G, M, M)" : {
        "AppCoordinates {com.bbn, test-service3, 1}" : {
          "DATARATE_TX" : 1.0314285714285712E-4,
          "DATARATE_RX" : 5.157142857142856E-5
        }
      },
      "(E, M, E)" : {
        "AppCoordinates {com.bbn, test-service3, 1}" : {
          "DATARATE_TX" : 8.099999999999987E-5,
          "DATARATE_RX" : 1.6199999999999974E-4
        },
        "AppCoordinates {com.bbn, test-service2, 1}" : {
          "DATARATE_TX" : 1.1499999999999987E-4,
          "DATARATE_RX" : 2.2999999999999974E-4
        },
        "AppCoordinates {com.bbn, test-service1, 1}" : {
          "DATARATE_TX" : 7.257142857142845E-5,
          "DATARATE_RX" : 1.451428571428569E-4
        }
      }
    }
  },
  "maximumServiceContainers" : 20,
  "allocatedServiceContainers" : 3,
  "serverAverageProcessingTime" : {
    "AppCoordinates {com.bbn, test-service3, 1}" : 120000.0
  },
  "availableServiceContainers" : 17,
  "nullSummary" : false
}