{
  "AppCoordinates {com.bbn, test-service3, 1}" : {
    "serverDemand" : {
      "A" : {
        "QueueLength" : 157.070317709545,
        "TASK_CONTAINERS" : 109.78833497404949
      },
      "B" : {
        "QueueLength" : 209.27045979322304,
        "TASK_CONTAINERS" : 132.0510220606111
      },
      "E" : {
        "QueueLength" : 189.89425548844238,
        "TASK_CONTAINERS" : 116.40519006251787
      }
    }
  },
  "AppCoordinates {com.bbn, test-service2, 1}" : {
    "serverDemand" : {
      "A" : {
        "QueueLength" : 43.00701950116651,
        "TASK_CONTAINERS" : 23.80510865355088
      },
      "B" : {
        "QueueLength" : 45.54490604043123,
        "TASK_CONTAINERS" : 25.20987153919894
      },
      "E" : {
        "QueueLength" : 44.02818495563984,
        "TASK_CONTAINERS" : 24.370340908167616
      }
    }
  },
  "AppCoordinates {com.bbn, test-service1, 1}" : {
    "serverDemand" : {
      "A" : {
        "QueueLength" : 86.65095485412722,
        "TASK_CONTAINERS" : 62.95222643957096
      },
      "B" : {
        "QueueLength" : 88.5496493136052,
        "TASK_CONTAINERS" : 64.33163470753331
      },
      "E" : {
        "QueueLength" : 87.00566920160702,
        "TASK_CONTAINERS" : 63.20992767277149
      }
    }
  }
}