710,1,DNS_UPDATE_SUCCEEDED
844,1,DCOP_PLAN_PLUBLIED
859,1,RLG_PLAN_PUBLISHED
1045,2,DNS_UPDATE_SUCCEEDED
33749,68,RLG_PLAN_PUBLISHED
34228,69,DNS_UPDATE_SUCCEEDED
34728,70,DNS_UPDATE_SUCCEEDED
36734,73,RLG_PLAN_PUBLISHED
36758,74,DNS_UPDATE_SUCCEEDED
39734,80,RLG_PLAN_PUBLISHED
40229,81,DNS_UPDATE_SUCCEEDED
40727,82,DNS_UPDATE_SUCCEEDED
42732,85,RLG_PLAN_PUBLISHED
42742,86,DNS_UPDATE_SUCCEEDED
43227,87,DNS_UPDATE_SUCCEEDED
45734,92,RLG_PLAN_PUBLISHED
46235,93,DNS_UPDATE_SUCCEEDED
48732,98,RLG_PLAN_PUBLISHED
49234,99,DNS_UPDATE_SUCCEEDED
49738,100,DNS_UPDATE_SUCCEEDED
51733,103,RLG_PLAN_PUBLISHED
51747,104,DNS_UPDATE_SUCCEEDED
54737,110,RLG_PLAN_PUBLISHED
55236,111,DNS_UPDATE_SUCCEEDED
55739,112,DNS_UPDATE_SUCCEEDED
57741,115,RLG_PLAN_PUBLISHED
60743,122,DNS_UPDATE_SUCCEEDED
61268,123,DNS_UPDATE_SUCCEEDED
63739,127,RLG_PLAN_PUBLISHED
63782,128,DNS_UPDATE_SUCCEEDED
64244,129,DNS_UPDATE_SUCCEEDED
66734,133,RLG_PLAN_PUBLISHED
66753,134,DNS_UPDATE_SUCCEEDED
69739,139,RLG_PLAN_PUBLISHED
69747,140,DNS_UPDATE_SUCCEEDED
70246,141,DNS_UPDATE_SUCCEEDED
72734,145,RLG_PLAN_PUBLISHED
72789,146,DNS_UPDATE_SUCCEEDED
73246,147,DNS_UPDATE_SUCCEEDED
75740,151,RLG_PLAN_PUBLISHED
78749,158,DNS_UPDATE_SUCCEEDED
79246,159,DNS_UPDATE_SUCCEEDED
81734,163,RLG_PLAN_PUBLISHED
81742,164,DNS_UPDATE_SUCCEEDED
82246,165,DNS_UPDATE_SUCCEEDED
84732,169,RLG_PLAN_PUBLISHED
84747,170,DNS_UPDATE_SUCCEEDED
105827,212,DCOP_PLAN_PLUBLIED
108735,217,RLG_PLAN_PUBLISHED
108765,218,DNS_UPDATE_SUCCEEDED
159742,319,RLG_PLAN_PUBLISHED
159805,320,DNS_UPDATE_SUCCEEDED
162738,325,RLG_PLAN_PUBLISHED
162812,326,DNS_UPDATE_SUCCEEDED
163308,327,DNS_UPDATE_SUCCEEDED
165740,331,RLG_PLAN_PUBLISHED
165806,332,DNS_UPDATE_SUCCEEDED
166304,333,DNS_UPDATE_SUCCEEDED
168735,337,RLG_PLAN_PUBLISHED
168806,338,DNS_UPDATE_SUCCEEDED
174741,349,RLG_PLAN_PUBLISHED
174813,350,DNS_UPDATE_SUCCEEDED
175307,351,DNS_UPDATE_SUCCEEDED
177739,355,RLG_PLAN_PUBLISHED
177816,356,DNS_UPDATE_SUCCEEDED
178318,357,DNS_UPDATE_SUCCEEDED
180737,361,RLG_PLAN_PUBLISHED
180807,362,DNS_UPDATE_SUCCEEDED
181309,363,DNS_UPDATE_SUCCEEDED
183739,367,RLG_PLAN_PUBLISHED
183834,368,DNS_UPDATE_SUCCEEDED
184341,369,DNS_UPDATE_SUCCEEDED
186739,373,RLG_PLAN_PUBLISHED
186816,374,DNS_UPDATE_SUCCEEDED
231758,463,RLG_PLAN_PUBLISHED
231851,464,DNS_UPDATE_SUCCEEDED
234741,469,RLG_PLAN_PUBLISHED
234829,470,DNS_UPDATE_SUCCEEDED
235323,471,DNS_UPDATE_SUCCEEDED
237746,475,RLG_PLAN_PUBLISHED
237824,476,DNS_UPDATE_SUCCEEDED
238321,477,DNS_UPDATE_SUCCEEDED
240742,481,RLG_PLAN_PUBLISHED
240834,482,DNS_UPDATE_SUCCEEDED
243746,487,RLG_PLAN_PUBLISHED
243818,488,DNS_UPDATE_SUCCEEDED
244341,489,DNS_UPDATE_SUCCEEDED
246742,493,RLG_PLAN_PUBLISHED
246829,494,DNS_UPDATE_SUCCEEDED
247324,495,DNS_UPDATE_SUCCEEDED
249744,499,RLG_PLAN_PUBLISHED
249827,500,DNS_UPDATE_SUCCEEDED
252741,505,RLG_PLAN_PUBLISHED
252835,506,DNS_UPDATE_SUCCEEDED
253327,507,DNS_UPDATE_SUCCEEDED
255744,511,RLG_PLAN_PUBLISHED
255823,512,DNS_UPDATE_SUCCEEDED
256323,513,DNS_UPDATE_SUCCEEDED
258742,517,RLG_PLAN_PUBLISHED
258823,518,DNS_UPDATE_SUCCEEDED
259324,519,DNS_UPDATE_SUCCEEDED
261743,523,RLG_PLAN_PUBLISHED
261825,524,DNS_UPDATE_SUCCEEDED
432755,865,RLG_PLAN_PUBLISHED
432880,866,DNS_UPDATE_SUCCEEDED
435758,871,RLG_PLAN_PUBLISHED
435887,872,DNS_UPDATE_SUCCEEDED
436384,873,DNS_UPDATE_SUCCEEDED
438758,877,RLG_PLAN_PUBLISHED
438882,878,DNS_UPDATE_SUCCEEDED
439383,879,DNS_UPDATE_SUCCEEDED
441761,883,RLG_PLAN_PUBLISHED
441885,884,DNS_UPDATE_SUCCEEDED
444758,889,RLG_PLAN_PUBLISHED
444888,890,DNS_UPDATE_SUCCEEDED
445390,891,DNS_UPDATE_SUCCEEDED
447760,895,RLG_PLAN_PUBLISHED
447889,896,DNS_UPDATE_SUCCEEDED
450758,901,RLG_PLAN_PUBLISHED
450905,902,DNS_UPDATE_SUCCEEDED
453762,907,RLG_PLAN_PUBLISHED
453926,908,DNS_UPDATE_SUCCEEDED
454393,909,DNS_UPDATE_SUCCEEDED
456759,913,RLG_PLAN_PUBLISHED
456910,914,DNS_UPDATE_SUCCEEDED
457393,915,DNS_UPDATE_SUCCEEDED
459757,919,RLG_PLAN_PUBLISHED
459896,920,DNS_UPDATE_SUCCEEDED
462762,925,RLG_PLAN_PUBLISHED
462897,926,DNS_UPDATE_SUCCEEDED
463398,927,DNS_UPDATE_SUCCEEDED
465759,931,RLG_PLAN_PUBLISHED
465909,932,DNS_UPDATE_SUCCEEDED
466421,933,DNS_UPDATE_SUCCEEDED
468761,937,RLG_PLAN_PUBLISHED
468898,938,DNS_UPDATE_SUCCEEDED
471763,943,RLG_PLAN_PUBLISHED
471901,944,DNS_UPDATE_SUCCEEDED
472436,945,DNS_UPDATE_SUCCEEDED
474765,949,RLG_PLAN_PUBLISHED
474937,950,DNS_UPDATE_SUCCEEDED
475405,951,DNS_UPDATE_SUCCEEDED
477758,955,RLG_PLAN_PUBLISHED
477920,956,DNS_UPDATE_SUCCEEDED
486761,973,RLG_PLAN_PUBLISHED
486911,974,DNS_UPDATE_SUCCEEDED
487411,975,DNS_UPDATE_SUCCEEDED
489759,979,RLG_PLAN_PUBLISHED
489902,980,DNS_UPDATE_SUCCEEDED
490415,981,DNS_UPDATE_SUCCEEDED
492761,985,RLG_PLAN_PUBLISHED
492923,986,DNS_UPDATE_SUCCEEDED
495760,991,RLG_PLAN_PUBLISHED
495915,992,DNS_UPDATE_SUCCEEDED
496411,993,DNS_UPDATE_SUCCEEDED
498765,997,RLG_PLAN_PUBLISHED
498906,998,DNS_UPDATE_SUCCEEDED
499407,999,DNS_UPDATE_SUCCEEDED
501760,1003,RLG_PLAN_PUBLISHED
501906,1004,DNS_UPDATE_SUCCEEDED
513763,1027,RLG_PLAN_PUBLISHED
513915,1028,DNS_UPDATE_SUCCEEDED
514414,1029,DNS_UPDATE_SUCCEEDED
516760,1033,RLG_PLAN_PUBLISHED
516912,1034,DNS_UPDATE_SUCCEEDED
517419,1035,DNS_UPDATE_SUCCEEDED
519761,1039,RLG_PLAN_PUBLISHED
519919,1040,DNS_UPDATE_SUCCEEDED
520430,1041,DNS_UPDATE_SUCCEEDED
522759,1045,RLG_PLAN_PUBLISHED
522926,1046,DNS_UPDATE_SUCCEEDED
523417,1047,DNS_UPDATE_SUCCEEDED
525766,1051,RLG_PLAN_PUBLISHED
525920,1052,DNS_UPDATE_SUCCEEDED
526435,1053,DNS_UPDATE_SUCCEEDED
528761,1057,RLG_PLAN_PUBLISHED
528934,1058,DNS_UPDATE_SUCCEEDED
529437,1059,DNS_UPDATE_SUCCEEDED
531762,1063,RLG_PLAN_PUBLISHED
531930,1064,DNS_UPDATE_SUCCEEDED
