{
  "region" : {
    "name" : "K"
  },
  "nodeResourceReports" : [ {
    "nodeName" : {
      "name" : "nodeK"
    },
    "timestamp" : 204489,
    "demandEstimationWindow" : "SHORT",
    "nodeComputeCapacity" : {
      "CPU" : 4.0,
      "MEMORY" : 8.0E9,
      "DISK" : 10.0,
      "TASK_CONTAINERS" : 20.0
    },
    "networkCapacity" : {
      "interface-nodeL ( nodeL )" : {
        "DATARATE_RX" : 100.0,
        "DATARATE_TX" : 100.0
      },
      "interface-nodeN ( nodeN )" : {
        "DATARATE_RX" : 100.0,
        "DATARATE_TX" : 100.0
      }
    },
    "networkLoad" : {
      "interface-nodeL ( nodeL )" : {
        "(nodeN_c00, clientPoolL, nodeN_c00)" : {
          "AppCoordinates {com.bbn, test-service3, 1}" : {
            "DATARATE_TX" : 2.8000000000000006E-5,
            "DATARATE_RX" : 5.600000000000001E-5
          }
        },
        "(nodeC_c00, clientPoolL, nodeC_c00)" : {
          "AppCoordinates {com.bbn, test-service3, 1}" : {
            "DATARATE_TX" : 1.2000000000000002E-5,
            "DATARATE_RX" : 2.4000000000000004E-5
          },
          "AppCoordinates {com.bbn, test-service1, 1}" : {
            "DATARATE_TX" : -3.8116482626443515E-21,
            "DATARATE_RX" : -7.623296525288703E-21
          }
        },
        "(nodeC_c01, clientPoolL, nodeC_c01)" : {
          "AppCoordinates {com.bbn, test-service3, 1}" : {
            "DATARATE_TX" : 1.7E-5,
            "DATARATE_RX" : 3.4E-5
          },
          "AppCoordinates {com.bbn, test-service2, 1}" : {
            "DATARATE_TX" : -3.8116482626443515E-21,
            "DATARATE_RX" : -7.623296525288703E-21
          }
        },
        "(nodeN_c01, clientPoolL, nodeN_c01)" : {
          "AppCoordinates {com.bbn, test-service3, 1}" : {
            "DATARATE_TX" : 3.5999999999999994E-5,
            "DATARATE_RX" : 7.199999999999999E-5
          }
        },
        "(nodeC_c06, clientPoolL, nodeC_c06)" : {
          "AppCoordinates {com.bbn, test-service2, 1}" : {
            "DATARATE_TX" : -3.8116482626443515E-21,
            "DATARATE_RX" : -7.623296525288703E-21
          }
        },
        "(nodeC_c07, clientPoolL, nodeC_c07)" : {
          "AppCoordinates {com.bbn, test-service2, 1}" : {
            "DATARATE_TX" : 2.8000000000000006E-5,
            "DATARATE_RX" : 5.600000000000001E-5
          }
        },
        "(nodeC_c04, clientPoolL, nodeC_c04)" : {
          "AppCoordinates {com.bbn, test-service3, 1}" : {
            "DATARATE_TX" : 2.0E-5,
            "DATARATE_RX" : 4.0E-5
          },
          "AppCoordinates {com.bbn, test-service1, 1}" : {
            "DATARATE_TX" : -3.8116482626443515E-21,
            "DATARATE_RX" : -7.623296525288703E-21
          }
        },
        "(nodeC_c05, clientPoolL, nodeC_c05)" : {
          "AppCoordinates {com.bbn, test-service1, 1}" : {
            "DATARATE_TX" : 8.199999999999987E-5,
            "DATARATE_RX" : 1.6399999999999973E-4
          }
        },
        "(nodeK_c00, clientPoolL, nodeK_c00)" : {
          "AppCoordinates {com.bbn, test-service3, 1}" : {
            "DATARATE_TX" : 6.999999999999995E-6,
            "DATARATE_RX" : 1.399999999999999E-5
          }
        },
        "(nodeC_c02, clientPoolL, nodeC_c02)" : {
          "AppCoordinates {com.bbn, test-service3, 1}" : {
            "DATARATE_TX" : 2.8000000000000006E-5,
            "DATARATE_RX" : 5.600000000000001E-5
          }
        },
        "(nodeK_c01, clientPoolL, nodeK_c01)" : {
          "AppCoordinates {com.bbn, test-service3, 1}" : {
            "DATARATE_TX" : 3.100000000000001E-5,
            "DATARATE_RX" : 6.200000000000002E-5
          }
        },
        "(nodeC_c03, clientPoolL, nodeC_c03)" : {
          "AppCoordinates {com.bbn, test-service1, 1}" : {
            "DATARATE_TX" : 6.499999999999991E-5,
            "DATARATE_RX" : 1.2999999999999983E-4
          }
        }
      },
      "interface-nodeN ( nodeN )" : {
        "(clientPoolL, nodeC_c02, nodeC_c02)" : {
          "AppCoordinates {com.bbn, test-service3, 1}" : {
            "DATARATE_TX" : 5.600000000000001E-5,
            "DATARATE_RX" : 2.8000000000000006E-5
          }
        },
        "(clientPoolK, nodeC_c01, nodeC_c01)" : {
          "AppCoordinates {com.bbn, test-service3, 1}" : {
            "DATARATE_TX" : 9.599999999999992E-5,
            "DATARATE_RX" : 4.799999999999996E-5
          },
          "AppCoordinates {com.bbn, test-service2, 1}" : {
            "DATARATE_TX" : -7.623296525288703E-21,
            "DATARATE_RX" : -3.8116482626443515E-21
          }
        },
        "(clientPoolL, nodeC_c01, nodeC_c01)" : {
          "AppCoordinates {com.bbn, test-service3, 1}" : {
            "DATARATE_TX" : 3.4E-5,
            "DATARATE_RX" : 1.7E-5
          },
          "AppCoordinates {com.bbn, test-service2, 1}" : {
            "DATARATE_TX" : -7.623296525288703E-21,
            "DATARATE_RX" : -3.8116482626443515E-21
          }
        },
        "(clientPoolK, nodeC_c00, nodeC_c00)" : {
          "AppCoordinates {com.bbn, test-service3, 1}" : {
            "DATARATE_TX" : 5.800000000000002E-5,
            "DATARATE_RX" : 2.900000000000001E-5
          },
          "AppCoordinates {com.bbn, test-service1, 1}" : {
            "DATARATE_TX" : -7.623296525288703E-21,
            "DATARATE_RX" : -3.8116482626443515E-21
          }
        },
        "(clientPoolL, nodeC_c00, nodeC_c00)" : {
          "AppCoordinates {com.bbn, test-service3, 1}" : {
            "DATARATE_TX" : 2.4000000000000004E-5,
            "DATARATE_RX" : 1.2000000000000002E-5
          },
          "AppCoordinates {com.bbn, test-service1, 1}" : {
            "DATARATE_TX" : -7.623296525288703E-21,
            "DATARATE_RX" : -3.8116482626443515E-21
          }
        },
        "(clientPoolK, nodeC_c05, nodeC_c05)" : {
          "AppCoordinates {com.bbn, test-service1, 1}" : {
            "DATARATE_TX" : 1.2799999999999983E-4,
            "DATARATE_RX" : 6.399999999999992E-5
          }
        },
        "(clientPoolL, nodeC_c06, nodeC_c06)" : {
          "AppCoordinates {com.bbn, test-service2, 1}" : {
            "DATARATE_TX" : -7.623296525288703E-21,
            "DATARATE_RX" : -3.8116482626443515E-21
          }
        },
        "(clientPoolL, nodeC_c05, nodeC_c05)" : {
          "AppCoordinates {com.bbn, test-service1, 1}" : {
            "DATARATE_TX" : 1.6399999999999973E-4,
            "DATARATE_RX" : 8.199999999999987E-5
          }
        },
        "(clientPoolK, nodeC_c04, nodeC_c04)" : {
          "AppCoordinates {com.bbn, test-service3, 1}" : {
            "DATARATE_TX" : 7.999999999999997E-5,
            "DATARATE_RX" : 3.999999999999998E-5
          },
          "AppCoordinates {com.bbn, test-service1, 1}" : {
            "DATARATE_TX" : -7.623296525288703E-21,
            "DATARATE_RX" : -3.8116482626443515E-21
          }
        },
        "(clientPoolL, nodeC_c04, nodeC_c04)" : {
          "AppCoordinates {com.bbn, test-service3, 1}" : {
            "DATARATE_TX" : 4.0E-5,
            "DATARATE_RX" : 2.0E-5
          },
          "AppCoordinates {com.bbn, test-service1, 1}" : {
            "DATARATE_TX" : -7.623296525288703E-21,
            "DATARATE_RX" : -3.8116482626443515E-21
          }
        },
        "(clientPoolK, nodeC_c03, nodeC_c03)" : {
          "AppCoordinates {com.bbn, test-service1, 1}" : {
            "DATARATE_TX" : 1.3399999999999981E-4,
            "DATARATE_RX" : 6.699999999999991E-5
          }
        },
        "(clientPoolK, nodeC_c02, nodeC_c02)" : {
          "AppCoordinates {com.bbn, test-service3, 1}" : {
            "DATARATE_TX" : 1.0599999999999989E-4,
            "DATARATE_RX" : 5.2999999999999947E-5
          }
        },
        "(clientPoolL, nodeC_c03, nodeC_c03)" : {
          "AppCoordinates {com.bbn, test-service1, 1}" : {
            "DATARATE_TX" : 1.2999999999999983E-4,
            "DATARATE_RX" : 6.499999999999991E-5
          }
        },
        "(clientPoolK, nodeC_c07, nodeC_c07)" : {
          "AppCoordinates {com.bbn, test-service2, 1}" : {
            "DATARATE_TX" : 5.8000000000000014E-5,
            "DATARATE_RX" : 2.9000000000000007E-5
          }
        },
        "(clientPoolL, nodeC_c07, nodeC_c07)" : {
          "AppCoordinates {com.bbn, test-service2, 1}" : {
            "DATARATE_TX" : 5.600000000000001E-5,
            "DATARATE_RX" : 2.8000000000000006E-5
          }
        },
        "(clientPoolK, nodeC_c06, nodeC_c06)" : {
          "AppCoordinates {com.bbn, test-service2, 1}" : {
            "DATARATE_TX" : -7.623296525288703E-21,
            "DATARATE_RX" : -3.8116482626443515E-21
          }
        },
        "(clientPoolK, nodeN_c01, nodeN_c01)" : {
          "AppCoordinates {com.bbn, test-service3, 1}" : {
            "DATARATE_TX" : 1.039999999999999E-4,
            "DATARATE_RX" : 5.199999999999995E-5
          }
        },
        "(clientPoolL, nodeN_c00, nodeN_c00)" : {
          "AppCoordinates {com.bbn, test-service3, 1}" : {
            "DATARATE_TX" : 5.600000000000001E-5,
            "DATARATE_RX" : 2.8000000000000006E-5
          }
        },
        "(clientPoolL, nodeN_c01, nodeN_c01)" : {
          "AppCoordinates {com.bbn, test-service3, 1}" : {
            "DATARATE_TX" : 7.199999999999999E-5,
            "DATARATE_RX" : 3.5999999999999994E-5
          }
        },
        "(clientPoolK, nodeN_c00, nodeN_c00)" : {
          "AppCoordinates {com.bbn, test-service3, 1}" : {
            "DATARATE_TX" : 7.200000000000002E-5,
            "DATARATE_RX" : 3.600000000000001E-5
          }
        }
      }
    },
    "networkDemand" : {
      "interface-nodeN ( nodeN )" : {
        "(clientPoolK, nodeC_c01, nodeC_c01)" : {
          "AppCoordinates {com.bbn, test-service3, 1}" : {
            "DATARATE_TX" : 9.599999999999993E-5,
            "DATARATE_RX" : 4.799999999999997E-5
          },
          "AppCoordinates {com.bbn, test-service2, 1}" : {
            "DATARATE_TX" : -7.623296525288703E-21,
            "DATARATE_RX" : -3.8116482626443515E-21
          }
        },
        "(clientPoolL, nodeC_c02, nodeC_c02)" : {
          "AppCoordinates {com.bbn, test-service3, 1}" : {
            "DATARATE_TX" : 5.600000000000001E-5,
            "DATARATE_RX" : 2.8000000000000006E-5
          }
        },
        "(clientPoolK, nodeC_c00, nodeC_c00)" : {
          "AppCoordinates {com.bbn, test-service3, 1}" : {
            "DATARATE_TX" : 5.8000000000000014E-5,
            "DATARATE_RX" : 2.9000000000000007E-5
          },
          "AppCoordinates {com.bbn, test-service1, 1}" : {
            "DATARATE_TX" : -7.623296525288703E-21,
            "DATARATE_RX" : -3.8116482626443515E-21
          }
        },
        "(clientPoolL, nodeC_c01, nodeC_c01)" : {
          "AppCoordinates {com.bbn, test-service3, 1}" : {
            "DATARATE_TX" : 3.4000000000000007E-5,
            "DATARATE_RX" : 1.7000000000000003E-5
          },
          "AppCoordinates {com.bbn, test-service2, 1}" : {
            "DATARATE_TX" : -7.623296525288703E-21,
            "DATARATE_RX" : -3.8116482626443515E-21
          }
        },
        "(clientPoolL, nodeC_c00, nodeC_c00)" : {
          "AppCoordinates {com.bbn, test-service3, 1}" : {
            "DATARATE_TX" : 2.4000000000000007E-5,
            "DATARATE_RX" : 1.2000000000000004E-5
          },
          "AppCoordinates {com.bbn, test-service1, 1}" : {
            "DATARATE_TX" : -7.623296525288703E-21,
            "DATARATE_RX" : -3.8116482626443515E-21
          }
        },
        "(clientPoolL, nodeC_c06, nodeC_c06)" : {
          "AppCoordinates {com.bbn, test-service2, 1}" : {
            "DATARATE_TX" : -7.623296525288703E-21,
            "DATARATE_RX" : -3.8116482626443515E-21
          }
        },
        "(clientPoolK, nodeC_c05, nodeC_c05)" : {
          "AppCoordinates {com.bbn, test-service1, 1}" : {
            "DATARATE_TX" : 1.2799999999999983E-4,
            "DATARATE_RX" : 6.399999999999992E-5
          }
        },
        "(clientPoolK, nodeC_c04, nodeC_c04)" : {
          "AppCoordinates {com.bbn, test-service3, 1}" : {
            "DATARATE_TX" : 7.999999999999998E-5,
            "DATARATE_RX" : 3.999999999999999E-5
          },
          "AppCoordinates {com.bbn, test-service1, 1}" : {
            "DATARATE_TX" : -7.623296525288703E-21,
            "DATARATE_RX" : -3.8116482626443515E-21
          }
        },
        "(clientPoolL, nodeC_c05, nodeC_c05)" : {
          "AppCoordinates {com.bbn, test-service1, 1}" : {
            "DATARATE_TX" : 1.639999999999997E-4,
            "DATARATE_RX" : 8.199999999999985E-5
          }
        },
        "(clientPoolK, nodeC_c03, nodeC_c03)" : {
          "AppCoordinates {com.bbn, test-service1, 1}" : {
            "DATARATE_TX" : 1.3399999999999981E-4,
            "DATARATE_RX" : 6.699999999999991E-5
          }
        },
        "(clientPoolL, nodeC_c04, nodeC_c04)" : {
          "AppCoordinates {com.bbn, test-service3, 1}" : {
            "DATARATE_TX" : 4.0E-5,
            "DATARATE_RX" : 2.0E-5
          },
          "AppCoordinates {com.bbn, test-service1, 1}" : {
            "DATARATE_TX" : -7.623296525288703E-21,
            "DATARATE_RX" : -3.8116482626443515E-21
          }
        },
        "(clientPoolL, nodeC_c03, nodeC_c03)" : {
          "AppCoordinates {com.bbn, test-service1, 1}" : {
            "DATARATE_TX" : 1.2999999999999983E-4,
            "DATARATE_RX" : 6.499999999999991E-5
          }
        },
        "(clientPoolK, nodeC_c02, nodeC_c02)" : {
          "AppCoordinates {com.bbn, test-service3, 1}" : {
            "DATARATE_TX" : 1.0599999999999988E-4,
            "DATARATE_RX" : 5.299999999999994E-5
          }
        },
        "(clientPoolK, nodeC_c07, nodeC_c07)" : {
          "AppCoordinates {com.bbn, test-service2, 1}" : {
            "DATARATE_TX" : 5.800000000000001E-5,
            "DATARATE_RX" : 2.9000000000000004E-5
          }
        },
        "(clientPoolK, nodeC_c06, nodeC_c06)" : {
          "AppCoordinates {com.bbn, test-service2, 1}" : {
            "DATARATE_TX" : -7.623296525288703E-21,
            "DATARATE_RX" : -3.8116482626443515E-21
          }
        },
        "(clientPoolL, nodeC_c07, nodeC_c07)" : {
          "AppCoordinates {com.bbn, test-service2, 1}" : {
            "DATARATE_TX" : 5.600000000000001E-5,
            "DATARATE_RX" : 2.8000000000000006E-5
          }
        },
        "(clientPoolK, nodeN_c01, nodeN_c01)" : {
          "AppCoordinates {com.bbn, test-service3, 1}" : {
            "DATARATE_TX" : 1.0399999999999991E-4,
            "DATARATE_RX" : 5.1999999999999956E-5
          }
        },
        "(clientPoolL, nodeN_c00, nodeN_c00)" : {
          "AppCoordinates {com.bbn, test-service3, 1}" : {
            "DATARATE_TX" : 5.600000000000001E-5,
            "DATARATE_RX" : 2.8000000000000006E-5
          }
        },
        "(clientPoolK, nodeN_c00, nodeN_c00)" : {
          "AppCoordinates {com.bbn, test-service3, 1}" : {
            "DATARATE_TX" : 7.200000000000002E-5,
            "DATARATE_RX" : 3.600000000000001E-5
          }
        },
        "(clientPoolL, nodeN_c01, nodeN_c01)" : {
          "AppCoordinates {com.bbn, test-service3, 1}" : {
            "DATARATE_TX" : 7.2E-5,
            "DATARATE_RX" : 3.6E-5
          }
        }
      },
      "interface-nodeL ( nodeL )" : {
        "(nodeC_c00, clientPoolL, nodeC_c00)" : {
          "AppCoordinates {com.bbn, test-service3, 1}" : {
            "DATARATE_TX" : 1.2000000000000004E-5,
            "DATARATE_RX" : 2.4000000000000007E-5
          },
          "AppCoordinates {com.bbn, test-service1, 1}" : {
            "DATARATE_TX" : -3.8116482626443515E-21,
            "DATARATE_RX" : -7.623296525288703E-21
          }
        },
        "(nodeN_c00, clientPoolL, nodeN_c00)" : {
          "AppCoordinates {com.bbn, test-service3, 1}" : {
            "DATARATE_TX" : 2.8000000000000006E-5,
            "DATARATE_RX" : 5.600000000000001E-5
          }
        },
        "(nodeC_c01, clientPoolL, nodeC_c01)" : {
          "AppCoordinates {com.bbn, test-service3, 1}" : {
            "DATARATE_TX" : 1.7000000000000003E-5,
            "DATARATE_RX" : 3.4000000000000007E-5
          },
          "AppCoordinates {com.bbn, test-service2, 1}" : {
            "DATARATE_TX" : -3.8116482626443515E-21,
            "DATARATE_RX" : -7.623296525288703E-21
          }
        },
        "(nodeN_c01, clientPoolL, nodeN_c01)" : {
          "AppCoordinates {com.bbn, test-service3, 1}" : {
            "DATARATE_TX" : 3.6E-5,
            "DATARATE_RX" : 7.2E-5
          }
        },
        "(nodeC_c06, clientPoolL, nodeC_c06)" : {
          "AppCoordinates {com.bbn, test-service2, 1}" : {
            "DATARATE_TX" : -3.8116482626443515E-21,
            "DATARATE_RX" : -7.623296525288703E-21
          }
        },
        "(nodeC_c07, clientPoolL, nodeC_c07)" : {
          "AppCoordinates {com.bbn, test-service2, 1}" : {
            "DATARATE_TX" : 2.8000000000000006E-5,
            "DATARATE_RX" : 5.600000000000001E-5
          }
        },
        "(nodeC_c04, clientPoolL, nodeC_c04)" : {
          "AppCoordinates {com.bbn, test-service3, 1}" : {
            "DATARATE_TX" : 2.0E-5,
            "DATARATE_RX" : 4.0E-5
          },
          "AppCoordinates {com.bbn, test-service1, 1}" : {
            "DATARATE_TX" : -3.8116482626443515E-21,
            "DATARATE_RX" : -7.623296525288703E-21
          }
        },
        "(nodeC_c05, clientPoolL, nodeC_c05)" : {
          "AppCoordinates {com.bbn, test-service1, 1}" : {
            "DATARATE_TX" : 8.199999999999985E-5,
            "DATARATE_RX" : 1.639999999999997E-4
          }
        },
        "(nodeC_c02, clientPoolL, nodeC_c02)" : {
          "AppCoordinates {com.bbn, test-service3, 1}" : {
            "DATARATE_TX" : 2.8000000000000006E-5,
            "DATARATE_RX" : 5.600000000000001E-5
          }
        },
        "(nodeK_c00, clientPoolL, nodeK_c00)" : {
          "AppCoordinates {com.bbn, test-service3, 1}" : {
            "DATARATE_TX" : 6.999999999999995E-6,
            "DATARATE_RX" : 1.399999999999999E-5
          }
        },
        "(nodeC_c03, clientPoolL, nodeC_c03)" : {
          "AppCoordinates {com.bbn, test-service1, 1}" : {
            "DATARATE_TX" : 6.499999999999991E-5,
            "DATARATE_RX" : 1.2999999999999983E-4
          }
        },
        "(nodeK_c01, clientPoolL, nodeK_c01)" : {
          "AppCoordinates {com.bbn, test-service3, 1}" : {
            "DATARATE_TX" : 3.1E-5,
            "DATARATE_RX" : 6.2E-5
          }
        }
      }
    },
    "containerReports" : {
      "nodeK_c01" : {
        "containerName" : {
          "name" : "nodeK_c01"
        },
        "timestamp" : 204489,
        "service" : {
          "group" : "com.bbn",
          "artifact" : "test-service3",
          "version" : "1"
        },
        "serviceStatus" : "RUNNING",
        "demandEstimationWindow" : "SHORT",
        "computeCapacity" : {
          "CPU" : 1.0,
          "TASK_CONTAINERS" : 100.0,
          "QueueLength" : 1000000.0
        },
        "computeLoad" : {
          "UNKNOWN" : {
            "QueueLength" : 85.0,
            "TASK_CONTAINERS" : 42.5
          }
        },
        "computeDemand" : {
          "UNKNOWN" : {
            "QueueLength" : 74.375,
            "TASK_CONTAINERS" : 37.1875
          }
        },
        "averageProcessingTime" : "NaN",
        "networkCapacity" : {
          "interface-nodeK ( nodeK )" : {
            "DATARATE_TX" : 100.0,
            "DATARATE_RX" : 100.0
          }
        },
        "networkLoad" : {
          "interface-nodeK ( nodeK )" : {
            "(clientPoolL, nodeK_c01, nodeK_c01)" : {
              "AppCoordinates {com.bbn, test-service3, 1}" : {
                "DATARATE_TX" : 6.200000000000002E-5,
                "DATARATE_RX" : 3.100000000000001E-5
              }
            },
            "(clientPoolK, nodeK_c01, nodeK_c01)" : {
              "AppCoordinates {com.bbn, test-service3, 1}" : {
                "DATARATE_TX" : 1.0799999999999989E-4,
                "DATARATE_RX" : 5.3999999999999944E-5
              }
            }
          }
        },
        "networkDemand" : {
          "interface-nodeK ( nodeK )" : {
            "(clientPoolL, nodeK_c01, nodeK_c01)" : {
              "AppCoordinates {com.bbn, test-service3, 1}" : {
                "DATARATE_TX" : 6.2E-5,
                "DATARATE_RX" : 3.1E-5
              }
            },
            "(clientPoolK, nodeK_c01, nodeK_c01)" : {
              "AppCoordinates {com.bbn, test-service3, 1}" : {
                "DATARATE_TX" : 1.079999999999999E-4,
                "DATARATE_RX" : 5.399999999999995E-5
              }
            }
          }
        }
      }
    },
    "maximumServiceContainers" : 20,
    "allocatedServiceContainers" : 1,
    "computeDemand" : {
      "AppCoordinates {com.bbn, test-service3, 1}" : {
        "UNKNOWN" : {
          "QueueLength" : 74.375,
          "TASK_CONTAINERS" : 37.1875
        }
      }
    },
    "containerNetworkLoad" : {
      "interface-nodeK ( nodeK )" : {
        "(clientPoolL, nodeK_c01, nodeK_c01)" : {
          "AppCoordinates {com.bbn, test-service3, 1}" : {
            "DATARATE_TX" : 6.200000000000002E-5,
            "DATARATE_RX" : 3.100000000000001E-5
          }
        },
        "(clientPoolK, nodeK_c01, nodeK_c01)" : {
          "AppCoordinates {com.bbn, test-service3, 1}" : {
            "DATARATE_TX" : 1.0799999999999989E-4,
            "DATARATE_RX" : 5.3999999999999944E-5
          }
        }
      }
    },
    "containerNetworkDemand" : {
      "interface-nodeK ( nodeK )" : {
        "(clientPoolL, nodeK_c01, nodeK_c01)" : {
          "AppCoordinates {com.bbn, test-service3, 1}" : {
            "DATARATE_TX" : 6.2E-5,
            "DATARATE_RX" : 3.1E-5
          }
        },
        "(clientPoolK, nodeK_c01, nodeK_c01)" : {
          "AppCoordinates {com.bbn, test-service3, 1}" : {
            "DATARATE_TX" : 1.079999999999999E-4,
            "DATARATE_RX" : 5.399999999999995E-5
          }
        }
      }
    },
    "computeLoad" : {
      "AppCoordinates {com.bbn, test-service3, 1}" : {
        "UNKNOWN" : {
          "QueueLength" : 85.0,
          "TASK_CONTAINERS" : 42.5
        }
      }
    },
    "allocatedComputeCapacity" : {
      "CPU" : 1.0,
      "QueueLength" : 1000000.0,
      "TASK_CONTAINERS" : 100.0
    },
    "availableServiceContainers" : 19,
    "averageProcessingTime" : { }
  } ]
}