847,1,DNS_UPDATE_SUCCEEDED
876,2,DCOP_PLAN_PLUBLIED
900,2,RLG_PLAN_PUBLISHED
106029,212,DCOP_PLAN_PLUBLIED
108866,217,RLG_PLAN_PUBLISHED
108883,218,DNS_UPDATE_SUCCEEDED
109382,219,DNS_UPDATE_SUCCEEDED
111864,223,RLG_PLAN_PUBLISHED
111887,224,DNS_UPDATE_SUCCEEDED
165950,332,DCOP_PLAN_PLUBLIED
168875,337,RLG_PLAN_PUBLISHED
168931,338,DNS_UPDATE_SUCCEEDED
169429,339,DNS_UPDATE_SUCCEEDED
171870,343,RLG_PLAN_PUBLISHED
171933,344,DNS_UPDATE_SUCCEEDED
225960,452,DCOP_PLAN_PLUBLIED
228875,457,RLG_PLAN_PUBLISHED
228942,458,DNS_UPDATE_SUCCEEDED
229442,459,DNS_UPDATE_SUCCEEDED
231874,463,RLG_PLAN_PUBLISHED
231956,464,DNS_UPDATE_SUCCEEDED
285957,571,DCOP_PLAN_PLUBLIED
288876,577,RLG_PLAN_PUBLISHED
288973,578,DNS_UPDATE_SUCCEEDED
289471,579,DNS_UPDATE_SUCCEEDED
291876,583,RLG_PLAN_PUBLISHED
291980,584,DNS_UPDATE_SUCCEEDED
345956,691,DCOP_PLAN_PLUBLIED
348880,697,RLG_PLAN_PUBLISHED
348997,698,DNS_UPDATE_SUCCEEDED
349496,699,DNS_UPDATE_SUCCEEDED
351879,703,RLG_PLAN_PUBLISHED
351999,704,DNS_UPDATE_SUCCEEDED
465942,931,DCOP_PLAN_PLUBLIED
468887,937,RLG_PLAN_PUBLISHED
469059,938,DNS_UPDATE_SUCCEEDED
469556,939,DNS_UPDATE_SUCCEEDED
471887,943,RLG_PLAN_PUBLISHED
472056,944,DNS_UPDATE_SUCCEEDED
