{
  "region" : {
    "name" : "G"
  },
  "serviceReports" : [ {
    "nodeName" : {
      "name" : "nodeG"
    },
    "timestamp" : 112730,
    "serviceState" : {
      "nodeG_c01" : {
        "service" : {
          "group" : "com.bbn",
          "artifact" : "test-service2",
          "version" : "1"
        },
        "status" : "RUNNING"
      },
      "nodeG_c00" : {
        "service" : {
          "group" : "com.bbn",
          "artifact" : "test-service3",
          "version" : "1"
        },
        "status" : "RUNNING"
      }
    }
  } ]
}