{
  "region" : {
    "name" : "B"
  },
  "nodeResourceReports" : [ {
    "nodeName" : {
      "name" : "nodeB"
    },
    "timestamp" : 9980,
    "demandEstimationWindow" : "SHORT",
    "nodeComputeCapacity" : {
      "CPU" : 4.0,
      "MEMORY" : 8.0E9,
      "DISK" : 10.0,
      "TASK_CONTAINERS" : 20.0
    },
    "networkCapacity" : {
      "interface-nodeE ( nodeE )" : {
        "DATARATE_RX" : 100.0,
        "DATARATE_TX" : 100.0
      },
      "interface-nodeC ( nodeC )" : {
        "DATARATE_RX" : 100.0,
        "DATARATE_TX" : 100.0
      },
      "interface-nodeI ( nodeI )" : {
        "DATARATE_RX" : 100.0,
        "DATARATE_TX" : 100.0
      }
    },
    "networkLoad" : {
      "interface-nodeE ( nodeE )" : { },
      "interface-nodeC ( nodeC )" : { },
      "interface-nodeI ( nodeI )" : { }
    },
    "networkDemand" : {
      "interface-nodeE ( nodeE )" : { },
      "interface-nodeC ( nodeC )" : { },
      "interface-nodeI ( nodeI )" : { }
    },
    "containerReports" : { },
    "maximumServiceContainers" : 20,
    "allocatedServiceContainers" : 0,
    "computeDemand" : { },
    "containerNetworkLoad" : { },
    "containerNetworkDemand" : { },
    "computeLoad" : { },
    "availableServiceContainers" : 20,
    "averageProcessingTime" : { },
    "allocatedComputeCapacity" : { }
  } ]
}