760,1,DNS_UPDATE_SUCCEEDED
788,1,DCOP_PLAN_PLUBLIED
803,2,RLG_PLAN_PUBLISHED
105918,212,DCOP_PLAN_PLUBLIED
108780,217,RLG_PLAN_PUBLISHED
108808,218,DNS_UPDATE_SUCCEEDED
109313,219,DNS_UPDATE_SUCCEEDED
111777,223,RLG_PLAN_PUBLISHED
111809,224,DNS_UPDATE_SUCCEEDED
120778,241,RLG_PLAN_PUBLISHED
120816,242,DNS_UPDATE_SUCCEEDED
121317,243,DNS_UPDATE_SUCCEEDED
123778,247,RLG_PLAN_PUBLISHED
123816,248,DNS_UPDATE_SUCCEEDED
165849,332,DCOP_PLAN_PLUBLIED
168783,337,RLG_PLAN_PUBLISHED
168828,338,DNS_UPDATE_SUCCEEDED
180784,361,RLG_PLAN_PUBLISHED
180829,362,DNS_UPDATE_SUCCEEDED
183785,367,RLG_PLAN_PUBLISHED
183828,368,DNS_UPDATE_SUCCEEDED
184330,369,DNS_UPDATE_SUCCEEDED
186784,373,RLG_PLAN_PUBLISHED
186829,374,DNS_UPDATE_SUCCEEDED
225865,452,DCOP_PLAN_PLUBLIED
228791,457,RLG_PLAN_PUBLISHED
228839,458,DNS_UPDATE_SUCCEEDED
285900,572,DCOP_PLAN_PLUBLIED
288793,577,RLG_PLAN_PUBLISHED
288859,578,DNS_UPDATE_SUCCEEDED
345865,691,DCOP_PLAN_PLUBLIED
348794,697,RLG_PLAN_PUBLISHED
348916,698,DNS_UPDATE_SUCCEEDED
405893,811,DCOP_PLAN_PLUBLIED
408805,817,RLG_PLAN_PUBLISHED
408961,818,DNS_UPDATE_SUCCEEDED
465877,931,DCOP_PLAN_PLUBLIED
468810,937,RLG_PLAN_PUBLISHED
468971,938,DNS_UPDATE_SUCCEEDED
525889,1051,DCOP_PLAN_PLUBLIED
528812,1057,RLG_PLAN_PUBLISHED
528986,1058,DNS_UPDATE_SUCCEEDED
579816,1159,RLG_PLAN_PUBLISHED
580009,1160,DNS_UPDATE_SUCCEEDED
580511,1161,DNS_UPDATE_SUCCEEDED
582816,1165,RLG_PLAN_PUBLISHED
583011,1166,DNS_UPDATE_SUCCEEDED
585880,1171,DCOP_PLAN_PLUBLIED
588816,1177,RLG_PLAN_PUBLISHED
589012,1178,DNS_UPDATE_SUCCEEDED
630003,1260,DCOP_PLAN_PLUBLIED
