{
  "nodeName" : {
    "name" : "nodeE"
  },
  "timestamp" : 419495,
  "demandEstimationWindow" : "LONG",
  "nodeComputeCapacity" : {
    "CPU" : 4.0,
    "MEMORY" : 8.0E9,
    "DISK" : 10.0,
    "TASK_CONTAINERS" : 20.0
  },
  "networkCapacity" : {
    "interface-nodeA ( nodeA )" : {
      "DATARATE_RX" : 100.0,
      "DATARATE_TX" : 100.0
    }
  },
  "networkLoad" : {
    "interface-nodeA ( nodeA )" : {
      "(clientPoolE, nodeA_c01, nodeA_c01)" : {
        "AppCoordinates {com.bbn, test-service2, 1}" : {
          "DATARATE_TX" : -7.623296525288703E-21,
          "DATARATE_RX" : -3.8116482626443515E-21
        }
      },
      "(clientPoolE, nodeA_c00, nodeA_c00)" : {
        "AppCoordinates {com.bbn, test-service1, 1}" : {
          "DATARATE_TX" : 1.3399999999999981E-4,
          "DATARATE_RX" : 6.699999999999991E-5
        }
      },
      "(clientPoolE, nodeA_c07, nodeA_c07)" : {
        "AppCoordinates {com.bbn, test-service2, 1}" : {
          "DATARATE_TX" : -7.623296525288703E-21,
          "DATARATE_RX" : -3.8116482626443515E-21
        }
      },
      "(clientPoolE, nodeA_c06, nodeA_c06)" : {
        "AppCoordinates {com.bbn, test-service2, 1}" : {
          "DATARATE_TX" : 6.8E-5,
          "DATARATE_RX" : 3.4E-5
        },
        "AppCoordinates {com.bbn, test-service1, 1}" : {
          "DATARATE_TX" : -7.623296525288703E-21,
          "DATARATE_RX" : -3.8116482626443515E-21
        }
      },
      "(clientPoolE, nodeA_c05, nodeA_c05)" : {
        "AppCoordinates {com.bbn, test-service3, 1}" : {
          "DATARATE_TX" : -7.623296525288703E-21,
          "DATARATE_RX" : -3.8116482626443515E-21
        },
        "AppCoordinates {com.bbn, test-service2, 1}" : {
          "DATARATE_TX" : 3.8E-5,
          "DATARATE_RX" : 1.9E-5
        },
        "AppCoordinates {com.bbn, test-service1, 1}" : {
          "DATARATE_TX" : 2.541098841762901E-21,
          "DATARATE_RX" : 1.2705494208814505E-21
        }
      },
      "(clientPoolE, nodeA_c04, nodeA_c04)" : {
        "AppCoordinates {com.bbn, test-service3, 1}" : {
          "DATARATE_TX" : -7.623296525288703E-21,
          "DATARATE_RX" : -3.8116482626443515E-21
        },
        "AppCoordinates {com.bbn, test-service1, 1}" : {
          "DATARATE_TX" : -7.623296525288703E-21,
          "DATARATE_RX" : -3.8116482626443515E-21
        }
      },
      "(clientPoolE, nodeA_c03, nodeA_c03)" : {
        "AppCoordinates {com.bbn, test-service2, 1}" : {
          "DATARATE_TX" : -7.623296525288703E-21,
          "DATARATE_RX" : -3.8116482626443515E-21
        },
        "AppCoordinates {com.bbn, test-service1, 1}" : {
          "DATARATE_TX" : -7.623296525288703E-21,
          "DATARATE_RX" : -3.8116482626443515E-21
        }
      },
      "(clientPoolE, nodeA_c02, nodeA_c02)" : {
        "AppCoordinates {com.bbn, test-service3, 1}" : {
          "DATARATE_TX" : -7.623296525288703E-21,
          "DATARATE_RX" : -3.8116482626443515E-21
        },
        "AppCoordinates {com.bbn, test-service2, 1}" : {
          "DATARATE_TX" : 1.1599999999999987E-4,
          "DATARATE_RX" : 5.799999999999993E-5
        },
        "AppCoordinates {com.bbn, test-service1, 1}" : {
          "DATARATE_TX" : -7.623296525288703E-21,
          "DATARATE_RX" : -3.8116482626443515E-21
        }
      }
    }
  },
  "networkDemand" : {
    "interface-nodeA ( nodeA )" : {
      "(clientPoolE, nodeA_c01, nodeA_c01)" : {
        "AppCoordinates {com.bbn, test-service2, 1}" : {
          "DATARATE_TX" : 8.842105263157874E-5,
          "DATARATE_RX" : 4.421052631578937E-5
        }
      },
      "(clientPoolE, nodeA_c00, nodeA_c00)" : {
        "AppCoordinates {com.bbn, test-service1, 1}" : {
          "DATARATE_TX" : 9.278670360110785E-5,
          "DATARATE_RX" : 4.6393351800553927E-5
        }
      },
      "(clientPoolE, nodeA_c07, nodeA_c07)" : {
        "AppCoordinates {com.bbn, test-service2, 1}" : {
          "DATARATE_TX" : 1.3249861495844855E-4,
          "DATARATE_RX" : 6.624930747922427E-5
        }
      },
      "(clientPoolE, nodeA_c06, nodeA_c06)" : {
        "AppCoordinates {com.bbn, test-service2, 1}" : {
          "DATARATE_TX" : 5.8204986149584254E-5,
          "DATARATE_RX" : 2.9102493074792127E-5
        },
        "AppCoordinates {com.bbn, test-service1, 1}" : {
          "DATARATE_TX" : -7.623296525288703E-21,
          "DATARATE_RX" : -3.8116482626443515E-21
        }
      },
      "(clientPoolE, nodeA_c05, nodeA_c05)" : {
        "AppCoordinates {com.bbn, test-service3, 1}" : {
          "DATARATE_TX" : -7.623296525288703E-21,
          "DATARATE_RX" : -3.8116482626443515E-21
        },
        "AppCoordinates {com.bbn, test-service2, 1}" : {
          "DATARATE_TX" : 1.1488088642659286E-4,
          "DATARATE_RX" : 5.744044321329643E-5
        },
        "AppCoordinates {com.bbn, test-service1, 1}" : {
          "DATARATE_TX" : 2.541098841762901E-21,
          "DATARATE_RX" : 1.2705494208814505E-21
        }
      },
      "(clientPoolE, nodeA_c04, nodeA_c04)" : {
        "AppCoordinates {com.bbn, test-service3, 1}" : {
          "DATARATE_TX" : -7.623296525288703E-21,
          "DATARATE_RX" : -3.8116482626443515E-21
        },
        "AppCoordinates {com.bbn, test-service1, 1}" : {
          "DATARATE_TX" : -7.623296525288703E-21,
          "DATARATE_RX" : -3.8116482626443515E-21
        }
      },
      "(clientPoolE, nodeA_c03, nodeA_c03)" : {
        "AppCoordinates {com.bbn, test-service2, 1}" : {
          "DATARATE_TX" : 1.0465384615384582E-4,
          "DATARATE_RX" : 5.232692307692291E-5
        },
        "AppCoordinates {com.bbn, test-service1, 1}" : {
          "DATARATE_TX" : 4.2703601108033243E-5,
          "DATARATE_RX" : 2.1351800554016622E-5
        }
      },
      "(clientPoolE, nodeA_c02, nodeA_c02)" : {
        "AppCoordinates {com.bbn, test-service3, 1}" : {
          "DATARATE_TX" : -7.623296525288703E-21,
          "DATARATE_RX" : -3.8116482626443515E-21
        },
        "AppCoordinates {com.bbn, test-service2, 1}" : {
          "DATARATE_TX" : 9.708474576271172E-5,
          "DATARATE_RX" : 4.854237288135586E-5
        },
        "AppCoordinates {com.bbn, test-service1, 1}" : {
          "DATARATE_TX" : 9.725207756232666E-5,
          "DATARATE_RX" : 4.862603878116333E-5
        }
      }
    }
  },
  "containerReports" : {
    "nodeE_c05" : {
      "containerName" : {
        "name" : "nodeE_c05"
      },
      "timestamp" : 419495,
      "service" : {
        "group" : "com.bbn",
        "artifact" : "test-service3",
        "version" : "1"
      },
      "serviceStatus" : "RUNNING",
      "demandEstimationWindow" : "LONG",
      "computeCapacity" : {
        "CPU" : 1.0,
        "TASK_CONTAINERS" : 100.0,
        "QueueLength" : 1000000.0
      },
      "computeLoad" : {
        "UNKNOWN" : {
          "QueueLength" : 40.0,
          "TASK_CONTAINERS" : 20.0
        }
      },
      "computeDemand" : {
        "UNKNOWN" : {
          "QueueLength" : 31.958333333333332,
          "TASK_CONTAINERS" : 17.431818181818183
        }
      },
      "averageProcessingTime" : "NaN",
      "networkCapacity" : {
        "interface-nodeE ( nodeE )" : {
          "DATARATE_TX" : 100.0,
          "DATARATE_RX" : 100.0
        }
      },
      "networkLoad" : {
        "interface-nodeE ( nodeE )" : {
          "(clientPoolE, nodeE_c05, nodeE_c05)" : {
            "AppCoordinates {com.bbn, test-service3, 1}" : {
              "DATARATE_TX" : 7.999999999999997E-5,
              "DATARATE_RX" : 3.999999999999998E-5
            }
          }
        }
      },
      "networkDemand" : {
        "interface-nodeE ( nodeE )" : {
          "(clientPoolE, nodeE_c05, nodeE_c05)" : {
            "AppCoordinates {com.bbn, test-service3, 1}" : {
              "DATARATE_TX" : 7.304761904761904E-5,
              "DATARATE_RX" : 3.652380952380952E-5
            }
          }
        }
      }
    },
    "nodeE_c06" : {
      "containerName" : {
        "name" : "nodeE_c06"
      },
      "timestamp" : 419495,
      "service" : {
        "group" : "com.bbn",
        "artifact" : "test-service3",
        "version" : "1"
      },
      "serviceStatus" : "RUNNING",
      "demandEstimationWindow" : "LONG",
      "computeCapacity" : {
        "CPU" : 1.0,
        "TASK_CONTAINERS" : 100.0,
        "QueueLength" : 1000000.0
      },
      "computeLoad" : {
        "UNKNOWN" : {
          "QueueLength" : 0.0
        }
      },
      "computeDemand" : {
        "UNKNOWN" : {
          "QueueLength" : 0.0
        }
      },
      "averageProcessingTime" : "NaN",
      "networkCapacity" : {
        "interface-nodeE ( nodeE )" : {
          "DATARATE_TX" : 100.0,
          "DATARATE_RX" : 100.0
        }
      },
      "networkLoad" : {
        "interface-nodeE ( nodeE )" : { }
      },
      "networkDemand" : {
        "interface-nodeE ( nodeE )" : { }
      }
    },
    "nodeE_c03" : {
      "containerName" : {
        "name" : "nodeE_c03"
      },
      "timestamp" : 419495,
      "service" : {
        "group" : "com.bbn",
        "artifact" : "test-service3",
        "version" : "1"
      },
      "serviceStatus" : "RUNNING",
      "demandEstimationWindow" : "LONG",
      "computeCapacity" : {
        "CPU" : 1.0,
        "TASK_CONTAINERS" : 100.0,
        "QueueLength" : 1000000.0
      },
      "computeLoad" : {
        "UNKNOWN" : {
          "QueueLength" : 125.0,
          "TASK_CONTAINERS" : 62.5
        }
      },
      "computeDemand" : {
        "UNKNOWN" : {
          "QueueLength" : 89.22222222222223,
          "TASK_CONTAINERS" : 60.54365079365079
        }
      },
      "averageProcessingTime" : 120000.0,
      "networkCapacity" : {
        "interface-nodeE ( nodeE )" : {
          "DATARATE_TX" : 100.0,
          "DATARATE_RX" : 100.0
        }
      },
      "networkLoad" : {
        "interface-nodeE ( nodeE )" : {
          "(clientPoolE, nodeE_c03, nodeE_c03)" : {
            "AppCoordinates {com.bbn, test-service3, 1}" : {
              "DATARATE_TX" : 2.499999999999995E-4,
              "DATARATE_RX" : 1.2499999999999976E-4
            }
          }
        }
      },
      "networkDemand" : {
        "interface-nodeE ( nodeE )" : {
          "(clientPoolE, nodeE_c03, nodeE_c03)" : {
            "AppCoordinates {com.bbn, test-service3, 1}" : {
              "DATARATE_TX" : 2.4313944223107543E-4,
              "DATARATE_RX" : 1.2156972111553771E-4
            }
          }
        }
      }
    },
    "nodeE_c04" : {
      "containerName" : {
        "name" : "nodeE_c04"
      },
      "timestamp" : 419496,
      "service" : {
        "group" : "com.bbn",
        "artifact" : "test-service3",
        "version" : "1"
      },
      "serviceStatus" : "RUNNING",
      "demandEstimationWindow" : "LONG",
      "computeCapacity" : {
        "CPU" : 1.0,
        "TASK_CONTAINERS" : 100.0,
        "QueueLength" : 1000000.0
      },
      "computeLoad" : {
        "UNKNOWN" : {
          "QueueLength" : 123.0,
          "TASK_CONTAINERS" : 61.5
        }
      },
      "computeDemand" : {
        "UNKNOWN" : {
          "QueueLength" : 112.07575757575758,
          "TASK_CONTAINERS" : 56.9
        }
      },
      "averageProcessingTime" : 120000.0,
      "networkCapacity" : {
        "interface-nodeE ( nodeE )" : {
          "DATARATE_TX" : 100.0,
          "DATARATE_RX" : 100.0
        }
      },
      "networkLoad" : {
        "interface-nodeE ( nodeE )" : {
          "(clientPoolE, nodeE_c04, nodeE_c04)" : {
            "AppCoordinates {com.bbn, test-service3, 1}" : {
              "DATARATE_TX" : 2.4599999999999953E-4,
              "DATARATE_RX" : 1.2299999999999976E-4
            }
          }
        }
      },
      "networkDemand" : {
        "interface-nodeE ( nodeE )" : {
          "(clientPoolE, nodeE_c04, nodeE_c04)" : {
            "AppCoordinates {com.bbn, test-service3, 1}" : {
              "DATARATE_TX" : 2.2936434108527135E-4,
              "DATARATE_RX" : 1.1468217054263567E-4
            }
          }
        }
      }
    },
    "nodeE_c01" : {
      "containerName" : {
        "name" : "nodeE_c01"
      },
      "timestamp" : 419497,
      "service" : {
        "group" : "com.bbn",
        "artifact" : "test-service3",
        "version" : "1"
      },
      "serviceStatus" : "RUNNING",
      "demandEstimationWindow" : "LONG",
      "computeCapacity" : {
        "CPU" : 1.0,
        "TASK_CONTAINERS" : 100.0,
        "QueueLength" : 1000000.0
      },
      "computeLoad" : {
        "UNKNOWN" : {
          "QueueLength" : 125.0,
          "TASK_CONTAINERS" : 62.5
        }
      },
      "computeDemand" : {
        "UNKNOWN" : {
          "QueueLength" : 109.8861111111111,
          "TASK_CONTAINERS" : 55.25
        }
      },
      "averageProcessingTime" : 120000.0,
      "networkCapacity" : {
        "interface-nodeE ( nodeE )" : {
          "DATARATE_TX" : 100.0,
          "DATARATE_RX" : 100.0
        }
      },
      "networkLoad" : {
        "interface-nodeE ( nodeE )" : {
          "(clientPoolE, nodeE_c01, nodeE_c01)" : {
            "AppCoordinates {com.bbn, test-service3, 1}" : {
              "DATARATE_TX" : 2.499999999999995E-4,
              "DATARATE_RX" : 1.2499999999999976E-4
            }
          }
        }
      },
      "networkDemand" : {
        "interface-nodeE ( nodeE )" : {
          "(clientPoolE, nodeE_c01, nodeE_c01)" : {
            "AppCoordinates {com.bbn, test-service3, 1}" : {
              "DATARATE_TX" : 2.2161904761904772E-4,
              "DATARATE_RX" : 1.1080952380952386E-4
            }
          }
        }
      }
    },
    "nodeE_c02" : {
      "containerName" : {
        "name" : "nodeE_c02"
      },
      "timestamp" : 419498,
      "service" : {
        "group" : "com.bbn",
        "artifact" : "test-service3",
        "version" : "1"
      },
      "serviceStatus" : "RUNNING",
      "demandEstimationWindow" : "LONG",
      "computeCapacity" : {
        "CPU" : 1.0,
        "TASK_CONTAINERS" : 100.0,
        "QueueLength" : 1000000.0
      },
      "computeLoad" : {
        "UNKNOWN" : {
          "QueueLength" : 127.0,
          "TASK_CONTAINERS" : 63.5
        }
      },
      "computeDemand" : {
        "UNKNOWN" : {
          "QueueLength" : 147.29085872576178,
          "TASK_CONTAINERS" : 73.64542936288089
        }
      },
      "averageProcessingTime" : 120000.0,
      "networkCapacity" : {
        "interface-nodeE ( nodeE )" : {
          "DATARATE_TX" : 100.0,
          "DATARATE_RX" : 100.0
        }
      },
      "networkLoad" : {
        "interface-nodeE ( nodeE )" : {
          "(clientPoolE, nodeE_c02, nodeE_c02)" : {
            "AppCoordinates {com.bbn, test-service3, 1}" : {
              "DATARATE_TX" : 2.5399999999999956E-4,
              "DATARATE_RX" : 1.2699999999999978E-4
            }
          }
        }
      },
      "networkDemand" : {
        "interface-nodeE ( nodeE )" : {
          "(clientPoolE, nodeE_c02, nodeE_c02)" : {
            "AppCoordinates {com.bbn, test-service3, 1}" : {
              "DATARATE_TX" : 3.766555555555572E-4,
              "DATARATE_RX" : 1.883277777777786E-4
            }
          }
        }
      }
    },
    "nodeE_c00" : {
      "containerName" : {
        "name" : "nodeE_c00"
      },
      "timestamp" : 419500,
      "service" : {
        "group" : "com.bbn",
        "artifact" : "test-service2",
        "version" : "1"
      },
      "serviceStatus" : "RUNNING",
      "demandEstimationWindow" : "LONG",
      "computeCapacity" : {
        "CPU" : 1.0,
        "TASK_CONTAINERS" : 100.0,
        "QueueLength" : 1000000.0
      },
      "computeLoad" : {
        "UNKNOWN" : {
          "QueueLength" : 20.0,
          "TASK_CONTAINERS" : 10.0
        }
      },
      "computeDemand" : {
        "UNKNOWN" : {
          "QueueLength" : 24.980609418282548,
          "TASK_CONTAINERS" : 12.490304709141274
        }
      },
      "averageProcessingTime" : 120000.0,
      "networkCapacity" : {
        "interface-nodeE ( nodeE )" : {
          "DATARATE_TX" : 100.0,
          "DATARATE_RX" : 100.0
        }
      },
      "networkLoad" : {
        "interface-nodeE ( nodeE )" : {
          "(clientPoolE, nodeE_c00, nodeE_c00)" : {
            "AppCoordinates {com.bbn, test-service2, 1}" : {
              "DATARATE_TX" : 4.0E-5,
              "DATARATE_RX" : 2.0E-5
            }
          }
        }
      },
      "networkDemand" : {
        "interface-nodeE ( nodeE )" : {
          "(clientPoolE, nodeE_c00, nodeE_c00)" : {
            "AppCoordinates {com.bbn, test-service2, 1}" : {
              "DATARATE_TX" : 5.009999999999995E-5,
              "DATARATE_RX" : 2.5049999999999975E-5
            }
          }
        }
      }
    }
  },
  "maximumServiceContainers" : 20,
  "allocatedServiceContainers" : 7,
  "computeDemand" : {
    "AppCoordinates {com.bbn, test-service3, 1}" : {
      "UNKNOWN" : {
        "QueueLength" : 490.433282968186,
        "TASK_CONTAINERS" : 263.77089833834987
      }
    },
    "AppCoordinates {com.bbn, test-service2, 1}" : {
      "UNKNOWN" : {
        "QueueLength" : 24.980609418282548,
        "TASK_CONTAINERS" : 12.490304709141274
      }
    }
  },
  "containerNetworkLoad" : {
    "interface-nodeE ( nodeE )" : {
      "(clientPoolE, nodeE_c05, nodeE_c05)" : {
        "AppCoordinates {com.bbn, test-service3, 1}" : {
          "DATARATE_TX" : 7.999999999999997E-5,
          "DATARATE_RX" : 3.999999999999998E-5
        }
      },
      "(clientPoolE, nodeE_c04, nodeE_c04)" : {
        "AppCoordinates {com.bbn, test-service3, 1}" : {
          "DATARATE_TX" : 2.4599999999999953E-4,
          "DATARATE_RX" : 1.2299999999999976E-4
        }
      },
      "(clientPoolE, nodeE_c03, nodeE_c03)" : {
        "AppCoordinates {com.bbn, test-service3, 1}" : {
          "DATARATE_TX" : 2.499999999999995E-4,
          "DATARATE_RX" : 1.2499999999999976E-4
        }
      },
      "(clientPoolE, nodeE_c02, nodeE_c02)" : {
        "AppCoordinates {com.bbn, test-service3, 1}" : {
          "DATARATE_TX" : 2.5399999999999956E-4,
          "DATARATE_RX" : 1.2699999999999978E-4
        }
      },
      "(clientPoolE, nodeE_c01, nodeE_c01)" : {
        "AppCoordinates {com.bbn, test-service3, 1}" : {
          "DATARATE_TX" : 2.499999999999995E-4,
          "DATARATE_RX" : 1.2499999999999976E-4
        }
      },
      "(clientPoolE, nodeE_c00, nodeE_c00)" : {
        "AppCoordinates {com.bbn, test-service2, 1}" : {
          "DATARATE_TX" : 4.0E-5,
          "DATARATE_RX" : 2.0E-5
        }
      }
    }
  },
  "containerNetworkDemand" : {
    "interface-nodeE ( nodeE )" : {
      "(clientPoolE, nodeE_c05, nodeE_c05)" : {
        "AppCoordinates {com.bbn, test-service3, 1}" : {
          "DATARATE_TX" : 7.304761904761904E-5,
          "DATARATE_RX" : 3.652380952380952E-5
        }
      },
      "(clientPoolE, nodeE_c04, nodeE_c04)" : {
        "AppCoordinates {com.bbn, test-service3, 1}" : {
          "DATARATE_TX" : 2.2936434108527135E-4,
          "DATARATE_RX" : 1.1468217054263567E-4
        }
      },
      "(clientPoolE, nodeE_c03, nodeE_c03)" : {
        "AppCoordinates {com.bbn, test-service3, 1}" : {
          "DATARATE_TX" : 2.4313944223107543E-4,
          "DATARATE_RX" : 1.2156972111553771E-4
        }
      },
      "(clientPoolE, nodeE_c02, nodeE_c02)" : {
        "AppCoordinates {com.bbn, test-service3, 1}" : {
          "DATARATE_TX" : 3.766555555555572E-4,
          "DATARATE_RX" : 1.883277777777786E-4
        }
      },
      "(clientPoolE, nodeE_c01, nodeE_c01)" : {
        "AppCoordinates {com.bbn, test-service3, 1}" : {
          "DATARATE_TX" : 2.2161904761904772E-4,
          "DATARATE_RX" : 1.1080952380952386E-4
        }
      },
      "(clientPoolE, nodeE_c00, nodeE_c00)" : {
        "AppCoordinates {com.bbn, test-service2, 1}" : {
          "DATARATE_TX" : 5.009999999999995E-5,
          "DATARATE_RX" : 2.5049999999999975E-5
        }
      }
    }
  },
  "computeLoad" : {
    "AppCoordinates {com.bbn, test-service3, 1}" : {
      "UNKNOWN" : {
        "QueueLength" : 540.0,
        "TASK_CONTAINERS" : 270.0
      }
    },
    "AppCoordinates {com.bbn, test-service2, 1}" : {
      "UNKNOWN" : {
        "QueueLength" : 20.0,
        "TASK_CONTAINERS" : 10.0
      }
    }
  },
  "availableServiceContainers" : 13,
  "averageProcessingTime" : {
    "AppCoordinates {com.bbn, test-service3, 1}" : 120000.0,
    "AppCoordinates {com.bbn, test-service2, 1}" : 120000.0
  },
  "allocatedComputeCapacity" : {
    "CPU" : 7.0,
    "QueueLength" : 7000000.0,
    "TASK_CONTAINERS" : 700.0
  }
}