731,2,DNS_UPDATE_SUCCEEDED
42276,84,RLG_PLAN_PUBLISHED
42286,84,DCOP_PLAN_PLUBLIED
42784,85,DNS_UPDATE_SUCCEEDED
222614,438,DCOP_PLAN_PLUBLIED
222935,439,RLG_PLAN_PUBLISHED
342776,674,DCOP_PLAN_PLUBLIED
343269,675,RLG_PLAN_PUBLISHED
343371,676,DNS_UPDATE_SUCCEEDED
462337,909,DCOP_PLAN_PLUBLIED
463579,912,RLG_PLAN_PUBLISHED
463899,913,DNS_UPDATE_SUCCEEDED
582324,1145,DCOP_PLAN_PLUBLIED
583937,1148,RLG_PLAN_PUBLISHED
583989,1149,DNS_UPDATE_SUCCEEDED
702566,1381,DCOP_PLAN_PLUBLIED
704330,1385,RLG_PLAN_PUBLISHED
704682,1386,DNS_UPDATE_SUCCEEDED
822426,1617,DCOP_PLAN_PLUBLIED
824679,1621,RLG_PLAN_PUBLISHED
824830,1622,DNS_UPDATE_SUCCEEDED
942527,1853,DCOP_PLAN_PLUBLIED
945058,1858,RLG_PLAN_PUBLISHED
945537,1859,DNS_UPDATE_SUCCEEDED
1062428,2087,DCOP_PLAN_PLUBLIED
1063513,2089,RLG_PLAN_PUBLISHED
1063550,2090,DNS_UPDATE_SUCCEEDED
1182782,2326,DCOP_PLAN_PLUBLIED
1183689,2328,RLG_PLAN_PUBLISHED
1184112,2329,DNS_UPDATE_SUCCEEDED
1302813,2564,DCOP_PLAN_PLUBLIED
1303877,2566,RLG_PLAN_PUBLISHED
1304228,2567,DNS_UPDATE_SUCCEEDED
1422706,2801,DCOP_PLAN_PLUBLIED
1424053,2804,RLG_PLAN_PUBLISHED
1424410,2805,DNS_UPDATE_SUCCEEDED
1542751,3037,DCOP_PLAN_PLUBLIED
1544413,3040,RLG_PLAN_PUBLISHED
1544478,3041,DNS_UPDATE_SUCCEEDED
1662643,3272,DCOP_PLAN_PLUBLIED
1664755,3276,RLG_PLAN_PUBLISHED
1664767,3277,DNS_UPDATE_SUCCEEDED
1782645,3508,DCOP_PLAN_PLUBLIED
1785128,3513,RLG_PLAN_PUBLISHED
1785426,3514,DNS_UPDATE_SUCCEEDED
