{
  "nodeName" : {
    "name" : "nodeD"
  },
  "timestamp" : 369994,
  "demandEstimationWindow" : "SHORT",
  "nodeComputeCapacity" : {
    "CPU" : 4.0,
    "MEMORY" : 8.0E9,
    "DISK" : 10.0,
    "TASK_CONTAINERS" : 20.0
  },
  "networkCapacity" : {
    "interface-nodeB ( nodeB )" : {
      "DATARATE_RX" : 100.0,
      "DATARATE_TX" : 100.0
    }
  },
  "networkLoad" : {
    "interface-nodeB ( nodeB )" : {
      "(clientPoolD, nodeC_c07, nodeC_c07)" : {
        "AppCoordinates {com.bbn, test-service3, 1}" : {
          "DATARATE_TX" : 1.0999999999999988E-4,
          "DATARATE_RX" : 5.499999999999994E-5
        },
        "AppCoordinates {com.bbn, test-service2, 1}" : {
          "DATARATE_TX" : -7.623296525288703E-21,
          "DATARATE_RX" : -3.8116482626443515E-21
        }
      },
      "(clientPoolD, nodeC_c02, nodeC_c02)" : {
        "AppCoordinates {com.bbn, test-service3, 1}" : {
          "DATARATE_TX" : 8.399999999999995E-5,
          "DATARATE_RX" : 4.199999999999998E-5
        }
      },
      "(clientPoolD, nodeC_c01, nodeC_c01)" : {
        "AppCoordinates {com.bbn, test-service2, 1}" : {
          "DATARATE_TX" : 1.2999999999999983E-4,
          "DATARATE_RX" : 6.499999999999991E-5
        }
      },
      "(clientPoolD, nodeC_c00, nodeC_c00)" : {
        "AppCoordinates {com.bbn, test-service3, 1}" : {
          "DATARATE_TX" : 9.599999999999992E-5,
          "DATARATE_RX" : 4.799999999999996E-5
        },
        "AppCoordinates {com.bbn, test-service1, 1}" : {
          "DATARATE_TX" : -7.623296525288703E-21,
          "DATARATE_RX" : -3.8116482626443515E-21
        }
      },
      "(clientPoolD, nodeB_c01, nodeB_c01)" : {
        "AppCoordinates {com.bbn, test-service2, 1}" : {
          "DATARATE_TX" : -7.623296525288703E-21,
          "DATARATE_RX" : -3.8116482626443515E-21
        }
      },
      "(clientPoolD, nodeC_c06, nodeC_c06)" : {
        "AppCoordinates {com.bbn, test-service3, 1}" : {
          "DATARATE_TX" : 8.399999999999995E-5,
          "DATARATE_RX" : 4.199999999999998E-5
        },
        "AppCoordinates {com.bbn, test-service2, 1}" : {
          "DATARATE_TX" : -8.470329472543003E-22,
          "DATARATE_RX" : -4.2351647362715017E-22
        },
        "AppCoordinates {com.bbn, test-service1, 1}" : {
          "DATARATE_TX" : -7.623296525288703E-21,
          "DATARATE_RX" : -3.8116482626443515E-21
        }
      },
      "(clientPoolD, nodeB_c00, nodeB_c00)" : {
        "AppCoordinates {com.bbn, test-service2, 1}" : {
          "DATARATE_TX" : 1.9481757786848908E-20,
          "DATARATE_RX" : 9.740878893424454E-21
        }
      },
      "(clientPoolD, nodeC_c05, nodeC_c05)" : {
        "AppCoordinates {com.bbn, test-service3, 1}" : {
          "DATARATE_TX" : 1.019999999999999E-4,
          "DATARATE_RX" : 5.099999999999995E-5
        },
        "AppCoordinates {com.bbn, test-service1, 1}" : {
          "DATARATE_TX" : -7.623296525288703E-21,
          "DATARATE_RX" : -3.8116482626443515E-21
        }
      },
      "(clientPoolD, nodeC_c04, nodeC_c04)" : {
        "AppCoordinates {com.bbn, test-service3, 1}" : {
          "DATARATE_TX" : 8.599999999999995E-5,
          "DATARATE_RX" : 4.2999999999999975E-5
        },
        "AppCoordinates {com.bbn, test-service1, 1}" : {
          "DATARATE_TX" : -7.623296525288703E-21,
          "DATARATE_RX" : -3.8116482626443515E-21
        }
      },
      "(clientPoolD, nodeB_c02, nodeB_c02)" : {
        "AppCoordinates {com.bbn, test-service3, 1}" : {
          "DATARATE_TX" : 1.2399999999999984E-4,
          "DATARATE_RX" : 6.199999999999992E-5
        }
      },
      "(clientPoolD, nodeC_c03, nodeC_c03)" : {
        "AppCoordinates {com.bbn, test-service1, 1}" : {
          "DATARATE_TX" : 1.3399999999999981E-4,
          "DATARATE_RX" : 6.699999999999991E-5
        }
      }
    }
  },
  "networkDemand" : {
    "interface-nodeB ( nodeB )" : {
      "(clientPoolD, nodeC_c07, nodeC_c07)" : {
        "AppCoordinates {com.bbn, test-service3, 1}" : {
          "DATARATE_TX" : 1.1514285714285699E-4,
          "DATARATE_RX" : 5.7571428571428496E-5
        },
        "AppCoordinates {com.bbn, test-service2, 1}" : {
          "DATARATE_TX" : -7.623296525288703E-21,
          "DATARATE_RX" : -3.8116482626443515E-21
        }
      },
      "(clientPoolD, nodeC_c02, nodeC_c02)" : {
        "AppCoordinates {com.bbn, test-service3, 1}" : {
          "DATARATE_TX" : 7.342857142857141E-5,
          "DATARATE_RX" : 3.671428571428571E-5
        }
      },
      "(clientPoolD, nodeC_c01, nodeC_c01)" : {
        "AppCoordinates {com.bbn, test-service2, 1}" : {
          "DATARATE_TX" : 1.2999999999999983E-4,
          "DATARATE_RX" : 6.499999999999991E-5
        }
      },
      "(clientPoolD, nodeC_c00, nodeC_c00)" : {
        "AppCoordinates {com.bbn, test-service3, 1}" : {
          "DATARATE_TX" : 9.742857142857135E-5,
          "DATARATE_RX" : 4.8714285714285674E-5
        },
        "AppCoordinates {com.bbn, test-service1, 1}" : {
          "DATARATE_TX" : -7.623296525288703E-21,
          "DATARATE_RX" : -3.8116482626443515E-21
        }
      },
      "(clientPoolD, nodeC_c06, nodeC_c06)" : {
        "AppCoordinates {com.bbn, test-service3, 1}" : {
          "DATARATE_TX" : 8.371428571428566E-5,
          "DATARATE_RX" : 4.185714285714283E-5
        },
        "AppCoordinates {com.bbn, test-service2, 1}" : {
          "DATARATE_TX" : -8.470329472543003E-22,
          "DATARATE_RX" : -4.2351647362715017E-22
        },
        "AppCoordinates {com.bbn, test-service1, 1}" : {
          "DATARATE_TX" : -7.623296525288703E-21,
          "DATARATE_RX" : -3.8116482626443515E-21
        }
      },
      "(clientPoolD, nodeB_c01, nodeB_c01)" : {
        "AppCoordinates {com.bbn, test-service2, 1}" : {
          "DATARATE_TX" : -7.623296525288703E-21,
          "DATARATE_RX" : -3.8116482626443515E-21
        }
      },
      "(clientPoolD, nodeC_c05, nodeC_c05)" : {
        "AppCoordinates {com.bbn, test-service3, 1}" : {
          "DATARATE_TX" : 9.542857142857133E-5,
          "DATARATE_RX" : 4.771428571428566E-5
        },
        "AppCoordinates {com.bbn, test-service1, 1}" : {
          "DATARATE_TX" : -7.623296525288703E-21,
          "DATARATE_RX" : -3.8116482626443515E-21
        }
      },
      "(clientPoolD, nodeB_c00, nodeB_c00)" : {
        "AppCoordinates {com.bbn, test-service2, 1}" : {
          "DATARATE_TX" : 1.9481757786848908E-20,
          "DATARATE_RX" : 9.740878893424454E-21
        }
      },
      "(clientPoolD, nodeC_c04, nodeC_c04)" : {
        "AppCoordinates {com.bbn, test-service3, 1}" : {
          "DATARATE_TX" : 9.028571428571422E-5,
          "DATARATE_RX" : 4.514285714285711E-5
        },
        "AppCoordinates {com.bbn, test-service1, 1}" : {
          "DATARATE_TX" : -7.623296525288703E-21,
          "DATARATE_RX" : -3.8116482626443515E-21
        }
      },
      "(clientPoolD, nodeC_c03, nodeC_c03)" : {
        "AppCoordinates {com.bbn, test-service1, 1}" : {
          "DATARATE_TX" : 1.3399999999999981E-4,
          "DATARATE_RX" : 6.699999999999991E-5
        }
      },
      "(clientPoolD, nodeB_c02, nodeB_c02)" : {
        "AppCoordinates {com.bbn, test-service3, 1}" : {
          "DATARATE_TX" : 1.2028571428571413E-4,
          "DATARATE_RX" : 6.0142857142857066E-5
        }
      }
    }
  },
  "containerReports" : {
    "nodeD_c02" : {
      "containerName" : {
        "name" : "nodeD_c02"
      },
      "timestamp" : 369994,
      "service" : {
        "group" : "com.bbn",
        "artifact" : "test-service3",
        "version" : "1"
      },
      "serviceStatus" : "RUNNING",
      "demandEstimationWindow" : "SHORT",
      "computeCapacity" : {
        "CPU" : 1.0,
        "TASK_CONTAINERS" : 100.0,
        "QueueLength" : 1000000.0
      },
      "computeLoad" : {
        "UNKNOWN" : {
          "QueueLength" : 60.0,
          "TASK_CONTAINERS" : 30.0
        }
      },
      "computeDemand" : {
        "UNKNOWN" : {
          "QueueLength" : 52.125,
          "TASK_CONTAINERS" : 26.0625
        }
      },
      "averageProcessingTime" : 120000.0,
      "networkCapacity" : {
        "interface-nodeD ( nodeD )" : {
          "DATARATE_TX" : 100.0,
          "DATARATE_RX" : 100.0
        }
      },
      "networkLoad" : {
        "interface-nodeD ( nodeD )" : {
          "(clientPoolD, nodeD_c02, nodeD_c02)" : {
            "AppCoordinates {com.bbn, test-service3, 1}" : {
              "DATARATE_TX" : 1.1999999999999985E-4,
              "DATARATE_RX" : 5.999999999999993E-5
            }
          }
        }
      },
      "networkDemand" : {
        "interface-nodeD ( nodeD )" : {
          "(clientPoolD, nodeD_c02, nodeD_c02)" : {
            "AppCoordinates {com.bbn, test-service3, 1}" : {
              "DATARATE_TX" : 1.1914285714285701E-4,
              "DATARATE_RX" : 5.9571428571428504E-5
            }
          }
        }
      }
    }
  },
  "maximumServiceContainers" : 20,
  "allocatedServiceContainers" : 1,
  "computeDemand" : {
    "AppCoordinates {com.bbn, test-service3, 1}" : {
      "UNKNOWN" : {
        "QueueLength" : 52.125,
        "TASK_CONTAINERS" : 26.0625
      }
    }
  },
  "containerNetworkLoad" : {
    "interface-nodeD ( nodeD )" : {
      "(clientPoolD, nodeD_c02, nodeD_c02)" : {
        "AppCoordinates {com.bbn, test-service3, 1}" : {
          "DATARATE_TX" : 1.1999999999999985E-4,
          "DATARATE_RX" : 5.999999999999993E-5
        }
      }
    }
  },
  "containerNetworkDemand" : {
    "interface-nodeD ( nodeD )" : {
      "(clientPoolD, nodeD_c02, nodeD_c02)" : {
        "AppCoordinates {com.bbn, test-service3, 1}" : {
          "DATARATE_TX" : 1.1914285714285701E-4,
          "DATARATE_RX" : 5.9571428571428504E-5
        }
      }
    }
  },
  "computeLoad" : {
    "AppCoordinates {com.bbn, test-service3, 1}" : {
      "UNKNOWN" : {
        "QueueLength" : 60.0,
        "TASK_CONTAINERS" : 30.0
      }
    }
  },
  "availableServiceContainers" : 19,
  "allocatedComputeCapacity" : {
    "CPU" : 1.0,
    "QueueLength" : 1000000.0,
    "TASK_CONTAINERS" : 100.0
  },
  "averageProcessingTime" : {
    "AppCoordinates {com.bbn, test-service3, 1}" : 120000.0
  }
}