{
  "clientName" : "clientPoolG",
  "clientRegion" : {
    "name" : "G"
  },
  "numRequestsAttempted" : 3800,
  "numRequestsSucceeded" : 2452,
  "numRequestsFailedForServerLoad" : 1348,
  "numRequestsFailedForNetworkLoad" : 0,
  "numRequestsSlowForServerLoad" : 806,
  "numRequestsSlowForNetworkLoad" : 0,
  "numRequestsSlowForNetworkAndServerLoad" : 0,
  "numRequestsServicedByRegion" : {
    "A" : 349,
    "D" : 230,
    "F" : 835,
    "G" : 864,
    "H" : 174
  },
  "numRequestsFailedForDownNode" : 0
}