{
  "region" : {
    "name" : "J"
  },
  "nodeResourceReports" : [ {
    "nodeName" : {
      "name" : "nodeJ"
    },
    "timestamp" : 355495,
    "demandEstimationWindow" : "SHORT",
    "nodeComputeCapacity" : {
      "CPU" : 4.0,
      "MEMORY" : 8.0E9,
      "DISK" : 10.0,
      "TASK_CONTAINERS" : 20.0
    },
    "networkCapacity" : {
      "interface-nodeD ( nodeD )" : {
        "DATARATE_RX" : 100.0,
        "DATARATE_TX" : 100.0
      },
      "interface-nodeE ( nodeE )" : {
        "DATARATE_RX" : 100.0,
        "DATARATE_TX" : 100.0
      },
      "interface-nodeC ( nodeC )" : {
        "DATARATE_RX" : 100.0,
        "DATARATE_TX" : 100.0
      },
      "interface-nodeH ( nodeH )" : {
        "DATARATE_RX" : 100.0,
        "DATARATE_TX" : 100.0
      },
      "interface-nodeI ( nodeI )" : {
        "DATARATE_RX" : 100.0,
        "DATARATE_TX" : 100.0
      },
      "interface-nodeG ( nodeG )" : {
        "DATARATE_RX" : 100.0,
        "DATARATE_TX" : 100.0
      },
      "interface-nodeA ( nodeA )" : {
        "DATARATE_RX" : 100.0,
        "DATARATE_TX" : 100.0
      }
    },
    "networkLoad" : {
      "interface-nodeD ( nodeD )" : { },
      "interface-nodeE ( nodeE )" : { },
      "interface-nodeC ( nodeC )" : { },
      "interface-nodeH ( nodeH )" : {
        "(nodeJ_c00, clientPoolH, nodeJ_c00)" : {
          "AppCoordinates {com.bbn, test-service3, 1}" : {
            "DATARATE_TX" : -3.8116482626443515E-21,
            "DATARATE_RX" : -7.623296525288703E-21
          }
        },
        "(nodeJ_c01, clientPoolH, nodeJ_c01)" : {
          "AppCoordinates {com.bbn, test-service3, 1}" : {
            "DATARATE_TX" : 1.7E-5,
            "DATARATE_RX" : 3.4E-5
          }
        }
      },
      "interface-nodeI ( nodeI )" : {
        "(clientPoolJ, nodeI_c07, nodeI_c07)" : {
          "AppCoordinates {com.bbn, test-service3, 1}" : {
            "DATARATE_TX" : 1.399999999999998E-4,
            "DATARATE_RX" : 6.99999999999999E-5
          },
          "AppCoordinates {com.bbn, test-service2, 1}" : {
            "DATARATE_TX" : -7.623296525288703E-21,
            "DATARATE_RX" : -3.8116482626443515E-21
          },
          "AppCoordinates {com.bbn, test-service1, 1}" : {
            "DATARATE_TX" : -7.623296525288703E-21,
            "DATARATE_RX" : -3.8116482626443515E-21
          }
        },
        "(clientPoolJ, nodeI_c06, nodeI_c06)" : {
          "AppCoordinates {com.bbn, test-service2, 1}" : {
            "DATARATE_TX" : 1.3399999999999981E-4,
            "DATARATE_RX" : 6.699999999999991E-5
          }
        },
        "(clientPoolJ, nodeI_c05, nodeI_c05)" : {
          "AppCoordinates {com.bbn, test-service3, 1}" : {
            "DATARATE_TX" : 1.2399999999999984E-4,
            "DATARATE_RX" : 6.199999999999992E-5
          }
        },
        "(clientPoolJ, nodeI_c04, nodeI_c04)" : {
          "AppCoordinates {com.bbn, test-service3, 1}" : {
            "DATARATE_TX" : 1.3199999999999982E-4,
            "DATARATE_RX" : 6.599999999999991E-5
          },
          "AppCoordinates {com.bbn, test-service1, 1}" : {
            "DATARATE_TX" : -7.623296525288703E-21,
            "DATARATE_RX" : -3.8116482626443515E-21
          }
        },
        "(clientPoolJ, nodeI_c03, nodeI_c03)" : {
          "AppCoordinates {com.bbn, test-service3, 1}" : {
            "DATARATE_TX" : 1.0999999999999988E-4,
            "DATARATE_RX" : 5.499999999999994E-5
          },
          "AppCoordinates {com.bbn, test-service1, 1}" : {
            "DATARATE_TX" : -7.623296525288703E-21,
            "DATARATE_RX" : -3.8116482626443515E-21
          }
        },
        "(clientPoolJ, nodeI_c02, nodeI_c02)" : {
          "AppCoordinates {com.bbn, test-service3, 1}" : {
            "DATARATE_TX" : 1.4999999999999977E-4,
            "DATARATE_RX" : 7.499999999999989E-5
          }
        },
        "(clientPoolJ, nodeI_c01, nodeI_c01)" : {
          "AppCoordinates {com.bbn, test-service3, 1}" : {
            "DATARATE_TX" : 1.439999999999998E-4,
            "DATARATE_RX" : 7.19999999999999E-5
          },
          "AppCoordinates {com.bbn, test-service2, 1}" : {
            "DATARATE_TX" : -7.623296525288703E-21,
            "DATARATE_RX" : -3.8116482626443515E-21
          }
        },
        "(clientPoolJ, nodeI_c00, nodeI_c00)" : {
          "AppCoordinates {com.bbn, test-service1, 1}" : {
            "DATARATE_TX" : 1.379999999999998E-4,
            "DATARATE_RX" : 6.89999999999999E-5
          }
        }
      },
      "interface-nodeG ( nodeG )" : { },
      "interface-nodeA ( nodeA )" : { }
    },
    "networkDemand" : {
      "interface-nodeE ( nodeE )" : { },
      "interface-nodeD ( nodeD )" : { },
      "interface-nodeC ( nodeC )" : { },
      "interface-nodeA ( nodeA )" : { },
      "interface-nodeI ( nodeI )" : {
        "(clientPoolJ, nodeI_c07, nodeI_c07)" : {
          "AppCoordinates {com.bbn, test-service3, 1}" : {
            "DATARATE_TX" : 1.4028571428571408E-4,
            "DATARATE_RX" : 7.014285714285704E-5
          },
          "AppCoordinates {com.bbn, test-service2, 1}" : {
            "DATARATE_TX" : -7.623296525288703E-21,
            "DATARATE_RX" : -3.8116482626443515E-21
          },
          "AppCoordinates {com.bbn, test-service1, 1}" : {
            "DATARATE_TX" : -7.623296525288703E-21,
            "DATARATE_RX" : -3.8116482626443515E-21
          }
        },
        "(clientPoolJ, nodeI_c06, nodeI_c06)" : {
          "AppCoordinates {com.bbn, test-service2, 1}" : {
            "DATARATE_TX" : 1.3399999999999981E-4,
            "DATARATE_RX" : 6.699999999999991E-5
          }
        },
        "(clientPoolJ, nodeI_c05, nodeI_c05)" : {
          "AppCoordinates {com.bbn, test-service3, 1}" : {
            "DATARATE_TX" : 1.2199999999999983E-4,
            "DATARATE_RX" : 6.099999999999992E-5
          }
        },
        "(clientPoolJ, nodeI_c04, nodeI_c04)" : {
          "AppCoordinates {com.bbn, test-service3, 1}" : {
            "DATARATE_TX" : 1.3542857142857123E-4,
            "DATARATE_RX" : 6.771428571428561E-5
          },
          "AppCoordinates {com.bbn, test-service1, 1}" : {
            "DATARATE_TX" : -7.623296525288703E-21,
            "DATARATE_RX" : -3.8116482626443515E-21
          }
        },
        "(clientPoolJ, nodeI_c03, nodeI_c03)" : {
          "AppCoordinates {com.bbn, test-service3, 1}" : {
            "DATARATE_TX" : 1.137142857142856E-4,
            "DATARATE_RX" : 5.68571428571428E-5
          },
          "AppCoordinates {com.bbn, test-service1, 1}" : {
            "DATARATE_TX" : -7.623296525288703E-21,
            "DATARATE_RX" : -3.8116482626443515E-21
          }
        },
        "(clientPoolJ, nodeI_c02, nodeI_c02)" : {
          "AppCoordinates {com.bbn, test-service3, 1}" : {
            "DATARATE_TX" : 1.5257142857142835E-4,
            "DATARATE_RX" : 7.628571428571417E-5
          }
        },
        "(clientPoolJ, nodeI_c01, nodeI_c01)" : {
          "AppCoordinates {com.bbn, test-service3, 1}" : {
            "DATARATE_TX" : 1.3628571428571409E-4,
            "DATARATE_RX" : 6.814285714285704E-5
          },
          "AppCoordinates {com.bbn, test-service2, 1}" : {
            "DATARATE_TX" : -7.623296525288703E-21,
            "DATARATE_RX" : -3.8116482626443515E-21
          }
        },
        "(clientPoolJ, nodeI_c00, nodeI_c00)" : {
          "AppCoordinates {com.bbn, test-service1, 1}" : {
            "DATARATE_TX" : 1.379999999999998E-4,
            "DATARATE_RX" : 6.89999999999999E-5
          }
        }
      },
      "interface-nodeH ( nodeH )" : {
        "(nodeJ_c00, clientPoolH, nodeJ_c00)" : {
          "AppCoordinates {com.bbn, test-service3, 1}" : {
            "DATARATE_TX" : -3.8116482626443515E-21,
            "DATARATE_RX" : -7.623296525288703E-21
          }
        },
        "(nodeJ_c01, clientPoolH, nodeJ_c01)" : {
          "AppCoordinates {com.bbn, test-service3, 1}" : {
            "DATARATE_TX" : 1.6857142857142858E-5,
            "DATARATE_RX" : 3.3714285714285716E-5
          }
        }
      },
      "interface-nodeG ( nodeG )" : { }
    },
    "containerReports" : {
      "nodeJ_c01" : {
        "containerName" : {
          "name" : "nodeJ_c01"
        },
        "timestamp" : 355495,
        "service" : {
          "group" : "com.bbn",
          "artifact" : "test-service3",
          "version" : "1"
        },
        "serviceStatus" : "RUNNING",
        "demandEstimationWindow" : "SHORT",
        "computeCapacity" : {
          "CPU" : 1.0,
          "TASK_CONTAINERS" : 100.0,
          "QueueLength" : 1000000.0
        },
        "computeLoad" : {
          "UNKNOWN" : {
            "QueueLength" : 35.0,
            "TASK_CONTAINERS" : 17.5
          }
        },
        "computeDemand" : {
          "UNKNOWN" : {
            "QueueLength" : 30.0,
            "TASK_CONTAINERS" : 15.0
          }
        },
        "averageProcessingTime" : 120000.0,
        "networkCapacity" : {
          "interface-nodeJ ( nodeJ )" : {
            "DATARATE_TX" : 100.0,
            "DATARATE_RX" : 100.0
          }
        },
        "networkLoad" : {
          "interface-nodeJ ( nodeJ )" : {
            "(clientPoolH, nodeJ_c01, nodeJ_c01)" : {
              "AppCoordinates {com.bbn, test-service3, 1}" : {
                "DATARATE_TX" : 3.4E-5,
                "DATARATE_RX" : 1.7E-5
              }
            },
            "(clientPoolJ, nodeJ_c01, nodeJ_c01)" : {
              "AppCoordinates {com.bbn, test-service3, 1}" : {
                "DATARATE_TX" : 3.6E-5,
                "DATARATE_RX" : 1.8E-5
              }
            }
          }
        },
        "networkDemand" : {
          "interface-nodeJ ( nodeJ )" : {
            "(clientPoolH, nodeJ_c01, nodeJ_c01)" : {
              "AppCoordinates {com.bbn, test-service3, 1}" : {
                "DATARATE_TX" : 3.3714285714285716E-5,
                "DATARATE_RX" : 1.6857142857142858E-5
              }
            },
            "(clientPoolJ, nodeJ_c01, nodeJ_c01)" : {
              "AppCoordinates {com.bbn, test-service3, 1}" : {
                "DATARATE_TX" : 3.485714285714286E-5,
                "DATARATE_RX" : 1.742857142857143E-5
              }
            }
          }
        }
      }
    },
    "maximumServiceContainers" : 20,
    "allocatedServiceContainers" : 1,
    "computeDemand" : {
      "AppCoordinates {com.bbn, test-service3, 1}" : {
        "UNKNOWN" : {
          "QueueLength" : 30.0,
          "TASK_CONTAINERS" : 15.0
        }
      }
    },
    "containerNetworkLoad" : {
      "interface-nodeJ ( nodeJ )" : {
        "(clientPoolH, nodeJ_c01, nodeJ_c01)" : {
          "AppCoordinates {com.bbn, test-service3, 1}" : {
            "DATARATE_TX" : 3.4E-5,
            "DATARATE_RX" : 1.7E-5
          }
        },
        "(clientPoolJ, nodeJ_c01, nodeJ_c01)" : {
          "AppCoordinates {com.bbn, test-service3, 1}" : {
            "DATARATE_TX" : 3.6E-5,
            "DATARATE_RX" : 1.8E-5
          }
        }
      }
    },
    "containerNetworkDemand" : {
      "interface-nodeJ ( nodeJ )" : {
        "(clientPoolH, nodeJ_c01, nodeJ_c01)" : {
          "AppCoordinates {com.bbn, test-service3, 1}" : {
            "DATARATE_TX" : 3.3714285714285716E-5,
            "DATARATE_RX" : 1.6857142857142858E-5
          }
        },
        "(clientPoolJ, nodeJ_c01, nodeJ_c01)" : {
          "AppCoordinates {com.bbn, test-service3, 1}" : {
            "DATARATE_TX" : 3.485714285714286E-5,
            "DATARATE_RX" : 1.742857142857143E-5
          }
        }
      }
    },
    "computeLoad" : {
      "AppCoordinates {com.bbn, test-service3, 1}" : {
        "UNKNOWN" : {
          "QueueLength" : 35.0,
          "TASK_CONTAINERS" : 17.5
        }
      }
    },
    "availableServiceContainers" : 19,
    "averageProcessingTime" : {
      "AppCoordinates {com.bbn, test-service3, 1}" : 120000.0
    },
    "allocatedComputeCapacity" : {
      "CPU" : 1.0,
      "QueueLength" : 1000000.0,
      "TASK_CONTAINERS" : 100.0
    }
  } ]
}