588,1,DNS_UPDATE_SUCCEEDED
612,1,DCOP_PLAN_PLUBLIED
675,2,RLG_PLAN_PUBLISHED
1133,3,DNS_UPDATE_SUCCEEDED
33595,67,RLG_PLAN_PUBLISHED
36593,73,RLG_PLAN_PUBLISHED
36602,74,DNS_UPDATE_SUCCEEDED
37102,75,DNS_UPDATE_SUCCEEDED
39594,79,RLG_PLAN_PUBLISHED
39600,80,DNS_UPDATE_SUCCEEDED
93594,187,RLG_PLAN_PUBLISHED
93611,188,DNS_UPDATE_SUCCEEDED
94110,189,DNS_UPDATE_SUCCEEDED
96595,193,RLG_PLAN_PUBLISHED
96612,194,DNS_UPDATE_SUCCEEDED
153600,307,RLG_PLAN_PUBLISHED
153629,308,DNS_UPDATE_SUCCEEDED
154124,309,DNS_UPDATE_SUCCEEDED
156601,313,RLG_PLAN_PUBLISHED
156631,314,DNS_UPDATE_SUCCEEDED
157132,315,DNS_UPDATE_SUCCEEDED
159601,319,RLG_PLAN_PUBLISHED
159650,320,DNS_UPDATE_SUCCEEDED
160129,321,DNS_UPDATE_SUCCEEDED
162599,325,RLG_PLAN_PUBLISHED
162633,326,DNS_UPDATE_SUCCEEDED
163133,327,DNS_UPDATE_SUCCEEDED
165599,331,RLG_PLAN_PUBLISHED
165635,332,DNS_UPDATE_SUCCEEDED
165781,332,DCOP_PLAN_PLUBLIED
168602,337,RLG_PLAN_PUBLISHED
168637,338,DNS_UPDATE_SUCCEEDED
213601,427,RLG_PLAN_PUBLISHED
213652,428,DNS_UPDATE_SUCCEEDED
214151,429,DNS_UPDATE_SUCCEEDED
216603,433,RLG_PLAN_PUBLISHED
216651,434,DNS_UPDATE_SUCCEEDED
217151,435,DNS_UPDATE_SUCCEEDED
219601,439,RLG_PLAN_PUBLISHED
219653,440,DNS_UPDATE_SUCCEEDED
714650,1428,RLG_PLAN_PUBLISHED
714657,1429,DNS_UPDATE_SUCCEEDED
715156,1430,DNS_UPDATE_SUCCEEDED
717646,1434,RLG_PLAN_PUBLISHED
717658,1435,DNS_UPDATE_SUCCEEDED
718156,1436,DNS_UPDATE_SUCCEEDED
720644,1440,RLG_PLAN_PUBLISHED
720661,1441,DNS_UPDATE_SUCCEEDED
834659,1668,RLG_PLAN_PUBLISHED
834698,1669,DNS_UPDATE_SUCCEEDED
837659,1674,RLG_PLAN_PUBLISHED
837702,1675,DNS_UPDATE_SUCCEEDED
838198,1676,DNS_UPDATE_SUCCEEDED
840664,1680,RLG_PLAN_PUBLISHED
840704,1681,DNS_UPDATE_SUCCEEDED
843660,1686,RLG_PLAN_PUBLISHED
843704,1687,DNS_UPDATE_SUCCEEDED
846661,1692,RLG_PLAN_PUBLISHED
846715,1693,DNS_UPDATE_SUCCEEDED
847204,1694,DNS_UPDATE_SUCCEEDED
849659,1698,RLG_PLAN_PUBLISHED
849712,1699,DNS_UPDATE_SUCCEEDED
894673,1788,RLG_PLAN_PUBLISHED
894738,1789,DNS_UPDATE_SUCCEEDED
897664,1794,RLG_PLAN_PUBLISHED
897739,1795,DNS_UPDATE_SUCCEEDED
898239,1796,DNS_UPDATE_SUCCEEDED
900671,1800,RLG_PLAN_PUBLISHED
900736,1801,DNS_UPDATE_SUCCEEDED
