617,1,DNS_UPDATE_SUCCEEDED
658,1,DCOP_PLAN_PLUBLIED
703,2,RLG_PLAN_PUBLISHED
105753,212,DCOP_PLAN_PLUBLIED
108640,217,RLG_PLAN_PUBLISHED
108647,218,DNS_UPDATE_SUCCEEDED
109139,219,DNS_UPDATE_SUCCEEDED
111639,223,RLG_PLAN_PUBLISHED
111648,224,DNS_UPDATE_SUCCEEDED
165641,331,RLG_PLAN_PUBLISHED
165673,332,DNS_UPDATE_SUCCEEDED
165697,332,DCOP_PLAN_PLUBLIED
166165,333,DNS_UPDATE_SUCCEEDED
168640,337,RLG_PLAN_PUBLISHED
168665,338,DNS_UPDATE_SUCCEEDED
222644,445,RLG_PLAN_PUBLISHED
222694,446,DNS_UPDATE_SUCCEEDED
225647,451,RLG_PLAN_PUBLISHED
225694,452,DNS_UPDATE_SUCCEEDED
225705,452,DCOP_PLAN_PLUBLIED
226195,453,DNS_UPDATE_SUCCEEDED
228644,457,RLG_PLAN_PUBLISHED
228692,458,DNS_UPDATE_SUCCEEDED
285708,571,DCOP_PLAN_PLUBLIED
288650,577,RLG_PLAN_PUBLISHED
288718,578,DNS_UPDATE_SUCCEEDED
345731,691,DCOP_PLAN_PLUBLIED
348652,697,RLG_PLAN_PUBLISHED
348733,698,DNS_UPDATE_SUCCEEDED
405712,811,DCOP_PLAN_PLUBLIED
408656,817,RLG_PLAN_PUBLISHED
408746,818,DNS_UPDATE_SUCCEEDED
465722,931,DCOP_PLAN_PLUBLIED
468659,937,RLG_PLAN_PUBLISHED
468763,938,DNS_UPDATE_SUCCEEDED
525706,1051,DCOP_PLAN_PLUBLIED
528664,1057,RLG_PLAN_PUBLISHED
528797,1058,DNS_UPDATE_SUCCEEDED
585729,1171,DCOP_PLAN_PLUBLIED
588667,1177,RLG_PLAN_PUBLISHED
588831,1178,DNS_UPDATE_SUCCEEDED
630003,1260,DCOP_PLAN_PLUBLIED
