{
  "region" : {
    "name" : "H"
  },
  "nodeResourceReports" : [ {
    "nodeName" : {
      "name" : "nodeH"
    },
    "timestamp" : 309493,
    "demandEstimationWindow" : "SHORT",
    "nodeComputeCapacity" : {
      "CPU" : 4.0,
      "MEMORY" : 8.0E9,
      "DISK" : 10.0,
      "TASK_CONTAINERS" : 20.0
    },
    "networkCapacity" : {
      "interface-nodeB ( nodeB )" : {
        "DATARATE_RX" : 100.0,
        "DATARATE_TX" : 100.0
      },
      "interface-nodeA ( nodeA )" : {
        "DATARATE_RX" : 100.0,
        "DATARATE_TX" : 100.0
      }
    },
    "networkLoad" : {
      "interface-nodeB ( nodeB )" : {
        "(nodeH_c00, clientPoolI, nodeH_c00)" : {
          "AppCoordinates {com.bbn, test-service2, 1}" : {
            "DATARATE_TX" : -3.8116482626443515E-21,
            "DATARATE_RX" : -7.623296525288703E-21
          }
        },
        "(nodeH_c01, clientPoolI, nodeH_c01)" : {
          "AppCoordinates {com.bbn, test-service3, 1}" : {
            "DATARATE_TX" : 4.399999999999997E-5,
            "DATARATE_RX" : 8.799999999999994E-5
          }
        },
        "(nodeA_c00, clientPoolI, nodeA_c00)" : {
          "AppCoordinates {com.bbn, test-service3, 1}" : {
            "DATARATE_TX" : 4.499999999999997E-5,
            "DATARATE_RX" : 8.999999999999994E-5
          },
          "AppCoordinates {com.bbn, test-service1, 1}" : {
            "DATARATE_TX" : -3.8116482626443515E-21,
            "DATARATE_RX" : -7.623296525288703E-21
          }
        },
        "(nodeA_c01, clientPoolI, nodeA_c01)" : {
          "AppCoordinates {com.bbn, test-service2, 1}" : {
            "DATARATE_TX" : -3.8116482626443515E-21,
            "DATARATE_RX" : -7.623296525288703E-21
          },
          "AppCoordinates {com.bbn, test-service1, 1}" : {
            "DATARATE_TX" : 6.599999999999991E-5,
            "DATARATE_RX" : 1.3199999999999982E-4
          }
        },
        "(nodeA_c02, clientPoolI, nodeA_c02)" : {
          "AppCoordinates {com.bbn, test-service3, 1}" : {
            "DATARATE_TX" : 4.499999999999997E-5,
            "DATARATE_RX" : 8.999999999999994E-5
          }
        },
        "(nodeA_c03, clientPoolI, nodeA_c03)" : {
          "AppCoordinates {com.bbn, test-service3, 1}" : {
            "DATARATE_TX" : 4.499999999999997E-5,
            "DATARATE_RX" : 8.999999999999994E-5
          },
          "AppCoordinates {com.bbn, test-service1, 1}" : {
            "DATARATE_TX" : -3.8116482626443515E-21,
            "DATARATE_RX" : -7.623296525288703E-21
          }
        },
        "(nodeA_c04, clientPoolI, nodeA_c04)" : {
          "AppCoordinates {com.bbn, test-service3, 1}" : {
            "DATARATE_TX" : 4.5999999999999966E-5,
            "DATARATE_RX" : 9.199999999999993E-5
          },
          "AppCoordinates {com.bbn, test-service1, 1}" : {
            "DATARATE_TX" : 1.2705494208814505E-21,
            "DATARATE_RX" : 2.541098841762901E-21
          }
        },
        "(nodeA_c05, clientPoolI, nodeA_c05)" : {
          "AppCoordinates {com.bbn, test-service3, 1}" : {
            "DATARATE_TX" : 3.699999999999999E-5,
            "DATARATE_RX" : 7.399999999999998E-5
          }
        },
        "(nodeA_c06, clientPoolI, nodeA_c06)" : {
          "AppCoordinates {com.bbn, test-service2, 1}" : {
            "DATARATE_TX" : 7.799999999999988E-5,
            "DATARATE_RX" : 1.5599999999999975E-4
          }
        },
        "(nodeA_c07, clientPoolI, nodeA_c07)" : {
          "AppCoordinates {com.bbn, test-service2, 1}" : {
            "DATARATE_TX" : 5.499999999999994E-5,
            "DATARATE_RX" : 1.0999999999999988E-4
          },
          "AppCoordinates {com.bbn, test-service1, 1}" : {
            "DATARATE_TX" : -3.8116482626443515E-21,
            "DATARATE_RX" : -7.623296525288703E-21
          }
        }
      },
      "interface-nodeA ( nodeA )" : {
        "(clientPoolI, nodeA_c05, nodeA_c05)" : {
          "AppCoordinates {com.bbn, test-service3, 1}" : {
            "DATARATE_TX" : 7.399999999999998E-5,
            "DATARATE_RX" : 3.699999999999999E-5
          }
        },
        "(clientPoolI, nodeA_c04, nodeA_c04)" : {
          "AppCoordinates {com.bbn, test-service3, 1}" : {
            "DATARATE_TX" : 9.199999999999993E-5,
            "DATARATE_RX" : 4.5999999999999966E-5
          },
          "AppCoordinates {com.bbn, test-service1, 1}" : {
            "DATARATE_TX" : 2.541098841762901E-21,
            "DATARATE_RX" : 1.2705494208814505E-21
          }
        },
        "(clientPoolI, nodeA_c03, nodeA_c03)" : {
          "AppCoordinates {com.bbn, test-service3, 1}" : {
            "DATARATE_TX" : 8.999999999999994E-5,
            "DATARATE_RX" : 4.499999999999997E-5
          },
          "AppCoordinates {com.bbn, test-service1, 1}" : {
            "DATARATE_TX" : -7.623296525288703E-21,
            "DATARATE_RX" : -3.8116482626443515E-21
          }
        },
        "(clientPoolI, nodeA_c02, nodeA_c02)" : {
          "AppCoordinates {com.bbn, test-service3, 1}" : {
            "DATARATE_TX" : 8.999999999999994E-5,
            "DATARATE_RX" : 4.499999999999997E-5
          }
        },
        "(clientPoolI, nodeA_c01, nodeA_c01)" : {
          "AppCoordinates {com.bbn, test-service2, 1}" : {
            "DATARATE_TX" : -7.623296525288703E-21,
            "DATARATE_RX" : -3.8116482626443515E-21
          },
          "AppCoordinates {com.bbn, test-service1, 1}" : {
            "DATARATE_TX" : 1.3199999999999982E-4,
            "DATARATE_RX" : 6.599999999999991E-5
          }
        },
        "(clientPoolI, nodeA_c00, nodeA_c00)" : {
          "AppCoordinates {com.bbn, test-service3, 1}" : {
            "DATARATE_TX" : 8.999999999999994E-5,
            "DATARATE_RX" : 4.499999999999997E-5
          },
          "AppCoordinates {com.bbn, test-service1, 1}" : {
            "DATARATE_TX" : -7.623296525288703E-21,
            "DATARATE_RX" : -3.8116482626443515E-21
          }
        },
        "(clientPoolI, nodeA_c07, nodeA_c07)" : {
          "AppCoordinates {com.bbn, test-service2, 1}" : {
            "DATARATE_TX" : 1.0999999999999988E-4,
            "DATARATE_RX" : 5.499999999999994E-5
          },
          "AppCoordinates {com.bbn, test-service1, 1}" : {
            "DATARATE_TX" : -7.623296525288703E-21,
            "DATARATE_RX" : -3.8116482626443515E-21
          }
        },
        "(clientPoolI, nodeA_c06, nodeA_c06)" : {
          "AppCoordinates {com.bbn, test-service2, 1}" : {
            "DATARATE_TX" : 1.5599999999999975E-4,
            "DATARATE_RX" : 7.799999999999988E-5
          }
        }
      }
    },
    "networkDemand" : {
      "interface-nodeB ( nodeB )" : {
        "(nodeH_c00, clientPoolI, nodeH_c00)" : {
          "AppCoordinates {com.bbn, test-service2, 1}" : {
            "DATARATE_TX" : -3.8116482626443515E-21,
            "DATARATE_RX" : -7.623296525288703E-21
          }
        },
        "(nodeH_c01, clientPoolI, nodeH_c01)" : {
          "AppCoordinates {com.bbn, test-service3, 1}" : {
            "DATARATE_TX" : 4.2142857142857116E-5,
            "DATARATE_RX" : 8.428571428571423E-5
          }
        },
        "(nodeA_c00, clientPoolI, nodeA_c00)" : {
          "AppCoordinates {com.bbn, test-service3, 1}" : {
            "DATARATE_TX" : 4.214285714285712E-5,
            "DATARATE_RX" : 8.428571428571425E-5
          },
          "AppCoordinates {com.bbn, test-service1, 1}" : {
            "DATARATE_TX" : -3.8116482626443515E-21,
            "DATARATE_RX" : -7.623296525288703E-21
          }
        },
        "(nodeA_c01, clientPoolI, nodeA_c01)" : {
          "AppCoordinates {com.bbn, test-service2, 1}" : {
            "DATARATE_TX" : -3.8116482626443515E-21,
            "DATARATE_RX" : -7.623296525288703E-21
          },
          "AppCoordinates {com.bbn, test-service1, 1}" : {
            "DATARATE_TX" : 6.599999999999991E-5,
            "DATARATE_RX" : 1.3199999999999982E-4
          }
        },
        "(nodeA_c02, clientPoolI, nodeA_c02)" : {
          "AppCoordinates {com.bbn, test-service3, 1}" : {
            "DATARATE_TX" : 4.2571428571428545E-5,
            "DATARATE_RX" : 8.514285714285709E-5
          }
        },
        "(nodeA_c03, clientPoolI, nodeA_c03)" : {
          "AppCoordinates {com.bbn, test-service3, 1}" : {
            "DATARATE_TX" : 4.128571428571426E-5,
            "DATARATE_RX" : 8.257142857142851E-5
          },
          "AppCoordinates {com.bbn, test-service1, 1}" : {
            "DATARATE_TX" : -3.8116482626443515E-21,
            "DATARATE_RX" : -7.623296525288703E-21
          }
        },
        "(nodeA_c04, clientPoolI, nodeA_c04)" : {
          "AppCoordinates {com.bbn, test-service3, 1}" : {
            "DATARATE_TX" : 4.285714285714283E-5,
            "DATARATE_RX" : 8.571428571428566E-5
          },
          "AppCoordinates {com.bbn, test-service1, 1}" : {
            "DATARATE_TX" : 1.2705494208814505E-21,
            "DATARATE_RX" : 2.541098841762901E-21
          }
        },
        "(nodeA_c05, clientPoolI, nodeA_c05)" : {
          "AppCoordinates {com.bbn, test-service3, 1}" : {
            "DATARATE_TX" : 3.485714285714285E-5,
            "DATARATE_RX" : 6.97142857142857E-5
          }
        },
        "(nodeA_c06, clientPoolI, nodeA_c06)" : {
          "AppCoordinates {com.bbn, test-service2, 1}" : {
            "DATARATE_TX" : 7.799999999999988E-5,
            "DATARATE_RX" : 1.5599999999999975E-4
          }
        },
        "(nodeA_c07, clientPoolI, nodeA_c07)" : {
          "AppCoordinates {com.bbn, test-service2, 1}" : {
            "DATARATE_TX" : 5.4999999999999934E-5,
            "DATARATE_RX" : 1.0999999999999987E-4
          },
          "AppCoordinates {com.bbn, test-service1, 1}" : {
            "DATARATE_TX" : -3.8116482626443515E-21,
            "DATARATE_RX" : -7.623296525288703E-21
          }
        }
      },
      "interface-nodeA ( nodeA )" : {
        "(clientPoolI, nodeA_c05, nodeA_c05)" : {
          "AppCoordinates {com.bbn, test-service3, 1}" : {
            "DATARATE_TX" : 6.97142857142857E-5,
            "DATARATE_RX" : 3.485714285714285E-5
          }
        },
        "(clientPoolI, nodeA_c04, nodeA_c04)" : {
          "AppCoordinates {com.bbn, test-service3, 1}" : {
            "DATARATE_TX" : 8.571428571428566E-5,
            "DATARATE_RX" : 4.285714285714283E-5
          },
          "AppCoordinates {com.bbn, test-service1, 1}" : {
            "DATARATE_TX" : 2.541098841762901E-21,
            "DATARATE_RX" : 1.2705494208814505E-21
          }
        },
        "(clientPoolI, nodeA_c03, nodeA_c03)" : {
          "AppCoordinates {com.bbn, test-service3, 1}" : {
            "DATARATE_TX" : 8.257142857142851E-5,
            "DATARATE_RX" : 4.128571428571426E-5
          },
          "AppCoordinates {com.bbn, test-service1, 1}" : {
            "DATARATE_TX" : -7.623296525288703E-21,
            "DATARATE_RX" : -3.8116482626443515E-21
          }
        },
        "(clientPoolI, nodeA_c02, nodeA_c02)" : {
          "AppCoordinates {com.bbn, test-service3, 1}" : {
            "DATARATE_TX" : 8.514285714285709E-5,
            "DATARATE_RX" : 4.2571428571428545E-5
          }
        },
        "(clientPoolI, nodeA_c01, nodeA_c01)" : {
          "AppCoordinates {com.bbn, test-service2, 1}" : {
            "DATARATE_TX" : -7.623296525288703E-21,
            "DATARATE_RX" : -3.8116482626443515E-21
          },
          "AppCoordinates {com.bbn, test-service1, 1}" : {
            "DATARATE_TX" : 1.3199999999999982E-4,
            "DATARATE_RX" : 6.599999999999991E-5
          }
        },
        "(clientPoolI, nodeA_c00, nodeA_c00)" : {
          "AppCoordinates {com.bbn, test-service3, 1}" : {
            "DATARATE_TX" : 8.428571428571425E-5,
            "DATARATE_RX" : 4.214285714285712E-5
          },
          "AppCoordinates {com.bbn, test-service1, 1}" : {
            "DATARATE_TX" : -7.623296525288703E-21,
            "DATARATE_RX" : -3.8116482626443515E-21
          }
        },
        "(clientPoolI, nodeA_c07, nodeA_c07)" : {
          "AppCoordinates {com.bbn, test-service2, 1}" : {
            "DATARATE_TX" : 1.0999999999999987E-4,
            "DATARATE_RX" : 5.4999999999999934E-5
          },
          "AppCoordinates {com.bbn, test-service1, 1}" : {
            "DATARATE_TX" : -7.623296525288703E-21,
            "DATARATE_RX" : -3.8116482626443515E-21
          }
        },
        "(clientPoolI, nodeA_c06, nodeA_c06)" : {
          "AppCoordinates {com.bbn, test-service2, 1}" : {
            "DATARATE_TX" : 1.5599999999999975E-4,
            "DATARATE_RX" : 7.799999999999988E-5
          }
        }
      }
    },
    "containerReports" : {
      "nodeH_c01" : {
        "containerName" : {
          "name" : "nodeH_c01"
        },
        "timestamp" : 309493,
        "service" : {
          "group" : "com.bbn",
          "artifact" : "test-service3",
          "version" : "1"
        },
        "serviceStatus" : "RUNNING",
        "demandEstimationWindow" : "SHORT",
        "computeCapacity" : {
          "CPU" : 1.0,
          "TASK_CONTAINERS" : 100.0,
          "QueueLength" : 1000000.0
        },
        "computeLoad" : {
          "UNKNOWN" : {
            "QueueLength" : 44.0,
            "TASK_CONTAINERS" : 22.0
          }
        },
        "computeDemand" : {
          "UNKNOWN" : {
            "QueueLength" : 36.875,
            "TASK_CONTAINERS" : 18.4375
          }
        },
        "averageProcessingTime" : 120000.0,
        "networkCapacity" : {
          "interface-nodeH ( nodeH )" : {
            "DATARATE_TX" : 100.0,
            "DATARATE_RX" : 100.0
          }
        },
        "networkLoad" : {
          "interface-nodeH ( nodeH )" : {
            "(clientPoolI, nodeH_c01, nodeH_c01)" : {
              "AppCoordinates {com.bbn, test-service3, 1}" : {
                "DATARATE_TX" : 8.799999999999994E-5,
                "DATARATE_RX" : 4.399999999999997E-5
              }
            }
          }
        },
        "networkDemand" : {
          "interface-nodeH ( nodeH )" : {
            "(clientPoolI, nodeH_c01, nodeH_c01)" : {
              "AppCoordinates {com.bbn, test-service3, 1}" : {
                "DATARATE_TX" : 8.428571428571423E-5,
                "DATARATE_RX" : 4.2142857142857116E-5
              }
            }
          }
        }
      }
    },
    "maximumServiceContainers" : 20,
    "allocatedServiceContainers" : 1,
    "computeDemand" : {
      "AppCoordinates {com.bbn, test-service3, 1}" : {
        "UNKNOWN" : {
          "QueueLength" : 36.875,
          "TASK_CONTAINERS" : 18.4375
        }
      }
    },
    "containerNetworkLoad" : {
      "interface-nodeH ( nodeH )" : {
        "(clientPoolI, nodeH_c01, nodeH_c01)" : {
          "AppCoordinates {com.bbn, test-service3, 1}" : {
            "DATARATE_TX" : 8.799999999999994E-5,
            "DATARATE_RX" : 4.399999999999997E-5
          }
        }
      }
    },
    "containerNetworkDemand" : {
      "interface-nodeH ( nodeH )" : {
        "(clientPoolI, nodeH_c01, nodeH_c01)" : {
          "AppCoordinates {com.bbn, test-service3, 1}" : {
            "DATARATE_TX" : 8.428571428571423E-5,
            "DATARATE_RX" : 4.2142857142857116E-5
          }
        }
      }
    },
    "computeLoad" : {
      "AppCoordinates {com.bbn, test-service3, 1}" : {
        "UNKNOWN" : {
          "QueueLength" : 44.0,
          "TASK_CONTAINERS" : 22.0
        }
      }
    },
    "availableServiceContainers" : 19,
    "averageProcessingTime" : {
      "AppCoordinates {com.bbn, test-service3, 1}" : 120000.0
    },
    "allocatedComputeCapacity" : {
      "CPU" : 1.0,
      "QueueLength" : 1000000.0,
      "TASK_CONTAINERS" : 100.0
    }
  } ]
}