424,1,DNS_UPDATE_SUCCEEDED
40943,82,DCOP_PLAN_PLUBLIED
40955,82,RLG_PLAN_PUBLISHED
41444,83,DNS_UPDATE_SUCCEEDED
221229,436,DCOP_PLAN_PLUBLIED
221566,437,RLG_PLAN_PUBLISHED
341236,674,DCOP_PLAN_PLUBLIED
341781,675,RLG_PLAN_PUBLISHED
342188,676,DNS_UPDATE_SUCCEEDED
461339,912,DCOP_PLAN_PLUBLIED
461936,913,RLG_PLAN_PUBLISHED
462307,914,DNS_UPDATE_SUCCEEDED
581453,1149,DCOP_PLAN_PLUBLIED
582127,1151,RLG_PLAN_PUBLISHED
582528,1152,DNS_UPDATE_SUCCEEDED
701304,1385,DCOP_PLAN_PLUBLIED
702471,1387,RLG_PLAN_PUBLISHED
702753,1388,DNS_UPDATE_SUCCEEDED
821358,1620,DCOP_PLAN_PLUBLIED
822837,1623,RLG_PLAN_PUBLISHED
822936,1624,DNS_UPDATE_SUCCEEDED
941344,1856,DCOP_PLAN_PLUBLIED
943159,1860,RLG_PLAN_PUBLISHED
943577,1861,DNS_UPDATE_SUCCEEDED
1061414,2092,DCOP_PLAN_PLUBLIED
1063507,2096,RLG_PLAN_PUBLISHED
1063811,2097,DNS_UPDATE_SUCCEEDED
1181010,2327,DCOP_PLAN_PLUBLIED
1183826,2332,RLG_PLAN_PUBLISHED
1184024,2333,DNS_UPDATE_SUCCEEDED
1301368,2563,DCOP_PLAN_PLUBLIED
1304177,2568,RLG_PLAN_PUBLISHED
1304242,2569,DNS_UPDATE_SUCCEEDED
1421308,2798,DCOP_PLAN_PLUBLIED
1421514,2799,RLG_PLAN_PUBLISHED
1421856,2800,DNS_UPDATE_SUCCEEDED
1541528,3035,DCOP_PLAN_PLUBLIED
1541889,3035,RLG_PLAN_PUBLISHED
1542021,3036,DNS_UPDATE_SUCCEEDED
1661450,3270,DCOP_PLAN_PLUBLIED
1662247,3272,RLG_PLAN_PUBLISHED
1662741,3273,DNS_UPDATE_SUCCEEDED
1781409,3505,DCOP_PLAN_PLUBLIED
1782620,3508,RLG_PLAN_PUBLISHED
1782946,3509,DNS_UPDATE_SUCCEEDED
