{
  "AppCoordinates {com.bbn, test-service3, 1}" : {
    "serverDemand" : {
      "C" : {
        "QueueLength" : 132.8535417101902,
        "TASK_CONTAINERS" : 96.43614842295752
      },
      "E" : {
        "QueueLength" : 136.44084320109886,
        "TASK_CONTAINERS" : 99.0401101582782
      }
    }
  },
  "AppCoordinates {com.bbn, test-service2, 1}" : {
    "serverDemand" : {
      "C" : {
        "QueueLength" : 95.53832682472743,
        "TASK_CONTAINERS" : 48.79645724918875
      },
      "E" : {
        "QueueLength" : 90.7985152805357,
        "TASK_CONTAINERS" : 46.37558576156393
      }
    }
  },
  "AppCoordinates {com.bbn, test-service1, 1}" : {
    "serverDemand" : {
      "C" : {
        "QueueLength" : 162.14758474139074,
        "TASK_CONTAINERS" : 97.41514296427955
      },
      "E" : {
        "QueueLength" : 158.79105443386698,
        "TASK_CONTAINERS" : 95.39860426410182
      }
    }
  }
}