{
  "region" : {
    "name" : "C"
  },
  "timestamp" : 226299,
  "plan" : {
    "AppCoordinates {com.bbn, test-service3, 1}" : {
      "D" : 0.12271711313821126,
      "E" : 0.325055877739838,
      "F" : 0.06135855656910563,
      "G" : 0.06135855656910563,
      "I" : 0.1840756697073169,
      "J" : 0.06135855656910563,
      "L" : 0.06135855656910563,
      "O" : 0.06135855656910563,
      "C" : 0.061358556569105716
    },
    "AppCoordinates {com.bbn, test-service2, 1}" : {
      "D" : 0.0,
      "E" : 1.0,
      "F" : 0.0,
      "G" : 0.0,
      "I" : 0.0,
      "J" : 0.0,
      "L" : 0.0,
      "O" : 0.0,
      "C" : 0.0
    },
    "AppCoordinates {com.bbn, test-service1, 1}" : {
      "D" : 0.0,
      "E" : 1.0,
      "F" : 0.0,
      "G" : 0.0,
      "I" : 0.0,
      "J" : 0.0,
      "L" : 0.0,
      "O" : 0.0,
      "C" : 0.0
    }
  }
}