{
  "region" : {
    "name" : "D"
  },
  "minTimestamp" : 154487,
  "maxTimestamp" : 154487,
  "demandEstimationWindow" : "LONG",
  "serverCapacity" : {
    "DISK" : 10.0,
    "MEMORY" : 8.0E9,
    "CPU" : 4.0,
    "TASK_CONTAINERS" : 20.0
  },
  "serverLoad" : {
    "AppCoordinates {com.bbn, test-service3, 1}" : {
      "unknown" : {
        "QueueLength" : 263.0,
        "TASK_CONTAINERS" : 131.5
      }
    },
    "AppCoordinates {com.bbn, test-service2, 1}" : {
      "unknown" : {
        "QueueLength" : 69.0,
        "TASK_CONTAINERS" : 34.5
      }
    }
  },
  "serverDemand" : {
    "AppCoordinates {com.bbn, test-service3, 1}" : {
      "unknown" : {
        "QueueLength" : 235.3622620380739,
        "TASK_CONTAINERS" : 123.43319161858489
      }
    },
    "AppCoordinates {com.bbn, test-service2, 1}" : {
      "unknown" : {
        "QueueLength" : 49.41489361702128,
        "TASK_CONTAINERS" : 25.244565217391305
      }
    }
  },
  "serverAverageProcessingTimeCount" : { },
  "serverAverageProcessingTimeSum" : { },
  "networkCapacity" : {
    "A" : {
      "DATARATE_RX" : 100.0,
      "DATARATE_TX" : 100.0
    },
    "C" : {
      "DATARATE_RX" : 100.0,
      "DATARATE_TX" : 100.0
    },
    "E" : {
      "DATARATE_RX" : 100.0,
      "DATARATE_TX" : 100.0
    },
    "F" : {
      "DATARATE_RX" : 100.0,
      "DATARATE_TX" : 100.0
    },
    "G" : {
      "DATARATE_RX" : 100.0,
      "DATARATE_TX" : 100.0
    },
    "H" : {
      "DATARATE_RX" : 100.0,
      "DATARATE_TX" : 100.0
    },
    "I" : {
      "DATARATE_RX" : 100.0,
      "DATARATE_TX" : 100.0
    }
  },
  "networkLoad" : {
    "A" : { },
    "C" : {
      "(D, C, C)" : {
        "AppCoordinates {com.bbn, test-service2, 1}" : {
          "DATARATE_TX" : 6.200000000000002E-5,
          "DATARATE_RX" : 3.100000000000001E-5
        }
      },
      "(I, C, C)" : {
        "AppCoordinates {com.bbn, test-service2, 1}" : {
          "DATARATE_TX" : 3.800000000000001E-5,
          "DATARATE_RX" : 1.9000000000000004E-5
        }
      },
      "(G, C, C)" : {
        "AppCoordinates {com.bbn, test-service2, 1}" : {
          "DATARATE_TX" : 6.0E-6,
          "DATARATE_RX" : 3.0E-6
        }
      }
    },
    "E" : {
      "(D, E, E)" : {
        "AppCoordinates {com.bbn, test-service3, 1}" : {
          "DATARATE_TX" : 1.8599999999999997E-4,
          "DATARATE_RX" : 9.299999999999998E-5
        },
        "AppCoordinates {com.bbn, test-service2, 1}" : {
          "DATARATE_TX" : 4.1399999999999965E-4,
          "DATARATE_RX" : 2.0699999999999983E-4
        },
        "AppCoordinates {com.bbn, test-service1, 1}" : {
          "DATARATE_TX" : 1.1999999999999983E-4,
          "DATARATE_RX" : 5.9999999999999913E-5
        }
      }
    },
    "F" : { },
    "G" : {
      "(H, G, H)" : {
        "AppCoordinates {com.bbn, test-service2, 1}" : {
          "DATARATE_TX" : 5.999999999999999E-6,
          "DATARATE_RX" : 1.1999999999999999E-5
        }
      },
      "(D, G, D)" : {
        "AppCoordinates {com.bbn, test-service2, 1}" : {
          "DATARATE_TX" : 4.9999999999999996E-6,
          "DATARATE_RX" : 9.999999999999999E-6
        }
      },
      "(C, G, C)" : {
        "AppCoordinates {com.bbn, test-service2, 1}" : {
          "DATARATE_TX" : 3.0E-6,
          "DATARATE_RX" : 6.0E-6
        }
      }
    },
    "H" : {
      "(I, H, H)" : {
        "AppCoordinates {com.bbn, test-service2, 1}" : {
          "DATARATE_TX" : 3.600000000000001E-5,
          "DATARATE_RX" : 1.8000000000000004E-5
        }
      },
      "(G, H, H)" : {
        "AppCoordinates {com.bbn, test-service2, 1}" : {
          "DATARATE_TX" : 1.1999999999999999E-5,
          "DATARATE_RX" : 5.999999999999999E-6
        }
      },
      "(D, H, H)" : {
        "AppCoordinates {com.bbn, test-service2, 1}" : {
          "DATARATE_TX" : 5.600000000000002E-5,
          "DATARATE_RX" : 2.800000000000001E-5
        }
      }
    },
    "I" : {
      "(H, I, H)" : {
        "AppCoordinates {com.bbn, test-service2, 1}" : {
          "DATARATE_TX" : 1.8000000000000004E-5,
          "DATARATE_RX" : 3.600000000000001E-5
        }
      },
      "(D, I, D)" : {
        "AppCoordinates {com.bbn, test-service3, 1}" : {
          "DATARATE_TX" : 6.799999999999997E-5,
          "DATARATE_RX" : 1.3599999999999994E-4
        },
        "AppCoordinates {com.bbn, test-service2, 1}" : {
          "DATARATE_TX" : 1.7000000000000003E-5,
          "DATARATE_RX" : 3.4000000000000007E-5
        }
      },
      "(C, I, C)" : {
        "AppCoordinates {com.bbn, test-service2, 1}" : {
          "DATARATE_TX" : 1.9000000000000004E-5,
          "DATARATE_RX" : 3.800000000000001E-5
        }
      }
    }
  },
  "networkDemand" : {
    "A" : { },
    "C" : {
      "(D, C, C)" : {
        "AppCoordinates {com.bbn, test-service2, 1}" : {
          "DATARATE_TX" : 1.6333333333333325E-5,
          "DATARATE_RX" : 8.166666666666662E-6
        }
      },
      "(I, C, C)" : {
        "AppCoordinates {com.bbn, test-service2, 1}" : {
          "DATARATE_TX" : 4.288888888888887E-6,
          "DATARATE_RX" : 2.1444444444444433E-6
        }
      },
      "(G, C, C)" : {
        "AppCoordinates {com.bbn, test-service2, 1}" : {
          "DATARATE_TX" : 4.9999999999999996E-6,
          "DATARATE_RX" : 2.4999999999999998E-6
        }
      }
    },
    "E" : {
      "(D, E, E)" : {
        "AppCoordinates {com.bbn, test-service3, 1}" : {
          "DATARATE_TX" : 2.4290317283754412E-4,
          "DATARATE_RX" : 1.2145158641877206E-4
        },
        "AppCoordinates {com.bbn, test-service2, 1}" : {
          "DATARATE_TX" : 3.337751735765395E-4,
          "DATARATE_RX" : 1.6688758678826975E-4
        },
        "AppCoordinates {com.bbn, test-service1, 1}" : {
          "DATARATE_TX" : 2.978350243077566E-4,
          "DATARATE_RX" : 1.489175121538783E-4
        }
      }
    },
    "F" : { },
    "G" : {
      "(H, G, H)" : {
        "AppCoordinates {com.bbn, test-service2, 1}" : {
          "DATARATE_TX" : 2.2247191011235925E-6,
          "DATARATE_RX" : 4.449438202247185E-6
        }
      },
      "(D, G, D)" : {
        "AppCoordinates {com.bbn, test-service2, 1}" : {
          "DATARATE_TX" : 4.022222222222216E-6,
          "DATARATE_RX" : 8.044444444444433E-6
        }
      },
      "(C, G, C)" : {
        "AppCoordinates {com.bbn, test-service2, 1}" : {
          "DATARATE_TX" : 2.4999999999999998E-6,
          "DATARATE_RX" : 4.9999999999999996E-6
        }
      }
    },
    "H" : {
      "(I, H, H)" : {
        "AppCoordinates {com.bbn, test-service2, 1}" : {
          "DATARATE_TX" : 5.617977528089883E-6,
          "DATARATE_RX" : 2.8089887640449415E-6
        }
      },
      "(G, H, H)" : {
        "AppCoordinates {com.bbn, test-service2, 1}" : {
          "DATARATE_TX" : 4.449438202247185E-6,
          "DATARATE_RX" : 2.2247191011235925E-6
        }
      },
      "(D, H, H)" : {
        "AppCoordinates {com.bbn, test-service2, 1}" : {
          "DATARATE_TX" : 8.966292134831466E-6,
          "DATARATE_RX" : 4.483146067415733E-6
        }
      }
    },
    "I" : {
      "(H, I, H)" : {
        "AppCoordinates {com.bbn, test-service2, 1}" : {
          "DATARATE_TX" : 2.8089887640449415E-6,
          "DATARATE_RX" : 5.617977528089883E-6
        }
      },
      "(D, I, D)" : {
        "AppCoordinates {com.bbn, test-service3, 1}" : {
          "DATARATE_TX" : 6.451354296388537E-5,
          "DATARATE_RX" : 1.2902708592777074E-4
        },
        "AppCoordinates {com.bbn, test-service2, 1}" : {
          "DATARATE_TX" : 1.2131868131868131E-5,
          "DATARATE_RX" : 2.4263736263736262E-5
        }
      },
      "(C, I, C)" : {
        "AppCoordinates {com.bbn, test-service2, 1}" : {
          "DATARATE_TX" : 2.1444444444444433E-6,
          "DATARATE_RX" : 4.288888888888887E-6
        }
      }
    }
  },
  "maximumServiceContainers" : 20,
  "allocatedServiceContainers" : 3,
  "serverAverageProcessingTime" : { },
  "availableServiceContainers" : 17,
  "nullSummary" : false
}