212,1,DNS_UPDATE_SUCCEEDED
44315,88,RLG_PLAN_PUBLISHED
44316,88,DCOP_PLAN_PLUBLIED
44826,89,DNS_UPDATE_SUCCEEDED
224488,442,DCOP_PLAN_PLUBLIED
224786,442,RLG_PLAN_PUBLISHED
1304729,2571,DCOP_PLAN_PLUBLIED
1307276,2576,RLG_PLAN_PUBLISHED
1307568,2577,DNS_UPDATE_SUCCEEDED
1310281,2582,RLG_PLAN_PUBLISHED
1424490,2808,DCOP_PLAN_PLUBLIED
1427428,2814,RLG_PLAN_PUBLISHED
1428099,2816,DNS_UPDATE_SUCCEEDED
1430431,2820,RLG_PLAN_PUBLISHED
1472486,2903,RLG_PLAN_PUBLISHED
1472501,2904,DNS_UPDATE_SUCCEEDED
1473007,2905,DNS_UPDATE_SUCCEEDED
1475489,2909,RLG_PLAN_PUBLISHED
1475531,2910,DNS_UPDATE_SUCCEEDED
