231,1,DNS_UPDATE_SUCCEEDED
46954,94,RLG_PLAN_PUBLISHED
46955,94,DCOP_PLAN_PLUBLIED
47457,95,DNS_UPDATE_SUCCEEDED
227110,451,DCOP_PLAN_PLUBLIED
227189,451,RLG_PLAN_PUBLISHED
347160,689,DCOP_PLAN_PLUBLIED
347416,689,RLG_PLAN_PUBLISHED
347518,690,DNS_UPDATE_SUCCEEDED
467034,927,DCOP_PLAN_PLUBLIED
467596,928,RLG_PLAN_PUBLISHED
467930,929,DNS_UPDATE_SUCCEEDED
587019,1165,DCOP_PLAN_PLUBLIED
587742,1166,RLG_PLAN_PUBLISHED
587801,1167,DNS_UPDATE_SUCCEEDED
707405,1404,DCOP_PLAN_PLUBLIED
707899,1405,RLG_PLAN_PUBLISHED
708255,1406,DNS_UPDATE_SUCCEEDED
827148,1641,DCOP_PLAN_PLUBLIED
828047,1643,RLG_PLAN_PUBLISHED
828267,1644,DNS_UPDATE_SUCCEEDED
947170,1879,DCOP_PLAN_PLUBLIED
948207,1881,RLG_PLAN_PUBLISHED
948244,1882,DNS_UPDATE_SUCCEEDED
1067234,2117,DCOP_PLAN_PLUBLIED
1068376,2120,RLG_PLAN_PUBLISHED
1068788,2121,DNS_UPDATE_SUCCEEDED
1187165,2355,DCOP_PLAN_PLUBLIED
1188530,2358,RLG_PLAN_PUBLISHED
1188748,2359,DNS_UPDATE_SUCCEEDED
1307210,2593,DCOP_PLAN_PLUBLIED
1308696,2596,RLG_PLAN_PUBLISHED
1308812,2597,DNS_UPDATE_SUCCEEDED
1427216,2831,DCOP_PLAN_PLUBLIED
1428864,2834,RLG_PLAN_PUBLISHED
1428908,2835,DNS_UPDATE_SUCCEEDED
1547460,3069,DCOP_PLAN_PLUBLIED
1549068,3072,RLG_PLAN_PUBLISHED
1549194,3073,DNS_UPDATE_SUCCEEDED
1667176,3306,DCOP_PLAN_PLUBLIED
1669246,3310,RLG_PLAN_PUBLISHED
1669286,3311,DNS_UPDATE_SUCCEEDED
1787182,3544,DCOP_PLAN_PLUBLIED
1789386,3549,RLG_PLAN_PUBLISHED
1789778,3550,DNS_UPDATE_SUCCEEDED
