{
  "nodeName" : {
    "name" : "nodeK"
  },
  "timestamp" : 244995,
  "demandEstimationWindow" : "LONG",
  "nodeComputeCapacity" : {
    "CPU" : 4.0,
    "MEMORY" : 8.0E9,
    "DISK" : 10.0,
    "TASK_CONTAINERS" : 20.0
  },
  "networkCapacity" : {
    "interface-nodeC ( nodeC )" : {
      "DATARATE_RX" : 100.0,
      "DATARATE_TX" : 100.0
    },
    "interface-nodeI ( nodeI )" : {
      "DATARATE_RX" : 100.0,
      "DATARATE_TX" : 100.0
    },
    "interface-nodeL ( nodeL )" : {
      "DATARATE_RX" : 100.0,
      "DATARATE_TX" : 100.0
    },
    "interface-nodeJ ( nodeJ )" : {
      "DATARATE_RX" : 100.0,
      "DATARATE_TX" : 100.0
    },
    "interface-nodeA ( nodeA )" : {
      "DATARATE_RX" : 100.0,
      "DATARATE_TX" : 100.0
    },
    "interface-nodeN ( nodeN )" : {
      "DATARATE_RX" : 100.0,
      "DATARATE_TX" : 100.0
    },
    "interface-nodeO ( nodeO )" : {
      "DATARATE_RX" : 100.0,
      "DATARATE_TX" : 100.0
    }
  },
  "networkLoad" : {
    "interface-nodeC ( nodeC )" : { },
    "interface-nodeI ( nodeI )" : {
      "(clientPoolK, nodeI_c01, nodeI_c01)" : {
        "AppCoordinates {com.bbn, test-service3, 1}" : {
          "DATARATE_TX" : 3.999999999999999E-6,
          "DATARATE_RX" : 1.9999999999999995E-6
        }
      },
      "(clientPoolK, nodeI_c00, nodeI_c00)" : {
        "AppCoordinates {com.bbn, test-service3, 1}" : {
          "DATARATE_TX" : -7.623296525288703E-21,
          "DATARATE_RX" : -3.8116482626443515E-21
        }
      }
    },
    "interface-nodeL ( nodeL )" : {
      "(clientPoolK, nodeL_c00, nodeL_c00)" : {
        "AppCoordinates {com.bbn, test-service3, 1}" : {
          "DATARATE_TX" : 4.600000000000001E-5,
          "DATARATE_RX" : 2.3000000000000003E-5
        }
      },
      "(clientPoolK, nodeL_c01, nodeL_c01)" : {
        "AppCoordinates {com.bbn, test-service2, 1}" : {
          "DATARATE_TX" : -8.470329472543003E-22,
          "DATARATE_RX" : -4.2351647362715017E-22
        }
      },
      "(clientPoolK, nodeL_c02, nodeL_c02)" : {
        "AppCoordinates {com.bbn, test-service3, 1}" : {
          "DATARATE_TX" : -8.470329472543003E-22,
          "DATARATE_RX" : -4.2351647362715017E-22
        }
      }
    },
    "interface-nodeJ ( nodeJ )" : {
      "(clientPoolK, nodeJ_c00, nodeJ_c00)" : {
        "AppCoordinates {com.bbn, test-service3, 1}" : {
          "DATARATE_TX" : 1.9481757786848908E-20,
          "DATARATE_RX" : 9.740878893424454E-21
        }
      },
      "(clientPoolK, nodeJ_c01, nodeJ_c01)" : {
        "AppCoordinates {com.bbn, test-service3, 1}" : {
          "DATARATE_TX" : 4.600000000000001E-5,
          "DATARATE_RX" : 2.3000000000000003E-5
        }
      }
    },
    "interface-nodeA ( nodeA )" : {
      "(clientPoolK, nodeA_c07, nodeA_c07)" : {
        "AppCoordinates {com.bbn, test-service2, 1}" : {
          "DATARATE_TX" : 1.2199999999999988E-4,
          "DATARATE_RX" : 6.099999999999994E-5
        }
      },
      "(clientPoolK, nodeA_c06, nodeA_c06)" : {
        "AppCoordinates {com.bbn, test-service2, 1}" : {
          "DATARATE_TX" : 1.399999999999998E-4,
          "DATARATE_RX" : 6.99999999999999E-5
        }
      },
      "(clientPoolK, nodeA_c05, nodeA_c05)" : {
        "AppCoordinates {com.bbn, test-service3, 1}" : {
          "DATARATE_TX" : -7.623296525288703E-21,
          "DATARATE_RX" : -3.8116482626443515E-21
        }
      },
      "(clientPoolK, nodeA_c04, nodeA_c04)" : {
        "AppCoordinates {com.bbn, test-service3, 1}" : {
          "DATARATE_TX" : 1.379999999999998E-4,
          "DATARATE_RX" : 6.89999999999999E-5
        },
        "AppCoordinates {com.bbn, test-service1, 1}" : {
          "DATARATE_TX" : -7.623296525288703E-21,
          "DATARATE_RX" : -3.8116482626443515E-21
        }
      },
      "(clientPoolK, nodeA_c03, nodeA_c03)" : {
        "AppCoordinates {com.bbn, test-service1, 1}" : {
          "DATARATE_TX" : -7.623296525288703E-21,
          "DATARATE_RX" : -3.8116482626443515E-21
        }
      },
      "(clientPoolK, nodeA_c02, nodeA_c02)" : {
        "AppCoordinates {com.bbn, test-service3, 1}" : {
          "DATARATE_TX" : -7.623296525288703E-21,
          "DATARATE_RX" : -3.8116482626443515E-21
        },
        "AppCoordinates {com.bbn, test-service1, 1}" : {
          "DATARATE_TX" : 1.399999999999998E-4,
          "DATARATE_RX" : 6.99999999999999E-5
        }
      },
      "(clientPoolK, nodeA_c01, nodeA_c01)" : {
        "AppCoordinates {com.bbn, test-service2, 1}" : {
          "DATARATE_TX" : -7.623296525288703E-21,
          "DATARATE_RX" : -3.8116482626443515E-21
        }
      },
      "(clientPoolK, nodeA_c00, nodeA_c00)" : {
        "AppCoordinates {com.bbn, test-service3, 1}" : {
          "DATARATE_TX" : 1.2199999999999985E-4,
          "DATARATE_RX" : 6.0999999999999924E-5
        },
        "AppCoordinates {com.bbn, test-service1, 1}" : {
          "DATARATE_TX" : -7.623296525288703E-21,
          "DATARATE_RX" : -3.8116482626443515E-21
        }
      }
    },
    "interface-nodeN ( nodeN )" : {
      "(clientPoolK, nodeB_c00, nodeB_c00)" : {
        "AppCoordinates {com.bbn, test-service3, 1}" : {
          "DATARATE_TX" : 3.999999999999999E-6,
          "DATARATE_RX" : 1.9999999999999995E-6
        }
      }
    },
    "interface-nodeO ( nodeO )" : { }
  },
  "networkDemand" : {
    "interface-nodeC ( nodeC )" : { },
    "interface-nodeA ( nodeA )" : {
      "(clientPoolK, nodeA_c07, nodeA_c07)" : {
        "AppCoordinates {com.bbn, test-service2, 1}" : {
          "DATARATE_TX" : 1.317044673539516E-4,
          "DATARATE_RX" : 6.58522336769758E-5
        }
      },
      "(clientPoolK, nodeA_c06, nodeA_c06)" : {
        "AppCoordinates {com.bbn, test-service2, 1}" : {
          "DATARATE_TX" : 9.381111111111108E-5,
          "DATARATE_RX" : 4.690555555555554E-5
        }
      },
      "(clientPoolK, nodeA_c05, nodeA_c05)" : {
        "AppCoordinates {com.bbn, test-service3, 1}" : {
          "DATARATE_TX" : 1.9327777777777835E-5,
          "DATARATE_RX" : 9.663888888888917E-6
        }
      },
      "(clientPoolK, nodeA_c04, nodeA_c04)" : {
        "AppCoordinates {com.bbn, test-service3, 1}" : {
          "DATARATE_TX" : 1.2284848484848468E-4,
          "DATARATE_RX" : 6.142424242424234E-5
        },
        "AppCoordinates {com.bbn, test-service1, 1}" : {
          "DATARATE_TX" : 4.840555555555548E-5,
          "DATARATE_RX" : 2.420277777777774E-5
        }
      },
      "(clientPoolK, nodeA_c03, nodeA_c03)" : {
        "AppCoordinates {com.bbn, test-service1, 1}" : {
          "DATARATE_TX" : 1.0813888888888916E-4,
          "DATARATE_RX" : 5.406944444444458E-5
        }
      },
      "(clientPoolK, nodeA_c02, nodeA_c02)" : {
        "AppCoordinates {com.bbn, test-service3, 1}" : {
          "DATARATE_TX" : 3.3261111111111074E-5,
          "DATARATE_RX" : 1.6630555555555537E-5
        },
        "AppCoordinates {com.bbn, test-service1, 1}" : {
          "DATARATE_TX" : 1.3497142857142824E-4,
          "DATARATE_RX" : 6.748571428571412E-5
        }
      },
      "(clientPoolK, nodeA_c01, nodeA_c01)" : {
        "AppCoordinates {com.bbn, test-service2, 1}" : {
          "DATARATE_TX" : 7.282222222222234E-5,
          "DATARATE_RX" : 3.641111111111117E-5
        }
      },
      "(clientPoolK, nodeA_c00, nodeA_c00)" : {
        "AppCoordinates {com.bbn, test-service3, 1}" : {
          "DATARATE_TX" : 1.0703030303030287E-4,
          "DATARATE_RX" : 5.351515151515144E-5
        },
        "AppCoordinates {com.bbn, test-service1, 1}" : {
          "DATARATE_TX" : 6.28277777777778E-5,
          "DATARATE_RX" : 3.14138888888889E-5
        }
      }
    },
    "interface-nodeO ( nodeO )" : { },
    "interface-nodeN ( nodeN )" : {
      "(clientPoolK, nodeB_c00, nodeB_c00)" : {
        "AppCoordinates {com.bbn, test-service3, 1}" : {
          "DATARATE_TX" : 1.5916030534351128E-5,
          "DATARATE_RX" : 7.958015267175564E-6
        }
      }
    },
    "interface-nodeL ( nodeL )" : {
      "(clientPoolK, nodeL_c00, nodeL_c00)" : {
        "AppCoordinates {com.bbn, test-service3, 1}" : {
          "DATARATE_TX" : 7.68888888888888E-5,
          "DATARATE_RX" : 3.84444444444444E-5
        }
      },
      "(clientPoolK, nodeL_c01, nodeL_c01)" : {
        "AppCoordinates {com.bbn, test-service2, 1}" : {
          "DATARATE_TX" : 3.031578947368422E-5,
          "DATARATE_RX" : 1.515789473684211E-5
        }
      },
      "(clientPoolK, nodeL_c02, nodeL_c02)" : {
        "AppCoordinates {com.bbn, test-service3, 1}" : {
          "DATARATE_TX" : 2.9629629629629688E-5,
          "DATARATE_RX" : 1.4814814814814844E-5
        }
      }
    },
    "interface-nodeJ ( nodeJ )" : {
      "(clientPoolK, nodeJ_c00, nodeJ_c00)" : {
        "AppCoordinates {com.bbn, test-service3, 1}" : {
          "DATARATE_TX" : 1.0844444444444447E-4,
          "DATARATE_RX" : 5.4222222222222235E-5
        }
      },
      "(clientPoolK, nodeJ_c01, nodeJ_c01)" : {
        "AppCoordinates {com.bbn, test-service3, 1}" : {
          "DATARATE_TX" : 1.1494186046511613E-4,
          "DATARATE_RX" : 5.747093023255807E-5
        }
      }
    },
    "interface-nodeI ( nodeI )" : {
      "(clientPoolK, nodeI_c01, nodeI_c01)" : {
        "AppCoordinates {com.bbn, test-service3, 1}" : {
          "DATARATE_TX" : 2.234920634920635E-5,
          "DATARATE_RX" : 1.1174603174603175E-5
        }
      },
      "(clientPoolK, nodeI_c00, nodeI_c00)" : {
        "AppCoordinates {com.bbn, test-service3, 1}" : {
          "DATARATE_TX" : 4.177037037037044E-5,
          "DATARATE_RX" : 2.088518518518522E-5
        }
      }
    }
  },
  "containerReports" : {
    "nodeK_c01" : {
      "containerName" : {
        "name" : "nodeK_c01"
      },
      "timestamp" : 244995,
      "service" : {
        "group" : "com.bbn",
        "artifact" : "test-service3",
        "version" : "1"
      },
      "serviceStatus" : "RUNNING",
      "demandEstimationWindow" : "LONG",
      "computeCapacity" : {
        "CPU" : 1.0,
        "TASK_CONTAINERS" : 100.0,
        "QueueLength" : 1000000.0
      },
      "computeLoad" : {
        "UNKNOWN" : {
          "QueueLength" : 19.0,
          "TASK_CONTAINERS" : 9.5
        }
      },
      "computeDemand" : {
        "UNKNOWN" : {
          "QueueLength" : 30.734939759036145,
          "TASK_CONTAINERS" : 22.247093023255815
        }
      },
      "averageProcessingTime" : 120000.0,
      "networkCapacity" : {
        "interface-nodeK ( nodeK )" : {
          "DATARATE_TX" : 100.0,
          "DATARATE_RX" : 100.0
        }
      },
      "networkLoad" : {
        "interface-nodeK ( nodeK )" : {
          "(clientPoolK, nodeK_c01, nodeK_c01)" : {
            "AppCoordinates {com.bbn, test-service3, 1}" : {
              "DATARATE_TX" : 3.8E-5,
              "DATARATE_RX" : 1.9E-5
            }
          }
        }
      },
      "networkDemand" : {
        "interface-nodeK ( nodeK )" : {
          "(clientPoolK, nodeK_c01, nodeK_c01)" : {
            "AppCoordinates {com.bbn, test-service3, 1}" : {
              "DATARATE_TX" : 8.950877192982453E-5,
              "DATARATE_RX" : 4.4754385964912265E-5
            }
          }
        }
      }
    }
  },
  "maximumServiceContainers" : 20,
  "allocatedServiceContainers" : 1,
  "computeDemand" : {
    "AppCoordinates {com.bbn, test-service3, 1}" : {
      "UNKNOWN" : {
        "QueueLength" : 30.734939759036145,
        "TASK_CONTAINERS" : 22.247093023255815
      }
    }
  },
  "containerNetworkLoad" : {
    "interface-nodeK ( nodeK )" : {
      "(clientPoolK, nodeK_c01, nodeK_c01)" : {
        "AppCoordinates {com.bbn, test-service3, 1}" : {
          "DATARATE_TX" : 3.8E-5,
          "DATARATE_RX" : 1.9E-5
        }
      }
    }
  },
  "containerNetworkDemand" : {
    "interface-nodeK ( nodeK )" : {
      "(clientPoolK, nodeK_c01, nodeK_c01)" : {
        "AppCoordinates {com.bbn, test-service3, 1}" : {
          "DATARATE_TX" : 8.950877192982453E-5,
          "DATARATE_RX" : 4.4754385964912265E-5
        }
      }
    }
  },
  "computeLoad" : {
    "AppCoordinates {com.bbn, test-service3, 1}" : {
      "UNKNOWN" : {
        "QueueLength" : 19.0,
        "TASK_CONTAINERS" : 9.5
      }
    }
  },
  "availableServiceContainers" : 19,
  "averageProcessingTime" : {
    "AppCoordinates {com.bbn, test-service3, 1}" : 120000.0
  },
  "allocatedComputeCapacity" : {
    "CPU" : 1.0,
    "QueueLength" : 1000000.0,
    "TASK_CONTAINERS" : 100.0
  }
}