{
  "region" : {
    "name" : "K"
  },
  "timestamp" : 145180,
  "servicePlan" : {
    "nodeK" : [ {
      "id" : {
        "name" : "nodeK_c03"
      },
      "service" : {
        "group" : "com.bbn",
        "artifact" : "test-service3",
        "version" : "1"
      },
      "weight" : 1.0,
      "stopTrafficTo" : false,
      "stop" : false
    }, {
      "id" : {
        "name" : "nodeK_c02"
      },
      "service" : {
        "group" : "com.bbn",
        "artifact" : "test-service1",
        "version" : "1"
      },
      "weight" : 1.0,
      "stopTrafficTo" : false,
      "stop" : false
    }, {
      "id" : {
        "name" : "nodeK_c01"
      },
      "service" : {
        "group" : "com.bbn",
        "artifact" : "test-service2",
        "version" : "1"
      },
      "weight" : 1.0,
      "stopTrafficTo" : false,
      "stop" : false
    }, {
      "id" : {
        "name" : "nodeK_c00"
      },
      "service" : {
        "group" : "com.bbn",
        "artifact" : "test-service3",
        "version" : "1"
      },
      "weight" : 1.0,
      "stopTrafficTo" : false,
      "stop" : false
    } ]
  },
  "overflowPlan" : {
    "AppCoordinates {com.bbn, test-service3, 1}" : {
      "B" : 0.0,
      "D" : 0.0,
      "E" : 0.0,
      "G" : 0.0,
      "H" : 0.0,
      "I" : 0.0,
      "J" : 0.0,
      "M" : 0.0,
      "O" : 0.0,
      "K" : 1.0
    },
    "AppCoordinates {com.bbn, test-service2, 1}" : {
      "B" : 0.0,
      "D" : 0.24490636947982014,
      "E" : 0.22780605704783854,
      "G" : 0.0,
      "H" : 0.0,
      "I" : 0.22780605704783854,
      "J" : 0.0,
      "M" : 0.22780605704783854,
      "O" : 0.0,
      "K" : 0.07167545937666431
    },
    "AppCoordinates {com.bbn, test-service1, 1}" : {
      "B" : 0.0,
      "D" : 0.8341959513816083,
      "E" : 0.0,
      "G" : 0.0,
      "H" : 0.0,
      "I" : 0.0,
      "J" : 0.0,
      "M" : 0.0,
      "O" : 0.0,
      "K" : 0.1658040486183917
    }
  }
}