{
  "clientName" : "clientPoolD",
  "clientRegion" : {
    "name" : "D"
  },
  "numRequestsAttempted" : 5000,
  "numRequestsSucceeded" : 3447,
  "numRequestsFailedForServerLoad" : 1553,
  "numRequestsFailedForNetworkLoad" : 0,
  "numRequestsSlowForServerLoad" : 1070,
  "numRequestsSlowForNetworkLoad" : 0,
  "numRequestsSlowForNetworkAndServerLoad" : 0,
  "numRequestsServicedByRegion" : {
    "D" : 1301,
    "F" : 92,
    "G" : 790,
    "H" : 521,
    "I" : 743
  },
  "numRequestsFailedForDownNode" : 0
}