{
  "nodeName" : {
    "name" : "nodeJ"
  },
  "timestamp" : 166497,
  "demandEstimationWindow" : "LONG",
  "nodeComputeCapacity" : {
    "CPU" : 4.0,
    "MEMORY" : 8.0E9,
    "DISK" : 10.0,
    "TASK_CONTAINERS" : 20.0
  },
  "networkCapacity" : {
    "interface-nodeD ( nodeD )" : {
      "DATARATE_RX" : 100.0,
      "DATARATE_TX" : 100.0
    },
    "interface-nodeA ( nodeA )" : {
      "DATARATE_RX" : 100.0,
      "DATARATE_TX" : 100.0
    }
  },
  "networkLoad" : {
    "interface-nodeD ( nodeD )" : {
      "(nodeB_c01, clientPoolG, nodeB_c01)" : {
        "AppCoordinates {com.bbn, test-service2, 1}" : {
          "DATARATE_TX" : 3.999999999999998E-5,
          "DATARATE_RX" : 7.999999999999997E-5
        }
      },
      "(nodeB_c00, clientPoolG, nodeB_c00)" : {
        "AppCoordinates {com.bbn, test-service1, 1}" : {
          "DATARATE_TX" : -3.8116482626443515E-21,
          "DATARATE_RX" : -7.623296525288703E-21
        }
      },
      "(nodeB_c04, clientPoolG, nodeB_c04)" : {
        "AppCoordinates {com.bbn, test-service3, 1}" : {
          "DATARATE_TX" : -3.8116482626443515E-21,
          "DATARATE_RX" : -7.623296525288703E-21
        },
        "AppCoordinates {com.bbn, test-service1, 1}" : {
          "DATARATE_TX" : -4.2351647362715017E-22,
          "DATARATE_RX" : -8.470329472543003E-22
        }
      },
      "(nodeB_c03, clientPoolG, nodeB_c03)" : {
        "AppCoordinates {com.bbn, test-service2, 1}" : {
          "DATARATE_TX" : 5.3999999999999944E-5,
          "DATARATE_RX" : 1.0799999999999989E-4
        },
        "AppCoordinates {com.bbn, test-service1, 1}" : {
          "DATARATE_TX" : -3.8116482626443515E-21,
          "DATARATE_RX" : -7.623296525288703E-21
        }
      },
      "(nodeJ_c00, clientPoolG, nodeJ_c00)" : {
        "AppCoordinates {com.bbn, test-service2, 1}" : {
          "DATARATE_TX" : 4.499999999999997E-5,
          "DATARATE_RX" : 8.999999999999994E-5
        }
      },
      "(nodeB_c02, clientPoolG, nodeB_c02)" : {
        "AppCoordinates {com.bbn, test-service3, 1}" : {
          "DATARATE_TX" : -3.8116482626443515E-21,
          "DATARATE_RX" : -7.623296525288703E-21
        }
      },
      "(nodeI_c00, clientPoolG, nodeI_c00)" : {
        "AppCoordinates {com.bbn, test-service2, 1}" : {
          "DATARATE_TX" : 3.799999999999999E-5,
          "DATARATE_RX" : 7.599999999999998E-5
        }
      },
      "(nodeA_c00, clientPoolG, nodeA_c00)" : {
        "AppCoordinates {com.bbn, test-service2, 1}" : {
          "DATARATE_TX" : 3.699999999999999E-5,
          "DATARATE_RX" : 7.399999999999998E-5
        }
      },
      "(nodeB_c07, clientPoolG, nodeB_c07)" : {
        "AppCoordinates {com.bbn, test-service2, 1}" : {
          "DATARATE_TX" : -3.8116482626443515E-21,
          "DATARATE_RX" : -7.623296525288703E-21
        },
        "AppCoordinates {com.bbn, test-service1, 1}" : {
          "DATARATE_TX" : -3.8116482626443515E-21,
          "DATARATE_RX" : -7.623296525288703E-21
        }
      },
      "(nodeB_c06, clientPoolG, nodeB_c06)" : {
        "AppCoordinates {com.bbn, test-service2, 1}" : {
          "DATARATE_TX" : 4.199999999999998E-5,
          "DATARATE_RX" : 8.399999999999995E-5
        }
      }
    },
    "interface-nodeA ( nodeA )" : {
      "(clientPoolG, nodeB_c00, nodeB_c00)" : {
        "AppCoordinates {com.bbn, test-service1, 1}" : {
          "DATARATE_TX" : -7.623296525288703E-21,
          "DATARATE_RX" : -3.8116482626443515E-21
        }
      },
      "(clientPoolG, nodeB_c02, nodeB_c02)" : {
        "AppCoordinates {com.bbn, test-service3, 1}" : {
          "DATARATE_TX" : -7.623296525288703E-21,
          "DATARATE_RX" : -3.8116482626443515E-21
        }
      },
      "(clientPoolG, nodeA_c00, nodeA_c00)" : {
        "AppCoordinates {com.bbn, test-service2, 1}" : {
          "DATARATE_TX" : 7.399999999999998E-5,
          "DATARATE_RX" : 3.699999999999999E-5
        }
      },
      "(clientPoolG, nodeB_c01, nodeB_c01)" : {
        "AppCoordinates {com.bbn, test-service2, 1}" : {
          "DATARATE_TX" : 7.999999999999997E-5,
          "DATARATE_RX" : 3.999999999999998E-5
        }
      },
      "(clientPoolG, nodeB_c07, nodeB_c07)" : {
        "AppCoordinates {com.bbn, test-service2, 1}" : {
          "DATARATE_TX" : -7.623296525288703E-21,
          "DATARATE_RX" : -3.8116482626443515E-21
        },
        "AppCoordinates {com.bbn, test-service1, 1}" : {
          "DATARATE_TX" : -7.623296525288703E-21,
          "DATARATE_RX" : -3.8116482626443515E-21
        }
      },
      "(clientPoolG, nodeI_c00, nodeI_c00)" : {
        "AppCoordinates {com.bbn, test-service2, 1}" : {
          "DATARATE_TX" : 7.599999999999998E-5,
          "DATARATE_RX" : 3.799999999999999E-5
        }
      },
      "(clientPoolG, nodeB_c04, nodeB_c04)" : {
        "AppCoordinates {com.bbn, test-service3, 1}" : {
          "DATARATE_TX" : -7.623296525288703E-21,
          "DATARATE_RX" : -3.8116482626443515E-21
        },
        "AppCoordinates {com.bbn, test-service1, 1}" : {
          "DATARATE_TX" : -8.470329472543003E-22,
          "DATARATE_RX" : -4.2351647362715017E-22
        }
      },
      "(clientPoolG, nodeB_c03, nodeB_c03)" : {
        "AppCoordinates {com.bbn, test-service2, 1}" : {
          "DATARATE_TX" : 1.0799999999999989E-4,
          "DATARATE_RX" : 5.3999999999999944E-5
        },
        "AppCoordinates {com.bbn, test-service1, 1}" : {
          "DATARATE_TX" : -7.623296525288703E-21,
          "DATARATE_RX" : -3.8116482626443515E-21
        }
      },
      "(clientPoolG, nodeB_c06, nodeB_c06)" : {
        "AppCoordinates {com.bbn, test-service2, 1}" : {
          "DATARATE_TX" : 8.399999999999995E-5,
          "DATARATE_RX" : 4.199999999999998E-5
        }
      }
    }
  },
  "networkDemand" : {
    "interface-nodeD ( nodeD )" : {
      "(nodeB_c01, clientPoolG, nodeB_c01)" : {
        "AppCoordinates {com.bbn, test-service2, 1}" : {
          "DATARATE_TX" : 6.514754098360644E-5,
          "DATARATE_RX" : 1.3029508196721288E-4
        }
      },
      "(nodeB_c00, clientPoolG, nodeB_c00)" : {
        "AppCoordinates {com.bbn, test-service1, 1}" : {
          "DATARATE_TX" : 5.715384615384611E-5,
          "DATARATE_RX" : 1.1430769230769221E-4
        }
      },
      "(nodeB_c04, clientPoolG, nodeB_c04)" : {
        "AppCoordinates {com.bbn, test-service3, 1}" : {
          "DATARATE_TX" : 3.81818181818181E-5,
          "DATARATE_RX" : 7.63636363636362E-5
        },
        "AppCoordinates {com.bbn, test-service1, 1}" : {
          "DATARATE_TX" : 8.780487804878043E-6,
          "DATARATE_RX" : 1.7560975609756086E-5
        }
      },
      "(nodeB_c03, clientPoolG, nodeB_c03)" : {
        "AppCoordinates {com.bbn, test-service2, 1}" : {
          "DATARATE_TX" : 4.521212121212117E-5,
          "DATARATE_RX" : 9.042424242424234E-5
        },
        "AppCoordinates {com.bbn, test-service1, 1}" : {
          "DATARATE_TX" : 5.908139534883685E-5,
          "DATARATE_RX" : 1.181627906976737E-4
        }
      },
      "(nodeJ_c00, clientPoolG, nodeJ_c00)" : {
        "AppCoordinates {com.bbn, test-service2, 1}" : {
          "DATARATE_TX" : 2.0947826086956552E-5,
          "DATARATE_RX" : 4.1895652173913104E-5
        }
      },
      "(nodeB_c02, clientPoolG, nodeB_c02)" : {
        "AppCoordinates {com.bbn, test-service3, 1}" : {
          "DATARATE_TX" : 3.690825688073395E-5,
          "DATARATE_RX" : 7.38165137614679E-5
        }
      },
      "(nodeI_c00, clientPoolG, nodeI_c00)" : {
        "AppCoordinates {com.bbn, test-service2, 1}" : {
          "DATARATE_TX" : 1.55135135135135E-5,
          "DATARATE_RX" : 3.1027027027027E-5
        }
      },
      "(nodeA_c00, clientPoolG, nodeA_c00)" : {
        "AppCoordinates {com.bbn, test-service2, 1}" : {
          "DATARATE_TX" : 1.2903508771929808E-5,
          "DATARATE_RX" : 2.5807017543859617E-5
        }
      },
      "(nodeB_c07, clientPoolG, nodeB_c07)" : {
        "AppCoordinates {com.bbn, test-service2, 1}" : {
          "DATARATE_TX" : 2.107207207207206E-5,
          "DATARATE_RX" : 4.214414414414412E-5
        },
        "AppCoordinates {com.bbn, test-service1, 1}" : {
          "DATARATE_TX" : 5.7267973856209134E-5,
          "DATARATE_RX" : 1.1453594771241827E-4
        }
      },
      "(nodeB_c06, clientPoolG, nodeB_c06)" : {
        "AppCoordinates {com.bbn, test-service2, 1}" : {
          "DATARATE_TX" : 5.443589743589752E-5,
          "DATARATE_RX" : 1.0887179487179503E-4
        }
      }
    },
    "interface-nodeA ( nodeA )" : {
      "(clientPoolG, nodeB_c00, nodeB_c00)" : {
        "AppCoordinates {com.bbn, test-service1, 1}" : {
          "DATARATE_TX" : 1.1430769230769221E-4,
          "DATARATE_RX" : 5.715384615384611E-5
        }
      },
      "(clientPoolG, nodeB_c02, nodeB_c02)" : {
        "AppCoordinates {com.bbn, test-service3, 1}" : {
          "DATARATE_TX" : 7.38165137614679E-5,
          "DATARATE_RX" : 3.690825688073395E-5
        }
      },
      "(clientPoolG, nodeA_c00, nodeA_c00)" : {
        "AppCoordinates {com.bbn, test-service2, 1}" : {
          "DATARATE_TX" : 2.5807017543859617E-5,
          "DATARATE_RX" : 1.2903508771929808E-5
        }
      },
      "(clientPoolG, nodeB_c01, nodeB_c01)" : {
        "AppCoordinates {com.bbn, test-service2, 1}" : {
          "DATARATE_TX" : 1.3029508196721288E-4,
          "DATARATE_RX" : 6.514754098360644E-5
        }
      },
      "(clientPoolG, nodeB_c07, nodeB_c07)" : {
        "AppCoordinates {com.bbn, test-service2, 1}" : {
          "DATARATE_TX" : 4.214414414414412E-5,
          "DATARATE_RX" : 2.107207207207206E-5
        },
        "AppCoordinates {com.bbn, test-service1, 1}" : {
          "DATARATE_TX" : 1.1453594771241827E-4,
          "DATARATE_RX" : 5.7267973856209134E-5
        }
      },
      "(clientPoolG, nodeI_c00, nodeI_c00)" : {
        "AppCoordinates {com.bbn, test-service2, 1}" : {
          "DATARATE_TX" : 3.1027027027027E-5,
          "DATARATE_RX" : 1.55135135135135E-5
        }
      },
      "(clientPoolG, nodeB_c04, nodeB_c04)" : {
        "AppCoordinates {com.bbn, test-service3, 1}" : {
          "DATARATE_TX" : 7.63636363636362E-5,
          "DATARATE_RX" : 3.81818181818181E-5
        },
        "AppCoordinates {com.bbn, test-service1, 1}" : {
          "DATARATE_TX" : 1.7560975609756086E-5,
          "DATARATE_RX" : 8.780487804878043E-6
        }
      },
      "(clientPoolG, nodeB_c03, nodeB_c03)" : {
        "AppCoordinates {com.bbn, test-service2, 1}" : {
          "DATARATE_TX" : 9.042424242424234E-5,
          "DATARATE_RX" : 4.521212121212117E-5
        },
        "AppCoordinates {com.bbn, test-service1, 1}" : {
          "DATARATE_TX" : 1.181627906976737E-4,
          "DATARATE_RX" : 5.908139534883685E-5
        }
      },
      "(clientPoolG, nodeB_c06, nodeB_c06)" : {
        "AppCoordinates {com.bbn, test-service2, 1}" : {
          "DATARATE_TX" : 1.0887179487179503E-4,
          "DATARATE_RX" : 5.443589743589752E-5
        }
      }
    }
  },
  "containerReports" : {
    "nodeJ_c00" : {
      "containerName" : {
        "name" : "nodeJ_c00"
      },
      "timestamp" : 166497,
      "service" : {
        "group" : "com.bbn",
        "artifact" : "test-service2",
        "version" : "1"
      },
      "serviceStatus" : "RUNNING",
      "demandEstimationWindow" : "LONG",
      "computeCapacity" : {
        "CPU" : 1.0,
        "TASK_CONTAINERS" : 100.0,
        "QueueLength" : 1000000.0
      },
      "computeLoad" : {
        "UNKNOWN" : {
          "QueueLength" : 45.0,
          "TASK_CONTAINERS" : 22.5
        }
      },
      "computeDemand" : {
        "UNKNOWN" : {
          "QueueLength" : 20.415254237288135,
          "TASK_CONTAINERS" : 10.383620689655173
        }
      },
      "averageProcessingTime" : "NaN",
      "networkCapacity" : {
        "interface-nodeJ ( nodeJ )" : {
          "DATARATE_TX" : 100.0,
          "DATARATE_RX" : 100.0
        }
      },
      "networkLoad" : {
        "interface-nodeJ ( nodeJ )" : {
          "(clientPoolG, nodeJ_c00, nodeJ_c00)" : {
            "AppCoordinates {com.bbn, test-service2, 1}" : {
              "DATARATE_TX" : 8.999999999999994E-5,
              "DATARATE_RX" : 4.499999999999997E-5
            }
          }
        }
      },
      "networkDemand" : {
        "interface-nodeJ ( nodeJ )" : {
          "(clientPoolG, nodeJ_c00, nodeJ_c00)" : {
            "AppCoordinates {com.bbn, test-service2, 1}" : {
              "DATARATE_TX" : 4.189565217391308E-5,
              "DATARATE_RX" : 2.094782608695654E-5
            }
          }
        }
      }
    }
  },
  "maximumServiceContainers" : 20,
  "allocatedServiceContainers" : 1,
  "computeDemand" : {
    "AppCoordinates {com.bbn, test-service2, 1}" : {
      "UNKNOWN" : {
        "QueueLength" : 20.415254237288135,
        "TASK_CONTAINERS" : 10.383620689655173
      }
    }
  },
  "containerNetworkLoad" : {
    "interface-nodeJ ( nodeJ )" : {
      "(clientPoolG, nodeJ_c00, nodeJ_c00)" : {
        "AppCoordinates {com.bbn, test-service2, 1}" : {
          "DATARATE_TX" : 8.999999999999994E-5,
          "DATARATE_RX" : 4.499999999999997E-5
        }
      }
    }
  },
  "containerNetworkDemand" : {
    "interface-nodeJ ( nodeJ )" : {
      "(clientPoolG, nodeJ_c00, nodeJ_c00)" : {
        "AppCoordinates {com.bbn, test-service2, 1}" : {
          "DATARATE_TX" : 4.189565217391308E-5,
          "DATARATE_RX" : 2.094782608695654E-5
        }
      }
    }
  },
  "computeLoad" : {
    "AppCoordinates {com.bbn, test-service2, 1}" : {
      "UNKNOWN" : {
        "QueueLength" : 45.0,
        "TASK_CONTAINERS" : 22.5
      }
    }
  },
  "availableServiceContainers" : 19,
  "averageProcessingTime" : { },
  "allocatedComputeCapacity" : {
    "CPU" : 1.0,
    "QueueLength" : 1000000.0,
    "TASK_CONTAINERS" : 100.0
  }
}