{
  "nodeName" : {
    "name" : "nodeH"
  },
  "timestamp" : 30489,
  "demandEstimationWindow" : "SHORT",
  "nodeComputeCapacity" : {
    "CPU" : 4.0,
    "MEMORY" : 8.0E9,
    "DISK" : 10.0,
    "TASK_CONTAINERS" : 20.0
  },
  "networkCapacity" : {
    "interface-nodeC ( nodeC )" : {
      "DATARATE_RX" : 100.0,
      "DATARATE_TX" : 100.0
    },
    "interface-nodeJ ( nodeJ )" : {
      "DATARATE_RX" : 100.0,
      "DATARATE_TX" : 100.0
    }
  },
  "networkLoad" : {
    "interface-nodeC ( nodeC )" : {
      "(clientPoolH, nodeB_c00, nodeB_c00)" : {
        "AppCoordinates {com.bbn, test-service1, 1}" : {
          "DATARATE_TX" : 2.6000000000000005E-5,
          "DATARATE_RX" : 1.3000000000000003E-5
        }
      }
    },
    "interface-nodeJ ( nodeJ )" : { }
  },
  "networkDemand" : {
    "interface-nodeC ( nodeC )" : {
      "(clientPoolH, nodeB_c00, nodeB_c00)" : {
        "AppCoordinates {com.bbn, test-service1, 1}" : {
          "DATARATE_TX" : 2.6000000000000005E-5,
          "DATARATE_RX" : 1.3000000000000003E-5
        }
      }
    },
    "interface-nodeJ ( nodeJ )" : { }
  },
  "containerReports" : { },
  "maximumServiceContainers" : 20,
  "allocatedServiceContainers" : 0,
  "computeDemand" : { },
  "containerNetworkLoad" : { },
  "containerNetworkDemand" : { },
  "computeLoad" : { },
  "availableServiceContainers" : 20,
  "averageProcessingTime" : { },
  "allocatedComputeCapacity" : { }
}