{
  "AppCoordinates {com.bbn, test-service3, 1}" : {
    "serverDemand" : {
      "C" : {
        "QueueLength" : 7.731167398138936,
        "TASK_CONTAINERS" : 1.5814375140724601
      },
      "E" : {
        "QueueLength" : 6.313967490493937,
        "TASK_CONTAINERS" : 1.2915442827566646
      }
    }
  },
  "AppCoordinates {com.bbn, test-service2, 1}" : {
    "serverDemand" : {
      "C" : {
        "QueueLength" : 7.24650758346658,
        "TASK_CONTAINERS" : 1.0841888101210628
      },
      "E" : {
        "QueueLength" : 6.044327029948678,
        "TASK_CONTAINERS" : 0.9043241389182018
      }
    }
  },
  "AppCoordinates {com.bbn, test-service1, 1}" : {
    "serverDemand" : {
      "C" : {
        "QueueLength" : 2.2330719488627913,
        "TASK_CONTAINERS" : 0.4132849576999792
      },
      "E" : {
        "QueueLength" : 3.12983127694366,
        "TASK_CONTAINERS" : 0.5792523557328563
      }
    }
  }
}