{
  "region" : {
    "name" : "O"
  },
  "minTimestamp" : 143997,
  "maxTimestamp" : 143997,
  "demandEstimationWindow" : "SHORT",
  "serverCapacity" : {
    "DISK" : 10.0,
    "MEMORY" : 8.0E9,
    "CPU" : 4.0,
    "TASK_CONTAINERS" : 20.0
  },
  "serverLoad" : {
    "AppCoordinates {com.bbn, test-service3, 1}" : {
      "unknown" : {
        "QueueLength" : 194.0,
        "TASK_CONTAINERS" : 97.0
      }
    }
  },
  "serverDemand" : {
    "AppCoordinates {com.bbn, test-service3, 1}" : {
      "unknown" : {
        "QueueLength" : 169.75,
        "TASK_CONTAINERS" : 84.875
      }
    }
  },
  "serverAverageProcessingTimeCount" : { },
  "serverAverageProcessingTimeSum" : { },
  "networkCapacity" : {
    "D" : {
      "DATARATE_RX" : 100.0,
      "DATARATE_TX" : 100.0
    },
    "E" : {
      "DATARATE_RX" : 100.0,
      "DATARATE_TX" : 100.0
    },
    "F" : {
      "DATARATE_RX" : 100.0,
      "DATARATE_TX" : 100.0
    },
    "I" : {
      "DATARATE_RX" : 100.0,
      "DATARATE_TX" : 100.0
    },
    "L" : {
      "DATARATE_RX" : 100.0,
      "DATARATE_TX" : 100.0
    },
    "M" : {
      "DATARATE_RX" : 100.0,
      "DATARATE_TX" : 100.0
    },
    "N" : {
      "DATARATE_RX" : 100.0,
      "DATARATE_TX" : 100.0
    }
  },
  "networkLoad" : {
    "D" : {
      "(O, D, O)" : {
        "AppCoordinates {com.bbn, test-service3, 1}" : {
          "DATARATE_TX" : 1.9399999999999957E-4,
          "DATARATE_RX" : 3.8799999999999913E-4
        }
      },
      "(N, D, D)" : {
        "AppCoordinates {com.bbn, test-service2, 1}" : {
          "DATARATE_TX" : 8.0E-6,
          "DATARATE_RX" : 4.0E-6
        }
      }
    },
    "E" : { },
    "F" : { },
    "I" : { },
    "L" : { },
    "M" : { },
    "N" : {
      "(D, N, D)" : {
        "AppCoordinates {com.bbn, test-service2, 1}" : {
          "DATARATE_TX" : 4.0E-6,
          "DATARATE_RX" : 8.0E-6
        }
      }
    }
  },
  "networkDemand" : {
    "D" : {
      "(O, D, O)" : {
        "AppCoordinates {com.bbn, test-service3, 1}" : {
          "DATARATE_TX" : 1.9399999999999954E-4,
          "DATARATE_RX" : 3.879999999999991E-4
        }
      },
      "(N, D, D)" : {
        "AppCoordinates {com.bbn, test-service2, 1}" : {
          "DATARATE_TX" : 8.0E-6,
          "DATARATE_RX" : 4.0E-6
        }
      }
    },
    "E" : { },
    "F" : { },
    "I" : { },
    "L" : { },
    "M" : { },
    "N" : {
      "(D, N, D)" : {
        "AppCoordinates {com.bbn, test-service2, 1}" : {
          "DATARATE_TX" : 4.0E-6,
          "DATARATE_RX" : 8.0E-6
        }
      }
    }
  },
  "maximumServiceContainers" : 20,
  "allocatedServiceContainers" : 2,
  "serverAverageProcessingTime" : { },
  "availableServiceContainers" : 18,
  "nullSummary" : false
}