{
  "AppCoordinates {com.bbn, test-service3, 1}" : {
    "serverDemand" : {
      "J" : {
        "QueueLength" : 15.955703157282565,
        "TASK_CONTAINERS" : 1.5955703157282564
      },
      "K" : {
        "QueueLength" : 17.950166051942887,
        "TASK_CONTAINERS" : 1.7950166051942884
      },
      "L" : {
        "QueueLength" : 15.955703157282565,
        "TASK_CONTAINERS" : 1.5955703157282564
      }
    }
  },
  "AppCoordinates {com.bbn, test-service2, 1}" : {
    "serverDemand" : {
      "J" : {
        "QueueLength" : 3.656509695290855,
        "TASK_CONTAINERS" : 0.3656509695290854
      },
      "K" : {
        "QueueLength" : 2.9916897506925215,
        "TASK_CONTAINERS" : 0.29916897506925205
      },
      "L" : {
        "QueueLength" : 3.3240997229916935,
        "TASK_CONTAINERS" : 0.3324099722991693
      }
    }
  },
  "AppCoordinates {com.bbn, test-service1, 1}" : {
    "serverDemand" : {
      "J" : {
        "QueueLength" : 2.9916897506925175,
        "TASK_CONTAINERS" : 0.29916897506925166
      },
      "K" : {
        "QueueLength" : 2.9916897506925175,
        "TASK_CONTAINERS" : 0.29916897506925166
      },
      "L" : {
        "QueueLength" : 3.988919667590035,
        "TASK_CONTAINERS" : 0.3988919667590034
      }
    }
  }
}