{
  "region" : {
    "name" : "A"
  },
  "timestamp" : 405945,
  "plan" : {
    "AppCoordinates {com.bbn, test-service3, 1}" : {
      "G" : 0.0661933828699674,
      "I" : 0.8014198513900979,
      "J" : 0.0661933828699674,
      "A" : 0.06619338286996723
    },
    "AppCoordinates {com.bbn, test-service2, 1}" : {
      "G" : 0.0,
      "I" : 1.0,
      "J" : 0.0,
      "A" : 0.0
    },
    "AppCoordinates {com.bbn, test-service1, 1}" : {
      "G" : 0.0,
      "I" : 1.0,
      "J" : 0.0,
      "A" : 0.0
    }
  }
}