1075,1,DNS_UPDATE_SUCCEEDED
1229,2,RLG_PLAN_PUBLISHED
1239,2,DCOP_PLAN_PLUBLIED
106311,212,DCOP_PLAN_PLUBLIED
109102,217,RLG_PLAN_PUBLISHED
109179,218,DNS_UPDATE_SUCCEEDED
109694,219,DNS_UPDATE_SUCCEEDED
112102,223,RLG_PLAN_PUBLISHED
112184,224,DNS_UPDATE_SUCCEEDED
127103,253,RLG_PLAN_PUBLISHED
127204,254,DNS_UPDATE_SUCCEEDED
127697,255,DNS_UPDATE_SUCCEEDED
130102,259,RLG_PLAN_PUBLISHED
130196,260,DNS_UPDATE_SUCCEEDED
166231,332,DCOP_PLAN_PLUBLIED
169103,337,RLG_PLAN_PUBLISHED
169213,338,DNS_UPDATE_SUCCEEDED
169712,339,DNS_UPDATE_SUCCEEDED
172103,343,RLG_PLAN_PUBLISHED
172208,344,DNS_UPDATE_SUCCEEDED
172715,345,DNS_UPDATE_SUCCEEDED
175103,349,RLG_PLAN_PUBLISHED
175220,350,DNS_UPDATE_SUCCEEDED
187103,373,RLG_PLAN_PUBLISHED
187218,374,DNS_UPDATE_SUCCEEDED
190103,379,RLG_PLAN_PUBLISHED
190213,380,DNS_UPDATE_SUCCEEDED
190719,381,DNS_UPDATE_SUCCEEDED
193103,385,RLG_PLAN_PUBLISHED
193216,386,DNS_UPDATE_SUCCEEDED
226304,452,DCOP_PLAN_PLUBLIED
229108,457,RLG_PLAN_PUBLISHED
229229,458,DNS_UPDATE_SUCCEEDED
232113,463,RLG_PLAN_PUBLISHED
232238,464,DNS_UPDATE_SUCCEEDED
232738,465,DNS_UPDATE_SUCCEEDED
235104,469,RLG_PLAN_PUBLISHED
235251,470,DNS_UPDATE_SUCCEEDED
286305,571,DCOP_PLAN_PLUBLIED
289106,577,RLG_PLAN_PUBLISHED
289307,578,DNS_UPDATE_SUCCEEDED
346298,691,DCOP_PLAN_PLUBLIED
349107,697,RLG_PLAN_PUBLISHED
349316,698,DNS_UPDATE_SUCCEEDED
406311,811,DCOP_PLAN_PLUBLIED
409129,817,RLG_PLAN_PUBLISHED
409336,818,DNS_UPDATE_SUCCEEDED
466277,931,DCOP_PLAN_PLUBLIED
469145,937,RLG_PLAN_PUBLISHED
469361,938,DNS_UPDATE_SUCCEEDED
526288,1051,DCOP_PLAN_PLUBLIED
529145,1057,RLG_PLAN_PUBLISHED
529406,1058,DNS_UPDATE_SUCCEEDED
586252,1171,DCOP_PLAN_PLUBLIED
589148,1177,RLG_PLAN_PUBLISHED
589511,1178,DNS_UPDATE_SUCCEEDED
630005,1259,DNS_UPDATE_SUCCEEDED
630005,1291,DCOP_PLAN_PLUBLIED
