692,1,DNS_UPDATE_SUCCEEDED
777,2,DCOP_PLAN_PLUBLIED
798,2,RLG_PLAN_PUBLISHED
105775,212,DCOP_PLAN_PLUBLIED
108698,217,RLG_PLAN_PUBLISHED
108740,218,DNS_UPDATE_SUCCEEDED
109239,219,DNS_UPDATE_SUCCEEDED
111697,223,RLG_PLAN_PUBLISHED
111741,224,DNS_UPDATE_SUCCEEDED
165700,331,RLG_PLAN_PUBLISHED
165749,331,DCOP_PLAN_PLUBLIED
165751,332,DNS_UPDATE_SUCCEEDED
166257,333,DNS_UPDATE_SUCCEEDED
168700,337,RLG_PLAN_PUBLISHED
168752,338,DNS_UPDATE_SUCCEEDED
222700,445,RLG_PLAN_PUBLISHED
222766,446,DNS_UPDATE_SUCCEEDED
225699,451,RLG_PLAN_PUBLISHED
225763,451,DCOP_PLAN_PLUBLIED
225768,452,DNS_UPDATE_SUCCEEDED
226266,453,DNS_UPDATE_SUCCEEDED
228700,457,RLG_PLAN_PUBLISHED
228767,458,DNS_UPDATE_SUCCEEDED
285754,571,DCOP_PLAN_PLUBLIED
288700,577,RLG_PLAN_PUBLISHED
288780,578,DNS_UPDATE_SUCCEEDED
345758,691,DCOP_PLAN_PLUBLIED
348708,697,RLG_PLAN_PUBLISHED
348804,698,DNS_UPDATE_SUCCEEDED
405771,811,DCOP_PLAN_PLUBLIED
408705,817,RLG_PLAN_PUBLISHED
408814,818,DNS_UPDATE_SUCCEEDED
465744,931,DCOP_PLAN_PLUBLIED
468717,937,RLG_PLAN_PUBLISHED
468842,938,DNS_UPDATE_SUCCEEDED
525747,1051,DCOP_PLAN_PLUBLIED
528719,1057,RLG_PLAN_PUBLISHED
528854,1058,DNS_UPDATE_SUCCEEDED
585763,1171,DCOP_PLAN_PLUBLIED
588720,1177,RLG_PLAN_PUBLISHED
588873,1178,DNS_UPDATE_SUCCEEDED
630002,1260,DCOP_PLAN_PLUBLIED
