{
  "AppCoordinates {com.bbn, test-service3, 1}" : {
    "serverDemand" : {
      "B" : {
        "QueueLength" : 89.20510774629425,
        "TASK_CONTAINERS" : 75.75865982389884
      },
      "E" : {
        "QueueLength" : 90.16756476192045,
        "TASK_CONTAINERS" : 76.57603962965307
      }
    }
  },
  "AppCoordinates {com.bbn, test-service2, 1}" : {
    "serverDemand" : {
      "B" : {
        "QueueLength" : 141.31908834025253,
        "TASK_CONTAINERS" : 96.2227993126632
      },
      "E" : {
        "QueueLength" : 141.32112459996043,
        "TASK_CONTAINERS" : 96.22418578218775
      }
    }
  },
  "AppCoordinates {com.bbn, test-service1, 1}" : {
    "serverDemand" : {
      "B" : {
        "QueueLength" : 157.21477099642678,
        "TASK_CONTAINERS" : 98.07553146124641
      },
      "E" : {
        "QueueLength" : 152.9764285845057,
        "TASK_CONTAINERS" : 95.4315198208049
      }
    }
  }
}