477,1,DNS_UPDATE_SUCCEEDED
528,2,DCOP_PLAN_PLUBLIED
537,2,RLG_PLAN_PUBLISHED
105753,212,DCOP_PLAN_PLUBLIED
108509,217,RLG_PLAN_PUBLISHED
108566,218,DNS_UPDATE_SUCCEEDED
109068,219,DNS_UPDATE_SUCCEEDED
111505,223,RLG_PLAN_PUBLISHED
111571,224,DNS_UPDATE_SUCCEEDED
117505,235,RLG_PLAN_PUBLISHED
117572,236,DNS_UPDATE_SUCCEEDED
118068,237,DNS_UPDATE_SUCCEEDED
120505,241,RLG_PLAN_PUBLISHED
120573,242,DNS_UPDATE_SUCCEEDED
165509,331,RLG_PLAN_PUBLISHED
165595,332,DNS_UPDATE_SUCCEEDED
165689,332,DCOP_PLAN_PLUBLIED
166095,333,DNS_UPDATE_SUCCEEDED
168511,337,RLG_PLAN_PUBLISHED
168595,338,DNS_UPDATE_SUCCEEDED
222514,445,RLG_PLAN_PUBLISHED
222632,446,DNS_UPDATE_SUCCEEDED
225515,451,RLG_PLAN_PUBLISHED
225636,452,DNS_UPDATE_SUCCEEDED
225680,452,DCOP_PLAN_PLUBLIED
226137,453,DNS_UPDATE_SUCCEEDED
228516,457,RLG_PLAN_PUBLISHED
228637,458,DNS_UPDATE_SUCCEEDED
231518,463,RLG_PLAN_PUBLISHED
231638,464,DNS_UPDATE_SUCCEEDED
234516,469,RLG_PLAN_PUBLISHED
234644,470,DNS_UPDATE_SUCCEEDED
235140,471,DNS_UPDATE_SUCCEEDED
237519,475,RLG_PLAN_PUBLISHED
237639,476,DNS_UPDATE_SUCCEEDED
285684,572,DCOP_PLAN_PLUBLIED
288519,577,RLG_PLAN_PUBLISHED
288672,578,DNS_UPDATE_SUCCEEDED
345689,691,DCOP_PLAN_PLUBLIED
348521,697,RLG_PLAN_PUBLISHED
348706,698,DNS_UPDATE_SUCCEEDED
405694,811,DCOP_PLAN_PLUBLIED
408525,817,RLG_PLAN_PUBLISHED
408731,818,DNS_UPDATE_SUCCEEDED
409232,819,DNS_UPDATE_SUCCEEDED
411525,823,RLG_PLAN_PUBLISHED
411735,824,DNS_UPDATE_SUCCEEDED
414523,829,RLG_PLAN_PUBLISHED
414738,830,DNS_UPDATE_SUCCEEDED
415244,831,DNS_UPDATE_SUCCEEDED
417524,835,RLG_PLAN_PUBLISHED
417738,836,DNS_UPDATE_SUCCEEDED
456527,913,RLG_PLAN_PUBLISHED
456774,914,DNS_UPDATE_SUCCEEDED
457272,915,DNS_UPDATE_SUCCEEDED
459526,919,RLG_PLAN_PUBLISHED
459773,920,DNS_UPDATE_SUCCEEDED
462528,925,RLG_PLAN_PUBLISHED
462774,926,DNS_UPDATE_SUCCEEDED
463270,927,DNS_UPDATE_SUCCEEDED
465526,931,RLG_PLAN_PUBLISHED
465719,931,DCOP_PLAN_PLUBLIED
465777,932,DNS_UPDATE_SUCCEEDED
468529,937,RLG_PLAN_PUBLISHED
468777,938,DNS_UPDATE_SUCCEEDED
469274,939,DNS_UPDATE_SUCCEEDED
471526,943,RLG_PLAN_PUBLISHED
471776,944,DNS_UPDATE_SUCCEEDED
472278,945,DNS_UPDATE_SUCCEEDED
474527,949,RLG_PLAN_PUBLISHED
474781,950,DNS_UPDATE_SUCCEEDED
525686,1051,DCOP_PLAN_PLUBLIED
528531,1057,RLG_PLAN_PUBLISHED
528819,1058,DNS_UPDATE_SUCCEEDED
529319,1059,DNS_UPDATE_SUCCEEDED
531529,1063,RLG_PLAN_PUBLISHED
531823,1064,DNS_UPDATE_SUCCEEDED
537530,1075,RLG_PLAN_PUBLISHED
537823,1076,DNS_UPDATE_SUCCEEDED
538326,1077,DNS_UPDATE_SUCCEEDED
540532,1081,RLG_PLAN_PUBLISHED
540828,1082,DNS_UPDATE_SUCCEEDED
576533,1153,RLG_PLAN_PUBLISHED
576856,1154,DNS_UPDATE_SUCCEEDED
577358,1155,DNS_UPDATE_SUCCEEDED
579533,1159,RLG_PLAN_PUBLISHED
579860,1160,DNS_UPDATE_SUCCEEDED
585533,1171,RLG_PLAN_PUBLISHED
585712,1171,DCOP_PLAN_PLUBLIED
585866,1172,DNS_UPDATE_SUCCEEDED
586366,1173,DNS_UPDATE_SUCCEEDED
588533,1177,RLG_PLAN_PUBLISHED
588867,1178,DNS_UPDATE_SUCCEEDED
594534,1189,RLG_PLAN_PUBLISHED
594871,1190,DNS_UPDATE_SUCCEEDED
595371,1191,DNS_UPDATE_SUCCEEDED
597535,1195,RLG_PLAN_PUBLISHED
597875,1196,DNS_UPDATE_SUCCEEDED
630002,1261,DNS_UPDATE_SUCCEEDED
630002,1291,DCOP_PLAN_PLUBLIED
