{
  "region" : {
    "name" : "L"
  },
  "nodeResourceReports" : [ {
    "nodeName" : {
      "name" : "nodeL"
    },
    "timestamp" : 255988,
    "demandEstimationWindow" : "SHORT",
    "nodeComputeCapacity" : {
      "CPU" : 4.0,
      "MEMORY" : 8.0E9,
      "DISK" : 10.0,
      "TASK_CONTAINERS" : 20.0
    },
    "networkCapacity" : {
      "interface-nodeB ( nodeB )" : {
        "DATARATE_RX" : 100.0,
        "DATARATE_TX" : 100.0
      },
      "interface-nodeH ( nodeH )" : {
        "DATARATE_RX" : 100.0,
        "DATARATE_TX" : 100.0
      },
      "interface-nodeO ( nodeO )" : {
        "DATARATE_RX" : 100.0,
        "DATARATE_TX" : 100.0
      }
    },
    "networkLoad" : {
      "interface-nodeB ( nodeB )" : {
        "(clientPoolM, nodeB_c00, nodeB_c00)" : {
          "AppCoordinates {com.bbn, test-service3, 1}" : {
            "DATARATE_TX" : 3.8E-5,
            "DATARATE_RX" : 1.9E-5
          }
        }
      },
      "interface-nodeH ( nodeH )" : {
        "(clientPoolM, nodeG_c07, nodeG_c07)" : {
          "AppCoordinates {com.bbn, test-service3, 1}" : {
            "DATARATE_TX" : 1.2799999999999983E-4,
            "DATARATE_RX" : 6.399999999999992E-5
          },
          "AppCoordinates {com.bbn, test-service2, 1}" : {
            "DATARATE_TX" : -7.623296525288703E-21,
            "DATARATE_RX" : -3.8116482626443515E-21
          },
          "AppCoordinates {com.bbn, test-service1, 1}" : {
            "DATARATE_TX" : -7.623296525288703E-21,
            "DATARATE_RX" : -3.8116482626443515E-21
          }
        },
        "(clientPoolM, nodeG_c06, nodeG_c06)" : {
          "AppCoordinates {com.bbn, test-service2, 1}" : {
            "DATARATE_TX" : 1.2799999999999986E-4,
            "DATARATE_RX" : 6.399999999999993E-5
          }
        },
        "(clientPoolM, nodeG_c05, nodeG_c05)" : {
          "AppCoordinates {com.bbn, test-service3, 1}" : {
            "DATARATE_TX" : 8.799999999999994E-5,
            "DATARATE_RX" : 4.399999999999997E-5
          }
        },
        "(clientPoolM, nodeG_c04, nodeG_c04)" : {
          "AppCoordinates {com.bbn, test-service3, 1}" : {
            "DATARATE_TX" : 9.799999999999992E-5,
            "DATARATE_RX" : 4.899999999999996E-5
          },
          "AppCoordinates {com.bbn, test-service1, 1}" : {
            "DATARATE_TX" : -7.623296525288703E-21,
            "DATARATE_RX" : -3.8116482626443515E-21
          }
        },
        "(clientPoolM, nodeA_c00, nodeA_c00)" : {
          "AppCoordinates {com.bbn, test-service3, 1}" : {
            "DATARATE_TX" : 1.7999999999999997E-5,
            "DATARATE_RX" : 8.999999999999999E-6
          }
        },
        "(clientPoolM, nodeH_c00, nodeH_c00)" : {
          "AppCoordinates {com.bbn, test-service3, 1}" : {
            "DATARATE_TX" : -7.623296525288703E-21,
            "DATARATE_RX" : -3.8116482626443515E-21
          }
        },
        "(clientPoolM, nodeG_c03, nodeG_c03)" : {
          "AppCoordinates {com.bbn, test-service3, 1}" : {
            "DATARATE_TX" : 1.0999999999999988E-4,
            "DATARATE_RX" : 5.499999999999994E-5
          },
          "AppCoordinates {com.bbn, test-service1, 1}" : {
            "DATARATE_TX" : -7.623296525288703E-21,
            "DATARATE_RX" : -3.8116482626443515E-21
          }
        },
        "(clientPoolM, nodeG_c02, nodeG_c02)" : {
          "AppCoordinates {com.bbn, test-service3, 1}" : {
            "DATARATE_TX" : -7.623296525288703E-21,
            "DATARATE_RX" : -3.8116482626443515E-21
          }
        },
        "(clientPoolM, nodeG_c01, nodeG_c01)" : {
          "AppCoordinates {com.bbn, test-service2, 1}" : {
            "DATARATE_TX" : -7.623296525288703E-21,
            "DATARATE_RX" : -3.8116482626443515E-21
          },
          "AppCoordinates {com.bbn, test-service1, 1}" : {
            "DATARATE_TX" : 1.2399999999999984E-4,
            "DATARATE_RX" : 6.199999999999992E-5
          }
        },
        "(clientPoolM, nodeH_c01, nodeH_c01)" : {
          "AppCoordinates {com.bbn, test-service3, 1}" : {
            "DATARATE_TX" : 4.6000000000000014E-5,
            "DATARATE_RX" : 2.3000000000000007E-5
          }
        },
        "(clientPoolM, nodeG_c00, nodeG_c00)" : {
          "AppCoordinates {com.bbn, test-service1, 1}" : {
            "DATARATE_TX" : -7.623296525288703E-21,
            "DATARATE_RX" : -3.8116482626443515E-21
          }
        }
      },
      "interface-nodeO ( nodeO )" : {
        "(nodeA_c00, clientPoolM, nodeA_c00)" : {
          "AppCoordinates {com.bbn, test-service3, 1}" : {
            "DATARATE_TX" : 8.999999999999999E-6,
            "DATARATE_RX" : 1.7999999999999997E-5
          }
        },
        "(nodeH_c00, clientPoolM, nodeH_c00)" : {
          "AppCoordinates {com.bbn, test-service3, 1}" : {
            "DATARATE_TX" : -3.8116482626443515E-21,
            "DATARATE_RX" : -7.623296525288703E-21
          }
        },
        "(nodeH_c01, clientPoolM, nodeH_c01)" : {
          "AppCoordinates {com.bbn, test-service3, 1}" : {
            "DATARATE_TX" : 2.3000000000000007E-5,
            "DATARATE_RX" : 4.6000000000000014E-5
          }
        },
        "(nodeG_c07, clientPoolM, nodeG_c07)" : {
          "AppCoordinates {com.bbn, test-service3, 1}" : {
            "DATARATE_TX" : 6.399999999999992E-5,
            "DATARATE_RX" : 1.2799999999999983E-4
          },
          "AppCoordinates {com.bbn, test-service2, 1}" : {
            "DATARATE_TX" : -3.8116482626443515E-21,
            "DATARATE_RX" : -7.623296525288703E-21
          },
          "AppCoordinates {com.bbn, test-service1, 1}" : {
            "DATARATE_TX" : -3.8116482626443515E-21,
            "DATARATE_RX" : -7.623296525288703E-21
          }
        },
        "(nodeL_c00, clientPoolM, nodeL_c00)" : {
          "AppCoordinates {com.bbn, test-service3, 1}" : {
            "DATARATE_TX" : 1.9000000000000015E-5,
            "DATARATE_RX" : 3.800000000000003E-5
          }
        },
        "(nodeG_c02, clientPoolM, nodeG_c02)" : {
          "AppCoordinates {com.bbn, test-service3, 1}" : {
            "DATARATE_TX" : -3.8116482626443515E-21,
            "DATARATE_RX" : -7.623296525288703E-21
          }
        },
        "(nodeG_c01, clientPoolM, nodeG_c01)" : {
          "AppCoordinates {com.bbn, test-service2, 1}" : {
            "DATARATE_TX" : -3.8116482626443515E-21,
            "DATARATE_RX" : -7.623296525288703E-21
          },
          "AppCoordinates {com.bbn, test-service1, 1}" : {
            "DATARATE_TX" : 6.199999999999992E-5,
            "DATARATE_RX" : 1.2399999999999984E-4
          }
        },
        "(nodeG_c00, clientPoolM, nodeG_c00)" : {
          "AppCoordinates {com.bbn, test-service1, 1}" : {
            "DATARATE_TX" : -3.8116482626443515E-21,
            "DATARATE_RX" : -7.623296525288703E-21
          }
        },
        "(nodeG_c06, clientPoolM, nodeG_c06)" : {
          "AppCoordinates {com.bbn, test-service2, 1}" : {
            "DATARATE_TX" : 6.399999999999993E-5,
            "DATARATE_RX" : 1.2799999999999986E-4
          }
        },
        "(nodeG_c05, clientPoolM, nodeG_c05)" : {
          "AppCoordinates {com.bbn, test-service3, 1}" : {
            "DATARATE_TX" : 4.399999999999997E-5,
            "DATARATE_RX" : 8.799999999999994E-5
          }
        },
        "(nodeG_c04, clientPoolM, nodeG_c04)" : {
          "AppCoordinates {com.bbn, test-service3, 1}" : {
            "DATARATE_TX" : 4.899999999999996E-5,
            "DATARATE_RX" : 9.799999999999992E-5
          },
          "AppCoordinates {com.bbn, test-service1, 1}" : {
            "DATARATE_TX" : -3.8116482626443515E-21,
            "DATARATE_RX" : -7.623296525288703E-21
          }
        },
        "(nodeB_c00, clientPoolM, nodeB_c00)" : {
          "AppCoordinates {com.bbn, test-service3, 1}" : {
            "DATARATE_TX" : 1.9E-5,
            "DATARATE_RX" : 3.8E-5
          }
        },
        "(nodeG_c03, clientPoolM, nodeG_c03)" : {
          "AppCoordinates {com.bbn, test-service3, 1}" : {
            "DATARATE_TX" : 5.499999999999994E-5,
            "DATARATE_RX" : 1.0999999999999988E-4
          },
          "AppCoordinates {com.bbn, test-service1, 1}" : {
            "DATARATE_TX" : -3.8116482626443515E-21,
            "DATARATE_RX" : -7.623296525288703E-21
          }
        }
      }
    },
    "networkDemand" : {
      "interface-nodeB ( nodeB )" : {
        "(clientPoolM, nodeB_c00, nodeB_c00)" : {
          "AppCoordinates {com.bbn, test-service3, 1}" : {
            "DATARATE_TX" : 3.8E-5,
            "DATARATE_RX" : 1.9E-5
          }
        }
      },
      "interface-nodeO ( nodeO )" : {
        "(nodeA_c00, clientPoolM, nodeA_c00)" : {
          "AppCoordinates {com.bbn, test-service3, 1}" : {
            "DATARATE_TX" : 9.0E-6,
            "DATARATE_RX" : 1.8E-5
          }
        },
        "(nodeH_c00, clientPoolM, nodeH_c00)" : {
          "AppCoordinates {com.bbn, test-service3, 1}" : {
            "DATARATE_TX" : -3.8116482626443515E-21,
            "DATARATE_RX" : -7.623296525288703E-21
          }
        },
        "(nodeH_c01, clientPoolM, nodeH_c01)" : {
          "AppCoordinates {com.bbn, test-service3, 1}" : {
            "DATARATE_TX" : 2.300000000000001E-5,
            "DATARATE_RX" : 4.600000000000002E-5
          }
        },
        "(nodeG_c07, clientPoolM, nodeG_c07)" : {
          "AppCoordinates {com.bbn, test-service3, 1}" : {
            "DATARATE_TX" : 6.399999999999992E-5,
            "DATARATE_RX" : 1.2799999999999983E-4
          },
          "AppCoordinates {com.bbn, test-service2, 1}" : {
            "DATARATE_TX" : -3.8116482626443515E-21,
            "DATARATE_RX" : -7.623296525288703E-21
          },
          "AppCoordinates {com.bbn, test-service1, 1}" : {
            "DATARATE_TX" : -3.8116482626443515E-21,
            "DATARATE_RX" : -7.623296525288703E-21
          }
        },
        "(nodeL_c00, clientPoolM, nodeL_c00)" : {
          "AppCoordinates {com.bbn, test-service3, 1}" : {
            "DATARATE_TX" : 1.900000000000001E-5,
            "DATARATE_RX" : 3.800000000000002E-5
          }
        },
        "(nodeG_c02, clientPoolM, nodeG_c02)" : {
          "AppCoordinates {com.bbn, test-service3, 1}" : {
            "DATARATE_TX" : -3.8116482626443515E-21,
            "DATARATE_RX" : -7.623296525288703E-21
          }
        },
        "(nodeG_c01, clientPoolM, nodeG_c01)" : {
          "AppCoordinates {com.bbn, test-service2, 1}" : {
            "DATARATE_TX" : -3.8116482626443515E-21,
            "DATARATE_RX" : -7.623296525288703E-21
          },
          "AppCoordinates {com.bbn, test-service1, 1}" : {
            "DATARATE_TX" : 6.199999999999992E-5,
            "DATARATE_RX" : 1.2399999999999984E-4
          }
        },
        "(nodeG_c00, clientPoolM, nodeG_c00)" : {
          "AppCoordinates {com.bbn, test-service1, 1}" : {
            "DATARATE_TX" : -3.8116482626443515E-21,
            "DATARATE_RX" : -7.623296525288703E-21
          }
        },
        "(nodeG_c06, clientPoolM, nodeG_c06)" : {
          "AppCoordinates {com.bbn, test-service2, 1}" : {
            "DATARATE_TX" : 6.399999999999993E-5,
            "DATARATE_RX" : 1.2799999999999986E-4
          }
        },
        "(nodeG_c05, clientPoolM, nodeG_c05)" : {
          "AppCoordinates {com.bbn, test-service3, 1}" : {
            "DATARATE_TX" : 4.399999999999998E-5,
            "DATARATE_RX" : 8.799999999999996E-5
          }
        },
        "(nodeG_c04, clientPoolM, nodeG_c04)" : {
          "AppCoordinates {com.bbn, test-service3, 1}" : {
            "DATARATE_TX" : 4.899999999999995E-5,
            "DATARATE_RX" : 9.79999999999999E-5
          },
          "AppCoordinates {com.bbn, test-service1, 1}" : {
            "DATARATE_TX" : -3.8116482626443515E-21,
            "DATARATE_RX" : -7.623296525288703E-21
          }
        },
        "(nodeG_c03, clientPoolM, nodeG_c03)" : {
          "AppCoordinates {com.bbn, test-service3, 1}" : {
            "DATARATE_TX" : 5.4999999999999934E-5,
            "DATARATE_RX" : 1.0999999999999987E-4
          },
          "AppCoordinates {com.bbn, test-service1, 1}" : {
            "DATARATE_TX" : -3.8116482626443515E-21,
            "DATARATE_RX" : -7.623296525288703E-21
          }
        },
        "(nodeB_c00, clientPoolM, nodeB_c00)" : {
          "AppCoordinates {com.bbn, test-service3, 1}" : {
            "DATARATE_TX" : 1.9E-5,
            "DATARATE_RX" : 3.8E-5
          }
        }
      },
      "interface-nodeH ( nodeH )" : {
        "(clientPoolM, nodeG_c07, nodeG_c07)" : {
          "AppCoordinates {com.bbn, test-service3, 1}" : {
            "DATARATE_TX" : 1.2799999999999983E-4,
            "DATARATE_RX" : 6.399999999999992E-5
          },
          "AppCoordinates {com.bbn, test-service2, 1}" : {
            "DATARATE_TX" : -7.623296525288703E-21,
            "DATARATE_RX" : -3.8116482626443515E-21
          },
          "AppCoordinates {com.bbn, test-service1, 1}" : {
            "DATARATE_TX" : -7.623296525288703E-21,
            "DATARATE_RX" : -3.8116482626443515E-21
          }
        },
        "(clientPoolM, nodeG_c06, nodeG_c06)" : {
          "AppCoordinates {com.bbn, test-service2, 1}" : {
            "DATARATE_TX" : 1.2799999999999986E-4,
            "DATARATE_RX" : 6.399999999999993E-5
          }
        },
        "(clientPoolM, nodeG_c05, nodeG_c05)" : {
          "AppCoordinates {com.bbn, test-service3, 1}" : {
            "DATARATE_TX" : 8.799999999999996E-5,
            "DATARATE_RX" : 4.399999999999998E-5
          }
        },
        "(clientPoolM, nodeG_c04, nodeG_c04)" : {
          "AppCoordinates {com.bbn, test-service3, 1}" : {
            "DATARATE_TX" : 9.79999999999999E-5,
            "DATARATE_RX" : 4.899999999999995E-5
          },
          "AppCoordinates {com.bbn, test-service1, 1}" : {
            "DATARATE_TX" : -7.623296525288703E-21,
            "DATARATE_RX" : -3.8116482626443515E-21
          }
        },
        "(clientPoolM, nodeA_c00, nodeA_c00)" : {
          "AppCoordinates {com.bbn, test-service3, 1}" : {
            "DATARATE_TX" : 1.8E-5,
            "DATARATE_RX" : 9.0E-6
          }
        },
        "(clientPoolM, nodeG_c03, nodeG_c03)" : {
          "AppCoordinates {com.bbn, test-service3, 1}" : {
            "DATARATE_TX" : 1.0999999999999987E-4,
            "DATARATE_RX" : 5.4999999999999934E-5
          },
          "AppCoordinates {com.bbn, test-service1, 1}" : {
            "DATARATE_TX" : -7.623296525288703E-21,
            "DATARATE_RX" : -3.8116482626443515E-21
          }
        },
        "(clientPoolM, nodeH_c00, nodeH_c00)" : {
          "AppCoordinates {com.bbn, test-service3, 1}" : {
            "DATARATE_TX" : -7.623296525288703E-21,
            "DATARATE_RX" : -3.8116482626443515E-21
          }
        },
        "(clientPoolM, nodeG_c02, nodeG_c02)" : {
          "AppCoordinates {com.bbn, test-service3, 1}" : {
            "DATARATE_TX" : -7.623296525288703E-21,
            "DATARATE_RX" : -3.8116482626443515E-21
          }
        },
        "(clientPoolM, nodeG_c01, nodeG_c01)" : {
          "AppCoordinates {com.bbn, test-service2, 1}" : {
            "DATARATE_TX" : -7.623296525288703E-21,
            "DATARATE_RX" : -3.8116482626443515E-21
          },
          "AppCoordinates {com.bbn, test-service1, 1}" : {
            "DATARATE_TX" : 1.2399999999999984E-4,
            "DATARATE_RX" : 6.199999999999992E-5
          }
        },
        "(clientPoolM, nodeG_c00, nodeG_c00)" : {
          "AppCoordinates {com.bbn, test-service1, 1}" : {
            "DATARATE_TX" : -7.623296525288703E-21,
            "DATARATE_RX" : -3.8116482626443515E-21
          }
        },
        "(clientPoolM, nodeH_c01, nodeH_c01)" : {
          "AppCoordinates {com.bbn, test-service3, 1}" : {
            "DATARATE_TX" : 4.600000000000002E-5,
            "DATARATE_RX" : 2.300000000000001E-5
          }
        }
      }
    },
    "containerReports" : {
      "nodeL_c00" : {
        "containerName" : {
          "name" : "nodeL_c00"
        },
        "timestamp" : 255988,
        "service" : {
          "group" : "com.bbn",
          "artifact" : "test-service3",
          "version" : "1"
        },
        "serviceStatus" : "RUNNING",
        "demandEstimationWindow" : "SHORT",
        "computeCapacity" : {
          "CPU" : 1.0,
          "TASK_CONTAINERS" : 100.0,
          "QueueLength" : 1000000.0
        },
        "computeLoad" : {
          "UNKNOWN" : {
            "QueueLength" : 19.0,
            "TASK_CONTAINERS" : 9.5
          }
        },
        "computeDemand" : {
          "UNKNOWN" : {
            "QueueLength" : 16.625,
            "TASK_CONTAINERS" : 8.3125
          }
        },
        "averageProcessingTime" : 120000.0,
        "networkCapacity" : {
          "interface-nodeL ( nodeL )" : {
            "DATARATE_TX" : 100.0,
            "DATARATE_RX" : 100.0
          }
        },
        "networkLoad" : {
          "interface-nodeL ( nodeL )" : {
            "(clientPoolM, nodeL_c00, nodeL_c00)" : {
              "AppCoordinates {com.bbn, test-service3, 1}" : {
                "DATARATE_TX" : 3.800000000000003E-5,
                "DATARATE_RX" : 1.9000000000000015E-5
              }
            }
          }
        },
        "networkDemand" : {
          "interface-nodeL ( nodeL )" : {
            "(clientPoolM, nodeL_c00, nodeL_c00)" : {
              "AppCoordinates {com.bbn, test-service3, 1}" : {
                "DATARATE_TX" : 3.800000000000002E-5,
                "DATARATE_RX" : 1.900000000000001E-5
              }
            }
          }
        }
      }
    },
    "maximumServiceContainers" : 20,
    "allocatedServiceContainers" : 1,
    "computeDemand" : {
      "AppCoordinates {com.bbn, test-service3, 1}" : {
        "UNKNOWN" : {
          "QueueLength" : 16.625,
          "TASK_CONTAINERS" : 8.3125
        }
      }
    },
    "containerNetworkLoad" : {
      "interface-nodeL ( nodeL )" : {
        "(clientPoolM, nodeL_c00, nodeL_c00)" : {
          "AppCoordinates {com.bbn, test-service3, 1}" : {
            "DATARATE_TX" : 3.800000000000003E-5,
            "DATARATE_RX" : 1.9000000000000015E-5
          }
        }
      }
    },
    "containerNetworkDemand" : {
      "interface-nodeL ( nodeL )" : {
        "(clientPoolM, nodeL_c00, nodeL_c00)" : {
          "AppCoordinates {com.bbn, test-service3, 1}" : {
            "DATARATE_TX" : 3.800000000000002E-5,
            "DATARATE_RX" : 1.900000000000001E-5
          }
        }
      }
    },
    "computeLoad" : {
      "AppCoordinates {com.bbn, test-service3, 1}" : {
        "UNKNOWN" : {
          "QueueLength" : 19.0,
          "TASK_CONTAINERS" : 9.5
        }
      }
    },
    "allocatedComputeCapacity" : {
      "CPU" : 1.0,
      "QueueLength" : 1000000.0,
      "TASK_CONTAINERS" : 100.0
    },
    "availableServiceContainers" : 19,
    "averageProcessingTime" : {
      "AppCoordinates {com.bbn, test-service3, 1}" : 120000.0
    }
  } ]
}