{
  "AppCoordinates {com.bbn, test-service3, 1}" : {
    "serverDemand" : {
      "C" : {
        "QueueLength" : 24.294024631670382,
        "TASK_CONTAINERS" : 2.8546335108313503
      },
      "E" : {
        "QueueLength" : 18.890602634434604,
        "TASK_CONTAINERS" : 2.2197123835034263
      }
    }
  },
  "AppCoordinates {com.bbn, test-service2, 1}" : {
    "serverDemand" : {
      "C" : {
        "QueueLength" : 5.438637167925605,
        "TASK_CONTAINERS" : 0.5438637167925603
      },
      "E" : {
        "QueueLength" : 4.533662001049465,
        "TASK_CONTAINERS" : 0.4533662001049464
      }
    }
  },
  "AppCoordinates {com.bbn, test-service1, 1}" : {
    "serverDemand" : {
      "C" : {
        "QueueLength" : 4.155508144709042,
        "TASK_CONTAINERS" : 0.41555081447090414
      },
      "E" : {
        "QueueLength" : 5.816791024266028,
        "TASK_CONTAINERS" : 0.5816791024266026
      }
    }
  }
}