1122,1,DNS_UPDATE_SUCCEEDED
1238,2,RLG_PLAN_PUBLISHED
1253,2,DCOP_PLAN_PLUBLIED
106319,212,DCOP_PLAN_PLUBLIED
109194,218,RLG_PLAN_PUBLISHED
109667,219,DNS_UPDATE_SUCCEEDED
110169,220,DNS_UPDATE_SUCCEEDED
112195,224,RLG_PLAN_PUBLISHED
112689,225,DNS_UPDATE_SUCCEEDED
127195,254,RLG_PLAN_PUBLISHED
127692,255,DNS_UPDATE_SUCCEEDED
128188,256,DNS_UPDATE_SUCCEEDED
130202,260,RLG_PLAN_PUBLISHED
130699,261,DNS_UPDATE_SUCCEEDED
166265,332,DCOP_PLAN_PLUBLIED
169202,338,RLG_PLAN_PUBLISHED
169701,339,DNS_UPDATE_SUCCEEDED
170204,340,DNS_UPDATE_SUCCEEDED
172202,344,RLG_PLAN_PUBLISHED
172702,345,DNS_UPDATE_SUCCEEDED
187212,374,RLG_PLAN_PUBLISHED
187712,375,DNS_UPDATE_SUCCEEDED
190204,379,RLG_PLAN_PUBLISHED
190209,380,DNS_UPDATE_SUCCEEDED
190714,381,DNS_UPDATE_SUCCEEDED
193203,385,RLG_PLAN_PUBLISHED
193216,386,DNS_UPDATE_SUCCEEDED
630004,1260,DNS_UPDATE_SUCCEEDED
