{
  "nodeName" : {
    "name" : "nodeG"
  },
  "timestamp" : 386982,
  "demandEstimationWindow" : "LONG",
  "nodeComputeCapacity" : {
    "CPU" : 4.0,
    "MEMORY" : 8.0E9,
    "DISK" : 10.0,
    "TASK_CONTAINERS" : 20.0
  },
  "networkCapacity" : {
    "interface-nodeE ( nodeE )" : {
      "DATARATE_RX" : 100.0,
      "DATARATE_TX" : 100.0
    },
    "interface-nodeH ( nodeH )" : {
      "DATARATE_RX" : 100.0,
      "DATARATE_TX" : 100.0
    },
    "interface-nodeM ( nodeM )" : {
      "DATARATE_RX" : 100.0,
      "DATARATE_TX" : 100.0
    }
  },
  "networkLoad" : {
    "interface-nodeE ( nodeE )" : {
      "(clientPoolG, nodeE_c07, nodeE_c07)" : {
        "AppCoordinates {com.bbn, test-service3, 1}" : {
          "DATARATE_TX" : 1.3399999999999981E-4,
          "DATARATE_RX" : 6.699999999999991E-5
        },
        "AppCoordinates {com.bbn, test-service2, 1}" : {
          "DATARATE_TX" : -7.623296525288703E-21,
          "DATARATE_RX" : -3.8116482626443515E-21
        }
      },
      "(clientPoolG, nodeE_c06, nodeE_c06)" : {
        "AppCoordinates {com.bbn, test-service3, 1}" : {
          "DATARATE_TX" : 2.6000000000000005E-5,
          "DATARATE_RX" : 1.3000000000000003E-5
        },
        "AppCoordinates {com.bbn, test-service2, 1}" : {
          "DATARATE_TX" : 1.4799999999999978E-4,
          "DATARATE_RX" : 7.399999999999989E-5
        },
        "AppCoordinates {com.bbn, test-service1, 1}" : {
          "DATARATE_TX" : -7.623296525288703E-21,
          "DATARATE_RX" : -3.8116482626443515E-21
        }
      },
      "(clientPoolG, nodeE_c05, nodeE_c05)" : {
        "AppCoordinates {com.bbn, test-service3, 1}" : {
          "DATARATE_TX" : 1.5999999999999974E-4,
          "DATARATE_RX" : 7.999999999999987E-5
        },
        "AppCoordinates {com.bbn, test-service2, 1}" : {
          "DATARATE_TX" : -7.623296525288703E-21,
          "DATARATE_RX" : -3.8116482626443515E-21
        },
        "AppCoordinates {com.bbn, test-service1, 1}" : {
          "DATARATE_TX" : 2.541098841762901E-21,
          "DATARATE_RX" : 1.2705494208814505E-21
        }
      },
      "(clientPoolG, nodeE_c04, nodeE_c04)" : {
        "AppCoordinates {com.bbn, test-service2, 1}" : {
          "DATARATE_TX" : 1.359999999999998E-4,
          "DATARATE_RX" : 6.79999999999999E-5
        },
        "AppCoordinates {com.bbn, test-service1, 1}" : {
          "DATARATE_TX" : -7.623296525288703E-21,
          "DATARATE_RX" : -3.8116482626443515E-21
        }
      },
      "(clientPoolG, nodeE_c03, nodeE_c03)" : {
        "AppCoordinates {com.bbn, test-service3, 1}" : {
          "DATARATE_TX" : 1.6399999999999973E-4,
          "DATARATE_RX" : 8.199999999999987E-5
        },
        "AppCoordinates {com.bbn, test-service1, 1}" : {
          "DATARATE_TX" : -7.623296525288703E-21,
          "DATARATE_RX" : -3.8116482626443515E-21
        }
      },
      "(clientPoolG, nodeE_c02, nodeE_c02)" : {
        "AppCoordinates {com.bbn, test-service3, 1}" : {
          "DATARATE_TX" : 1.8199999999999968E-4,
          "DATARATE_RX" : 9.099999999999984E-5
        }
      },
      "(clientPoolM, nodeE_c07, nodeE_c07)" : {
        "AppCoordinates {com.bbn, test-service3, 1}" : {
          "DATARATE_TX" : 1.359999999999998E-4,
          "DATARATE_RX" : 6.79999999999999E-5
        },
        "AppCoordinates {com.bbn, test-service2, 1}" : {
          "DATARATE_TX" : -7.623296525288703E-21,
          "DATARATE_RX" : -3.8116482626443515E-21
        }
      },
      "(clientPoolG, nodeE_c01, nodeE_c01)" : {
        "AppCoordinates {com.bbn, test-service2, 1}" : {
          "DATARATE_TX" : 1.4599999999999978E-4,
          "DATARATE_RX" : 7.299999999999989E-5
        }
      },
      "(clientPoolM, nodeE_c06, nodeE_c06)" : {
        "AppCoordinates {com.bbn, test-service3, 1}" : {
          "DATARATE_TX" : 2.4000000000000004E-5,
          "DATARATE_RX" : 1.2000000000000002E-5
        },
        "AppCoordinates {com.bbn, test-service2, 1}" : {
          "DATARATE_TX" : 1.4799999999999978E-4,
          "DATARATE_RX" : 7.399999999999989E-5
        },
        "AppCoordinates {com.bbn, test-service1, 1}" : {
          "DATARATE_TX" : -7.623296525288703E-21,
          "DATARATE_RX" : -3.8116482626443515E-21
        }
      },
      "(clientPoolG, nodeE_c00, nodeE_c00)" : {
        "AppCoordinates {com.bbn, test-service1, 1}" : {
          "DATARATE_TX" : 1.5399999999999976E-4,
          "DATARATE_RX" : 7.699999999999988E-5
        }
      },
      "(clientPoolM, nodeE_c05, nodeE_c05)" : {
        "AppCoordinates {com.bbn, test-service3, 1}" : {
          "DATARATE_TX" : 1.379999999999998E-4,
          "DATARATE_RX" : 6.89999999999999E-5
        },
        "AppCoordinates {com.bbn, test-service2, 1}" : {
          "DATARATE_TX" : -7.623296525288703E-21,
          "DATARATE_RX" : -3.8116482626443515E-21
        },
        "AppCoordinates {com.bbn, test-service1, 1}" : {
          "DATARATE_TX" : -8.470329472543003E-22,
          "DATARATE_RX" : -4.2351647362715017E-22
        }
      },
      "(clientPoolM, nodeE_c04, nodeE_c04)" : {
        "AppCoordinates {com.bbn, test-service2, 1}" : {
          "DATARATE_TX" : 1.4599999999999978E-4,
          "DATARATE_RX" : 7.299999999999989E-5
        },
        "AppCoordinates {com.bbn, test-service1, 1}" : {
          "DATARATE_TX" : -7.623296525288703E-21,
          "DATARATE_RX" : -3.8116482626443515E-21
        }
      },
      "(clientPoolM, nodeE_c03, nodeE_c03)" : {
        "AppCoordinates {com.bbn, test-service3, 1}" : {
          "DATARATE_TX" : 1.379999999999998E-4,
          "DATARATE_RX" : 6.89999999999999E-5
        },
        "AppCoordinates {com.bbn, test-service1, 1}" : {
          "DATARATE_TX" : -7.623296525288703E-21,
          "DATARATE_RX" : -3.8116482626443515E-21
        }
      },
      "(clientPoolM, nodeE_c02, nodeE_c02)" : {
        "AppCoordinates {com.bbn, test-service3, 1}" : {
          "DATARATE_TX" : 1.3199999999999982E-4,
          "DATARATE_RX" : 6.599999999999991E-5
        }
      },
      "(clientPoolM, nodeE_c01, nodeE_c01)" : {
        "AppCoordinates {com.bbn, test-service2, 1}" : {
          "DATARATE_TX" : 1.379999999999998E-4,
          "DATARATE_RX" : 6.89999999999999E-5
        }
      },
      "(clientPoolM, nodeE_c00, nodeE_c00)" : {
        "AppCoordinates {com.bbn, test-service1, 1}" : {
          "DATARATE_TX" : 1.4999999999999977E-4,
          "DATARATE_RX" : 7.499999999999989E-5
        }
      }
    },
    "interface-nodeH ( nodeH )" : { },
    "interface-nodeM ( nodeM )" : {
      "(clientPoolG, nodeM_c00, nodeM_c00)" : {
        "AppCoordinates {com.bbn, test-service3, 1}" : {
          "DATARATE_TX" : -7.623296525288703E-21,
          "DATARATE_RX" : -3.8116482626443515E-21
        }
      },
      "(nodeE_c06, clientPoolM, nodeE_c06)" : {
        "AppCoordinates {com.bbn, test-service3, 1}" : {
          "DATARATE_TX" : 1.2000000000000002E-5,
          "DATARATE_RX" : 2.4000000000000004E-5
        },
        "AppCoordinates {com.bbn, test-service2, 1}" : {
          "DATARATE_TX" : 7.399999999999989E-5,
          "DATARATE_RX" : 1.4799999999999978E-4
        },
        "AppCoordinates {com.bbn, test-service1, 1}" : {
          "DATARATE_TX" : -3.8116482626443515E-21,
          "DATARATE_RX" : -7.623296525288703E-21
        }
      },
      "(nodeE_c05, clientPoolM, nodeE_c05)" : {
        "AppCoordinates {com.bbn, test-service3, 1}" : {
          "DATARATE_TX" : 6.89999999999999E-5,
          "DATARATE_RX" : 1.379999999999998E-4
        },
        "AppCoordinates {com.bbn, test-service2, 1}" : {
          "DATARATE_TX" : -3.8116482626443515E-21,
          "DATARATE_RX" : -7.623296525288703E-21
        },
        "AppCoordinates {com.bbn, test-service1, 1}" : {
          "DATARATE_TX" : -4.2351647362715017E-22,
          "DATARATE_RX" : -8.470329472543003E-22
        }
      },
      "(clientPoolG, nodeM_c02, nodeM_c02)" : {
        "AppCoordinates {com.bbn, test-service3, 1}" : {
          "DATARATE_TX" : -7.623296525288703E-21,
          "DATARATE_RX" : -3.8116482626443515E-21
        }
      },
      "(clientPoolG, nodeM_c03, nodeM_c03)" : {
        "AppCoordinates {com.bbn, test-service3, 1}" : {
          "DATARATE_TX" : -8.470329472543003E-22,
          "DATARATE_RX" : -4.2351647362715017E-22
        }
      },
      "(nodeE_c07, clientPoolM, nodeE_c07)" : {
        "AppCoordinates {com.bbn, test-service3, 1}" : {
          "DATARATE_TX" : 6.79999999999999E-5,
          "DATARATE_RX" : 1.359999999999998E-4
        },
        "AppCoordinates {com.bbn, test-service2, 1}" : {
          "DATARATE_TX" : -3.8116482626443515E-21,
          "DATARATE_RX" : -7.623296525288703E-21
        }
      },
      "(nodeE_c02, clientPoolM, nodeE_c02)" : {
        "AppCoordinates {com.bbn, test-service3, 1}" : {
          "DATARATE_TX" : 6.599999999999991E-5,
          "DATARATE_RX" : 1.3199999999999982E-4
        }
      },
      "(nodeE_c01, clientPoolM, nodeE_c01)" : {
        "AppCoordinates {com.bbn, test-service2, 1}" : {
          "DATARATE_TX" : 6.89999999999999E-5,
          "DATARATE_RX" : 1.379999999999998E-4
        }
      },
      "(nodeE_c04, clientPoolM, nodeE_c04)" : {
        "AppCoordinates {com.bbn, test-service2, 1}" : {
          "DATARATE_TX" : 7.299999999999989E-5,
          "DATARATE_RX" : 1.4599999999999978E-4
        },
        "AppCoordinates {com.bbn, test-service1, 1}" : {
          "DATARATE_TX" : -3.8116482626443515E-21,
          "DATARATE_RX" : -7.623296525288703E-21
        }
      },
      "(nodeE_c03, clientPoolM, nodeE_c03)" : {
        "AppCoordinates {com.bbn, test-service3, 1}" : {
          "DATARATE_TX" : 6.89999999999999E-5,
          "DATARATE_RX" : 1.379999999999998E-4
        },
        "AppCoordinates {com.bbn, test-service1, 1}" : {
          "DATARATE_TX" : -3.8116482626443515E-21,
          "DATARATE_RX" : -7.623296525288703E-21
        }
      },
      "(nodeG_c02, clientPoolM, nodeG_c02)" : {
        "AppCoordinates {com.bbn, test-service3, 1}" : {
          "DATARATE_TX" : 1.2705494208814505E-21,
          "DATARATE_RX" : 2.541098841762901E-21
        }
      },
      "(nodeG_c01, clientPoolM, nodeG_c01)" : {
        "AppCoordinates {com.bbn, test-service2, 1}" : {
          "DATARATE_TX" : -3.8116482626443515E-21,
          "DATARATE_RX" : -7.623296525288703E-21
        }
      },
      "(nodeG_c00, clientPoolM, nodeG_c00)" : {
        "AppCoordinates {com.bbn, test-service3, 1}" : {
          "DATARATE_TX" : 1.2705494208814505E-21,
          "DATARATE_RX" : 2.541098841762901E-21
        }
      },
      "(nodeE_c00, clientPoolM, nodeE_c00)" : {
        "AppCoordinates {com.bbn, test-service1, 1}" : {
          "DATARATE_TX" : 7.499999999999989E-5,
          "DATARATE_RX" : 1.4999999999999977E-4
        }
      },
      "(nodeG_c04, clientPoolM, nodeG_c04)" : {
        "AppCoordinates {com.bbn, test-service3, 1}" : {
          "DATARATE_TX" : 5.099999999999995E-5,
          "DATARATE_RX" : 1.019999999999999E-4
        }
      },
      "(nodeG_c03, clientPoolM, nodeG_c03)" : {
        "AppCoordinates {com.bbn, test-service2, 1}" : {
          "DATARATE_TX" : -3.8116482626443515E-21,
          "DATARATE_RX" : -7.623296525288703E-21
        }
      }
    }
  },
  "networkDemand" : {
    "interface-nodeE ( nodeE )" : {
      "(clientPoolG, nodeE_c07, nodeE_c07)" : {
        "AppCoordinates {com.bbn, test-service3, 1}" : {
          "DATARATE_TX" : 1.8684324324324294E-4,
          "DATARATE_RX" : 9.342162162162147E-5
        },
        "AppCoordinates {com.bbn, test-service2, 1}" : {
          "DATARATE_TX" : -7.623296525288703E-21,
          "DATARATE_RX" : -3.8116482626443515E-21
        }
      },
      "(clientPoolG, nodeE_c06, nodeE_c06)" : {
        "AppCoordinates {com.bbn, test-service3, 1}" : {
          "DATARATE_TX" : 2.5695652173913032E-5,
          "DATARATE_RX" : 1.2847826086956516E-5
        },
        "AppCoordinates {com.bbn, test-service2, 1}" : {
          "DATARATE_TX" : 1.4551681957186512E-4,
          "DATARATE_RX" : 7.275840978593256E-5
        },
        "AppCoordinates {com.bbn, test-service1, 1}" : {
          "DATARATE_TX" : -7.623296525288703E-21,
          "DATARATE_RX" : -3.8116482626443515E-21
        }
      },
      "(clientPoolG, nodeE_c05, nodeE_c05)" : {
        "AppCoordinates {com.bbn, test-service3, 1}" : {
          "DATARATE_TX" : 2.4753462603878068E-5,
          "DATARATE_RX" : 1.2376731301939034E-5
        },
        "AppCoordinates {com.bbn, test-service2, 1}" : {
          "DATARATE_TX" : 1.0623268698060933E-4,
          "DATARATE_RX" : 5.3116343490304665E-5
        },
        "AppCoordinates {com.bbn, test-service1, 1}" : {
          "DATARATE_TX" : 2.541098841762901E-21,
          "DATARATE_RX" : 1.2705494208814505E-21
        }
      },
      "(clientPoolG, nodeE_c04, nodeE_c04)" : {
        "AppCoordinates {com.bbn, test-service2, 1}" : {
          "DATARATE_TX" : 1.327922437673127E-4,
          "DATARATE_RX" : 6.639612188365634E-5
        },
        "AppCoordinates {com.bbn, test-service1, 1}" : {
          "DATARATE_TX" : -7.623296525288703E-21,
          "DATARATE_RX" : -3.8116482626443515E-21
        }
      },
      "(clientPoolG, nodeE_c03, nodeE_c03)" : {
        "AppCoordinates {com.bbn, test-service3, 1}" : {
          "DATARATE_TX" : 1.6053608247422617E-4,
          "DATARATE_RX" : 8.026804123711309E-5
        },
        "AppCoordinates {com.bbn, test-service1, 1}" : {
          "DATARATE_TX" : -7.623296525288703E-21,
          "DATARATE_RX" : -3.8116482626443515E-21
        }
      },
      "(clientPoolG, nodeE_c02, nodeE_c02)" : {
        "AppCoordinates {com.bbn, test-service3, 1}" : {
          "DATARATE_TX" : 1.8427700831024908E-4,
          "DATARATE_RX" : 9.213850415512454E-5
        }
      },
      "(clientPoolG, nodeE_c01, nodeE_c01)" : {
        "AppCoordinates {com.bbn, test-service2, 1}" : {
          "DATARATE_TX" : 1.2159002770083088E-4,
          "DATARATE_RX" : 6.079501385041544E-5
        }
      },
      "(clientPoolM, nodeE_c07, nodeE_c07)" : {
        "AppCoordinates {com.bbn, test-service3, 1}" : {
          "DATARATE_TX" : 1.4057608695652133E-4,
          "DATARATE_RX" : 7.028804347826067E-5
        },
        "AppCoordinates {com.bbn, test-service2, 1}" : {
          "DATARATE_TX" : -7.623296525288703E-21,
          "DATARATE_RX" : -3.8116482626443515E-21
        }
      },
      "(clientPoolG, nodeE_c00, nodeE_c00)" : {
        "AppCoordinates {com.bbn, test-service1, 1}" : {
          "DATARATE_TX" : 1.1987811634349062E-4,
          "DATARATE_RX" : 5.993905817174531E-5
        }
      },
      "(clientPoolM, nodeE_c06, nodeE_c06)" : {
        "AppCoordinates {com.bbn, test-service3, 1}" : {
          "DATARATE_TX" : 2.3478260869565225E-5,
          "DATARATE_RX" : 1.1739130434782613E-5
        },
        "AppCoordinates {com.bbn, test-service2, 1}" : {
          "DATARATE_TX" : 1.4039755351681897E-4,
          "DATARATE_RX" : 7.019877675840949E-5
        },
        "AppCoordinates {com.bbn, test-service1, 1}" : {
          "DATARATE_TX" : -7.623296525288703E-21,
          "DATARATE_RX" : -3.8116482626443515E-21
        }
      },
      "(clientPoolM, nodeE_c05, nodeE_c05)" : {
        "AppCoordinates {com.bbn, test-service3, 1}" : {
          "DATARATE_TX" : 2.1601108033240986E-5,
          "DATARATE_RX" : 1.0800554016620493E-5
        },
        "AppCoordinates {com.bbn, test-service2, 1}" : {
          "DATARATE_TX" : 1.0011634349030448E-4,
          "DATARATE_RX" : 5.005817174515224E-5
        },
        "AppCoordinates {com.bbn, test-service1, 1}" : {
          "DATARATE_TX" : -8.470329472543003E-22,
          "DATARATE_RX" : -4.2351647362715017E-22
        }
      },
      "(clientPoolM, nodeE_c04, nodeE_c04)" : {
        "AppCoordinates {com.bbn, test-service2, 1}" : {
          "DATARATE_TX" : 1.348919667590022E-4,
          "DATARATE_RX" : 6.74459833795011E-5
        },
        "AppCoordinates {com.bbn, test-service1, 1}" : {
          "DATARATE_TX" : -7.623296525288703E-21,
          "DATARATE_RX" : -3.8116482626443515E-21
        }
      },
      "(clientPoolM, nodeE_c03, nodeE_c03)" : {
        "AppCoordinates {com.bbn, test-service3, 1}" : {
          "DATARATE_TX" : 1.2630927835051515E-4,
          "DATARATE_RX" : 6.315463917525757E-5
        },
        "AppCoordinates {com.bbn, test-service1, 1}" : {
          "DATARATE_TX" : -7.623296525288703E-21,
          "DATARATE_RX" : -3.8116482626443515E-21
        }
      },
      "(clientPoolM, nodeE_c02, nodeE_c02)" : {
        "AppCoordinates {com.bbn, test-service3, 1}" : {
          "DATARATE_TX" : 1.5430470914127415E-4,
          "DATARATE_RX" : 7.715235457063707E-5
        }
      },
      "(clientPoolM, nodeE_c01, nodeE_c01)" : {
        "AppCoordinates {com.bbn, test-service2, 1}" : {
          "DATARATE_TX" : 1.277396121883659E-4,
          "DATARATE_RX" : 6.386980609418295E-5
        }
      },
      "(clientPoolM, nodeE_c00, nodeE_c00)" : {
        "AppCoordinates {com.bbn, test-service1, 1}" : {
          "DATARATE_TX" : 1.1832686980609398E-4,
          "DATARATE_RX" : 5.916343490304699E-5
        }
      }
    },
    "interface-nodeM ( nodeM )" : {
      "(nodeE_c06, clientPoolM, nodeE_c06)" : {
        "AppCoordinates {com.bbn, test-service3, 1}" : {
          "DATARATE_TX" : 1.1739130434782613E-5,
          "DATARATE_RX" : 2.3478260869565225E-5
        },
        "AppCoordinates {com.bbn, test-service2, 1}" : {
          "DATARATE_TX" : 7.019877675840949E-5,
          "DATARATE_RX" : 1.4039755351681897E-4
        },
        "AppCoordinates {com.bbn, test-service1, 1}" : {
          "DATARATE_TX" : -3.8116482626443515E-21,
          "DATARATE_RX" : -7.623296525288703E-21
        }
      },
      "(clientPoolG, nodeM_c00, nodeM_c00)" : {
        "AppCoordinates {com.bbn, test-service3, 1}" : {
          "DATARATE_TX" : -7.623296525288703E-21,
          "DATARATE_RX" : -3.8116482626443515E-21
        }
      },
      "(nodeE_c05, clientPoolM, nodeE_c05)" : {
        "AppCoordinates {com.bbn, test-service3, 1}" : {
          "DATARATE_TX" : 1.0800554016620493E-5,
          "DATARATE_RX" : 2.1601108033240986E-5
        },
        "AppCoordinates {com.bbn, test-service2, 1}" : {
          "DATARATE_TX" : 5.005817174515224E-5,
          "DATARATE_RX" : 1.0011634349030448E-4
        },
        "AppCoordinates {com.bbn, test-service1, 1}" : {
          "DATARATE_TX" : -4.2351647362715017E-22,
          "DATARATE_RX" : -8.470329472543003E-22
        }
      },
      "(clientPoolG, nodeM_c02, nodeM_c02)" : {
        "AppCoordinates {com.bbn, test-service3, 1}" : {
          "DATARATE_TX" : 4.914127423822719E-6,
          "DATARATE_RX" : 2.4570637119113595E-6
        }
      },
      "(nodeE_c07, clientPoolM, nodeE_c07)" : {
        "AppCoordinates {com.bbn, test-service3, 1}" : {
          "DATARATE_TX" : 7.028804347826067E-5,
          "DATARATE_RX" : 1.4057608695652133E-4
        },
        "AppCoordinates {com.bbn, test-service2, 1}" : {
          "DATARATE_TX" : -3.8116482626443515E-21,
          "DATARATE_RX" : -7.623296525288703E-21
        }
      },
      "(clientPoolG, nodeM_c03, nodeM_c03)" : {
        "AppCoordinates {com.bbn, test-service3, 1}" : {
          "DATARATE_TX" : 3.6897506925207763E-6,
          "DATARATE_RX" : 1.8448753462603881E-6
        }
      },
      "(nodeE_c02, clientPoolM, nodeE_c02)" : {
        "AppCoordinates {com.bbn, test-service3, 1}" : {
          "DATARATE_TX" : 7.715512465373958E-5,
          "DATARATE_RX" : 1.5431024930747915E-4
        }
      },
      "(nodeE_c01, clientPoolM, nodeE_c01)" : {
        "AppCoordinates {com.bbn, test-service2, 1}" : {
          "DATARATE_TX" : 6.386980609418295E-5,
          "DATARATE_RX" : 1.277396121883659E-4
        }
      },
      "(nodeE_c04, clientPoolM, nodeE_c04)" : {
        "AppCoordinates {com.bbn, test-service2, 1}" : {
          "DATARATE_TX" : 6.74459833795011E-5,
          "DATARATE_RX" : 1.348919667590022E-4
        },
        "AppCoordinates {com.bbn, test-service1, 1}" : {
          "DATARATE_TX" : -3.8116482626443515E-21,
          "DATARATE_RX" : -7.623296525288703E-21
        }
      },
      "(nodeE_c03, clientPoolM, nodeE_c03)" : {
        "AppCoordinates {com.bbn, test-service3, 1}" : {
          "DATARATE_TX" : 6.315463917525757E-5,
          "DATARATE_RX" : 1.2630927835051515E-4
        },
        "AppCoordinates {com.bbn, test-service1, 1}" : {
          "DATARATE_TX" : -3.8116482626443515E-21,
          "DATARATE_RX" : -7.623296525288703E-21
        }
      },
      "(nodeG_c02, clientPoolM, nodeG_c02)" : {
        "AppCoordinates {com.bbn, test-service3, 1}" : {
          "DATARATE_TX" : 1.171745152354571E-6,
          "DATARATE_RX" : 2.343490304709142E-6
        }
      },
      "(nodeG_c01, clientPoolM, nodeG_c01)" : {
        "AppCoordinates {com.bbn, test-service2, 1}" : {
          "DATARATE_TX" : 2.2437673130193894E-6,
          "DATARATE_RX" : 4.487534626038779E-6
        }
      },
      "(nodeE_c00, clientPoolM, nodeE_c00)" : {
        "AppCoordinates {com.bbn, test-service1, 1}" : {
          "DATARATE_TX" : 5.916343490304699E-5,
          "DATARATE_RX" : 1.1832686980609398E-4
        }
      },
      "(nodeG_c00, clientPoolM, nodeG_c00)" : {
        "AppCoordinates {com.bbn, test-service3, 1}" : {
          "DATARATE_TX" : 1.2705494208814505E-21,
          "DATARATE_RX" : 2.541098841762901E-21
        }
      },
      "(nodeG_c04, clientPoolM, nodeG_c04)" : {
        "AppCoordinates {com.bbn, test-service3, 1}" : {
          "DATARATE_TX" : 3.312742382271473E-5,
          "DATARATE_RX" : 6.625484764542947E-5
        }
      },
      "(nodeG_c03, clientPoolM, nodeG_c03)" : {
        "AppCoordinates {com.bbn, test-service2, 1}" : {
          "DATARATE_TX" : 2.5457063711911355E-6,
          "DATARATE_RX" : 5.091412742382271E-6
        }
      }
    },
    "interface-nodeH ( nodeH )" : { }
  },
  "containerReports" : {
    "nodeG_c04" : {
      "containerName" : {
        "name" : "nodeG_c04"
      },
      "timestamp" : 386982,
      "service" : {
        "group" : "com.bbn",
        "artifact" : "test-service3",
        "version" : "1"
      },
      "serviceStatus" : "RUNNING",
      "demandEstimationWindow" : "LONG",
      "computeCapacity" : {
        "CPU" : 1.0,
        "TASK_CONTAINERS" : 100.0,
        "QueueLength" : 1000000.0
      },
      "computeLoad" : {
        "UNKNOWN" : {
          "QueueLength" : 110.0,
          "TASK_CONTAINERS" : 55.0
        }
      },
      "computeDemand" : {
        "UNKNOWN" : {
          "QueueLength" : 80.54696132596685,
          "TASK_CONTAINERS" : 40.273480662983424
        }
      },
      "averageProcessingTime" : 120000.0,
      "networkCapacity" : {
        "interface-nodeG ( nodeG )" : {
          "DATARATE_TX" : 100.0,
          "DATARATE_RX" : 100.0
        }
      },
      "networkLoad" : {
        "interface-nodeG ( nodeG )" : {
          "(clientPoolM, nodeG_c04, nodeG_c04)" : {
            "AppCoordinates {com.bbn, test-service3, 1}" : {
              "DATARATE_TX" : 1.019999999999999E-4,
              "DATARATE_RX" : 5.099999999999995E-5
            }
          },
          "(clientPoolG, nodeG_c04, nodeG_c04)" : {
            "AppCoordinates {com.bbn, test-service3, 1}" : {
              "DATARATE_TX" : 1.1799999999999986E-4,
              "DATARATE_RX" : 5.899999999999993E-5
            }
          }
        }
      },
      "networkDemand" : {
        "interface-nodeG ( nodeG )" : {
          "(clientPoolM, nodeG_c04, nodeG_c04)" : {
            "AppCoordinates {com.bbn, test-service3, 1}" : {
              "DATARATE_TX" : 6.625484764542947E-5,
              "DATARATE_RX" : 3.312742382271473E-5
            }
          },
          "(clientPoolG, nodeG_c04, nodeG_c04)" : {
            "AppCoordinates {com.bbn, test-service3, 1}" : {
              "DATARATE_TX" : 9.528531855955705E-5,
              "DATARATE_RX" : 4.7642659279778525E-5
            }
          }
        }
      }
    }
  },
  "maximumServiceContainers" : 20,
  "allocatedServiceContainers" : 1,
  "computeDemand" : {
    "AppCoordinates {com.bbn, test-service3, 1}" : {
      "UNKNOWN" : {
        "QueueLength" : 80.54696132596685,
        "TASK_CONTAINERS" : 40.273480662983424
      }
    }
  },
  "containerNetworkLoad" : {
    "interface-nodeG ( nodeG )" : {
      "(clientPoolM, nodeG_c04, nodeG_c04)" : {
        "AppCoordinates {com.bbn, test-service3, 1}" : {
          "DATARATE_TX" : 1.019999999999999E-4,
          "DATARATE_RX" : 5.099999999999995E-5
        }
      },
      "(clientPoolG, nodeG_c04, nodeG_c04)" : {
        "AppCoordinates {com.bbn, test-service3, 1}" : {
          "DATARATE_TX" : 1.1799999999999986E-4,
          "DATARATE_RX" : 5.899999999999993E-5
        }
      }
    }
  },
  "containerNetworkDemand" : {
    "interface-nodeG ( nodeG )" : {
      "(clientPoolM, nodeG_c04, nodeG_c04)" : {
        "AppCoordinates {com.bbn, test-service3, 1}" : {
          "DATARATE_TX" : 6.625484764542947E-5,
          "DATARATE_RX" : 3.312742382271473E-5
        }
      },
      "(clientPoolG, nodeG_c04, nodeG_c04)" : {
        "AppCoordinates {com.bbn, test-service3, 1}" : {
          "DATARATE_TX" : 9.528531855955705E-5,
          "DATARATE_RX" : 4.7642659279778525E-5
        }
      }
    }
  },
  "computeLoad" : {
    "AppCoordinates {com.bbn, test-service3, 1}" : {
      "UNKNOWN" : {
        "QueueLength" : 110.0,
        "TASK_CONTAINERS" : 55.0
      }
    }
  },
  "allocatedComputeCapacity" : {
    "CPU" : 1.0,
    "QueueLength" : 1000000.0,
    "TASK_CONTAINERS" : 100.0
  },
  "availableServiceContainers" : 19,
  "averageProcessingTime" : {
    "AppCoordinates {com.bbn, test-service3, 1}" : 120000.0
  }
}