{
  "region" : {
    "name" : "D"
  },
  "nodeResourceReports" : [ {
    "nodeName" : {
      "name" : "nodeD"
    },
    "timestamp" : 374465,
    "demandEstimationWindow" : "SHORT",
    "nodeComputeCapacity" : {
      "CPU" : 4.0,
      "MEMORY" : 8.0E9,
      "DISK" : 10.0,
      "TASK_CONTAINERS" : 20.0
    },
    "networkCapacity" : {
      "interface-nodeE ( nodeE )" : {
        "DATARATE_RX" : 100.0,
        "DATARATE_TX" : 100.0
      },
      "interface-nodeI ( nodeI )" : {
        "DATARATE_RX" : 100.0,
        "DATARATE_TX" : 100.0
      },
      "interface-nodeF ( nodeF )" : {
        "DATARATE_RX" : 100.0,
        "DATARATE_TX" : 100.0
      },
      "interface-nodeG ( nodeG )" : {
        "DATARATE_RX" : 100.0,
        "DATARATE_TX" : 100.0
      },
      "interface-nodeJ ( nodeJ )" : {
        "DATARATE_RX" : 100.0,
        "DATARATE_TX" : 100.0
      },
      "interface-nodeK ( nodeK )" : {
        "DATARATE_RX" : 100.0,
        "DATARATE_TX" : 100.0
      },
      "interface-nodeN ( nodeN )" : {
        "DATARATE_RX" : 100.0,
        "DATARATE_TX" : 100.0
      }
    },
    "networkLoad" : {
      "interface-nodeE ( nodeE )" : {
        "(clientPoolD, nodeT_c06, nodeT_c06)" : {
          "AppCoordinates {com.bbn, test-service1, 1}" : {
            "DATARATE_TX" : 1.419999999999998E-4,
            "DATARATE_RX" : 7.09999999999999E-5
          }
        },
        "(clientPoolD, nodeT_c07, nodeT_c07)" : {
          "AppCoordinates {com.bbn, test-service2, 1}" : {
            "DATARATE_TX" : 1.1599999999999987E-4,
            "DATARATE_RX" : 5.799999999999993E-5
          }
        },
        "(clientPoolD, nodeT_c00, nodeT_c00)" : {
          "AppCoordinates {com.bbn, test-service3, 1}" : {
            "DATARATE_TX" : -7.623296525288703E-21,
            "DATARATE_RX" : -3.8116482626443515E-21
          },
          "AppCoordinates {com.bbn, test-service1, 1}" : {
            "DATARATE_TX" : -7.623296525288703E-21,
            "DATARATE_RX" : -3.8116482626443515E-21
          }
        },
        "(clientPoolD, nodeT_c01, nodeT_c01)" : {
          "AppCoordinates {com.bbn, test-service3, 1}" : {
            "DATARATE_TX" : -7.623296525288703E-21,
            "DATARATE_RX" : -3.8116482626443515E-21
          },
          "AppCoordinates {com.bbn, test-service2, 1}" : {
            "DATARATE_TX" : -7.623296525288703E-21,
            "DATARATE_RX" : -3.8116482626443515E-21
          }
        },
        "(clientPoolD, nodeT_c04, nodeT_c04)" : {
          "AppCoordinates {com.bbn, test-service3, 1}" : {
            "DATARATE_TX" : -7.623296525288703E-21,
            "DATARATE_RX" : -3.8116482626443515E-21
          },
          "AppCoordinates {com.bbn, test-service1, 1}" : {
            "DATARATE_TX" : -7.623296525288703E-21,
            "DATARATE_RX" : -3.8116482626443515E-21
          }
        },
        "(clientPoolD, nodeT_c05, nodeT_c05)" : {
          "AppCoordinates {com.bbn, test-service3, 1}" : {
            "DATARATE_TX" : -7.623296525288703E-21,
            "DATARATE_RX" : -3.8116482626443515E-21
          },
          "AppCoordinates {com.bbn, test-service1, 1}" : {
            "DATARATE_TX" : 1.2799999999999983E-4,
            "DATARATE_RX" : 6.399999999999992E-5
          }
        },
        "(clientPoolD, nodeT_c02, nodeT_c02)" : {
          "AppCoordinates {com.bbn, test-service3, 1}" : {
            "DATARATE_TX" : -7.623296525288703E-21,
            "DATARATE_RX" : -3.8116482626443515E-21
          },
          "AppCoordinates {com.bbn, test-service2, 1}" : {
            "DATARATE_TX" : 1.379999999999998E-4,
            "DATARATE_RX" : 6.89999999999999E-5
          }
        },
        "(clientPoolD, nodeT_c03, nodeT_c03)" : {
          "AppCoordinates {com.bbn, test-service3, 1}" : {
            "DATARATE_TX" : -7.623296525288703E-21,
            "DATARATE_RX" : -3.8116482626443515E-21
          },
          "AppCoordinates {com.bbn, test-service1, 1}" : {
            "DATARATE_TX" : -7.623296525288703E-21,
            "DATARATE_RX" : -3.8116482626443515E-21
          }
        }
      },
      "interface-nodeI ( nodeI )" : { },
      "interface-nodeF ( nodeF )" : { },
      "interface-nodeG ( nodeG )" : { },
      "interface-nodeJ ( nodeJ )" : { },
      "interface-nodeK ( nodeK )" : { },
      "interface-nodeN ( nodeN )" : { }
    },
    "networkDemand" : {
      "interface-nodeE ( nodeE )" : {
        "(clientPoolD, nodeT_c06, nodeT_c06)" : {
          "AppCoordinates {com.bbn, test-service1, 1}" : {
            "DATARATE_TX" : 1.419999999999998E-4,
            "DATARATE_RX" : 7.09999999999999E-5
          }
        },
        "(clientPoolD, nodeT_c07, nodeT_c07)" : {
          "AppCoordinates {com.bbn, test-service2, 1}" : {
            "DATARATE_TX" : 1.1599999999999988E-4,
            "DATARATE_RX" : 5.799999999999994E-5
          }
        },
        "(clientPoolD, nodeT_c00, nodeT_c00)" : {
          "AppCoordinates {com.bbn, test-service3, 1}" : {
            "DATARATE_TX" : -7.623296525288703E-21,
            "DATARATE_RX" : -3.8116482626443515E-21
          },
          "AppCoordinates {com.bbn, test-service1, 1}" : {
            "DATARATE_TX" : -7.623296525288703E-21,
            "DATARATE_RX" : -3.8116482626443515E-21
          }
        },
        "(clientPoolD, nodeT_c01, nodeT_c01)" : {
          "AppCoordinates {com.bbn, test-service3, 1}" : {
            "DATARATE_TX" : -7.623296525288703E-21,
            "DATARATE_RX" : -3.8116482626443515E-21
          },
          "AppCoordinates {com.bbn, test-service2, 1}" : {
            "DATARATE_TX" : -7.623296525288703E-21,
            "DATARATE_RX" : -3.8116482626443515E-21
          }
        },
        "(clientPoolD, nodeT_c04, nodeT_c04)" : {
          "AppCoordinates {com.bbn, test-service3, 1}" : {
            "DATARATE_TX" : -7.623296525288703E-21,
            "DATARATE_RX" : -3.8116482626443515E-21
          },
          "AppCoordinates {com.bbn, test-service1, 1}" : {
            "DATARATE_TX" : -7.623296525288703E-21,
            "DATARATE_RX" : -3.8116482626443515E-21
          }
        },
        "(clientPoolD, nodeT_c05, nodeT_c05)" : {
          "AppCoordinates {com.bbn, test-service3, 1}" : {
            "DATARATE_TX" : -7.623296525288703E-21,
            "DATARATE_RX" : -3.8116482626443515E-21
          },
          "AppCoordinates {com.bbn, test-service1, 1}" : {
            "DATARATE_TX" : 1.2799999999999983E-4,
            "DATARATE_RX" : 6.399999999999992E-5
          }
        },
        "(clientPoolD, nodeT_c02, nodeT_c02)" : {
          "AppCoordinates {com.bbn, test-service3, 1}" : {
            "DATARATE_TX" : -7.623296525288703E-21,
            "DATARATE_RX" : -3.8116482626443515E-21
          },
          "AppCoordinates {com.bbn, test-service2, 1}" : {
            "DATARATE_TX" : 1.379999999999998E-4,
            "DATARATE_RX" : 6.89999999999999E-5
          }
        },
        "(clientPoolD, nodeT_c03, nodeT_c03)" : {
          "AppCoordinates {com.bbn, test-service3, 1}" : {
            "DATARATE_TX" : -7.623296525288703E-21,
            "DATARATE_RX" : -3.8116482626443515E-21
          },
          "AppCoordinates {com.bbn, test-service1, 1}" : {
            "DATARATE_TX" : -7.623296525288703E-21,
            "DATARATE_RX" : -3.8116482626443515E-21
          }
        }
      },
      "interface-nodeN ( nodeN )" : { },
      "interface-nodeK ( nodeK )" : { },
      "interface-nodeJ ( nodeJ )" : { },
      "interface-nodeI ( nodeI )" : { },
      "interface-nodeG ( nodeG )" : { },
      "interface-nodeF ( nodeF )" : { }
    },
    "containerReports" : {
      "nodeD_c00" : {
        "containerName" : {
          "name" : "nodeD_c00"
        },
        "timestamp" : 374465,
        "service" : {
          "group" : "com.bbn",
          "artifact" : "test-service3",
          "version" : "1"
        },
        "serviceStatus" : "RUNNING",
        "demandEstimationWindow" : "SHORT",
        "computeCapacity" : {
          "CPU" : 1.0,
          "TASK_CONTAINERS" : 100.0,
          "QueueLength" : 1000000.0
        },
        "computeLoad" : {
          "UNKNOWN" : {
            "QueueLength" : 110.0,
            "TASK_CONTAINERS" : 55.0
          }
        },
        "computeDemand" : {
          "UNKNOWN" : {
            "QueueLength" : 110.25,
            "TASK_CONTAINERS" : 55.125
          }
        },
        "averageProcessingTime" : 120000.0,
        "networkCapacity" : {
          "interface-nodeD ( nodeD )" : {
            "DATARATE_TX" : 100.0,
            "DATARATE_RX" : 100.0
          }
        },
        "networkLoad" : {
          "interface-nodeD ( nodeD )" : {
            "(clientPoolD, nodeD_c00, nodeD_c00)" : {
              "AppCoordinates {com.bbn, test-service3, 1}" : {
                "DATARATE_TX" : 4.7199999999999895E-4,
                "DATARATE_RX" : 2.3599999999999948E-4
              }
            }
          }
        },
        "networkDemand" : {
          "interface-nodeD ( nodeD )" : {
            "(clientPoolD, nodeD_c00, nodeD_c00)" : {
              "AppCoordinates {com.bbn, test-service3, 1}" : {
                "DATARATE_TX" : 5.039999999999993E-4,
                "DATARATE_RX" : 2.519999999999997E-4
              }
            }
          }
        }
      },
      "nodeD_c01" : {
        "containerName" : {
          "name" : "nodeD_c01"
        },
        "timestamp" : 374471,
        "service" : {
          "group" : "com.bbn",
          "artifact" : "test-service2",
          "version" : "1"
        },
        "serviceStatus" : "RUNNING",
        "demandEstimationWindow" : "SHORT",
        "computeCapacity" : {
          "CPU" : 1.0,
          "TASK_CONTAINERS" : 100.0,
          "QueueLength" : 1000000.0
        },
        "computeLoad" : {
          "UNKNOWN" : {
            "QueueLength" : 52.0,
            "TASK_CONTAINERS" : 26.0
          }
        },
        "computeDemand" : {
          "UNKNOWN" : {
            "QueueLength" : 44.57142857142857,
            "TASK_CONTAINERS" : 22.285714285714285
          }
        },
        "averageProcessingTime" : 120000.0,
        "networkCapacity" : {
          "interface-nodeD ( nodeD )" : {
            "DATARATE_TX" : 100.0,
            "DATARATE_RX" : 100.0
          }
        },
        "networkLoad" : {
          "interface-nodeD ( nodeD )" : {
            "(clientPoolD, nodeD_c01, nodeD_c01)" : {
              "AppCoordinates {com.bbn, test-service2, 1}" : {
                "DATARATE_TX" : 1.039999999999999E-4,
                "DATARATE_RX" : 5.199999999999995E-5
              }
            }
          }
        },
        "networkDemand" : {
          "interface-nodeD ( nodeD )" : {
            "(clientPoolD, nodeD_c01, nodeD_c01)" : {
              "AppCoordinates {com.bbn, test-service2, 1}" : {
                "DATARATE_TX" : 1.0399999999999991E-4,
                "DATARATE_RX" : 5.1999999999999956E-5
              }
            }
          }
        }
      },
      "nodeD_c02" : {
        "containerName" : {
          "name" : "nodeD_c02"
        },
        "timestamp" : 374481,
        "service" : {
          "group" : "com.bbn",
          "artifact" : "test-service3",
          "version" : "1"
        },
        "serviceStatus" : "RUNNING",
        "demandEstimationWindow" : "SHORT",
        "computeCapacity" : {
          "CPU" : 1.0,
          "TASK_CONTAINERS" : 100.0,
          "QueueLength" : 1000000.0
        },
        "computeLoad" : {
          "UNKNOWN" : {
            "QueueLength" : 200.0,
            "TASK_CONTAINERS" : 100.0
          }
        },
        "computeDemand" : {
          "UNKNOWN" : {
            "QueueLength" : 165.71428571428572,
            "TASK_CONTAINERS" : 82.85714285714286
          }
        },
        "averageProcessingTime" : "NaN",
        "networkCapacity" : {
          "interface-nodeD ( nodeD )" : {
            "DATARATE_TX" : 100.0,
            "DATARATE_RX" : 100.0
          }
        },
        "networkLoad" : {
          "interface-nodeD ( nodeD )" : {
            "(clientPoolD, nodeD_c02, nodeD_c02)" : {
              "AppCoordinates {com.bbn, test-service3, 1}" : {
                "DATARATE_TX" : 4.1199999999999906E-4,
                "DATARATE_RX" : 2.0599999999999953E-4
              }
            }
          }
        },
        "networkDemand" : {
          "interface-nodeD ( nodeD )" : {
            "(clientPoolD, nodeD_c02, nodeD_c02)" : {
              "AppCoordinates {com.bbn, test-service3, 1}" : {
                "DATARATE_TX" : 3.889999999999991E-4,
                "DATARATE_RX" : 1.9449999999999955E-4
              }
            }
          }
        }
      },
      "nodeD_c03" : {
        "containerName" : {
          "name" : "nodeD_c03"
        },
        "timestamp" : 374482,
        "service" : {
          "group" : "com.bbn",
          "artifact" : "test-service3",
          "version" : "1"
        },
        "serviceStatus" : "RUNNING",
        "demandEstimationWindow" : "SHORT",
        "computeCapacity" : {
          "CPU" : 1.0,
          "TASK_CONTAINERS" : 100.0,
          "QueueLength" : 1000000.0
        },
        "computeLoad" : {
          "UNKNOWN" : {
            "QueueLength" : 101.0,
            "TASK_CONTAINERS" : 50.5
          }
        },
        "computeDemand" : {
          "UNKNOWN" : {
            "QueueLength" : 73.42857142857143,
            "TASK_CONTAINERS" : 36.714285714285715
          }
        },
        "averageProcessingTime" : "NaN",
        "networkCapacity" : {
          "interface-nodeD ( nodeD )" : {
            "DATARATE_TX" : 100.0,
            "DATARATE_RX" : 100.0
          }
        },
        "networkLoad" : {
          "interface-nodeD ( nodeD )" : {
            "(clientPoolD, nodeD_c03, nodeD_c03)" : {
              "AppCoordinates {com.bbn, test-service3, 1}" : {
                "DATARATE_TX" : 2.0199999999999962E-4,
                "DATARATE_RX" : 1.0099999999999981E-4
              }
            }
          }
        },
        "networkDemand" : {
          "interface-nodeD ( nodeD )" : {
            "(clientPoolD, nodeD_c03, nodeD_c03)" : {
              "AppCoordinates {com.bbn, test-service3, 1}" : {
                "DATARATE_TX" : 1.7133333333333304E-4,
                "DATARATE_RX" : 8.566666666666652E-5
              }
            }
          }
        }
      }
    },
    "maximumServiceContainers" : 20,
    "allocatedServiceContainers" : 4,
    "computeDemand" : {
      "AppCoordinates {com.bbn, test-service3, 1}" : {
        "UNKNOWN" : {
          "QueueLength" : 349.39285714285717,
          "TASK_CONTAINERS" : 174.69642857142858
        }
      },
      "AppCoordinates {com.bbn, test-service2, 1}" : {
        "UNKNOWN" : {
          "QueueLength" : 44.57142857142857,
          "TASK_CONTAINERS" : 22.285714285714285
        }
      }
    },
    "containerNetworkLoad" : {
      "interface-nodeD ( nodeD )" : {
        "(clientPoolD, nodeD_c01, nodeD_c01)" : {
          "AppCoordinates {com.bbn, test-service2, 1}" : {
            "DATARATE_TX" : 1.039999999999999E-4,
            "DATARATE_RX" : 5.199999999999995E-5
          }
        },
        "(clientPoolD, nodeD_c00, nodeD_c00)" : {
          "AppCoordinates {com.bbn, test-service3, 1}" : {
            "DATARATE_TX" : 4.7199999999999895E-4,
            "DATARATE_RX" : 2.3599999999999948E-4
          }
        },
        "(clientPoolD, nodeD_c03, nodeD_c03)" : {
          "AppCoordinates {com.bbn, test-service3, 1}" : {
            "DATARATE_TX" : 2.0199999999999962E-4,
            "DATARATE_RX" : 1.0099999999999981E-4
          }
        },
        "(clientPoolD, nodeD_c02, nodeD_c02)" : {
          "AppCoordinates {com.bbn, test-service3, 1}" : {
            "DATARATE_TX" : 4.1199999999999906E-4,
            "DATARATE_RX" : 2.0599999999999953E-4
          }
        }
      }
    },
    "containerNetworkDemand" : {
      "interface-nodeD ( nodeD )" : {
        "(clientPoolD, nodeD_c01, nodeD_c01)" : {
          "AppCoordinates {com.bbn, test-service2, 1}" : {
            "DATARATE_TX" : 1.0399999999999991E-4,
            "DATARATE_RX" : 5.1999999999999956E-5
          }
        },
        "(clientPoolD, nodeD_c00, nodeD_c00)" : {
          "AppCoordinates {com.bbn, test-service3, 1}" : {
            "DATARATE_TX" : 5.039999999999993E-4,
            "DATARATE_RX" : 2.519999999999997E-4
          }
        },
        "(clientPoolD, nodeD_c03, nodeD_c03)" : {
          "AppCoordinates {com.bbn, test-service3, 1}" : {
            "DATARATE_TX" : 1.7133333333333304E-4,
            "DATARATE_RX" : 8.566666666666652E-5
          }
        },
        "(clientPoolD, nodeD_c02, nodeD_c02)" : {
          "AppCoordinates {com.bbn, test-service3, 1}" : {
            "DATARATE_TX" : 3.889999999999991E-4,
            "DATARATE_RX" : 1.9449999999999955E-4
          }
        }
      }
    },
    "computeLoad" : {
      "AppCoordinates {com.bbn, test-service3, 1}" : {
        "UNKNOWN" : {
          "QueueLength" : 411.0,
          "TASK_CONTAINERS" : 205.5
        }
      },
      "AppCoordinates {com.bbn, test-service2, 1}" : {
        "UNKNOWN" : {
          "QueueLength" : 52.0,
          "TASK_CONTAINERS" : 26.0
        }
      }
    },
    "allocatedComputeCapacity" : {
      "CPU" : 4.0,
      "QueueLength" : 4000000.0,
      "TASK_CONTAINERS" : 400.0
    },
    "availableServiceContainers" : 16,
    "averageProcessingTime" : {
      "AppCoordinates {com.bbn, test-service3, 1}" : 120000.0,
      "AppCoordinates {com.bbn, test-service2, 1}" : 120000.0
    }
  } ]
}