{
  "AppCoordinates {com.bbn, test-service3, 1}" : {
    "serverDemand" : {
      "A" : {
        "QueueLength" : 101.92933809809479,
        "TASK_CONTAINERS" : 76.28105693948729
      },
      "C" : {
        "QueueLength" : 104.97486857733635,
        "TASK_CONTAINERS" : 78.56024650583562
      },
      "E" : {
        "QueueLength" : 138.22287550074802,
        "TASK_CONTAINERS" : 99.39738803560998
      }
    }
  },
  "AppCoordinates {com.bbn, test-service2, 1}" : {
    "serverDemand" : {
      "A" : {
        "QueueLength" : 103.45314108945288,
        "TASK_CONTAINERS" : 63.268271511611
      },
      "C" : {
        "QueueLength" : 108.99903518882083,
        "TASK_CONTAINERS" : 66.65994362478595
      },
      "E" : {
        "QueueLength" : 106.13257786059461,
        "TASK_CONTAINERS" : 64.90691999873819
      }
    }
  },
  "AppCoordinates {com.bbn, test-service1, 1}" : {
    "serverDemand" : {
      "A" : {
        "QueueLength" : 137.36753443947694,
        "TASK_CONTAINERS" : 94.8216132101252
      },
      "C" : {
        "QueueLength" : 144.2609582883828,
        "TASK_CONTAINERS" : 99.57998331963893
      },
      "E" : {
        "QueueLength" : 128.17931097952192,
        "TASK_CONTAINERS" : 88.47919631691148
      }
    }
  }
}