{
  "region" : {
    "name" : "F"
  },
  "minTimestamp" : 73978,
  "maxTimestamp" : 73978,
  "demandEstimationWindow" : "LONG",
  "serverCapacity" : {
    "DISK" : 10.0,
    "MEMORY" : 1.6E10,
    "CPU" : 8.0,
    "TASK_CONTAINERS" : 8.0
  },
  "serverLoad" : {
    "AppCoordinates {com.bbn, test-service3, 1}" : {
      "unknown" : {
        "QueueLength" : 10.0,
        "TASK_CONTAINERS" : 0.9999999999999999
      }
    },
    "AppCoordinates {com.bbn, test-service2, 1}" : {
      "unknown" : {
        "QueueLength" : 10.0,
        "TASK_CONTAINERS" : 0.9999999999999999
      }
    },
    "AppCoordinates {com.bbn, test-service1, 1}" : {
      "unknown" : {
        "QueueLength" : 10.0,
        "TASK_CONTAINERS" : 0.9999999999999999
      }
    }
  },
  "serverDemand" : {
    "AppCoordinates {com.bbn, test-service3, 1}" : {
      "unknown" : {
        "QueueLength" : 5.733333333333333,
        "TASK_CONTAINERS" : 0.9885057471264366
      }
    },
    "AppCoordinates {com.bbn, test-service2, 1}" : {
      "unknown" : {
        "QueueLength" : 5.8,
        "TASK_CONTAINERS" : 0.9886363636363634
      }
    },
    "AppCoordinates {com.bbn, test-service1, 1}" : {
      "unknown" : {
        "QueueLength" : 5.866666666666666,
        "TASK_CONTAINERS" : 0.9887640449438201
      }
    }
  },
  "serverAverageProcessingTimeCount" : { },
  "serverAverageProcessingTimeSum" : { },
  "networkCapacity" : {
    "C" : {
      "DATARATE_RX" : 100.0,
      "DATARATE_TX" : 100.0
    },
    "E" : {
      "DATARATE_RX" : 100.0,
      "DATARATE_TX" : 100.0
    },
    "G" : {
      "DATARATE_RX" : 100.0,
      "DATARATE_TX" : 100.0
    },
    "M" : {
      "DATARATE_RX" : 100.0,
      "DATARATE_TX" : 100.0
    },
    "N" : {
      "DATARATE_RX" : 100.0,
      "DATARATE_TX" : 100.0
    }
  },
  "networkLoad" : {
    "C" : {
      "(F, B, F)" : {
        "AppCoordinates {com.bbn, test-service3, 1}" : {
          "DATARATE_TX" : 0.003,
          "DATARATE_RX" : 0.006
        },
        "AppCoordinates {com.bbn, test-service2, 1}" : {
          "DATARATE_TX" : 0.003,
          "DATARATE_RX" : 0.006
        },
        "AppCoordinates {com.bbn, test-service1, 1}" : {
          "DATARATE_TX" : 0.003,
          "DATARATE_RX" : 0.006
        }
      }
    },
    "E" : { },
    "G" : {
      "(F, H, F)" : {
        "AppCoordinates {com.bbn, test-service3, 1}" : {
          "DATARATE_TX" : 0.004,
          "DATARATE_RX" : 0.008
        },
        "AppCoordinates {com.bbn, test-service2, 1}" : {
          "DATARATE_TX" : 0.003,
          "DATARATE_RX" : 0.006
        },
        "AppCoordinates {com.bbn, test-service1, 1}" : {
          "DATARATE_TX" : 0.003,
          "DATARATE_RX" : 0.006
        }
      }
    },
    "M" : { },
    "N" : { }
  },
  "networkDemand" : {
    "C" : {
      "(F, B, F)" : {
        "AppCoordinates {com.bbn, test-service3, 1}" : {
          "DATARATE_TX" : 0.003011627906976746,
          "DATARATE_RX" : 0.006023255813953492
        },
        "AppCoordinates {com.bbn, test-service2, 1}" : {
          "DATARATE_TX" : 0.0030000000000000022,
          "DATARATE_RX" : 0.0060000000000000045
        },
        "AppCoordinates {com.bbn, test-service1, 1}" : {
          "DATARATE_TX" : 0.0030000000000000022,
          "DATARATE_RX" : 0.0060000000000000045
        }
      }
    },
    "E" : { },
    "G" : {
      "(F, H, F)" : {
        "AppCoordinates {com.bbn, test-service3, 1}" : {
          "DATARATE_TX" : 0.004000000000000003,
          "DATARATE_RX" : 0.008000000000000005
        },
        "AppCoordinates {com.bbn, test-service2, 1}" : {
          "DATARATE_TX" : 0.0030000000000000022,
          "DATARATE_RX" : 0.0060000000000000045
        },
        "AppCoordinates {com.bbn, test-service1, 1}" : {
          "DATARATE_TX" : 0.0030000000000000022,
          "DATARATE_RX" : 0.0060000000000000045
        }
      }
    },
    "M" : { },
    "N" : { }
  },
  "maximumServiceContainers" : 8,
  "allocatedServiceContainers" : 6,
  "serverAverageProcessingTime" : { },
  "availableServiceContainers" : 2,
  "nullSummary" : false
}