{
  "region" : {
    "name" : "J"
  },
  "minTimestamp" : 409492,
  "maxTimestamp" : 409492,
  "demandEstimationWindow" : "SHORT",
  "serverCapacity" : {
    "DISK" : 10.0,
    "MEMORY" : 8.0E9,
    "CPU" : 4.0,
    "TASK_CONTAINERS" : 20.0
  },
  "serverLoad" : {
    "AppCoordinates {com.bbn, test-service3, 1}" : {
      "unknown" : {
        "QueueLength" : 29.0,
        "TASK_CONTAINERS" : 2.9
      }
    },
    "AppCoordinates {com.bbn, test-service2, 1}" : {
      "unknown" : {
        "QueueLength" : 26.0,
        "TASK_CONTAINERS" : 2.5999999999999996
      }
    },
    "AppCoordinates {com.bbn, test-service1, 1}" : {
      "unknown" : {
        "QueueLength" : 27.0,
        "TASK_CONTAINERS" : 2.6999999999999997
      }
    }
  },
  "serverDemand" : {
    "AppCoordinates {com.bbn, test-service3, 1}" : {
      "unknown" : {
        "QueueLength" : 24.857142857142854,
        "TASK_CONTAINERS" : 2.4857142857142858
      }
    },
    "AppCoordinates {com.bbn, test-service2, 1}" : {
      "unknown" : {
        "QueueLength" : 22.285714285714285,
        "TASK_CONTAINERS" : 2.2285714285714286
      }
    },
    "AppCoordinates {com.bbn, test-service1, 1}" : {
      "unknown" : {
        "QueueLength" : 23.267857142857142,
        "TASK_CONTAINERS" : 2.3267857142857142
      }
    }
  },
  "serverAverageProcessingTimeCount" : { },
  "serverAverageProcessingTimeSum" : { },
  "networkCapacity" : {
    "H" : {
      "DATARATE_RX" : 100.0,
      "DATARATE_TX" : 100.0
    },
    "L" : {
      "DATARATE_RX" : 100.0,
      "DATARATE_TX" : 100.0
    }
  },
  "networkLoad" : {
    "H" : {
      "(J, E, E)" : {
        "AppCoordinates {com.bbn, test-service3, 1}" : {
          "DATARATE_TX" : 0.038,
          "DATARATE_RX" : 0.019
        },
        "AppCoordinates {com.bbn, test-service2, 1}" : {
          "DATARATE_TX" : 0.02,
          "DATARATE_RX" : 0.01
        },
        "AppCoordinates {com.bbn, test-service1, 1}" : {
          "DATARATE_TX" : 0.016,
          "DATARATE_RX" : 0.008
        }
      }
    },
    "L" : { }
  },
  "networkDemand" : {
    "H" : {
      "(J, E, E)" : {
        "AppCoordinates {com.bbn, test-service3, 1}" : {
          "DATARATE_TX" : 0.038,
          "DATARATE_RX" : 0.019
        },
        "AppCoordinates {com.bbn, test-service2, 1}" : {
          "DATARATE_TX" : 0.019999999999999997,
          "DATARATE_RX" : 0.009999999999999998
        },
        "AppCoordinates {com.bbn, test-service1, 1}" : {
          "DATARATE_TX" : 0.016,
          "DATARATE_RX" : 0.008
        }
      }
    },
    "L" : { }
  },
  "maximumServiceContainers" : 20,
  "allocatedServiceContainers" : 13,
  "serverAverageProcessingTime" : { },
  "availableServiceContainers" : 7,
  "nullSummary" : false
}