{
  "region" : {
    "name" : "G"
  },
  "minTimestamp" : 288494,
  "maxTimestamp" : 288494,
  "demandEstimationWindow" : "SHORT",
  "serverCapacity" : {
    "DISK" : 10.0,
    "MEMORY" : 8.0E9,
    "CPU" : 4.0,
    "TASK_CONTAINERS" : 20.0
  },
  "serverLoad" : {
    "AppCoordinates {com.bbn, test-service3, 1}" : {
      "unknown" : {
        "QueueLength" : 72.0,
        "TASK_CONTAINERS" : 36.0
      }
    }
  },
  "serverDemand" : {
    "AppCoordinates {com.bbn, test-service3, 1}" : {
      "unknown" : {
        "QueueLength" : 63.0,
        "TASK_CONTAINERS" : 31.5
      }
    }
  },
  "serverAverageProcessingTimeCount" : {
    "AppCoordinates {com.bbn, test-service3, 1}" : 1
  },
  "serverAverageProcessingTimeSum" : {
    "AppCoordinates {com.bbn, test-service3, 1}" : 120000.0
  },
  "networkCapacity" : {
    "B" : {
      "DATARATE_RX" : 100.0,
      "DATARATE_TX" : 100.0
    },
    "E" : {
      "DATARATE_RX" : 100.0,
      "DATARATE_TX" : 100.0
    },
    "F" : {
      "DATARATE_RX" : 100.0,
      "DATARATE_TX" : 100.0
    },
    "H" : {
      "DATARATE_RX" : 100.0,
      "DATARATE_TX" : 100.0
    },
    "I" : {
      "DATARATE_RX" : 100.0,
      "DATARATE_TX" : 100.0
    }
  },
  "networkLoad" : {
    "B" : { },
    "E" : {
      "(G, E, E)" : {
        "AppCoordinates {com.bbn, test-service3, 1}" : {
          "DATARATE_TX" : 5.859999999999993E-4,
          "DATARATE_RX" : 2.9299999999999964E-4
        },
        "AppCoordinates {com.bbn, test-service2, 1}" : {
          "DATARATE_TX" : 1.359999999999998E-4,
          "DATARATE_RX" : 6.79999999999999E-5
        },
        "AppCoordinates {com.bbn, test-service1, 1}" : {
          "DATARATE_TX" : 1.319999999999998E-4,
          "DATARATE_RX" : 6.59999999999999E-5
        }
      }
    },
    "F" : { },
    "H" : { },
    "I" : { }
  },
  "networkDemand" : {
    "B" : { },
    "E" : {
      "(G, E, E)" : {
        "AppCoordinates {com.bbn, test-service3, 1}" : {
          "DATARATE_TX" : 5.859999999999993E-4,
          "DATARATE_RX" : 2.9299999999999964E-4
        },
        "AppCoordinates {com.bbn, test-service2, 1}" : {
          "DATARATE_TX" : 1.3628571428571409E-4,
          "DATARATE_RX" : 6.814285714285704E-5
        },
        "AppCoordinates {com.bbn, test-service1, 1}" : {
          "DATARATE_TX" : 1.319999999999998E-4,
          "DATARATE_RX" : 6.59999999999999E-5
        }
      }
    },
    "F" : { },
    "H" : { },
    "I" : { }
  },
  "maximumServiceContainers" : 20,
  "allocatedServiceContainers" : 1,
  "serverAverageProcessingTime" : {
    "AppCoordinates {com.bbn, test-service3, 1}" : 120000.0
  },
  "availableServiceContainers" : 19,
  "nullSummary" : false
}