1127,1,DNS_UPDATE_SUCCEEDED
1214,2,DCOP_PLAN_PLUBLIED
1225,2,RLG_PLAN_PUBLISHED
1606,3,DNS_UPDATE_SUCCEEDED
34148,68,RLG_PLAN_PUBLISHED
34621,69,DNS_UPDATE_SUCCEEDED
35131,70,DNS_UPDATE_SUCCEEDED
37149,74,RLG_PLAN_PUBLISHED
37618,75,DNS_UPDATE_SUCCEEDED
38123,76,DNS_UPDATE_SUCCEEDED
40145,80,RLG_PLAN_PUBLISHED
40619,81,DNS_UPDATE_SUCCEEDED
41122,82,DNS_UPDATE_SUCCEEDED
43144,86,RLG_PLAN_PUBLISHED
43625,87,DNS_UPDATE_SUCCEEDED
44123,88,DNS_UPDATE_SUCCEEDED
46143,92,RLG_PLAN_PUBLISHED
46623,93,DNS_UPDATE_SUCCEEDED
47123,94,DNS_UPDATE_SUCCEEDED
49150,98,RLG_PLAN_PUBLISHED
49633,99,DNS_UPDATE_SUCCEEDED
50126,100,DNS_UPDATE_SUCCEEDED
52146,104,RLG_PLAN_PUBLISHED
52622,105,DNS_UPDATE_SUCCEEDED
53129,106,DNS_UPDATE_SUCCEEDED
55149,110,RLG_PLAN_PUBLISHED
55621,111,DNS_UPDATE_SUCCEEDED
56135,112,DNS_UPDATE_SUCCEEDED
58164,116,RLG_PLAN_PUBLISHED
58633,117,DNS_UPDATE_SUCCEEDED
59119,118,DNS_UPDATE_SUCCEEDED
61145,122,RLG_PLAN_PUBLISHED
61622,123,DNS_UPDATE_SUCCEEDED
106299,212,DCOP_PLAN_PLUBLIED
109148,218,RLG_PLAN_PUBLISHED
109647,219,DNS_UPDATE_SUCCEEDED
121146,242,RLG_PLAN_PUBLISHED
121640,243,DNS_UPDATE_SUCCEEDED
122144,244,DNS_UPDATE_SUCCEEDED
124147,248,RLG_PLAN_PUBLISHED
124638,249,DNS_UPDATE_SUCCEEDED
125139,250,DNS_UPDATE_SUCCEEDED
127146,254,RLG_PLAN_PUBLISHED
127643,255,DNS_UPDATE_SUCCEEDED
160152,319,RLG_PLAN_PUBLISHED
160163,320,DNS_UPDATE_SUCCEEDED
163149,325,RLG_PLAN_PUBLISHED
163163,326,DNS_UPDATE_SUCCEEDED
163659,327,DNS_UPDATE_SUCCEEDED
166147,331,RLG_PLAN_PUBLISHED
166174,332,DNS_UPDATE_SUCCEEDED
166665,333,DNS_UPDATE_SUCCEEDED
169148,337,RLG_PLAN_PUBLISHED
169167,338,DNS_UPDATE_SUCCEEDED
169660,339,DNS_UPDATE_SUCCEEDED
172147,343,RLG_PLAN_PUBLISHED
172184,344,DNS_UPDATE_SUCCEEDED
172675,345,DNS_UPDATE_SUCCEEDED
175154,349,RLG_PLAN_PUBLISHED
175184,350,DNS_UPDATE_SUCCEEDED
181154,361,RLG_PLAN_PUBLISHED
181167,362,DNS_UPDATE_SUCCEEDED
184148,367,RLG_PLAN_PUBLISHED
184174,368,DNS_UPDATE_SUCCEEDED
184666,369,DNS_UPDATE_SUCCEEDED
187154,373,RLG_PLAN_PUBLISHED
187158,374,DNS_UPDATE_SUCCEEDED
187669,375,DNS_UPDATE_SUCCEEDED
190149,379,RLG_PLAN_PUBLISHED
190184,380,DNS_UPDATE_SUCCEEDED
223167,445,RLG_PLAN_PUBLISHED
223235,446,DNS_UPDATE_SUCCEEDED
226165,451,RLG_PLAN_PUBLISHED
226227,452,DNS_UPDATE_SUCCEEDED
226727,453,DNS_UPDATE_SUCCEEDED
229168,457,RLG_PLAN_PUBLISHED
229226,458,DNS_UPDATE_SUCCEEDED
229724,459,DNS_UPDATE_SUCCEEDED
232167,463,RLG_PLAN_PUBLISHED
232224,464,DNS_UPDATE_SUCCEEDED
235168,469,RLG_PLAN_PUBLISHED
235244,470,DNS_UPDATE_SUCCEEDED
235731,471,DNS_UPDATE_SUCCEEDED
238165,475,RLG_PLAN_PUBLISHED
238226,476,DNS_UPDATE_SUCCEEDED
238729,477,DNS_UPDATE_SUCCEEDED
241168,481,RLG_PLAN_PUBLISHED
241219,482,DNS_UPDATE_SUCCEEDED
241724,483,DNS_UPDATE_SUCCEEDED
244166,487,RLG_PLAN_PUBLISHED
244227,488,DNS_UPDATE_SUCCEEDED
244724,489,DNS_UPDATE_SUCCEEDED
247169,493,RLG_PLAN_PUBLISHED
247222,494,DNS_UPDATE_SUCCEEDED
247727,495,DNS_UPDATE_SUCCEEDED
250165,499,RLG_PLAN_PUBLISHED
250229,500,DNS_UPDATE_SUCCEEDED
250725,501,DNS_UPDATE_SUCCEEDED
253170,505,RLG_PLAN_PUBLISHED
253214,506,DNS_UPDATE_SUCCEEDED
427181,853,RLG_PLAN_PUBLISHED
427291,854,DNS_UPDATE_SUCCEEDED
430180,859,RLG_PLAN_PUBLISHED
430291,860,DNS_UPDATE_SUCCEEDED
430790,861,DNS_UPDATE_SUCCEEDED
433181,865,RLG_PLAN_PUBLISHED
433286,866,DNS_UPDATE_SUCCEEDED
433788,867,DNS_UPDATE_SUCCEEDED
436181,871,RLG_PLAN_PUBLISHED
436291,872,DNS_UPDATE_SUCCEEDED
439179,877,RLG_PLAN_PUBLISHED
439293,878,DNS_UPDATE_SUCCEEDED
439793,879,DNS_UPDATE_SUCCEEDED
442180,883,RLG_PLAN_PUBLISHED
442285,884,DNS_UPDATE_SUCCEEDED
451180,901,RLG_PLAN_PUBLISHED
451320,902,DNS_UPDATE_SUCCEEDED
454181,907,RLG_PLAN_PUBLISHED
454309,908,DNS_UPDATE_SUCCEEDED
454822,909,DNS_UPDATE_SUCCEEDED
457180,913,RLG_PLAN_PUBLISHED
457311,914,DNS_UPDATE_SUCCEEDED
460180,919,RLG_PLAN_PUBLISHED
460316,920,DNS_UPDATE_SUCCEEDED
460807,921,DNS_UPDATE_SUCCEEDED
463180,925,RLG_PLAN_PUBLISHED
463311,926,DNS_UPDATE_SUCCEEDED
466181,931,RLG_PLAN_PUBLISHED
466304,932,DNS_UPDATE_SUCCEEDED
466806,933,DNS_UPDATE_SUCCEEDED
469181,937,RLG_PLAN_PUBLISHED
469305,938,DNS_UPDATE_SUCCEEDED
469801,939,DNS_UPDATE_SUCCEEDED
472180,943,RLG_PLAN_PUBLISHED
472301,944,DNS_UPDATE_SUCCEEDED
475181,949,RLG_PLAN_PUBLISHED
475312,950,DNS_UPDATE_SUCCEEDED
475801,951,DNS_UPDATE_SUCCEEDED
478182,955,RLG_PLAN_PUBLISHED
478307,956,DNS_UPDATE_SUCCEEDED
478802,957,DNS_UPDATE_SUCCEEDED
481181,961,RLG_PLAN_PUBLISHED
481298,962,DNS_UPDATE_SUCCEEDED
514181,1027,RLG_PLAN_PUBLISHED
514325,1028,DNS_UPDATE_SUCCEEDED
514830,1029,DNS_UPDATE_SUCCEEDED
517183,1033,RLG_PLAN_PUBLISHED
517336,1034,DNS_UPDATE_SUCCEEDED
517841,1035,DNS_UPDATE_SUCCEEDED
520181,1039,RLG_PLAN_PUBLISHED
520340,1040,DNS_UPDATE_SUCCEEDED
520848,1041,DNS_UPDATE_SUCCEEDED
523182,1045,RLG_PLAN_PUBLISHED
523353,1046,DNS_UPDATE_SUCCEEDED
523856,1047,DNS_UPDATE_SUCCEEDED
526181,1051,RLG_PLAN_PUBLISHED
526343,1052,DNS_UPDATE_SUCCEEDED
526858,1053,DNS_UPDATE_SUCCEEDED
529182,1057,RLG_PLAN_PUBLISHED
529340,1058,DNS_UPDATE_SUCCEEDED
580184,1159,RLG_PLAN_PUBLISHED
580363,1160,DNS_UPDATE_SUCCEEDED
583183,1165,RLG_PLAN_PUBLISHED
583352,1166,DNS_UPDATE_SUCCEEDED
583856,1167,DNS_UPDATE_SUCCEEDED
586189,1171,RLG_PLAN_PUBLISHED
586359,1172,DNS_UPDATE_SUCCEEDED
586855,1173,DNS_UPDATE_SUCCEEDED
589183,1177,RLG_PLAN_PUBLISHED
589350,1178,DNS_UPDATE_SUCCEEDED
592185,1183,RLG_PLAN_PUBLISHED
592360,1184,DNS_UPDATE_SUCCEEDED
592847,1185,DNS_UPDATE_SUCCEEDED
595186,1189,RLG_PLAN_PUBLISHED
595362,1190,DNS_UPDATE_SUCCEEDED
595853,1191,DNS_UPDATE_SUCCEEDED
598190,1195,RLG_PLAN_PUBLISHED
598356,1196,DNS_UPDATE_SUCCEEDED
601183,1201,RLG_PLAN_PUBLISHED
601354,1202,DNS_UPDATE_SUCCEEDED
601861,1203,DNS_UPDATE_SUCCEEDED
604184,1207,RLG_PLAN_PUBLISHED
604361,1208,DNS_UPDATE_SUCCEEDED
607185,1213,RLG_PLAN_PUBLISHED
607358,1214,DNS_UPDATE_SUCCEEDED
610185,1219,RLG_PLAN_PUBLISHED
610360,1220,DNS_UPDATE_SUCCEEDED
610860,1221,DNS_UPDATE_SUCCEEDED
613182,1225,RLG_PLAN_PUBLISHED
613360,1226,DNS_UPDATE_SUCCEEDED
619186,1237,RLG_PLAN_PUBLISHED
619361,1238,DNS_UPDATE_SUCCEEDED
622184,1243,RLG_PLAN_PUBLISHED
622361,1244,DNS_UPDATE_SUCCEEDED
622863,1245,DNS_UPDATE_SUCCEEDED
625186,1249,RLG_PLAN_PUBLISHED
625361,1250,DNS_UPDATE_SUCCEEDED
630007,1260,DNS_UPDATE_SUCCEEDED
