{
  "region" : {
    "name" : "G"
  },
  "minTimestamp" : 155994,
  "maxTimestamp" : 155994,
  "demandEstimationWindow" : "LONG",
  "serverCapacity" : {
    "DISK" : 10.0,
    "MEMORY" : 8.0E9,
    "CPU" : 4.0,
    "TASK_CONTAINERS" : 20.0
  },
  "serverLoad" : {
    "AppCoordinates {com.bbn, test-service3, 1}" : {
      "unknown" : {
        "QueueLength" : 216.0,
        "TASK_CONTAINERS" : 108.0
      }
    }
  },
  "serverDemand" : {
    "AppCoordinates {com.bbn, test-service3, 1}" : {
      "unknown" : {
        "QueueLength" : 139.16220238095238,
        "TASK_CONTAINERS" : 90.63549054373522
      }
    }
  },
  "serverAverageProcessingTimeCount" : { },
  "serverAverageProcessingTimeSum" : { },
  "networkCapacity" : {
    "B" : {
      "DATARATE_RX" : 100.0,
      "DATARATE_TX" : 100.0
    },
    "E" : {
      "DATARATE_RX" : 100.0,
      "DATARATE_TX" : 100.0
    },
    "F" : {
      "DATARATE_RX" : 100.0,
      "DATARATE_TX" : 100.0
    },
    "H" : {
      "DATARATE_RX" : 100.0,
      "DATARATE_TX" : 100.0
    },
    "I" : {
      "DATARATE_RX" : 100.0,
      "DATARATE_TX" : 100.0
    }
  },
  "networkLoad" : {
    "B" : { },
    "E" : {
      "(G, E, E)" : {
        "AppCoordinates {com.bbn, test-service3, 1}" : {
          "DATARATE_TX" : 2.6999999999999973E-4,
          "DATARATE_RX" : 1.3499999999999987E-4
        },
        "AppCoordinates {com.bbn, test-service2, 1}" : {
          "DATARATE_TX" : 2.779999999999996E-4,
          "DATARATE_RX" : 1.389999999999998E-4
        },
        "AppCoordinates {com.bbn, test-service1, 1}" : {
          "DATARATE_TX" : 1.8799999999999983E-4,
          "DATARATE_RX" : 9.399999999999991E-5
        }
      }
    },
    "F" : { },
    "H" : { },
    "I" : { }
  },
  "networkDemand" : {
    "B" : { },
    "E" : {
      "(G, E, E)" : {
        "AppCoordinates {com.bbn, test-service3, 1}" : {
          "DATARATE_TX" : 2.9756272547034197E-4,
          "DATARATE_RX" : 1.4878136273517099E-4
        },
        "AppCoordinates {com.bbn, test-service2, 1}" : {
          "DATARATE_TX" : 3.349022126367916E-4,
          "DATARATE_RX" : 1.674511063183958E-4
        },
        "AppCoordinates {com.bbn, test-service1, 1}" : {
          "DATARATE_TX" : 3.5681465070876747E-4,
          "DATARATE_RX" : 1.7840732535438374E-4
        }
      }
    },
    "F" : { },
    "H" : { },
    "I" : { }
  },
  "maximumServiceContainers" : 20,
  "allocatedServiceContainers" : 2,
  "serverAverageProcessingTime" : { },
  "availableServiceContainers" : 18,
  "nullSummary" : false
}