{
  "region" : {
    "name" : "G"
  },
  "nodeResourceReports" : [ {
    "nodeName" : {
      "name" : "nodeG"
    },
    "timestamp" : 102492,
    "demandEstimationWindow" : "SHORT",
    "nodeComputeCapacity" : {
      "CPU" : 4.0,
      "MEMORY" : 8.0E9,
      "DISK" : 10.0,
      "TASK_CONTAINERS" : 20.0
    },
    "networkCapacity" : {
      "interface-nodeE ( nodeE )" : {
        "DATARATE_RX" : 100.0,
        "DATARATE_TX" : 100.0
      },
      "interface-nodeJ ( nodeJ )" : {
        "DATARATE_RX" : 100.0,
        "DATARATE_TX" : 100.0
      },
      "interface-nodeA ( nodeA )" : {
        "DATARATE_RX" : 100.0,
        "DATARATE_TX" : 100.0
      }
    },
    "networkLoad" : {
      "interface-nodeE ( nodeE )" : { },
      "interface-nodeJ ( nodeJ )" : { },
      "interface-nodeA ( nodeA )" : {
        "(clientPoolG, nodeC_c01, nodeC_c01)" : {
          "AppCoordinates {com.bbn, test-service2, 1}" : {
            "DATARATE_TX" : 8.799999999999994E-5,
            "DATARATE_RX" : 4.399999999999997E-5
          }
        },
        "(clientPoolG, nodeC_c00, nodeC_c00)" : {
          "AppCoordinates {com.bbn, test-service1, 1}" : {
            "DATARATE_TX" : 1.439999999999998E-4,
            "DATARATE_RX" : 7.19999999999999E-5
          }
        },
        "(clientPoolG, nodeC_c04, nodeC_c04)" : {
          "AppCoordinates {com.bbn, test-service3, 1}" : {
            "DATARATE_TX" : 1.2999999999999983E-4,
            "DATARATE_RX" : 6.499999999999991E-5
          },
          "AppCoordinates {com.bbn, test-service1, 1}" : {
            "DATARATE_TX" : -8.470329472543003E-22,
            "DATARATE_RX" : -4.2351647362715017E-22
          }
        },
        "(clientPoolG, nodeC_c03, nodeC_c03)" : {
          "AppCoordinates {com.bbn, test-service1, 1}" : {
            "DATARATE_TX" : 1.379999999999998E-4,
            "DATARATE_RX" : 6.89999999999999E-5
          }
        },
        "(clientPoolG, nodeC_c02, nodeC_c02)" : {
          "AppCoordinates {com.bbn, test-service3, 1}" : {
            "DATARATE_TX" : 1.359999999999998E-4,
            "DATARATE_RX" : 6.79999999999999E-5
          }
        },
        "(clientPoolG, nodeC_c07, nodeC_c07)" : {
          "AppCoordinates {com.bbn, test-service2, 1}" : {
            "DATARATE_TX" : 1.2199999999999985E-4,
            "DATARATE_RX" : 6.0999999999999924E-5
          },
          "AppCoordinates {com.bbn, test-service1, 1}" : {
            "DATARATE_TX" : 1.2199999999999985E-4,
            "DATARATE_RX" : 6.0999999999999924E-5
          }
        },
        "(clientPoolG, nodeC_c06, nodeC_c06)" : {
          "AppCoordinates {com.bbn, test-service2, 1}" : {
            "DATARATE_TX" : 1.439999999999998E-4,
            "DATARATE_RX" : 7.19999999999999E-5
          }
        }
      }
    },
    "networkDemand" : {
      "interface-nodeE ( nodeE )" : { },
      "interface-nodeA ( nodeA )" : {
        "(clientPoolG, nodeC_c01, nodeC_c01)" : {
          "AppCoordinates {com.bbn, test-service2, 1}" : {
            "DATARATE_TX" : 1.1914285714285698E-4,
            "DATARATE_RX" : 5.957142857142849E-5
          }
        },
        "(clientPoolG, nodeC_c00, nodeC_c00)" : {
          "AppCoordinates {com.bbn, test-service1, 1}" : {
            "DATARATE_TX" : 1.439999999999998E-4,
            "DATARATE_RX" : 7.19999999999999E-5
          }
        },
        "(clientPoolG, nodeC_c04, nodeC_c04)" : {
          "AppCoordinates {com.bbn, test-service3, 1}" : {
            "DATARATE_TX" : 1.2999999999999983E-4,
            "DATARATE_RX" : 6.499999999999991E-5
          },
          "AppCoordinates {com.bbn, test-service1, 1}" : {
            "DATARATE_TX" : 1.8571428571428575E-5,
            "DATARATE_RX" : 9.285714285714288E-6
          }
        },
        "(clientPoolG, nodeC_c03, nodeC_c03)" : {
          "AppCoordinates {com.bbn, test-service1, 1}" : {
            "DATARATE_TX" : 1.282857142857141E-4,
            "DATARATE_RX" : 6.414285714285705E-5
          }
        },
        "(clientPoolG, nodeC_c02, nodeC_c02)" : {
          "AppCoordinates {com.bbn, test-service3, 1}" : {
            "DATARATE_TX" : 1.359999999999998E-4,
            "DATARATE_RX" : 6.79999999999999E-5
          }
        },
        "(clientPoolG, nodeC_c07, nodeC_c07)" : {
          "AppCoordinates {com.bbn, test-service2, 1}" : {
            "DATARATE_TX" : 1.2199999999999983E-4,
            "DATARATE_RX" : 6.099999999999992E-5
          },
          "AppCoordinates {com.bbn, test-service1, 1}" : {
            "DATARATE_TX" : 1.2228571428571413E-4,
            "DATARATE_RX" : 6.114285714285706E-5
          }
        },
        "(clientPoolG, nodeC_c06, nodeC_c06)" : {
          "AppCoordinates {com.bbn, test-service2, 1}" : {
            "DATARATE_TX" : 1.4228571428571407E-4,
            "DATARATE_RX" : 7.114285714285703E-5
          }
        }
      },
      "interface-nodeJ ( nodeJ )" : { }
    },
    "containerReports" : { },
    "maximumServiceContainers" : 20,
    "allocatedServiceContainers" : 0,
    "computeDemand" : { },
    "containerNetworkLoad" : { },
    "containerNetworkDemand" : { },
    "computeLoad" : { },
    "allocatedComputeCapacity" : { },
    "availableServiceContainers" : 20,
    "averageProcessingTime" : { }
  } ]
}