226,1,DNS_UPDATE_SUCCEEDED
43920,88,DCOP_PLAN_PLUBLIED
43924,88,RLG_PLAN_PUBLISHED
44423,89,DNS_UPDATE_SUCCEEDED
224123,445,DCOP_PLAN_PLUBLIED
224143,445,RLG_PLAN_PUBLISHED
344458,684,DCOP_PLAN_PLUBLIED
347294,690,RLG_PLAN_PUBLISHED
347787,691,DNS_UPDATE_SUCCEEDED
464263,922,DCOP_PLAN_PLUBLIED
464455,922,RLG_PLAN_PUBLISHED
464713,923,DNS_UPDATE_SUCCEEDED
584236,1160,DCOP_PLAN_PLUBLIED
584626,1160,RLG_PLAN_PUBLISHED
584711,1161,DNS_UPDATE_SUCCEEDED
704307,1398,DCOP_PLAN_PLUBLIED
704766,1399,RLG_PLAN_PUBLISHED
705187,1400,DNS_UPDATE_SUCCEEDED
824346,1636,DCOP_PLAN_PLUBLIED
824935,1637,RLG_PLAN_PUBLISHED
825202,1638,DNS_UPDATE_SUCCEEDED
944238,1874,DCOP_PLAN_PLUBLIED
945097,1875,RLG_PLAN_PUBLISHED
945205,1876,DNS_UPDATE_SUCCEEDED
1064000,2111,DCOP_PLAN_PLUBLIED
1065292,2114,RLG_PLAN_PUBLISHED
1065783,2115,DNS_UPDATE_SUCCEEDED
1184209,2349,DCOP_PLAN_PLUBLIED
1185458,2352,RLG_PLAN_PUBLISHED
1185729,2353,DNS_UPDATE_SUCCEEDED
1304102,2587,DCOP_PLAN_PLUBLIED
1305637,2590,RLG_PLAN_PUBLISHED
1305746,2591,DNS_UPDATE_SUCCEEDED
1424349,2826,DCOP_PLAN_PLUBLIED
1425802,2828,RLG_PLAN_PUBLISHED
1425810,2829,DNS_UPDATE_SUCCEEDED
1544106,3063,DCOP_PLAN_PLUBLIED
1545972,3067,RLG_PLAN_PUBLISHED
1546231,3068,DNS_UPDATE_SUCCEEDED
1664122,3301,DCOP_PLAN_PLUBLIED
1666152,3305,RLG_PLAN_PUBLISHED
1666234,3306,DNS_UPDATE_SUCCEEDED
1784206,3539,DCOP_PLAN_PLUBLIED
1786332,3544,RLG_PLAN_PUBLISHED
1786819,3545,DNS_UPDATE_SUCCEEDED
