{
  "region" : {
    "name" : "J"
  },
  "minTimestamp" : 104997,
  "maxTimestamp" : 104997,
  "demandEstimationWindow" : "SHORT",
  "serverCapacity" : {
    "DISK" : 10.0,
    "MEMORY" : 8.0E9,
    "CPU" : 4.0,
    "TASK_CONTAINERS" : 20.0
  },
  "serverLoad" : { },
  "serverDemand" : { },
  "serverAverageProcessingTimeCount" : { },
  "serverAverageProcessingTimeSum" : { },
  "networkCapacity" : {
    "A" : {
      "DATARATE_RX" : 100.0,
      "DATARATE_TX" : 100.0
    },
    "D" : {
      "DATARATE_RX" : 100.0,
      "DATARATE_TX" : 100.0
    }
  },
  "networkLoad" : {
    "A" : {
      "(G, B, B)" : {
        "AppCoordinates {com.bbn, test-service3, 1}" : {
          "DATARATE_TX" : 2.5999999999999965E-4,
          "DATARATE_RX" : 1.2999999999999983E-4
        },
        "AppCoordinates {com.bbn, test-service2, 1}" : {
          "DATARATE_TX" : 3.439999999999996E-4,
          "DATARATE_RX" : 1.719999999999998E-4
        },
        "AppCoordinates {com.bbn, test-service1, 1}" : {
          "DATARATE_TX" : 3.979999999999995E-4,
          "DATARATE_RX" : 1.9899999999999974E-4
        }
      }
    },
    "D" : {
      "(B, G, B)" : {
        "AppCoordinates {com.bbn, test-service3, 1}" : {
          "DATARATE_TX" : 1.2999999999999983E-4,
          "DATARATE_RX" : 2.5999999999999965E-4
        },
        "AppCoordinates {com.bbn, test-service2, 1}" : {
          "DATARATE_TX" : 1.719999999999998E-4,
          "DATARATE_RX" : 3.439999999999996E-4
        },
        "AppCoordinates {com.bbn, test-service1, 1}" : {
          "DATARATE_TX" : 1.9899999999999974E-4,
          "DATARATE_RX" : 3.979999999999995E-4
        }
      }
    }
  },
  "networkDemand" : {
    "A" : {
      "(G, B, B)" : {
        "AppCoordinates {com.bbn, test-service3, 1}" : {
          "DATARATE_TX" : 2.5999999999999965E-4,
          "DATARATE_RX" : 1.2999999999999983E-4
        },
        "AppCoordinates {com.bbn, test-service2, 1}" : {
          "DATARATE_TX" : 3.47428571428571E-4,
          "DATARATE_RX" : 1.737142857142855E-4
        },
        "AppCoordinates {com.bbn, test-service1, 1}" : {
          "DATARATE_TX" : 4.182857142857137E-4,
          "DATARATE_RX" : 2.0914285714285685E-4
        }
      }
    },
    "D" : {
      "(B, G, B)" : {
        "AppCoordinates {com.bbn, test-service3, 1}" : {
          "DATARATE_TX" : 1.2999999999999983E-4,
          "DATARATE_RX" : 2.5999999999999965E-4
        },
        "AppCoordinates {com.bbn, test-service2, 1}" : {
          "DATARATE_TX" : 1.737142857142855E-4,
          "DATARATE_RX" : 3.47428571428571E-4
        },
        "AppCoordinates {com.bbn, test-service1, 1}" : {
          "DATARATE_TX" : 2.0914285714285685E-4,
          "DATARATE_RX" : 4.182857142857137E-4
        }
      }
    }
  },
  "maximumServiceContainers" : 20,
  "allocatedServiceContainers" : 0,
  "serverAverageProcessingTime" : { },
  "availableServiceContainers" : 20,
  "nullSummary" : false
}