{
  "region" : {
    "name" : "L"
  },
  "nodeResourceReports" : [ {
    "nodeName" : {
      "name" : "nodeL"
    },
    "timestamp" : 418988,
    "demandEstimationWindow" : "SHORT",
    "nodeComputeCapacity" : {
      "CPU" : 4.0,
      "MEMORY" : 8.0E9,
      "DISK" : 10.0,
      "TASK_CONTAINERS" : 20.0
    },
    "networkCapacity" : {
      "interface-nodeB ( nodeB )" : {
        "DATARATE_RX" : 100.0,
        "DATARATE_TX" : 100.0
      },
      "interface-nodeH ( nodeH )" : {
        "DATARATE_RX" : 100.0,
        "DATARATE_TX" : 100.0
      },
      "interface-nodeO ( nodeO )" : {
        "DATARATE_RX" : 100.0,
        "DATARATE_TX" : 100.0
      }
    },
    "networkLoad" : {
      "interface-nodeB ( nodeB )" : {
        "(clientPoolM, nodeB_c00, nodeB_c00)" : {
          "AppCoordinates {com.bbn, test-service3, 1}" : {
            "DATARATE_TX" : 6.200000000000002E-5,
            "DATARATE_RX" : 3.100000000000001E-5
          }
        }
      },
      "interface-nodeH ( nodeH )" : {
        "(clientPoolM, nodeG_c07, nodeG_c07)" : {
          "AppCoordinates {com.bbn, test-service3, 1}" : {
            "DATARATE_TX" : 2.7999999999999996E-5,
            "DATARATE_RX" : 1.3999999999999998E-5
          },
          "AppCoordinates {com.bbn, test-service2, 1}" : {
            "DATARATE_TX" : -7.623296525288703E-21,
            "DATARATE_RX" : -3.8116482626443515E-21
          },
          "AppCoordinates {com.bbn, test-service1, 1}" : {
            "DATARATE_TX" : -7.623296525288703E-21,
            "DATARATE_RX" : -3.8116482626443515E-21
          }
        },
        "(clientPoolM, nodeG_c06, nodeG_c06)" : {
          "AppCoordinates {com.bbn, test-service2, 1}" : {
            "DATARATE_TX" : 4.000000000000019E-6,
            "DATARATE_RX" : 2.0000000000000097E-6
          }
        },
        "(clientPoolM, nodeG_c05, nodeG_c05)" : {
          "AppCoordinates {com.bbn, test-service3, 1}" : {
            "DATARATE_TX" : 2.1999999999999993E-5,
            "DATARATE_RX" : 1.0999999999999996E-5
          }
        },
        "(clientPoolM, nodeG_c04, nodeG_c04)" : {
          "AppCoordinates {com.bbn, test-service3, 1}" : {
            "DATARATE_TX" : 1.599999999999999E-5,
            "DATARATE_RX" : 7.999999999999995E-6
          },
          "AppCoordinates {com.bbn, test-service1, 1}" : {
            "DATARATE_TX" : -7.623296525288703E-21,
            "DATARATE_RX" : -3.8116482626443515E-21
          }
        },
        "(clientPoolM, nodeA_c00, nodeA_c00)" : {
          "AppCoordinates {com.bbn, test-service3, 1}" : {
            "DATARATE_TX" : 1.5999999999999996E-5,
            "DATARATE_RX" : 7.999999999999998E-6
          }
        },
        "(clientPoolM, nodeH_c00, nodeH_c00)" : {
          "AppCoordinates {com.bbn, test-service3, 1}" : {
            "DATARATE_TX" : -7.623296525288703E-21,
            "DATARATE_RX" : -3.8116482626443515E-21
          }
        },
        "(clientPoolM, nodeG_c03, nodeG_c03)" : {
          "AppCoordinates {com.bbn, test-service3, 1}" : {
            "DATARATE_TX" : 2.7999999999999996E-5,
            "DATARATE_RX" : 1.3999999999999998E-5
          },
          "AppCoordinates {com.bbn, test-service1, 1}" : {
            "DATARATE_TX" : -7.623296525288703E-21,
            "DATARATE_RX" : -3.8116482626443515E-21
          }
        },
        "(clientPoolM, nodeG_c02, nodeG_c02)" : {
          "AppCoordinates {com.bbn, test-service3, 1}" : {
            "DATARATE_TX" : 1.799999999999999E-5,
            "DATARATE_RX" : 8.999999999999995E-6
          }
        },
        "(clientPoolM, nodeG_c01, nodeG_c01)" : {
          "AppCoordinates {com.bbn, test-service2, 1}" : {
            "DATARATE_TX" : -7.623296525288703E-21,
            "DATARATE_RX" : -3.8116482626443515E-21
          },
          "AppCoordinates {com.bbn, test-service1, 1}" : {
            "DATARATE_TX" : 1.1599999999999987E-4,
            "DATARATE_RX" : 5.799999999999993E-5
          }
        },
        "(clientPoolM, nodeH_c01, nodeH_c01)" : {
          "AppCoordinates {com.bbn, test-service3, 1}" : {
            "DATARATE_TX" : 3.8E-5,
            "DATARATE_RX" : 1.9E-5
          }
        },
        "(clientPoolM, nodeG_c00, nodeG_c00)" : {
          "AppCoordinates {com.bbn, test-service3, 1}" : {
            "DATARATE_TX" : 2.1999999999999993E-5,
            "DATARATE_RX" : 1.0999999999999996E-5
          },
          "AppCoordinates {com.bbn, test-service1, 1}" : {
            "DATARATE_TX" : -7.623296525288703E-21,
            "DATARATE_RX" : -3.8116482626443515E-21
          }
        }
      },
      "interface-nodeO ( nodeO )" : {
        "(nodeA_c00, clientPoolM, nodeA_c00)" : {
          "AppCoordinates {com.bbn, test-service3, 1}" : {
            "DATARATE_TX" : 7.999999999999998E-6,
            "DATARATE_RX" : 1.5999999999999996E-5
          }
        },
        "(nodeH_c00, clientPoolM, nodeH_c00)" : {
          "AppCoordinates {com.bbn, test-service3, 1}" : {
            "DATARATE_TX" : -3.8116482626443515E-21,
            "DATARATE_RX" : -7.623296525288703E-21
          }
        },
        "(nodeH_c01, clientPoolM, nodeH_c01)" : {
          "AppCoordinates {com.bbn, test-service3, 1}" : {
            "DATARATE_TX" : 1.9E-5,
            "DATARATE_RX" : 3.8E-5
          }
        },
        "(nodeG_c07, clientPoolM, nodeG_c07)" : {
          "AppCoordinates {com.bbn, test-service3, 1}" : {
            "DATARATE_TX" : 1.3999999999999998E-5,
            "DATARATE_RX" : 2.7999999999999996E-5
          },
          "AppCoordinates {com.bbn, test-service2, 1}" : {
            "DATARATE_TX" : -3.8116482626443515E-21,
            "DATARATE_RX" : -7.623296525288703E-21
          },
          "AppCoordinates {com.bbn, test-service1, 1}" : {
            "DATARATE_TX" : -3.8116482626443515E-21,
            "DATARATE_RX" : -7.623296525288703E-21
          }
        },
        "(nodeL_c00, clientPoolM, nodeL_c00)" : {
          "AppCoordinates {com.bbn, test-service3, 1}" : {
            "DATARATE_TX" : 3.400000000000001E-5,
            "DATARATE_RX" : 6.800000000000003E-5
          }
        },
        "(nodeG_c02, clientPoolM, nodeG_c02)" : {
          "AppCoordinates {com.bbn, test-service3, 1}" : {
            "DATARATE_TX" : 8.999999999999995E-6,
            "DATARATE_RX" : 1.799999999999999E-5
          }
        },
        "(nodeG_c01, clientPoolM, nodeG_c01)" : {
          "AppCoordinates {com.bbn, test-service2, 1}" : {
            "DATARATE_TX" : -3.8116482626443515E-21,
            "DATARATE_RX" : -7.623296525288703E-21
          },
          "AppCoordinates {com.bbn, test-service1, 1}" : {
            "DATARATE_TX" : 5.799999999999993E-5,
            "DATARATE_RX" : 1.1599999999999987E-4
          }
        },
        "(nodeG_c00, clientPoolM, nodeG_c00)" : {
          "AppCoordinates {com.bbn, test-service3, 1}" : {
            "DATARATE_TX" : 1.0999999999999996E-5,
            "DATARATE_RX" : 2.1999999999999993E-5
          },
          "AppCoordinates {com.bbn, test-service1, 1}" : {
            "DATARATE_TX" : -3.8116482626443515E-21,
            "DATARATE_RX" : -7.623296525288703E-21
          }
        },
        "(nodeG_c06, clientPoolM, nodeG_c06)" : {
          "AppCoordinates {com.bbn, test-service2, 1}" : {
            "DATARATE_TX" : 2.0000000000000097E-6,
            "DATARATE_RX" : 4.000000000000019E-6
          }
        },
        "(nodeG_c05, clientPoolM, nodeG_c05)" : {
          "AppCoordinates {com.bbn, test-service3, 1}" : {
            "DATARATE_TX" : 1.0999999999999996E-5,
            "DATARATE_RX" : 2.1999999999999993E-5
          }
        },
        "(nodeG_c04, clientPoolM, nodeG_c04)" : {
          "AppCoordinates {com.bbn, test-service3, 1}" : {
            "DATARATE_TX" : 7.999999999999995E-6,
            "DATARATE_RX" : 1.599999999999999E-5
          },
          "AppCoordinates {com.bbn, test-service1, 1}" : {
            "DATARATE_TX" : -3.8116482626443515E-21,
            "DATARATE_RX" : -7.623296525288703E-21
          }
        },
        "(nodeB_c00, clientPoolM, nodeB_c00)" : {
          "AppCoordinates {com.bbn, test-service3, 1}" : {
            "DATARATE_TX" : 3.100000000000001E-5,
            "DATARATE_RX" : 6.200000000000002E-5
          }
        },
        "(nodeG_c03, clientPoolM, nodeG_c03)" : {
          "AppCoordinates {com.bbn, test-service3, 1}" : {
            "DATARATE_TX" : 1.3999999999999998E-5,
            "DATARATE_RX" : 2.7999999999999996E-5
          },
          "AppCoordinates {com.bbn, test-service1, 1}" : {
            "DATARATE_TX" : -3.8116482626443515E-21,
            "DATARATE_RX" : -7.623296525288703E-21
          }
        }
      }
    },
    "networkDemand" : {
      "interface-nodeB ( nodeB )" : {
        "(clientPoolM, nodeB_c00, nodeB_c00)" : {
          "AppCoordinates {com.bbn, test-service3, 1}" : {
            "DATARATE_TX" : 6.571428571428573E-5,
            "DATARATE_RX" : 3.2857142857142864E-5
          }
        }
      },
      "interface-nodeO ( nodeO )" : {
        "(nodeA_c00, clientPoolM, nodeA_c00)" : {
          "AppCoordinates {com.bbn, test-service3, 1}" : {
            "DATARATE_TX" : 9.285714285714284E-6,
            "DATARATE_RX" : 1.857142857142857E-5
          }
        },
        "(nodeH_c00, clientPoolM, nodeH_c00)" : {
          "AppCoordinates {com.bbn, test-service3, 1}" : {
            "DATARATE_TX" : -3.8116482626443515E-21,
            "DATARATE_RX" : -7.623296525288703E-21
          }
        },
        "(nodeH_c01, clientPoolM, nodeH_c01)" : {
          "AppCoordinates {com.bbn, test-service3, 1}" : {
            "DATARATE_TX" : 2.1571428571428574E-5,
            "DATARATE_RX" : 4.314285714285715E-5
          }
        },
        "(nodeG_c07, clientPoolM, nodeG_c07)" : {
          "AppCoordinates {com.bbn, test-service3, 1}" : {
            "DATARATE_TX" : 1.9714285714285718E-5,
            "DATARATE_RX" : 3.9428571428571435E-5
          },
          "AppCoordinates {com.bbn, test-service2, 1}" : {
            "DATARATE_TX" : -3.8116482626443515E-21,
            "DATARATE_RX" : -7.623296525288703E-21
          },
          "AppCoordinates {com.bbn, test-service1, 1}" : {
            "DATARATE_TX" : -3.8116482626443515E-21,
            "DATARATE_RX" : -7.623296525288703E-21
          }
        },
        "(nodeL_c00, clientPoolM, nodeL_c00)" : {
          "AppCoordinates {com.bbn, test-service3, 1}" : {
            "DATARATE_TX" : 3.614285714285715E-5,
            "DATARATE_RX" : 7.22857142857143E-5
          }
        },
        "(nodeG_c02, clientPoolM, nodeG_c02)" : {
          "AppCoordinates {com.bbn, test-service3, 1}" : {
            "DATARATE_TX" : 1.1571428571428568E-5,
            "DATARATE_RX" : 2.3142857142857135E-5
          }
        },
        "(nodeG_c01, clientPoolM, nodeG_c01)" : {
          "AppCoordinates {com.bbn, test-service2, 1}" : {
            "DATARATE_TX" : -3.8116482626443515E-21,
            "DATARATE_RX" : -7.623296525288703E-21
          },
          "AppCoordinates {com.bbn, test-service1, 1}" : {
            "DATARATE_TX" : 5.8571428571428494E-5,
            "DATARATE_RX" : 1.1714285714285699E-4
          }
        },
        "(nodeG_c00, clientPoolM, nodeG_c00)" : {
          "AppCoordinates {com.bbn, test-service3, 1}" : {
            "DATARATE_TX" : 1.8571428571428575E-5,
            "DATARATE_RX" : 3.714285714285715E-5
          },
          "AppCoordinates {com.bbn, test-service1, 1}" : {
            "DATARATE_TX" : -3.8116482626443515E-21,
            "DATARATE_RX" : -7.623296525288703E-21
          }
        },
        "(nodeG_c06, clientPoolM, nodeG_c06)" : {
          "AppCoordinates {com.bbn, test-service2, 1}" : {
            "DATARATE_TX" : 2.0000000000000097E-6,
            "DATARATE_RX" : 4.000000000000019E-6
          }
        },
        "(nodeG_c05, clientPoolM, nodeG_c05)" : {
          "AppCoordinates {com.bbn, test-service3, 1}" : {
            "DATARATE_TX" : 2.0714285714285715E-5,
            "DATARATE_RX" : 4.142857142857143E-5
          }
        },
        "(nodeG_c04, clientPoolM, nodeG_c04)" : {
          "AppCoordinates {com.bbn, test-service3, 1}" : {
            "DATARATE_TX" : 1.3857142857142854E-5,
            "DATARATE_RX" : 2.771428571428571E-5
          },
          "AppCoordinates {com.bbn, test-service1, 1}" : {
            "DATARATE_TX" : -3.8116482626443515E-21,
            "DATARATE_RX" : -7.623296525288703E-21
          }
        },
        "(nodeG_c03, clientPoolM, nodeG_c03)" : {
          "AppCoordinates {com.bbn, test-service3, 1}" : {
            "DATARATE_TX" : 2.1E-5,
            "DATARATE_RX" : 4.2E-5
          },
          "AppCoordinates {com.bbn, test-service1, 1}" : {
            "DATARATE_TX" : -3.8116482626443515E-21,
            "DATARATE_RX" : -7.623296525288703E-21
          }
        },
        "(nodeB_c00, clientPoolM, nodeB_c00)" : {
          "AppCoordinates {com.bbn, test-service3, 1}" : {
            "DATARATE_TX" : 3.2857142857142864E-5,
            "DATARATE_RX" : 6.571428571428573E-5
          }
        }
      },
      "interface-nodeH ( nodeH )" : {
        "(clientPoolM, nodeG_c07, nodeG_c07)" : {
          "AppCoordinates {com.bbn, test-service3, 1}" : {
            "DATARATE_TX" : 3.9428571428571435E-5,
            "DATARATE_RX" : 1.9714285714285718E-5
          },
          "AppCoordinates {com.bbn, test-service2, 1}" : {
            "DATARATE_TX" : -7.623296525288703E-21,
            "DATARATE_RX" : -3.8116482626443515E-21
          },
          "AppCoordinates {com.bbn, test-service1, 1}" : {
            "DATARATE_TX" : -7.623296525288703E-21,
            "DATARATE_RX" : -3.8116482626443515E-21
          }
        },
        "(clientPoolM, nodeG_c06, nodeG_c06)" : {
          "AppCoordinates {com.bbn, test-service2, 1}" : {
            "DATARATE_TX" : 4.000000000000019E-6,
            "DATARATE_RX" : 2.0000000000000097E-6
          }
        },
        "(clientPoolM, nodeG_c05, nodeG_c05)" : {
          "AppCoordinates {com.bbn, test-service3, 1}" : {
            "DATARATE_TX" : 4.142857142857143E-5,
            "DATARATE_RX" : 2.0714285714285715E-5
          }
        },
        "(clientPoolM, nodeG_c04, nodeG_c04)" : {
          "AppCoordinates {com.bbn, test-service3, 1}" : {
            "DATARATE_TX" : 2.771428571428571E-5,
            "DATARATE_RX" : 1.3857142857142854E-5
          },
          "AppCoordinates {com.bbn, test-service1, 1}" : {
            "DATARATE_TX" : -7.623296525288703E-21,
            "DATARATE_RX" : -3.8116482626443515E-21
          }
        },
        "(clientPoolM, nodeA_c00, nodeA_c00)" : {
          "AppCoordinates {com.bbn, test-service3, 1}" : {
            "DATARATE_TX" : 1.857142857142857E-5,
            "DATARATE_RX" : 9.285714285714284E-6
          }
        },
        "(clientPoolM, nodeG_c03, nodeG_c03)" : {
          "AppCoordinates {com.bbn, test-service3, 1}" : {
            "DATARATE_TX" : 4.2E-5,
            "DATARATE_RX" : 2.1E-5
          },
          "AppCoordinates {com.bbn, test-service1, 1}" : {
            "DATARATE_TX" : -7.623296525288703E-21,
            "DATARATE_RX" : -3.8116482626443515E-21
          }
        },
        "(clientPoolM, nodeH_c00, nodeH_c00)" : {
          "AppCoordinates {com.bbn, test-service3, 1}" : {
            "DATARATE_TX" : -7.623296525288703E-21,
            "DATARATE_RX" : -3.8116482626443515E-21
          }
        },
        "(clientPoolM, nodeG_c02, nodeG_c02)" : {
          "AppCoordinates {com.bbn, test-service3, 1}" : {
            "DATARATE_TX" : 2.3142857142857135E-5,
            "DATARATE_RX" : 1.1571428571428568E-5
          }
        },
        "(clientPoolM, nodeG_c01, nodeG_c01)" : {
          "AppCoordinates {com.bbn, test-service2, 1}" : {
            "DATARATE_TX" : -7.623296525288703E-21,
            "DATARATE_RX" : -3.8116482626443515E-21
          },
          "AppCoordinates {com.bbn, test-service1, 1}" : {
            "DATARATE_TX" : 1.1714285714285699E-4,
            "DATARATE_RX" : 5.8571428571428494E-5
          }
        },
        "(clientPoolM, nodeG_c00, nodeG_c00)" : {
          "AppCoordinates {com.bbn, test-service3, 1}" : {
            "DATARATE_TX" : 3.714285714285715E-5,
            "DATARATE_RX" : 1.8571428571428575E-5
          },
          "AppCoordinates {com.bbn, test-service1, 1}" : {
            "DATARATE_TX" : -7.623296525288703E-21,
            "DATARATE_RX" : -3.8116482626443515E-21
          }
        },
        "(clientPoolM, nodeH_c01, nodeH_c01)" : {
          "AppCoordinates {com.bbn, test-service3, 1}" : {
            "DATARATE_TX" : 4.314285714285715E-5,
            "DATARATE_RX" : 2.1571428571428574E-5
          }
        }
      }
    },
    "containerReports" : {
      "nodeL_c00" : {
        "containerName" : {
          "name" : "nodeL_c00"
        },
        "timestamp" : 418988,
        "service" : {
          "group" : "com.bbn",
          "artifact" : "test-service3",
          "version" : "1"
        },
        "serviceStatus" : "RUNNING",
        "demandEstimationWindow" : "SHORT",
        "computeCapacity" : {
          "CPU" : 1.0,
          "TASK_CONTAINERS" : 100.0,
          "QueueLength" : 1000000.0
        },
        "computeLoad" : {
          "UNKNOWN" : {
            "QueueLength" : 34.0,
            "TASK_CONTAINERS" : 17.0
          }
        },
        "computeDemand" : {
          "UNKNOWN" : {
            "QueueLength" : 31.625,
            "TASK_CONTAINERS" : 15.8125
          }
        },
        "averageProcessingTime" : 120000.0,
        "networkCapacity" : {
          "interface-nodeL ( nodeL )" : {
            "DATARATE_TX" : 100.0,
            "DATARATE_RX" : 100.0
          }
        },
        "networkLoad" : {
          "interface-nodeL ( nodeL )" : {
            "(clientPoolM, nodeL_c00, nodeL_c00)" : {
              "AppCoordinates {com.bbn, test-service3, 1}" : {
                "DATARATE_TX" : 6.800000000000003E-5,
                "DATARATE_RX" : 3.400000000000001E-5
              }
            }
          }
        },
        "networkDemand" : {
          "interface-nodeL ( nodeL )" : {
            "(clientPoolM, nodeL_c00, nodeL_c00)" : {
              "AppCoordinates {com.bbn, test-service3, 1}" : {
                "DATARATE_TX" : 7.22857142857143E-5,
                "DATARATE_RX" : 3.614285714285715E-5
              }
            }
          }
        }
      }
    },
    "maximumServiceContainers" : 20,
    "allocatedServiceContainers" : 1,
    "computeDemand" : {
      "AppCoordinates {com.bbn, test-service3, 1}" : {
        "UNKNOWN" : {
          "QueueLength" : 31.625,
          "TASK_CONTAINERS" : 15.8125
        }
      }
    },
    "containerNetworkLoad" : {
      "interface-nodeL ( nodeL )" : {
        "(clientPoolM, nodeL_c00, nodeL_c00)" : {
          "AppCoordinates {com.bbn, test-service3, 1}" : {
            "DATARATE_TX" : 6.800000000000003E-5,
            "DATARATE_RX" : 3.400000000000001E-5
          }
        }
      }
    },
    "containerNetworkDemand" : {
      "interface-nodeL ( nodeL )" : {
        "(clientPoolM, nodeL_c00, nodeL_c00)" : {
          "AppCoordinates {com.bbn, test-service3, 1}" : {
            "DATARATE_TX" : 7.22857142857143E-5,
            "DATARATE_RX" : 3.614285714285715E-5
          }
        }
      }
    },
    "computeLoad" : {
      "AppCoordinates {com.bbn, test-service3, 1}" : {
        "UNKNOWN" : {
          "QueueLength" : 34.0,
          "TASK_CONTAINERS" : 17.0
        }
      }
    },
    "allocatedComputeCapacity" : {
      "CPU" : 1.0,
      "QueueLength" : 1000000.0,
      "TASK_CONTAINERS" : 100.0
    },
    "availableServiceContainers" : 19,
    "averageProcessingTime" : {
      "AppCoordinates {com.bbn, test-service3, 1}" : 120000.0
    }
  } ]
}