818,1,DCOP_PLAN_PLUBLIED
863,1,RLG_PLAN_PUBLISHED
1181,1,DNS_UPDATE_SUCCEEDED
1222,2,DNS_UPDATE_SUCCEEDED
106253,212,DCOP_PLAN_PLUBLIED
108807,217,RLG_PLAN_PUBLISHED
108860,218,DNS_UPDATE_SUCCEEDED
165818,331,DCOP_PLAN_PLUBLIED
168798,337,RLG_PLAN_PUBLISHED
168898,338,DNS_UPDATE_SUCCEEDED
226616,453,DCOP_PLAN_PLUBLIED
228797,457,RLG_PLAN_PUBLISHED
228935,458,DNS_UPDATE_SUCCEEDED
285852,571,DCOP_PLAN_PLUBLIED
288801,577,RLG_PLAN_PUBLISHED
288969,578,DNS_UPDATE_SUCCEEDED
345836,691,DCOP_PLAN_PLUBLIED
348812,697,RLG_PLAN_PUBLISHED
349001,698,DNS_UPDATE_SUCCEEDED
405777,811,DCOP_PLAN_PLUBLIED
405814,811,RLG_PLAN_PUBLISHED
407359,814,DNS_UPDATE_SUCCEEDED
465795,931,DCOP_PLAN_PLUBLIED
465818,931,RLG_PLAN_PUBLISHED
466099,932,DNS_UPDATE_SUCCEEDED
526073,1051,DCOP_PLAN_PLUBLIED
528828,1057,RLG_PLAN_PUBLISHED
529139,1058,DNS_UPDATE_SUCCEEDED
585900,1171,DCOP_PLAN_PLUBLIED
588846,1177,RLG_PLAN_PUBLISHED
589172,1178,DNS_UPDATE_SUCCEEDED
630007,1260,DNS_UPDATE_SUCCEEDED
630007,1260,DCOP_PLAN_PLUBLIED
