{
  "region" : {
    "name" : "B"
  },
  "minTimestamp" : 212996,
  "maxTimestamp" : 212996,
  "demandEstimationWindow" : "LONG",
  "serverCapacity" : {
    "DISK" : 10.0,
    "MEMORY" : 8.0E9,
    "CPU" : 4.0,
    "TASK_CONTAINERS" : 20.0
  },
  "serverLoad" : {
    "AppCoordinates {com.bbn, test-service3, 1}" : {
      "unknown" : {
        "QueueLength" : 125.0,
        "TASK_CONTAINERS" : 62.5
      }
    }
  },
  "serverDemand" : {
    "AppCoordinates {com.bbn, test-service3, 1}" : {
      "unknown" : {
        "QueueLength" : 178.2622105444098,
        "TASK_CONTAINERS" : 114.5355339976296
      }
    }
  },
  "serverAverageProcessingTimeCount" : {
    "AppCoordinates {com.bbn, test-service3, 1}" : 1
  },
  "serverAverageProcessingTimeSum" : {
    "AppCoordinates {com.bbn, test-service3, 1}" : 120000.0
  },
  "networkCapacity" : {
    "C" : {
      "DATARATE_RX" : 100.0,
      "DATARATE_TX" : 100.0
    },
    "D" : {
      "DATARATE_RX" : 100.0,
      "DATARATE_TX" : 100.0
    },
    "E" : {
      "DATARATE_RX" : 100.0,
      "DATARATE_TX" : 100.0
    }
  },
  "networkLoad" : {
    "C" : {
      "(B, C, C)" : {
        "AppCoordinates {com.bbn, test-service2, 1}" : {
          "DATARATE_TX" : 2.8000000000000003E-5,
          "DATARATE_RX" : 1.4000000000000001E-5
        }
      },
      "(A, C, C)" : {
        "AppCoordinates {com.bbn, test-service2, 1}" : {
          "DATARATE_TX" : 1.0E-5,
          "DATARATE_RX" : 5.0E-6
        }
      }
    },
    "D" : {
      "(B, A, B)" : {
        "AppCoordinates {com.bbn, test-service3, 1}" : {
          "DATARATE_TX" : 1.6000000000000003E-5,
          "DATARATE_RX" : 3.2000000000000005E-5
        },
        "AppCoordinates {com.bbn, test-service2, 1}" : {
          "DATARATE_TX" : 1.0E-6,
          "DATARATE_RX" : 2.0E-6
        }
      },
      "(E, A, E)" : {
        "AppCoordinates {com.bbn, test-service3, 1}" : {
          "DATARATE_TX" : 2.4999999999999998E-5,
          "DATARATE_RX" : 4.9999999999999996E-5
        },
        "AppCoordinates {com.bbn, test-service2, 1}" : {
          "DATARATE_TX" : -1.1434944787933055E-20,
          "DATARATE_RX" : -2.286988957586611E-20
        },
        "AppCoordinates {com.bbn, test-service1, 1}" : {
          "DATARATE_TX" : 1.3299999999999982E-4,
          "DATARATE_RX" : 2.6599999999999964E-4
        }
      },
      "(C, A, C)" : {
        "AppCoordinates {com.bbn, test-service2, 1}" : {
          "DATARATE_TX" : 5.0E-6,
          "DATARATE_RX" : 1.0E-5
        }
      }
    },
    "E" : {
      "(B, E, E)" : {
        "AppCoordinates {com.bbn, test-service3, 1}" : {
          "DATARATE_TX" : 2.0999999999999982E-4,
          "DATARATE_RX" : 1.0499999999999991E-4
        },
        "AppCoordinates {com.bbn, test-service2, 1}" : {
          "DATARATE_TX" : -2.286988957586611E-20,
          "DATARATE_RX" : -1.1434944787933055E-20
        },
        "AppCoordinates {com.bbn, test-service1, 1}" : {
          "DATARATE_TX" : 2.6799999999999963E-4,
          "DATARATE_RX" : 1.3399999999999981E-4
        }
      },
      "(A, E, E)" : {
        "AppCoordinates {com.bbn, test-service3, 1}" : {
          "DATARATE_TX" : 4.999999999999999E-5,
          "DATARATE_RX" : 2.4999999999999994E-5
        },
        "AppCoordinates {com.bbn, test-service2, 1}" : {
          "DATARATE_TX" : -2.286988957586611E-20,
          "DATARATE_RX" : -1.1434944787933055E-20
        },
        "AppCoordinates {com.bbn, test-service1, 1}" : {
          "DATARATE_TX" : 2.6599999999999964E-4,
          "DATARATE_RX" : 1.3299999999999982E-4
        }
      }
    }
  },
  "networkDemand" : {
    "C" : {
      "(B, C, C)" : {
        "AppCoordinates {com.bbn, test-service2, 1}" : {
          "DATARATE_TX" : 4.050793650793653E-5,
          "DATARATE_RX" : 2.0253968253968266E-5
        }
      },
      "(A, C, C)" : {
        "AppCoordinates {com.bbn, test-service2, 1}" : {
          "DATARATE_TX" : 1.5048387096774167E-5,
          "DATARATE_RX" : 7.524193548387084E-6
        }
      }
    },
    "D" : {
      "(B, A, B)" : {
        "AppCoordinates {com.bbn, test-service3, 1}" : {
          "DATARATE_TX" : 2.8584471603163174E-5,
          "DATARATE_RX" : 5.716894320632635E-5
        },
        "AppCoordinates {com.bbn, test-service2, 1}" : {
          "DATARATE_TX" : 9.99999999999998E-7,
          "DATARATE_RX" : 1.999999999999996E-6
        }
      },
      "(E, A, E)" : {
        "AppCoordinates {com.bbn, test-service3, 1}" : {
          "DATARATE_TX" : 6.371651823614073E-5,
          "DATARATE_RX" : 1.2743303647228145E-4
        },
        "AppCoordinates {com.bbn, test-service2, 1}" : {
          "DATARATE_TX" : 1.244437298120716E-4,
          "DATARATE_RX" : 2.488874596241432E-4
        },
        "AppCoordinates {com.bbn, test-service1, 1}" : {
          "DATARATE_TX" : 1.5387127499221601E-4,
          "DATARATE_RX" : 3.0774254998443203E-4
        }
      },
      "(C, A, C)" : {
        "AppCoordinates {com.bbn, test-service2, 1}" : {
          "DATARATE_TX" : 7.524193548387084E-6,
          "DATARATE_RX" : 1.5048387096774167E-5
        }
      }
    },
    "E" : {
      "(B, E, E)" : {
        "AppCoordinates {com.bbn, test-service3, 1}" : {
          "DATARATE_TX" : 3.262027758999942E-4,
          "DATARATE_RX" : 1.631013879499971E-4
        },
        "AppCoordinates {com.bbn, test-service2, 1}" : {
          "DATARATE_TX" : 2.3459962010182703E-4,
          "DATARATE_RX" : 1.1729981005091352E-4
        },
        "AppCoordinates {com.bbn, test-service1, 1}" : {
          "DATARATE_TX" : 3.207822225181039E-4,
          "DATARATE_RX" : 1.6039111125905196E-4
        }
      },
      "(A, E, E)" : {
        "AppCoordinates {com.bbn, test-service3, 1}" : {
          "DATARATE_TX" : 1.2743303647228145E-4,
          "DATARATE_RX" : 6.371651823614073E-5
        },
        "AppCoordinates {com.bbn, test-service2, 1}" : {
          "DATARATE_TX" : 2.488874596241432E-4,
          "DATARATE_RX" : 1.244437298120716E-4
        },
        "AppCoordinates {com.bbn, test-service1, 1}" : {
          "DATARATE_TX" : 3.0774254998443203E-4,
          "DATARATE_RX" : 1.5387127499221601E-4
        }
      }
    }
  },
  "maximumServiceContainers" : 20,
  "allocatedServiceContainers" : 2,
  "serverAverageProcessingTime" : {
    "AppCoordinates {com.bbn, test-service3, 1}" : 120000.0
  },
  "availableServiceContainers" : 18,
  "nullSummary" : false
}