770,2,DNS_UPDATE_SUCCEEDED
803,2,DCOP_PLAN_PLUBLIED
819,2,RLG_PLAN_PUBLISHED
105908,212,DCOP_PLAN_PLUBLIED
108812,217,RLG_PLAN_PUBLISHED
108816,218,DNS_UPDATE_SUCCEEDED
109305,219,DNS_UPDATE_SUCCEEDED
111804,224,RLG_PLAN_PUBLISHED
112301,225,DNS_UPDATE_SUCCEEDED
120804,242,DNS_UPDATE_SUCCEEDED
120802,241,RLG_PLAN_PUBLISHED
121308,243,DNS_UPDATE_SUCCEEDED
123802,247,RLG_PLAN_PUBLISHED
123807,248,DNS_UPDATE_SUCCEEDED
165875,332,DCOP_PLAN_PLUBLIED
168805,337,RLG_PLAN_PUBLISHED
168825,338,DNS_UPDATE_SUCCEEDED
183805,367,RLG_PLAN_PUBLISHED
183826,368,DNS_UPDATE_SUCCEEDED
186805,373,RLG_PLAN_PUBLISHED
186836,374,DNS_UPDATE_SUCCEEDED
187338,375,DNS_UPDATE_SUCCEEDED
189807,379,RLG_PLAN_PUBLISHED
189836,380,DNS_UPDATE_SUCCEEDED
225892,452,DCOP_PLAN_PLUBLIED
228806,457,RLG_PLAN_PUBLISHED
228852,458,DNS_UPDATE_SUCCEEDED
285894,572,DCOP_PLAN_PLUBLIED
288813,577,RLG_PLAN_PUBLISHED
288868,578,DNS_UPDATE_SUCCEEDED
345893,692,DCOP_PLAN_PLUBLIED
348825,697,RLG_PLAN_PUBLISHED
348884,698,DNS_UPDATE_SUCCEEDED
405895,811,DCOP_PLAN_PLUBLIED
408829,817,RLG_PLAN_PUBLISHED
408916,818,DNS_UPDATE_SUCCEEDED
465888,931,DCOP_PLAN_PLUBLIED
468832,937,RLG_PLAN_PUBLISHED
468933,938,DNS_UPDATE_SUCCEEDED
525898,1051,DCOP_PLAN_PLUBLIED
528835,1057,RLG_PLAN_PUBLISHED
528969,1058,DNS_UPDATE_SUCCEEDED
579837,1159,RLG_PLAN_PUBLISHED
579979,1160,DNS_UPDATE_SUCCEEDED
580480,1161,DNS_UPDATE_SUCCEEDED
582837,1165,RLG_PLAN_PUBLISHED
582980,1166,DNS_UPDATE_SUCCEEDED
585887,1171,DCOP_PLAN_PLUBLIED
588838,1177,RLG_PLAN_PUBLISHED
588981,1178,DNS_UPDATE_SUCCEEDED
630006,1260,DCOP_PLAN_PLUBLIED
