{
  "clientName" : "clientPoolC",
  "clientRegion" : {
    "name" : "C"
  },
  "numRequestsAttempted" : 2400,
  "numRequestsSucceeded" : 1280,
  "numRequestsFailedForServerLoad" : 1120,
  "numRequestsFailedForNetworkLoad" : 0,
  "numRequestsSlowForServerLoad" : 396,
  "numRequestsSlowForNetworkLoad" : 0,
  "numRequestsSlowForNetworkAndServerLoad" : 0,
  "numRequestsServicedByRegion" : {
    "B" : 14,
    "C" : 632,
    "D" : 281,
    "I" : 171,
    "J" : 182
  },
  "numRequestsFailedForDownNode" : 0
}