{
  "region" : {
    "name" : "I"
  },
  "timestamp" : 312795,
  "servicePlan" : {
    "nodeI" : [ {
      "id" : {
        "name" : "nodeI_c02"
      },
      "service" : {
        "group" : "com.bbn",
        "artifact" : "test-service3",
        "version" : "1"
      },
      "weight" : 1.0,
      "stopTrafficTo" : false,
      "stop" : false
    } ]
  },
  "overflowPlan" : {
    "AppCoordinates {com.bbn, test-service3, 1}" : {
      "A" : 0.0,
      "B" : 0.0,
      "C" : 0.0,
      "G" : 0.0,
      "H" : 0.0,
      "J" : 0.8609013673470898,
      "I" : 0.13909863265291023
    },
    "AppCoordinates {com.bbn, test-service2, 1}" : {
      "A" : 0.0,
      "B" : 0.0,
      "C" : 0.0,
      "G" : 0.0,
      "H" : 0.0,
      "J" : 1.0,
      "I" : 0.0
    },
    "AppCoordinates {com.bbn, test-service1, 1}" : {
      "A" : 0.0,
      "B" : 0.0,
      "C" : 0.0,
      "G" : 0.0,
      "H" : 0.0,
      "J" : 1.0,
      "I" : 0.0
    }
  }
}