477,1,DNS_UPDATE_SUCCEEDED
541,2,DCOP_PLAN_PLUBLIED
555,2,RLG_PLAN_PUBLISHED
105663,212,DCOP_PLAN_PLUBLIED
108532,217,RLG_PLAN_PUBLISHED
108574,218,DNS_UPDATE_SUCCEEDED
109068,219,DNS_UPDATE_SUCCEEDED
111532,223,RLG_PLAN_PUBLISHED
111567,224,DNS_UPDATE_SUCCEEDED
120533,241,RLG_PLAN_PUBLISHED
120572,242,DNS_UPDATE_SUCCEEDED
121074,243,DNS_UPDATE_SUCCEEDED
123533,247,RLG_PLAN_PUBLISHED
123575,248,DNS_UPDATE_SUCCEEDED
165663,332,DCOP_PLAN_PLUBLIED
168538,337,RLG_PLAN_PUBLISHED
168603,338,DNS_UPDATE_SUCCEEDED
183539,367,RLG_PLAN_PUBLISHED
183608,368,DNS_UPDATE_SUCCEEDED
186537,373,RLG_PLAN_PUBLISHED
186616,374,DNS_UPDATE_SUCCEEDED
187117,375,DNS_UPDATE_SUCCEEDED
189539,379,RLG_PLAN_PUBLISHED
189619,380,DNS_UPDATE_SUCCEEDED
225669,452,DCOP_PLAN_PLUBLIED
228543,457,RLG_PLAN_PUBLISHED
228633,458,DNS_UPDATE_SUCCEEDED
285660,571,DCOP_PLAN_PLUBLIED
288551,577,RLG_PLAN_PUBLISHED
288671,578,DNS_UPDATE_SUCCEEDED
345664,691,DCOP_PLAN_PLUBLIED
348564,697,RLG_PLAN_PUBLISHED
348709,698,DNS_UPDATE_SUCCEEDED
405663,811,DCOP_PLAN_PLUBLIED
408574,817,RLG_PLAN_PUBLISHED
408745,818,DNS_UPDATE_SUCCEEDED
465657,931,DCOP_PLAN_PLUBLIED
468582,937,RLG_PLAN_PUBLISHED
468798,938,DNS_UPDATE_SUCCEEDED
525651,1051,DCOP_PLAN_PLUBLIED
528585,1057,RLG_PLAN_PUBLISHED
528846,1058,DNS_UPDATE_SUCCEEDED
579590,1159,RLG_PLAN_PUBLISHED
579889,1160,DNS_UPDATE_SUCCEEDED
580385,1161,DNS_UPDATE_SUCCEEDED
582590,1165,RLG_PLAN_PUBLISHED
582889,1166,DNS_UPDATE_SUCCEEDED
585656,1171,DCOP_PLAN_PLUBLIED
588591,1177,RLG_PLAN_PUBLISHED
588891,1178,DNS_UPDATE_SUCCEEDED
630003,1261,DNS_UPDATE_SUCCEEDED
630003,1291,DCOP_PLAN_PLUBLIED
