{
  "nodeName" : {
    "name" : "nodeO"
  },
  "timestamp" : 41997,
  "demandEstimationWindow" : "LONG",
  "nodeComputeCapacity" : {
    "CPU" : 4.0,
    "MEMORY" : 8.0E9,
    "DISK" : 10.0,
    "TASK_CONTAINERS" : 20.0
  },
  "networkCapacity" : {
    "interface-nodeE ( nodeE )" : {
      "DATARATE_RX" : 100.0,
      "DATARATE_TX" : 100.0
    },
    "interface-nodeC ( nodeC )" : {
      "DATARATE_RX" : 100.0,
      "DATARATE_TX" : 100.0
    },
    "interface-nodeI ( nodeI )" : {
      "DATARATE_RX" : 100.0,
      "DATARATE_TX" : 100.0
    },
    "interface-nodeF ( nodeF )" : {
      "DATARATE_RX" : 100.0,
      "DATARATE_TX" : 100.0
    },
    "interface-nodeG ( nodeG )" : {
      "DATARATE_RX" : 100.0,
      "DATARATE_TX" : 100.0
    },
    "interface-nodeJ ( nodeJ )" : {
      "DATARATE_RX" : 100.0,
      "DATARATE_TX" : 100.0
    },
    "interface-nodeK ( nodeK )" : {
      "DATARATE_RX" : 100.0,
      "DATARATE_TX" : 100.0
    },
    "interface-nodeA ( nodeA )" : {
      "DATARATE_RX" : 100.0,
      "DATARATE_TX" : 100.0
    }
  },
  "networkLoad" : {
    "interface-nodeE ( nodeE )" : { },
    "interface-nodeC ( nodeC )" : { },
    "interface-nodeI ( nodeI )" : { },
    "interface-nodeF ( nodeF )" : {
      "(clientPoolO, nodeF_c04, nodeF_c04)" : {
        "AppCoordinates {com.bbn, test-service1, 1}" : {
          "DATARATE_TX" : 1.1399999999999987E-4,
          "DATARATE_RX" : 5.6999999999999935E-5
        }
      },
      "(clientPoolO, nodeF_c03, nodeF_c03)" : {
        "AppCoordinates {com.bbn, test-service1, 1}" : {
          "DATARATE_TX" : 1.3199999999999982E-4,
          "DATARATE_RX" : 6.599999999999991E-5
        }
      },
      "(clientPoolO, nodeF_c05, nodeF_c05)" : {
        "AppCoordinates {com.bbn, test-service1, 1}" : {
          "DATARATE_TX" : 3.0000000000000008E-5,
          "DATARATE_RX" : 1.5000000000000004E-5
        }
      },
      "(clientPoolO, nodeF_c00, nodeF_c00)" : {
        "AppCoordinates {com.bbn, test-service1, 1}" : {
          "DATARATE_TX" : 1.3399999999999981E-4,
          "DATARATE_RX" : 6.699999999999991E-5
        }
      }
    },
    "interface-nodeG ( nodeG )" : { },
    "interface-nodeJ ( nodeJ )" : { },
    "interface-nodeK ( nodeK )" : { },
    "interface-nodeA ( nodeA )" : { }
  },
  "networkDemand" : {
    "interface-nodeE ( nodeE )" : { },
    "interface-nodeC ( nodeC )" : { },
    "interface-nodeA ( nodeA )" : { },
    "interface-nodeK ( nodeK )" : { },
    "interface-nodeJ ( nodeJ )" : { },
    "interface-nodeI ( nodeI )" : { },
    "interface-nodeG ( nodeG )" : { },
    "interface-nodeF ( nodeF )" : {
      "(clientPoolO, nodeF_c04, nodeF_c04)" : {
        "AppCoordinates {com.bbn, test-service1, 1}" : {
          "DATARATE_TX" : 8.133333333333328E-5,
          "DATARATE_RX" : 4.066666666666664E-5
        }
      },
      "(clientPoolO, nodeF_c03, nodeF_c03)" : {
        "AppCoordinates {com.bbn, test-service1, 1}" : {
          "DATARATE_TX" : 1.0946666666666652E-4,
          "DATARATE_RX" : 5.473333333333326E-5
        }
      },
      "(clientPoolO, nodeF_c05, nodeF_c05)" : {
        "AppCoordinates {com.bbn, test-service1, 1}" : {
          "DATARATE_TX" : 1.866666666666667E-5,
          "DATARATE_RX" : 9.333333333333334E-6
        }
      },
      "(clientPoolO, nodeF_c00, nodeF_c00)" : {
        "AppCoordinates {com.bbn, test-service1, 1}" : {
          "DATARATE_TX" : 1.2416666666666652E-4,
          "DATARATE_RX" : 6.208333333333326E-5
        }
      }
    }
  },
  "containerReports" : { },
  "maximumServiceContainers" : 20,
  "allocatedServiceContainers" : 0,
  "computeDemand" : { },
  "containerNetworkLoad" : { },
  "containerNetworkDemand" : { },
  "computeLoad" : { },
  "allocatedComputeCapacity" : { },
  "availableServiceContainers" : 20,
  "averageProcessingTime" : { }
}