{
  "region" : {
    "name" : "L"
  },
  "minTimestamp" : 190982,
  "maxTimestamp" : 190982,
  "demandEstimationWindow" : "SHORT",
  "serverCapacity" : {
    "DISK" : 10.0,
    "MEMORY" : 8.0E9,
    "CPU" : 4.0,
    "TASK_CONTAINERS" : 20.0
  },
  "serverLoad" : {
    "AppCoordinates {com.bbn, test-service3, 1}" : {
      "unknown" : {
        "QueueLength" : 82.0,
        "TASK_CONTAINERS" : 41.0
      }
    }
  },
  "serverDemand" : {
    "AppCoordinates {com.bbn, test-service3, 1}" : {
      "unknown" : {
        "QueueLength" : 71.75,
        "TASK_CONTAINERS" : 35.875
      }
    }
  },
  "serverAverageProcessingTimeCount" : { },
  "serverAverageProcessingTimeSum" : { },
  "networkCapacity" : {
    "G" : {
      "DATARATE_RX" : 100.0,
      "DATARATE_TX" : 100.0
    }
  },
  "networkLoad" : {
    "G" : {
      "(L, M, M)" : {
        "AppCoordinates {com.bbn, test-service3, 1}" : {
          "DATARATE_TX" : 5.0000000000000016E-5,
          "DATARATE_RX" : 2.5000000000000008E-5
        },
        "AppCoordinates {com.bbn, test-service2, 1}" : {
          "DATARATE_TX" : 9.200000000000001E-5,
          "DATARATE_RX" : 4.600000000000001E-5
        }
      },
      "(L, B, B)" : {
        "AppCoordinates {com.bbn, test-service3, 1}" : {
          "DATARATE_TX" : 3.619999999999998E-4,
          "DATARATE_RX" : 1.809999999999999E-4
        },
        "AppCoordinates {com.bbn, test-service2, 1}" : {
          "DATARATE_TX" : 6.8E-5,
          "DATARATE_RX" : 3.4E-5
        },
        "AppCoordinates {com.bbn, test-service1, 1}" : {
          "DATARATE_TX" : 1.4799999999999975E-4,
          "DATARATE_RX" : 7.399999999999987E-5
        }
      },
      "(L, D, D)" : {
        "AppCoordinates {com.bbn, test-service3, 1}" : {
          "DATARATE_TX" : 6.000000000000002E-5,
          "DATARATE_RX" : 3.000000000000001E-5
        },
        "AppCoordinates {com.bbn, test-service2, 1}" : {
          "DATARATE_TX" : 1.0000000000000002E-4,
          "DATARATE_RX" : 5.000000000000001E-5
        }
      },
      "(L, G, G)" : {
        "AppCoordinates {com.bbn, test-service3, 1}" : {
          "DATARATE_TX" : 5.800000000000002E-5,
          "DATARATE_RX" : 2.900000000000001E-5
        },
        "AppCoordinates {com.bbn, test-service2, 1}" : {
          "DATARATE_TX" : 1.1600000000000003E-4,
          "DATARATE_RX" : 5.8000000000000014E-5
        }
      }
    }
  },
  "networkDemand" : {
    "G" : {
      "(L, M, M)" : {
        "AppCoordinates {com.bbn, test-service3, 1}" : {
          "DATARATE_TX" : 5.0000000000000016E-5,
          "DATARATE_RX" : 2.5000000000000008E-5
        },
        "AppCoordinates {com.bbn, test-service2, 1}" : {
          "DATARATE_TX" : 9.200000000000001E-5,
          "DATARATE_RX" : 4.600000000000001E-5
        }
      },
      "(L, B, B)" : {
        "AppCoordinates {com.bbn, test-service3, 1}" : {
          "DATARATE_TX" : 4.091428571428569E-4,
          "DATARATE_RX" : 2.0457142857142844E-4
        },
        "AppCoordinates {com.bbn, test-service2, 1}" : {
          "DATARATE_TX" : 6.8E-5,
          "DATARATE_RX" : 3.4E-5
        },
        "AppCoordinates {com.bbn, test-service1, 1}" : {
          "DATARATE_TX" : 1.4914285714285686E-4,
          "DATARATE_RX" : 7.457142857142843E-5
        }
      },
      "(L, D, D)" : {
        "AppCoordinates {com.bbn, test-service3, 1}" : {
          "DATARATE_TX" : 6.0000000000000035E-5,
          "DATARATE_RX" : 3.0000000000000018E-5
        },
        "AppCoordinates {com.bbn, test-service2, 1}" : {
          "DATARATE_TX" : 1.0000000000000003E-4,
          "DATARATE_RX" : 5.0000000000000016E-5
        }
      },
      "(L, G, G)" : {
        "AppCoordinates {com.bbn, test-service3, 1}" : {
          "DATARATE_TX" : 5.8000000000000014E-5,
          "DATARATE_RX" : 2.9000000000000007E-5
        },
        "AppCoordinates {com.bbn, test-service2, 1}" : {
          "DATARATE_TX" : 1.1600000000000003E-4,
          "DATARATE_RX" : 5.8000000000000014E-5
        }
      }
    }
  },
  "maximumServiceContainers" : 20,
  "allocatedServiceContainers" : 1,
  "serverAverageProcessingTime" : { },
  "availableServiceContainers" : 19,
  "nullSummary" : false
}