231,1,DNS_UPDATE_SUCCEEDED
43930,88,DCOP_PLAN_PLUBLIED
43930,88,RLG_PLAN_PUBLISHED
44429,89,DNS_UPDATE_SUCCEEDED
464144,921,DCOP_PLAN_PLUBLIED
464432,921,RLG_PLAN_PUBLISHED
824351,1635,DCOP_PLAN_PLUBLIED
824915,1636,RLG_PLAN_PUBLISHED
824953,1637,DNS_UPDATE_SUCCEEDED
944294,1873,DCOP_PLAN_PLUBLIED
945093,1875,RLG_PLAN_PUBLISHED
945461,1876,DNS_UPDATE_SUCCEEDED
1064254,2111,DCOP_PLAN_PLUBLIED
1065260,2113,RLG_PLAN_PUBLISHED
1065406,2114,DNS_UPDATE_SUCCEEDED
1184230,2349,DCOP_PLAN_PLUBLIED
1185375,2352,RLG_PLAN_PUBLISHED
1185764,2353,DNS_UPDATE_SUCCEEDED
1305948,2591,DCOP_PLAN_PLUBLIED
1308564,2596,RLG_PLAN_PUBLISHED
1308739,2597,DNS_UPDATE_SUCCEEDED
1424212,2826,DCOP_PLAN_PLUBLIED
1425711,2829,RLG_PLAN_PUBLISHED
1426112,2830,DNS_UPDATE_SUCCEEDED
1544119,3064,DCOP_PLAN_PLUBLIED
1545876,3067,RLG_PLAN_PUBLISHED
1546111,3068,DNS_UPDATE_SUCCEEDED
1664252,3302,DCOP_PLAN_PLUBLIED
1666041,3305,RLG_PLAN_PUBLISHED
1666122,3306,DNS_UPDATE_SUCCEEDED
