774,1,DNS_UPDATE_SUCCEEDED
826,1,DCOP_PLAN_PLUBLIED
829,2,RLG_PLAN_PUBLISHED
106287,213,DCOP_PLAN_PLUBLIED
108785,218,RLG_PLAN_PUBLISHED
109225,219,DNS_UPDATE_SUCCEEDED
109734,220,DNS_UPDATE_SUCCEEDED
111784,224,RLG_PLAN_PUBLISHED
112220,225,DNS_UPDATE_SUCCEEDED
166257,333,DCOP_PLAN_PLUBLIED
168788,338,RLG_PLAN_PUBLISHED
169241,339,DNS_UPDATE_SUCCEEDED
226229,452,DCOP_PLAN_PLUBLIED
228790,458,RLG_PLAN_PUBLISHED
229262,459,DNS_UPDATE_SUCCEEDED
286189,572,DCOP_PLAN_PLUBLIED
288792,578,RLG_PLAN_PUBLISHED
289278,579,DNS_UPDATE_SUCCEEDED
346270,692,DCOP_PLAN_PLUBLIED
348796,698,RLG_PLAN_PUBLISHED
349285,699,DNS_UPDATE_SUCCEEDED
406211,812,DCOP_PLAN_PLUBLIED
408800,817,RLG_PLAN_PUBLISHED
408801,818,DNS_UPDATE_SUCCEEDED
466214,932,DCOP_PLAN_PLUBLIED
468804,937,RLG_PLAN_PUBLISHED
468816,938,DNS_UPDATE_SUCCEEDED
526180,1052,DCOP_PLAN_PLUBLIED
528806,1057,RLG_PLAN_PUBLISHED
528838,1058,DNS_UPDATE_SUCCEEDED
586191,1172,DCOP_PLAN_PLUBLIED
588825,1177,RLG_PLAN_PUBLISHED
588850,1178,DNS_UPDATE_SUCCEEDED
630005,1260,DCOP_PLAN_PLUBLIED
