{
  "nodeName" : {
    "name" : "nodeF"
  },
  "timestamp" : 316987,
  "demandEstimationWindow" : "LONG",
  "nodeComputeCapacity" : {
    "CPU" : 4.0,
    "MEMORY" : 8.0E9,
    "DISK" : 10.0,
    "TASK_CONTAINERS" : 20.0
  },
  "networkCapacity" : {
    "interface-nodeD ( nodeD )" : {
      "DATARATE_RX" : 100.0,
      "DATARATE_TX" : 100.0
    },
    "interface-nodeB ( nodeB )" : {
      "DATARATE_RX" : 100.0,
      "DATARATE_TX" : 100.0
    },
    "interface-nodeC ( nodeC )" : {
      "DATARATE_RX" : 100.0,
      "DATARATE_TX" : 100.0
    },
    "interface-nodeL ( nodeL )" : {
      "DATARATE_RX" : 100.0,
      "DATARATE_TX" : 100.0
    },
    "interface-nodeK ( nodeK )" : {
      "DATARATE_RX" : 100.0,
      "DATARATE_TX" : 100.0
    },
    "interface-nodeA ( nodeA )" : {
      "DATARATE_RX" : 100.0,
      "DATARATE_TX" : 100.0
    },
    "interface-nodeO ( nodeO )" : {
      "DATARATE_RX" : 100.0,
      "DATARATE_TX" : 100.0
    }
  },
  "networkLoad" : {
    "interface-nodeD ( nodeD )" : {
      "(clientPoolF, nodeH_c00, nodeH_c00)" : {
        "AppCoordinates {com.bbn, test-service3, 1}" : {
          "DATARATE_TX" : 9.999999999999999E-6,
          "DATARATE_RX" : 4.9999999999999996E-6
        }
      },
      "(clientPoolF, nodeD_c01, nodeD_c01)" : {
        "AppCoordinates {com.bbn, test-service3, 1}" : {
          "DATARATE_TX" : -8.470329472543003E-22,
          "DATARATE_RX" : -4.2351647362715017E-22
        }
      },
      "(clientPoolF, nodeD_c00, nodeD_c00)" : {
        "AppCoordinates {com.bbn, test-service3, 1}" : {
          "DATARATE_TX" : 7.200000000000002E-5,
          "DATARATE_RX" : 3.600000000000001E-5
        }
      }
    },
    "interface-nodeB ( nodeB )" : {
      "(clientPoolF, nodeB_c01, nodeB_c01)" : {
        "AppCoordinates {com.bbn, test-service3, 1}" : {
          "DATARATE_TX" : 7.999999999999997E-5,
          "DATARATE_RX" : 3.999999999999998E-5
        }
      },
      "(clientPoolF, nodeB_c00, nodeB_c00)" : {
        "AppCoordinates {com.bbn, test-service2, 1}" : {
          "DATARATE_TX" : -7.623296525288703E-21,
          "DATARATE_RX" : -3.8116482626443515E-21
        }
      }
    },
    "interface-nodeC ( nodeC )" : {
      "(clientPoolF, nodeC_c00, nodeC_c00)" : {
        "AppCoordinates {com.bbn, test-service3, 1}" : {
          "DATARATE_TX" : -7.623296525288703E-21,
          "DATARATE_RX" : -3.8116482626443515E-21
        }
      },
      "(clientPoolF, nodeC_c01, nodeC_c01)" : {
        "AppCoordinates {com.bbn, test-service3, 1}" : {
          "DATARATE_TX" : 8.199999999999996E-5,
          "DATARATE_RX" : 4.099999999999998E-5
        }
      }
    },
    "interface-nodeL ( nodeL )" : {
      "(clientPoolF, nodeL_c00, nodeL_c00)" : {
        "AppCoordinates {com.bbn, test-service2, 1}" : {
          "DATARATE_TX" : -7.623296525288703E-21,
          "DATARATE_RX" : -3.8116482626443515E-21
        }
      },
      "(clientPoolF, nodeL_c01, nodeL_c01)" : {
        "AppCoordinates {com.bbn, test-service3, 1}" : {
          "DATARATE_TX" : 7.199999999999999E-5,
          "DATARATE_RX" : 3.5999999999999994E-5
        }
      }
    },
    "interface-nodeK ( nodeK )" : {
      "(clientPoolF, nodeK_c01, nodeK_c01)" : {
        "AppCoordinates {com.bbn, test-service3, 1}" : {
          "DATARATE_TX" : 7.199999999999999E-5,
          "DATARATE_RX" : 3.5999999999999994E-5
        }
      },
      "(clientPoolF, nodeK_c00, nodeK_c00)" : {
        "AppCoordinates {com.bbn, test-service2, 1}" : {
          "DATARATE_TX" : -7.623296525288703E-21,
          "DATARATE_RX" : -3.8116482626443515E-21
        }
      }
    },
    "interface-nodeA ( nodeA )" : {
      "(clientPoolF, nodeA_c02, nodeA_c02)" : {
        "AppCoordinates {com.bbn, test-service3, 1}" : {
          "DATARATE_TX" : 2.541098841762901E-21,
          "DATARATE_RX" : 1.2705494208814505E-21
        }
      },
      "(clientPoolF, nodeE_c06, nodeE_c06)" : {
        "AppCoordinates {com.bbn, test-service2, 1}" : {
          "DATARATE_TX" : 1.2599999999999984E-4,
          "DATARATE_RX" : 6.299999999999992E-5
        },
        "AppCoordinates {com.bbn, test-service1, 1}" : {
          "DATARATE_TX" : -7.623296525288703E-21,
          "DATARATE_RX" : -3.8116482626443515E-21
        }
      },
      "(clientPoolF, nodeA_c01, nodeA_c01)" : {
        "AppCoordinates {com.bbn, test-service2, 1}" : {
          "DATARATE_TX" : -7.623296525288703E-21,
          "DATARATE_RX" : -3.8116482626443515E-21
        }
      },
      "(clientPoolF, nodeE_c05, nodeE_c05)" : {
        "AppCoordinates {com.bbn, test-service3, 1}" : {
          "DATARATE_TX" : 4.600000000000001E-5,
          "DATARATE_RX" : 2.3000000000000003E-5
        }
      },
      "(clientPoolF, nodeA_c00, nodeA_c00)" : {
        "AppCoordinates {com.bbn, test-service3, 1}" : {
          "DATARATE_TX" : 7.799999999999997E-5,
          "DATARATE_RX" : 3.8999999999999986E-5
        }
      },
      "(clientPoolF, nodeE_c04, nodeE_c04)" : {
        "AppCoordinates {com.bbn, test-service3, 1}" : {
          "DATARATE_TX" : 6.6E-5,
          "DATARATE_RX" : 3.3E-5
        },
        "AppCoordinates {com.bbn, test-service2, 1}" : {
          "DATARATE_TX" : 2.541098841762901E-21,
          "DATARATE_RX" : 1.2705494208814505E-21
        },
        "AppCoordinates {com.bbn, test-service1, 1}" : {
          "DATARATE_TX" : -7.623296525288703E-21,
          "DATARATE_RX" : -3.8116482626443515E-21
        }
      },
      "(clientPoolF, nodeE_c03, nodeE_c03)" : {
        "AppCoordinates {com.bbn, test-service1, 1}" : {
          "DATARATE_TX" : 1.2399999999999984E-4,
          "DATARATE_RX" : 6.199999999999992E-5
        }
      },
      "(clientPoolF, nodeE_c02, nodeE_c02)" : {
        "AppCoordinates {com.bbn, test-service3, 1}" : {
          "DATARATE_TX" : 7.399999999999998E-5,
          "DATARATE_RX" : 3.699999999999999E-5
        }
      },
      "(clientPoolF, nodeE_c01, nodeE_c01)" : {
        "AppCoordinates {com.bbn, test-service3, 1}" : {
          "DATARATE_TX" : 4.800000000000001E-5,
          "DATARATE_RX" : 2.4000000000000004E-5
        },
        "AppCoordinates {com.bbn, test-service2, 1}" : {
          "DATARATE_TX" : -7.623296525288703E-21,
          "DATARATE_RX" : -3.8116482626443515E-21
        }
      },
      "(clientPoolF, nodeE_c00, nodeE_c00)" : {
        "AppCoordinates {com.bbn, test-service1, 1}" : {
          "DATARATE_TX" : 1.399999999999998E-4,
          "DATARATE_RX" : 6.99999999999999E-5
        }
      },
      "(clientPoolF, nodeJ_c01, nodeJ_c01)" : {
        "AppCoordinates {com.bbn, test-service3, 1}" : {
          "DATARATE_TX" : 4.000000000000001E-6,
          "DATARATE_RX" : 2.0000000000000003E-6
        }
      },
      "(clientPoolF, nodeE_c07, nodeE_c07)" : {
        "AppCoordinates {com.bbn, test-service2, 1}" : {
          "DATARATE_TX" : 1.379999999999998E-4,
          "DATARATE_RX" : 6.89999999999999E-5
        }
      }
    },
    "interface-nodeO ( nodeO )" : {
      "(clientPoolF, nodeO_c01, nodeO_c01)" : {
        "AppCoordinates {com.bbn, test-service3, 1}" : {
          "DATARATE_TX" : 1.3999999999999996E-5,
          "DATARATE_RX" : 6.999999999999998E-6
        }
      },
      "(clientPoolF, nodeO_c00, nodeO_c00)" : {
        "AppCoordinates {com.bbn, test-service3, 1}" : {
          "DATARATE_TX" : -7.623296525288703E-21,
          "DATARATE_RX" : -3.8116482626443515E-21
        }
      }
    }
  },
  "networkDemand" : {
    "interface-nodeD ( nodeD )" : {
      "(clientPoolF, nodeH_c00, nodeH_c00)" : {
        "AppCoordinates {com.bbn, test-service3, 1}" : {
          "DATARATE_TX" : 8.745098039215692E-6,
          "DATARATE_RX" : 4.372549019607846E-6
        }
      },
      "(clientPoolF, nodeD_c01, nodeD_c01)" : {
        "AppCoordinates {com.bbn, test-service3, 1}" : {
          "DATARATE_TX" : 1.2750830564784028E-5,
          "DATARATE_RX" : 6.375415282392014E-6
        }
      },
      "(clientPoolF, nodeD_c00, nodeD_c00)" : {
        "AppCoordinates {com.bbn, test-service3, 1}" : {
          "DATARATE_TX" : 1.1280886426592812E-4,
          "DATARATE_RX" : 5.640443213296406E-5
        }
      }
    },
    "interface-nodeC ( nodeC )" : {
      "(clientPoolF, nodeC_c00, nodeC_c00)" : {
        "AppCoordinates {com.bbn, test-service3, 1}" : {
          "DATARATE_TX" : 5.542382271468124E-5,
          "DATARATE_RX" : 2.771191135734062E-5
        }
      },
      "(clientPoolF, nodeC_c01, nodeC_c01)" : {
        "AppCoordinates {com.bbn, test-service3, 1}" : {
          "DATARATE_TX" : 7.115555555555577E-5,
          "DATARATE_RX" : 3.557777777777789E-5
        }
      }
    },
    "interface-nodeB ( nodeB )" : {
      "(clientPoolF, nodeB_c01, nodeB_c01)" : {
        "AppCoordinates {com.bbn, test-service3, 1}" : {
          "DATARATE_TX" : 4.5712643678160854E-5,
          "DATARATE_RX" : 2.2856321839080427E-5
        }
      },
      "(clientPoolF, nodeB_c00, nodeB_c00)" : {
        "AppCoordinates {com.bbn, test-service2, 1}" : {
          "DATARATE_TX" : 2.4304709141274215E-5,
          "DATARATE_RX" : 1.2152354570637108E-5
        }
      }
    },
    "interface-nodeA ( nodeA )" : {
      "(clientPoolF, nodeE_c06, nodeE_c06)" : {
        "AppCoordinates {com.bbn, test-service2, 1}" : {
          "DATARATE_TX" : 1.1997333333333328E-4,
          "DATARATE_RX" : 5.998666666666664E-5
        },
        "AppCoordinates {com.bbn, test-service1, 1}" : {
          "DATARATE_TX" : 5.4775623268697906E-5,
          "DATARATE_RX" : 2.7387811634348953E-5
        }
      },
      "(clientPoolF, nodeA_c02, nodeA_c02)" : {
        "AppCoordinates {com.bbn, test-service3, 1}" : {
          "DATARATE_TX" : 7.169435215946836E-6,
          "DATARATE_RX" : 3.584717607973418E-6
        }
      },
      "(clientPoolF, nodeE_c05, nodeE_c05)" : {
        "AppCoordinates {com.bbn, test-service3, 1}" : {
          "DATARATE_TX" : 4.149584487534624E-5,
          "DATARATE_RX" : 2.074792243767312E-5
        }
      },
      "(clientPoolF, nodeA_c01, nodeA_c01)" : {
        "AppCoordinates {com.bbn, test-service2, 1}" : {
          "DATARATE_TX" : 2.239335180055398E-5,
          "DATARATE_RX" : 1.119667590027699E-5
        }
      },
      "(clientPoolF, nodeE_c04, nodeE_c04)" : {
        "AppCoordinates {com.bbn, test-service3, 1}" : {
          "DATARATE_TX" : 1.1855955678670363E-5,
          "DATARATE_RX" : 5.9279778393351815E-6
        },
        "AppCoordinates {com.bbn, test-service2, 1}" : {
          "DATARATE_TX" : 1.9199999999999955E-5,
          "DATARATE_RX" : 9.599999999999978E-6
        },
        "AppCoordinates {com.bbn, test-service1, 1}" : {
          "DATARATE_TX" : -7.623296525288703E-21,
          "DATARATE_RX" : -3.8116482626443515E-21
        }
      },
      "(clientPoolF, nodeA_c00, nodeA_c00)" : {
        "AppCoordinates {com.bbn, test-service3, 1}" : {
          "DATARATE_TX" : 3.924099722991705E-5,
          "DATARATE_RX" : 1.9620498614958524E-5
        }
      },
      "(clientPoolF, nodeE_c03, nodeE_c03)" : {
        "AppCoordinates {com.bbn, test-service1, 1}" : {
          "DATARATE_TX" : 9.189473684210519E-5,
          "DATARATE_RX" : 4.5947368421052596E-5
        }
      },
      "(clientPoolF, nodeE_c02, nodeE_c02)" : {
        "AppCoordinates {com.bbn, test-service3, 1}" : {
          "DATARATE_TX" : 5.12188365650968E-5,
          "DATARATE_RX" : 2.56094182825484E-5
        }
      },
      "(clientPoolF, nodeE_c01, nodeE_c01)" : {
        "AppCoordinates {com.bbn, test-service3, 1}" : {
          "DATARATE_TX" : 9.614942528735639E-5,
          "DATARATE_RX" : 4.8074712643678194E-5
        },
        "AppCoordinates {com.bbn, test-service2, 1}" : {
          "DATARATE_TX" : 1.745706371191135E-5,
          "DATARATE_RX" : 8.728531855955675E-6
        }
      },
      "(clientPoolF, nodeE_c00, nodeE_c00)" : {
        "AppCoordinates {com.bbn, test-service1, 1}" : {
          "DATARATE_TX" : 9.0819944598338E-5,
          "DATARATE_RX" : 4.5409972299169E-5
        }
      },
      "(clientPoolF, nodeJ_c01, nodeJ_c01)" : {
        "AppCoordinates {com.bbn, test-service3, 1}" : {
          "DATARATE_TX" : 6.6860465116278995E-6,
          "DATARATE_RX" : 3.3430232558139497E-6
        }
      },
      "(clientPoolF, nodeE_c07, nodeE_c07)" : {
        "AppCoordinates {com.bbn, test-service2, 1}" : {
          "DATARATE_TX" : 9.216066481994443E-5,
          "DATARATE_RX" : 4.6080332409972214E-5
        }
      }
    },
    "interface-nodeO ( nodeO )" : {
      "(clientPoolF, nodeO_c01, nodeO_c01)" : {
        "AppCoordinates {com.bbn, test-service3, 1}" : {
          "DATARATE_TX" : 2.439335180055399E-5,
          "DATARATE_RX" : 1.2196675900276996E-5
        }
      },
      "(clientPoolF, nodeO_c00, nodeO_c00)" : {
        "AppCoordinates {com.bbn, test-service3, 1}" : {
          "DATARATE_TX" : 1.3085872576177298E-5,
          "DATARATE_RX" : 6.542936288088649E-6
        }
      }
    },
    "interface-nodeL ( nodeL )" : {
      "(clientPoolF, nodeL_c00, nodeL_c00)" : {
        "AppCoordinates {com.bbn, test-service2, 1}" : {
          "DATARATE_TX" : 2.46703601108033E-5,
          "DATARATE_RX" : 1.233518005540165E-5
        }
      },
      "(clientPoolF, nodeL_c01, nodeL_c01)" : {
        "AppCoordinates {com.bbn, test-service3, 1}" : {
          "DATARATE_TX" : 4.383908045977004E-5,
          "DATARATE_RX" : 2.191954022988502E-5
        }
      }
    },
    "interface-nodeK ( nodeK )" : {
      "(clientPoolF, nodeK_c01, nodeK_c01)" : {
        "AppCoordinates {com.bbn, test-service3, 1}" : {
          "DATARATE_TX" : 4.401149425287351E-5,
          "DATARATE_RX" : 2.2005747126436754E-5
        }
      },
      "(clientPoolF, nodeK_c00, nodeK_c00)" : {
        "AppCoordinates {com.bbn, test-service2, 1}" : {
          "DATARATE_TX" : 2.4681440443213276E-5,
          "DATARATE_RX" : 1.2340720221606638E-5
        }
      }
    }
  },
  "containerReports" : {
    "nodeF_c01" : {
      "containerName" : {
        "name" : "nodeF_c01"
      },
      "timestamp" : 316987,
      "service" : {
        "group" : "com.bbn",
        "artifact" : "test-service3",
        "version" : "1"
      },
      "serviceStatus" : "RUNNING",
      "demandEstimationWindow" : "LONG",
      "computeCapacity" : {
        "CPU" : 1.0,
        "TASK_CONTAINERS" : 100.0,
        "QueueLength" : 1000000.0
      },
      "computeLoad" : {
        "UNKNOWN" : {
          "QueueLength" : 36.0,
          "TASK_CONTAINERS" : 18.0
        }
      },
      "computeDemand" : {
        "UNKNOWN" : {
          "QueueLength" : 39.51779935275081,
          "TASK_CONTAINERS" : 19.887622149837135
        }
      },
      "averageProcessingTime" : 120000.0,
      "networkCapacity" : {
        "interface-nodeF ( nodeF )" : {
          "DATARATE_TX" : 100.0,
          "DATARATE_RX" : 100.0
        }
      },
      "networkLoad" : {
        "interface-nodeF ( nodeF )" : {
          "(clientPoolF, nodeF_c01, nodeF_c01)" : {
            "AppCoordinates {com.bbn, test-service3, 1}" : {
              "DATARATE_TX" : 7.199999999999999E-5,
              "DATARATE_RX" : 3.5999999999999994E-5
            }
          }
        }
      },
      "networkDemand" : {
        "interface-nodeF ( nodeF )" : {
          "(clientPoolF, nodeF_c01, nodeF_c01)" : {
            "AppCoordinates {com.bbn, test-service3, 1}" : {
              "DATARATE_TX" : 7.981045751633944E-5,
              "DATARATE_RX" : 3.990522875816972E-5
            }
          }
        }
      }
    }
  },
  "maximumServiceContainers" : 20,
  "allocatedServiceContainers" : 1,
  "computeDemand" : {
    "AppCoordinates {com.bbn, test-service3, 1}" : {
      "UNKNOWN" : {
        "QueueLength" : 39.51779935275081,
        "TASK_CONTAINERS" : 19.887622149837135
      }
    }
  },
  "containerNetworkLoad" : {
    "interface-nodeF ( nodeF )" : {
      "(clientPoolF, nodeF_c01, nodeF_c01)" : {
        "AppCoordinates {com.bbn, test-service3, 1}" : {
          "DATARATE_TX" : 7.199999999999999E-5,
          "DATARATE_RX" : 3.5999999999999994E-5
        }
      }
    }
  },
  "containerNetworkDemand" : {
    "interface-nodeF ( nodeF )" : {
      "(clientPoolF, nodeF_c01, nodeF_c01)" : {
        "AppCoordinates {com.bbn, test-service3, 1}" : {
          "DATARATE_TX" : 7.981045751633944E-5,
          "DATARATE_RX" : 3.990522875816972E-5
        }
      }
    }
  },
  "computeLoad" : {
    "AppCoordinates {com.bbn, test-service3, 1}" : {
      "UNKNOWN" : {
        "QueueLength" : 36.0,
        "TASK_CONTAINERS" : 18.0
      }
    }
  },
  "availableServiceContainers" : 19,
  "averageProcessingTime" : {
    "AppCoordinates {com.bbn, test-service3, 1}" : 120000.0
  },
  "allocatedComputeCapacity" : {
    "CPU" : 1.0,
    "QueueLength" : 1000000.0,
    "TASK_CONTAINERS" : 100.0
  }
}