475,1,DNS_UPDATE_SUCCEEDED
496,1,DCOP_PLAN_PLUBLIED
587,2,DNS_UPDATE_SUCCEEDED
525,1,RLG_PLAN_PUBLISHED
36494,73,RLG_PLAN_PUBLISHED
36563,74,DNS_UPDATE_SUCCEEDED
37049,75,DNS_UPDATE_SUCCEEDED
39490,79,RLG_PLAN_PUBLISHED
39530,80,DNS_UPDATE_SUCCEEDED
42488,85,RLG_PLAN_PUBLISHED
42551,86,DNS_UPDATE_SUCCEEDED
43043,87,DNS_UPDATE_SUCCEEDED
45488,91,RLG_PLAN_PUBLISHED
45537,92,DNS_UPDATE_SUCCEEDED
46032,93,DNS_UPDATE_SUCCEEDED
48488,97,RLG_PLAN_PUBLISHED
48532,98,DNS_UPDATE_SUCCEEDED
51489,103,RLG_PLAN_PUBLISHED
51549,104,DNS_UPDATE_SUCCEEDED
52042,105,DNS_UPDATE_SUCCEEDED
54488,109,RLG_PLAN_PUBLISHED
54542,110,DNS_UPDATE_SUCCEEDED
57491,115,RLG_PLAN_PUBLISHED
57541,116,DNS_UPDATE_SUCCEEDED
58042,117,DNS_UPDATE_SUCCEEDED
60488,121,RLG_PLAN_PUBLISHED
60543,122,DNS_UPDATE_SUCCEEDED
61055,123,DNS_UPDATE_SUCCEEDED
63493,127,RLG_PLAN_PUBLISHED
63680,128,DNS_UPDATE_SUCCEEDED
64064,129,DNS_UPDATE_SUCCEEDED
66491,133,RLG_PLAN_PUBLISHED
66554,134,DNS_UPDATE_SUCCEEDED
67040,135,DNS_UPDATE_SUCCEEDED
69492,139,RLG_PLAN_PUBLISHED
69543,140,DNS_UPDATE_SUCCEEDED
70042,141,DNS_UPDATE_SUCCEEDED
72494,145,RLG_PLAN_PUBLISHED
72560,146,DNS_UPDATE_SUCCEEDED
75492,151,RLG_PLAN_PUBLISHED
75556,152,DNS_UPDATE_SUCCEEDED
76048,153,DNS_UPDATE_SUCCEEDED
78493,157,RLG_PLAN_PUBLISHED
78535,158,DNS_UPDATE_SUCCEEDED
79041,159,DNS_UPDATE_SUCCEEDED
81495,163,RLG_PLAN_PUBLISHED
81542,164,DNS_UPDATE_SUCCEEDED
105601,212,DCOP_PLAN_PLUBLIED
108495,217,RLG_PLAN_PUBLISHED
108563,218,DNS_UPDATE_SUCCEEDED
126496,253,RLG_PLAN_PUBLISHED
126567,254,DNS_UPDATE_SUCCEEDED
127063,255,DNS_UPDATE_SUCCEEDED
129498,259,RLG_PLAN_PUBLISHED
129568,260,DNS_UPDATE_SUCCEEDED
130073,261,DNS_UPDATE_SUCCEEDED
132501,265,RLG_PLAN_PUBLISHED
132580,266,DNS_UPDATE_SUCCEEDED
133075,267,DNS_UPDATE_SUCCEEDED
135499,271,RLG_PLAN_PUBLISHED
135576,272,DNS_UPDATE_SUCCEEDED
136068,273,DNS_UPDATE_SUCCEEDED
138498,277,RLG_PLAN_PUBLISHED
138566,278,DNS_UPDATE_SUCCEEDED
156504,313,RLG_PLAN_PUBLISHED
156581,314,DNS_UPDATE_SUCCEEDED
159504,319,RLG_PLAN_PUBLISHED
159585,320,DNS_UPDATE_SUCCEEDED
160091,321,DNS_UPDATE_SUCCEEDED
162500,325,RLG_PLAN_PUBLISHED
162601,326,DNS_UPDATE_SUCCEEDED
163107,327,DNS_UPDATE_SUCCEEDED
165500,331,RLG_PLAN_PUBLISHED
165568,331,DCOP_PLAN_PLUBLIED
165605,332,DNS_UPDATE_SUCCEEDED
168500,337,RLG_PLAN_PUBLISHED
168591,338,DNS_UPDATE_SUCCEEDED
169091,339,DNS_UPDATE_SUCCEEDED
171505,343,RLG_PLAN_PUBLISHED
171598,344,DNS_UPDATE_SUCCEEDED
172091,345,DNS_UPDATE_SUCCEEDED
174500,349,RLG_PLAN_PUBLISHED
174609,350,DNS_UPDATE_SUCCEEDED
231514,463,RLG_PLAN_PUBLISHED
231640,464,DNS_UPDATE_SUCCEEDED
234509,469,RLG_PLAN_PUBLISHED
234654,470,DNS_UPDATE_SUCCEEDED
235157,471,DNS_UPDATE_SUCCEEDED
237509,475,RLG_PLAN_PUBLISHED
237668,476,DNS_UPDATE_SUCCEEDED
238158,477,DNS_UPDATE_SUCCEEDED
240509,481,RLG_PLAN_PUBLISHED
240678,482,DNS_UPDATE_SUCCEEDED
241163,483,DNS_UPDATE_SUCCEEDED
243507,487,RLG_PLAN_PUBLISHED
243637,488,DNS_UPDATE_SUCCEEDED
244144,489,DNS_UPDATE_SUCCEEDED
246509,493,RLG_PLAN_PUBLISHED
246636,494,DNS_UPDATE_SUCCEEDED
252508,505,RLG_PLAN_PUBLISHED
252669,506,DNS_UPDATE_SUCCEEDED
253162,507,DNS_UPDATE_SUCCEEDED
255509,511,RLG_PLAN_PUBLISHED
255675,512,DNS_UPDATE_SUCCEEDED
256158,513,DNS_UPDATE_SUCCEEDED
258508,517,RLG_PLAN_PUBLISHED
258658,518,DNS_UPDATE_SUCCEEDED
259159,519,DNS_UPDATE_SUCCEEDED
261508,523,RLG_PLAN_PUBLISHED
261659,524,DNS_UPDATE_SUCCEEDED
438519,877,RLG_PLAN_PUBLISHED
438762,878,DNS_UPDATE_SUCCEEDED
441517,883,RLG_PLAN_PUBLISHED
441763,884,DNS_UPDATE_SUCCEEDED
442264,885,DNS_UPDATE_SUCCEEDED
444523,889,RLG_PLAN_PUBLISHED
444768,890,DNS_UPDATE_SUCCEEDED
445268,891,DNS_UPDATE_SUCCEEDED
447518,895,RLG_PLAN_PUBLISHED
447768,896,DNS_UPDATE_SUCCEEDED
450517,901,RLG_PLAN_PUBLISHED
450774,902,DNS_UPDATE_SUCCEEDED
451272,903,DNS_UPDATE_SUCCEEDED
453517,907,RLG_PLAN_PUBLISHED
453797,908,DNS_UPDATE_SUCCEEDED
456520,913,RLG_PLAN_PUBLISHED
456795,914,DNS_UPDATE_SUCCEEDED
457275,915,DNS_UPDATE_SUCCEEDED
459520,919,RLG_PLAN_PUBLISHED
459784,920,DNS_UPDATE_SUCCEEDED
460297,921,DNS_UPDATE_SUCCEEDED
462520,925,RLG_PLAN_PUBLISHED
462781,926,DNS_UPDATE_SUCCEEDED
463282,927,DNS_UPDATE_SUCCEEDED
465523,931,RLG_PLAN_PUBLISHED
465780,932,DNS_UPDATE_SUCCEEDED
468518,937,RLG_PLAN_PUBLISHED
468792,938,DNS_UPDATE_SUCCEEDED
469295,939,DNS_UPDATE_SUCCEEDED
471523,943,RLG_PLAN_PUBLISHED
471786,944,DNS_UPDATE_SUCCEEDED
472291,945,DNS_UPDATE_SUCCEEDED
474519,949,RLG_PLAN_PUBLISHED
474819,950,DNS_UPDATE_SUCCEEDED
477521,955,RLG_PLAN_PUBLISHED
477793,956,DNS_UPDATE_SUCCEEDED
478301,957,DNS_UPDATE_SUCCEEDED
480520,961,RLG_PLAN_PUBLISHED
480819,962,DNS_UPDATE_SUCCEEDED
481309,963,DNS_UPDATE_SUCCEEDED
483520,967,RLG_PLAN_PUBLISHED
483801,968,DNS_UPDATE_SUCCEEDED
486519,973,RLG_PLAN_PUBLISHED
486813,974,DNS_UPDATE_SUCCEEDED
487325,975,DNS_UPDATE_SUCCEEDED
489523,979,RLG_PLAN_PUBLISHED
489806,980,DNS_UPDATE_SUCCEEDED
490317,981,DNS_UPDATE_SUCCEEDED
492518,985,RLG_PLAN_PUBLISHED
492807,986,DNS_UPDATE_SUCCEEDED
495519,991,RLG_PLAN_PUBLISHED
495809,992,DNS_UPDATE_SUCCEEDED
496335,993,DNS_UPDATE_SUCCEEDED
498521,997,RLG_PLAN_PUBLISHED
498810,998,DNS_UPDATE_SUCCEEDED
499307,999,DNS_UPDATE_SUCCEEDED
501521,1003,RLG_PLAN_PUBLISHED
501816,1004,DNS_UPDATE_SUCCEEDED
513523,1027,RLG_PLAN_PUBLISHED
513825,1028,DNS_UPDATE_SUCCEEDED
514320,1029,DNS_UPDATE_SUCCEEDED
516522,1033,RLG_PLAN_PUBLISHED
516839,1034,DNS_UPDATE_SUCCEEDED
517330,1035,DNS_UPDATE_SUCCEEDED
519521,1039,RLG_PLAN_PUBLISHED
519848,1040,DNS_UPDATE_SUCCEEDED
520326,1041,DNS_UPDATE_SUCCEEDED
522524,1045,RLG_PLAN_PUBLISHED
522837,1046,DNS_UPDATE_SUCCEEDED
523342,1047,DNS_UPDATE_SUCCEEDED
525522,1051,RLG_PLAN_PUBLISHED
525852,1052,DNS_UPDATE_SUCCEEDED
526337,1053,DNS_UPDATE_SUCCEEDED
528526,1057,RLG_PLAN_PUBLISHED
528851,1058,DNS_UPDATE_SUCCEEDED
529350,1059,DNS_UPDATE_SUCCEEDED
531524,1063,RLG_PLAN_PUBLISHED
531855,1064,DNS_UPDATE_SUCCEEDED
