{
  "region" : {
    "name" : "E"
  },
  "serviceReports" : [ {
    "nodeName" : {
      "name" : "nodeE"
    },
    "timestamp" : 256640,
    "serviceState" : {
      "nodeE_c03" : {
        "service" : {
          "group" : "com.bbn",
          "artifact" : "test-service3",
          "version" : "1"
        },
        "status" : "RUNNING"
      },
      "nodeE_c01" : {
        "service" : {
          "group" : "com.bbn",
          "artifact" : "test-service3",
          "version" : "1"
        },
        "status" : "RUNNING"
      },
      "nodeE_c02" : {
        "service" : {
          "group" : "com.bbn",
          "artifact" : "test-service3",
          "version" : "1"
        },
        "status" : "RUNNING"
      },
      "nodeE_c00" : {
        "service" : {
          "group" : "com.bbn",
          "artifact" : "test-service2",
          "version" : "1"
        },
        "status" : "RUNNING"
      }
    }
  } ]
}