{
  "nodeName" : {
    "name" : "nodeG"
  },
  "timestamp" : 305495,
  "demandEstimationWindow" : "SHORT",
  "nodeComputeCapacity" : {
    "CPU" : 4.0,
    "MEMORY" : 8.0E9,
    "DISK" : 10.0,
    "TASK_CONTAINERS" : 20.0
  },
  "networkCapacity" : {
    "interface-nodeD ( nodeD )" : {
      "DATARATE_RX" : 100.0,
      "DATARATE_TX" : 100.0
    },
    "interface-nodeE ( nodeE )" : {
      "DATARATE_RX" : 100.0,
      "DATARATE_TX" : 100.0
    },
    "interface-nodeB ( nodeB )" : {
      "DATARATE_RX" : 100.0,
      "DATARATE_TX" : 100.0
    },
    "interface-nodeC ( nodeC )" : {
      "DATARATE_RX" : 100.0,
      "DATARATE_TX" : 100.0
    },
    "interface-nodeH ( nodeH )" : {
      "DATARATE_RX" : 100.0,
      "DATARATE_TX" : 100.0
    },
    "interface-nodeI ( nodeI )" : {
      "DATARATE_RX" : 100.0,
      "DATARATE_TX" : 100.0
    }
  },
  "networkLoad" : {
    "interface-nodeD ( nodeD )" : { },
    "interface-nodeE ( nodeE )" : {
      "(nodeG_c04, clientPoolJ, nodeG_c04)" : {
        "AppCoordinates {com.bbn, test-service3, 1}" : {
          "DATARATE_TX" : 4.2351647362715017E-22,
          "DATARATE_RX" : 8.470329472543003E-22
        }
      },
      "(nodeG_c03, clientPoolJ, nodeG_c03)" : {
        "AppCoordinates {com.bbn, test-service3, 1}" : {
          "DATARATE_TX" : 4.0E-6,
          "DATARATE_RX" : 8.0E-6
        }
      },
      "(nodeG_c02, clientPoolJ, nodeG_c02)" : {
        "AppCoordinates {com.bbn, test-service3, 1}" : {
          "DATARATE_TX" : 1.0E-5,
          "DATARATE_RX" : 2.0E-5
        }
      },
      "(nodeG_c01, clientPoolJ, nodeG_c01)" : {
        "AppCoordinates {com.bbn, test-service2, 1}" : {
          "DATARATE_TX" : 1.0000000000000004E-6,
          "DATARATE_RX" : 2.0000000000000008E-6
        }
      },
      "(nodeG_c00, clientPoolJ, nodeG_c00)" : {
        "AppCoordinates {com.bbn, test-service3, 1}" : {
          "DATARATE_TX" : 5.999999999999999E-6,
          "DATARATE_RX" : 1.1999999999999999E-5
        }
      }
    },
    "interface-nodeB ( nodeB )" : {
      "(clientPoolG, nodeB_c00, nodeB_c00)" : {
        "AppCoordinates {com.bbn, test-service3, 1}" : {
          "DATARATE_TX" : 1.359999999999998E-4,
          "DATARATE_RX" : 6.79999999999999E-5
        },
        "AppCoordinates {com.bbn, test-service1, 1}" : {
          "DATARATE_TX" : -7.623296525288703E-21,
          "DATARATE_RX" : -3.8116482626443515E-21
        }
      },
      "(clientPoolG, nodeB_c02, nodeB_c02)" : {
        "AppCoordinates {com.bbn, test-service3, 1}" : {
          "DATARATE_TX" : -7.623296525288703E-21,
          "DATARATE_RX" : -3.8116482626443515E-21
        },
        "AppCoordinates {com.bbn, test-service1, 1}" : {
          "DATARATE_TX" : 1.2799999999999983E-4,
          "DATARATE_RX" : 6.399999999999992E-5
        }
      },
      "(clientPoolG, nodeB_c01, nodeB_c01)" : {
        "AppCoordinates {com.bbn, test-service2, 1}" : {
          "DATARATE_TX" : 1.2199999999999985E-4,
          "DATARATE_RX" : 6.0999999999999924E-5
        }
      },
      "(clientPoolG, nodeB_c07, nodeB_c07)" : {
        "AppCoordinates {com.bbn, test-service1, 1}" : {
          "DATARATE_TX" : 1.399999999999998E-4,
          "DATARATE_RX" : 6.99999999999999E-5
        }
      },
      "(clientPoolG, nodeB_c04, nodeB_c04)" : {
        "AppCoordinates {com.bbn, test-service3, 1}" : {
          "DATARATE_TX" : -7.623296525288703E-21,
          "DATARATE_RX" : -3.8116482626443515E-21
        },
        "AppCoordinates {com.bbn, test-service2, 1}" : {
          "DATARATE_TX" : 1.4799999999999978E-4,
          "DATARATE_RX" : 7.399999999999989E-5
        },
        "AppCoordinates {com.bbn, test-service1, 1}" : {
          "DATARATE_TX" : -8.470329472543003E-22,
          "DATARATE_RX" : -4.2351647362715017E-22
        }
      },
      "(clientPoolG, nodeB_c03, nodeB_c03)" : {
        "AppCoordinates {com.bbn, test-service1, 1}" : {
          "DATARATE_TX" : 1.3399999999999981E-4,
          "DATARATE_RX" : 6.699999999999991E-5
        }
      },
      "(clientPoolG, nodeB_c06, nodeB_c06)" : {
        "AppCoordinates {com.bbn, test-service2, 1}" : {
          "DATARATE_TX" : 1.2999999999999983E-4,
          "DATARATE_RX" : 6.499999999999991E-5
        }
      },
      "(clientPoolG, nodeB_c05, nodeB_c05)" : {
        "AppCoordinates {com.bbn, test-service3, 1}" : {
          "DATARATE_TX" : 1.2999999999999985E-4,
          "DATARATE_RX" : 6.499999999999993E-5
        }
      }
    },
    "interface-nodeC ( nodeC )" : { },
    "interface-nodeH ( nodeH )" : { },
    "interface-nodeI ( nodeI )" : {
      "(nodeG_c04, clientPoolI, nodeG_c04)" : {
        "AppCoordinates {com.bbn, test-service3, 1}" : {
          "DATARATE_TX" : -4.2351647362715017E-22,
          "DATARATE_RX" : -8.470329472543003E-22
        }
      },
      "(nodeG_c03, clientPoolI, nodeG_c03)" : {
        "AppCoordinates {com.bbn, test-service3, 1}" : {
          "DATARATE_TX" : 1.4999999999999999E-5,
          "DATARATE_RX" : 2.9999999999999997E-5
        }
      },
      "(nodeG_c02, clientPoolI, nodeG_c02)" : {
        "AppCoordinates {com.bbn, test-service3, 1}" : {
          "DATARATE_TX" : 2.0000000000000005E-5,
          "DATARATE_RX" : 4.000000000000001E-5
        }
      },
      "(nodeG_c01, clientPoolI, nodeG_c01)" : {
        "AppCoordinates {com.bbn, test-service2, 1}" : {
          "DATARATE_TX" : 4.2351647362715017E-22,
          "DATARATE_RX" : 8.470329472543003E-22
        }
      },
      "(nodeG_c00, clientPoolI, nodeG_c00)" : {
        "AppCoordinates {com.bbn, test-service3, 1}" : {
          "DATARATE_TX" : 3.2000000000000005E-5,
          "DATARATE_RX" : 6.400000000000001E-5
        }
      }
    }
  },
  "networkDemand" : {
    "interface-nodeE ( nodeE )" : {
      "(nodeG_c04, clientPoolJ, nodeG_c04)" : {
        "AppCoordinates {com.bbn, test-service3, 1}" : {
          "DATARATE_TX" : 4.2351647362715017E-22,
          "DATARATE_RX" : 8.470329472543003E-22
        }
      },
      "(nodeG_c03, clientPoolJ, nodeG_c03)" : {
        "AppCoordinates {com.bbn, test-service3, 1}" : {
          "DATARATE_TX" : 3.285714285714286E-6,
          "DATARATE_RX" : 6.571428571428572E-6
        }
      },
      "(nodeG_c02, clientPoolJ, nodeG_c02)" : {
        "AppCoordinates {com.bbn, test-service3, 1}" : {
          "DATARATE_TX" : 1.1000000000000001E-5,
          "DATARATE_RX" : 2.2000000000000003E-5
        }
      },
      "(nodeG_c01, clientPoolJ, nodeG_c01)" : {
        "AppCoordinates {com.bbn, test-service2, 1}" : {
          "DATARATE_TX" : 1.0000000000000004E-6,
          "DATARATE_RX" : 2.0000000000000008E-6
        }
      },
      "(nodeG_c00, clientPoolJ, nodeG_c00)" : {
        "AppCoordinates {com.bbn, test-service3, 1}" : {
          "DATARATE_TX" : 5.9999999999999985E-6,
          "DATARATE_RX" : 1.1999999999999997E-5
        }
      }
    },
    "interface-nodeD ( nodeD )" : { },
    "interface-nodeC ( nodeC )" : { },
    "interface-nodeB ( nodeB )" : {
      "(clientPoolG, nodeB_c00, nodeB_c00)" : {
        "AppCoordinates {com.bbn, test-service3, 1}" : {
          "DATARATE_TX" : 1.457142857142855E-4,
          "DATARATE_RX" : 7.285714285714275E-5
        },
        "AppCoordinates {com.bbn, test-service1, 1}" : {
          "DATARATE_TX" : -7.623296525288703E-21,
          "DATARATE_RX" : -3.8116482626443515E-21
        }
      },
      "(clientPoolG, nodeB_c02, nodeB_c02)" : {
        "AppCoordinates {com.bbn, test-service3, 1}" : {
          "DATARATE_TX" : -7.623296525288703E-21,
          "DATARATE_RX" : -3.8116482626443515E-21
        },
        "AppCoordinates {com.bbn, test-service1, 1}" : {
          "DATARATE_TX" : 1.2799999999999983E-4,
          "DATARATE_RX" : 6.399999999999992E-5
        }
      },
      "(clientPoolG, nodeB_c01, nodeB_c01)" : {
        "AppCoordinates {com.bbn, test-service2, 1}" : {
          "DATARATE_TX" : 1.2199999999999983E-4,
          "DATARATE_RX" : 6.099999999999992E-5
        }
      },
      "(clientPoolG, nodeB_c07, nodeB_c07)" : {
        "AppCoordinates {com.bbn, test-service1, 1}" : {
          "DATARATE_TX" : 1.399999999999998E-4,
          "DATARATE_RX" : 6.99999999999999E-5
        }
      },
      "(clientPoolG, nodeB_c04, nodeB_c04)" : {
        "AppCoordinates {com.bbn, test-service3, 1}" : {
          "DATARATE_TX" : -7.623296525288703E-21,
          "DATARATE_RX" : -3.8116482626443515E-21
        },
        "AppCoordinates {com.bbn, test-service2, 1}" : {
          "DATARATE_TX" : 1.4799999999999978E-4,
          "DATARATE_RX" : 7.399999999999989E-5
        },
        "AppCoordinates {com.bbn, test-service1, 1}" : {
          "DATARATE_TX" : -8.470329472543003E-22,
          "DATARATE_RX" : -4.2351647362715017E-22
        }
      },
      "(clientPoolG, nodeB_c03, nodeB_c03)" : {
        "AppCoordinates {com.bbn, test-service1, 1}" : {
          "DATARATE_TX" : 1.3399999999999981E-4,
          "DATARATE_RX" : 6.699999999999991E-5
        }
      },
      "(clientPoolG, nodeB_c06, nodeB_c06)" : {
        "AppCoordinates {com.bbn, test-service2, 1}" : {
          "DATARATE_TX" : 1.2999999999999983E-4,
          "DATARATE_RX" : 6.499999999999991E-5
        }
      },
      "(clientPoolG, nodeB_c05, nodeB_c05)" : {
        "AppCoordinates {com.bbn, test-service3, 1}" : {
          "DATARATE_TX" : 1.2485714285714273E-4,
          "DATARATE_RX" : 6.242857142857136E-5
        }
      }
    },
    "interface-nodeI ( nodeI )" : {
      "(nodeG_c04, clientPoolI, nodeG_c04)" : {
        "AppCoordinates {com.bbn, test-service3, 1}" : {
          "DATARATE_TX" : -4.2351647362715017E-22,
          "DATARATE_RX" : -8.470329472543003E-22
        }
      },
      "(nodeG_c03, clientPoolI, nodeG_c03)" : {
        "AppCoordinates {com.bbn, test-service3, 1}" : {
          "DATARATE_TX" : 1.2285714285714284E-5,
          "DATARATE_RX" : 2.457142857142857E-5
        }
      },
      "(nodeG_c02, clientPoolI, nodeG_c02)" : {
        "AppCoordinates {com.bbn, test-service3, 1}" : {
          "DATARATE_TX" : 2.085714285714286E-5,
          "DATARATE_RX" : 4.171428571428572E-5
        }
      },
      "(nodeG_c01, clientPoolI, nodeG_c01)" : {
        "AppCoordinates {com.bbn, test-service2, 1}" : {
          "DATARATE_TX" : 4.2351647362715017E-22,
          "DATARATE_RX" : 8.470329472543003E-22
        }
      },
      "(nodeG_c00, clientPoolI, nodeG_c00)" : {
        "AppCoordinates {com.bbn, test-service3, 1}" : {
          "DATARATE_TX" : 3.171428571428572E-5,
          "DATARATE_RX" : 6.342857142857144E-5
        }
      }
    },
    "interface-nodeH ( nodeH )" : { }
  },
  "containerReports" : {
    "nodeG_c01" : {
      "containerName" : {
        "name" : "nodeG_c01"
      },
      "timestamp" : 305495,
      "service" : {
        "group" : "com.bbn",
        "artifact" : "test-service2",
        "version" : "1"
      },
      "serviceStatus" : "RUNNING",
      "demandEstimationWindow" : "SHORT",
      "computeCapacity" : {
        "CPU" : 1.0,
        "TASK_CONTAINERS" : 100.0,
        "QueueLength" : 1000000.0
      },
      "computeLoad" : {
        "UNKNOWN" : {
          "QueueLength" : 51.0,
          "TASK_CONTAINERS" : 25.5
        }
      },
      "computeDemand" : {
        "UNKNOWN" : {
          "QueueLength" : 44.625,
          "TASK_CONTAINERS" : 22.3125
        }
      },
      "averageProcessingTime" : "NaN",
      "networkCapacity" : {
        "interface-nodeG ( nodeG )" : {
          "DATARATE_TX" : 100.0,
          "DATARATE_RX" : 100.0
        }
      },
      "networkLoad" : {
        "interface-nodeG ( nodeG )" : {
          "(clientPoolG, nodeG_c01, nodeG_c01)" : {
            "AppCoordinates {com.bbn, test-service2, 1}" : {
              "DATARATE_TX" : 9.999999999999991E-5,
              "DATARATE_RX" : 4.9999999999999955E-5
            }
          },
          "(clientPoolJ, nodeG_c01, nodeG_c01)" : {
            "AppCoordinates {com.bbn, test-service2, 1}" : {
              "DATARATE_TX" : 2.0E-6,
              "DATARATE_RX" : 1.0E-6
            }
          }
        }
      },
      "networkDemand" : {
        "interface-nodeG ( nodeG )" : {
          "(clientPoolG, nodeG_c01, nodeG_c01)" : {
            "AppCoordinates {com.bbn, test-service2, 1}" : {
              "DATARATE_TX" : 9.999999999999992E-5,
              "DATARATE_RX" : 4.999999999999996E-5
            }
          },
          "(clientPoolJ, nodeG_c01, nodeG_c01)" : {
            "AppCoordinates {com.bbn, test-service2, 1}" : {
              "DATARATE_TX" : 2.0E-6,
              "DATARATE_RX" : 1.0E-6
            }
          }
        }
      }
    },
    "nodeG_c02" : {
      "containerName" : {
        "name" : "nodeG_c02"
      },
      "timestamp" : 305495,
      "service" : {
        "group" : "com.bbn",
        "artifact" : "test-service3",
        "version" : "1"
      },
      "serviceStatus" : "RUNNING",
      "demandEstimationWindow" : "SHORT",
      "computeCapacity" : {
        "CPU" : 1.0,
        "TASK_CONTAINERS" : 100.0,
        "QueueLength" : 1000000.0
      },
      "computeLoad" : {
        "UNKNOWN" : {
          "QueueLength" : 124.0,
          "TASK_CONTAINERS" : 62.0
        }
      },
      "computeDemand" : {
        "UNKNOWN" : {
          "QueueLength" : 122.0,
          "TASK_CONTAINERS" : 61.0
        }
      },
      "averageProcessingTime" : 120000.0,
      "networkCapacity" : {
        "interface-nodeG ( nodeG )" : {
          "DATARATE_TX" : 100.0,
          "DATARATE_RX" : 100.0
        }
      },
      "networkLoad" : {
        "interface-nodeG ( nodeG )" : {
          "(clientPoolI, nodeG_c02, nodeG_c02)" : {
            "AppCoordinates {com.bbn, test-service3, 1}" : {
              "DATARATE_TX" : 6.0000000000000015E-5,
              "DATARATE_RX" : 3.0000000000000008E-5
            }
          },
          "(clientPoolJ, nodeG_c02, nodeG_c02)" : {
            "AppCoordinates {com.bbn, test-service3, 1}" : {
              "DATARATE_TX" : 2.6000000000000002E-5,
              "DATARATE_RX" : 1.3000000000000001E-5
            }
          },
          "(clientPoolG, nodeG_c02, nodeG_c02)" : {
            "AppCoordinates {com.bbn, test-service3, 1}" : {
              "DATARATE_TX" : 2.4599999999999953E-4,
              "DATARATE_RX" : 1.2299999999999976E-4
            }
          }
        }
      },
      "networkDemand" : {
        "interface-nodeG ( nodeG )" : {
          "(clientPoolI, nodeG_c02, nodeG_c02)" : {
            "AppCoordinates {com.bbn, test-service3, 1}" : {
              "DATARATE_TX" : 6.657142857142857E-5,
              "DATARATE_RX" : 3.3285714285714286E-5
            }
          },
          "(clientPoolJ, nodeG_c02, nodeG_c02)" : {
            "AppCoordinates {com.bbn, test-service3, 1}" : {
              "DATARATE_TX" : 3.257142857142858E-5,
              "DATARATE_RX" : 1.628571428571429E-5
            }
          },
          "(clientPoolG, nodeG_c02, nodeG_c02)" : {
            "AppCoordinates {com.bbn, test-service3, 1}" : {
              "DATARATE_TX" : 3.165714285714279E-4,
              "DATARATE_RX" : 1.5828571428571394E-4
            }
          }
        }
      }
    },
    "nodeG_c00" : {
      "containerName" : {
        "name" : "nodeG_c00"
      },
      "timestamp" : 305496,
      "service" : {
        "group" : "com.bbn",
        "artifact" : "test-service3",
        "version" : "1"
      },
      "serviceStatus" : "RUNNING",
      "demandEstimationWindow" : "SHORT",
      "computeCapacity" : {
        "CPU" : 1.0,
        "TASK_CONTAINERS" : 100.0,
        "QueueLength" : 1000000.0
      },
      "computeLoad" : {
        "UNKNOWN" : {
          "QueueLength" : 146.0,
          "TASK_CONTAINERS" : 73.0
        }
      },
      "computeDemand" : {
        "UNKNOWN" : {
          "QueueLength" : 123.625,
          "TASK_CONTAINERS" : 61.8125
        }
      },
      "averageProcessingTime" : "NaN",
      "networkCapacity" : {
        "interface-nodeG ( nodeG )" : {
          "DATARATE_TX" : 100.0,
          "DATARATE_RX" : 100.0
        }
      },
      "networkLoad" : {
        "interface-nodeG ( nodeG )" : {
          "(clientPoolG, nodeG_c00, nodeG_c00)" : {
            "AppCoordinates {com.bbn, test-service3, 1}" : {
              "DATARATE_TX" : 2.1599999999999959E-4,
              "DATARATE_RX" : 1.0799999999999979E-4
            }
          },
          "(clientPoolI, nodeG_c00, nodeG_c00)" : {
            "AppCoordinates {com.bbn, test-service3, 1}" : {
              "DATARATE_TX" : 6.400000000000001E-5,
              "DATARATE_RX" : 3.2000000000000005E-5
            }
          },
          "(clientPoolJ, nodeG_c00, nodeG_c00)" : {
            "AppCoordinates {com.bbn, test-service3, 1}" : {
              "DATARATE_TX" : 1.1999999999999999E-5,
              "DATARATE_RX" : 5.999999999999999E-6
            }
          }
        }
      },
      "networkDemand" : {
        "interface-nodeG ( nodeG )" : {
          "(clientPoolG, nodeG_c00, nodeG_c00)" : {
            "AppCoordinates {com.bbn, test-service3, 1}" : {
              "DATARATE_TX" : 2.0714285714285672E-4,
              "DATARATE_RX" : 1.0357142857142836E-4
            }
          },
          "(clientPoolI, nodeG_c00, nodeG_c00)" : {
            "AppCoordinates {com.bbn, test-service3, 1}" : {
              "DATARATE_TX" : 6.342857142857144E-5,
              "DATARATE_RX" : 3.171428571428572E-5
            }
          },
          "(clientPoolJ, nodeG_c00, nodeG_c00)" : {
            "AppCoordinates {com.bbn, test-service3, 1}" : {
              "DATARATE_TX" : 1.1999999999999997E-5,
              "DATARATE_RX" : 5.9999999999999985E-6
            }
          }
        }
      }
    },
    "nodeG_c03" : {
      "containerName" : {
        "name" : "nodeG_c03"
      },
      "timestamp" : 305497,
      "service" : {
        "group" : "com.bbn",
        "artifact" : "test-service3",
        "version" : "1"
      },
      "serviceStatus" : "RUNNING",
      "demandEstimationWindow" : "SHORT",
      "computeCapacity" : {
        "CPU" : 1.0,
        "TASK_CONTAINERS" : 100.0,
        "QueueLength" : 1000000.0
      },
      "computeLoad" : {
        "UNKNOWN" : {
          "QueueLength" : 67.0,
          "TASK_CONTAINERS" : 33.5
        }
      },
      "computeDemand" : {
        "UNKNOWN" : {
          "QueueLength" : 50.125,
          "TASK_CONTAINERS" : 25.0625
        }
      },
      "averageProcessingTime" : "NaN",
      "networkCapacity" : {
        "interface-nodeG ( nodeG )" : {
          "DATARATE_TX" : 100.0,
          "DATARATE_RX" : 100.0
        }
      },
      "networkLoad" : {
        "interface-nodeG ( nodeG )" : {
          "(clientPoolI, nodeG_c03, nodeG_c03)" : {
            "AppCoordinates {com.bbn, test-service3, 1}" : {
              "DATARATE_TX" : 3.0000000000000008E-5,
              "DATARATE_RX" : 1.5000000000000004E-5
            }
          },
          "(clientPoolJ, nodeG_c03, nodeG_c03)" : {
            "AppCoordinates {com.bbn, test-service3, 1}" : {
              "DATARATE_TX" : 8.0E-6,
              "DATARATE_RX" : 4.0E-6
            }
          },
          "(clientPoolG, nodeG_c03, nodeG_c03)" : {
            "AppCoordinates {com.bbn, test-service3, 1}" : {
              "DATARATE_TX" : 9.599999999999992E-5,
              "DATARATE_RX" : 4.799999999999996E-5
            }
          }
        }
      },
      "networkDemand" : {
        "interface-nodeG ( nodeG )" : {
          "(clientPoolI, nodeG_c03, nodeG_c03)" : {
            "AppCoordinates {com.bbn, test-service3, 1}" : {
              "DATARATE_TX" : 2.4571428571428575E-5,
              "DATARATE_RX" : 1.2285714285714288E-5
            }
          },
          "(clientPoolJ, nodeG_c03, nodeG_c03)" : {
            "AppCoordinates {com.bbn, test-service3, 1}" : {
              "DATARATE_TX" : 6.5714285714285714E-6,
              "DATARATE_RX" : 3.2857142857142857E-6
            }
          },
          "(clientPoolG, nodeG_c03, nodeG_c03)" : {
            "AppCoordinates {com.bbn, test-service3, 1}" : {
              "DATARATE_TX" : 8.342857142857139E-5,
              "DATARATE_RX" : 4.1714285714285693E-5
            }
          }
        }
      }
    }
  },
  "maximumServiceContainers" : 20,
  "allocatedServiceContainers" : 4,
  "computeDemand" : {
    "AppCoordinates {com.bbn, test-service3, 1}" : {
      "UNKNOWN" : {
        "QueueLength" : 295.75,
        "TASK_CONTAINERS" : 147.875
      }
    },
    "AppCoordinates {com.bbn, test-service2, 1}" : {
      "UNKNOWN" : {
        "QueueLength" : 44.625,
        "TASK_CONTAINERS" : 22.3125
      }
    }
  },
  "containerNetworkLoad" : {
    "interface-nodeG ( nodeG )" : {
      "(clientPoolI, nodeG_c03, nodeG_c03)" : {
        "AppCoordinates {com.bbn, test-service3, 1}" : {
          "DATARATE_TX" : 3.0000000000000008E-5,
          "DATARATE_RX" : 1.5000000000000004E-5
        }
      },
      "(clientPoolG, nodeG_c01, nodeG_c01)" : {
        "AppCoordinates {com.bbn, test-service2, 1}" : {
          "DATARATE_TX" : 9.999999999999991E-5,
          "DATARATE_RX" : 4.9999999999999955E-5
        }
      },
      "(clientPoolJ, nodeG_c03, nodeG_c03)" : {
        "AppCoordinates {com.bbn, test-service3, 1}" : {
          "DATARATE_TX" : 8.0E-6,
          "DATARATE_RX" : 4.0E-6
        }
      },
      "(clientPoolG, nodeG_c00, nodeG_c00)" : {
        "AppCoordinates {com.bbn, test-service3, 1}" : {
          "DATARATE_TX" : 2.1599999999999959E-4,
          "DATARATE_RX" : 1.0799999999999979E-4
        }
      },
      "(clientPoolI, nodeG_c02, nodeG_c02)" : {
        "AppCoordinates {com.bbn, test-service3, 1}" : {
          "DATARATE_TX" : 6.0000000000000015E-5,
          "DATARATE_RX" : 3.0000000000000008E-5
        }
      },
      "(clientPoolJ, nodeG_c02, nodeG_c02)" : {
        "AppCoordinates {com.bbn, test-service3, 1}" : {
          "DATARATE_TX" : 2.6000000000000002E-5,
          "DATARATE_RX" : 1.3000000000000001E-5
        }
      },
      "(clientPoolI, nodeG_c00, nodeG_c00)" : {
        "AppCoordinates {com.bbn, test-service3, 1}" : {
          "DATARATE_TX" : 6.400000000000001E-5,
          "DATARATE_RX" : 3.2000000000000005E-5
        }
      },
      "(clientPoolJ, nodeG_c01, nodeG_c01)" : {
        "AppCoordinates {com.bbn, test-service2, 1}" : {
          "DATARATE_TX" : 2.0E-6,
          "DATARATE_RX" : 1.0E-6
        }
      },
      "(clientPoolG, nodeG_c03, nodeG_c03)" : {
        "AppCoordinates {com.bbn, test-service3, 1}" : {
          "DATARATE_TX" : 9.599999999999992E-5,
          "DATARATE_RX" : 4.799999999999996E-5
        }
      },
      "(clientPoolG, nodeG_c02, nodeG_c02)" : {
        "AppCoordinates {com.bbn, test-service3, 1}" : {
          "DATARATE_TX" : 2.4599999999999953E-4,
          "DATARATE_RX" : 1.2299999999999976E-4
        }
      },
      "(clientPoolJ, nodeG_c00, nodeG_c00)" : {
        "AppCoordinates {com.bbn, test-service3, 1}" : {
          "DATARATE_TX" : 1.1999999999999999E-5,
          "DATARATE_RX" : 5.999999999999999E-6
        }
      }
    }
  },
  "containerNetworkDemand" : {
    "interface-nodeG ( nodeG )" : {
      "(clientPoolI, nodeG_c03, nodeG_c03)" : {
        "AppCoordinates {com.bbn, test-service3, 1}" : {
          "DATARATE_TX" : 2.4571428571428575E-5,
          "DATARATE_RX" : 1.2285714285714288E-5
        }
      },
      "(clientPoolG, nodeG_c01, nodeG_c01)" : {
        "AppCoordinates {com.bbn, test-service2, 1}" : {
          "DATARATE_TX" : 9.999999999999992E-5,
          "DATARATE_RX" : 4.999999999999996E-5
        }
      },
      "(clientPoolJ, nodeG_c03, nodeG_c03)" : {
        "AppCoordinates {com.bbn, test-service3, 1}" : {
          "DATARATE_TX" : 6.5714285714285714E-6,
          "DATARATE_RX" : 3.2857142857142857E-6
        }
      },
      "(clientPoolG, nodeG_c00, nodeG_c00)" : {
        "AppCoordinates {com.bbn, test-service3, 1}" : {
          "DATARATE_TX" : 2.0714285714285672E-4,
          "DATARATE_RX" : 1.0357142857142836E-4
        }
      },
      "(clientPoolI, nodeG_c02, nodeG_c02)" : {
        "AppCoordinates {com.bbn, test-service3, 1}" : {
          "DATARATE_TX" : 6.657142857142857E-5,
          "DATARATE_RX" : 3.3285714285714286E-5
        }
      },
      "(clientPoolJ, nodeG_c02, nodeG_c02)" : {
        "AppCoordinates {com.bbn, test-service3, 1}" : {
          "DATARATE_TX" : 3.257142857142858E-5,
          "DATARATE_RX" : 1.628571428571429E-5
        }
      },
      "(clientPoolI, nodeG_c00, nodeG_c00)" : {
        "AppCoordinates {com.bbn, test-service3, 1}" : {
          "DATARATE_TX" : 6.342857142857144E-5,
          "DATARATE_RX" : 3.171428571428572E-5
        }
      },
      "(clientPoolJ, nodeG_c01, nodeG_c01)" : {
        "AppCoordinates {com.bbn, test-service2, 1}" : {
          "DATARATE_TX" : 2.0E-6,
          "DATARATE_RX" : 1.0E-6
        }
      },
      "(clientPoolG, nodeG_c03, nodeG_c03)" : {
        "AppCoordinates {com.bbn, test-service3, 1}" : {
          "DATARATE_TX" : 8.342857142857139E-5,
          "DATARATE_RX" : 4.1714285714285693E-5
        }
      },
      "(clientPoolG, nodeG_c02, nodeG_c02)" : {
        "AppCoordinates {com.bbn, test-service3, 1}" : {
          "DATARATE_TX" : 3.165714285714279E-4,
          "DATARATE_RX" : 1.5828571428571394E-4
        }
      },
      "(clientPoolJ, nodeG_c00, nodeG_c00)" : {
        "AppCoordinates {com.bbn, test-service3, 1}" : {
          "DATARATE_TX" : 1.1999999999999997E-5,
          "DATARATE_RX" : 5.9999999999999985E-6
        }
      }
    }
  },
  "computeLoad" : {
    "AppCoordinates {com.bbn, test-service3, 1}" : {
      "UNKNOWN" : {
        "QueueLength" : 337.0,
        "TASK_CONTAINERS" : 168.5
      }
    },
    "AppCoordinates {com.bbn, test-service2, 1}" : {
      "UNKNOWN" : {
        "QueueLength" : 51.0,
        "TASK_CONTAINERS" : 25.5
      }
    }
  },
  "allocatedComputeCapacity" : {
    "CPU" : 4.0,
    "QueueLength" : 4000000.0,
    "TASK_CONTAINERS" : 400.0
  },
  "availableServiceContainers" : 16,
  "averageProcessingTime" : {
    "AppCoordinates {com.bbn, test-service3, 1}" : 120000.0
  }
}