{
  "nodeName" : {
    "name" : "nodeK"
  },
  "timestamp" : 247490,
  "demandEstimationWindow" : "SHORT",
  "nodeComputeCapacity" : {
    "CPU" : 4.0,
    "MEMORY" : 8.0E9,
    "DISK" : 10.0,
    "TASK_CONTAINERS" : 20.0
  },
  "networkCapacity" : {
    "interface-nodeH ( nodeH )" : {
      "DATARATE_RX" : 100.0,
      "DATARATE_TX" : 100.0
    }
  },
  "networkLoad" : {
    "interface-nodeH ( nodeH )" : {
      "(clientPoolK, nodeC_c01, nodeC_c01)" : {
        "AppCoordinates {com.bbn, test-service2, 1}" : {
          "DATARATE_TX" : 0.006,
          "DATARATE_RX" : 0.003
        }
      },
      "(clientPoolK, nodeC_c00, nodeC_c00)" : {
        "AppCoordinates {com.bbn, test-service3, 1}" : {
          "DATARATE_TX" : 0.004,
          "DATARATE_RX" : 0.002
        },
        "AppCoordinates {com.bbn, test-service1, 1}" : {
          "DATARATE_TX" : 0.006,
          "DATARATE_RX" : 0.003
        }
      },
      "(clientPoolK, nodeC_c05, nodeC_c05)" : {
        "AppCoordinates {com.bbn, test-service1, 1}" : {
          "DATARATE_TX" : 0.004,
          "DATARATE_RX" : 0.002
        }
      },
      "(clientPoolK, nodeC_c04, nodeC_c04)" : {
        "AppCoordinates {com.bbn, test-service2, 1}" : {
          "DATARATE_TX" : 0.004,
          "DATARATE_RX" : 0.002
        }
      },
      "(clientPoolK, nodeC_c03, nodeC_c03)" : {
        "AppCoordinates {com.bbn, test-service3, 1}" : {
          "DATARATE_TX" : 0.006,
          "DATARATE_RX" : 0.003
        }
      },
      "(clientPoolK, nodeC_c02, nodeC_c02)" : {
        "AppCoordinates {com.bbn, test-service3, 1}" : {
          "DATARATE_TX" : 0.006,
          "DATARATE_RX" : 0.003
        }
      },
      "(clientPoolK, nodeC_c07, nodeC_c07)" : {
        "AppCoordinates {com.bbn, test-service3, 1}" : {
          "DATARATE_TX" : 0.006,
          "DATARATE_RX" : 0.003
        },
        "AppCoordinates {com.bbn, test-service2, 1}" : {
          "DATARATE_TX" : 0.004,
          "DATARATE_RX" : 0.002
        }
      },
      "(clientPoolK, nodeC_c06, nodeC_c06)" : {
        "AppCoordinates {com.bbn, test-service3, 1}" : {
          "DATARATE_TX" : 0.006,
          "DATARATE_RX" : 0.003
        }
      }
    }
  },
  "networkDemand" : {
    "interface-nodeH ( nodeH )" : {
      "(clientPoolK, nodeC_c01, nodeC_c01)" : {
        "AppCoordinates {com.bbn, test-service2, 1}" : {
          "DATARATE_TX" : 0.005999999999999999,
          "DATARATE_RX" : 0.0029999999999999996
        }
      },
      "(clientPoolK, nodeC_c00, nodeC_c00)" : {
        "AppCoordinates {com.bbn, test-service3, 1}" : {
          "DATARATE_TX" : 0.004,
          "DATARATE_RX" : 0.002
        },
        "AppCoordinates {com.bbn, test-service1, 1}" : {
          "DATARATE_TX" : 0.005999999999999999,
          "DATARATE_RX" : 0.0029999999999999996
        }
      },
      "(clientPoolK, nodeC_c05, nodeC_c05)" : {
        "AppCoordinates {com.bbn, test-service1, 1}" : {
          "DATARATE_TX" : 0.004,
          "DATARATE_RX" : 0.002
        }
      },
      "(clientPoolK, nodeC_c04, nodeC_c04)" : {
        "AppCoordinates {com.bbn, test-service2, 1}" : {
          "DATARATE_TX" : 0.004,
          "DATARATE_RX" : 0.002
        }
      },
      "(clientPoolK, nodeC_c03, nodeC_c03)" : {
        "AppCoordinates {com.bbn, test-service3, 1}" : {
          "DATARATE_TX" : 0.005999999999999999,
          "DATARATE_RX" : 0.0029999999999999996
        }
      },
      "(clientPoolK, nodeC_c02, nodeC_c02)" : {
        "AppCoordinates {com.bbn, test-service3, 1}" : {
          "DATARATE_TX" : 0.005999999999999999,
          "DATARATE_RX" : 0.0029999999999999996
        }
      },
      "(clientPoolK, nodeC_c07, nodeC_c07)" : {
        "AppCoordinates {com.bbn, test-service3, 1}" : {
          "DATARATE_TX" : 0.005999999999999999,
          "DATARATE_RX" : 0.0029999999999999996
        },
        "AppCoordinates {com.bbn, test-service2, 1}" : {
          "DATARATE_TX" : 0.004,
          "DATARATE_RX" : 0.002
        }
      },
      "(clientPoolK, nodeC_c06, nodeC_c06)" : {
        "AppCoordinates {com.bbn, test-service3, 1}" : {
          "DATARATE_TX" : 0.005999999999999999,
          "DATARATE_RX" : 0.0029999999999999996
        }
      }
    }
  },
  "containerReports" : {
    "nodeK_c02" : {
      "containerName" : {
        "name" : "nodeK_c02"
      },
      "timestamp" : 247490,
      "service" : {
        "group" : "com.bbn",
        "artifact" : "test-service1",
        "version" : "1"
      },
      "serviceStatus" : "RUNNING",
      "demandEstimationWindow" : "SHORT",
      "computeCapacity" : {
        "CPU" : 1.0,
        "TASK_CONTAINERS" : 1.0,
        "QueueLength" : 1000000.0
      },
      "computeLoad" : {
        "UNKNOWN" : {
          "QueueLength" : 0.0
        }
      },
      "computeDemand" : {
        "UNKNOWN" : {
          "QueueLength" : 0.0
        }
      },
      "averageProcessingTime" : "NaN",
      "networkCapacity" : {
        "interface-nodeK ( nodeK )" : {
          "DATARATE_TX" : 100.0,
          "DATARATE_RX" : 100.0
        }
      },
      "networkLoad" : {
        "interface-nodeK ( nodeK )" : { }
      },
      "networkDemand" : {
        "interface-nodeK ( nodeK )" : { }
      }
    },
    "nodeK_c01" : {
      "containerName" : {
        "name" : "nodeK_c01"
      },
      "timestamp" : 247491,
      "service" : {
        "group" : "com.bbn",
        "artifact" : "test-service2",
        "version" : "1"
      },
      "serviceStatus" : "RUNNING",
      "demandEstimationWindow" : "SHORT",
      "computeCapacity" : {
        "CPU" : 1.0,
        "TASK_CONTAINERS" : 1.0,
        "QueueLength" : 1000000.0
      },
      "computeLoad" : {
        "UNKNOWN" : {
          "QueueLength" : 0.0
        }
      },
      "computeDemand" : {
        "UNKNOWN" : {
          "QueueLength" : 0.0
        }
      },
      "averageProcessingTime" : "NaN",
      "networkCapacity" : {
        "interface-nodeK ( nodeK )" : {
          "DATARATE_TX" : 100.0,
          "DATARATE_RX" : 100.0
        }
      },
      "networkLoad" : {
        "interface-nodeK ( nodeK )" : { }
      },
      "networkDemand" : {
        "interface-nodeK ( nodeK )" : { }
      }
    },
    "nodeK_c00" : {
      "containerName" : {
        "name" : "nodeK_c00"
      },
      "timestamp" : 247491,
      "service" : {
        "group" : "com.bbn",
        "artifact" : "test-service3",
        "version" : "1"
      },
      "serviceStatus" : "RUNNING",
      "demandEstimationWindow" : "SHORT",
      "computeCapacity" : {
        "CPU" : 1.0,
        "TASK_CONTAINERS" : 1.0,
        "QueueLength" : 1000000.0
      },
      "computeLoad" : {
        "UNKNOWN" : {
          "QueueLength" : 0.0
        }
      },
      "computeDemand" : {
        "UNKNOWN" : {
          "QueueLength" : 0.0
        }
      },
      "averageProcessingTime" : "NaN",
      "networkCapacity" : {
        "interface-nodeK ( nodeK )" : {
          "DATARATE_TX" : 100.0,
          "DATARATE_RX" : 100.0
        }
      },
      "networkLoad" : {
        "interface-nodeK ( nodeK )" : { }
      },
      "networkDemand" : {
        "interface-nodeK ( nodeK )" : { }
      }
    }
  },
  "maximumServiceContainers" : 20,
  "allocatedServiceContainers" : 3,
  "computeDemand" : {
    "AppCoordinates {com.bbn, test-service3, 1}" : {
      "UNKNOWN" : {
        "QueueLength" : 0.0
      }
    },
    "AppCoordinates {com.bbn, test-service2, 1}" : {
      "UNKNOWN" : {
        "QueueLength" : 0.0
      }
    },
    "AppCoordinates {com.bbn, test-service1, 1}" : {
      "UNKNOWN" : {
        "QueueLength" : 0.0
      }
    }
  },
  "containerNetworkLoad" : {
    "interface-nodeK ( nodeK )" : { }
  },
  "containerNetworkDemand" : {
    "interface-nodeK ( nodeK )" : { }
  },
  "computeLoad" : {
    "AppCoordinates {com.bbn, test-service3, 1}" : {
      "UNKNOWN" : {
        "QueueLength" : 0.0
      }
    },
    "AppCoordinates {com.bbn, test-service2, 1}" : {
      "UNKNOWN" : {
        "QueueLength" : 0.0
      }
    },
    "AppCoordinates {com.bbn, test-service1, 1}" : {
      "UNKNOWN" : {
        "QueueLength" : 0.0
      }
    }
  },
  "allocatedComputeCapacity" : {
    "CPU" : 3.0,
    "QueueLength" : 3000000.0,
    "TASK_CONTAINERS" : 3.0
  },
  "availableServiceContainers" : 17,
  "averageProcessingTime" : { }
}