{
  "region" : {
    "name" : "L"
  },
  "minTimestamp" : 368488,
  "maxTimestamp" : 368488,
  "demandEstimationWindow" : "LONG",
  "serverCapacity" : {
    "DISK" : 10.0,
    "MEMORY" : 8.0E9,
    "CPU" : 4.0,
    "TASK_CONTAINERS" : 20.0
  },
  "serverLoad" : {
    "AppCoordinates {com.bbn, test-service3, 1}" : {
      "unknown" : {
        "QueueLength" : 26.0,
        "TASK_CONTAINERS" : 13.0
      }
    }
  },
  "serverDemand" : {
    "AppCoordinates {com.bbn, test-service3, 1}" : {
      "unknown" : {
        "QueueLength" : 31.41160220994475,
        "TASK_CONTAINERS" : 15.705801104972375
      }
    }
  },
  "serverAverageProcessingTimeCount" : {
    "AppCoordinates {com.bbn, test-service3, 1}" : 1
  },
  "serverAverageProcessingTimeSum" : {
    "AppCoordinates {com.bbn, test-service3, 1}" : 120000.0
  },
  "networkCapacity" : {
    "B" : {
      "DATARATE_RX" : 100.0,
      "DATARATE_TX" : 100.0
    },
    "H" : {
      "DATARATE_RX" : 100.0,
      "DATARATE_TX" : 100.0
    },
    "O" : {
      "DATARATE_RX" : 100.0,
      "DATARATE_TX" : 100.0
    }
  },
  "networkLoad" : {
    "B" : {
      "(M, B, B)" : {
        "AppCoordinates {com.bbn, test-service3, 1}" : {
          "DATARATE_TX" : 5.000000000000001E-5,
          "DATARATE_RX" : 2.5000000000000005E-5
        }
      }
    },
    "H" : {
      "(M, A, A)" : {
        "AppCoordinates {com.bbn, test-service3, 1}" : {
          "DATARATE_TX" : 1.3999999999999996E-5,
          "DATARATE_RX" : 6.999999999999998E-6
        }
      },
      "(M, G, G)" : {
        "AppCoordinates {com.bbn, test-service3, 1}" : {
          "DATARATE_TX" : 5.299999999999997E-4,
          "DATARATE_RX" : 2.6499999999999983E-4
        },
        "AppCoordinates {com.bbn, test-service2, 1}" : {
          "DATARATE_TX" : 1.3399999999999984E-4,
          "DATARATE_RX" : 6.699999999999992E-5
        },
        "AppCoordinates {com.bbn, test-service1, 1}" : {
          "DATARATE_TX" : 1.3999999999999977E-4,
          "DATARATE_RX" : 6.999999999999989E-5
        }
      },
      "(M, H, H)" : {
        "AppCoordinates {com.bbn, test-service3, 1}" : {
          "DATARATE_TX" : 4.4000000000000006E-5,
          "DATARATE_RX" : 2.2000000000000003E-5
        }
      }
    },
    "O" : {
      "(L, M, L)" : {
        "AppCoordinates {com.bbn, test-service3, 1}" : {
          "DATARATE_TX" : 2.600000000000002E-5,
          "DATARATE_RX" : 5.200000000000004E-5
        }
      },
      "(H, M, H)" : {
        "AppCoordinates {com.bbn, test-service3, 1}" : {
          "DATARATE_TX" : 2.2000000000000003E-5,
          "DATARATE_RX" : 4.4000000000000006E-5
        }
      },
      "(G, M, G)" : {
        "AppCoordinates {com.bbn, test-service3, 1}" : {
          "DATARATE_TX" : 2.6499999999999983E-4,
          "DATARATE_RX" : 5.299999999999997E-4
        },
        "AppCoordinates {com.bbn, test-service2, 1}" : {
          "DATARATE_TX" : 6.699999999999991E-5,
          "DATARATE_RX" : 1.3399999999999981E-4
        },
        "AppCoordinates {com.bbn, test-service1, 1}" : {
          "DATARATE_TX" : 6.99999999999999E-5,
          "DATARATE_RX" : 1.399999999999998E-4
        }
      },
      "(B, M, B)" : {
        "AppCoordinates {com.bbn, test-service3, 1}" : {
          "DATARATE_TX" : 2.5000000000000005E-5,
          "DATARATE_RX" : 5.000000000000001E-5
        }
      },
      "(A, M, A)" : {
        "AppCoordinates {com.bbn, test-service3, 1}" : {
          "DATARATE_TX" : 6.999999999999998E-6,
          "DATARATE_RX" : 1.3999999999999996E-5
        }
      }
    }
  },
  "networkDemand" : {
    "B" : {
      "(M, B, B)" : {
        "AppCoordinates {com.bbn, test-service3, 1}" : {
          "DATARATE_TX" : 6.68698060941827E-5,
          "DATARATE_RX" : 3.343490304709135E-5
        }
      }
    },
    "H" : {
      "(M, A, A)" : {
        "AppCoordinates {com.bbn, test-service3, 1}" : {
          "DATARATE_TX" : 1.8648199445983354E-5,
          "DATARATE_RX" : 9.324099722991677E-6
        }
      },
      "(M, G, G)" : {
        "AppCoordinates {com.bbn, test-service3, 1}" : {
          "DATARATE_TX" : 3.891379080612921E-4,
          "DATARATE_RX" : 1.9456895403064604E-4
        },
        "AppCoordinates {com.bbn, test-service2, 1}" : {
          "DATARATE_TX" : 1.213407202216068E-4,
          "DATARATE_RX" : 6.06703601108034E-5
        },
        "AppCoordinates {com.bbn, test-service1, 1}" : {
          "DATARATE_TX" : 1.6845635589887866E-4,
          "DATARATE_RX" : 8.422817794943933E-5
        }
      },
      "(M, H, H)" : {
        "AppCoordinates {com.bbn, test-service3, 1}" : {
          "DATARATE_TX" : 4.688642659279763E-5,
          "DATARATE_RX" : 2.3443213296398816E-5
        }
      }
    },
    "O" : {
      "(L, M, L)" : {
        "AppCoordinates {com.bbn, test-service3, 1}" : {
          "DATARATE_TX" : 3.149861495844876E-5,
          "DATARATE_RX" : 6.299722991689753E-5
        }
      },
      "(H, M, H)" : {
        "AppCoordinates {com.bbn, test-service3, 1}" : {
          "DATARATE_TX" : 2.3443213296398816E-5,
          "DATARATE_RX" : 4.688642659279763E-5
        }
      },
      "(G, M, G)" : {
        "AppCoordinates {com.bbn, test-service3, 1}" : {
          "DATARATE_TX" : 1.9456895403064604E-4,
          "DATARATE_RX" : 3.891379080612921E-4
        },
        "AppCoordinates {com.bbn, test-service2, 1}" : {
          "DATARATE_TX" : 6.067036011080341E-5,
          "DATARATE_RX" : 1.2134072022160681E-4
        },
        "AppCoordinates {com.bbn, test-service1, 1}" : {
          "DATARATE_TX" : 8.422817794943934E-5,
          "DATARATE_RX" : 1.684563558988787E-4
        }
      },
      "(B, M, B)" : {
        "AppCoordinates {com.bbn, test-service3, 1}" : {
          "DATARATE_TX" : 3.343490304709135E-5,
          "DATARATE_RX" : 6.68698060941827E-5
        }
      },
      "(A, M, A)" : {
        "AppCoordinates {com.bbn, test-service3, 1}" : {
          "DATARATE_TX" : 9.324099722991677E-6,
          "DATARATE_RX" : 1.8648199445983354E-5
        }
      }
    }
  },
  "maximumServiceContainers" : 20,
  "allocatedServiceContainers" : 1,
  "serverAverageProcessingTime" : {
    "AppCoordinates {com.bbn, test-service3, 1}" : 120000.0
  },
  "availableServiceContainers" : 19,
  "nullSummary" : false
}