{
  "region" : {
    "name" : "C"
  },
  "minTimestamp" : 395490,
  "maxTimestamp" : 395490,
  "demandEstimationWindow" : "LONG",
  "serverCapacity" : {
    "DISK" : 10.0,
    "MEMORY" : 1.6E10,
    "CPU" : 8.0,
    "TASK_CONTAINERS" : 8.0
  },
  "serverLoad" : {
    "AppCoordinates {com.bbn, test-service3, 1}" : {
      "unknown" : {
        "QueueLength" : 821.0,
        "TASK_CONTAINERS" : 410.5
      }
    },
    "AppCoordinates {com.bbn, test-service2, 1}" : {
      "unknown" : {
        "QueueLength" : 200.0,
        "TASK_CONTAINERS" : 100.0
      }
    },
    "AppCoordinates {com.bbn, test-service1, 1}" : {
      "unknown" : {
        "QueueLength" : 0.0,
        "TASK_CONTAINERS" : 0.0
      }
    }
  },
  "serverDemand" : {
    "AppCoordinates {com.bbn, test-service3, 1}" : {
      "unknown" : {
        "QueueLength" : 699.8041614472098,
        "TASK_CONTAINERS" : 439.22858629949326
      }
    },
    "AppCoordinates {com.bbn, test-service2, 1}" : {
      "unknown" : {
        "QueueLength" : 148.01307189542484,
        "TASK_CONTAINERS" : 97.1931330472103
      }
    },
    "AppCoordinates {com.bbn, test-service1, 1}" : {
      "unknown" : {
        "QueueLength" : 155.8342541436464,
        "TASK_CONTAINERS" : 77.9171270718232
      }
    }
  },
  "serverAverageProcessingTimeCount" : {
    "AppCoordinates {com.bbn, test-service3, 1}" : 1,
    "AppCoordinates {com.bbn, test-service2, 1}" : 1,
    "AppCoordinates {com.bbn, test-service1, 1}" : 1
  },
  "serverAverageProcessingTimeSum" : {
    "AppCoordinates {com.bbn, test-service3, 1}" : 120000.0,
    "AppCoordinates {com.bbn, test-service2, 1}" : 120000.0,
    "AppCoordinates {com.bbn, test-service1, 1}" : 120000.0
  },
  "networkCapacity" : {
    "E" : {
      "DATARATE_RX" : 100.0,
      "DATARATE_TX" : 100.0
    }
  },
  "networkLoad" : {
    "E" : {
      "(C, B, C)" : {
        "AppCoordinates {com.bbn, test-service3, 1}" : {
          "DATARATE_TX" : 1.9399999999999997E-4,
          "DATARATE_RX" : 3.8799999999999994E-4
        },
        "AppCoordinates {com.bbn, test-service2, 1}" : {
          "DATARATE_TX" : 8.499999999999986E-5,
          "DATARATE_RX" : 1.6999999999999971E-4
        },
        "AppCoordinates {com.bbn, test-service1, 1}" : {
          "DATARATE_TX" : -1.9058241313221758E-20,
          "DATARATE_RX" : -3.8116482626443515E-20
        }
      },
      "(C, E, C)" : {
        "AppCoordinates {com.bbn, test-service3, 1}" : {
          "DATARATE_TX" : 3.409999999999996E-4,
          "DATARATE_RX" : 6.819999999999992E-4
        },
        "AppCoordinates {com.bbn, test-service2, 1}" : {
          "DATARATE_TX" : 5.8999999999999916E-5,
          "DATARATE_RX" : 1.1799999999999983E-4
        },
        "AppCoordinates {com.bbn, test-service1, 1}" : {
          "DATARATE_TX" : -1.9058241313221758E-20,
          "DATARATE_RX" : -3.8116482626443515E-20
        }
      },
      "(C, A, C)" : {
        "AppCoordinates {com.bbn, test-service3, 1}" : {
          "DATARATE_TX" : 2.859999999999998E-4,
          "DATARATE_RX" : 5.719999999999996E-4
        },
        "AppCoordinates {com.bbn, test-service2, 1}" : {
          "DATARATE_TX" : 5.699999999999993E-5,
          "DATARATE_RX" : 1.1399999999999986E-4
        },
        "AppCoordinates {com.bbn, test-service1, 1}" : {
          "DATARATE_TX" : -1.9058241313221758E-20,
          "DATARATE_RX" : -3.8116482626443515E-20
        }
      }
    }
  },
  "networkDemand" : {
    "E" : {
      "(C, B, C)" : {
        "AppCoordinates {com.bbn, test-service3, 1}" : {
          "DATARATE_TX" : 1.9230371552450906E-4,
          "DATARATE_RX" : 3.846074310490181E-4
        },
        "AppCoordinates {com.bbn, test-service2, 1}" : {
          "DATARATE_TX" : 9.926914726360699E-5,
          "DATARATE_RX" : 1.9853829452721398E-4
        },
        "AppCoordinates {com.bbn, test-service1, 1}" : {
          "DATARATE_TX" : 9.838227146814382E-5,
          "DATARATE_RX" : 1.9676454293628763E-4
        }
      },
      "(C, E, C)" : {
        "AppCoordinates {com.bbn, test-service3, 1}" : {
          "DATARATE_TX" : 3.3706680607734714E-4,
          "DATARATE_RX" : 6.741336121546943E-4
        },
        "AppCoordinates {com.bbn, test-service2, 1}" : {
          "DATARATE_TX" : 9.217421576701335E-5,
          "DATARATE_RX" : 1.843484315340267E-4
        },
        "AppCoordinates {com.bbn, test-service1, 1}" : {
          "DATARATE_TX" : 1.0157063711911356E-4,
          "DATARATE_RX" : 2.0314127423822712E-4
        }
      },
      "(C, A, C)" : {
        "AppCoordinates {com.bbn, test-service3, 1}" : {
          "DATARATE_TX" : 3.017296339320282E-4,
          "DATARATE_RX" : 6.034592678640564E-4
        },
        "AppCoordinates {com.bbn, test-service2, 1}" : {
          "DATARATE_TX" : 9.208909186194484E-5,
          "DATARATE_RX" : 1.8417818372388968E-4
        },
        "AppCoordinates {com.bbn, test-service1, 1}" : {
          "DATARATE_TX" : 1.0223268698060946E-4,
          "DATARATE_RX" : 2.0446537396121893E-4
        }
      }
    }
  },
  "maximumServiceContainers" : 8,
  "allocatedServiceContainers" : 8,
  "serverAverageProcessingTime" : {
    "AppCoordinates {com.bbn, test-service3, 1}" : 120000.0,
    "AppCoordinates {com.bbn, test-service2, 1}" : 120000.0,
    "AppCoordinates {com.bbn, test-service1, 1}" : 120000.0
  },
  "availableServiceContainers" : 0,
  "nullSummary" : false
}