{
  "clientName" : "clientPoolC",
  "clientRegion" : {
    "name" : "C"
  },
  "numRequestsAttempted" : 3826,
  "numRequestsSucceeded" : 1755,
  "numRequestsFailedForServerLoad" : 2071,
  "numRequestsFailedForNetworkLoad" : 0,
  "numRequestsSlowForServerLoad" : 332,
  "numRequestsSlowForNetworkLoad" : 0,
  "numRequestsSlowForNetworkAndServerLoad" : 0,
  "numRequestsServicedByRegion" : {
    "C" : 224,
    "E" : 1003,
    "H" : 103,
    "I" : 55,
    "N" : 186,
    "O" : 184
  },
  "numRequestsFailedForDownNode" : 0
}