501,1,DNS_UPDATE_SUCCEEDED
537,2,DCOP_PLAN_PLUBLIED
545,2,RLG_PLAN_PUBLISHED
105809,212,DCOP_PLAN_PLUBLIED
108527,217,RLG_PLAN_PUBLISHED
108561,218,DNS_UPDATE_SUCCEEDED
109061,219,DNS_UPDATE_SUCCEEDED
111524,223,RLG_PLAN_PUBLISHED
111562,224,DNS_UPDATE_SUCCEEDED
117524,235,RLG_PLAN_PUBLISHED
117563,236,DNS_UPDATE_SUCCEEDED
118063,237,DNS_UPDATE_SUCCEEDED
120526,241,RLG_PLAN_PUBLISHED
120560,242,DNS_UPDATE_SUCCEEDED
165770,332,DCOP_PLAN_PLUBLIED
168537,337,RLG_PLAN_PUBLISHED
168591,338,DNS_UPDATE_SUCCEEDED
169091,339,DNS_UPDATE_SUCCEEDED
171536,343,RLG_PLAN_PUBLISHED
171590,344,DNS_UPDATE_SUCCEEDED
177543,355,RLG_PLAN_PUBLISHED
177598,356,DNS_UPDATE_SUCCEEDED
180538,361,RLG_PLAN_PUBLISHED
180594,362,DNS_UPDATE_SUCCEEDED
181096,363,DNS_UPDATE_SUCCEEDED
183538,367,RLG_PLAN_PUBLISHED
183597,368,DNS_UPDATE_SUCCEEDED
186540,373,RLG_PLAN_PUBLISHED
186602,374,DNS_UPDATE_SUCCEEDED
189538,379,RLG_PLAN_PUBLISHED
189599,380,DNS_UPDATE_SUCCEEDED
190103,381,DNS_UPDATE_SUCCEEDED
192540,385,RLG_PLAN_PUBLISHED
192611,386,DNS_UPDATE_SUCCEEDED
225765,452,DCOP_PLAN_PLUBLIED
228545,457,RLG_PLAN_PUBLISHED
228621,458,DNS_UPDATE_SUCCEEDED
285747,572,DCOP_PLAN_PLUBLIED
288549,577,RLG_PLAN_PUBLISHED
288658,578,DNS_UPDATE_SUCCEEDED
297551,595,RLG_PLAN_PUBLISHED
297663,596,DNS_UPDATE_SUCCEEDED
298167,597,DNS_UPDATE_SUCCEEDED
300552,601,RLG_PLAN_PUBLISHED
300668,602,DNS_UPDATE_SUCCEEDED
345746,692,DCOP_PLAN_PLUBLIED
348559,697,RLG_PLAN_PUBLISHED
348700,698,DNS_UPDATE_SUCCEEDED
351558,703,RLG_PLAN_PUBLISHED
351705,704,DNS_UPDATE_SUCCEEDED
354559,709,RLG_PLAN_PUBLISHED
354707,710,DNS_UPDATE_SUCCEEDED
355204,711,DNS_UPDATE_SUCCEEDED
357559,715,RLG_PLAN_PUBLISHED
357707,716,DNS_UPDATE_SUCCEEDED
405742,812,DCOP_PLAN_PLUBLIED
408566,817,RLG_PLAN_PUBLISHED
408728,818,DNS_UPDATE_SUCCEEDED
465772,932,DCOP_PLAN_PLUBLIED
468573,937,RLG_PLAN_PUBLISHED
468770,938,DNS_UPDATE_SUCCEEDED
525729,1051,DCOP_PLAN_PLUBLIED
528577,1057,RLG_PLAN_PUBLISHED
528805,1058,DNS_UPDATE_SUCCEEDED
585755,1171,DCOP_PLAN_PLUBLIED
588580,1177,RLG_PLAN_PUBLISHED
588851,1178,DNS_UPDATE_SUCCEEDED
630003,1261,DNS_UPDATE_SUCCEEDED
630003,1291,DCOP_PLAN_PLUBLIED
