779,1,DNS_UPDATE_SUCCEEDED
816,2,DCOP_PLAN_PLUBLIED
833,2,RLG_PLAN_PUBLISHED
105939,212,DCOP_PLAN_PLUBLIED
108806,217,RLG_PLAN_PUBLISHED
108835,218,DNS_UPDATE_SUCCEEDED
109334,219,DNS_UPDATE_SUCCEEDED
111806,223,RLG_PLAN_PUBLISHED
111834,224,DNS_UPDATE_SUCCEEDED
120807,241,RLG_PLAN_PUBLISHED
120840,242,DNS_UPDATE_SUCCEEDED
121339,243,DNS_UPDATE_SUCCEEDED
123808,247,RLG_PLAN_PUBLISHED
123850,248,DNS_UPDATE_SUCCEEDED
165868,332,DCOP_PLAN_PLUBLIED
168810,337,RLG_PLAN_PUBLISHED
168864,338,DNS_UPDATE_SUCCEEDED
183811,367,RLG_PLAN_PUBLISHED
183870,368,DNS_UPDATE_SUCCEEDED
186811,373,RLG_PLAN_PUBLISHED
186868,374,DNS_UPDATE_SUCCEEDED
187370,375,DNS_UPDATE_SUCCEEDED
189812,379,RLG_PLAN_PUBLISHED
189868,380,DNS_UPDATE_SUCCEEDED
225881,451,DCOP_PLAN_PLUBLIED
228811,457,RLG_PLAN_PUBLISHED
228882,458,DNS_UPDATE_SUCCEEDED
285884,571,DCOP_PLAN_PLUBLIED
288815,577,RLG_PLAN_PUBLISHED
288900,578,DNS_UPDATE_SUCCEEDED
345904,691,DCOP_PLAN_PLUBLIED
348823,697,RLG_PLAN_PUBLISHED
348935,698,DNS_UPDATE_SUCCEEDED
405913,811,DCOP_PLAN_PLUBLIED
408824,817,RLG_PLAN_PUBLISHED
408953,818,DNS_UPDATE_SUCCEEDED
465903,931,DCOP_PLAN_PLUBLIED
468827,937,RLG_PLAN_PUBLISHED
468978,938,DNS_UPDATE_SUCCEEDED
525912,1051,DCOP_PLAN_PLUBLIED
528829,1057,RLG_PLAN_PUBLISHED
529024,1058,DNS_UPDATE_SUCCEEDED
585890,1171,DCOP_PLAN_PLUBLIED
588832,1177,RLG_PLAN_PUBLISHED
589044,1178,DNS_UPDATE_SUCCEEDED
630009,1259,DCOP_PLAN_PLUBLIED
