{
  "region" : {
    "name" : "C"
  },
  "nodeResourceReports" : [ {
    "nodeName" : {
      "name" : "nodeC"
    },
    "timestamp" : 125498,
    "demandEstimationWindow" : "SHORT",
    "nodeComputeCapacity" : {
      "CPU" : 8.0,
      "MEMORY" : 1.6E10,
      "DISK" : 10.0,
      "TASK_CONTAINERS" : 8.0
    },
    "networkCapacity" : {
      "interface-nodeD ( nodeD )" : {
        "DATARATE_RX" : 100.0,
        "DATARATE_TX" : 100.0
      },
      "interface-nodeE ( nodeE )" : {
        "DATARATE_RX" : 100.0,
        "DATARATE_TX" : 100.0
      },
      "interface-nodeA ( nodeA )" : {
        "DATARATE_RX" : 100.0,
        "DATARATE_TX" : 100.0
      }
    },
    "networkLoad" : {
      "interface-nodeD ( nodeD )" : { },
      "interface-nodeE ( nodeE )" : {
        "(nodeC_c07, clientPoolE, nodeC_c07)" : {
          "AppCoordinates {com.bbn, test-service2, 1}" : {
            "DATARATE_TX" : -3.8116482626443515E-21,
            "DATARATE_RX" : -7.623296525288703E-21
          },
          "AppCoordinates {com.bbn, test-service1, 1}" : {
            "DATARATE_TX" : 7.19999999999999E-5,
            "DATARATE_RX" : 1.439999999999998E-4
          }
        },
        "(nodeC_c05, clientPoolE, nodeC_c05)" : {
          "AppCoordinates {com.bbn, test-service3, 1}" : {
            "DATARATE_TX" : 3.799999999999999E-5,
            "DATARATE_RX" : 7.599999999999998E-5
          }
        },
        "(nodeC_c06, clientPoolE, nodeC_c06)" : {
          "AppCoordinates {com.bbn, test-service2, 1}" : {
            "DATARATE_TX" : 4.9999999999999955E-5,
            "DATARATE_RX" : 9.999999999999991E-5
          }
        },
        "(nodeC_c03, clientPoolE, nodeC_c03)" : {
          "AppCoordinates {com.bbn, test-service1, 1}" : {
            "DATARATE_TX" : 7.499999999999989E-5,
            "DATARATE_RX" : 1.4999999999999977E-4
          }
        },
        "(nodeC_c04, clientPoolE, nodeC_c04)" : {
          "AppCoordinates {com.bbn, test-service3, 1}" : {
            "DATARATE_TX" : 5.599999999999994E-5,
            "DATARATE_RX" : 1.1199999999999988E-4
          },
          "AppCoordinates {com.bbn, test-service1, 1}" : {
            "DATARATE_TX" : -3.8116482626443515E-21,
            "DATARATE_RX" : -7.623296525288703E-21
          }
        },
        "(nodeC_c01, clientPoolE, nodeC_c01)" : {
          "AppCoordinates {com.bbn, test-service2, 1}" : {
            "DATARATE_TX" : 5.899999999999993E-5,
            "DATARATE_RX" : 1.1799999999999986E-4
          }
        },
        "(nodeC_c02, clientPoolE, nodeC_c02)" : {
          "AppCoordinates {com.bbn, test-service3, 1}" : {
            "DATARATE_TX" : 4.5999999999999966E-5,
            "DATARATE_RX" : 9.199999999999993E-5
          }
        },
        "(nodeC_c00, clientPoolE, nodeC_c00)" : {
          "AppCoordinates {com.bbn, test-service1, 1}" : {
            "DATARATE_TX" : 5.999999999999993E-5,
            "DATARATE_RX" : 1.1999999999999985E-4
          }
        }
      },
      "interface-nodeA ( nodeA )" : {
        "(nodeC_c05, clientPoolA, nodeC_c05)" : {
          "AppCoordinates {com.bbn, test-service3, 1}" : {
            "DATARATE_TX" : 4.099999999999998E-5,
            "DATARATE_RX" : 8.199999999999996E-5
          }
        },
        "(nodeC_c06, clientPoolA, nodeC_c06)" : {
          "AppCoordinates {com.bbn, test-service2, 1}" : {
            "DATARATE_TX" : 6.0999999999999924E-5,
            "DATARATE_RX" : 1.2199999999999985E-4
          }
        },
        "(nodeC_c03, clientPoolA, nodeC_c03)" : {
          "AppCoordinates {com.bbn, test-service1, 1}" : {
            "DATARATE_TX" : 6.0999999999999924E-5,
            "DATARATE_RX" : 1.2199999999999985E-4
          }
        },
        "(nodeC_c04, clientPoolA, nodeC_c04)" : {
          "AppCoordinates {com.bbn, test-service3, 1}" : {
            "DATARATE_TX" : 6.299999999999992E-5,
            "DATARATE_RX" : 1.2599999999999984E-4
          },
          "AppCoordinates {com.bbn, test-service1, 1}" : {
            "DATARATE_TX" : -4.2351647362715017E-22,
            "DATARATE_RX" : -8.470329472543003E-22
          }
        },
        "(nodeC_c01, clientPoolA, nodeC_c01)" : {
          "AppCoordinates {com.bbn, test-service2, 1}" : {
            "DATARATE_TX" : 5.899999999999993E-5,
            "DATARATE_RX" : 1.1799999999999986E-4
          }
        },
        "(nodeC_c02, clientPoolA, nodeC_c02)" : {
          "AppCoordinates {com.bbn, test-service3, 1}" : {
            "DATARATE_TX" : 3.8999999999999986E-5,
            "DATARATE_RX" : 7.799999999999997E-5
          }
        },
        "(nodeC_c00, clientPoolA, nodeC_c00)" : {
          "AppCoordinates {com.bbn, test-service1, 1}" : {
            "DATARATE_TX" : 6.599999999999991E-5,
            "DATARATE_RX" : 1.3199999999999982E-4
          }
        },
        "(nodeC_c07, clientPoolA, nodeC_c07)" : {
          "AppCoordinates {com.bbn, test-service2, 1}" : {
            "DATARATE_TX" : -3.8116482626443515E-21,
            "DATARATE_RX" : -7.623296525288703E-21
          },
          "AppCoordinates {com.bbn, test-service1, 1}" : {
            "DATARATE_TX" : 6.699999999999991E-5,
            "DATARATE_RX" : 1.3399999999999981E-4
          }
        }
      }
    },
    "networkDemand" : {
      "interface-nodeE ( nodeE )" : {
        "(nodeC_c07, clientPoolE, nodeC_c07)" : {
          "AppCoordinates {com.bbn, test-service2, 1}" : {
            "DATARATE_TX" : -3.8116482626443515E-21,
            "DATARATE_RX" : -7.623296525288703E-21
          },
          "AppCoordinates {com.bbn, test-service1, 1}" : {
            "DATARATE_TX" : 7.19999999999999E-5,
            "DATARATE_RX" : 1.439999999999998E-4
          }
        },
        "(nodeC_c05, clientPoolE, nodeC_c05)" : {
          "AppCoordinates {com.bbn, test-service3, 1}" : {
            "DATARATE_TX" : 2.628571428571429E-5,
            "DATARATE_RX" : 5.257142857142858E-5
          }
        },
        "(nodeC_c06, clientPoolE, nodeC_c06)" : {
          "AppCoordinates {com.bbn, test-service2, 1}" : {
            "DATARATE_TX" : 4.999999999999996E-5,
            "DATARATE_RX" : 9.999999999999992E-5
          }
        },
        "(nodeC_c03, clientPoolE, nodeC_c03)" : {
          "AppCoordinates {com.bbn, test-service1, 1}" : {
            "DATARATE_TX" : 7.499999999999989E-5,
            "DATARATE_RX" : 1.4999999999999977E-4
          }
        },
        "(nodeC_c04, clientPoolE, nodeC_c04)" : {
          "AppCoordinates {com.bbn, test-service3, 1}" : {
            "DATARATE_TX" : 5.614285714285709E-5,
            "DATARATE_RX" : 1.1228571428571418E-4
          },
          "AppCoordinates {com.bbn, test-service1, 1}" : {
            "DATARATE_TX" : -3.8116482626443515E-21,
            "DATARATE_RX" : -7.623296525288703E-21
          }
        },
        "(nodeC_c01, clientPoolE, nodeC_c01)" : {
          "AppCoordinates {com.bbn, test-service2, 1}" : {
            "DATARATE_TX" : 5.899999999999992E-5,
            "DATARATE_RX" : 1.1799999999999985E-4
          }
        },
        "(nodeC_c02, clientPoolE, nodeC_c02)" : {
          "AppCoordinates {com.bbn, test-service3, 1}" : {
            "DATARATE_TX" : 4.557142857142853E-5,
            "DATARATE_RX" : 9.114285714285706E-5
          }
        },
        "(nodeC_c00, clientPoolE, nodeC_c00)" : {
          "AppCoordinates {com.bbn, test-service1, 1}" : {
            "DATARATE_TX" : 5.9999999999999934E-5,
            "DATARATE_RX" : 1.1999999999999987E-4
          }
        }
      },
      "interface-nodeD ( nodeD )" : { },
      "interface-nodeA ( nodeA )" : {
        "(nodeC_c05, clientPoolA, nodeC_c05)" : {
          "AppCoordinates {com.bbn, test-service3, 1}" : {
            "DATARATE_TX" : 2.9428571428571433E-5,
            "DATARATE_RX" : 5.8857142857142866E-5
          }
        },
        "(nodeC_c06, clientPoolA, nodeC_c06)" : {
          "AppCoordinates {com.bbn, test-service2, 1}" : {
            "DATARATE_TX" : 6.099999999999992E-5,
            "DATARATE_RX" : 1.2199999999999983E-4
          }
        },
        "(nodeC_c03, clientPoolA, nodeC_c03)" : {
          "AppCoordinates {com.bbn, test-service1, 1}" : {
            "DATARATE_TX" : 6.099999999999992E-5,
            "DATARATE_RX" : 1.2199999999999983E-4
          }
        },
        "(nodeC_c04, clientPoolA, nodeC_c04)" : {
          "AppCoordinates {com.bbn, test-service3, 1}" : {
            "DATARATE_TX" : 6.314285714285706E-5,
            "DATARATE_RX" : 1.2628571428571411E-4
          },
          "AppCoordinates {com.bbn, test-service1, 1}" : {
            "DATARATE_TX" : -4.2351647362715017E-22,
            "DATARATE_RX" : -8.470329472543003E-22
          }
        },
        "(nodeC_c01, clientPoolA, nodeC_c01)" : {
          "AppCoordinates {com.bbn, test-service2, 1}" : {
            "DATARATE_TX" : 5.899999999999992E-5,
            "DATARATE_RX" : 1.1799999999999985E-4
          }
        },
        "(nodeC_c02, clientPoolA, nodeC_c02)" : {
          "AppCoordinates {com.bbn, test-service3, 1}" : {
            "DATARATE_TX" : 3.671428571428571E-5,
            "DATARATE_RX" : 7.342857142857141E-5
          }
        },
        "(nodeC_c00, clientPoolA, nodeC_c00)" : {
          "AppCoordinates {com.bbn, test-service1, 1}" : {
            "DATARATE_TX" : 6.599999999999991E-5,
            "DATARATE_RX" : 1.3199999999999982E-4
          }
        },
        "(nodeC_c07, clientPoolA, nodeC_c07)" : {
          "AppCoordinates {com.bbn, test-service2, 1}" : {
            "DATARATE_TX" : -3.8116482626443515E-21,
            "DATARATE_RX" : -7.623296525288703E-21
          },
          "AppCoordinates {com.bbn, test-service1, 1}" : {
            "DATARATE_TX" : 6.699999999999991E-5,
            "DATARATE_RX" : 1.3399999999999981E-4
          }
        }
      }
    },
    "containerReports" : {
      "nodeC_c01" : {
        "containerName" : {
          "name" : "nodeC_c01"
        },
        "timestamp" : 125498,
        "service" : {
          "group" : "com.bbn",
          "artifact" : "test-service2",
          "version" : "1"
        },
        "serviceStatus" : "RUNNING",
        "demandEstimationWindow" : "SHORT",
        "computeCapacity" : {
          "CPU" : 1.0,
          "TASK_CONTAINERS" : 100.0,
          "QueueLength" : 1000000.0
        },
        "computeLoad" : {
          "UNKNOWN" : {
            "QueueLength" : 200.0,
            "TASK_CONTAINERS" : 100.0
          }
        },
        "computeDemand" : {
          "UNKNOWN" : {
            "QueueLength" : 175.0,
            "TASK_CONTAINERS" : 87.5
          }
        },
        "averageProcessingTime" : 120000.0,
        "networkCapacity" : {
          "interface-nodeC ( nodeC )" : {
            "DATARATE_TX" : 100.0,
            "DATARATE_RX" : 100.0
          }
        },
        "networkLoad" : {
          "interface-nodeC ( nodeC )" : {
            "(clientPoolC, nodeC_c01, nodeC_c01)" : {
              "AppCoordinates {com.bbn, test-service2, 1}" : {
                "DATARATE_TX" : 3.819999999999992E-4,
                "DATARATE_RX" : 1.909999999999996E-4
              }
            },
            "(clientPoolE, nodeC_c01, nodeC_c01)" : {
              "AppCoordinates {com.bbn, test-service2, 1}" : {
                "DATARATE_TX" : 3.459999999999993E-4,
                "DATARATE_RX" : 1.7299999999999965E-4
              }
            },
            "(clientPoolA, nodeC_c01, nodeC_c01)" : {
              "AppCoordinates {com.bbn, test-service2, 1}" : {
                "DATARATE_TX" : 3.119999999999994E-4,
                "DATARATE_RX" : 1.559999999999997E-4
              }
            }
          }
        },
        "networkDemand" : {
          "interface-nodeC ( nodeC )" : {
            "(clientPoolC, nodeC_c01, nodeC_c01)" : {
              "AppCoordinates {com.bbn, test-service2, 1}" : {
                "DATARATE_TX" : 3.8199999999999915E-4,
                "DATARATE_RX" : 1.9099999999999957E-4
              }
            },
            "(clientPoolE, nodeC_c01, nodeC_c01)" : {
              "AppCoordinates {com.bbn, test-service2, 1}" : {
                "DATARATE_TX" : 3.4599999999999936E-4,
                "DATARATE_RX" : 1.7299999999999968E-4
              }
            },
            "(clientPoolA, nodeC_c01, nodeC_c01)" : {
              "AppCoordinates {com.bbn, test-service2, 1}" : {
                "DATARATE_TX" : 3.119999999999994E-4,
                "DATARATE_RX" : 1.559999999999997E-4
              }
            }
          }
        }
      },
      "nodeC_c02" : {
        "containerName" : {
          "name" : "nodeC_c02"
        },
        "timestamp" : 125499,
        "service" : {
          "group" : "com.bbn",
          "artifact" : "test-service3",
          "version" : "1"
        },
        "serviceStatus" : "RUNNING",
        "demandEstimationWindow" : "SHORT",
        "computeCapacity" : {
          "CPU" : 1.0,
          "TASK_CONTAINERS" : 100.0,
          "QueueLength" : 1000000.0
        },
        "computeLoad" : {
          "UNKNOWN" : {
            "QueueLength" : 123.0,
            "TASK_CONTAINERS" : 61.5
          }
        },
        "computeDemand" : {
          "UNKNOWN" : {
            "QueueLength" : 106.125,
            "TASK_CONTAINERS" : 53.0625
          }
        },
        "averageProcessingTime" : 120000.0,
        "networkCapacity" : {
          "interface-nodeC ( nodeC )" : {
            "DATARATE_TX" : 100.0,
            "DATARATE_RX" : 100.0
          }
        },
        "networkLoad" : {
          "interface-nodeC ( nodeC )" : {
            "(clientPoolE, nodeC_c02, nodeC_c02)" : {
              "AppCoordinates {com.bbn, test-service3, 1}" : {
                "DATARATE_TX" : 5.279999999999998E-4,
                "DATARATE_RX" : 2.639999999999999E-4
              }
            },
            "(clientPoolA, nodeC_c02, nodeC_c02)" : {
              "AppCoordinates {com.bbn, test-service3, 1}" : {
                "DATARATE_TX" : 4.839999999999989E-4,
                "DATARATE_RX" : 2.4199999999999946E-4
              }
            },
            "(clientPoolC, nodeC_c02, nodeC_c02)" : {
              "AppCoordinates {com.bbn, test-service3, 1}" : {
                "DATARATE_TX" : 4.61999999999999E-4,
                "DATARATE_RX" : 2.309999999999995E-4
              }
            }
          }
        },
        "networkDemand" : {
          "interface-nodeC ( nodeC )" : {
            "(clientPoolE, nodeC_c02, nodeC_c02)" : {
              "AppCoordinates {com.bbn, test-service3, 1}" : {
                "DATARATE_TX" : 5.628571428571435E-4,
                "DATARATE_RX" : 2.8142857142857174E-4
              }
            },
            "(clientPoolA, nodeC_c02, nodeC_c02)" : {
              "AppCoordinates {com.bbn, test-service3, 1}" : {
                "DATARATE_TX" : 5.148571428571424E-4,
                "DATARATE_RX" : 2.574285714285712E-4
              }
            },
            "(clientPoolC, nodeC_c02, nodeC_c02)" : {
              "AppCoordinates {com.bbn, test-service3, 1}" : {
                "DATARATE_TX" : 5.019999999999993E-4,
                "DATARATE_RX" : 2.5099999999999965E-4
              }
            }
          }
        }
      },
      "nodeC_c00" : {
        "containerName" : {
          "name" : "nodeC_c00"
        },
        "timestamp" : 125500,
        "service" : {
          "group" : "com.bbn",
          "artifact" : "test-service1",
          "version" : "1"
        },
        "serviceStatus" : "RUNNING",
        "demandEstimationWindow" : "SHORT",
        "computeCapacity" : {
          "CPU" : 1.0,
          "TASK_CONTAINERS" : 100.0,
          "QueueLength" : 1000000.0
        },
        "computeLoad" : {
          "UNKNOWN" : {
            "QueueLength" : 200.0,
            "TASK_CONTAINERS" : 100.0
          }
        },
        "computeDemand" : {
          "UNKNOWN" : {
            "QueueLength" : 175.0,
            "TASK_CONTAINERS" : 87.5
          }
        },
        "averageProcessingTime" : 120000.0,
        "networkCapacity" : {
          "interface-nodeC ( nodeC )" : {
            "DATARATE_TX" : 100.0,
            "DATARATE_RX" : 100.0
          }
        },
        "networkLoad" : {
          "interface-nodeC ( nodeC )" : {
            "(clientPoolC, nodeC_c00, nodeC_c00)" : {
              "AppCoordinates {com.bbn, test-service1, 1}" : {
                "DATARATE_TX" : 2.9599999999999944E-4,
                "DATARATE_RX" : 1.4799999999999972E-4
              }
            },
            "(clientPoolE, nodeC_c00, nodeC_c00)" : {
              "AppCoordinates {com.bbn, test-service1, 1}" : {
                "DATARATE_TX" : 2.3399999999999962E-4,
                "DATARATE_RX" : 1.1699999999999981E-4
              }
            },
            "(clientPoolA, nodeC_c00, nodeC_c00)" : {
              "AppCoordinates {com.bbn, test-service1, 1}" : {
                "DATARATE_TX" : 2.719999999999995E-4,
                "DATARATE_RX" : 1.3599999999999975E-4
              }
            }
          }
        },
        "networkDemand" : {
          "interface-nodeC ( nodeC )" : {
            "(clientPoolC, nodeC_c00, nodeC_c00)" : {
              "AppCoordinates {com.bbn, test-service1, 1}" : {
                "DATARATE_TX" : 2.9599999999999944E-4,
                "DATARATE_RX" : 1.4799999999999972E-4
              }
            },
            "(clientPoolE, nodeC_c00, nodeC_c00)" : {
              "AppCoordinates {com.bbn, test-service1, 1}" : {
                "DATARATE_TX" : 2.3399999999999962E-4,
                "DATARATE_RX" : 1.1699999999999981E-4
              }
            },
            "(clientPoolA, nodeC_c00, nodeC_c00)" : {
              "AppCoordinates {com.bbn, test-service1, 1}" : {
                "DATARATE_TX" : 2.719999999999995E-4,
                "DATARATE_RX" : 1.3599999999999975E-4
              }
            }
          }
        }
      },
      "nodeC_c05" : {
        "containerName" : {
          "name" : "nodeC_c05"
        },
        "timestamp" : 125502,
        "service" : {
          "group" : "com.bbn",
          "artifact" : "test-service3",
          "version" : "1"
        },
        "serviceStatus" : "RUNNING",
        "demandEstimationWindow" : "SHORT",
        "computeCapacity" : {
          "CPU" : 1.0,
          "TASK_CONTAINERS" : 100.0,
          "QueueLength" : 1000000.0
        },
        "computeLoad" : {
          "UNKNOWN" : {
            "QueueLength" : 130.0,
            "TASK_CONTAINERS" : 65.0
          }
        },
        "computeDemand" : {
          "UNKNOWN" : {
            "QueueLength" : 78.625,
            "TASK_CONTAINERS" : 39.3125
          }
        },
        "averageProcessingTime" : "NaN",
        "networkCapacity" : {
          "interface-nodeC ( nodeC )" : {
            "DATARATE_TX" : 100.0,
            "DATARATE_RX" : 100.0
          }
        },
        "networkLoad" : {
          "interface-nodeC ( nodeC )" : {
            "(clientPoolA, nodeC_c05, nodeC_c05)" : {
              "AppCoordinates {com.bbn, test-service3, 1}" : {
                "DATARATE_TX" : 8.199999999999996E-5,
                "DATARATE_RX" : 4.099999999999998E-5
              }
            },
            "(clientPoolC, nodeC_c05, nodeC_c05)" : {
              "AppCoordinates {com.bbn, test-service3, 1}" : {
                "DATARATE_TX" : 1.019999999999999E-4,
                "DATARATE_RX" : 5.099999999999995E-5
              }
            },
            "(clientPoolE, nodeC_c05, nodeC_c05)" : {
              "AppCoordinates {com.bbn, test-service3, 1}" : {
                "DATARATE_TX" : 7.599999999999998E-5,
                "DATARATE_RX" : 3.799999999999999E-5
              }
            }
          }
        },
        "networkDemand" : {
          "interface-nodeC ( nodeC )" : {
            "(clientPoolA, nodeC_c05, nodeC_c05)" : {
              "AppCoordinates {com.bbn, test-service3, 1}" : {
                "DATARATE_TX" : 5.8857142857142866E-5,
                "DATARATE_RX" : 2.9428571428571433E-5
              }
            },
            "(clientPoolC, nodeC_c05, nodeC_c05)" : {
              "AppCoordinates {com.bbn, test-service3, 1}" : {
                "DATARATE_TX" : 6.885714285714283E-5,
                "DATARATE_RX" : 3.4428571428571415E-5
              }
            },
            "(clientPoolE, nodeC_c05, nodeC_c05)" : {
              "AppCoordinates {com.bbn, test-service3, 1}" : {
                "DATARATE_TX" : 5.200000000000001E-5,
                "DATARATE_RX" : 2.6000000000000005E-5
              }
            }
          }
        }
      },
      "nodeC_c06" : {
        "containerName" : {
          "name" : "nodeC_c06"
        },
        "timestamp" : 125503,
        "service" : {
          "group" : "com.bbn",
          "artifact" : "test-service2",
          "version" : "1"
        },
        "serviceStatus" : "RUNNING",
        "demandEstimationWindow" : "SHORT",
        "computeCapacity" : {
          "CPU" : 1.0,
          "TASK_CONTAINERS" : 100.0,
          "QueueLength" : 1000000.0
        },
        "computeLoad" : {
          "UNKNOWN" : {
            "QueueLength" : 200.0,
            "TASK_CONTAINERS" : 100.0
          }
        },
        "computeDemand" : {
          "UNKNOWN" : {
            "QueueLength" : 175.0,
            "TASK_CONTAINERS" : 87.5
          }
        },
        "averageProcessingTime" : 120000.0,
        "networkCapacity" : {
          "interface-nodeC ( nodeC )" : {
            "DATARATE_TX" : 100.0,
            "DATARATE_RX" : 100.0
          }
        },
        "networkLoad" : {
          "interface-nodeC ( nodeC )" : {
            "(clientPoolA, nodeC_c06, nodeC_c06)" : {
              "AppCoordinates {com.bbn, test-service2, 1}" : {
                "DATARATE_TX" : 3.279999999999993E-4,
                "DATARATE_RX" : 1.6399999999999965E-4
              }
            },
            "(clientPoolC, nodeC_c06, nodeC_c06)" : {
              "AppCoordinates {com.bbn, test-service2, 1}" : {
                "DATARATE_TX" : 4.1799999999999905E-4,
                "DATARATE_RX" : 2.0899999999999952E-4
              }
            },
            "(clientPoolE, nodeC_c06, nodeC_c06)" : {
              "AppCoordinates {com.bbn, test-service2, 1}" : {
                "DATARATE_TX" : 2.959999999999994E-4,
                "DATARATE_RX" : 1.479999999999997E-4
              }
            }
          }
        },
        "networkDemand" : {
          "interface-nodeC ( nodeC )" : {
            "(clientPoolA, nodeC_c06, nodeC_c06)" : {
              "AppCoordinates {com.bbn, test-service2, 1}" : {
                "DATARATE_TX" : 3.279999999999993E-4,
                "DATARATE_RX" : 1.6399999999999965E-4
              }
            },
            "(clientPoolC, nodeC_c06, nodeC_c06)" : {
              "AppCoordinates {com.bbn, test-service2, 1}" : {
                "DATARATE_TX" : 4.1799999999999905E-4,
                "DATARATE_RX" : 2.0899999999999952E-4
              }
            },
            "(clientPoolE, nodeC_c06, nodeC_c06)" : {
              "AppCoordinates {com.bbn, test-service2, 1}" : {
                "DATARATE_TX" : 2.959999999999994E-4,
                "DATARATE_RX" : 1.479999999999997E-4
              }
            }
          }
        }
      },
      "nodeC_c03" : {
        "containerName" : {
          "name" : "nodeC_c03"
        },
        "timestamp" : 125504,
        "service" : {
          "group" : "com.bbn",
          "artifact" : "test-service1",
          "version" : "1"
        },
        "serviceStatus" : "RUNNING",
        "demandEstimationWindow" : "SHORT",
        "computeCapacity" : {
          "CPU" : 1.0,
          "TASK_CONTAINERS" : 100.0,
          "QueueLength" : 1000000.0
        },
        "computeLoad" : {
          "UNKNOWN" : {
            "QueueLength" : 200.0,
            "TASK_CONTAINERS" : 100.0
          }
        },
        "computeDemand" : {
          "UNKNOWN" : {
            "QueueLength" : 175.0,
            "TASK_CONTAINERS" : 87.5
          }
        },
        "averageProcessingTime" : 120000.0,
        "networkCapacity" : {
          "interface-nodeC ( nodeC )" : {
            "DATARATE_TX" : 100.0,
            "DATARATE_RX" : 100.0
          }
        },
        "networkLoad" : {
          "interface-nodeC ( nodeC )" : {
            "(clientPoolE, nodeC_c03, nodeC_c03)" : {
              "AppCoordinates {com.bbn, test-service1, 1}" : {
                "DATARATE_TX" : 2.7999999999999943E-4,
                "DATARATE_RX" : 1.3999999999999972E-4
              }
            },
            "(clientPoolA, nodeC_c03, nodeC_c03)" : {
              "AppCoordinates {com.bbn, test-service1, 1}" : {
                "DATARATE_TX" : 2.599999999999995E-4,
                "DATARATE_RX" : 1.2999999999999974E-4
              }
            },
            "(clientPoolC, nodeC_c03, nodeC_c03)" : {
              "AppCoordinates {com.bbn, test-service1, 1}" : {
                "DATARATE_TX" : 2.599999999999995E-4,
                "DATARATE_RX" : 1.2999999999999974E-4
              }
            }
          }
        },
        "networkDemand" : {
          "interface-nodeC ( nodeC )" : {
            "(clientPoolE, nodeC_c03, nodeC_c03)" : {
              "AppCoordinates {com.bbn, test-service1, 1}" : {
                "DATARATE_TX" : 2.7999999999999943E-4,
                "DATARATE_RX" : 1.3999999999999972E-4
              }
            },
            "(clientPoolA, nodeC_c03, nodeC_c03)" : {
              "AppCoordinates {com.bbn, test-service1, 1}" : {
                "DATARATE_TX" : 2.5999999999999944E-4,
                "DATARATE_RX" : 1.2999999999999972E-4
              }
            },
            "(clientPoolC, nodeC_c03, nodeC_c03)" : {
              "AppCoordinates {com.bbn, test-service1, 1}" : {
                "DATARATE_TX" : 2.5999999999999944E-4,
                "DATARATE_RX" : 1.2999999999999972E-4
              }
            }
          }
        }
      },
      "nodeC_c04" : {
        "containerName" : {
          "name" : "nodeC_c04"
        },
        "timestamp" : 125511,
        "service" : {
          "group" : "com.bbn",
          "artifact" : "test-service3",
          "version" : "1"
        },
        "serviceStatus" : "RUNNING",
        "demandEstimationWindow" : "SHORT",
        "computeCapacity" : {
          "CPU" : 1.0,
          "TASK_CONTAINERS" : 100.0,
          "QueueLength" : 1000000.0
        },
        "computeLoad" : {
          "UNKNOWN" : {
            "QueueLength" : 200.0,
            "TASK_CONTAINERS" : 100.0
          }
        },
        "computeDemand" : {
          "UNKNOWN" : {
            "QueueLength" : 171.42857142857142,
            "TASK_CONTAINERS" : 85.71428571428571
          }
        },
        "averageProcessingTime" : "NaN",
        "networkCapacity" : {
          "interface-nodeC ( nodeC )" : {
            "DATARATE_TX" : 100.0,
            "DATARATE_RX" : 100.0
          }
        },
        "networkLoad" : {
          "interface-nodeC ( nodeC )" : {
            "(clientPoolA, nodeC_c04, nodeC_c04)" : {
              "AppCoordinates {com.bbn, test-service3, 1}" : {
                "DATARATE_TX" : 3.1199999999999934E-4,
                "DATARATE_RX" : 1.5599999999999967E-4
              }
            },
            "(clientPoolC, nodeC_c04, nodeC_c04)" : {
              "AppCoordinates {com.bbn, test-service3, 1}" : {
                "DATARATE_TX" : 3.1199999999999934E-4,
                "DATARATE_RX" : 1.5599999999999967E-4
              }
            },
            "(clientPoolE, nodeC_c04, nodeC_c04)" : {
              "AppCoordinates {com.bbn, test-service3, 1}" : {
                "DATARATE_TX" : 2.8199999999999943E-4,
                "DATARATE_RX" : 1.4099999999999971E-4
              }
            }
          }
        },
        "networkDemand" : {
          "interface-nodeC ( nodeC )" : {
            "(clientPoolA, nodeC_c04, nodeC_c04)" : {
              "AppCoordinates {com.bbn, test-service3, 1}" : {
                "DATARATE_TX" : 2.9099999999999943E-4,
                "DATARATE_RX" : 1.4549999999999971E-4
              }
            },
            "(clientPoolC, nodeC_c04, nodeC_c04)" : {
              "AppCoordinates {com.bbn, test-service3, 1}" : {
                "DATARATE_TX" : 2.909999999999994E-4,
                "DATARATE_RX" : 1.454999999999997E-4
              }
            },
            "(clientPoolE, nodeC_c04, nodeC_c04)" : {
              "AppCoordinates {com.bbn, test-service3, 1}" : {
                "DATARATE_TX" : 2.5666666666666617E-4,
                "DATARATE_RX" : 1.2833333333333308E-4
              }
            }
          }
        }
      },
      "nodeC_c07" : {
        "containerName" : {
          "name" : "nodeC_c07"
        },
        "timestamp" : 125511,
        "service" : {
          "group" : "com.bbn",
          "artifact" : "test-service1",
          "version" : "1"
        },
        "serviceStatus" : "RUNNING",
        "demandEstimationWindow" : "SHORT",
        "computeCapacity" : {
          "CPU" : 1.0,
          "TASK_CONTAINERS" : 100.0,
          "QueueLength" : 1000000.0
        },
        "computeLoad" : {
          "UNKNOWN" : {
            "QueueLength" : 200.0,
            "TASK_CONTAINERS" : 100.0
          }
        },
        "computeDemand" : {
          "UNKNOWN" : {
            "QueueLength" : 171.42857142857142,
            "TASK_CONTAINERS" : 85.71428571428571
          }
        },
        "averageProcessingTime" : "NaN",
        "networkCapacity" : {
          "interface-nodeC ( nodeC )" : {
            "DATARATE_TX" : 100.0,
            "DATARATE_RX" : 100.0
          }
        },
        "networkLoad" : {
          "interface-nodeC ( nodeC )" : {
            "(clientPoolA, nodeC_c07, nodeC_c07)" : {
              "AppCoordinates {com.bbn, test-service1, 1}" : {
                "DATARATE_TX" : 2.6799999999999947E-4,
                "DATARATE_RX" : 1.3399999999999973E-4
              }
            },
            "(clientPoolC, nodeC_c07, nodeC_c07)" : {
              "AppCoordinates {com.bbn, test-service1, 1}" : {
                "DATARATE_TX" : 2.439999999999995E-4,
                "DATARATE_RX" : 1.2199999999999975E-4
              }
            },
            "(clientPoolE, nodeC_c07, nodeC_c07)" : {
              "AppCoordinates {com.bbn, test-service1, 1}" : {
                "DATARATE_TX" : 2.859999999999994E-4,
                "DATARATE_RX" : 1.429999999999997E-4
              }
            }
          }
        },
        "networkDemand" : {
          "interface-nodeC ( nodeC )" : {
            "(clientPoolA, nodeC_c07, nodeC_c07)" : {
              "AppCoordinates {com.bbn, test-service1, 1}" : {
                "DATARATE_TX" : 2.679999999999995E-4,
                "DATARATE_RX" : 1.3399999999999976E-4
              }
            },
            "(clientPoolC, nodeC_c07, nodeC_c07)" : {
              "AppCoordinates {com.bbn, test-service1, 1}" : {
                "DATARATE_TX" : 2.439999999999995E-4,
                "DATARATE_RX" : 1.2199999999999975E-4
              }
            },
            "(clientPoolE, nodeC_c07, nodeC_c07)" : {
              "AppCoordinates {com.bbn, test-service1, 1}" : {
                "DATARATE_TX" : 2.859999999999994E-4,
                "DATARATE_RX" : 1.429999999999997E-4
              }
            }
          }
        }
      }
    },
    "maximumServiceContainers" : 8,
    "allocatedServiceContainers" : 8,
    "computeDemand" : {
      "AppCoordinates {com.bbn, test-service3, 1}" : {
        "UNKNOWN" : {
          "QueueLength" : 356.17857142857144,
          "TASK_CONTAINERS" : 178.08928571428572
        }
      },
      "AppCoordinates {com.bbn, test-service2, 1}" : {
        "UNKNOWN" : {
          "QueueLength" : 350.0,
          "TASK_CONTAINERS" : 175.0
        }
      },
      "AppCoordinates {com.bbn, test-service1, 1}" : {
        "UNKNOWN" : {
          "QueueLength" : 521.4285714285714,
          "TASK_CONTAINERS" : 260.7142857142857
        }
      }
    },
    "containerNetworkLoad" : {
      "interface-nodeC ( nodeC )" : {
        "(clientPoolE, nodeC_c03, nodeC_c03)" : {
          "AppCoordinates {com.bbn, test-service1, 1}" : {
            "DATARATE_TX" : 2.7999999999999943E-4,
            "DATARATE_RX" : 1.3999999999999972E-4
          }
        },
        "(clientPoolC, nodeC_c01, nodeC_c01)" : {
          "AppCoordinates {com.bbn, test-service2, 1}" : {
            "DATARATE_TX" : 3.819999999999992E-4,
            "DATARATE_RX" : 1.909999999999996E-4
          }
        },
        "(clientPoolC, nodeC_c00, nodeC_c00)" : {
          "AppCoordinates {com.bbn, test-service1, 1}" : {
            "DATARATE_TX" : 2.9599999999999944E-4,
            "DATARATE_RX" : 1.4799999999999972E-4
          }
        },
        "(clientPoolE, nodeC_c02, nodeC_c02)" : {
          "AppCoordinates {com.bbn, test-service3, 1}" : {
            "DATARATE_TX" : 5.279999999999998E-4,
            "DATARATE_RX" : 2.639999999999999E-4
          }
        },
        "(clientPoolE, nodeC_c01, nodeC_c01)" : {
          "AppCoordinates {com.bbn, test-service2, 1}" : {
            "DATARATE_TX" : 3.459999999999993E-4,
            "DATARATE_RX" : 1.7299999999999965E-4
          }
        },
        "(clientPoolE, nodeC_c00, nodeC_c00)" : {
          "AppCoordinates {com.bbn, test-service1, 1}" : {
            "DATARATE_TX" : 2.3399999999999962E-4,
            "DATARATE_RX" : 1.1699999999999981E-4
          }
        },
        "(clientPoolE, nodeC_c07, nodeC_c07)" : {
          "AppCoordinates {com.bbn, test-service1, 1}" : {
            "DATARATE_TX" : 2.859999999999994E-4,
            "DATARATE_RX" : 1.429999999999997E-4
          }
        },
        "(clientPoolA, nodeC_c03, nodeC_c03)" : {
          "AppCoordinates {com.bbn, test-service1, 1}" : {
            "DATARATE_TX" : 2.599999999999995E-4,
            "DATARATE_RX" : 1.2999999999999974E-4
          }
        },
        "(clientPoolC, nodeC_c05, nodeC_c05)" : {
          "AppCoordinates {com.bbn, test-service3, 1}" : {
            "DATARATE_TX" : 1.019999999999999E-4,
            "DATARATE_RX" : 5.099999999999995E-5
          }
        },
        "(clientPoolC, nodeC_c04, nodeC_c04)" : {
          "AppCoordinates {com.bbn, test-service3, 1}" : {
            "DATARATE_TX" : 3.1199999999999934E-4,
            "DATARATE_RX" : 1.5599999999999967E-4
          }
        },
        "(clientPoolE, nodeC_c06, nodeC_c06)" : {
          "AppCoordinates {com.bbn, test-service2, 1}" : {
            "DATARATE_TX" : 2.959999999999994E-4,
            "DATARATE_RX" : 1.479999999999997E-4
          }
        },
        "(clientPoolA, nodeC_c02, nodeC_c02)" : {
          "AppCoordinates {com.bbn, test-service3, 1}" : {
            "DATARATE_TX" : 4.839999999999989E-4,
            "DATARATE_RX" : 2.4199999999999946E-4
          }
        },
        "(clientPoolC, nodeC_c03, nodeC_c03)" : {
          "AppCoordinates {com.bbn, test-service1, 1}" : {
            "DATARATE_TX" : 2.599999999999995E-4,
            "DATARATE_RX" : 1.2999999999999974E-4
          }
        },
        "(clientPoolE, nodeC_c05, nodeC_c05)" : {
          "AppCoordinates {com.bbn, test-service3, 1}" : {
            "DATARATE_TX" : 7.599999999999998E-5,
            "DATARATE_RX" : 3.799999999999999E-5
          }
        },
        "(clientPoolA, nodeC_c01, nodeC_c01)" : {
          "AppCoordinates {com.bbn, test-service2, 1}" : {
            "DATARATE_TX" : 3.119999999999994E-4,
            "DATARATE_RX" : 1.559999999999997E-4
          }
        },
        "(clientPoolE, nodeC_c04, nodeC_c04)" : {
          "AppCoordinates {com.bbn, test-service3, 1}" : {
            "DATARATE_TX" : 2.8199999999999943E-4,
            "DATARATE_RX" : 1.4099999999999971E-4
          }
        },
        "(clientPoolA, nodeC_c00, nodeC_c00)" : {
          "AppCoordinates {com.bbn, test-service1, 1}" : {
            "DATARATE_TX" : 2.719999999999995E-4,
            "DATARATE_RX" : 1.3599999999999975E-4
          }
        },
        "(clientPoolC, nodeC_c02, nodeC_c02)" : {
          "AppCoordinates {com.bbn, test-service3, 1}" : {
            "DATARATE_TX" : 4.61999999999999E-4,
            "DATARATE_RX" : 2.309999999999995E-4
          }
        },
        "(clientPoolA, nodeC_c07, nodeC_c07)" : {
          "AppCoordinates {com.bbn, test-service1, 1}" : {
            "DATARATE_TX" : 2.6799999999999947E-4,
            "DATARATE_RX" : 1.3399999999999973E-4
          }
        },
        "(clientPoolA, nodeC_c06, nodeC_c06)" : {
          "AppCoordinates {com.bbn, test-service2, 1}" : {
            "DATARATE_TX" : 3.279999999999993E-4,
            "DATARATE_RX" : 1.6399999999999965E-4
          }
        },
        "(clientPoolC, nodeC_c07, nodeC_c07)" : {
          "AppCoordinates {com.bbn, test-service1, 1}" : {
            "DATARATE_TX" : 2.439999999999995E-4,
            "DATARATE_RX" : 1.2199999999999975E-4
          }
        },
        "(clientPoolA, nodeC_c05, nodeC_c05)" : {
          "AppCoordinates {com.bbn, test-service3, 1}" : {
            "DATARATE_TX" : 8.199999999999996E-5,
            "DATARATE_RX" : 4.099999999999998E-5
          }
        },
        "(clientPoolA, nodeC_c04, nodeC_c04)" : {
          "AppCoordinates {com.bbn, test-service3, 1}" : {
            "DATARATE_TX" : 3.1199999999999934E-4,
            "DATARATE_RX" : 1.5599999999999967E-4
          }
        },
        "(clientPoolC, nodeC_c06, nodeC_c06)" : {
          "AppCoordinates {com.bbn, test-service2, 1}" : {
            "DATARATE_TX" : 4.1799999999999905E-4,
            "DATARATE_RX" : 2.0899999999999952E-4
          }
        }
      }
    },
    "containerNetworkDemand" : {
      "interface-nodeC ( nodeC )" : {
        "(clientPoolE, nodeC_c03, nodeC_c03)" : {
          "AppCoordinates {com.bbn, test-service1, 1}" : {
            "DATARATE_TX" : 2.7999999999999943E-4,
            "DATARATE_RX" : 1.3999999999999972E-4
          }
        },
        "(clientPoolC, nodeC_c01, nodeC_c01)" : {
          "AppCoordinates {com.bbn, test-service2, 1}" : {
            "DATARATE_TX" : 3.8199999999999915E-4,
            "DATARATE_RX" : 1.9099999999999957E-4
          }
        },
        "(clientPoolC, nodeC_c00, nodeC_c00)" : {
          "AppCoordinates {com.bbn, test-service1, 1}" : {
            "DATARATE_TX" : 2.9599999999999944E-4,
            "DATARATE_RX" : 1.4799999999999972E-4
          }
        },
        "(clientPoolE, nodeC_c02, nodeC_c02)" : {
          "AppCoordinates {com.bbn, test-service3, 1}" : {
            "DATARATE_TX" : 5.628571428571435E-4,
            "DATARATE_RX" : 2.8142857142857174E-4
          }
        },
        "(clientPoolE, nodeC_c01, nodeC_c01)" : {
          "AppCoordinates {com.bbn, test-service2, 1}" : {
            "DATARATE_TX" : 3.4599999999999936E-4,
            "DATARATE_RX" : 1.7299999999999968E-4
          }
        },
        "(clientPoolE, nodeC_c00, nodeC_c00)" : {
          "AppCoordinates {com.bbn, test-service1, 1}" : {
            "DATARATE_TX" : 2.3399999999999962E-4,
            "DATARATE_RX" : 1.1699999999999981E-4
          }
        },
        "(clientPoolE, nodeC_c07, nodeC_c07)" : {
          "AppCoordinates {com.bbn, test-service1, 1}" : {
            "DATARATE_TX" : 2.859999999999994E-4,
            "DATARATE_RX" : 1.429999999999997E-4
          }
        },
        "(clientPoolA, nodeC_c03, nodeC_c03)" : {
          "AppCoordinates {com.bbn, test-service1, 1}" : {
            "DATARATE_TX" : 2.5999999999999944E-4,
            "DATARATE_RX" : 1.2999999999999972E-4
          }
        },
        "(clientPoolC, nodeC_c05, nodeC_c05)" : {
          "AppCoordinates {com.bbn, test-service3, 1}" : {
            "DATARATE_TX" : 6.885714285714283E-5,
            "DATARATE_RX" : 3.4428571428571415E-5
          }
        },
        "(clientPoolC, nodeC_c04, nodeC_c04)" : {
          "AppCoordinates {com.bbn, test-service3, 1}" : {
            "DATARATE_TX" : 2.909999999999994E-4,
            "DATARATE_RX" : 1.454999999999997E-4
          }
        },
        "(clientPoolE, nodeC_c06, nodeC_c06)" : {
          "AppCoordinates {com.bbn, test-service2, 1}" : {
            "DATARATE_TX" : 2.959999999999994E-4,
            "DATARATE_RX" : 1.479999999999997E-4
          }
        },
        "(clientPoolA, nodeC_c02, nodeC_c02)" : {
          "AppCoordinates {com.bbn, test-service3, 1}" : {
            "DATARATE_TX" : 5.148571428571424E-4,
            "DATARATE_RX" : 2.574285714285712E-4
          }
        },
        "(clientPoolC, nodeC_c03, nodeC_c03)" : {
          "AppCoordinates {com.bbn, test-service1, 1}" : {
            "DATARATE_TX" : 2.5999999999999944E-4,
            "DATARATE_RX" : 1.2999999999999972E-4
          }
        },
        "(clientPoolE, nodeC_c05, nodeC_c05)" : {
          "AppCoordinates {com.bbn, test-service3, 1}" : {
            "DATARATE_TX" : 5.200000000000001E-5,
            "DATARATE_RX" : 2.6000000000000005E-5
          }
        },
        "(clientPoolA, nodeC_c01, nodeC_c01)" : {
          "AppCoordinates {com.bbn, test-service2, 1}" : {
            "DATARATE_TX" : 3.119999999999994E-4,
            "DATARATE_RX" : 1.559999999999997E-4
          }
        },
        "(clientPoolE, nodeC_c04, nodeC_c04)" : {
          "AppCoordinates {com.bbn, test-service3, 1}" : {
            "DATARATE_TX" : 2.5666666666666617E-4,
            "DATARATE_RX" : 1.2833333333333308E-4
          }
        },
        "(clientPoolA, nodeC_c00, nodeC_c00)" : {
          "AppCoordinates {com.bbn, test-service1, 1}" : {
            "DATARATE_TX" : 2.719999999999995E-4,
            "DATARATE_RX" : 1.3599999999999975E-4
          }
        },
        "(clientPoolC, nodeC_c02, nodeC_c02)" : {
          "AppCoordinates {com.bbn, test-service3, 1}" : {
            "DATARATE_TX" : 5.019999999999993E-4,
            "DATARATE_RX" : 2.5099999999999965E-4
          }
        },
        "(clientPoolA, nodeC_c07, nodeC_c07)" : {
          "AppCoordinates {com.bbn, test-service1, 1}" : {
            "DATARATE_TX" : 2.679999999999995E-4,
            "DATARATE_RX" : 1.3399999999999976E-4
          }
        },
        "(clientPoolA, nodeC_c06, nodeC_c06)" : {
          "AppCoordinates {com.bbn, test-service2, 1}" : {
            "DATARATE_TX" : 3.279999999999993E-4,
            "DATARATE_RX" : 1.6399999999999965E-4
          }
        },
        "(clientPoolC, nodeC_c07, nodeC_c07)" : {
          "AppCoordinates {com.bbn, test-service1, 1}" : {
            "DATARATE_TX" : 2.439999999999995E-4,
            "DATARATE_RX" : 1.2199999999999975E-4
          }
        },
        "(clientPoolA, nodeC_c05, nodeC_c05)" : {
          "AppCoordinates {com.bbn, test-service3, 1}" : {
            "DATARATE_TX" : 5.8857142857142866E-5,
            "DATARATE_RX" : 2.9428571428571433E-5
          }
        },
        "(clientPoolA, nodeC_c04, nodeC_c04)" : {
          "AppCoordinates {com.bbn, test-service3, 1}" : {
            "DATARATE_TX" : 2.9099999999999943E-4,
            "DATARATE_RX" : 1.4549999999999971E-4
          }
        },
        "(clientPoolC, nodeC_c06, nodeC_c06)" : {
          "AppCoordinates {com.bbn, test-service2, 1}" : {
            "DATARATE_TX" : 4.1799999999999905E-4,
            "DATARATE_RX" : 2.0899999999999952E-4
          }
        }
      }
    },
    "computeLoad" : {
      "AppCoordinates {com.bbn, test-service3, 1}" : {
        "UNKNOWN" : {
          "QueueLength" : 453.0,
          "TASK_CONTAINERS" : 226.5
        }
      },
      "AppCoordinates {com.bbn, test-service2, 1}" : {
        "UNKNOWN" : {
          "QueueLength" : 400.0,
          "TASK_CONTAINERS" : 200.0
        }
      },
      "AppCoordinates {com.bbn, test-service1, 1}" : {
        "UNKNOWN" : {
          "QueueLength" : 600.0,
          "TASK_CONTAINERS" : 300.0
        }
      }
    },
    "allocatedComputeCapacity" : {
      "CPU" : 8.0,
      "QueueLength" : 8000000.0,
      "TASK_CONTAINERS" : 800.0
    },
    "availableServiceContainers" : 0,
    "averageProcessingTime" : {
      "AppCoordinates {com.bbn, test-service3, 1}" : 120000.0,
      "AppCoordinates {com.bbn, test-service2, 1}" : 120000.0,
      "AppCoordinates {com.bbn, test-service1, 1}" : 120000.0
    }
  } ]
}