577,1,DNS_UPDATE_SUCCEEDED
628,2,DCOP_PLAN_PLUBLIED
655,2,RLG_PLAN_PUBLISHED
105717,212,DCOP_PLAN_PLUBLIED
108603,217,RLG_PLAN_PUBLISHED
108618,218,DNS_UPDATE_SUCCEEDED
109115,219,DNS_UPDATE_SUCCEEDED
111602,223,RLG_PLAN_PUBLISHED
111650,224,DNS_UPDATE_SUCCEEDED
165656,332,DCOP_PLAN_PLUBLIED
168607,337,RLG_PLAN_PUBLISHED
168638,338,DNS_UPDATE_SUCCEEDED
169137,339,DNS_UPDATE_SUCCEEDED
171606,343,RLG_PLAN_PUBLISHED
171639,344,DNS_UPDATE_SUCCEEDED
225678,452,DCOP_PLAN_PLUBLIED
228611,457,RLG_PLAN_PUBLISHED
228652,458,DNS_UPDATE_SUCCEEDED
285664,572,DCOP_PLAN_PLUBLIED
288613,577,RLG_PLAN_PUBLISHED
288661,578,DNS_UPDATE_SUCCEEDED
345681,692,DCOP_PLAN_PLUBLIED
348615,697,RLG_PLAN_PUBLISHED
348673,698,DNS_UPDATE_SUCCEEDED
405694,812,DCOP_PLAN_PLUBLIED
408621,817,RLG_PLAN_PUBLISHED
408692,818,DNS_UPDATE_SUCCEEDED
465678,931,DCOP_PLAN_PLUBLIED
468624,937,RLG_PLAN_PUBLISHED
468729,938,DNS_UPDATE_SUCCEEDED
525690,1051,DCOP_PLAN_PLUBLIED
528625,1057,RLG_PLAN_PUBLISHED
528771,1058,DNS_UPDATE_SUCCEEDED
585670,1171,DCOP_PLAN_PLUBLIED
588627,1177,RLG_PLAN_PUBLISHED
588795,1178,DNS_UPDATE_SUCCEEDED
630005,1260,DCOP_PLAN_PLUBLIED
