{
  "region" : {
    "name" : "A"
  },
  "minTimestamp" : 337999,
  "maxTimestamp" : 337999,
  "demandEstimationWindow" : "SHORT",
  "serverCapacity" : {
    "DISK" : 10.0,
    "MEMORY" : 1.6E10,
    "CPU" : 8.0,
    "TASK_CONTAINERS" : 8.0
  },
  "serverLoad" : {
    "AppCoordinates {com.bbn, test-service3, 1}" : {
      "unknown" : {
        "QueueLength" : 30.0,
        "TASK_CONTAINERS" : 2.9999999999999996
      }
    },
    "AppCoordinates {com.bbn, test-service2, 1}" : {
      "unknown" : {
        "QueueLength" : 20.0,
        "TASK_CONTAINERS" : 1.9999999999999998
      }
    },
    "AppCoordinates {com.bbn, test-service1, 1}" : {
      "unknown" : {
        "QueueLength" : 10.0,
        "TASK_CONTAINERS" : 0.9999999999999999
      }
    }
  },
  "serverDemand" : {
    "AppCoordinates {com.bbn, test-service3, 1}" : {
      "unknown" : {
        "QueueLength" : 26.07142857142857,
        "TASK_CONTAINERS" : 2.6071428571428568
      }
    },
    "AppCoordinates {com.bbn, test-service2, 1}" : {
      "unknown" : {
        "QueueLength" : 17.32142857142857,
        "TASK_CONTAINERS" : 1.7321428571428568
      }
    },
    "AppCoordinates {com.bbn, test-service1, 1}" : {
      "unknown" : {
        "QueueLength" : 8.75,
        "TASK_CONTAINERS" : 0.8749999999999999
      }
    }
  },
  "serverAverageProcessingTimeCount" : { },
  "serverAverageProcessingTimeSum" : { },
  "networkCapacity" : {
    "B" : {
      "DATARATE_RX" : 100.0,
      "DATARATE_TX" : 100.0
    },
    "E" : {
      "DATARATE_RX" : 100.0,
      "DATARATE_TX" : 100.0
    },
    "G" : {
      "DATARATE_RX" : 100.0,
      "DATARATE_TX" : 100.0
    }
  },
  "networkLoad" : {
    "B" : {
      "(A, C, A)" : {
        "AppCoordinates {com.bbn, test-service3, 1}" : {
          "DATARATE_TX" : 0.008,
          "DATARATE_RX" : 0.016
        },
        "AppCoordinates {com.bbn, test-service2, 1}" : {
          "DATARATE_TX" : 0.007,
          "DATARATE_RX" : 0.014
        },
        "AppCoordinates {com.bbn, test-service1, 1}" : {
          "DATARATE_TX" : 0.007,
          "DATARATE_RX" : 0.014
        }
      }
    },
    "E" : {
      "(A, E, A)" : {
        "AppCoordinates {com.bbn, test-service3, 1}" : {
          "DATARATE_TX" : 0.013000000000000001,
          "DATARATE_RX" : 0.026000000000000002
        },
        "AppCoordinates {com.bbn, test-service2, 1}" : {
          "DATARATE_TX" : 0.01,
          "DATARATE_RX" : 0.02
        },
        "AppCoordinates {com.bbn, test-service1, 1}" : {
          "DATARATE_TX" : 0.006,
          "DATARATE_RX" : 0.012
        }
      }
    },
    "G" : {
      "(A, G, A)" : {
        "AppCoordinates {com.bbn, test-service3, 1}" : {
          "DATARATE_TX" : 0.009000000000000001,
          "DATARATE_RX" : 0.018000000000000002
        },
        "AppCoordinates {com.bbn, test-service2, 1}" : {
          "DATARATE_TX" : 0.013000000000000001,
          "DATARATE_RX" : 0.026000000000000002
        },
        "AppCoordinates {com.bbn, test-service1, 1}" : {
          "DATARATE_TX" : 0.007,
          "DATARATE_RX" : 0.014
        }
      }
    }
  },
  "networkDemand" : {
    "B" : {
      "(A, C, A)" : {
        "AppCoordinates {com.bbn, test-service3, 1}" : {
          "DATARATE_TX" : 0.007999999999999998,
          "DATARATE_RX" : 0.015999999999999997
        },
        "AppCoordinates {com.bbn, test-service2, 1}" : {
          "DATARATE_TX" : 0.006999999999999999,
          "DATARATE_RX" : 0.013999999999999999
        },
        "AppCoordinates {com.bbn, test-service1, 1}" : {
          "DATARATE_TX" : 0.006999999999999999,
          "DATARATE_RX" : 0.013999999999999999
        }
      }
    },
    "E" : {
      "(A, E, A)" : {
        "AppCoordinates {com.bbn, test-service3, 1}" : {
          "DATARATE_TX" : 0.013000000000000001,
          "DATARATE_RX" : 0.026000000000000002
        },
        "AppCoordinates {com.bbn, test-service2, 1}" : {
          "DATARATE_TX" : 0.009999999999999998,
          "DATARATE_RX" : 0.019999999999999997
        },
        "AppCoordinates {com.bbn, test-service1, 1}" : {
          "DATARATE_TX" : 0.005999999999999999,
          "DATARATE_RX" : 0.011999999999999999
        }
      }
    },
    "G" : {
      "(A, G, A)" : {
        "AppCoordinates {com.bbn, test-service3, 1}" : {
          "DATARATE_TX" : 0.009,
          "DATARATE_RX" : 0.018
        },
        "AppCoordinates {com.bbn, test-service2, 1}" : {
          "DATARATE_TX" : 0.013000000000000001,
          "DATARATE_RX" : 0.026000000000000002
        },
        "AppCoordinates {com.bbn, test-service1, 1}" : {
          "DATARATE_TX" : 0.006999999999999999,
          "DATARATE_RX" : 0.013999999999999999
        }
      }
    }
  },
  "maximumServiceContainers" : 8,
  "allocatedServiceContainers" : 8,
  "serverAverageProcessingTime" : { },
  "availableServiceContainers" : 0,
  "nullSummary" : false
}