{
  "region" : {
    "name" : "S"
  },
  "minTimestamp" : 266995,
  "maxTimestamp" : 266995,
  "demandEstimationWindow" : "SHORT",
  "serverCapacity" : {
    "DISK" : 10.0,
    "MEMORY" : 8.0E9,
    "CPU" : 4.0,
    "TASK_CONTAINERS" : 20.0
  },
  "serverLoad" : { },
  "serverDemand" : { },
  "serverAverageProcessingTimeCount" : { },
  "serverAverageProcessingTimeSum" : { },
  "networkCapacity" : {
    "D" : {
      "DATARATE_RX" : 100.0,
      "DATARATE_TX" : 100.0
    },
    "F" : {
      "DATARATE_RX" : 100.0,
      "DATARATE_TX" : 100.0
    }
  },
  "networkLoad" : {
    "D" : {
      "(F, A, A)" : {
        "AppCoordinates {com.bbn, test-service3, 1}" : {
          "DATARATE_TX" : 0.018000000000000002,
          "DATARATE_RX" : 0.009000000000000001
        },
        "AppCoordinates {com.bbn, test-service2, 1}" : {
          "DATARATE_TX" : 0.012,
          "DATARATE_RX" : 0.006
        },
        "AppCoordinates {com.bbn, test-service1, 1}" : {
          "DATARATE_TX" : 0.016,
          "DATARATE_RX" : 0.008
        }
      }
    },
    "F" : {
      "(A, F, A)" : {
        "AppCoordinates {com.bbn, test-service3, 1}" : {
          "DATARATE_TX" : 0.009000000000000001,
          "DATARATE_RX" : 0.018000000000000002
        },
        "AppCoordinates {com.bbn, test-service2, 1}" : {
          "DATARATE_TX" : 0.006,
          "DATARATE_RX" : 0.012
        },
        "AppCoordinates {com.bbn, test-service1, 1}" : {
          "DATARATE_TX" : 0.008,
          "DATARATE_RX" : 0.016
        }
      }
    }
  },
  "networkDemand" : {
    "D" : {
      "(F, A, A)" : {
        "AppCoordinates {com.bbn, test-service3, 1}" : {
          "DATARATE_TX" : 0.018000000000000002,
          "DATARATE_RX" : 0.009000000000000001
        },
        "AppCoordinates {com.bbn, test-service2, 1}" : {
          "DATARATE_TX" : 0.011999999999999999,
          "DATARATE_RX" : 0.005999999999999999
        },
        "AppCoordinates {com.bbn, test-service1, 1}" : {
          "DATARATE_TX" : 0.016,
          "DATARATE_RX" : 0.008
        }
      }
    },
    "F" : {
      "(A, F, A)" : {
        "AppCoordinates {com.bbn, test-service3, 1}" : {
          "DATARATE_TX" : 0.009000000000000001,
          "DATARATE_RX" : 0.018000000000000002
        },
        "AppCoordinates {com.bbn, test-service2, 1}" : {
          "DATARATE_TX" : 0.005999999999999999,
          "DATARATE_RX" : 0.011999999999999999
        },
        "AppCoordinates {com.bbn, test-service1, 1}" : {
          "DATARATE_TX" : 0.008,
          "DATARATE_RX" : 0.016
        }
      }
    }
  },
  "maximumServiceContainers" : 20,
  "allocatedServiceContainers" : 0,
  "serverAverageProcessingTime" : { },
  "availableServiceContainers" : 20,
  "nullSummary" : false
}