{
  "region" : {
    "name" : "E"
  },
  "minTimestamp" : 336983,
  "maxTimestamp" : 336983,
  "demandEstimationWindow" : "LONG",
  "serverCapacity" : {
    "DISK" : 10.0,
    "MEMORY" : 8.0E9,
    "CPU" : 4.0,
    "TASK_CONTAINERS" : 20.0
  },
  "serverLoad" : { },
  "serverDemand" : { },
  "serverAverageProcessingTimeCount" : { },
  "serverAverageProcessingTimeSum" : { },
  "networkCapacity" : {
    "A" : {
      "DATARATE_RX" : 100.0,
      "DATARATE_TX" : 100.0
    },
    "C" : {
      "DATARATE_RX" : 100.0,
      "DATARATE_TX" : 100.0
    }
  },
  "networkLoad" : {
    "A" : {
      "(C, A, C)" : {
        "AppCoordinates {com.bbn, test-service3, 1}" : {
          "DATARATE_TX" : 0.012,
          "DATARATE_RX" : 0.024
        },
        "AppCoordinates {com.bbn, test-service2, 1}" : {
          "DATARATE_TX" : 0.01,
          "DATARATE_RX" : 0.02
        },
        "AppCoordinates {com.bbn, test-service1, 1}" : {
          "DATARATE_TX" : 0.009000000000000001,
          "DATARATE_RX" : 0.018000000000000002
        }
      }
    },
    "C" : {
      "(A, C, C)" : {
        "AppCoordinates {com.bbn, test-service3, 1}" : {
          "DATARATE_TX" : 0.024,
          "DATARATE_RX" : 0.012
        },
        "AppCoordinates {com.bbn, test-service2, 1}" : {
          "DATARATE_TX" : 0.02,
          "DATARATE_RX" : 0.01
        },
        "AppCoordinates {com.bbn, test-service1, 1}" : {
          "DATARATE_TX" : 0.018000000000000002,
          "DATARATE_RX" : 0.009000000000000001
        }
      }
    }
  },
  "networkDemand" : {
    "A" : {
      "(C, A, C)" : {
        "AppCoordinates {com.bbn, test-service3, 1}" : {
          "DATARATE_TX" : 0.011999999999999952,
          "DATARATE_RX" : 0.023999999999999903
        },
        "AppCoordinates {com.bbn, test-service2, 1}" : {
          "DATARATE_TX" : 0.00999999999999999,
          "DATARATE_RX" : 0.01999999999999998
        },
        "AppCoordinates {com.bbn, test-service1, 1}" : {
          "DATARATE_TX" : 0.008999999999999956,
          "DATARATE_RX" : 0.017999999999999912
        }
      }
    },
    "C" : {
      "(A, C, C)" : {
        "AppCoordinates {com.bbn, test-service3, 1}" : {
          "DATARATE_TX" : 0.023999999999999903,
          "DATARATE_RX" : 0.011999999999999952
        },
        "AppCoordinates {com.bbn, test-service2, 1}" : {
          "DATARATE_TX" : 0.01999999999999998,
          "DATARATE_RX" : 0.00999999999999999
        },
        "AppCoordinates {com.bbn, test-service1, 1}" : {
          "DATARATE_TX" : 0.017999999999999912,
          "DATARATE_RX" : 0.008999999999999956
        }
      }
    }
  },
  "maximumServiceContainers" : 20,
  "allocatedServiceContainers" : 0,
  "serverAverageProcessingTime" : { },
  "availableServiceContainers" : 20,
  "nullSummary" : false
}