469,1,DNS_UPDATE_SUCCEEDED
497,1,DCOP_PLAN_PLUBLIED
510,1,RLG_PLAN_PUBLISHED
105718,212,DCOP_PLAN_PLUBLIED
108494,217,RLG_PLAN_PUBLISHED
108573,218,DNS_UPDATE_SUCCEEDED
109067,219,DNS_UPDATE_SUCCEEDED
111490,223,RLG_PLAN_PUBLISHED
111573,224,DNS_UPDATE_SUCCEEDED
117490,235,RLG_PLAN_PUBLISHED
117571,236,DNS_UPDATE_SUCCEEDED
118070,237,DNS_UPDATE_SUCCEEDED
120491,241,RLG_PLAN_PUBLISHED
120571,242,DNS_UPDATE_SUCCEEDED
156500,313,RLG_PLAN_PUBLISHED
156590,314,DNS_UPDATE_SUCCEEDED
157090,315,DNS_UPDATE_SUCCEEDED
159496,319,RLG_PLAN_PUBLISHED
159593,320,DNS_UPDATE_SUCCEEDED
165687,332,DCOP_PLAN_PLUBLIED
168500,337,RLG_PLAN_PUBLISHED
168593,338,DNS_UPDATE_SUCCEEDED
169092,339,DNS_UPDATE_SUCCEEDED
171499,343,RLG_PLAN_PUBLISHED
171593,344,DNS_UPDATE_SUCCEEDED
177500,355,RLG_PLAN_PUBLISHED
177600,356,DNS_UPDATE_SUCCEEDED
180496,361,RLG_PLAN_PUBLISHED
180599,362,DNS_UPDATE_SUCCEEDED
181101,363,DNS_UPDATE_SUCCEEDED
183497,367,RLG_PLAN_PUBLISHED
183600,368,DNS_UPDATE_SUCCEEDED
186499,373,RLG_PLAN_PUBLISHED
186607,374,DNS_UPDATE_SUCCEEDED
189501,379,RLG_PLAN_PUBLISHED
189607,380,DNS_UPDATE_SUCCEEDED
190108,381,DNS_UPDATE_SUCCEEDED
192501,385,RLG_PLAN_PUBLISHED
192615,386,DNS_UPDATE_SUCCEEDED
225647,452,DCOP_PLAN_PLUBLIED
228508,457,RLG_PLAN_PUBLISHED
228629,458,DNS_UPDATE_SUCCEEDED
229133,459,DNS_UPDATE_SUCCEEDED
231504,463,RLG_PLAN_PUBLISHED
231632,464,DNS_UPDATE_SUCCEEDED
234504,469,RLG_PLAN_PUBLISHED
234636,470,DNS_UPDATE_SUCCEEDED
235136,471,DNS_UPDATE_SUCCEEDED
237504,475,RLG_PLAN_PUBLISHED
237639,476,DNS_UPDATE_SUCCEEDED
240502,481,RLG_PLAN_PUBLISHED
240636,482,DNS_UPDATE_SUCCEEDED
241137,483,DNS_UPDATE_SUCCEEDED
243502,487,RLG_PLAN_PUBLISHED
243638,488,DNS_UPDATE_SUCCEEDED
276507,553,RLG_PLAN_PUBLISHED
276662,554,DNS_UPDATE_SUCCEEDED
277167,555,DNS_UPDATE_SUCCEEDED
279507,559,RLG_PLAN_PUBLISHED
279664,560,DNS_UPDATE_SUCCEEDED
285507,571,RLG_PLAN_PUBLISHED
285660,571,DCOP_PLAN_PLUBLIED
285667,572,DNS_UPDATE_SUCCEEDED
286170,573,DNS_UPDATE_SUCCEEDED
288509,577,RLG_PLAN_PUBLISHED
288668,578,DNS_UPDATE_SUCCEEDED
339516,679,RLG_PLAN_PUBLISHED
339717,680,DNS_UPDATE_SUCCEEDED
340214,681,DNS_UPDATE_SUCCEEDED
342514,685,RLG_PLAN_PUBLISHED
342718,686,DNS_UPDATE_SUCCEEDED
345643,691,DCOP_PLAN_PLUBLIED
348515,697,RLG_PLAN_PUBLISHED
348715,698,DNS_UPDATE_SUCCEEDED
349215,699,DNS_UPDATE_SUCCEEDED
351514,703,RLG_PLAN_PUBLISHED
351720,704,DNS_UPDATE_SUCCEEDED
393518,787,RLG_PLAN_PUBLISHED
393754,788,DNS_UPDATE_SUCCEEDED
394250,789,DNS_UPDATE_SUCCEEDED
396516,793,RLG_PLAN_PUBLISHED
396757,794,DNS_UPDATE_SUCCEEDED
399521,799,RLG_PLAN_PUBLISHED
399759,800,DNS_UPDATE_SUCCEEDED
400258,801,DNS_UPDATE_SUCCEEDED
402516,805,RLG_PLAN_PUBLISHED
402761,806,DNS_UPDATE_SUCCEEDED
403262,807,DNS_UPDATE_SUCCEEDED
405518,811,RLG_PLAN_PUBLISHED
405648,811,DCOP_PLAN_PLUBLIED
405769,812,DNS_UPDATE_SUCCEEDED
408516,817,RLG_PLAN_PUBLISHED
408763,818,DNS_UPDATE_SUCCEEDED
409266,819,DNS_UPDATE_SUCCEEDED
411519,823,RLG_PLAN_PUBLISHED
411764,824,DNS_UPDATE_SUCCEEDED
412272,825,DNS_UPDATE_SUCCEEDED
414519,829,RLG_PLAN_PUBLISHED
414767,830,DNS_UPDATE_SUCCEEDED
415269,831,DNS_UPDATE_SUCCEEDED
417521,835,RLG_PLAN_PUBLISHED
417766,836,DNS_UPDATE_SUCCEEDED
420519,841,RLG_PLAN_PUBLISHED
420768,842,DNS_UPDATE_SUCCEEDED
421268,843,DNS_UPDATE_SUCCEEDED
423518,847,RLG_PLAN_PUBLISHED
423773,848,DNS_UPDATE_SUCCEEDED
424272,849,DNS_UPDATE_SUCCEEDED
426519,853,RLG_PLAN_PUBLISHED
426775,854,DNS_UPDATE_SUCCEEDED
462519,925,RLG_PLAN_PUBLISHED
462802,926,DNS_UPDATE_SUCCEEDED
465518,931,RLG_PLAN_PUBLISHED
465630,931,DCOP_PLAN_PLUBLIED
465799,932,DNS_UPDATE_SUCCEEDED
466304,933,DNS_UPDATE_SUCCEEDED
468522,937,RLG_PLAN_PUBLISHED
468802,938,DNS_UPDATE_SUCCEEDED
471522,943,RLG_PLAN_PUBLISHED
471802,944,DNS_UPDATE_SUCCEEDED
474519,949,RLG_PLAN_PUBLISHED
474805,950,DNS_UPDATE_SUCCEEDED
475302,951,DNS_UPDATE_SUCCEEDED
477522,955,RLG_PLAN_PUBLISHED
477805,956,DNS_UPDATE_SUCCEEDED
516526,1033,RLG_PLAN_PUBLISHED
516882,1034,DNS_UPDATE_SUCCEEDED
517373,1035,DNS_UPDATE_SUCCEEDED
519524,1039,RLG_PLAN_PUBLISHED
519874,1040,DNS_UPDATE_SUCCEEDED
520376,1041,DNS_UPDATE_SUCCEEDED
522526,1045,RLG_PLAN_PUBLISHED
522884,1046,DNS_UPDATE_SUCCEEDED
523378,1047,DNS_UPDATE_SUCCEEDED
525525,1051,RLG_PLAN_PUBLISHED
525618,1051,DCOP_PLAN_PLUBLIED
525877,1052,DNS_UPDATE_SUCCEEDED
528525,1057,RLG_PLAN_PUBLISHED
528877,1058,DNS_UPDATE_SUCCEEDED
531527,1063,RLG_PLAN_PUBLISHED
531877,1064,DNS_UPDATE_SUCCEEDED
532378,1065,DNS_UPDATE_SUCCEEDED
534528,1069,RLG_PLAN_PUBLISHED
534881,1070,DNS_UPDATE_SUCCEEDED
535381,1071,DNS_UPDATE_SUCCEEDED
537526,1075,RLG_PLAN_PUBLISHED
537884,1076,DNS_UPDATE_SUCCEEDED
543527,1087,RLG_PLAN_PUBLISHED
543886,1088,DNS_UPDATE_SUCCEEDED
549527,1099,RLG_PLAN_PUBLISHED
549891,1100,DNS_UPDATE_SUCCEEDED
550389,1101,DNS_UPDATE_SUCCEEDED
552526,1105,RLG_PLAN_PUBLISHED
552889,1106,DNS_UPDATE_SUCCEEDED
582530,1165,RLG_PLAN_PUBLISHED
582908,1166,DNS_UPDATE_SUCCEEDED
583409,1167,DNS_UPDATE_SUCCEEDED
585532,1171,RLG_PLAN_PUBLISHED
585613,1171,DCOP_PLAN_PLUBLIED
585910,1172,DNS_UPDATE_SUCCEEDED
588533,1177,RLG_PLAN_PUBLISHED
588911,1178,DNS_UPDATE_SUCCEEDED
589407,1179,DNS_UPDATE_SUCCEEDED
591531,1183,RLG_PLAN_PUBLISHED
591914,1184,DNS_UPDATE_SUCCEEDED
594530,1189,RLG_PLAN_PUBLISHED
594913,1190,DNS_UPDATE_SUCCEEDED
597535,1195,RLG_PLAN_PUBLISHED
597913,1196,DNS_UPDATE_SUCCEEDED
598418,1197,DNS_UPDATE_SUCCEEDED
600531,1201,RLG_PLAN_PUBLISHED
600916,1202,DNS_UPDATE_SUCCEEDED
603533,1207,RLG_PLAN_PUBLISHED
603918,1208,DNS_UPDATE_SUCCEEDED
604418,1209,DNS_UPDATE_SUCCEEDED
606532,1213,RLG_PLAN_PUBLISHED
606922,1214,DNS_UPDATE_SUCCEEDED
624535,1249,RLG_PLAN_PUBLISHED
624938,1250,DNS_UPDATE_SUCCEEDED
627540,1255,RLG_PLAN_PUBLISHED
627941,1256,DNS_UPDATE_SUCCEEDED
628441,1257,DNS_UPDATE_SUCCEEDED
630002,1260,RLG_PLAN_PUBLISHED
630002,1260,DCOP_PLAN_PLUBLIED
