{
  "region" : {
    "name" : "C"
  },
  "timestamp" : 162490,
  "servicePlan" : {
    "nodeC" : [ {
      "id" : {
        "name" : "nodeC_c00"
      },
      "service" : {
        "group" : "com.bbn",
        "artifact" : "test-service3",
        "version" : "1"
      },
      "weight" : 1.0,
      "stopTrafficTo" : false,
      "stop" : false
    } ]
  },
  "overflowPlan" : {
    "AppCoordinates {com.bbn, test-service3, 1}" : {
      "A" : 0.7994297965673195,
      "C" : 0.2005702034326805
    },
    "AppCoordinates {com.bbn, test-service2, 1}" : {
      "A" : 1.0,
      "C" : 0.0
    },
    "AppCoordinates {com.bbn, test-service1, 1}" : {
      "A" : 1.0,
      "C" : 0.0
    }
  }
}