{
  "AppCoordinates {com.bbn, test-service3, 1}" : {
    "serverDemand" : {
      "C" : {
        "QueueLength" : 392.9746640652079,
        "TASK_CONTAINERS" : 211.19275581696613
      },
      "E" : {
        "QueueLength" : 399.2593848085613,
        "TASK_CONTAINERS" : 214.27830544754704
      }
    }
  },
  "AppCoordinates {com.bbn, test-service2, 1}" : {
    "serverDemand" : {
      "C" : {
        "QueueLength" : 83.39545727382044,
        "TASK_CONTAINERS" : 41.69772863691022
      },
      "E" : {
        "QueueLength" : 78.95813388640052,
        "TASK_CONTAINERS" : 39.47906694320026
      }
    }
  },
  "AppCoordinates {com.bbn, test-service1, 1}" : {
    "serverDemand" : {
      "C" : {
        "QueueLength" : 83.29019290264812,
        "TASK_CONTAINERS" : 41.64509645132406
      },
      "E" : {
        "QueueLength" : 80.40317726309775,
        "TASK_CONTAINERS" : 40.20158863154887
      }
    }
  }
}