484,1,DNS_UPDATE_SUCCEEDED
40134,80,RLG_PLAN_PUBLISHED
40134,80,DCOP_PLAN_PLUBLIED
40645,81,DNS_UPDATE_SUCCEEDED
220486,435,DCOP_PLAN_PLUBLIED
220610,435,RLG_PLAN_PUBLISHED
1060331,2099,DCOP_PLAN_PLUBLIED
1061916,2102,RLG_PLAN_PUBLISHED
1062260,2103,DNS_UPDATE_SUCCEEDED
1064921,2108,RLG_PLAN_PUBLISHED
1180486,2337,DCOP_PLAN_PLUBLIED
1182094,2340,RLG_PLAN_PUBLISHED
1182968,2342,DNS_UPDATE_SUCCEEDED
1185099,2346,RLG_PLAN_PUBLISHED
1233176,2441,RLG_PLAN_PUBLISHED
1233458,2442,DNS_UPDATE_SUCCEEDED
1233964,2443,DNS_UPDATE_SUCCEEDED
1236177,2447,RLG_PLAN_PUBLISHED
1236490,2448,DNS_UPDATE_SUCCEEDED
