{
  "region" : {
    "name" : "K"
  },
  "nodeResourceReports" : [ {
    "nodeName" : {
      "name" : "nodeK"
    },
    "timestamp" : 165490,
    "demandEstimationWindow" : "SHORT",
    "nodeComputeCapacity" : {
      "CPU" : 4.0,
      "MEMORY" : 8.0E9,
      "DISK" : 10.0,
      "TASK_CONTAINERS" : 20.0
    },
    "networkCapacity" : {
      "interface-nodeH ( nodeH )" : {
        "DATARATE_RX" : 100.0,
        "DATARATE_TX" : 100.0
      }
    },
    "networkLoad" : {
      "interface-nodeH ( nodeH )" : {
        "(clientPoolK, nodeC_c01, nodeC_c01)" : {
          "AppCoordinates {com.bbn, test-service2, 1}" : {
            "DATARATE_TX" : 0.006,
            "DATARATE_RX" : 0.003
          }
        },
        "(clientPoolK, nodeC_c00, nodeC_c00)" : {
          "AppCoordinates {com.bbn, test-service1, 1}" : {
            "DATARATE_TX" : 0.006,
            "DATARATE_RX" : 0.003
          }
        },
        "(clientPoolK, nodeC_c05, nodeC_c05)" : {
          "AppCoordinates {com.bbn, test-service1, 1}" : {
            "DATARATE_TX" : 0.004,
            "DATARATE_RX" : 0.002
          }
        },
        "(clientPoolK, nodeC_c04, nodeC_c04)" : {
          "AppCoordinates {com.bbn, test-service2, 1}" : {
            "DATARATE_TX" : 0.004,
            "DATARATE_RX" : 0.002
          }
        },
        "(clientPoolK, nodeC_c03, nodeC_c03)" : {
          "AppCoordinates {com.bbn, test-service3, 1}" : {
            "DATARATE_TX" : 0.006,
            "DATARATE_RX" : 0.003
          }
        },
        "(clientPoolK, nodeC_c02, nodeC_c02)" : {
          "AppCoordinates {com.bbn, test-service3, 1}" : {
            "DATARATE_TX" : 0.006,
            "DATARATE_RX" : 0.003
          }
        },
        "(clientPoolK, nodeC_c07, nodeC_c07)" : {
          "AppCoordinates {com.bbn, test-service2, 1}" : {
            "DATARATE_TX" : 0.004,
            "DATARATE_RX" : 0.002
          }
        },
        "(clientPoolK, nodeC_c06, nodeC_c06)" : {
          "AppCoordinates {com.bbn, test-service3, 1}" : {
            "DATARATE_TX" : 0.006,
            "DATARATE_RX" : 0.003
          }
        }
      }
    },
    "networkDemand" : {
      "interface-nodeH ( nodeH )" : {
        "(clientPoolK, nodeC_c01, nodeC_c01)" : {
          "AppCoordinates {com.bbn, test-service2, 1}" : {
            "DATARATE_TX" : 0.005999999999999999,
            "DATARATE_RX" : 0.0029999999999999996
          }
        },
        "(clientPoolK, nodeC_c00, nodeC_c00)" : {
          "AppCoordinates {com.bbn, test-service1, 1}" : {
            "DATARATE_TX" : 0.005999999999999999,
            "DATARATE_RX" : 0.0029999999999999996
          }
        },
        "(clientPoolK, nodeC_c05, nodeC_c05)" : {
          "AppCoordinates {com.bbn, test-service1, 1}" : {
            "DATARATE_TX" : 0.004,
            "DATARATE_RX" : 0.002
          }
        },
        "(clientPoolK, nodeC_c04, nodeC_c04)" : {
          "AppCoordinates {com.bbn, test-service2, 1}" : {
            "DATARATE_TX" : 0.004,
            "DATARATE_RX" : 0.002
          }
        },
        "(clientPoolK, nodeC_c03, nodeC_c03)" : {
          "AppCoordinates {com.bbn, test-service3, 1}" : {
            "DATARATE_TX" : 0.005999999999999999,
            "DATARATE_RX" : 0.0029999999999999996
          }
        },
        "(clientPoolK, nodeC_c02, nodeC_c02)" : {
          "AppCoordinates {com.bbn, test-service3, 1}" : {
            "DATARATE_TX" : 0.005999999999999999,
            "DATARATE_RX" : 0.0029999999999999996
          }
        },
        "(clientPoolK, nodeC_c07, nodeC_c07)" : {
          "AppCoordinates {com.bbn, test-service2, 1}" : {
            "DATARATE_TX" : 0.004,
            "DATARATE_RX" : 0.002
          }
        },
        "(clientPoolK, nodeC_c06, nodeC_c06)" : {
          "AppCoordinates {com.bbn, test-service3, 1}" : {
            "DATARATE_TX" : 0.005999999999999999,
            "DATARATE_RX" : 0.0029999999999999996
          }
        }
      }
    },
    "containerReports" : { },
    "maximumServiceContainers" : 20,
    "allocatedServiceContainers" : 0,
    "computeDemand" : { },
    "containerNetworkLoad" : { },
    "containerNetworkDemand" : { },
    "computeLoad" : { },
    "allocatedComputeCapacity" : { },
    "availableServiceContainers" : 20,
    "averageProcessingTime" : { }
  } ]
}