{
  "region" : {
    "name" : "D"
  },
  "nodeResourceReports" : [ {
    "nodeName" : {
      "name" : "nodeD"
    },
    "timestamp" : 306984,
    "demandEstimationWindow" : "SHORT",
    "nodeComputeCapacity" : {
      "CPU" : 4.0,
      "MEMORY" : 8.0E9,
      "DISK" : 10.0,
      "TASK_CONTAINERS" : 20.0
    },
    "networkCapacity" : {
      "interface-nodeB ( nodeB )" : {
        "DATARATE_RX" : 100.0,
        "DATARATE_TX" : 100.0
      },
      "interface-nodeC ( nodeC )" : {
        "DATARATE_RX" : 100.0,
        "DATARATE_TX" : 100.0
      },
      "interface-nodeI ( nodeI )" : {
        "DATARATE_RX" : 100.0,
        "DATARATE_TX" : 100.0
      }
    },
    "networkLoad" : {
      "interface-nodeB ( nodeB )" : {
        "(clientPoolC, nodeA_c07, nodeA_c07)" : {
          "AppCoordinates {com.bbn, test-service2, 1}" : {
            "DATARATE_TX" : 8.470329472543003E-22,
            "DATARATE_RX" : 4.2351647362715017E-22
          },
          "AppCoordinates {com.bbn, test-service1, 1}" : {
            "DATARATE_TX" : 1.3399999999999981E-4,
            "DATARATE_RX" : 6.699999999999991E-5
          }
        },
        "(clientPoolC, nodeA_c06, nodeA_c06)" : {
          "AppCoordinates {com.bbn, test-service2, 1}" : {
            "DATARATE_TX" : 1.039999999999999E-4,
            "DATARATE_RX" : 5.199999999999995E-5
          }
        },
        "(clientPoolC, nodeA_c05, nodeA_c05)" : {
          "AppCoordinates {com.bbn, test-service3, 1}" : {
            "DATARATE_TX" : -7.623296525288703E-21,
            "DATARATE_RX" : -3.8116482626443515E-21
          },
          "AppCoordinates {com.bbn, test-service2, 1}" : {
            "DATARATE_TX" : 1.359999999999998E-4,
            "DATARATE_RX" : 6.79999999999999E-5
          },
          "AppCoordinates {com.bbn, test-service1, 1}" : {
            "DATARATE_TX" : 0.0,
            "DATARATE_RX" : 0.0
          }
        },
        "(clientPoolC, nodeA_c04, nodeA_c04)" : {
          "AppCoordinates {com.bbn, test-service3, 1}" : {
            "DATARATE_TX" : -8.470329472543003E-22,
            "DATARATE_RX" : -4.2351647362715017E-22
          },
          "AppCoordinates {com.bbn, test-service1, 1}" : {
            "DATARATE_TX" : -7.623296525288703E-21,
            "DATARATE_RX" : -3.8116482626443515E-21
          }
        },
        "(clientPoolC, nodeB_c00, nodeB_c00)" : {
          "AppCoordinates {com.bbn, test-service3, 1}" : {
            "DATARATE_TX" : 1.0599999999999989E-4,
            "DATARATE_RX" : 5.2999999999999947E-5
          }
        },
        "(clientPoolC, nodeA_c03, nodeA_c03)" : {
          "AppCoordinates {com.bbn, test-service1, 1}" : {
            "DATARATE_TX" : 1.2999999999999983E-4,
            "DATARATE_RX" : 6.499999999999991E-5
          }
        },
        "(clientPoolC, nodeA_c02, nodeA_c02)" : {
          "AppCoordinates {com.bbn, test-service3, 1}" : {
            "DATARATE_TX" : -7.623296525288703E-21,
            "DATARATE_RX" : -3.8116482626443515E-21
          }
        },
        "(clientPoolC, nodeA_c01, nodeA_c01)" : {
          "AppCoordinates {com.bbn, test-service2, 1}" : {
            "DATARATE_TX" : 1.2599999999999984E-4,
            "DATARATE_RX" : 6.299999999999992E-5
          }
        },
        "(clientPoolC, nodeB_c01, nodeB_c01)" : {
          "AppCoordinates {com.bbn, test-service2, 1}" : {
            "DATARATE_TX" : -7.623296525288703E-21,
            "DATARATE_RX" : -3.8116482626443515E-21
          }
        },
        "(clientPoolC, nodeA_c00, nodeA_c00)" : {
          "AppCoordinates {com.bbn, test-service3, 1}" : {
            "DATARATE_TX" : 4.000000000000002E-6,
            "DATARATE_RX" : 2.000000000000001E-6
          },
          "AppCoordinates {com.bbn, test-service1, 1}" : {
            "DATARATE_TX" : -7.623296525288703E-21,
            "DATARATE_RX" : -3.8116482626443515E-21
          }
        }
      },
      "interface-nodeC ( nodeC )" : {
        "(nodeB_c01, clientPoolC, nodeB_c01)" : {
          "AppCoordinates {com.bbn, test-service2, 1}" : {
            "DATARATE_TX" : -3.8116482626443515E-21,
            "DATARATE_RX" : -7.623296525288703E-21
          }
        },
        "(nodeB_c00, clientPoolC, nodeB_c00)" : {
          "AppCoordinates {com.bbn, test-service3, 1}" : {
            "DATARATE_TX" : 5.2999999999999947E-5,
            "DATARATE_RX" : 1.0599999999999989E-4
          }
        },
        "(nodeH_c00, clientPoolC, nodeH_c00)" : {
          "AppCoordinates {com.bbn, test-service2, 1}" : {
            "DATARATE_TX" : -3.8116482626443515E-21,
            "DATARATE_RX" : -7.623296525288703E-21
          }
        },
        "(nodeH_c01, clientPoolC, nodeH_c01)" : {
          "AppCoordinates {com.bbn, test-service3, 1}" : {
            "DATARATE_TX" : 5.499999999999994E-5,
            "DATARATE_RX" : 1.0999999999999988E-4
          }
        },
        "(nodeA_c03, clientPoolC, nodeA_c03)" : {
          "AppCoordinates {com.bbn, test-service1, 1}" : {
            "DATARATE_TX" : 6.499999999999991E-5,
            "DATARATE_RX" : 1.2999999999999983E-4
          }
        },
        "(nodeA_c04, clientPoolC, nodeA_c04)" : {
          "AppCoordinates {com.bbn, test-service3, 1}" : {
            "DATARATE_TX" : -4.2351647362715017E-22,
            "DATARATE_RX" : -8.470329472543003E-22
          },
          "AppCoordinates {com.bbn, test-service1, 1}" : {
            "DATARATE_TX" : -3.8116482626443515E-21,
            "DATARATE_RX" : -7.623296525288703E-21
          }
        },
        "(nodeD_c00, clientPoolC, nodeD_c00)" : {
          "AppCoordinates {com.bbn, test-service3, 1}" : {
            "DATARATE_TX" : 5.499999999999994E-5,
            "DATARATE_RX" : 1.0999999999999988E-4
          }
        },
        "(nodeA_c05, clientPoolC, nodeA_c05)" : {
          "AppCoordinates {com.bbn, test-service3, 1}" : {
            "DATARATE_TX" : -3.8116482626443515E-21,
            "DATARATE_RX" : -7.623296525288703E-21
          },
          "AppCoordinates {com.bbn, test-service2, 1}" : {
            "DATARATE_TX" : 6.79999999999999E-5,
            "DATARATE_RX" : 1.359999999999998E-4
          },
          "AppCoordinates {com.bbn, test-service1, 1}" : {
            "DATARATE_TX" : 0.0,
            "DATARATE_RX" : 0.0
          }
        },
        "(nodeD_c01, clientPoolC, nodeD_c01)" : {
          "AppCoordinates {com.bbn, test-service2, 1}" : {
            "DATARATE_TX" : -3.8116482626443515E-21,
            "DATARATE_RX" : -7.623296525288703E-21
          }
        },
        "(nodeA_c06, clientPoolC, nodeA_c06)" : {
          "AppCoordinates {com.bbn, test-service2, 1}" : {
            "DATARATE_TX" : 5.199999999999995E-5,
            "DATARATE_RX" : 1.039999999999999E-4
          }
        },
        "(nodeA_c07, clientPoolC, nodeA_c07)" : {
          "AppCoordinates {com.bbn, test-service2, 1}" : {
            "DATARATE_TX" : 4.2351647362715017E-22,
            "DATARATE_RX" : 8.470329472543003E-22
          },
          "AppCoordinates {com.bbn, test-service1, 1}" : {
            "DATARATE_TX" : 6.699999999999991E-5,
            "DATARATE_RX" : 1.3399999999999981E-4
          }
        },
        "(nodeI_c00, clientPoolC, nodeI_c00)" : {
          "AppCoordinates {com.bbn, test-service2, 1}" : {
            "DATARATE_TX" : -3.8116482626443515E-21,
            "DATARATE_RX" : -7.623296525288703E-21
          }
        },
        "(nodeA_c00, clientPoolC, nodeA_c00)" : {
          "AppCoordinates {com.bbn, test-service3, 1}" : {
            "DATARATE_TX" : 2.000000000000001E-6,
            "DATARATE_RX" : 4.000000000000002E-6
          },
          "AppCoordinates {com.bbn, test-service1, 1}" : {
            "DATARATE_TX" : -3.8116482626443515E-21,
            "DATARATE_RX" : -7.623296525288703E-21
          }
        },
        "(nodeA_c01, clientPoolC, nodeA_c01)" : {
          "AppCoordinates {com.bbn, test-service2, 1}" : {
            "DATARATE_TX" : 6.299999999999992E-5,
            "DATARATE_RX" : 1.2599999999999984E-4
          }
        },
        "(nodeI_c01, clientPoolC, nodeI_c01)" : {
          "AppCoordinates {com.bbn, test-service3, 1}" : {
            "DATARATE_TX" : 5.3999999999999944E-5,
            "DATARATE_RX" : 1.0799999999999989E-4
          }
        },
        "(nodeA_c02, clientPoolC, nodeA_c02)" : {
          "AppCoordinates {com.bbn, test-service3, 1}" : {
            "DATARATE_TX" : -3.8116482626443515E-21,
            "DATARATE_RX" : -7.623296525288703E-21
          }
        }
      },
      "interface-nodeI ( nodeI )" : {
        "(clientPoolC, nodeI_c01, nodeI_c01)" : {
          "AppCoordinates {com.bbn, test-service3, 1}" : {
            "DATARATE_TX" : 1.0799999999999989E-4,
            "DATARATE_RX" : 5.3999999999999944E-5
          }
        },
        "(clientPoolC, nodeH_c00, nodeH_c00)" : {
          "AppCoordinates {com.bbn, test-service2, 1}" : {
            "DATARATE_TX" : -7.623296525288703E-21,
            "DATARATE_RX" : -3.8116482626443515E-21
          }
        },
        "(clientPoolC, nodeI_c00, nodeI_c00)" : {
          "AppCoordinates {com.bbn, test-service2, 1}" : {
            "DATARATE_TX" : -7.623296525288703E-21,
            "DATARATE_RX" : -3.8116482626443515E-21
          }
        },
        "(clientPoolC, nodeH_c01, nodeH_c01)" : {
          "AppCoordinates {com.bbn, test-service3, 1}" : {
            "DATARATE_TX" : 1.0999999999999988E-4,
            "DATARATE_RX" : 5.499999999999994E-5
          }
        }
      }
    },
    "networkDemand" : {
      "interface-nodeC ( nodeC )" : {
        "(nodeB_c01, clientPoolC, nodeB_c01)" : {
          "AppCoordinates {com.bbn, test-service2, 1}" : {
            "DATARATE_TX" : -3.8116482626443515E-21,
            "DATARATE_RX" : -7.623296525288703E-21
          }
        },
        "(nodeB_c00, clientPoolC, nodeB_c00)" : {
          "AppCoordinates {com.bbn, test-service3, 1}" : {
            "DATARATE_TX" : 5.057142857142853E-5,
            "DATARATE_RX" : 1.0114285714285706E-4
          }
        },
        "(nodeH_c00, clientPoolC, nodeH_c00)" : {
          "AppCoordinates {com.bbn, test-service2, 1}" : {
            "DATARATE_TX" : -3.8116482626443515E-21,
            "DATARATE_RX" : -7.623296525288703E-21
          }
        },
        "(nodeH_c01, clientPoolC, nodeH_c01)" : {
          "AppCoordinates {com.bbn, test-service3, 1}" : {
            "DATARATE_TX" : 5.085714285714281E-5,
            "DATARATE_RX" : 1.0171428571428561E-4
          }
        },
        "(nodeA_c03, clientPoolC, nodeA_c03)" : {
          "AppCoordinates {com.bbn, test-service1, 1}" : {
            "DATARATE_TX" : 6.499999999999991E-5,
            "DATARATE_RX" : 1.2999999999999983E-4
          }
        },
        "(nodeA_c04, clientPoolC, nodeA_c04)" : {
          "AppCoordinates {com.bbn, test-service3, 1}" : {
            "DATARATE_TX" : -4.2351647362715017E-22,
            "DATARATE_RX" : -8.470329472543003E-22
          },
          "AppCoordinates {com.bbn, test-service1, 1}" : {
            "DATARATE_TX" : -3.8116482626443515E-21,
            "DATARATE_RX" : -7.623296525288703E-21
          }
        },
        "(nodeA_c05, clientPoolC, nodeA_c05)" : {
          "AppCoordinates {com.bbn, test-service3, 1}" : {
            "DATARATE_TX" : -3.8116482626443515E-21,
            "DATARATE_RX" : -7.623296525288703E-21
          },
          "AppCoordinates {com.bbn, test-service2, 1}" : {
            "DATARATE_TX" : 6.79999999999999E-5,
            "DATARATE_RX" : 1.359999999999998E-4
          },
          "AppCoordinates {com.bbn, test-service1, 1}" : {
            "DATARATE_TX" : 0.0,
            "DATARATE_RX" : 0.0
          }
        },
        "(nodeD_c00, clientPoolC, nodeD_c00)" : {
          "AppCoordinates {com.bbn, test-service3, 1}" : {
            "DATARATE_TX" : 5.4714285714285664E-5,
            "DATARATE_RX" : 1.0942857142857133E-4
          }
        },
        "(nodeA_c06, clientPoolC, nodeA_c06)" : {
          "AppCoordinates {com.bbn, test-service2, 1}" : {
            "DATARATE_TX" : 5.1999999999999956E-5,
            "DATARATE_RX" : 1.0399999999999991E-4
          }
        },
        "(nodeD_c01, clientPoolC, nodeD_c01)" : {
          "AppCoordinates {com.bbn, test-service2, 1}" : {
            "DATARATE_TX" : -3.8116482626443515E-21,
            "DATARATE_RX" : -7.623296525288703E-21
          }
        },
        "(nodeA_c07, clientPoolC, nodeA_c07)" : {
          "AppCoordinates {com.bbn, test-service2, 1}" : {
            "DATARATE_TX" : 4.2351647362715017E-22,
            "DATARATE_RX" : 8.470329472543003E-22
          },
          "AppCoordinates {com.bbn, test-service1, 1}" : {
            "DATARATE_TX" : 6.699999999999991E-5,
            "DATARATE_RX" : 1.3399999999999981E-4
          }
        },
        "(nodeI_c00, clientPoolC, nodeI_c00)" : {
          "AppCoordinates {com.bbn, test-service2, 1}" : {
            "DATARATE_TX" : -3.8116482626443515E-21,
            "DATARATE_RX" : -7.623296525288703E-21
          }
        },
        "(nodeA_c00, clientPoolC, nodeA_c00)" : {
          "AppCoordinates {com.bbn, test-service3, 1}" : {
            "DATARATE_TX" : 7.000000000000001E-6,
            "DATARATE_RX" : 1.4000000000000001E-5
          },
          "AppCoordinates {com.bbn, test-service1, 1}" : {
            "DATARATE_TX" : -3.8116482626443515E-21,
            "DATARATE_RX" : -7.623296525288703E-21
          }
        },
        "(nodeA_c01, clientPoolC, nodeA_c01)" : {
          "AppCoordinates {com.bbn, test-service2, 1}" : {
            "DATARATE_TX" : 6.299999999999992E-5,
            "DATARATE_RX" : 1.2599999999999984E-4
          }
        },
        "(nodeA_c02, clientPoolC, nodeA_c02)" : {
          "AppCoordinates {com.bbn, test-service3, 1}" : {
            "DATARATE_TX" : -3.8116482626443515E-21,
            "DATARATE_RX" : -7.623296525288703E-21
          }
        },
        "(nodeI_c01, clientPoolC, nodeI_c01)" : {
          "AppCoordinates {com.bbn, test-service3, 1}" : {
            "DATARATE_TX" : 5.571428571428566E-5,
            "DATARATE_RX" : 1.1142857142857132E-4
          }
        }
      },
      "interface-nodeB ( nodeB )" : {
        "(clientPoolC, nodeA_c07, nodeA_c07)" : {
          "AppCoordinates {com.bbn, test-service2, 1}" : {
            "DATARATE_TX" : 8.470329472543003E-22,
            "DATARATE_RX" : 4.2351647362715017E-22
          },
          "AppCoordinates {com.bbn, test-service1, 1}" : {
            "DATARATE_TX" : 1.3399999999999981E-4,
            "DATARATE_RX" : 6.699999999999991E-5
          }
        },
        "(clientPoolC, nodeA_c06, nodeA_c06)" : {
          "AppCoordinates {com.bbn, test-service2, 1}" : {
            "DATARATE_TX" : 1.0399999999999991E-4,
            "DATARATE_RX" : 5.1999999999999956E-5
          }
        },
        "(clientPoolC, nodeA_c05, nodeA_c05)" : {
          "AppCoordinates {com.bbn, test-service3, 1}" : {
            "DATARATE_TX" : -7.623296525288703E-21,
            "DATARATE_RX" : -3.8116482626443515E-21
          },
          "AppCoordinates {com.bbn, test-service2, 1}" : {
            "DATARATE_TX" : 1.359999999999998E-4,
            "DATARATE_RX" : 6.79999999999999E-5
          },
          "AppCoordinates {com.bbn, test-service1, 1}" : {
            "DATARATE_TX" : 0.0,
            "DATARATE_RX" : 0.0
          }
        },
        "(clientPoolC, nodeA_c04, nodeA_c04)" : {
          "AppCoordinates {com.bbn, test-service3, 1}" : {
            "DATARATE_TX" : -8.470329472543003E-22,
            "DATARATE_RX" : -4.2351647362715017E-22
          },
          "AppCoordinates {com.bbn, test-service1, 1}" : {
            "DATARATE_TX" : -7.623296525288703E-21,
            "DATARATE_RX" : -3.8116482626443515E-21
          }
        },
        "(clientPoolC, nodeA_c03, nodeA_c03)" : {
          "AppCoordinates {com.bbn, test-service1, 1}" : {
            "DATARATE_TX" : 1.2999999999999983E-4,
            "DATARATE_RX" : 6.499999999999991E-5
          }
        },
        "(clientPoolC, nodeB_c00, nodeB_c00)" : {
          "AppCoordinates {com.bbn, test-service3, 1}" : {
            "DATARATE_TX" : 1.0114285714285706E-4,
            "DATARATE_RX" : 5.057142857142853E-5
          }
        },
        "(clientPoolC, nodeA_c02, nodeA_c02)" : {
          "AppCoordinates {com.bbn, test-service3, 1}" : {
            "DATARATE_TX" : -7.623296525288703E-21,
            "DATARATE_RX" : -3.8116482626443515E-21
          }
        },
        "(clientPoolC, nodeA_c01, nodeA_c01)" : {
          "AppCoordinates {com.bbn, test-service2, 1}" : {
            "DATARATE_TX" : 1.2599999999999984E-4,
            "DATARATE_RX" : 6.299999999999992E-5
          }
        },
        "(clientPoolC, nodeA_c00, nodeA_c00)" : {
          "AppCoordinates {com.bbn, test-service3, 1}" : {
            "DATARATE_TX" : 1.4000000000000001E-5,
            "DATARATE_RX" : 7.000000000000001E-6
          },
          "AppCoordinates {com.bbn, test-service1, 1}" : {
            "DATARATE_TX" : -7.623296525288703E-21,
            "DATARATE_RX" : -3.8116482626443515E-21
          }
        },
        "(clientPoolC, nodeB_c01, nodeB_c01)" : {
          "AppCoordinates {com.bbn, test-service2, 1}" : {
            "DATARATE_TX" : -7.623296525288703E-21,
            "DATARATE_RX" : -3.8116482626443515E-21
          }
        }
      },
      "interface-nodeI ( nodeI )" : {
        "(clientPoolC, nodeH_c00, nodeH_c00)" : {
          "AppCoordinates {com.bbn, test-service2, 1}" : {
            "DATARATE_TX" : -7.623296525288703E-21,
            "DATARATE_RX" : -3.8116482626443515E-21
          }
        },
        "(clientPoolC, nodeI_c01, nodeI_c01)" : {
          "AppCoordinates {com.bbn, test-service3, 1}" : {
            "DATARATE_TX" : 1.1142857142857132E-4,
            "DATARATE_RX" : 5.571428571428566E-5
          }
        },
        "(clientPoolC, nodeI_c00, nodeI_c00)" : {
          "AppCoordinates {com.bbn, test-service2, 1}" : {
            "DATARATE_TX" : -7.623296525288703E-21,
            "DATARATE_RX" : -3.8116482626443515E-21
          }
        },
        "(clientPoolC, nodeH_c01, nodeH_c01)" : {
          "AppCoordinates {com.bbn, test-service3, 1}" : {
            "DATARATE_TX" : 1.0171428571428561E-4,
            "DATARATE_RX" : 5.085714285714281E-5
          }
        }
      }
    },
    "containerReports" : {
      "nodeD_c00" : {
        "containerName" : {
          "name" : "nodeD_c00"
        },
        "timestamp" : 306984,
        "service" : {
          "group" : "com.bbn",
          "artifact" : "test-service3",
          "version" : "1"
        },
        "serviceStatus" : "RUNNING",
        "demandEstimationWindow" : "SHORT",
        "computeCapacity" : {
          "CPU" : 1.0,
          "TASK_CONTAINERS" : 100.0,
          "QueueLength" : 1000000.0
        },
        "computeLoad" : {
          "UNKNOWN" : {
            "QueueLength" : 55.0,
            "TASK_CONTAINERS" : 27.5
          }
        },
        "computeDemand" : {
          "UNKNOWN" : {
            "QueueLength" : 47.875,
            "TASK_CONTAINERS" : 23.9375
          }
        },
        "averageProcessingTime" : 120000.0,
        "networkCapacity" : {
          "interface-nodeD ( nodeD )" : {
            "DATARATE_TX" : 100.0,
            "DATARATE_RX" : 100.0
          }
        },
        "networkLoad" : {
          "interface-nodeD ( nodeD )" : {
            "(clientPoolC, nodeD_c00, nodeD_c00)" : {
              "AppCoordinates {com.bbn, test-service3, 1}" : {
                "DATARATE_TX" : 1.0999999999999988E-4,
                "DATARATE_RX" : 5.499999999999994E-5
              }
            }
          }
        },
        "networkDemand" : {
          "interface-nodeD ( nodeD )" : {
            "(clientPoolC, nodeD_c00, nodeD_c00)" : {
              "AppCoordinates {com.bbn, test-service3, 1}" : {
                "DATARATE_TX" : 1.0942857142857133E-4,
                "DATARATE_RX" : 5.4714285714285664E-5
              }
            }
          }
        }
      }
    },
    "maximumServiceContainers" : 20,
    "allocatedServiceContainers" : 1,
    "computeDemand" : {
      "AppCoordinates {com.bbn, test-service3, 1}" : {
        "UNKNOWN" : {
          "QueueLength" : 47.875,
          "TASK_CONTAINERS" : 23.9375
        }
      }
    },
    "containerNetworkLoad" : {
      "interface-nodeD ( nodeD )" : {
        "(clientPoolC, nodeD_c00, nodeD_c00)" : {
          "AppCoordinates {com.bbn, test-service3, 1}" : {
            "DATARATE_TX" : 1.0999999999999988E-4,
            "DATARATE_RX" : 5.499999999999994E-5
          }
        }
      }
    },
    "containerNetworkDemand" : {
      "interface-nodeD ( nodeD )" : {
        "(clientPoolC, nodeD_c00, nodeD_c00)" : {
          "AppCoordinates {com.bbn, test-service3, 1}" : {
            "DATARATE_TX" : 1.0942857142857133E-4,
            "DATARATE_RX" : 5.4714285714285664E-5
          }
        }
      }
    },
    "computeLoad" : {
      "AppCoordinates {com.bbn, test-service3, 1}" : {
        "UNKNOWN" : {
          "QueueLength" : 55.0,
          "TASK_CONTAINERS" : 27.5
        }
      }
    },
    "availableServiceContainers" : 19,
    "averageProcessingTime" : {
      "AppCoordinates {com.bbn, test-service3, 1}" : 120000.0
    },
    "allocatedComputeCapacity" : {
      "CPU" : 1.0,
      "QueueLength" : 1000000.0,
      "TASK_CONTAINERS" : 100.0
    }
  } ]
}