727,1,DNS_UPDATE_SUCCEEDED
801,2,DCOP_PLAN_PLUBLIED
815,2,RLG_PLAN_PUBLISHED
105806,212,DCOP_PLAN_PLUBLIED
108728,217,RLG_PLAN_PUBLISHED
108744,218,DNS_UPDATE_SUCCEEDED
109242,219,DNS_UPDATE_SUCCEEDED
111728,223,RLG_PLAN_PUBLISHED
111743,224,DNS_UPDATE_SUCCEEDED
165770,332,DCOP_PLAN_PLUBLIED
168732,337,RLG_PLAN_PUBLISHED
168758,338,DNS_UPDATE_SUCCEEDED
169259,339,DNS_UPDATE_SUCCEEDED
171732,343,RLG_PLAN_PUBLISHED
171759,344,DNS_UPDATE_SUCCEEDED
225786,452,DCOP_PLAN_PLUBLIED
228734,457,RLG_PLAN_PUBLISHED
228775,458,DNS_UPDATE_SUCCEEDED
285784,571,DCOP_PLAN_PLUBLIED
288739,577,RLG_PLAN_PUBLISHED
288794,578,DNS_UPDATE_SUCCEEDED
345797,691,DCOP_PLAN_PLUBLIED
348742,697,RLG_PLAN_PUBLISHED
348812,698,DNS_UPDATE_SUCCEEDED
405787,811,DCOP_PLAN_PLUBLIED
408744,817,RLG_PLAN_PUBLISHED
408879,818,DNS_UPDATE_SUCCEEDED
465780,931,DCOP_PLAN_PLUBLIED
468755,937,RLG_PLAN_PUBLISHED
468901,938,DNS_UPDATE_SUCCEEDED
525809,1051,DCOP_PLAN_PLUBLIED
528760,1057,RLG_PLAN_PUBLISHED
528931,1058,DNS_UPDATE_SUCCEEDED
585775,1171,DCOP_PLAN_PLUBLIED
588765,1177,RLG_PLAN_PUBLISHED
588965,1178,DNS_UPDATE_SUCCEEDED
630002,1260,DCOP_PLAN_PLUBLIED
