236,1,DNS_UPDATE_SUCCEEDED
46946,94,DCOP_PLAN_PLUBLIED
46950,94,RLG_PLAN_PUBLISHED
47441,95,DNS_UPDATE_SUCCEEDED
227086,451,DCOP_PLAN_PLUBLIED
227199,451,RLG_PLAN_PUBLISHED
347139,689,DCOP_PLAN_PLUBLIED
347429,689,RLG_PLAN_PUBLISHED
347441,690,DNS_UPDATE_SUCCEEDED
467083,927,DCOP_PLAN_PLUBLIED
467596,928,RLG_PLAN_PUBLISHED
467848,929,DNS_UPDATE_SUCCEEDED
587023,1165,DCOP_PLAN_PLUBLIED
587730,1167,RLG_PLAN_PUBLISHED
588230,1168,DNS_UPDATE_SUCCEEDED
707419,1404,DCOP_PLAN_PLUBLIED
707899,1405,RLG_PLAN_PUBLISHED
708153,1406,DNS_UPDATE_SUCCEEDED
827176,1642,DCOP_PLAN_PLUBLIED
828047,1643,RLG_PLAN_PUBLISHED
828156,1644,DNS_UPDATE_SUCCEEDED
947170,1880,DCOP_PLAN_PLUBLIED
948187,1882,RLG_PLAN_PUBLISHED
948665,1883,DNS_UPDATE_SUCCEEDED
1067236,2118,DCOP_PLAN_PLUBLIED
1068360,2120,RLG_PLAN_PUBLISHED
1068662,2121,DNS_UPDATE_SUCCEEDED
1187184,2355,DCOP_PLAN_PLUBLIED
1188524,2358,RLG_PLAN_PUBLISHED
1188702,2359,DNS_UPDATE_SUCCEEDED
1307223,2593,DCOP_PLAN_PLUBLIED
1308696,2596,RLG_PLAN_PUBLISHED
1308761,2597,DNS_UPDATE_SUCCEEDED
1427220,2831,DCOP_PLAN_PLUBLIED
1428890,2835,RLG_PLAN_PUBLISHED
1429361,2836,DNS_UPDATE_SUCCEEDED
1547400,3069,DCOP_PLAN_PLUBLIED
1549093,3072,RLG_PLAN_PUBLISHED
1549143,3073,DNS_UPDATE_SUCCEEDED
1667219,3307,DCOP_PLAN_PLUBLIED
1669295,3311,RLG_PLAN_PUBLISHED
1669724,3312,DNS_UPDATE_SUCCEEDED
1787165,3544,DCOP_PLAN_PLUBLIED
1789462,3549,RLG_PLAN_PUBLISHED
1789700,3550,DNS_UPDATE_SUCCEEDED
