1174,1,DNS_UPDATE_SUCCEEDED
1292,2,RLG_PLAN_PUBLISHED
1289,2,DCOP_PLAN_PLUBLIED
106634,212,DCOP_PLAN_PLUBLIED
109254,218,RLG_PLAN_PUBLISHED
109728,219,DNS_UPDATE_SUCCEEDED
110234,220,DNS_UPDATE_SUCCEEDED
112255,224,RLG_PLAN_PUBLISHED
112734,225,DNS_UPDATE_SUCCEEDED
166608,332,DCOP_PLAN_PLUBLIED
169260,337,RLG_PLAN_PUBLISHED
169274,338,DNS_UPDATE_SUCCEEDED
169771,339,DNS_UPDATE_SUCCEEDED
172259,343,RLG_PLAN_PUBLISHED
172275,344,DNS_UPDATE_SUCCEEDED
223259,445,RLG_PLAN_PUBLISHED
223285,446,DNS_UPDATE_SUCCEEDED
226260,451,RLG_PLAN_PUBLISHED
226286,452,DNS_UPDATE_SUCCEEDED
226606,452,DCOP_PLAN_PLUBLIED
226782,453,DNS_UPDATE_SUCCEEDED
229259,457,RLG_PLAN_PUBLISHED
229285,458,DNS_UPDATE_SUCCEEDED
229781,459,DNS_UPDATE_SUCCEEDED
232259,463,RLG_PLAN_PUBLISHED
232288,464,DNS_UPDATE_SUCCEEDED
286498,572,DCOP_PLAN_PLUBLIED
289262,577,RLG_PLAN_PUBLISHED
289315,578,DNS_UPDATE_SUCCEEDED
289816,579,DNS_UPDATE_SUCCEEDED
292262,583,RLG_PLAN_PUBLISHED
292313,584,DNS_UPDATE_SUCCEEDED
412267,823,RLG_PLAN_PUBLISHED
412384,824,DNS_UPDATE_SUCCEEDED
412875,825,DNS_UPDATE_SUCCEEDED
415266,829,RLG_PLAN_PUBLISHED
415387,830,DNS_UPDATE_SUCCEEDED
418270,835,RLG_PLAN_PUBLISHED
418391,836,DNS_UPDATE_SUCCEEDED
421270,841,RLG_PLAN_PUBLISHED
421394,842,DNS_UPDATE_SUCCEEDED
421893,843,DNS_UPDATE_SUCCEEDED
424271,847,RLG_PLAN_PUBLISHED
424386,848,DNS_UPDATE_SUCCEEDED
630008,1260,DNS_UPDATE_SUCCEEDED
