{
  "region" : {
    "name" : "B"
  },
  "timestamp" : 405556,
  "servicePlan" : {
    "nodeB" : [ {
      "id" : {
        "name" : "nodeB_c01"
      },
      "service" : {
        "group" : "com.bbn",
        "artifact" : "test-service3",
        "version" : "1"
      },
      "weight" : 1.0,
      "stopTrafficTo" : false,
      "stop" : false
    } ]
  },
  "overflowPlan" : {
    "AppCoordinates {com.bbn, test-service3, 1}" : {
      "C" : 0.0,
      "D" : 0.0,
      "E" : 0.9577869235077073,
      "B" : 0.04221307649229267
    },
    "AppCoordinates {com.bbn, test-service2, 1}" : {
      "C" : 0.0,
      "D" : 0.0,
      "E" : 1.0,
      "B" : 0.0
    },
    "AppCoordinates {com.bbn, test-service1, 1}" : {
      "C" : 0.0,
      "D" : 0.0,
      "E" : 1.0,
      "B" : 0.0
    }
  }
}