{
  "AppCoordinates {com.bbn, test-service3, 1}" : {
    "serverDemand" : {
      "A" : {
        "QueueLength" : 176.2820534817829,
        "TASK_CONTAINERS" : 105.28775203856968
      },
      "B" : {
        "QueueLength" : 148.5770308938914,
        "TASK_CONTAINERS" : 89.47086361656437
      },
      "E" : {
        "QueueLength" : 65.63275079908775,
        "TASK_CONTAINERS" : 47.0783742135874
      }
    }
  },
  "AppCoordinates {com.bbn, test-service2, 1}" : {
    "serverDemand" : {
      "A" : {
        "QueueLength" : 61.77710566962081,
        "TASK_CONTAINERS" : 59.366795421275896
      },
      "B" : {
        "QueueLength" : 66.33899022160887,
        "TASK_CONTAINERS" : 63.7506924005501
      },
      "E" : {
        "QueueLength" : 63.281902857988605,
        "TASK_CONTAINERS" : 60.812881084629865
      }
    }
  },
  "AppCoordinates {com.bbn, test-service1, 1}" : {
    "serverDemand" : {
      "A" : {
        "QueueLength" : 113.8044583427373,
        "TASK_CONTAINERS" : 65.53889308395578
      },
      "B" : {
        "QueueLength" : 114.06336120920622,
        "TASK_CONTAINERS" : 65.68799275484508
      },
      "E" : {
        "QueueLength" : 108.7757814346281,
        "TASK_CONTAINERS" : 62.642926414163554
      }
    }
  }
}