{
  "region" : {
    "name" : "K"
  },
  "minTimestamp" : 102989,
  "maxTimestamp" : 102989,
  "demandEstimationWindow" : "LONG",
  "serverCapacity" : {
    "DISK" : 10.0,
    "MEMORY" : 8.0E9,
    "CPU" : 4.0,
    "TASK_CONTAINERS" : 20.0
  },
  "serverLoad" : { },
  "serverDemand" : { },
  "serverAverageProcessingTimeCount" : { },
  "serverAverageProcessingTimeSum" : { },
  "networkCapacity" : {
    "L" : {
      "DATARATE_RX" : 100.0,
      "DATARATE_TX" : 100.0
    },
    "N" : {
      "DATARATE_RX" : 100.0,
      "DATARATE_TX" : 100.0
    }
  },
  "networkLoad" : {
    "L" : {
      "(C, L, C)" : {
        "AppCoordinates {com.bbn, test-service3, 1}" : {
          "DATARATE_TX" : 9.299999999999992E-5,
          "DATARATE_RX" : 1.8599999999999983E-4
        },
        "AppCoordinates {com.bbn, test-service2, 1}" : {
          "DATARATE_TX" : 1.2299999999999985E-4,
          "DATARATE_RX" : 2.459999999999997E-4
        },
        "AppCoordinates {com.bbn, test-service1, 1}" : {
          "DATARATE_TX" : 2.149999999999997E-4,
          "DATARATE_RX" : 4.299999999999994E-4
        }
      }
    },
    "N" : {
      "(L, C, C)" : {
        "AppCoordinates {com.bbn, test-service3, 1}" : {
          "DATARATE_TX" : 1.8599999999999983E-4,
          "DATARATE_RX" : 9.299999999999992E-5
        },
        "AppCoordinates {com.bbn, test-service2, 1}" : {
          "DATARATE_TX" : 2.459999999999997E-4,
          "DATARATE_RX" : 1.2299999999999985E-4
        },
        "AppCoordinates {com.bbn, test-service1, 1}" : {
          "DATARATE_TX" : 4.299999999999994E-4,
          "DATARATE_RX" : 2.149999999999997E-4
        }
      },
      "(K, C, C)" : {
        "AppCoordinates {com.bbn, test-service3, 1}" : {
          "DATARATE_TX" : 1.9799999999999983E-4,
          "DATARATE_RX" : 9.899999999999991E-5
        },
        "AppCoordinates {com.bbn, test-service2, 1}" : {
          "DATARATE_TX" : 2.759999999999996E-4,
          "DATARATE_RX" : 1.379999999999998E-4
        },
        "AppCoordinates {com.bbn, test-service1, 1}" : {
          "DATARATE_TX" : 3.8199999999999953E-4,
          "DATARATE_RX" : 1.9099999999999976E-4
        }
      }
    }
  },
  "networkDemand" : {
    "L" : {
      "(C, L, C)" : {
        "AppCoordinates {com.bbn, test-service3, 1}" : {
          "DATARATE_TX" : 9.148106533499767E-5,
          "DATARATE_RX" : 1.8296213066999533E-4
        },
        "AppCoordinates {com.bbn, test-service2, 1}" : {
          "DATARATE_TX" : 1.838185673823566E-4,
          "DATARATE_RX" : 3.676371347647132E-4
        },
        "AppCoordinates {com.bbn, test-service1, 1}" : {
          "DATARATE_TX" : 2.3320175780425467E-4,
          "DATARATE_RX" : 4.6640351560850934E-4
        }
      }
    },
    "N" : {
      "(L, C, C)" : {
        "AppCoordinates {com.bbn, test-service3, 1}" : {
          "DATARATE_TX" : 1.8296213066999533E-4,
          "DATARATE_RX" : 9.148106533499767E-5
        },
        "AppCoordinates {com.bbn, test-service2, 1}" : {
          "DATARATE_TX" : 3.676371347647132E-4,
          "DATARATE_RX" : 1.838185673823566E-4
        },
        "AppCoordinates {com.bbn, test-service1, 1}" : {
          "DATARATE_TX" : 4.6640351560850934E-4,
          "DATARATE_RX" : 2.3320175780425467E-4
        }
      },
      "(K, C, C)" : {
        "AppCoordinates {com.bbn, test-service3, 1}" : {
          "DATARATE_TX" : 1.947598834789846E-4,
          "DATARATE_RX" : 9.73799417394923E-5
        },
        "AppCoordinates {com.bbn, test-service2, 1}" : {
          "DATARATE_TX" : 3.9301365817039644E-4,
          "DATARATE_RX" : 1.9650682908519822E-4
        },
        "AppCoordinates {com.bbn, test-service1, 1}" : {
          "DATARATE_TX" : 4.6464057892507834E-4,
          "DATARATE_RX" : 2.3232028946253917E-4
        }
      }
    }
  },
  "maximumServiceContainers" : 20,
  "allocatedServiceContainers" : 0,
  "serverAverageProcessingTime" : { },
  "availableServiceContainers" : 20,
  "nullSummary" : false
}