{
  "region" : {
    "name" : "B"
  },
  "nodeResourceReports" : [ {
    "nodeName" : {
      "name" : "nodeB"
    },
    "timestamp" : 384495,
    "demandEstimationWindow" : "SHORT",
    "nodeComputeCapacity" : {
      "CPU" : 4.0,
      "MEMORY" : 8.0E9,
      "DISK" : 10.0,
      "TASK_CONTAINERS" : 20.0
    },
    "networkCapacity" : {
      "interface-nodeD ( nodeD )" : {
        "DATARATE_RX" : 100.0,
        "DATARATE_TX" : 100.0
      },
      "interface-nodeE ( nodeE )" : {
        "DATARATE_RX" : 100.0,
        "DATARATE_TX" : 100.0
      }
    },
    "networkLoad" : {
      "interface-nodeD ( nodeD )" : {
        "(clientPoolB, nodeD_c05, nodeD_c05)" : {
          "AppCoordinates {com.bbn, test-service2, 1}" : {
            "DATARATE_TX" : 2.0E-5,
            "DATARATE_RX" : 1.0E-5
          }
        },
        "(clientPoolE, nodeA_c01, nodeA_c01)" : {
          "AppCoordinates {com.bbn, test-service2, 1}" : {
            "DATARATE_TX" : -7.623296525288703E-21,
            "DATARATE_RX" : -3.8116482626443515E-21
          }
        },
        "(clientPoolB, nodeD_c04, nodeD_c04)" : {
          "AppCoordinates {com.bbn, test-service3, 1}" : {
            "DATARATE_TX" : -7.623296525288703E-21,
            "DATARATE_RX" : -3.8116482626443515E-21
          }
        },
        "(clientPoolE, nodeA_c00, nodeA_c00)" : {
          "AppCoordinates {com.bbn, test-service1, 1}" : {
            "DATARATE_TX" : -7.623296525288703E-21,
            "DATARATE_RX" : -3.8116482626443515E-21
          }
        },
        "(clientPoolE, nodeA_c07, nodeA_c07)" : {
          "AppCoordinates {com.bbn, test-service2, 1}" : {
            "DATARATE_TX" : -7.623296525288703E-21,
            "DATARATE_RX" : -3.8116482626443515E-21
          }
        },
        "(clientPoolE, nodeA_c06, nodeA_c06)" : {
          "AppCoordinates {com.bbn, test-service2, 1}" : {
            "DATARATE_TX" : -7.623296525288703E-21,
            "DATARATE_RX" : -3.8116482626443515E-21
          }
        },
        "(clientPoolE, nodeA_c05, nodeA_c05)" : {
          "AppCoordinates {com.bbn, test-service3, 1}" : {
            "DATARATE_TX" : -7.623296525288703E-21,
            "DATARATE_RX" : -3.8116482626443515E-21
          }
        },
        "(clientPoolE, nodeA_c04, nodeA_c04)" : {
          "AppCoordinates {com.bbn, test-service1, 1}" : {
            "DATARATE_TX" : -7.623296525288703E-21,
            "DATARATE_RX" : -3.8116482626443515E-21
          }
        },
        "(clientPoolE, nodeA_c03, nodeA_c03)" : {
          "AppCoordinates {com.bbn, test-service1, 1}" : {
            "DATARATE_TX" : -7.623296525288703E-21,
            "DATARATE_RX" : -3.8116482626443515E-21
          }
        },
        "(clientPoolE, nodeA_c02, nodeA_c02)" : {
          "AppCoordinates {com.bbn, test-service3, 1}" : {
            "DATARATE_TX" : -7.623296525288703E-21,
            "DATARATE_RX" : -3.8116482626443515E-21
          }
        },
        "(clientPoolB, nodeD_c01, nodeD_c01)" : {
          "AppCoordinates {com.bbn, test-service3, 1}" : {
            "DATARATE_TX" : 9.599999999999992E-5,
            "DATARATE_RX" : 4.799999999999996E-5
          }
        },
        "(clientPoolB, nodeD_c00, nodeD_c00)" : {
          "AppCoordinates {com.bbn, test-service3, 1}" : {
            "DATARATE_TX" : 2.099999999999996E-4,
            "DATARATE_RX" : 1.049999999999998E-4
          }
        },
        "(clientPoolB, nodeD_c03, nodeD_c03)" : {
          "AppCoordinates {com.bbn, test-service3, 1}" : {
            "DATARATE_TX" : -7.623296525288703E-21,
            "DATARATE_RX" : -3.8116482626443515E-21
          }
        },
        "(clientPoolB, nodeD_c02, nodeD_c02)" : {
          "AppCoordinates {com.bbn, test-service3, 1}" : {
            "DATARATE_TX" : -7.623296525288703E-21,
            "DATARATE_RX" : -3.8116482626443515E-21
          }
        },
        "(clientPoolB, nodeA_c06, nodeA_c06)" : {
          "AppCoordinates {com.bbn, test-service2, 1}" : {
            "DATARATE_TX" : 1.8599999999999967E-4,
            "DATARATE_RX" : 9.299999999999983E-5
          }
        },
        "(clientPoolB, nodeA_c05, nodeA_c05)" : {
          "AppCoordinates {com.bbn, test-service3, 1}" : {
            "DATARATE_TX" : 1.0799999999999989E-4,
            "DATARATE_RX" : 5.3999999999999944E-5
          }
        },
        "(clientPoolB, nodeA_c04, nodeA_c04)" : {
          "AppCoordinates {com.bbn, test-service3, 1}" : {
            "DATARATE_TX" : 9.999999999999991E-5,
            "DATARATE_RX" : 4.9999999999999955E-5
          },
          "AppCoordinates {com.bbn, test-service1, 1}" : {
            "DATARATE_TX" : -7.623296525288703E-21,
            "DATARATE_RX" : -3.8116482626443515E-21
          }
        },
        "(clientPoolB, nodeA_c03, nodeA_c03)" : {
          "AppCoordinates {com.bbn, test-service1, 1}" : {
            "DATARATE_TX" : 2.119999999999996E-4,
            "DATARATE_RX" : 1.059999999999998E-4
          }
        },
        "(clientPoolB, nodeA_c02, nodeA_c02)" : {
          "AppCoordinates {com.bbn, test-service3, 1}" : {
            "DATARATE_TX" : 1.1799999999999986E-4,
            "DATARATE_RX" : 5.899999999999993E-5
          },
          "AppCoordinates {com.bbn, test-service1, 1}" : {
            "DATARATE_TX" : -7.623296525288703E-21,
            "DATARATE_RX" : -3.8116482626443515E-21
          }
        },
        "(clientPoolB, nodeA_c01, nodeA_c01)" : {
          "AppCoordinates {com.bbn, test-service2, 1}" : {
            "DATARATE_TX" : -7.623296525288703E-21,
            "DATARATE_RX" : -3.8116482626443515E-21
          },
          "AppCoordinates {com.bbn, test-service1, 1}" : {
            "DATARATE_TX" : 1.9599999999999964E-4,
            "DATARATE_RX" : 9.799999999999982E-5
          }
        },
        "(clientPoolB, nodeA_c00, nodeA_c00)" : {
          "AppCoordinates {com.bbn, test-service1, 1}" : {
            "DATARATE_TX" : 2.079999999999996E-4,
            "DATARATE_RX" : 1.039999999999998E-4
          }
        },
        "(clientPoolB, nodeA_c07, nodeA_c07)" : {
          "AppCoordinates {com.bbn, test-service2, 1}" : {
            "DATARATE_TX" : 2.1799999999999958E-4,
            "DATARATE_RX" : 1.0899999999999979E-4
          }
        },
        "(clientPoolE, nodeD_c00, nodeD_c00)" : {
          "AppCoordinates {com.bbn, test-service3, 1}" : {
            "DATARATE_TX" : -8.470329472543003E-22,
            "DATARATE_RX" : -4.2351647362715017E-22
          }
        },
        "(clientPoolE, nodeD_c02, nodeD_c02)" : {
          "AppCoordinates {com.bbn, test-service3, 1}" : {
            "DATARATE_TX" : -8.470329472543003E-22,
            "DATARATE_RX" : -4.2351647362715017E-22
          }
        },
        "(clientPoolE, nodeD_c01, nodeD_c01)" : {
          "AppCoordinates {com.bbn, test-service3, 1}" : {
            "DATARATE_TX" : -7.623296525288703E-21,
            "DATARATE_RX" : -3.8116482626443515E-21
          }
        },
        "(clientPoolE, nodeD_c03, nodeD_c03)" : {
          "AppCoordinates {com.bbn, test-service3, 1}" : {
            "DATARATE_TX" : 8.470329472543003E-22,
            "DATARATE_RX" : 4.2351647362715017E-22
          }
        }
      },
      "interface-nodeE ( nodeE )" : {
        "(nodeB_c02, clientPoolE, nodeB_c02)" : {
          "AppCoordinates {com.bbn, test-service3, 1}" : {
            "DATARATE_TX" : -4.2351647362715017E-22,
            "DATARATE_RX" : -8.470329472543003E-22
          }
        },
        "(nodeB_c01, clientPoolE, nodeB_c01)" : {
          "AppCoordinates {com.bbn, test-service3, 1}" : {
            "DATARATE_TX" : -3.8116482626443515E-21,
            "DATARATE_RX" : -7.623296525288703E-21
          }
        },
        "(nodeB_c00, clientPoolE, nodeB_c00)" : {
          "AppCoordinates {com.bbn, test-service3, 1}" : {
            "DATARATE_TX" : -3.8116482626443515E-21,
            "DATARATE_RX" : -7.623296525288703E-21
          }
        },
        "(nodeA_c05, clientPoolE, nodeA_c05)" : {
          "AppCoordinates {com.bbn, test-service3, 1}" : {
            "DATARATE_TX" : -3.8116482626443515E-21,
            "DATARATE_RX" : -7.623296525288703E-21
          }
        },
        "(nodeA_c06, clientPoolE, nodeA_c06)" : {
          "AppCoordinates {com.bbn, test-service2, 1}" : {
            "DATARATE_TX" : -3.8116482626443515E-21,
            "DATARATE_RX" : -7.623296525288703E-21
          }
        },
        "(nodeD_c02, clientPoolE, nodeD_c02)" : {
          "AppCoordinates {com.bbn, test-service3, 1}" : {
            "DATARATE_TX" : -4.2351647362715017E-22,
            "DATARATE_RX" : -8.470329472543003E-22
          }
        },
        "(nodeA_c07, clientPoolE, nodeA_c07)" : {
          "AppCoordinates {com.bbn, test-service2, 1}" : {
            "DATARATE_TX" : -3.8116482626443515E-21,
            "DATARATE_RX" : -7.623296525288703E-21
          }
        },
        "(nodeD_c03, clientPoolE, nodeD_c03)" : {
          "AppCoordinates {com.bbn, test-service3, 1}" : {
            "DATARATE_TX" : 4.2351647362715017E-22,
            "DATARATE_RX" : 8.470329472543003E-22
          }
        },
        "(nodeA_c00, clientPoolE, nodeA_c00)" : {
          "AppCoordinates {com.bbn, test-service1, 1}" : {
            "DATARATE_TX" : -3.8116482626443515E-21,
            "DATARATE_RX" : -7.623296525288703E-21
          }
        },
        "(nodeD_c00, clientPoolE, nodeD_c00)" : {
          "AppCoordinates {com.bbn, test-service3, 1}" : {
            "DATARATE_TX" : -4.2351647362715017E-22,
            "DATARATE_RX" : -8.470329472543003E-22
          }
        },
        "(nodeA_c01, clientPoolE, nodeA_c01)" : {
          "AppCoordinates {com.bbn, test-service2, 1}" : {
            "DATARATE_TX" : -3.8116482626443515E-21,
            "DATARATE_RX" : -7.623296525288703E-21
          }
        },
        "(nodeD_c01, clientPoolE, nodeD_c01)" : {
          "AppCoordinates {com.bbn, test-service3, 1}" : {
            "DATARATE_TX" : -3.8116482626443515E-21,
            "DATARATE_RX" : -7.623296525288703E-21
          }
        },
        "(nodeA_c02, clientPoolE, nodeA_c02)" : {
          "AppCoordinates {com.bbn, test-service3, 1}" : {
            "DATARATE_TX" : -3.8116482626443515E-21,
            "DATARATE_RX" : -7.623296525288703E-21
          }
        },
        "(nodeA_c03, clientPoolE, nodeA_c03)" : {
          "AppCoordinates {com.bbn, test-service1, 1}" : {
            "DATARATE_TX" : -3.8116482626443515E-21,
            "DATARATE_RX" : -7.623296525288703E-21
          }
        },
        "(nodeA_c04, clientPoolE, nodeA_c04)" : {
          "AppCoordinates {com.bbn, test-service1, 1}" : {
            "DATARATE_TX" : -3.8116482626443515E-21,
            "DATARATE_RX" : -7.623296525288703E-21
          }
        }
      }
    },
    "networkDemand" : {
      "interface-nodeE ( nodeE )" : {
        "(nodeB_c02, clientPoolE, nodeB_c02)" : {
          "AppCoordinates {com.bbn, test-service3, 1}" : {
            "DATARATE_TX" : -4.2351647362715017E-22,
            "DATARATE_RX" : -8.470329472543003E-22
          }
        },
        "(nodeB_c01, clientPoolE, nodeB_c01)" : {
          "AppCoordinates {com.bbn, test-service3, 1}" : {
            "DATARATE_TX" : -3.8116482626443515E-21,
            "DATARATE_RX" : -7.623296525288703E-21
          }
        },
        "(nodeB_c00, clientPoolE, nodeB_c00)" : {
          "AppCoordinates {com.bbn, test-service3, 1}" : {
            "DATARATE_TX" : -3.8116482626443515E-21,
            "DATARATE_RX" : -7.623296525288703E-21
          }
        },
        "(nodeA_c05, clientPoolE, nodeA_c05)" : {
          "AppCoordinates {com.bbn, test-service3, 1}" : {
            "DATARATE_TX" : -3.8116482626443515E-21,
            "DATARATE_RX" : -7.623296525288703E-21
          }
        },
        "(nodeA_c06, clientPoolE, nodeA_c06)" : {
          "AppCoordinates {com.bbn, test-service2, 1}" : {
            "DATARATE_TX" : -3.8116482626443515E-21,
            "DATARATE_RX" : -7.623296525288703E-21
          }
        },
        "(nodeA_c07, clientPoolE, nodeA_c07)" : {
          "AppCoordinates {com.bbn, test-service2, 1}" : {
            "DATARATE_TX" : -3.8116482626443515E-21,
            "DATARATE_RX" : -7.623296525288703E-21
          }
        },
        "(nodeD_c02, clientPoolE, nodeD_c02)" : {
          "AppCoordinates {com.bbn, test-service3, 1}" : {
            "DATARATE_TX" : -4.2351647362715017E-22,
            "DATARATE_RX" : -8.470329472543003E-22
          }
        },
        "(nodeD_c03, clientPoolE, nodeD_c03)" : {
          "AppCoordinates {com.bbn, test-service3, 1}" : {
            "DATARATE_TX" : 4.2351647362715017E-22,
            "DATARATE_RX" : 8.470329472543003E-22
          }
        },
        "(nodeA_c00, clientPoolE, nodeA_c00)" : {
          "AppCoordinates {com.bbn, test-service1, 1}" : {
            "DATARATE_TX" : -3.8116482626443515E-21,
            "DATARATE_RX" : -7.623296525288703E-21
          }
        },
        "(nodeA_c01, clientPoolE, nodeA_c01)" : {
          "AppCoordinates {com.bbn, test-service2, 1}" : {
            "DATARATE_TX" : -3.8116482626443515E-21,
            "DATARATE_RX" : -7.623296525288703E-21
          }
        },
        "(nodeD_c00, clientPoolE, nodeD_c00)" : {
          "AppCoordinates {com.bbn, test-service3, 1}" : {
            "DATARATE_TX" : -4.2351647362715017E-22,
            "DATARATE_RX" : -8.470329472543003E-22
          }
        },
        "(nodeA_c02, clientPoolE, nodeA_c02)" : {
          "AppCoordinates {com.bbn, test-service3, 1}" : {
            "DATARATE_TX" : -3.8116482626443515E-21,
            "DATARATE_RX" : -7.623296525288703E-21
          }
        },
        "(nodeD_c01, clientPoolE, nodeD_c01)" : {
          "AppCoordinates {com.bbn, test-service3, 1}" : {
            "DATARATE_TX" : -3.8116482626443515E-21,
            "DATARATE_RX" : -7.623296525288703E-21
          }
        },
        "(nodeA_c03, clientPoolE, nodeA_c03)" : {
          "AppCoordinates {com.bbn, test-service1, 1}" : {
            "DATARATE_TX" : -3.8116482626443515E-21,
            "DATARATE_RX" : -7.623296525288703E-21
          }
        },
        "(nodeA_c04, clientPoolE, nodeA_c04)" : {
          "AppCoordinates {com.bbn, test-service1, 1}" : {
            "DATARATE_TX" : -3.8116482626443515E-21,
            "DATARATE_RX" : -7.623296525288703E-21
          }
        }
      },
      "interface-nodeD ( nodeD )" : {
        "(clientPoolE, nodeA_c01, nodeA_c01)" : {
          "AppCoordinates {com.bbn, test-service2, 1}" : {
            "DATARATE_TX" : -7.623296525288703E-21,
            "DATARATE_RX" : -3.8116482626443515E-21
          }
        },
        "(clientPoolB, nodeD_c05, nodeD_c05)" : {
          "AppCoordinates {com.bbn, test-service2, 1}" : {
            "DATARATE_TX" : 2.0E-5,
            "DATARATE_RX" : 1.0E-5
          }
        },
        "(clientPoolE, nodeA_c00, nodeA_c00)" : {
          "AppCoordinates {com.bbn, test-service1, 1}" : {
            "DATARATE_TX" : -7.623296525288703E-21,
            "DATARATE_RX" : -3.8116482626443515E-21
          }
        },
        "(clientPoolB, nodeD_c04, nodeD_c04)" : {
          "AppCoordinates {com.bbn, test-service3, 1}" : {
            "DATARATE_TX" : -7.623296525288703E-21,
            "DATARATE_RX" : -3.8116482626443515E-21
          }
        },
        "(clientPoolE, nodeA_c07, nodeA_c07)" : {
          "AppCoordinates {com.bbn, test-service2, 1}" : {
            "DATARATE_TX" : -7.623296525288703E-21,
            "DATARATE_RX" : -3.8116482626443515E-21
          }
        },
        "(clientPoolE, nodeA_c06, nodeA_c06)" : {
          "AppCoordinates {com.bbn, test-service2, 1}" : {
            "DATARATE_TX" : -7.623296525288703E-21,
            "DATARATE_RX" : -3.8116482626443515E-21
          }
        },
        "(clientPoolE, nodeA_c05, nodeA_c05)" : {
          "AppCoordinates {com.bbn, test-service3, 1}" : {
            "DATARATE_TX" : -7.623296525288703E-21,
            "DATARATE_RX" : -3.8116482626443515E-21
          }
        },
        "(clientPoolE, nodeA_c04, nodeA_c04)" : {
          "AppCoordinates {com.bbn, test-service1, 1}" : {
            "DATARATE_TX" : -7.623296525288703E-21,
            "DATARATE_RX" : -3.8116482626443515E-21
          }
        },
        "(clientPoolE, nodeA_c03, nodeA_c03)" : {
          "AppCoordinates {com.bbn, test-service1, 1}" : {
            "DATARATE_TX" : -7.623296525288703E-21,
            "DATARATE_RX" : -3.8116482626443515E-21
          }
        },
        "(clientPoolE, nodeA_c02, nodeA_c02)" : {
          "AppCoordinates {com.bbn, test-service3, 1}" : {
            "DATARATE_TX" : -7.623296525288703E-21,
            "DATARATE_RX" : -3.8116482626443515E-21
          }
        },
        "(clientPoolB, nodeD_c01, nodeD_c01)" : {
          "AppCoordinates {com.bbn, test-service3, 1}" : {
            "DATARATE_TX" : 9.599999999999993E-5,
            "DATARATE_RX" : 4.799999999999997E-5
          }
        },
        "(clientPoolB, nodeD_c00, nodeD_c00)" : {
          "AppCoordinates {com.bbn, test-service3, 1}" : {
            "DATARATE_TX" : 2.0999999999999963E-4,
            "DATARATE_RX" : 1.0499999999999981E-4
          }
        },
        "(clientPoolB, nodeD_c03, nodeD_c03)" : {
          "AppCoordinates {com.bbn, test-service3, 1}" : {
            "DATARATE_TX" : -7.623296525288703E-21,
            "DATARATE_RX" : -3.8116482626443515E-21
          }
        },
        "(clientPoolB, nodeD_c02, nodeD_c02)" : {
          "AppCoordinates {com.bbn, test-service3, 1}" : {
            "DATARATE_TX" : -7.623296525288703E-21,
            "DATARATE_RX" : -3.8116482626443515E-21
          }
        },
        "(clientPoolB, nodeA_c06, nodeA_c06)" : {
          "AppCoordinates {com.bbn, test-service2, 1}" : {
            "DATARATE_TX" : 1.859999999999997E-4,
            "DATARATE_RX" : 9.299999999999985E-5
          }
        },
        "(clientPoolB, nodeA_c05, nodeA_c05)" : {
          "AppCoordinates {com.bbn, test-service3, 1}" : {
            "DATARATE_TX" : 1.079999999999999E-4,
            "DATARATE_RX" : 5.399999999999995E-5
          }
        },
        "(clientPoolB, nodeA_c04, nodeA_c04)" : {
          "AppCoordinates {com.bbn, test-service3, 1}" : {
            "DATARATE_TX" : 9.999999999999992E-5,
            "DATARATE_RX" : 4.999999999999996E-5
          },
          "AppCoordinates {com.bbn, test-service1, 1}" : {
            "DATARATE_TX" : -7.623296525288703E-21,
            "DATARATE_RX" : -3.8116482626443515E-21
          }
        },
        "(clientPoolB, nodeA_c03, nodeA_c03)" : {
          "AppCoordinates {com.bbn, test-service1, 1}" : {
            "DATARATE_TX" : 2.1199999999999957E-4,
            "DATARATE_RX" : 1.0599999999999978E-4
          }
        },
        "(clientPoolB, nodeA_c02, nodeA_c02)" : {
          "AppCoordinates {com.bbn, test-service3, 1}" : {
            "DATARATE_TX" : 1.1799999999999985E-4,
            "DATARATE_RX" : 5.899999999999992E-5
          },
          "AppCoordinates {com.bbn, test-service1, 1}" : {
            "DATARATE_TX" : -7.623296525288703E-21,
            "DATARATE_RX" : -3.8116482626443515E-21
          }
        },
        "(clientPoolB, nodeA_c01, nodeA_c01)" : {
          "AppCoordinates {com.bbn, test-service2, 1}" : {
            "DATARATE_TX" : -7.623296525288703E-21,
            "DATARATE_RX" : -3.8116482626443515E-21
          },
          "AppCoordinates {com.bbn, test-service1, 1}" : {
            "DATARATE_TX" : 1.9599999999999961E-4,
            "DATARATE_RX" : 9.799999999999981E-5
          }
        },
        "(clientPoolB, nodeA_c00, nodeA_c00)" : {
          "AppCoordinates {com.bbn, test-service1, 1}" : {
            "DATARATE_TX" : 2.079999999999996E-4,
            "DATARATE_RX" : 1.039999999999998E-4
          }
        },
        "(clientPoolB, nodeA_c07, nodeA_c07)" : {
          "AppCoordinates {com.bbn, test-service2, 1}" : {
            "DATARATE_TX" : 2.179999999999996E-4,
            "DATARATE_RX" : 1.089999999999998E-4
          }
        },
        "(clientPoolE, nodeD_c00, nodeD_c00)" : {
          "AppCoordinates {com.bbn, test-service3, 1}" : {
            "DATARATE_TX" : -8.470329472543003E-22,
            "DATARATE_RX" : -4.2351647362715017E-22
          }
        },
        "(clientPoolE, nodeD_c02, nodeD_c02)" : {
          "AppCoordinates {com.bbn, test-service3, 1}" : {
            "DATARATE_TX" : -8.470329472543003E-22,
            "DATARATE_RX" : -4.2351647362715017E-22
          }
        },
        "(clientPoolE, nodeD_c01, nodeD_c01)" : {
          "AppCoordinates {com.bbn, test-service3, 1}" : {
            "DATARATE_TX" : -7.623296525288703E-21,
            "DATARATE_RX" : -3.8116482626443515E-21
          }
        },
        "(clientPoolE, nodeD_c03, nodeD_c03)" : {
          "AppCoordinates {com.bbn, test-service3, 1}" : {
            "DATARATE_TX" : 8.470329472543003E-22,
            "DATARATE_RX" : 4.2351647362715017E-22
          }
        }
      }
    },
    "containerReports" : {
      "nodeB_c01" : {
        "containerName" : {
          "name" : "nodeB_c01"
        },
        "timestamp" : 384495,
        "service" : {
          "group" : "com.bbn",
          "artifact" : "test-service3",
          "version" : "1"
        },
        "serviceStatus" : "RUNNING",
        "demandEstimationWindow" : "SHORT",
        "computeCapacity" : {
          "CPU" : 1.0,
          "TASK_CONTAINERS" : 100.0,
          "QueueLength" : 1000000.0
        },
        "computeLoad" : {
          "UNKNOWN" : {
            "QueueLength" : 27.0,
            "TASK_CONTAINERS" : 13.5
          }
        },
        "computeDemand" : {
          "UNKNOWN" : {
            "QueueLength" : 23.625,
            "TASK_CONTAINERS" : 11.8125
          }
        },
        "averageProcessingTime" : 120000.0,
        "networkCapacity" : {
          "interface-nodeB ( nodeB )" : {
            "DATARATE_TX" : 100.0,
            "DATARATE_RX" : 100.0
          }
        },
        "networkLoad" : {
          "interface-nodeB ( nodeB )" : {
            "(clientPoolE, nodeB_c01, nodeB_c01)" : {
              "AppCoordinates {com.bbn, test-service3, 1}" : {
                "DATARATE_TX" : -7.623296525288703E-21,
                "DATARATE_RX" : -3.8116482626443515E-21
              }
            },
            "(clientPoolB, nodeB_c01, nodeB_c01)" : {
              "AppCoordinates {com.bbn, test-service3, 1}" : {
                "DATARATE_TX" : 5.400000000000001E-5,
                "DATARATE_RX" : 2.7000000000000006E-5
              }
            }
          }
        },
        "networkDemand" : {
          "interface-nodeB ( nodeB )" : {
            "(clientPoolE, nodeB_c01, nodeB_c01)" : {
              "AppCoordinates {com.bbn, test-service3, 1}" : {
                "DATARATE_TX" : -7.623296525288703E-21,
                "DATARATE_RX" : -3.8116482626443515E-21
              }
            },
            "(clientPoolB, nodeB_c01, nodeB_c01)" : {
              "AppCoordinates {com.bbn, test-service3, 1}" : {
                "DATARATE_TX" : 5.400000000000001E-5,
                "DATARATE_RX" : 2.7000000000000006E-5
              }
            }
          }
        }
      }
    },
    "maximumServiceContainers" : 20,
    "allocatedServiceContainers" : 1,
    "computeDemand" : {
      "AppCoordinates {com.bbn, test-service3, 1}" : {
        "UNKNOWN" : {
          "QueueLength" : 23.625,
          "TASK_CONTAINERS" : 11.8125
        }
      }
    },
    "containerNetworkLoad" : {
      "interface-nodeB ( nodeB )" : {
        "(clientPoolE, nodeB_c01, nodeB_c01)" : {
          "AppCoordinates {com.bbn, test-service3, 1}" : {
            "DATARATE_TX" : -7.623296525288703E-21,
            "DATARATE_RX" : -3.8116482626443515E-21
          }
        },
        "(clientPoolB, nodeB_c01, nodeB_c01)" : {
          "AppCoordinates {com.bbn, test-service3, 1}" : {
            "DATARATE_TX" : 5.400000000000001E-5,
            "DATARATE_RX" : 2.7000000000000006E-5
          }
        }
      }
    },
    "containerNetworkDemand" : {
      "interface-nodeB ( nodeB )" : {
        "(clientPoolE, nodeB_c01, nodeB_c01)" : {
          "AppCoordinates {com.bbn, test-service3, 1}" : {
            "DATARATE_TX" : -7.623296525288703E-21,
            "DATARATE_RX" : -3.8116482626443515E-21
          }
        },
        "(clientPoolB, nodeB_c01, nodeB_c01)" : {
          "AppCoordinates {com.bbn, test-service3, 1}" : {
            "DATARATE_TX" : 5.400000000000001E-5,
            "DATARATE_RX" : 2.7000000000000006E-5
          }
        }
      }
    },
    "computeLoad" : {
      "AppCoordinates {com.bbn, test-service3, 1}" : {
        "UNKNOWN" : {
          "QueueLength" : 27.0,
          "TASK_CONTAINERS" : 13.5
        }
      }
    },
    "availableServiceContainers" : 19,
    "averageProcessingTime" : {
      "AppCoordinates {com.bbn, test-service3, 1}" : 120000.0
    },
    "allocatedComputeCapacity" : {
      "CPU" : 1.0,
      "QueueLength" : 1000000.0,
      "TASK_CONTAINERS" : 100.0
    }
  } ]
}