{
  "nodeName" : {
    "name" : "nodeA"
  },
  "timestamp" : 340498,
  "demandEstimationWindow" : "LONG",
  "nodeComputeCapacity" : {
    "CPU" : 8.0,
    "MEMORY" : 1.6E10,
    "DISK" : 10.0,
    "TASK_CONTAINERS" : 8.0
  },
  "networkCapacity" : {
    "interface-nodeE ( nodeE )" : {
      "DATARATE_RX" : 100.0,
      "DATARATE_TX" : 100.0
    },
    "interface-nodeB ( nodeB )" : {
      "DATARATE_RX" : 100.0,
      "DATARATE_TX" : 100.0
    },
    "interface-nodeC ( nodeC )" : {
      "DATARATE_RX" : 100.0,
      "DATARATE_TX" : 100.0
    }
  },
  "networkLoad" : {
    "interface-nodeE ( nodeE )" : {
      "(nodeA_c05, clientPoolE, nodeA_c05)" : {
        "AppCoordinates {com.bbn, test-service1, 1}" : {
          "DATARATE_TX" : 0.003,
          "DATARATE_RX" : 0.006
        }
      },
      "(nodeA_c06, clientPoolE, nodeA_c06)" : {
        "AppCoordinates {com.bbn, test-service3, 1}" : {
          "DATARATE_TX" : 0.002,
          "DATARATE_RX" : 0.004
        }
      },
      "(nodeA_c07, clientPoolE, nodeA_c07)" : {
        "AppCoordinates {com.bbn, test-service2, 1}" : {
          "DATARATE_TX" : 0.002,
          "DATARATE_RX" : 0.004
        }
      },
      "(nodeA_c00, clientPoolE, nodeA_c00)" : {
        "AppCoordinates {com.bbn, test-service1, 1}" : {
          "DATARATE_TX" : 0.003,
          "DATARATE_RX" : 0.006
        }
      },
      "(nodeA_c01, clientPoolE, nodeA_c01)" : {
        "AppCoordinates {com.bbn, test-service2, 1}" : {
          "DATARATE_TX" : 0.003,
          "DATARATE_RX" : 0.006
        }
      },
      "(nodeA_c02, clientPoolE, nodeA_c02)" : {
        "AppCoordinates {com.bbn, test-service3, 1}" : {
          "DATARATE_TX" : 0.004,
          "DATARATE_RX" : 0.008
        }
      },
      "(nodeA_c03, clientPoolE, nodeA_c03)" : {
        "AppCoordinates {com.bbn, test-service3, 1}" : {
          "DATARATE_TX" : 0.003,
          "DATARATE_RX" : 0.006
        }
      },
      "(nodeA_c04, clientPoolE, nodeA_c04)" : {
        "AppCoordinates {com.bbn, test-service2, 1}" : {
          "DATARATE_TX" : 0.003,
          "DATARATE_RX" : 0.006
        }
      }
    },
    "interface-nodeB ( nodeB )" : { },
    "interface-nodeC ( nodeC )" : {
      "(nodeA_c00, clientPoolH, nodeA_c00)" : {
        "AppCoordinates {com.bbn, test-service1, 1}" : {
          "DATARATE_TX" : 0.004,
          "DATARATE_RX" : 0.008
        }
      },
      "(nodeA_c01, clientPoolH, nodeA_c01)" : {
        "AppCoordinates {com.bbn, test-service2, 1}" : {
          "DATARATE_TX" : 0.004,
          "DATARATE_RX" : 0.008
        }
      },
      "(nodeA_c02, clientPoolH, nodeA_c02)" : {
        "AppCoordinates {com.bbn, test-service3, 1}" : {
          "DATARATE_TX" : 0.003,
          "DATARATE_RX" : 0.006
        }
      },
      "(nodeA_c03, clientPoolH, nodeA_c03)" : {
        "AppCoordinates {com.bbn, test-service3, 1}" : {
          "DATARATE_TX" : 0.003,
          "DATARATE_RX" : 0.006
        }
      },
      "(nodeA_c04, clientPoolH, nodeA_c04)" : {
        "AppCoordinates {com.bbn, test-service2, 1}" : {
          "DATARATE_TX" : 0.004,
          "DATARATE_RX" : 0.008
        }
      },
      "(nodeA_c05, clientPoolH, nodeA_c05)" : {
        "AppCoordinates {com.bbn, test-service1, 1}" : {
          "DATARATE_TX" : 0.004,
          "DATARATE_RX" : 0.008
        }
      },
      "(nodeA_c06, clientPoolH, nodeA_c06)" : {
        "AppCoordinates {com.bbn, test-service3, 1}" : {
          "DATARATE_TX" : 0.005,
          "DATARATE_RX" : 0.01
        }
      },
      "(nodeA_c07, clientPoolH, nodeA_c07)" : {
        "AppCoordinates {com.bbn, test-service2, 1}" : {
          "DATARATE_TX" : 0.003,
          "DATARATE_RX" : 0.006
        }
      }
    }
  },
  "networkDemand" : {
    "interface-nodeE ( nodeE )" : {
      "(nodeA_c05, clientPoolE, nodeA_c05)" : {
        "AppCoordinates {com.bbn, test-service1, 1}" : {
          "DATARATE_TX" : 0.0029999999999999936,
          "DATARATE_RX" : 0.005999999999999987
        }
      },
      "(nodeA_c06, clientPoolE, nodeA_c06)" : {
        "AppCoordinates {com.bbn, test-service3, 1}" : {
          "DATARATE_TX" : 0.0020000000000000013,
          "DATARATE_RX" : 0.004000000000000003
        }
      },
      "(nodeA_c07, clientPoolE, nodeA_c07)" : {
        "AppCoordinates {com.bbn, test-service2, 1}" : {
          "DATARATE_TX" : 0.0020000000000000013,
          "DATARATE_RX" : 0.004000000000000003
        }
      },
      "(nodeA_c00, clientPoolE, nodeA_c00)" : {
        "AppCoordinates {com.bbn, test-service1, 1}" : {
          "DATARATE_TX" : 0.0029999999999999936,
          "DATARATE_RX" : 0.005999999999999987
        }
      },
      "(nodeA_c01, clientPoolE, nodeA_c01)" : {
        "AppCoordinates {com.bbn, test-service2, 1}" : {
          "DATARATE_TX" : 0.0029999999999999936,
          "DATARATE_RX" : 0.005999999999999987
        }
      },
      "(nodeA_c02, clientPoolE, nodeA_c02)" : {
        "AppCoordinates {com.bbn, test-service3, 1}" : {
          "DATARATE_TX" : 0.004000000000000003,
          "DATARATE_RX" : 0.008000000000000005
        }
      },
      "(nodeA_c03, clientPoolE, nodeA_c03)" : {
        "AppCoordinates {com.bbn, test-service3, 1}" : {
          "DATARATE_TX" : 0.0029999999999999936,
          "DATARATE_RX" : 0.005999999999999987
        }
      },
      "(nodeA_c04, clientPoolE, nodeA_c04)" : {
        "AppCoordinates {com.bbn, test-service2, 1}" : {
          "DATARATE_TX" : 0.0029999999999999936,
          "DATARATE_RX" : 0.005999999999999987
        }
      }
    },
    "interface-nodeC ( nodeC )" : {
      "(nodeA_c00, clientPoolH, nodeA_c00)" : {
        "AppCoordinates {com.bbn, test-service1, 1}" : {
          "DATARATE_TX" : 0.004000000000000003,
          "DATARATE_RX" : 0.008000000000000005
        }
      },
      "(nodeA_c01, clientPoolH, nodeA_c01)" : {
        "AppCoordinates {com.bbn, test-service2, 1}" : {
          "DATARATE_TX" : 0.004000000000000003,
          "DATARATE_RX" : 0.008000000000000005
        }
      },
      "(nodeA_c02, clientPoolH, nodeA_c02)" : {
        "AppCoordinates {com.bbn, test-service3, 1}" : {
          "DATARATE_TX" : 0.0029999999999999936,
          "DATARATE_RX" : 0.005999999999999987
        }
      },
      "(nodeA_c03, clientPoolH, nodeA_c03)" : {
        "AppCoordinates {com.bbn, test-service3, 1}" : {
          "DATARATE_TX" : 0.0029999999999999936,
          "DATARATE_RX" : 0.005999999999999987
        }
      },
      "(nodeA_c04, clientPoolH, nodeA_c04)" : {
        "AppCoordinates {com.bbn, test-service2, 1}" : {
          "DATARATE_TX" : 0.004000000000000003,
          "DATARATE_RX" : 0.008000000000000005
        }
      },
      "(nodeA_c05, clientPoolH, nodeA_c05)" : {
        "AppCoordinates {com.bbn, test-service1, 1}" : {
          "DATARATE_TX" : 0.004000000000000003,
          "DATARATE_RX" : 0.008000000000000005
        }
      },
      "(nodeA_c06, clientPoolH, nodeA_c06)" : {
        "AppCoordinates {com.bbn, test-service3, 1}" : {
          "DATARATE_TX" : 0.004999999999999954,
          "DATARATE_RX" : 0.009999999999999908
        }
      },
      "(nodeA_c07, clientPoolH, nodeA_c07)" : {
        "AppCoordinates {com.bbn, test-service2, 1}" : {
          "DATARATE_TX" : 0.0029999999999999936,
          "DATARATE_RX" : 0.005999999999999987
        }
      }
    },
    "interface-nodeB ( nodeB )" : { }
  },
  "containerReports" : {
    "nodeA_c03" : {
      "containerName" : {
        "name" : "nodeA_c03"
      },
      "timestamp" : 340498,
      "service" : {
        "group" : "com.bbn",
        "artifact" : "test-service3",
        "version" : "1"
      },
      "serviceStatus" : "RUNNING",
      "demandEstimationWindow" : "LONG",
      "computeCapacity" : {
        "CPU" : 1.0,
        "TASK_CONTAINERS" : 1.0,
        "QueueLength" : 1000000.0
      },
      "computeLoad" : {
        "UNKNOWN" : {
          "QueueLength" : 10.0,
          "TASK_CONTAINERS" : 0.9999999999999999
        }
      },
      "computeDemand" : {
        "UNKNOWN" : {
          "QueueLength" : 9.972375690607734,
          "TASK_CONTAINERS" : 0.9972375690607733
        }
      },
      "averageProcessingTime" : "NaN",
      "networkCapacity" : {
        "interface-nodeA ( nodeA )" : {
          "DATARATE_TX" : 100.0,
          "DATARATE_RX" : 100.0
        }
      },
      "networkLoad" : {
        "interface-nodeA ( nodeA )" : {
          "(clientPoolH, nodeA_c03, nodeA_c03)" : {
            "AppCoordinates {com.bbn, test-service3, 1}" : {
              "DATARATE_TX" : 0.02600000000000001,
              "DATARATE_RX" : 0.013000000000000005
            }
          },
          "(clientPoolA, nodeA_c03, nodeA_c03)" : {
            "AppCoordinates {com.bbn, test-service3, 1}" : {
              "DATARATE_TX" : 0.044000000000000025,
              "DATARATE_RX" : 0.022000000000000013
            }
          },
          "(clientPoolE, nodeA_c03, nodeA_c03)" : {
            "AppCoordinates {com.bbn, test-service3, 1}" : {
              "DATARATE_TX" : 0.03600000000000002,
              "DATARATE_RX" : 0.01800000000000001
            }
          }
        }
      },
      "networkDemand" : {
        "interface-nodeA ( nodeA )" : {
          "(clientPoolH, nodeA_c03, nodeA_c03)" : {
            "AppCoordinates {com.bbn, test-service3, 1}" : {
              "DATARATE_TX" : 0.02599999999999985,
              "DATARATE_RX" : 0.012999999999999925
            }
          },
          "(clientPoolA, nodeA_c03, nodeA_c03)" : {
            "AppCoordinates {com.bbn, test-service3, 1}" : {
              "DATARATE_TX" : 0.03418282548476445,
              "DATARATE_RX" : 0.017091412742382225
            }
          },
          "(clientPoolE, nodeA_c03, nodeA_c03)" : {
            "AppCoordinates {com.bbn, test-service3, 1}" : {
              "DATARATE_TX" : 0.03599999999999973,
              "DATARATE_RX" : 0.017999999999999863
            }
          }
        }
      }
    },
    "nodeA_c04" : {
      "containerName" : {
        "name" : "nodeA_c04"
      },
      "timestamp" : 340501,
      "service" : {
        "group" : "com.bbn",
        "artifact" : "test-service3",
        "version" : "1"
      },
      "serviceStatus" : "RUNNING",
      "demandEstimationWindow" : "LONG",
      "computeCapacity" : {
        "CPU" : 1.0,
        "TASK_CONTAINERS" : 1.0,
        "QueueLength" : 1000000.0
      },
      "computeLoad" : {
        "UNKNOWN" : {
          "QueueLength" : 10.0,
          "TASK_CONTAINERS" : 0.9999999999999999
        }
      },
      "computeDemand" : {
        "UNKNOWN" : {
          "QueueLength" : 3.56,
          "TASK_CONTAINERS" : 0.6402877697841716
        }
      },
      "averageProcessingTime" : "NaN",
      "networkCapacity" : {
        "interface-nodeA ( nodeA )" : {
          "DATARATE_TX" : 100.0,
          "DATARATE_RX" : 100.0
        }
      },
      "networkLoad" : {
        "interface-nodeA ( nodeA )" : {
          "(clientPoolA, nodeA_c04, nodeA_c04)" : {
            "AppCoordinates {com.bbn, test-service3, 1}" : {
              "DATARATE_TX" : 0.020000000000000004,
              "DATARATE_RX" : 0.010000000000000002
            }
          }
        }
      },
      "networkDemand" : {
        "interface-nodeA ( nodeA )" : {
          "(clientPoolA, nodeA_c04, nodeA_c04)" : {
            "AppCoordinates {com.bbn, test-service3, 1}" : {
              "DATARATE_TX" : 0.012898550724637692,
              "DATARATE_RX" : 0.006449275362318846
            }
          }
        }
      }
    },
    "nodeA_c01" : {
      "containerName" : {
        "name" : "nodeA_c01"
      },
      "timestamp" : 340501,
      "service" : {
        "group" : "com.bbn",
        "artifact" : "test-service2",
        "version" : "1"
      },
      "serviceStatus" : "RUNNING",
      "demandEstimationWindow" : "LONG",
      "computeCapacity" : {
        "CPU" : 1.0,
        "TASK_CONTAINERS" : 1.0,
        "QueueLength" : 1000000.0
      },
      "computeLoad" : {
        "UNKNOWN" : {
          "QueueLength" : 10.0,
          "TASK_CONTAINERS" : 0.9999999999999999
        }
      },
      "computeDemand" : {
        "UNKNOWN" : {
          "QueueLength" : 9.972375690607734,
          "TASK_CONTAINERS" : 0.9972375690607733
        }
      },
      "averageProcessingTime" : "NaN",
      "networkCapacity" : {
        "interface-nodeA ( nodeA )" : {
          "DATARATE_TX" : 100.0,
          "DATARATE_RX" : 100.0
        }
      },
      "networkLoad" : {
        "interface-nodeA ( nodeA )" : {
          "(clientPoolE, nodeA_c01, nodeA_c01)" : {
            "AppCoordinates {com.bbn, test-service2, 1}" : {
              "DATARATE_TX" : 0.07400000000000005,
              "DATARATE_RX" : 0.037000000000000026
            }
          },
          "(clientPoolH, nodeA_c01, nodeA_c01)" : {
            "AppCoordinates {com.bbn, test-service2, 1}" : {
              "DATARATE_TX" : 0.07200000000000005,
              "DATARATE_RX" : 0.036000000000000025
            }
          },
          "(clientPoolA, nodeA_c01, nodeA_c01)" : {
            "AppCoordinates {com.bbn, test-service2, 1}" : {
              "DATARATE_TX" : 0.17000000000000012,
              "DATARATE_RX" : 0.08500000000000006
            }
          }
        }
      },
      "networkDemand" : {
        "interface-nodeA ( nodeA )" : {
          "(clientPoolE, nodeA_c01, nodeA_c01)" : {
            "AppCoordinates {com.bbn, test-service2, 1}" : {
              "DATARATE_TX" : 0.07400000000000058,
              "DATARATE_RX" : 0.03700000000000029
            }
          },
          "(clientPoolH, nodeA_c01, nodeA_c01)" : {
            "AppCoordinates {com.bbn, test-service2, 1}" : {
              "DATARATE_TX" : 0.07199999999999945,
              "DATARATE_RX" : 0.03599999999999973
            }
          },
          "(clientPoolA, nodeA_c01, nodeA_c01)" : {
            "AppCoordinates {com.bbn, test-service2, 1}" : {
              "DATARATE_TX" : 0.10293628808864297,
              "DATARATE_RX" : 0.051468144044321484
            }
          }
        }
      }
    },
    "nodeA_c02" : {
      "containerName" : {
        "name" : "nodeA_c02"
      },
      "timestamp" : 340504,
      "service" : {
        "group" : "com.bbn",
        "artifact" : "test-service3",
        "version" : "1"
      },
      "serviceStatus" : "RUNNING",
      "demandEstimationWindow" : "LONG",
      "computeCapacity" : {
        "CPU" : 1.0,
        "TASK_CONTAINERS" : 1.0,
        "QueueLength" : 1000000.0
      },
      "computeLoad" : {
        "UNKNOWN" : {
          "QueueLength" : 10.0,
          "TASK_CONTAINERS" : 0.9999999999999999
        }
      },
      "computeDemand" : {
        "UNKNOWN" : {
          "QueueLength" : 9.97229916897507,
          "TASK_CONTAINERS" : 0.9972299168975067
        }
      },
      "averageProcessingTime" : "NaN",
      "networkCapacity" : {
        "interface-nodeA ( nodeA )" : {
          "DATARATE_TX" : 100.0,
          "DATARATE_RX" : 100.0
        }
      },
      "networkLoad" : {
        "interface-nodeA ( nodeA )" : {
          "(clientPoolH, nodeA_c02, nodeA_c02)" : {
            "AppCoordinates {com.bbn, test-service3, 1}" : {
              "DATARATE_TX" : 0.07800000000000006,
              "DATARATE_RX" : 0.03900000000000003
            }
          },
          "(clientPoolA, nodeA_c02, nodeA_c02)" : {
            "AppCoordinates {com.bbn, test-service3, 1}" : {
              "DATARATE_TX" : 0.10400000000000008,
              "DATARATE_RX" : 0.05200000000000004
            }
          },
          "(clientPoolE, nodeA_c02, nodeA_c02)" : {
            "AppCoordinates {com.bbn, test-service3, 1}" : {
              "DATARATE_TX" : 0.07600000000000005,
              "DATARATE_RX" : 0.03800000000000003
            }
          }
        }
      },
      "networkDemand" : {
        "interface-nodeA ( nodeA )" : {
          "(clientPoolH, nodeA_c02, nodeA_c02)" : {
            "AppCoordinates {com.bbn, test-service3, 1}" : {
              "DATARATE_TX" : 0.07799999999999961,
              "DATARATE_RX" : 0.038999999999999806
            }
          },
          "(clientPoolA, nodeA_c02, nodeA_c02)" : {
            "AppCoordinates {com.bbn, test-service3, 1}" : {
              "DATARATE_TX" : 0.08846666666666678,
              "DATARATE_RX" : 0.04423333333333339
            }
          },
          "(clientPoolE, nodeA_c02, nodeA_c02)" : {
            "AppCoordinates {com.bbn, test-service3, 1}" : {
              "DATARATE_TX" : 0.07600000000000032,
              "DATARATE_RX" : 0.03800000000000016
            }
          }
        }
      }
    },
    "nodeA_c00" : {
      "containerName" : {
        "name" : "nodeA_c00"
      },
      "timestamp" : 340506,
      "service" : {
        "group" : "com.bbn",
        "artifact" : "test-service3",
        "version" : "1"
      },
      "serviceStatus" : "RUNNING",
      "demandEstimationWindow" : "LONG",
      "computeCapacity" : {
        "CPU" : 1.0,
        "TASK_CONTAINERS" : 1.0,
        "QueueLength" : 1000000.0
      },
      "computeLoad" : {
        "UNKNOWN" : {
          "QueueLength" : 6.0,
          "TASK_CONTAINERS" : 0.6
        }
      },
      "computeDemand" : {
        "UNKNOWN" : {
          "QueueLength" : 2.9473684210526314,
          "TASK_CONTAINERS" : 0.4108108108108099
        }
      },
      "averageProcessingTime" : "NaN",
      "networkCapacity" : {
        "interface-nodeA ( nodeA )" : {
          "DATARATE_TX" : 100.0,
          "DATARATE_RX" : 100.0
        }
      },
      "networkLoad" : {
        "interface-nodeA ( nodeA )" : {
          "(clientPoolA, nodeA_c00, nodeA_c00)" : {
            "AppCoordinates {com.bbn, test-service3, 1}" : {
              "DATARATE_TX" : 0.012,
              "DATARATE_RX" : 0.006
            }
          }
        }
      },
      "networkDemand" : {
        "interface-nodeA ( nodeA )" : {
          "(clientPoolA, nodeA_c00, nodeA_c00)" : {
            "AppCoordinates {com.bbn, test-service3, 1}" : {
              "DATARATE_TX" : 0.008248062015503868,
              "DATARATE_RX" : 0.004124031007751934
            }
          }
        }
      }
    },
    "nodeA_c07" : {
      "containerName" : {
        "name" : "nodeA_c07"
      },
      "timestamp" : 340507,
      "service" : {
        "group" : "com.bbn",
        "artifact" : "test-service3",
        "version" : "1"
      },
      "serviceStatus" : "RUNNING",
      "demandEstimationWindow" : "LONG",
      "computeCapacity" : {
        "CPU" : 1.0,
        "TASK_CONTAINERS" : 1.0,
        "QueueLength" : 1000000.0
      },
      "computeLoad" : {
        "UNKNOWN" : {
          "QueueLength" : 10.0,
          "TASK_CONTAINERS" : 0.9999999999999999
        }
      },
      "computeDemand" : {
        "UNKNOWN" : {
          "QueueLength" : 4.849162011173185,
          "TASK_CONTAINERS" : 0.6702702702702711
        }
      },
      "averageProcessingTime" : "NaN",
      "networkCapacity" : {
        "interface-nodeA ( nodeA )" : {
          "DATARATE_TX" : 100.0,
          "DATARATE_RX" : 100.0
        }
      },
      "networkLoad" : {
        "interface-nodeA ( nodeA )" : {
          "(clientPoolA, nodeA_c07, nodeA_c07)" : {
            "AppCoordinates {com.bbn, test-service3, 1}" : {
              "DATARATE_TX" : 0.024000000000000007,
              "DATARATE_RX" : 0.012000000000000004
            }
          }
        }
      },
      "networkDemand" : {
        "interface-nodeA ( nodeA )" : {
          "(clientPoolA, nodeA_c07, nodeA_c07)" : {
            "AppCoordinates {com.bbn, test-service3, 1}" : {
              "DATARATE_TX" : 0.01370542635658911,
              "DATARATE_RX" : 0.006852713178294555
            }
          }
        }
      }
    },
    "nodeA_c05" : {
      "containerName" : {
        "name" : "nodeA_c05"
      },
      "timestamp" : 340508,
      "service" : {
        "group" : "com.bbn",
        "artifact" : "test-service1",
        "version" : "1"
      },
      "serviceStatus" : "RUNNING",
      "demandEstimationWindow" : "LONG",
      "computeCapacity" : {
        "CPU" : 1.0,
        "TASK_CONTAINERS" : 1.0,
        "QueueLength" : 1000000.0
      },
      "computeLoad" : {
        "UNKNOWN" : {
          "QueueLength" : 10.0,
          "TASK_CONTAINERS" : 0.9999999999999999
        }
      },
      "computeDemand" : {
        "UNKNOWN" : {
          "QueueLength" : 9.97229916897507,
          "TASK_CONTAINERS" : 0.9972299168975067
        }
      },
      "averageProcessingTime" : "NaN",
      "networkCapacity" : {
        "interface-nodeA ( nodeA )" : {
          "DATARATE_TX" : 100.0,
          "DATARATE_RX" : 100.0
        }
      },
      "networkLoad" : {
        "interface-nodeA ( nodeA )" : {
          "(clientPoolA, nodeA_c05, nodeA_c05)" : {
            "AppCoordinates {com.bbn, test-service1, 1}" : {
              "DATARATE_TX" : 0.16200000000000012,
              "DATARATE_RX" : 0.08100000000000006
            }
          },
          "(clientPoolE, nodeA_c05, nodeA_c05)" : {
            "AppCoordinates {com.bbn, test-service1, 1}" : {
              "DATARATE_TX" : 0.03800000000000002,
              "DATARATE_RX" : 0.01900000000000001
            }
          },
          "(clientPoolH, nodeA_c05, nodeA_c05)" : {
            "AppCoordinates {com.bbn, test-service1, 1}" : {
              "DATARATE_TX" : 0.04200000000000002,
              "DATARATE_RX" : 0.02100000000000001
            }
          }
        }
      },
      "networkDemand" : {
        "interface-nodeA ( nodeA )" : {
          "(clientPoolA, nodeA_c05, nodeA_c05)" : {
            "AppCoordinates {com.bbn, test-service1, 1}" : {
              "DATARATE_TX" : 0.08883333333333368,
              "DATARATE_RX" : 0.04441666666666684
            }
          },
          "(clientPoolE, nodeA_c05, nodeA_c05)" : {
            "AppCoordinates {com.bbn, test-service1, 1}" : {
              "DATARATE_TX" : 0.03800000000000016,
              "DATARATE_RX" : 0.01900000000000008
            }
          },
          "(clientPoolH, nodeA_c05, nodeA_c05)" : {
            "AppCoordinates {com.bbn, test-service1, 1}" : {
              "DATARATE_TX" : 0.04199999999999984,
              "DATARATE_RX" : 0.02099999999999992
            }
          }
        }
      }
    },
    "nodeA_c06" : {
      "containerName" : {
        "name" : "nodeA_c06"
      },
      "timestamp" : 340510,
      "service" : {
        "group" : "com.bbn",
        "artifact" : "test-service3",
        "version" : "1"
      },
      "serviceStatus" : "RUNNING",
      "demandEstimationWindow" : "LONG",
      "computeCapacity" : {
        "CPU" : 1.0,
        "TASK_CONTAINERS" : 1.0,
        "QueueLength" : 1000000.0
      },
      "computeLoad" : {
        "UNKNOWN" : {
          "QueueLength" : 10.0,
          "TASK_CONTAINERS" : 0.9999999999999999
        }
      },
      "computeDemand" : {
        "UNKNOWN" : {
          "QueueLength" : 9.97229916897507,
          "TASK_CONTAINERS" : 0.9972299168975067
        }
      },
      "averageProcessingTime" : "NaN",
      "networkCapacity" : {
        "interface-nodeA ( nodeA )" : {
          "DATARATE_TX" : 100.0,
          "DATARATE_RX" : 100.0
        }
      },
      "networkLoad" : {
        "interface-nodeA ( nodeA )" : {
          "(clientPoolA, nodeA_c06, nodeA_c06)" : {
            "AppCoordinates {com.bbn, test-service3, 1}" : {
              "DATARATE_TX" : 0.03600000000000002,
              "DATARATE_RX" : 0.01800000000000001
            }
          },
          "(clientPoolE, nodeA_c06, nodeA_c06)" : {
            "AppCoordinates {com.bbn, test-service3, 1}" : {
              "DATARATE_TX" : 0.008,
              "DATARATE_RX" : 0.004
            }
          },
          "(clientPoolH, nodeA_c06, nodeA_c06)" : {
            "AppCoordinates {com.bbn, test-service3, 1}" : {
              "DATARATE_TX" : 0.016,
              "DATARATE_RX" : 0.008
            }
          }
        }
      },
      "networkDemand" : {
        "interface-nodeA ( nodeA )" : {
          "(clientPoolA, nodeA_c06, nodeA_c06)" : {
            "AppCoordinates {com.bbn, test-service3, 1}" : {
              "DATARATE_TX" : 0.022377777777777746,
              "DATARATE_RX" : 0.011188888888888873
            }
          },
          "(clientPoolE, nodeA_c06, nodeA_c06)" : {
            "AppCoordinates {com.bbn, test-service3, 1}" : {
              "DATARATE_TX" : 0.008000000000000005,
              "DATARATE_RX" : 0.004000000000000003
            }
          },
          "(clientPoolH, nodeA_c06, nodeA_c06)" : {
            "AppCoordinates {com.bbn, test-service3, 1}" : {
              "DATARATE_TX" : 0.01600000000000001,
              "DATARATE_RX" : 0.008000000000000005
            }
          }
        }
      }
    }
  },
  "maximumServiceContainers" : 8,
  "allocatedServiceContainers" : 8,
  "computeDemand" : {
    "AppCoordinates {com.bbn, test-service3, 1}" : {
      "UNKNOWN" : {
        "QueueLength" : 41.27350446078369,
        "TASK_CONTAINERS" : 4.713066253721038
      }
    },
    "AppCoordinates {com.bbn, test-service2, 1}" : {
      "UNKNOWN" : {
        "QueueLength" : 9.972375690607734,
        "TASK_CONTAINERS" : 0.9972375690607733
      }
    },
    "AppCoordinates {com.bbn, test-service1, 1}" : {
      "UNKNOWN" : {
        "QueueLength" : 9.97229916897507,
        "TASK_CONTAINERS" : 0.9972299168975067
      }
    }
  },
  "containerNetworkLoad" : {
    "interface-nodeA ( nodeA )" : {
      "(clientPoolE, nodeA_c01, nodeA_c01)" : {
        "AppCoordinates {com.bbn, test-service2, 1}" : {
          "DATARATE_TX" : 0.07400000000000005,
          "DATARATE_RX" : 0.037000000000000026
        }
      },
      "(clientPoolH, nodeA_c03, nodeA_c03)" : {
        "AppCoordinates {com.bbn, test-service3, 1}" : {
          "DATARATE_TX" : 0.02600000000000001,
          "DATARATE_RX" : 0.013000000000000005
        }
      },
      "(clientPoolH, nodeA_c02, nodeA_c02)" : {
        "AppCoordinates {com.bbn, test-service3, 1}" : {
          "DATARATE_TX" : 0.07800000000000006,
          "DATARATE_RX" : 0.03900000000000003
        }
      },
      "(clientPoolH, nodeA_c01, nodeA_c01)" : {
        "AppCoordinates {com.bbn, test-service2, 1}" : {
          "DATARATE_TX" : 0.07200000000000005,
          "DATARATE_RX" : 0.036000000000000025
        }
      },
      "(clientPoolA, nodeA_c05, nodeA_c05)" : {
        "AppCoordinates {com.bbn, test-service1, 1}" : {
          "DATARATE_TX" : 0.16200000000000012,
          "DATARATE_RX" : 0.08100000000000006
        }
      },
      "(clientPoolA, nodeA_c04, nodeA_c04)" : {
        "AppCoordinates {com.bbn, test-service3, 1}" : {
          "DATARATE_TX" : 0.020000000000000004,
          "DATARATE_RX" : 0.010000000000000002
        }
      },
      "(clientPoolA, nodeA_c03, nodeA_c03)" : {
        "AppCoordinates {com.bbn, test-service3, 1}" : {
          "DATARATE_TX" : 0.044000000000000025,
          "DATARATE_RX" : 0.022000000000000013
        }
      },
      "(clientPoolE, nodeA_c06, nodeA_c06)" : {
        "AppCoordinates {com.bbn, test-service3, 1}" : {
          "DATARATE_TX" : 0.008,
          "DATARATE_RX" : 0.004
        }
      },
      "(clientPoolA, nodeA_c02, nodeA_c02)" : {
        "AppCoordinates {com.bbn, test-service3, 1}" : {
          "DATARATE_TX" : 0.10400000000000008,
          "DATARATE_RX" : 0.05200000000000004
        }
      },
      "(clientPoolE, nodeA_c05, nodeA_c05)" : {
        "AppCoordinates {com.bbn, test-service1, 1}" : {
          "DATARATE_TX" : 0.03800000000000002,
          "DATARATE_RX" : 0.01900000000000001
        }
      },
      "(clientPoolA, nodeA_c01, nodeA_c01)" : {
        "AppCoordinates {com.bbn, test-service2, 1}" : {
          "DATARATE_TX" : 0.17000000000000012,
          "DATARATE_RX" : 0.08500000000000006
        }
      },
      "(clientPoolA, nodeA_c00, nodeA_c00)" : {
        "AppCoordinates {com.bbn, test-service3, 1}" : {
          "DATARATE_TX" : 0.012,
          "DATARATE_RX" : 0.006
        }
      },
      "(clientPoolH, nodeA_c06, nodeA_c06)" : {
        "AppCoordinates {com.bbn, test-service3, 1}" : {
          "DATARATE_TX" : 0.016,
          "DATARATE_RX" : 0.008
        }
      },
      "(clientPoolE, nodeA_c03, nodeA_c03)" : {
        "AppCoordinates {com.bbn, test-service3, 1}" : {
          "DATARATE_TX" : 0.03600000000000002,
          "DATARATE_RX" : 0.01800000000000001
        }
      },
      "(clientPoolH, nodeA_c05, nodeA_c05)" : {
        "AppCoordinates {com.bbn, test-service1, 1}" : {
          "DATARATE_TX" : 0.04200000000000002,
          "DATARATE_RX" : 0.02100000000000001
        }
      },
      "(clientPoolE, nodeA_c02, nodeA_c02)" : {
        "AppCoordinates {com.bbn, test-service3, 1}" : {
          "DATARATE_TX" : 0.07600000000000005,
          "DATARATE_RX" : 0.03800000000000003
        }
      },
      "(clientPoolA, nodeA_c07, nodeA_c07)" : {
        "AppCoordinates {com.bbn, test-service3, 1}" : {
          "DATARATE_TX" : 0.024000000000000007,
          "DATARATE_RX" : 0.012000000000000004
        }
      },
      "(clientPoolA, nodeA_c06, nodeA_c06)" : {
        "AppCoordinates {com.bbn, test-service3, 1}" : {
          "DATARATE_TX" : 0.03600000000000002,
          "DATARATE_RX" : 0.01800000000000001
        }
      }
    }
  },
  "containerNetworkDemand" : {
    "interface-nodeA ( nodeA )" : {
      "(clientPoolE, nodeA_c01, nodeA_c01)" : {
        "AppCoordinates {com.bbn, test-service2, 1}" : {
          "DATARATE_TX" : 0.07400000000000058,
          "DATARATE_RX" : 0.03700000000000029
        }
      },
      "(clientPoolH, nodeA_c03, nodeA_c03)" : {
        "AppCoordinates {com.bbn, test-service3, 1}" : {
          "DATARATE_TX" : 0.02599999999999985,
          "DATARATE_RX" : 0.012999999999999925
        }
      },
      "(clientPoolH, nodeA_c02, nodeA_c02)" : {
        "AppCoordinates {com.bbn, test-service3, 1}" : {
          "DATARATE_TX" : 0.07799999999999961,
          "DATARATE_RX" : 0.038999999999999806
        }
      },
      "(clientPoolH, nodeA_c01, nodeA_c01)" : {
        "AppCoordinates {com.bbn, test-service2, 1}" : {
          "DATARATE_TX" : 0.07199999999999945,
          "DATARATE_RX" : 0.03599999999999973
        }
      },
      "(clientPoolA, nodeA_c05, nodeA_c05)" : {
        "AppCoordinates {com.bbn, test-service1, 1}" : {
          "DATARATE_TX" : 0.08883333333333368,
          "DATARATE_RX" : 0.04441666666666684
        }
      },
      "(clientPoolA, nodeA_c04, nodeA_c04)" : {
        "AppCoordinates {com.bbn, test-service3, 1}" : {
          "DATARATE_TX" : 0.012898550724637692,
          "DATARATE_RX" : 0.006449275362318846
        }
      },
      "(clientPoolA, nodeA_c03, nodeA_c03)" : {
        "AppCoordinates {com.bbn, test-service3, 1}" : {
          "DATARATE_TX" : 0.03418282548476445,
          "DATARATE_RX" : 0.017091412742382225
        }
      },
      "(clientPoolE, nodeA_c06, nodeA_c06)" : {
        "AppCoordinates {com.bbn, test-service3, 1}" : {
          "DATARATE_TX" : 0.008000000000000005,
          "DATARATE_RX" : 0.004000000000000003
        }
      },
      "(clientPoolA, nodeA_c02, nodeA_c02)" : {
        "AppCoordinates {com.bbn, test-service3, 1}" : {
          "DATARATE_TX" : 0.08846666666666678,
          "DATARATE_RX" : 0.04423333333333339
        }
      },
      "(clientPoolE, nodeA_c05, nodeA_c05)" : {
        "AppCoordinates {com.bbn, test-service1, 1}" : {
          "DATARATE_TX" : 0.03800000000000016,
          "DATARATE_RX" : 0.01900000000000008
        }
      },
      "(clientPoolA, nodeA_c01, nodeA_c01)" : {
        "AppCoordinates {com.bbn, test-service2, 1}" : {
          "DATARATE_TX" : 0.10293628808864297,
          "DATARATE_RX" : 0.051468144044321484
        }
      },
      "(clientPoolA, nodeA_c00, nodeA_c00)" : {
        "AppCoordinates {com.bbn, test-service3, 1}" : {
          "DATARATE_TX" : 0.008248062015503868,
          "DATARATE_RX" : 0.004124031007751934
        }
      },
      "(clientPoolH, nodeA_c06, nodeA_c06)" : {
        "AppCoordinates {com.bbn, test-service3, 1}" : {
          "DATARATE_TX" : 0.01600000000000001,
          "DATARATE_RX" : 0.008000000000000005
        }
      },
      "(clientPoolE, nodeA_c03, nodeA_c03)" : {
        "AppCoordinates {com.bbn, test-service3, 1}" : {
          "DATARATE_TX" : 0.03599999999999973,
          "DATARATE_RX" : 0.017999999999999863
        }
      },
      "(clientPoolH, nodeA_c05, nodeA_c05)" : {
        "AppCoordinates {com.bbn, test-service1, 1}" : {
          "DATARATE_TX" : 0.04199999999999984,
          "DATARATE_RX" : 0.02099999999999992
        }
      },
      "(clientPoolE, nodeA_c02, nodeA_c02)" : {
        "AppCoordinates {com.bbn, test-service3, 1}" : {
          "DATARATE_TX" : 0.07600000000000032,
          "DATARATE_RX" : 0.03800000000000016
        }
      },
      "(clientPoolA, nodeA_c07, nodeA_c07)" : {
        "AppCoordinates {com.bbn, test-service3, 1}" : {
          "DATARATE_TX" : 0.01370542635658911,
          "DATARATE_RX" : 0.006852713178294555
        }
      },
      "(clientPoolA, nodeA_c06, nodeA_c06)" : {
        "AppCoordinates {com.bbn, test-service3, 1}" : {
          "DATARATE_TX" : 0.022377777777777746,
          "DATARATE_RX" : 0.011188888888888873
        }
      }
    }
  },
  "computeLoad" : {
    "AppCoordinates {com.bbn, test-service3, 1}" : {
      "UNKNOWN" : {
        "QueueLength" : 56.0,
        "TASK_CONTAINERS" : 5.6
      }
    },
    "AppCoordinates {com.bbn, test-service2, 1}" : {
      "UNKNOWN" : {
        "QueueLength" : 10.0,
        "TASK_CONTAINERS" : 0.9999999999999999
      }
    },
    "AppCoordinates {com.bbn, test-service1, 1}" : {
      "UNKNOWN" : {
        "QueueLength" : 10.0,
        "TASK_CONTAINERS" : 0.9999999999999999
      }
    }
  },
  "allocatedComputeCapacity" : {
    "CPU" : 8.0,
    "QueueLength" : 8000000.0,
    "TASK_CONTAINERS" : 8.0
  },
  "availableServiceContainers" : 0,
  "averageProcessingTime" : { }
}