{
  "region" : {
    "name" : "C"
  },
  "nodeResourceReports" : [ {
    "nodeName" : {
      "name" : "nodeC"
    },
    "timestamp" : 283991,
    "demandEstimationWindow" : "SHORT",
    "nodeComputeCapacity" : {
      "CPU" : 8.0,
      "MEMORY" : 1.6E10,
      "DISK" : 10.0,
      "TASK_CONTAINERS" : 8.0
    },
    "networkCapacity" : {
      "interface-nodeE ( nodeE )" : {
        "DATARATE_RX" : 100.0,
        "DATARATE_TX" : 100.0
      }
    },
    "networkLoad" : {
      "interface-nodeE ( nodeE )" : {
        "(nodeC_c06, clientPoolB, nodeC_c06)" : {
          "AppCoordinates {com.bbn, test-service2, 1}" : {
            "DATARATE_TX" : -3.8116482626443515E-21,
            "DATARATE_RX" : -7.623296525288703E-21
          },
          "AppCoordinates {com.bbn, test-service1, 1}" : {
            "DATARATE_TX" : 6.499999999999991E-5,
            "DATARATE_RX" : 1.2999999999999983E-4
          }
        },
        "(nodeC_c05, clientPoolA, nodeC_c05)" : {
          "AppCoordinates {com.bbn, test-service3, 1}" : {
            "DATARATE_TX" : 6.199999999999992E-5,
            "DATARATE_RX" : 1.2399999999999984E-4
          }
        },
        "(nodeC_c06, clientPoolA, nodeC_c06)" : {
          "AppCoordinates {com.bbn, test-service2, 1}" : {
            "DATARATE_TX" : -3.8116482626443515E-21,
            "DATARATE_RX" : -7.623296525288703E-21
          },
          "AppCoordinates {com.bbn, test-service1, 1}" : {
            "DATARATE_TX" : 7.499999999999989E-5,
            "DATARATE_RX" : 1.4999999999999977E-4
          }
        },
        "(nodeC_c07, clientPoolB, nodeC_c07)" : {
          "AppCoordinates {com.bbn, test-service2, 1}" : {
            "DATARATE_TX" : 5.199999999999995E-5,
            "DATARATE_RX" : 1.039999999999999E-4
          },
          "AppCoordinates {com.bbn, test-service1, 1}" : {
            "DATARATE_TX" : -3.8116482626443515E-21,
            "DATARATE_RX" : -7.623296525288703E-21
          }
        },
        "(nodeC_c07, clientPoolE, nodeC_c07)" : {
          "AppCoordinates {com.bbn, test-service2, 1}" : {
            "DATARATE_TX" : 5.199999999999995E-5,
            "DATARATE_RX" : 1.039999999999999E-4
          },
          "AppCoordinates {com.bbn, test-service1, 1}" : {
            "DATARATE_TX" : -3.8116482626443515E-21,
            "DATARATE_RX" : -7.623296525288703E-21
          }
        },
        "(nodeC_c04, clientPoolB, nodeC_c04)" : {
          "AppCoordinates {com.bbn, test-service3, 1}" : {
            "DATARATE_TX" : 3.699999999999999E-5,
            "DATARATE_RX" : 7.399999999999998E-5
          },
          "AppCoordinates {com.bbn, test-service1, 1}" : {
            "DATARATE_TX" : -3.8116482626443515E-21,
            "DATARATE_RX" : -7.623296525288703E-21
          }
        },
        "(nodeC_c03, clientPoolA, nodeC_c03)" : {
          "AppCoordinates {com.bbn, test-service1, 1}" : {
            "DATARATE_TX" : 6.399999999999992E-5,
            "DATARATE_RX" : 1.2799999999999983E-4
          }
        },
        "(nodeC_c05, clientPoolB, nodeC_c05)" : {
          "AppCoordinates {com.bbn, test-service3, 1}" : {
            "DATARATE_TX" : 6.499999999999991E-5,
            "DATARATE_RX" : 1.2999999999999983E-4
          }
        },
        "(nodeC_c04, clientPoolA, nodeC_c04)" : {
          "AppCoordinates {com.bbn, test-service3, 1}" : {
            "DATARATE_TX" : 4.9999999999999955E-5,
            "DATARATE_RX" : 9.999999999999991E-5
          },
          "AppCoordinates {com.bbn, test-service1, 1}" : {
            "DATARATE_TX" : -3.8116482626443515E-21,
            "DATARATE_RX" : -7.623296525288703E-21
          }
        },
        "(nodeC_c05, clientPoolE, nodeC_c05)" : {
          "AppCoordinates {com.bbn, test-service3, 1}" : {
            "DATARATE_TX" : 7.299999999999989E-5,
            "DATARATE_RX" : 1.4599999999999978E-4
          }
        },
        "(nodeC_c02, clientPoolB, nodeC_c02)" : {
          "AppCoordinates {com.bbn, test-service3, 1}" : {
            "DATARATE_TX" : -3.8116482626443515E-21,
            "DATARATE_RX" : -7.623296525288703E-21
          },
          "AppCoordinates {com.bbn, test-service2, 1}" : {
            "DATARATE_TX" : 2.4000000000000007E-5,
            "DATARATE_RX" : 4.8000000000000015E-5
          }
        },
        "(nodeC_c01, clientPoolA, nodeC_c01)" : {
          "AppCoordinates {com.bbn, test-service2, 1}" : {
            "DATARATE_TX" : 5.2999999999999947E-5,
            "DATARATE_RX" : 1.0599999999999989E-4
          }
        },
        "(nodeC_c06, clientPoolE, nodeC_c06)" : {
          "AppCoordinates {com.bbn, test-service2, 1}" : {
            "DATARATE_TX" : -3.8116482626443515E-21,
            "DATARATE_RX" : -7.623296525288703E-21
          },
          "AppCoordinates {com.bbn, test-service1, 1}" : {
            "DATARATE_TX" : 5.999999999999993E-5,
            "DATARATE_RX" : 1.1999999999999985E-4
          }
        },
        "(nodeC_c02, clientPoolA, nodeC_c02)" : {
          "AppCoordinates {com.bbn, test-service3, 1}" : {
            "DATARATE_TX" : -3.8116482626443515E-21,
            "DATARATE_RX" : -7.623296525288703E-21
          },
          "AppCoordinates {com.bbn, test-service2, 1}" : {
            "DATARATE_TX" : 2.4000000000000007E-5,
            "DATARATE_RX" : 4.8000000000000015E-5
          }
        },
        "(nodeC_c03, clientPoolB, nodeC_c03)" : {
          "AppCoordinates {com.bbn, test-service1, 1}" : {
            "DATARATE_TX" : 6.599999999999991E-5,
            "DATARATE_RX" : 1.3199999999999982E-4
          }
        },
        "(nodeC_c03, clientPoolE, nodeC_c03)" : {
          "AppCoordinates {com.bbn, test-service1, 1}" : {
            "DATARATE_TX" : 6.99999999999999E-5,
            "DATARATE_RX" : 1.399999999999998E-4
          }
        },
        "(nodeC_c00, clientPoolB, nodeC_c00)" : {
          "AppCoordinates {com.bbn, test-service3, 1}" : {
            "DATARATE_TX" : 5.6999999999999935E-5,
            "DATARATE_RX" : 1.1399999999999987E-4
          },
          "AppCoordinates {com.bbn, test-service1, 1}" : {
            "DATARATE_TX" : -3.8116482626443515E-21,
            "DATARATE_RX" : -7.623296525288703E-21
          }
        },
        "(nodeC_c01, clientPoolB, nodeC_c01)" : {
          "AppCoordinates {com.bbn, test-service2, 1}" : {
            "DATARATE_TX" : 4.399999999999997E-5,
            "DATARATE_RX" : 8.799999999999994E-5
          }
        },
        "(nodeC_c04, clientPoolE, nodeC_c04)" : {
          "AppCoordinates {com.bbn, test-service3, 1}" : {
            "DATARATE_TX" : 4.5999999999999966E-5,
            "DATARATE_RX" : 9.199999999999993E-5
          },
          "AppCoordinates {com.bbn, test-service1, 1}" : {
            "DATARATE_TX" : -3.8116482626443515E-21,
            "DATARATE_RX" : -7.623296525288703E-21
          }
        },
        "(nodeC_c00, clientPoolA, nodeC_c00)" : {
          "AppCoordinates {com.bbn, test-service3, 1}" : {
            "DATARATE_TX" : 6.99999999999999E-5,
            "DATARATE_RX" : 1.399999999999998E-4
          },
          "AppCoordinates {com.bbn, test-service1, 1}" : {
            "DATARATE_TX" : -3.8116482626443515E-21,
            "DATARATE_RX" : -7.623296525288703E-21
          }
        },
        "(nodeC_c01, clientPoolE, nodeC_c01)" : {
          "AppCoordinates {com.bbn, test-service2, 1}" : {
            "DATARATE_TX" : 4.399999999999997E-5,
            "DATARATE_RX" : 8.799999999999994E-5
          }
        },
        "(nodeC_c02, clientPoolE, nodeC_c02)" : {
          "AppCoordinates {com.bbn, test-service3, 1}" : {
            "DATARATE_TX" : 9.740878893424454E-21,
            "DATARATE_RX" : 1.9481757786848908E-20
          },
          "AppCoordinates {com.bbn, test-service2, 1}" : {
            "DATARATE_TX" : 2.1000000000000006E-5,
            "DATARATE_RX" : 4.200000000000001E-5
          }
        },
        "(nodeC_c00, clientPoolE, nodeC_c00)" : {
          "AppCoordinates {com.bbn, test-service3, 1}" : {
            "DATARATE_TX" : 7.299999999999989E-5,
            "DATARATE_RX" : 1.4599999999999978E-4
          },
          "AppCoordinates {com.bbn, test-service1, 1}" : {
            "DATARATE_TX" : -3.8116482626443515E-21,
            "DATARATE_RX" : -7.623296525288703E-21
          }
        },
        "(nodeC_c07, clientPoolA, nodeC_c07)" : {
          "AppCoordinates {com.bbn, test-service2, 1}" : {
            "DATARATE_TX" : 4.399999999999997E-5,
            "DATARATE_RX" : 8.799999999999994E-5
          },
          "AppCoordinates {com.bbn, test-service1, 1}" : {
            "DATARATE_TX" : -3.8116482626443515E-21,
            "DATARATE_RX" : -7.623296525288703E-21
          }
        }
      }
    },
    "networkDemand" : {
      "interface-nodeE ( nodeE )" : {
        "(nodeC_c05, clientPoolA, nodeC_c05)" : {
          "AppCoordinates {com.bbn, test-service3, 1}" : {
            "DATARATE_TX" : 6.199999999999992E-5,
            "DATARATE_RX" : 1.2399999999999984E-4
          }
        },
        "(nodeC_c06, clientPoolB, nodeC_c06)" : {
          "AppCoordinates {com.bbn, test-service2, 1}" : {
            "DATARATE_TX" : -3.8116482626443515E-21,
            "DATARATE_RX" : -7.623296525288703E-21
          },
          "AppCoordinates {com.bbn, test-service1, 1}" : {
            "DATARATE_TX" : 6.499999999999991E-5,
            "DATARATE_RX" : 1.2999999999999983E-4
          }
        },
        "(nodeC_c07, clientPoolB, nodeC_c07)" : {
          "AppCoordinates {com.bbn, test-service2, 1}" : {
            "DATARATE_TX" : 3.683333333333332E-5,
            "DATARATE_RX" : 7.366666666666664E-5
          },
          "AppCoordinates {com.bbn, test-service1, 1}" : {
            "DATARATE_TX" : -3.8116482626443515E-21,
            "DATARATE_RX" : -7.623296525288703E-21
          }
        },
        "(nodeC_c06, clientPoolA, nodeC_c06)" : {
          "AppCoordinates {com.bbn, test-service2, 1}" : {
            "DATARATE_TX" : -3.8116482626443515E-21,
            "DATARATE_RX" : -7.623296525288703E-21
          },
          "AppCoordinates {com.bbn, test-service1, 1}" : {
            "DATARATE_TX" : 7.499999999999989E-5,
            "DATARATE_RX" : 1.4999999999999977E-4
          }
        },
        "(nodeC_c03, clientPoolA, nodeC_c03)" : {
          "AppCoordinates {com.bbn, test-service1, 1}" : {
            "DATARATE_TX" : 6.399999999999992E-5,
            "DATARATE_RX" : 1.2799999999999983E-4
          }
        },
        "(nodeC_c04, clientPoolB, nodeC_c04)" : {
          "AppCoordinates {com.bbn, test-service3, 1}" : {
            "DATARATE_TX" : 3.6999999999999985E-5,
            "DATARATE_RX" : 7.399999999999997E-5
          },
          "AppCoordinates {com.bbn, test-service1, 1}" : {
            "DATARATE_TX" : -3.8116482626443515E-21,
            "DATARATE_RX" : -7.623296525288703E-21
          }
        },
        "(nodeC_c07, clientPoolE, nodeC_c07)" : {
          "AppCoordinates {com.bbn, test-service2, 1}" : {
            "DATARATE_TX" : 3.499999999999998E-5,
            "DATARATE_RX" : 6.999999999999997E-5
          },
          "AppCoordinates {com.bbn, test-service1, 1}" : {
            "DATARATE_TX" : -3.8116482626443515E-21,
            "DATARATE_RX" : -7.623296525288703E-21
          }
        },
        "(nodeC_c04, clientPoolA, nodeC_c04)" : {
          "AppCoordinates {com.bbn, test-service3, 1}" : {
            "DATARATE_TX" : 4.999999999999996E-5,
            "DATARATE_RX" : 9.999999999999992E-5
          },
          "AppCoordinates {com.bbn, test-service1, 1}" : {
            "DATARATE_TX" : -3.8116482626443515E-21,
            "DATARATE_RX" : -7.623296525288703E-21
          }
        },
        "(nodeC_c05, clientPoolB, nodeC_c05)" : {
          "AppCoordinates {com.bbn, test-service3, 1}" : {
            "DATARATE_TX" : 6.499999999999991E-5,
            "DATARATE_RX" : 1.2999999999999983E-4
          }
        },
        "(nodeC_c01, clientPoolA, nodeC_c01)" : {
          "AppCoordinates {com.bbn, test-service2, 1}" : {
            "DATARATE_TX" : 3.683333333333332E-5,
            "DATARATE_RX" : 7.366666666666664E-5
          }
        },
        "(nodeC_c02, clientPoolB, nodeC_c02)" : {
          "AppCoordinates {com.bbn, test-service3, 1}" : {
            "DATARATE_TX" : -3.8116482626443515E-21,
            "DATARATE_RX" : -7.623296525288703E-21
          },
          "AppCoordinates {com.bbn, test-service2, 1}" : {
            "DATARATE_TX" : 2.400000000000001E-5,
            "DATARATE_RX" : 4.800000000000002E-5
          }
        },
        "(nodeC_c05, clientPoolE, nodeC_c05)" : {
          "AppCoordinates {com.bbn, test-service3, 1}" : {
            "DATARATE_TX" : 7.299999999999989E-5,
            "DATARATE_RX" : 1.4599999999999978E-4
          }
        },
        "(nodeC_c03, clientPoolB, nodeC_c03)" : {
          "AppCoordinates {com.bbn, test-service1, 1}" : {
            "DATARATE_TX" : 6.599999999999991E-5,
            "DATARATE_RX" : 1.3199999999999982E-4
          }
        },
        "(nodeC_c02, clientPoolA, nodeC_c02)" : {
          "AppCoordinates {com.bbn, test-service3, 1}" : {
            "DATARATE_TX" : -3.8116482626443515E-21,
            "DATARATE_RX" : -7.623296525288703E-21
          },
          "AppCoordinates {com.bbn, test-service2, 1}" : {
            "DATARATE_TX" : 2.400000000000001E-5,
            "DATARATE_RX" : 4.800000000000002E-5
          }
        },
        "(nodeC_c06, clientPoolE, nodeC_c06)" : {
          "AppCoordinates {com.bbn, test-service2, 1}" : {
            "DATARATE_TX" : -3.8116482626443515E-21,
            "DATARATE_RX" : -7.623296525288703E-21
          },
          "AppCoordinates {com.bbn, test-service1, 1}" : {
            "DATARATE_TX" : 5.9999999999999934E-5,
            "DATARATE_RX" : 1.1999999999999987E-4
          }
        },
        "(nodeC_c00, clientPoolB, nodeC_c00)" : {
          "AppCoordinates {com.bbn, test-service3, 1}" : {
            "DATARATE_TX" : 5.699999999999993E-5,
            "DATARATE_RX" : 1.1399999999999986E-4
          },
          "AppCoordinates {com.bbn, test-service1, 1}" : {
            "DATARATE_TX" : -3.8116482626443515E-21,
            "DATARATE_RX" : -7.623296525288703E-21
          }
        },
        "(nodeC_c03, clientPoolE, nodeC_c03)" : {
          "AppCoordinates {com.bbn, test-service1, 1}" : {
            "DATARATE_TX" : 6.99999999999999E-5,
            "DATARATE_RX" : 1.399999999999998E-4
          }
        },
        "(nodeC_c00, clientPoolA, nodeC_c00)" : {
          "AppCoordinates {com.bbn, test-service3, 1}" : {
            "DATARATE_TX" : 6.99999999999999E-5,
            "DATARATE_RX" : 1.399999999999998E-4
          },
          "AppCoordinates {com.bbn, test-service1, 1}" : {
            "DATARATE_TX" : -3.8116482626443515E-21,
            "DATARATE_RX" : -7.623296525288703E-21
          }
        },
        "(nodeC_c04, clientPoolE, nodeC_c04)" : {
          "AppCoordinates {com.bbn, test-service3, 1}" : {
            "DATARATE_TX" : 4.599999999999997E-5,
            "DATARATE_RX" : 9.199999999999995E-5
          },
          "AppCoordinates {com.bbn, test-service1, 1}" : {
            "DATARATE_TX" : -3.8116482626443515E-21,
            "DATARATE_RX" : -7.623296525288703E-21
          }
        },
        "(nodeC_c01, clientPoolB, nodeC_c01)" : {
          "AppCoordinates {com.bbn, test-service2, 1}" : {
            "DATARATE_TX" : 3.0166666666666664E-5,
            "DATARATE_RX" : 6.033333333333333E-5
          }
        },
        "(nodeC_c01, clientPoolE, nodeC_c01)" : {
          "AppCoordinates {com.bbn, test-service2, 1}" : {
            "DATARATE_TX" : 3.1666666666666666E-5,
            "DATARATE_RX" : 6.333333333333333E-5
          }
        },
        "(nodeC_c02, clientPoolE, nodeC_c02)" : {
          "AppCoordinates {com.bbn, test-service3, 1}" : {
            "DATARATE_TX" : 9.740878893424454E-21,
            "DATARATE_RX" : 1.9481757786848908E-20
          },
          "AppCoordinates {com.bbn, test-service2, 1}" : {
            "DATARATE_TX" : 2.1000000000000006E-5,
            "DATARATE_RX" : 4.200000000000001E-5
          }
        },
        "(nodeC_c00, clientPoolE, nodeC_c00)" : {
          "AppCoordinates {com.bbn, test-service3, 1}" : {
            "DATARATE_TX" : 7.299999999999989E-5,
            "DATARATE_RX" : 1.4599999999999978E-4
          },
          "AppCoordinates {com.bbn, test-service1, 1}" : {
            "DATARATE_TX" : -3.8116482626443515E-21,
            "DATARATE_RX" : -7.623296525288703E-21
          }
        },
        "(nodeC_c07, clientPoolA, nodeC_c07)" : {
          "AppCoordinates {com.bbn, test-service2, 1}" : {
            "DATARATE_TX" : 3.0833333333333335E-5,
            "DATARATE_RX" : 6.166666666666667E-5
          },
          "AppCoordinates {com.bbn, test-service1, 1}" : {
            "DATARATE_TX" : -3.8116482626443515E-21,
            "DATARATE_RX" : -7.623296525288703E-21
          }
        }
      }
    },
    "containerReports" : {
      "nodeC_c01" : {
        "containerName" : {
          "name" : "nodeC_c01"
        },
        "timestamp" : 283991,
        "service" : {
          "group" : "com.bbn",
          "artifact" : "test-service2",
          "version" : "1"
        },
        "serviceStatus" : "RUNNING",
        "demandEstimationWindow" : "SHORT",
        "computeCapacity" : {
          "CPU" : 1.0,
          "TASK_CONTAINERS" : 100.0,
          "QueueLength" : 1000000.0
        },
        "computeLoad" : {
          "UNKNOWN" : {
            "QueueLength" : 141.0,
            "TASK_CONTAINERS" : 70.5
          }
        },
        "computeDemand" : {
          "UNKNOWN" : {
            "QueueLength" : 87.125,
            "TASK_CONTAINERS" : 43.5625
          }
        },
        "averageProcessingTime" : 120000.0,
        "networkCapacity" : {
          "interface-nodeC ( nodeC )" : {
            "DATARATE_TX" : 100.0,
            "DATARATE_RX" : 100.0
          }
        },
        "networkLoad" : {
          "interface-nodeC ( nodeC )" : {
            "(clientPoolE, nodeC_c01, nodeC_c01)" : {
              "AppCoordinates {com.bbn, test-service2, 1}" : {
                "DATARATE_TX" : 5.400000000000001E-4,
                "DATARATE_RX" : 2.7000000000000006E-4
              }
            },
            "(clientPoolA, nodeC_c01, nodeC_c01)" : {
              "AppCoordinates {com.bbn, test-service2, 1}" : {
                "DATARATE_TX" : 5.520000000000004E-4,
                "DATARATE_RX" : 2.760000000000002E-4
              }
            },
            "(clientPoolB, nodeC_c01, nodeC_c01)" : {
              "AppCoordinates {com.bbn, test-service2, 1}" : {
                "DATARATE_TX" : 5.36E-4,
                "DATARATE_RX" : 2.68E-4
              }
            }
          }
        },
        "networkDemand" : {
          "interface-nodeC ( nodeC )" : {
            "(clientPoolE, nodeC_c01, nodeC_c01)" : {
              "AppCoordinates {com.bbn, test-service2, 1}" : {
                "DATARATE_TX" : 6.174285714285733E-4,
                "DATARATE_RX" : 3.087142857142867E-4
              }
            },
            "(clientPoolA, nodeC_c01, nodeC_c01)" : {
              "AppCoordinates {com.bbn, test-service2, 1}" : {
                "DATARATE_TX" : 6.205714285714306E-4,
                "DATARATE_RX" : 3.102857142857153E-4
              }
            },
            "(clientPoolB, nodeC_c01, nodeC_c01)" : {
              "AppCoordinates {com.bbn, test-service2, 1}" : {
                "DATARATE_TX" : 6.102857142857161E-4,
                "DATARATE_RX" : 3.0514285714285805E-4
              }
            }
          }
        }
      },
      "nodeC_c02" : {
        "containerName" : {
          "name" : "nodeC_c02"
        },
        "timestamp" : 283993,
        "service" : {
          "group" : "com.bbn",
          "artifact" : "test-service3",
          "version" : "1"
        },
        "serviceStatus" : "RUNNING",
        "demandEstimationWindow" : "SHORT",
        "computeCapacity" : {
          "CPU" : 1.0,
          "TASK_CONTAINERS" : 100.0,
          "QueueLength" : 1000000.0
        },
        "computeLoad" : {
          "UNKNOWN" : {
            "QueueLength" : 0.0
          }
        },
        "computeDemand" : {
          "UNKNOWN" : {
            "QueueLength" : 0.0
          }
        },
        "averageProcessingTime" : "NaN",
        "networkCapacity" : {
          "interface-nodeC ( nodeC )" : {
            "DATARATE_TX" : 100.0,
            "DATARATE_RX" : 100.0
          }
        },
        "networkLoad" : {
          "interface-nodeC ( nodeC )" : { }
        },
        "networkDemand" : {
          "interface-nodeC ( nodeC )" : { }
        }
      },
      "nodeC_c00" : {
        "containerName" : {
          "name" : "nodeC_c00"
        },
        "timestamp" : 283993,
        "service" : {
          "group" : "com.bbn",
          "artifact" : "test-service3",
          "version" : "1"
        },
        "serviceStatus" : "RUNNING",
        "demandEstimationWindow" : "SHORT",
        "computeCapacity" : {
          "CPU" : 1.0,
          "TASK_CONTAINERS" : 100.0,
          "QueueLength" : 1000000.0
        },
        "computeLoad" : {
          "UNKNOWN" : {
            "QueueLength" : 200.0,
            "TASK_CONTAINERS" : 100.0
          }
        },
        "computeDemand" : {
          "UNKNOWN" : {
            "QueueLength" : 175.0,
            "TASK_CONTAINERS" : 87.5
          }
        },
        "averageProcessingTime" : 120000.0,
        "networkCapacity" : {
          "interface-nodeC ( nodeC )" : {
            "DATARATE_TX" : 100.0,
            "DATARATE_RX" : 100.0
          }
        },
        "networkLoad" : {
          "interface-nodeC ( nodeC )" : {
            "(clientPoolB, nodeC_c00, nodeC_c00)" : {
              "AppCoordinates {com.bbn, test-service3, 1}" : {
                "DATARATE_TX" : 2.619999999999995E-4,
                "DATARATE_RX" : 1.3099999999999974E-4
              }
            },
            "(clientPoolE, nodeC_c00, nodeC_c00)" : {
              "AppCoordinates {com.bbn, test-service3, 1}" : {
                "DATARATE_TX" : 3.339999999999993E-4,
                "DATARATE_RX" : 1.6699999999999964E-4
              }
            },
            "(clientPoolA, nodeC_c00, nodeC_c00)" : {
              "AppCoordinates {com.bbn, test-service3, 1}" : {
                "DATARATE_TX" : 3.259999999999993E-4,
                "DATARATE_RX" : 1.6299999999999965E-4
              }
            }
          }
        },
        "networkDemand" : {
          "interface-nodeC ( nodeC )" : {
            "(clientPoolB, nodeC_c00, nodeC_c00)" : {
              "AppCoordinates {com.bbn, test-service3, 1}" : {
                "DATARATE_TX" : 2.619999999999995E-4,
                "DATARATE_RX" : 1.3099999999999974E-4
              }
            },
            "(clientPoolE, nodeC_c00, nodeC_c00)" : {
              "AppCoordinates {com.bbn, test-service3, 1}" : {
                "DATARATE_TX" : 3.339999999999993E-4,
                "DATARATE_RX" : 1.6699999999999964E-4
              }
            },
            "(clientPoolA, nodeC_c00, nodeC_c00)" : {
              "AppCoordinates {com.bbn, test-service3, 1}" : {
                "DATARATE_TX" : 3.2599999999999936E-4,
                "DATARATE_RX" : 1.6299999999999968E-4
              }
            }
          }
        }
      },
      "nodeC_c05" : {
        "containerName" : {
          "name" : "nodeC_c05"
        },
        "timestamp" : 283995,
        "service" : {
          "group" : "com.bbn",
          "artifact" : "test-service3",
          "version" : "1"
        },
        "serviceStatus" : "RUNNING",
        "demandEstimationWindow" : "SHORT",
        "computeCapacity" : {
          "CPU" : 1.0,
          "TASK_CONTAINERS" : 100.0,
          "QueueLength" : 1000000.0
        },
        "computeLoad" : {
          "UNKNOWN" : {
            "QueueLength" : 200.0,
            "TASK_CONTAINERS" : 100.0
          }
        },
        "computeDemand" : {
          "UNKNOWN" : {
            "QueueLength" : 175.0,
            "TASK_CONTAINERS" : 87.5
          }
        },
        "averageProcessingTime" : 120000.0,
        "networkCapacity" : {
          "interface-nodeC ( nodeC )" : {
            "DATARATE_TX" : 100.0,
            "DATARATE_RX" : 100.0
          }
        },
        "networkLoad" : {
          "interface-nodeC ( nodeC )" : {
            "(clientPoolA, nodeC_c05, nodeC_c05)" : {
              "AppCoordinates {com.bbn, test-service3, 1}" : {
                "DATARATE_TX" : 2.7399999999999945E-4,
                "DATARATE_RX" : 1.3699999999999973E-4
              }
            },
            "(clientPoolB, nodeC_c05, nodeC_c05)" : {
              "AppCoordinates {com.bbn, test-service3, 1}" : {
                "DATARATE_TX" : 2.7799999999999944E-4,
                "DATARATE_RX" : 1.3899999999999972E-4
              }
            },
            "(clientPoolE, nodeC_c05, nodeC_c05)" : {
              "AppCoordinates {com.bbn, test-service3, 1}" : {
                "DATARATE_TX" : 3.339999999999993E-4,
                "DATARATE_RX" : 1.6699999999999964E-4
              }
            }
          }
        },
        "networkDemand" : {
          "interface-nodeC ( nodeC )" : {
            "(clientPoolA, nodeC_c05, nodeC_c05)" : {
              "AppCoordinates {com.bbn, test-service3, 1}" : {
                "DATARATE_TX" : 2.7399999999999945E-4,
                "DATARATE_RX" : 1.3699999999999973E-4
              }
            },
            "(clientPoolB, nodeC_c05, nodeC_c05)" : {
              "AppCoordinates {com.bbn, test-service3, 1}" : {
                "DATARATE_TX" : 2.7799999999999944E-4,
                "DATARATE_RX" : 1.3899999999999972E-4
              }
            },
            "(clientPoolE, nodeC_c05, nodeC_c05)" : {
              "AppCoordinates {com.bbn, test-service3, 1}" : {
                "DATARATE_TX" : 3.339999999999993E-4,
                "DATARATE_RX" : 1.6699999999999964E-4
              }
            }
          }
        }
      },
      "nodeC_c06" : {
        "containerName" : {
          "name" : "nodeC_c06"
        },
        "timestamp" : 283998,
        "service" : {
          "group" : "com.bbn",
          "artifact" : "test-service1",
          "version" : "1"
        },
        "serviceStatus" : "RUNNING",
        "demandEstimationWindow" : "SHORT",
        "computeCapacity" : {
          "CPU" : 1.0,
          "TASK_CONTAINERS" : 100.0,
          "QueueLength" : 1000000.0
        },
        "computeLoad" : {
          "UNKNOWN" : {
            "QueueLength" : 200.0,
            "TASK_CONTAINERS" : 100.0
          }
        },
        "computeDemand" : {
          "UNKNOWN" : {
            "QueueLength" : 175.0,
            "TASK_CONTAINERS" : 87.5
          }
        },
        "averageProcessingTime" : 120000.0,
        "networkCapacity" : {
          "interface-nodeC ( nodeC )" : {
            "DATARATE_TX" : 100.0,
            "DATARATE_RX" : 100.0
          }
        },
        "networkLoad" : {
          "interface-nodeC ( nodeC )" : {
            "(clientPoolA, nodeC_c06, nodeC_c06)" : {
              "AppCoordinates {com.bbn, test-service1, 1}" : {
                "DATARATE_TX" : 4.2399999999999903E-4,
                "DATARATE_RX" : 2.1199999999999952E-4
              }
            },
            "(clientPoolB, nodeC_c06, nodeC_c06)" : {
              "AppCoordinates {com.bbn, test-service1, 1}" : {
                "DATARATE_TX" : 3.8399999999999914E-4,
                "DATARATE_RX" : 1.9199999999999957E-4
              }
            },
            "(clientPoolE, nodeC_c06, nodeC_c06)" : {
              "AppCoordinates {com.bbn, test-service1, 1}" : {
                "DATARATE_TX" : 3.919999999999991E-4,
                "DATARATE_RX" : 1.9599999999999956E-4
              }
            }
          }
        },
        "networkDemand" : {
          "interface-nodeC ( nodeC )" : {
            "(clientPoolA, nodeC_c06, nodeC_c06)" : {
              "AppCoordinates {com.bbn, test-service1, 1}" : {
                "DATARATE_TX" : 4.2399999999999903E-4,
                "DATARATE_RX" : 2.1199999999999952E-4
              }
            },
            "(clientPoolB, nodeC_c06, nodeC_c06)" : {
              "AppCoordinates {com.bbn, test-service1, 1}" : {
                "DATARATE_TX" : 3.839999999999992E-4,
                "DATARATE_RX" : 1.919999999999996E-4
              }
            },
            "(clientPoolE, nodeC_c06, nodeC_c06)" : {
              "AppCoordinates {com.bbn, test-service1, 1}" : {
                "DATARATE_TX" : 3.919999999999991E-4,
                "DATARATE_RX" : 1.9599999999999956E-4
              }
            }
          }
        }
      },
      "nodeC_c03" : {
        "containerName" : {
          "name" : "nodeC_c03"
        },
        "timestamp" : 283999,
        "service" : {
          "group" : "com.bbn",
          "artifact" : "test-service1",
          "version" : "1"
        },
        "serviceStatus" : "RUNNING",
        "demandEstimationWindow" : "SHORT",
        "computeCapacity" : {
          "CPU" : 1.0,
          "TASK_CONTAINERS" : 100.0,
          "QueueLength" : 1000000.0
        },
        "computeLoad" : {
          "UNKNOWN" : {
            "QueueLength" : 200.0,
            "TASK_CONTAINERS" : 100.0
          }
        },
        "computeDemand" : {
          "UNKNOWN" : {
            "QueueLength" : 175.0,
            "TASK_CONTAINERS" : 87.5
          }
        },
        "averageProcessingTime" : 120000.0,
        "networkCapacity" : {
          "interface-nodeC ( nodeC )" : {
            "DATARATE_TX" : 100.0,
            "DATARATE_RX" : 100.0
          }
        },
        "networkLoad" : {
          "interface-nodeC ( nodeC )" : {
            "(clientPoolE, nodeC_c03, nodeC_c03)" : {
              "AppCoordinates {com.bbn, test-service1, 1}" : {
                "DATARATE_TX" : 4.079999999999991E-4,
                "DATARATE_RX" : 2.0399999999999954E-4
              }
            },
            "(clientPoolA, nodeC_c03, nodeC_c03)" : {
              "AppCoordinates {com.bbn, test-service1, 1}" : {
                "DATARATE_TX" : 3.7599999999999916E-4,
                "DATARATE_RX" : 1.8799999999999958E-4
              }
            },
            "(clientPoolB, nodeC_c03, nodeC_c03)" : {
              "AppCoordinates {com.bbn, test-service1, 1}" : {
                "DATARATE_TX" : 4.1599999999999905E-4,
                "DATARATE_RX" : 2.0799999999999953E-4
              }
            }
          }
        },
        "networkDemand" : {
          "interface-nodeC ( nodeC )" : {
            "(clientPoolE, nodeC_c03, nodeC_c03)" : {
              "AppCoordinates {com.bbn, test-service1, 1}" : {
                "DATARATE_TX" : 4.079999999999991E-4,
                "DATARATE_RX" : 2.0399999999999954E-4
              }
            },
            "(clientPoolA, nodeC_c03, nodeC_c03)" : {
              "AppCoordinates {com.bbn, test-service1, 1}" : {
                "DATARATE_TX" : 3.7599999999999916E-4,
                "DATARATE_RX" : 1.8799999999999958E-4
              }
            },
            "(clientPoolB, nodeC_c03, nodeC_c03)" : {
              "AppCoordinates {com.bbn, test-service1, 1}" : {
                "DATARATE_TX" : 4.1599999999999894E-4,
                "DATARATE_RX" : 2.0799999999999947E-4
              }
            }
          }
        }
      },
      "nodeC_c04" : {
        "containerName" : {
          "name" : "nodeC_c04"
        },
        "timestamp" : 284001,
        "service" : {
          "group" : "com.bbn",
          "artifact" : "test-service3",
          "version" : "1"
        },
        "serviceStatus" : "RUNNING",
        "demandEstimationWindow" : "SHORT",
        "computeCapacity" : {
          "CPU" : 1.0,
          "TASK_CONTAINERS" : 100.0,
          "QueueLength" : 1000000.0
        },
        "computeLoad" : {
          "UNKNOWN" : {
            "QueueLength" : 65.0,
            "TASK_CONTAINERS" : 32.5
          }
        },
        "computeDemand" : {
          "UNKNOWN" : {
            "QueueLength" : 56.875,
            "TASK_CONTAINERS" : 28.4375
          }
        },
        "averageProcessingTime" : "NaN",
        "networkCapacity" : {
          "interface-nodeC ( nodeC )" : {
            "DATARATE_TX" : 100.0,
            "DATARATE_RX" : 100.0
          }
        },
        "networkLoad" : {
          "interface-nodeC ( nodeC )" : {
            "(clientPoolA, nodeC_c04, nodeC_c04)" : {
              "AppCoordinates {com.bbn, test-service3, 1}" : {
                "DATARATE_TX" : 5.200000000000002E-5,
                "DATARATE_RX" : 2.600000000000001E-5
              }
            },
            "(clientPoolB, nodeC_c04, nodeC_c04)" : {
              "AppCoordinates {com.bbn, test-service3, 1}" : {
                "DATARATE_TX" : 3.4000000000000007E-5,
                "DATARATE_RX" : 1.7000000000000003E-5
              }
            },
            "(clientPoolE, nodeC_c04, nodeC_c04)" : {
              "AppCoordinates {com.bbn, test-service3, 1}" : {
                "DATARATE_TX" : 4.400000000000001E-5,
                "DATARATE_RX" : 2.2000000000000006E-5
              }
            }
          }
        },
        "networkDemand" : {
          "interface-nodeC ( nodeC )" : {
            "(clientPoolA, nodeC_c04, nodeC_c04)" : {
              "AppCoordinates {com.bbn, test-service3, 1}" : {
                "DATARATE_TX" : 5.200000000000002E-5,
                "DATARATE_RX" : 2.600000000000001E-5
              }
            },
            "(clientPoolB, nodeC_c04, nodeC_c04)" : {
              "AppCoordinates {com.bbn, test-service3, 1}" : {
                "DATARATE_TX" : 3.4000000000000007E-5,
                "DATARATE_RX" : 1.7000000000000003E-5
              }
            },
            "(clientPoolE, nodeC_c04, nodeC_c04)" : {
              "AppCoordinates {com.bbn, test-service3, 1}" : {
                "DATARATE_TX" : 4.400000000000002E-5,
                "DATARATE_RX" : 2.200000000000001E-5
              }
            }
          }
        }
      },
      "nodeC_c07" : {
        "containerName" : {
          "name" : "nodeC_c07"
        },
        "timestamp" : 284001,
        "service" : {
          "group" : "com.bbn",
          "artifact" : "test-service2",
          "version" : "1"
        },
        "serviceStatus" : "RUNNING",
        "demandEstimationWindow" : "SHORT",
        "computeCapacity" : {
          "CPU" : 1.0,
          "TASK_CONTAINERS" : 100.0,
          "QueueLength" : 1000000.0
        },
        "computeLoad" : {
          "UNKNOWN" : {
            "QueueLength" : 148.0,
            "TASK_CONTAINERS" : 74.0
          }
        },
        "computeDemand" : {
          "UNKNOWN" : {
            "QueueLength" : 84.375,
            "TASK_CONTAINERS" : 42.1875
          }
        },
        "averageProcessingTime" : "NaN",
        "networkCapacity" : {
          "interface-nodeC ( nodeC )" : {
            "DATARATE_TX" : 100.0,
            "DATARATE_RX" : 100.0
          }
        },
        "networkLoad" : {
          "interface-nodeC ( nodeC )" : {
            "(clientPoolA, nodeC_c07, nodeC_c07)" : {
              "AppCoordinates {com.bbn, test-service2, 1}" : {
                "DATARATE_TX" : 8.799999999999994E-5,
                "DATARATE_RX" : 4.399999999999997E-5
              }
            },
            "(clientPoolB, nodeC_c07, nodeC_c07)" : {
              "AppCoordinates {com.bbn, test-service2, 1}" : {
                "DATARATE_TX" : 1.039999999999999E-4,
                "DATARATE_RX" : 5.199999999999995E-5
              }
            },
            "(clientPoolE, nodeC_c07, nodeC_c07)" : {
              "AppCoordinates {com.bbn, test-service2, 1}" : {
                "DATARATE_TX" : 1.039999999999999E-4,
                "DATARATE_RX" : 5.199999999999995E-5
              }
            }
          }
        },
        "networkDemand" : {
          "interface-nodeC ( nodeC )" : {
            "(clientPoolA, nodeC_c07, nodeC_c07)" : {
              "AppCoordinates {com.bbn, test-service2, 1}" : {
                "DATARATE_TX" : 5.8E-5,
                "DATARATE_RX" : 2.9E-5
              }
            },
            "(clientPoolB, nodeC_c07, nodeC_c07)" : {
              "AppCoordinates {com.bbn, test-service2, 1}" : {
                "DATARATE_TX" : 6.914285714285712E-5,
                "DATARATE_RX" : 3.457142857142856E-5
              }
            },
            "(clientPoolE, nodeC_c07, nodeC_c07)" : {
              "AppCoordinates {com.bbn, test-service2, 1}" : {
                "DATARATE_TX" : 6.57142857142857E-5,
                "DATARATE_RX" : 3.285714285714285E-5
              }
            }
          }
        }
      }
    },
    "maximumServiceContainers" : 8,
    "allocatedServiceContainers" : 8,
    "computeDemand" : {
      "AppCoordinates {com.bbn, test-service3, 1}" : {
        "UNKNOWN" : {
          "QueueLength" : 406.875,
          "TASK_CONTAINERS" : 203.4375
        }
      },
      "AppCoordinates {com.bbn, test-service2, 1}" : {
        "UNKNOWN" : {
          "QueueLength" : 171.5,
          "TASK_CONTAINERS" : 85.75
        }
      },
      "AppCoordinates {com.bbn, test-service1, 1}" : {
        "UNKNOWN" : {
          "QueueLength" : 350.0,
          "TASK_CONTAINERS" : 175.0
        }
      }
    },
    "containerNetworkLoad" : {
      "interface-nodeC ( nodeC )" : {
        "(clientPoolE, nodeC_c03, nodeC_c03)" : {
          "AppCoordinates {com.bbn, test-service1, 1}" : {
            "DATARATE_TX" : 4.079999999999991E-4,
            "DATARATE_RX" : 2.0399999999999954E-4
          }
        },
        "(clientPoolB, nodeC_c00, nodeC_c00)" : {
          "AppCoordinates {com.bbn, test-service3, 1}" : {
            "DATARATE_TX" : 2.619999999999995E-4,
            "DATARATE_RX" : 1.3099999999999974E-4
          }
        },
        "(clientPoolE, nodeC_c01, nodeC_c01)" : {
          "AppCoordinates {com.bbn, test-service2, 1}" : {
            "DATARATE_TX" : 5.400000000000001E-4,
            "DATARATE_RX" : 2.7000000000000006E-4
          }
        },
        "(clientPoolE, nodeC_c00, nodeC_c00)" : {
          "AppCoordinates {com.bbn, test-service3, 1}" : {
            "DATARATE_TX" : 3.339999999999993E-4,
            "DATARATE_RX" : 1.6699999999999964E-4
          }
        },
        "(clientPoolE, nodeC_c07, nodeC_c07)" : {
          "AppCoordinates {com.bbn, test-service2, 1}" : {
            "DATARATE_TX" : 1.039999999999999E-4,
            "DATARATE_RX" : 5.199999999999995E-5
          }
        },
        "(clientPoolB, nodeC_c04, nodeC_c04)" : {
          "AppCoordinates {com.bbn, test-service3, 1}" : {
            "DATARATE_TX" : 3.4000000000000007E-5,
            "DATARATE_RX" : 1.7000000000000003E-5
          }
        },
        "(clientPoolA, nodeC_c03, nodeC_c03)" : {
          "AppCoordinates {com.bbn, test-service1, 1}" : {
            "DATARATE_TX" : 3.7599999999999916E-4,
            "DATARATE_RX" : 1.8799999999999958E-4
          }
        },
        "(clientPoolB, nodeC_c03, nodeC_c03)" : {
          "AppCoordinates {com.bbn, test-service1, 1}" : {
            "DATARATE_TX" : 4.1599999999999905E-4,
            "DATARATE_RX" : 2.0799999999999953E-4
          }
        },
        "(clientPoolE, nodeC_c06, nodeC_c06)" : {
          "AppCoordinates {com.bbn, test-service1, 1}" : {
            "DATARATE_TX" : 3.919999999999991E-4,
            "DATARATE_RX" : 1.9599999999999956E-4
          }
        },
        "(clientPoolE, nodeC_c05, nodeC_c05)" : {
          "AppCoordinates {com.bbn, test-service3, 1}" : {
            "DATARATE_TX" : 3.339999999999993E-4,
            "DATARATE_RX" : 1.6699999999999964E-4
          }
        },
        "(clientPoolA, nodeC_c01, nodeC_c01)" : {
          "AppCoordinates {com.bbn, test-service2, 1}" : {
            "DATARATE_TX" : 5.520000000000004E-4,
            "DATARATE_RX" : 2.760000000000002E-4
          }
        },
        "(clientPoolE, nodeC_c04, nodeC_c04)" : {
          "AppCoordinates {com.bbn, test-service3, 1}" : {
            "DATARATE_TX" : 4.400000000000001E-5,
            "DATARATE_RX" : 2.2000000000000006E-5
          }
        },
        "(clientPoolA, nodeC_c00, nodeC_c00)" : {
          "AppCoordinates {com.bbn, test-service3, 1}" : {
            "DATARATE_TX" : 3.259999999999993E-4,
            "DATARATE_RX" : 1.6299999999999965E-4
          }
        },
        "(clientPoolB, nodeC_c01, nodeC_c01)" : {
          "AppCoordinates {com.bbn, test-service2, 1}" : {
            "DATARATE_TX" : 5.36E-4,
            "DATARATE_RX" : 2.68E-4
          }
        },
        "(clientPoolA, nodeC_c07, nodeC_c07)" : {
          "AppCoordinates {com.bbn, test-service2, 1}" : {
            "DATARATE_TX" : 8.799999999999994E-5,
            "DATARATE_RX" : 4.399999999999997E-5
          }
        },
        "(clientPoolB, nodeC_c07, nodeC_c07)" : {
          "AppCoordinates {com.bbn, test-service2, 1}" : {
            "DATARATE_TX" : 1.039999999999999E-4,
            "DATARATE_RX" : 5.199999999999995E-5
          }
        },
        "(clientPoolA, nodeC_c06, nodeC_c06)" : {
          "AppCoordinates {com.bbn, test-service1, 1}" : {
            "DATARATE_TX" : 4.2399999999999903E-4,
            "DATARATE_RX" : 2.1199999999999952E-4
          }
        },
        "(clientPoolB, nodeC_c06, nodeC_c06)" : {
          "AppCoordinates {com.bbn, test-service1, 1}" : {
            "DATARATE_TX" : 3.8399999999999914E-4,
            "DATARATE_RX" : 1.9199999999999957E-4
          }
        },
        "(clientPoolA, nodeC_c05, nodeC_c05)" : {
          "AppCoordinates {com.bbn, test-service3, 1}" : {
            "DATARATE_TX" : 2.7399999999999945E-4,
            "DATARATE_RX" : 1.3699999999999973E-4
          }
        },
        "(clientPoolA, nodeC_c04, nodeC_c04)" : {
          "AppCoordinates {com.bbn, test-service3, 1}" : {
            "DATARATE_TX" : 5.200000000000002E-5,
            "DATARATE_RX" : 2.600000000000001E-5
          }
        },
        "(clientPoolB, nodeC_c05, nodeC_c05)" : {
          "AppCoordinates {com.bbn, test-service3, 1}" : {
            "DATARATE_TX" : 2.7799999999999944E-4,
            "DATARATE_RX" : 1.3899999999999972E-4
          }
        }
      }
    },
    "containerNetworkDemand" : {
      "interface-nodeC ( nodeC )" : {
        "(clientPoolE, nodeC_c03, nodeC_c03)" : {
          "AppCoordinates {com.bbn, test-service1, 1}" : {
            "DATARATE_TX" : 4.079999999999991E-4,
            "DATARATE_RX" : 2.0399999999999954E-4
          }
        },
        "(clientPoolB, nodeC_c00, nodeC_c00)" : {
          "AppCoordinates {com.bbn, test-service3, 1}" : {
            "DATARATE_TX" : 2.619999999999995E-4,
            "DATARATE_RX" : 1.3099999999999974E-4
          }
        },
        "(clientPoolE, nodeC_c01, nodeC_c01)" : {
          "AppCoordinates {com.bbn, test-service2, 1}" : {
            "DATARATE_TX" : 6.174285714285733E-4,
            "DATARATE_RX" : 3.087142857142867E-4
          }
        },
        "(clientPoolE, nodeC_c00, nodeC_c00)" : {
          "AppCoordinates {com.bbn, test-service3, 1}" : {
            "DATARATE_TX" : 3.339999999999993E-4,
            "DATARATE_RX" : 1.6699999999999964E-4
          }
        },
        "(clientPoolE, nodeC_c07, nodeC_c07)" : {
          "AppCoordinates {com.bbn, test-service2, 1}" : {
            "DATARATE_TX" : 6.57142857142857E-5,
            "DATARATE_RX" : 3.285714285714285E-5
          }
        },
        "(clientPoolB, nodeC_c04, nodeC_c04)" : {
          "AppCoordinates {com.bbn, test-service3, 1}" : {
            "DATARATE_TX" : 3.4000000000000007E-5,
            "DATARATE_RX" : 1.7000000000000003E-5
          }
        },
        "(clientPoolA, nodeC_c03, nodeC_c03)" : {
          "AppCoordinates {com.bbn, test-service1, 1}" : {
            "DATARATE_TX" : 3.7599999999999916E-4,
            "DATARATE_RX" : 1.8799999999999958E-4
          }
        },
        "(clientPoolB, nodeC_c03, nodeC_c03)" : {
          "AppCoordinates {com.bbn, test-service1, 1}" : {
            "DATARATE_TX" : 4.1599999999999894E-4,
            "DATARATE_RX" : 2.0799999999999947E-4
          }
        },
        "(clientPoolE, nodeC_c06, nodeC_c06)" : {
          "AppCoordinates {com.bbn, test-service1, 1}" : {
            "DATARATE_TX" : 3.919999999999991E-4,
            "DATARATE_RX" : 1.9599999999999956E-4
          }
        },
        "(clientPoolE, nodeC_c05, nodeC_c05)" : {
          "AppCoordinates {com.bbn, test-service3, 1}" : {
            "DATARATE_TX" : 3.339999999999993E-4,
            "DATARATE_RX" : 1.6699999999999964E-4
          }
        },
        "(clientPoolA, nodeC_c01, nodeC_c01)" : {
          "AppCoordinates {com.bbn, test-service2, 1}" : {
            "DATARATE_TX" : 6.205714285714306E-4,
            "DATARATE_RX" : 3.102857142857153E-4
          }
        },
        "(clientPoolE, nodeC_c04, nodeC_c04)" : {
          "AppCoordinates {com.bbn, test-service3, 1}" : {
            "DATARATE_TX" : 4.400000000000002E-5,
            "DATARATE_RX" : 2.200000000000001E-5
          }
        },
        "(clientPoolA, nodeC_c00, nodeC_c00)" : {
          "AppCoordinates {com.bbn, test-service3, 1}" : {
            "DATARATE_TX" : 3.2599999999999936E-4,
            "DATARATE_RX" : 1.6299999999999968E-4
          }
        },
        "(clientPoolB, nodeC_c01, nodeC_c01)" : {
          "AppCoordinates {com.bbn, test-service2, 1}" : {
            "DATARATE_TX" : 6.102857142857161E-4,
            "DATARATE_RX" : 3.0514285714285805E-4
          }
        },
        "(clientPoolA, nodeC_c07, nodeC_c07)" : {
          "AppCoordinates {com.bbn, test-service2, 1}" : {
            "DATARATE_TX" : 5.8E-5,
            "DATARATE_RX" : 2.9E-5
          }
        },
        "(clientPoolB, nodeC_c07, nodeC_c07)" : {
          "AppCoordinates {com.bbn, test-service2, 1}" : {
            "DATARATE_TX" : 6.914285714285712E-5,
            "DATARATE_RX" : 3.457142857142856E-5
          }
        },
        "(clientPoolA, nodeC_c06, nodeC_c06)" : {
          "AppCoordinates {com.bbn, test-service1, 1}" : {
            "DATARATE_TX" : 4.2399999999999903E-4,
            "DATARATE_RX" : 2.1199999999999952E-4
          }
        },
        "(clientPoolB, nodeC_c06, nodeC_c06)" : {
          "AppCoordinates {com.bbn, test-service1, 1}" : {
            "DATARATE_TX" : 3.839999999999992E-4,
            "DATARATE_RX" : 1.919999999999996E-4
          }
        },
        "(clientPoolA, nodeC_c05, nodeC_c05)" : {
          "AppCoordinates {com.bbn, test-service3, 1}" : {
            "DATARATE_TX" : 2.7399999999999945E-4,
            "DATARATE_RX" : 1.3699999999999973E-4
          }
        },
        "(clientPoolA, nodeC_c04, nodeC_c04)" : {
          "AppCoordinates {com.bbn, test-service3, 1}" : {
            "DATARATE_TX" : 5.200000000000002E-5,
            "DATARATE_RX" : 2.600000000000001E-5
          }
        },
        "(clientPoolB, nodeC_c05, nodeC_c05)" : {
          "AppCoordinates {com.bbn, test-service3, 1}" : {
            "DATARATE_TX" : 2.7799999999999944E-4,
            "DATARATE_RX" : 1.3899999999999972E-4
          }
        }
      }
    },
    "computeLoad" : {
      "AppCoordinates {com.bbn, test-service3, 1}" : {
        "UNKNOWN" : {
          "QueueLength" : 465.0,
          "TASK_CONTAINERS" : 232.5
        }
      },
      "AppCoordinates {com.bbn, test-service2, 1}" : {
        "UNKNOWN" : {
          "QueueLength" : 289.0,
          "TASK_CONTAINERS" : 144.5
        }
      },
      "AppCoordinates {com.bbn, test-service1, 1}" : {
        "UNKNOWN" : {
          "QueueLength" : 400.0,
          "TASK_CONTAINERS" : 200.0
        }
      }
    },
    "allocatedComputeCapacity" : {
      "CPU" : 8.0,
      "QueueLength" : 8000000.0,
      "TASK_CONTAINERS" : 800.0
    },
    "averageProcessingTime" : {
      "AppCoordinates {com.bbn, test-service3, 1}" : 120000.0,
      "AppCoordinates {com.bbn, test-service2, 1}" : 120000.0,
      "AppCoordinates {com.bbn, test-service1, 1}" : 120000.0
    },
    "availableServiceContainers" : 0
  } ]
}