667,2,DNS_UPDATE_SUCCEEDED
41046,82,RLG_PLAN_PUBLISHED
41046,82,DCOP_PLAN_PLUBLIED
41545,83,DNS_UPDATE_SUCCEEDED
341503,674,DCOP_PLAN_PLUBLIED
341778,674,RLG_PLAN_PUBLISHED
461367,911,DCOP_PLAN_PLUBLIED
461941,912,RLG_PLAN_PUBLISHED
462136,913,DNS_UPDATE_SUCCEEDED
464944,918,RLG_PLAN_PUBLISHED
581138,1148,DCOP_PLAN_PLUBLIED
582133,1150,RLG_PLAN_PUBLISHED
582897,1152,DNS_UPDATE_SUCCEEDED
585143,1156,RLG_PLAN_PUBLISHED
633312,1250,RLG_PLAN_PUBLISHED
633318,1251,DNS_UPDATE_SUCCEEDED
633828,1252,DNS_UPDATE_SUCCEEDED
636321,1256,RLG_PLAN_PUBLISHED
636369,1257,DNS_UPDATE_SUCCEEDED
821373,1620,DCOP_PLAN_PLUBLIED
822880,1623,RLG_PLAN_PUBLISHED
823327,1624,DNS_UPDATE_SUCCEEDED
825889,1629,RLG_PLAN_PUBLISHED
1061362,2091,DCOP_PLAN_PLUBLIED
1063586,2095,RLG_PLAN_PUBLISHED
1064266,2097,DNS_UPDATE_SUCCEEDED
1066597,2101,RLG_PLAN_PUBLISHED
1111734,2190,RLG_PLAN_PUBLISHED
1112132,2191,DNS_UPDATE_SUCCEEDED
1112644,2192,DNS_UPDATE_SUCCEEDED
1114738,2196,RLG_PLAN_PUBLISHED
1115194,2197,DNS_UPDATE_SUCCEEDED
1301395,2562,DCOP_PLAN_PLUBLIED
1304321,2568,RLG_PLAN_PUBLISHED
1304729,2569,DNS_UPDATE_SUCCEEDED
1307330,2574,RLG_PLAN_PUBLISHED
1781530,3505,DCOP_PLAN_PLUBLIED
1782707,3507,RLG_PLAN_PUBLISHED
1783344,3509,DNS_UPDATE_SUCCEEDED
1785710,3513,RLG_PLAN_PUBLISHED
