599,1,DNS_UPDATE_SUCCEEDED
655,2,RLG_PLAN_PUBLISHED
636,1,DCOP_PLAN_PLUBLIED
1160,3,DNS_UPDATE_SUCCEEDED
36621,74,RLG_PLAN_PUBLISHED
37120,75,DNS_UPDATE_SUCCEEDED
37618,76,DNS_UPDATE_SUCCEEDED
39614,80,RLG_PLAN_PUBLISHED
40129,81,DNS_UPDATE_SUCCEEDED
42615,85,RLG_PLAN_PUBLISHED
42627,86,DNS_UPDATE_SUCCEEDED
43200,87,DNS_UPDATE_SUCCEEDED
45621,92,RLG_PLAN_PUBLISHED
46151,93,DNS_UPDATE_SUCCEEDED
46622,94,DNS_UPDATE_SUCCEEDED
48615,97,RLG_PLAN_PUBLISHED
48621,98,DNS_UPDATE_SUCCEEDED
51613,103,RLG_PLAN_PUBLISHED
51637,104,DNS_UPDATE_SUCCEEDED
52133,105,DNS_UPDATE_SUCCEEDED
54615,109,RLG_PLAN_PUBLISHED
54629,110,DNS_UPDATE_SUCCEEDED
57614,115,RLG_PLAN_PUBLISHED
57617,116,DNS_UPDATE_SUCCEEDED
58115,117,DNS_UPDATE_SUCCEEDED
60619,122,RLG_PLAN_PUBLISHED
61134,123,DNS_UPDATE_SUCCEEDED
61620,124,DNS_UPDATE_SUCCEEDED
63617,127,RLG_PLAN_PUBLISHED
63641,128,DNS_UPDATE_SUCCEEDED
64116,129,DNS_UPDATE_SUCCEEDED
66615,133,RLG_PLAN_PUBLISHED
66617,134,DNS_UPDATE_SUCCEEDED
67127,135,DNS_UPDATE_SUCCEEDED
69616,139,RLG_PLAN_PUBLISHED
69624,140,DNS_UPDATE_SUCCEEDED
70131,141,DNS_UPDATE_SUCCEEDED
72623,145,RLG_PLAN_PUBLISHED
72636,146,DNS_UPDATE_SUCCEEDED
73127,147,DNS_UPDATE_SUCCEEDED
75616,151,RLG_PLAN_PUBLISHED
75617,152,DNS_UPDATE_SUCCEEDED
76116,153,DNS_UPDATE_SUCCEEDED
78621,158,RLG_PLAN_PUBLISHED
79118,159,DNS_UPDATE_SUCCEEDED
105732,212,DCOP_PLAN_PLUBLIED
108621,217,RLG_PLAN_PUBLISHED
108648,218,DNS_UPDATE_SUCCEEDED
120618,241,RLG_PLAN_PUBLISHED
120646,242,DNS_UPDATE_SUCCEEDED
121142,243,DNS_UPDATE_SUCCEEDED
123617,247,RLG_PLAN_PUBLISHED
123653,248,DNS_UPDATE_SUCCEEDED
124160,249,DNS_UPDATE_SUCCEEDED
126619,253,RLG_PLAN_PUBLISHED
126643,254,DNS_UPDATE_SUCCEEDED
129616,259,RLG_PLAN_PUBLISHED
129674,260,DNS_UPDATE_SUCCEEDED
130145,261,DNS_UPDATE_SUCCEEDED
132617,265,RLG_PLAN_PUBLISHED
132645,266,DNS_UPDATE_SUCCEEDED
133147,267,DNS_UPDATE_SUCCEEDED
135618,271,RLG_PLAN_PUBLISHED
135645,272,DNS_UPDATE_SUCCEEDED
156625,313,RLG_PLAN_PUBLISHED
156656,314,DNS_UPDATE_SUCCEEDED
159616,319,RLG_PLAN_PUBLISHED
159657,320,DNS_UPDATE_SUCCEEDED
160157,321,DNS_UPDATE_SUCCEEDED
162619,325,RLG_PLAN_PUBLISHED
162662,326,DNS_UPDATE_SUCCEEDED
163172,327,DNS_UPDATE_SUCCEEDED
165618,331,RLG_PLAN_PUBLISHED
165669,332,DNS_UPDATE_SUCCEEDED
165677,332,DCOP_PLAN_PLUBLIED
168624,337,RLG_PLAN_PUBLISHED
168661,338,DNS_UPDATE_SUCCEEDED
169169,339,DNS_UPDATE_SUCCEEDED
171619,343,RLG_PLAN_PUBLISHED
171670,344,DNS_UPDATE_SUCCEEDED
172160,345,DNS_UPDATE_SUCCEEDED
174624,349,RLG_PLAN_PUBLISHED
174673,350,DNS_UPDATE_SUCCEEDED
228622,457,RLG_PLAN_PUBLISHED
228676,458,DNS_UPDATE_SUCCEEDED
231623,463,RLG_PLAN_PUBLISHED
231688,464,DNS_UPDATE_SUCCEEDED
232169,465,DNS_UPDATE_SUCCEEDED
234622,469,RLG_PLAN_PUBLISHED
234670,470,DNS_UPDATE_SUCCEEDED
235172,471,DNS_UPDATE_SUCCEEDED
237623,475,RLG_PLAN_PUBLISHED
237685,476,DNS_UPDATE_SUCCEEDED
240623,481,RLG_PLAN_PUBLISHED
240676,482,DNS_UPDATE_SUCCEEDED
241167,483,DNS_UPDATE_SUCCEEDED
243623,487,RLG_PLAN_PUBLISHED
243679,488,DNS_UPDATE_SUCCEEDED
244188,489,DNS_UPDATE_SUCCEEDED
246620,493,RLG_PLAN_PUBLISHED
246680,494,DNS_UPDATE_SUCCEEDED
249622,499,RLG_PLAN_PUBLISHED
249676,500,DNS_UPDATE_SUCCEEDED
250189,501,DNS_UPDATE_SUCCEEDED
252623,505,RLG_PLAN_PUBLISHED
252670,506,DNS_UPDATE_SUCCEEDED
253171,507,DNS_UPDATE_SUCCEEDED
255631,511,RLG_PLAN_PUBLISHED
255673,512,DNS_UPDATE_SUCCEEDED
256171,513,DNS_UPDATE_SUCCEEDED
258630,517,RLG_PLAN_PUBLISHED
258671,518,DNS_UPDATE_SUCCEEDED
432650,865,RLG_PLAN_PUBLISHED
432697,866,DNS_UPDATE_SUCCEEDED
435650,871,RLG_PLAN_PUBLISHED
435698,872,DNS_UPDATE_SUCCEEDED
436202,873,DNS_UPDATE_SUCCEEDED
438651,877,RLG_PLAN_PUBLISHED
438699,878,DNS_UPDATE_SUCCEEDED
439200,879,DNS_UPDATE_SUCCEEDED
441650,883,RLG_PLAN_PUBLISHED
441702,884,DNS_UPDATE_SUCCEEDED
444652,889,RLG_PLAN_PUBLISHED
444702,890,DNS_UPDATE_SUCCEEDED
445203,891,DNS_UPDATE_SUCCEEDED
447651,895,RLG_PLAN_PUBLISHED
447703,896,DNS_UPDATE_SUCCEEDED
450653,901,RLG_PLAN_PUBLISHED
450726,902,DNS_UPDATE_SUCCEEDED
453651,907,RLG_PLAN_PUBLISHED
453710,908,DNS_UPDATE_SUCCEEDED
454240,909,DNS_UPDATE_SUCCEEDED
456650,913,RLG_PLAN_PUBLISHED
456721,914,DNS_UPDATE_SUCCEEDED
457216,915,DNS_UPDATE_SUCCEEDED
459653,919,RLG_PLAN_PUBLISHED
459715,920,DNS_UPDATE_SUCCEEDED
462653,925,RLG_PLAN_PUBLISHED
462738,926,DNS_UPDATE_SUCCEEDED
463213,927,DNS_UPDATE_SUCCEEDED
465652,931,RLG_PLAN_PUBLISHED
465716,932,DNS_UPDATE_SUCCEEDED
466214,933,DNS_UPDATE_SUCCEEDED
468652,937,RLG_PLAN_PUBLISHED
468732,938,DNS_UPDATE_SUCCEEDED
471653,943,RLG_PLAN_PUBLISHED
471720,944,DNS_UPDATE_SUCCEEDED
472230,945,DNS_UPDATE_SUCCEEDED
474654,949,RLG_PLAN_PUBLISHED
474723,950,DNS_UPDATE_SUCCEEDED
475214,951,DNS_UPDATE_SUCCEEDED
477653,955,RLG_PLAN_PUBLISHED
477712,956,DNS_UPDATE_SUCCEEDED
483653,967,RLG_PLAN_PUBLISHED
483721,968,DNS_UPDATE_SUCCEEDED
484229,969,DNS_UPDATE_SUCCEEDED
486652,973,RLG_PLAN_PUBLISHED
486722,974,DNS_UPDATE_SUCCEEDED
487228,975,DNS_UPDATE_SUCCEEDED
489655,979,RLG_PLAN_PUBLISHED
489744,980,DNS_UPDATE_SUCCEEDED
492654,985,RLG_PLAN_PUBLISHED
492741,986,DNS_UPDATE_SUCCEEDED
493238,987,DNS_UPDATE_SUCCEEDED
495653,991,RLG_PLAN_PUBLISHED
495739,992,DNS_UPDATE_SUCCEEDED
496240,993,DNS_UPDATE_SUCCEEDED
498654,997,RLG_PLAN_PUBLISHED
498738,998,DNS_UPDATE_SUCCEEDED
513655,1027,RLG_PLAN_PUBLISHED
513749,1028,DNS_UPDATE_SUCCEEDED
514253,1029,DNS_UPDATE_SUCCEEDED
516655,1033,RLG_PLAN_PUBLISHED
516750,1034,DNS_UPDATE_SUCCEEDED
517241,1035,DNS_UPDATE_SUCCEEDED
519657,1039,RLG_PLAN_PUBLISHED
519751,1040,DNS_UPDATE_SUCCEEDED
520246,1041,DNS_UPDATE_SUCCEEDED
522661,1045,RLG_PLAN_PUBLISHED
522754,1046,DNS_UPDATE_SUCCEEDED
523241,1047,DNS_UPDATE_SUCCEEDED
525656,1051,RLG_PLAN_PUBLISHED
525743,1052,DNS_UPDATE_SUCCEEDED
526246,1053,DNS_UPDATE_SUCCEEDED
528655,1057,RLG_PLAN_PUBLISHED
528775,1058,DNS_UPDATE_SUCCEEDED
529250,1059,DNS_UPDATE_SUCCEEDED
531655,1063,RLG_PLAN_PUBLISHED
531744,1064,DNS_UPDATE_SUCCEEDED
582659,1165,RLG_PLAN_PUBLISHED
582788,1166,DNS_UPDATE_SUCCEEDED
585659,1171,RLG_PLAN_PUBLISHED
585788,1172,DNS_UPDATE_SUCCEEDED
586287,1173,DNS_UPDATE_SUCCEEDED
588659,1177,RLG_PLAN_PUBLISHED
588779,1178,DNS_UPDATE_SUCCEEDED
589285,1179,DNS_UPDATE_SUCCEEDED
591659,1183,RLG_PLAN_PUBLISHED
591781,1184,DNS_UPDATE_SUCCEEDED
594663,1189,RLG_PLAN_PUBLISHED
594788,1190,DNS_UPDATE_SUCCEEDED
595280,1191,DNS_UPDATE_SUCCEEDED
597658,1195,RLG_PLAN_PUBLISHED
597791,1196,DNS_UPDATE_SUCCEEDED
598286,1197,DNS_UPDATE_SUCCEEDED
600660,1201,RLG_PLAN_PUBLISHED
600787,1202,DNS_UPDATE_SUCCEEDED
603660,1207,RLG_PLAN_PUBLISHED
603793,1208,DNS_UPDATE_SUCCEEDED
604287,1209,DNS_UPDATE_SUCCEEDED
606659,1213,RLG_PLAN_PUBLISHED
606796,1214,DNS_UPDATE_SUCCEEDED
607313,1215,DNS_UPDATE_SUCCEEDED
609659,1219,RLG_PLAN_PUBLISHED
609794,1220,DNS_UPDATE_SUCCEEDED
612659,1225,RLG_PLAN_PUBLISHED
612794,1226,DNS_UPDATE_SUCCEEDED
613298,1227,DNS_UPDATE_SUCCEEDED
615660,1231,RLG_PLAN_PUBLISHED
615797,1232,DNS_UPDATE_SUCCEEDED
616298,1233,DNS_UPDATE_SUCCEEDED
618659,1237,RLG_PLAN_PUBLISHED
618798,1238,DNS_UPDATE_SUCCEEDED
621660,1243,RLG_PLAN_PUBLISHED
621797,1244,DNS_UPDATE_SUCCEEDED
622298,1245,DNS_UPDATE_SUCCEEDED
624659,1249,RLG_PLAN_PUBLISHED
624798,1250,DNS_UPDATE_SUCCEEDED
