675,1,DNS_UPDATE_SUCCEEDED
719,2,DCOP_PLAN_PLUBLIED
751,2,RLG_PLAN_PUBLISHED
225881,452,DCOP_PLAN_PLUBLIED
228697,457,RLG_PLAN_PUBLISHED
228729,458,DNS_UPDATE_SUCCEEDED
229227,459,DNS_UPDATE_SUCCEEDED
231693,463,RLG_PLAN_PUBLISHED
231726,464,DNS_UPDATE_SUCCEEDED
273696,547,RLG_PLAN_PUBLISHED
273756,548,DNS_UPDATE_SUCCEEDED
274257,549,DNS_UPDATE_SUCCEEDED
276699,553,RLG_PLAN_PUBLISHED
276761,554,DNS_UPDATE_SUCCEEDED
333698,667,RLG_PLAN_PUBLISHED
333772,668,DNS_UPDATE_SUCCEEDED
334271,669,DNS_UPDATE_SUCCEEDED
336699,673,RLG_PLAN_PUBLISHED
336772,674,DNS_UPDATE_SUCCEEDED
393709,787,RLG_PLAN_PUBLISHED
393787,788,DNS_UPDATE_SUCCEEDED
394286,789,DNS_UPDATE_SUCCEEDED
396710,793,RLG_PLAN_PUBLISHED
396788,794,DNS_UPDATE_SUCCEEDED
399708,799,RLG_PLAN_PUBLISHED
399788,800,DNS_UPDATE_SUCCEEDED
400289,801,DNS_UPDATE_SUCCEEDED
402710,805,RLG_PLAN_PUBLISHED
402798,806,DNS_UPDATE_SUCCEEDED
453712,907,RLG_PLAN_PUBLISHED
453876,908,DNS_UPDATE_SUCCEEDED
454371,909,DNS_UPDATE_SUCCEEDED
456710,913,RLG_PLAN_PUBLISHED
456875,914,DNS_UPDATE_SUCCEEDED
457376,915,DNS_UPDATE_SUCCEEDED
459710,919,RLG_PLAN_PUBLISHED
459874,920,DNS_UPDATE_SUCCEEDED
513715,1027,RLG_PLAN_PUBLISHED
513908,1028,DNS_UPDATE_SUCCEEDED
514409,1029,DNS_UPDATE_SUCCEEDED
516715,1033,RLG_PLAN_PUBLISHED
516916,1034,DNS_UPDATE_SUCCEEDED
517415,1035,DNS_UPDATE_SUCCEEDED
519714,1039,RLG_PLAN_PUBLISHED
519915,1040,DNS_UPDATE_SUCCEEDED
520418,1041,DNS_UPDATE_SUCCEEDED
522714,1045,RLG_PLAN_PUBLISHED
522919,1046,DNS_UPDATE_SUCCEEDED
573718,1147,RLG_PLAN_PUBLISHED
573921,1148,DNS_UPDATE_SUCCEEDED
574424,1149,DNS_UPDATE_SUCCEEDED
576719,1153,RLG_PLAN_PUBLISHED
576920,1154,DNS_UPDATE_SUCCEEDED
577425,1155,DNS_UPDATE_SUCCEEDED
579721,1159,RLG_PLAN_PUBLISHED
579924,1160,DNS_UPDATE_SUCCEEDED
582719,1165,RLG_PLAN_PUBLISHED
582948,1166,DNS_UPDATE_SUCCEEDED
583449,1167,DNS_UPDATE_SUCCEEDED
585719,1171,RLG_PLAN_PUBLISHED
585947,1172,DNS_UPDATE_SUCCEEDED
586449,1173,DNS_UPDATE_SUCCEEDED
588721,1177,RLG_PLAN_PUBLISHED
588947,1178,DNS_UPDATE_SUCCEEDED
589451,1179,DNS_UPDATE_SUCCEEDED
591719,1183,RLG_PLAN_PUBLISHED
591948,1184,DNS_UPDATE_SUCCEEDED
592456,1185,DNS_UPDATE_SUCCEEDED
594720,1189,RLG_PLAN_PUBLISHED
594949,1190,DNS_UPDATE_SUCCEEDED
597721,1195,RLG_PLAN_PUBLISHED
597948,1196,DNS_UPDATE_SUCCEEDED
598448,1197,DNS_UPDATE_SUCCEEDED
600721,1201,RLG_PLAN_PUBLISHED
600946,1202,DNS_UPDATE_SUCCEEDED
601448,1203,DNS_UPDATE_SUCCEEDED
603719,1207,RLG_PLAN_PUBLISHED
603952,1208,DNS_UPDATE_SUCCEEDED
609719,1219,RLG_PLAN_PUBLISHED
609951,1220,DNS_UPDATE_SUCCEEDED
610450,1221,DNS_UPDATE_SUCCEEDED
612720,1225,RLG_PLAN_PUBLISHED
612953,1226,DNS_UPDATE_SUCCEEDED
613451,1227,DNS_UPDATE_SUCCEEDED
615722,1231,RLG_PLAN_PUBLISHED
615953,1232,DNS_UPDATE_SUCCEEDED
636721,1273,RLG_PLAN_PUBLISHED
636956,1274,DNS_UPDATE_SUCCEEDED
637455,1275,DNS_UPDATE_SUCCEEDED
639722,1279,RLG_PLAN_PUBLISHED
639959,1280,DNS_UPDATE_SUCCEEDED
640454,1281,DNS_UPDATE_SUCCEEDED
642720,1285,RLG_PLAN_PUBLISHED
642956,1286,DNS_UPDATE_SUCCEEDED
643456,1287,DNS_UPDATE_SUCCEEDED
645722,1291,RLG_PLAN_PUBLISHED
645957,1292,DNS_UPDATE_SUCCEEDED
646457,1293,DNS_UPDATE_SUCCEEDED
648720,1297,RLG_PLAN_PUBLISHED
648955,1298,DNS_UPDATE_SUCCEEDED
649453,1299,DNS_UPDATE_SUCCEEDED
651720,1303,RLG_PLAN_PUBLISHED
651958,1304,DNS_UPDATE_SUCCEEDED
652459,1305,DNS_UPDATE_SUCCEEDED
654722,1309,RLG_PLAN_PUBLISHED
654959,1310,DNS_UPDATE_SUCCEEDED
655455,1311,DNS_UPDATE_SUCCEEDED
657723,1315,RLG_PLAN_PUBLISHED
657958,1316,DNS_UPDATE_SUCCEEDED
658457,1317,DNS_UPDATE_SUCCEEDED
660723,1321,RLG_PLAN_PUBLISHED
660962,1322,DNS_UPDATE_SUCCEEDED
672724,1345,RLG_PLAN_PUBLISHED
672969,1346,DNS_UPDATE_SUCCEEDED
673461,1347,DNS_UPDATE_SUCCEEDED
675726,1351,RLG_PLAN_PUBLISHED
675965,1352,DNS_UPDATE_SUCCEEDED
676463,1353,DNS_UPDATE_SUCCEEDED
678723,1357,RLG_PLAN_PUBLISHED
678966,1358,DNS_UPDATE_SUCCEEDED
681724,1363,RLG_PLAN_PUBLISHED
681969,1364,DNS_UPDATE_SUCCEEDED
682467,1365,DNS_UPDATE_SUCCEEDED
684723,1369,RLG_PLAN_PUBLISHED
684972,1370,DNS_UPDATE_SUCCEEDED
685467,1371,DNS_UPDATE_SUCCEEDED
687724,1375,RLG_PLAN_PUBLISHED
687967,1376,DNS_UPDATE_SUCCEEDED
688468,1377,DNS_UPDATE_SUCCEEDED
690722,1381,RLG_PLAN_PUBLISHED
690970,1382,DNS_UPDATE_SUCCEEDED
691471,1383,DNS_UPDATE_SUCCEEDED
693724,1387,RLG_PLAN_PUBLISHED
693968,1388,DNS_UPDATE_SUCCEEDED
696722,1393,RLG_PLAN_PUBLISHED
696972,1394,DNS_UPDATE_SUCCEEDED
697472,1395,DNS_UPDATE_SUCCEEDED
699727,1399,RLG_PLAN_PUBLISHED
699972,1400,DNS_UPDATE_SUCCEEDED
700469,1401,DNS_UPDATE_SUCCEEDED
702722,1405,RLG_PLAN_PUBLISHED
702972,1406,DNS_UPDATE_SUCCEEDED
703472,1407,DNS_UPDATE_SUCCEEDED
705723,1411,RLG_PLAN_PUBLISHED
705978,1412,DNS_UPDATE_SUCCEEDED
706476,1413,DNS_UPDATE_SUCCEEDED
708722,1417,RLG_PLAN_PUBLISHED
708977,1418,DNS_UPDATE_SUCCEEDED
711727,1423,RLG_PLAN_PUBLISHED
711977,1424,DNS_UPDATE_SUCCEEDED
712480,1425,DNS_UPDATE_SUCCEEDED
714722,1429,RLG_PLAN_PUBLISHED
714985,1430,DNS_UPDATE_SUCCEEDED
715480,1431,DNS_UPDATE_SUCCEEDED
717726,1435,RLG_PLAN_PUBLISHED
717980,1436,DNS_UPDATE_SUCCEEDED
723722,1447,RLG_PLAN_PUBLISHED
723996,1448,DNS_UPDATE_SUCCEEDED
724510,1449,DNS_UPDATE_SUCCEEDED
726724,1453,RLG_PLAN_PUBLISHED
726995,1454,DNS_UPDATE_SUCCEEDED
727514,1455,DNS_UPDATE_SUCCEEDED
729722,1459,RLG_PLAN_PUBLISHED
730019,1460,DNS_UPDATE_SUCCEEDED
735726,1471,RLG_PLAN_PUBLISHED
736019,1472,DNS_UPDATE_SUCCEEDED
736511,1473,DNS_UPDATE_SUCCEEDED
738727,1477,RLG_PLAN_PUBLISHED
739012,1478,DNS_UPDATE_SUCCEEDED
739516,1479,DNS_UPDATE_SUCCEEDED
741724,1483,RLG_PLAN_PUBLISHED
742015,1484,DNS_UPDATE_SUCCEEDED
742517,1485,DNS_UPDATE_SUCCEEDED
744723,1489,RLG_PLAN_PUBLISHED
745012,1490,DNS_UPDATE_SUCCEEDED
745507,1491,DNS_UPDATE_SUCCEEDED
747724,1495,RLG_PLAN_PUBLISHED
748022,1496,DNS_UPDATE_SUCCEEDED
748518,1497,DNS_UPDATE_SUCCEEDED
750724,1501,RLG_PLAN_PUBLISHED
751016,1502,DNS_UPDATE_SUCCEEDED
751518,1503,DNS_UPDATE_SUCCEEDED
753724,1507,RLG_PLAN_PUBLISHED
754025,1508,DNS_UPDATE_SUCCEEDED
756724,1513,RLG_PLAN_PUBLISHED
757018,1514,DNS_UPDATE_SUCCEEDED
757519,1515,DNS_UPDATE_SUCCEEDED
759725,1519,RLG_PLAN_PUBLISHED
760016,1520,DNS_UPDATE_SUCCEEDED
760508,1521,DNS_UPDATE_SUCCEEDED
762724,1525,RLG_PLAN_PUBLISHED
763015,1526,DNS_UPDATE_SUCCEEDED
763518,1527,DNS_UPDATE_SUCCEEDED
765726,1531,RLG_PLAN_PUBLISHED
766038,1532,DNS_UPDATE_SUCCEEDED
766529,1533,DNS_UPDATE_SUCCEEDED
768724,1537,RLG_PLAN_PUBLISHED
769027,1538,DNS_UPDATE_SUCCEEDED
951748,1903,RLG_PLAN_PUBLISHED
952079,1904,DNS_UPDATE_SUCCEEDED
954748,1909,RLG_PLAN_PUBLISHED
955079,1910,DNS_UPDATE_SUCCEEDED
955578,1911,DNS_UPDATE_SUCCEEDED
957747,1915,RLG_PLAN_PUBLISHED
958079,1916,DNS_UPDATE_SUCCEEDED
958580,1917,DNS_UPDATE_SUCCEEDED
960747,1921,RLG_PLAN_PUBLISHED
961088,1922,DNS_UPDATE_SUCCEEDED
963746,1927,RLG_PLAN_PUBLISHED
964088,1928,DNS_UPDATE_SUCCEEDED
964599,1929,DNS_UPDATE_SUCCEEDED
966747,1933,RLG_PLAN_PUBLISHED
967098,1934,DNS_UPDATE_SUCCEEDED
969747,1939,RLG_PLAN_PUBLISHED
970099,1940,DNS_UPDATE_SUCCEEDED
972746,1945,RLG_PLAN_PUBLISHED
973101,1946,DNS_UPDATE_SUCCEEDED
973599,1947,DNS_UPDATE_SUCCEEDED
975746,1951,RLG_PLAN_PUBLISHED
976097,1952,DNS_UPDATE_SUCCEEDED
1011765,2023,RLG_PLAN_PUBLISHED
1012112,2024,DNS_UPDATE_SUCCEEDED
1014766,2029,RLG_PLAN_PUBLISHED
1015113,2030,DNS_UPDATE_SUCCEEDED
1015612,2031,DNS_UPDATE_SUCCEEDED
1017765,2035,RLG_PLAN_PUBLISHED
1018112,2036,DNS_UPDATE_SUCCEEDED
1018611,2037,DNS_UPDATE_SUCCEEDED
1020765,2041,RLG_PLAN_PUBLISHED
1021113,2042,DNS_UPDATE_SUCCEEDED
1023767,2047,RLG_PLAN_PUBLISHED
1024111,2048,DNS_UPDATE_SUCCEEDED
1024611,2049,DNS_UPDATE_SUCCEEDED
1026766,2053,RLG_PLAN_PUBLISHED
1027114,2054,DNS_UPDATE_SUCCEEDED
1027615,2055,DNS_UPDATE_SUCCEEDED
1029767,2059,RLG_PLAN_PUBLISHED
1030118,2060,DNS_UPDATE_SUCCEEDED
1032767,2065,RLG_PLAN_PUBLISHED
1033116,2066,DNS_UPDATE_SUCCEEDED
1033618,2067,DNS_UPDATE_SUCCEEDED
1035768,2071,RLG_PLAN_PUBLISHED
1036118,2072,DNS_UPDATE_SUCCEEDED
1036619,2073,DNS_UPDATE_SUCCEEDED
1038768,2077,RLG_PLAN_PUBLISHED
1039119,2078,DNS_UPDATE_SUCCEEDED
1041766,2083,RLG_PLAN_PUBLISHED
1042121,2084,DNS_UPDATE_SUCCEEDED
1044767,2089,RLG_PLAN_PUBLISHED
1045125,2090,DNS_UPDATE_SUCCEEDED
1045624,2091,DNS_UPDATE_SUCCEEDED
1047766,2095,RLG_PLAN_PUBLISHED
1048122,2096,DNS_UPDATE_SUCCEEDED
1065875,2131,DCOP_PLAN_PLUBLIED
1068772,2137,RLG_PLAN_PUBLISHED
1069127,2138,DNS_UPDATE_SUCCEEDED
1069626,2139,DNS_UPDATE_SUCCEEDED
