{
  "AppCoordinates {com.bbn, test-service3, 1}" : {
    "serverDemand" : {
      "B" : {
        "QueueLength" : 12.486464159847834,
        "TASK_CONTAINERS" : 1.5087445609242316
      },
      "H" : {
        "QueueLength" : 14.562408127222653,
        "TASK_CONTAINERS" : 1.7595817178218491
      }
    }
  },
  "AppCoordinates {com.bbn, test-service2, 1}" : {
    "serverDemand" : {
      "B" : {
        "QueueLength" : 8.924741562901369,
        "TASK_CONTAINERS" : 0.920440957120116
      },
      "H" : {
        "QueueLength" : 10.412198490051603,
        "TASK_CONTAINERS" : 1.0738477833068025
      }
    }
  },
  "AppCoordinates {com.bbn, test-service1, 1}" : {
    "serverDemand" : {
      "B" : {
        "QueueLength" : 4.710295192707778,
        "TASK_CONTAINERS" : 0.4986558840373922
      },
      "H" : {
        "QueueLength" : 4.707987355768677,
        "TASK_CONTAINERS" : 0.4984115646429595
      }
    }
  }
}