{
  "region" : {
    "name" : "F"
  },
  "timestamp" : 405975,
  "plan" : {
    "AppCoordinates {com.bbn, test-service3, 1}" : {
      "F" : 1.0,
      "C" : 0.0,
      "E" : 0.0,
      "G" : 0.0,
      "M" : 0.0,
      "N" : 0.0
    },
    "AppCoordinates {com.bbn, test-service2, 1}" : {
      "F" : 1.0,
      "C" : 0.0,
      "E" : 0.0,
      "G" : 0.0,
      "M" : 0.0,
      "N" : 0.0
    },
    "AppCoordinates {com.bbn, test-service1, 1}" : {
      "F" : 1.0,
      "C" : 0.0,
      "E" : 0.0,
      "G" : 0.0,
      "M" : 0.0,
      "N" : 0.0
    }
  }
}