{
  "nodeName" : {
    "name" : "nodeF"
  },
  "timestamp" : 413980,
  "demandEstimationWindow" : "LONG",
  "nodeComputeCapacity" : {
    "CPU" : 8.0,
    "MEMORY" : 1.6E10,
    "DISK" : 10.0,
    "TASK_CONTAINERS" : 8.0
  },
  "networkCapacity" : {
    "interface-nodeE ( nodeE )" : {
      "DATARATE_RX" : 100.0,
      "DATARATE_TX" : 100.0
    },
    "interface-nodeC ( nodeC )" : {
      "DATARATE_RX" : 100.0,
      "DATARATE_TX" : 100.0
    },
    "interface-nodeG ( nodeG )" : {
      "DATARATE_RX" : 100.0,
      "DATARATE_TX" : 100.0
    },
    "interface-nodeM ( nodeM )" : {
      "DATARATE_RX" : 100.0,
      "DATARATE_TX" : 100.0
    },
    "interface-nodeN ( nodeN )" : {
      "DATARATE_RX" : 100.0,
      "DATARATE_TX" : 100.0
    }
  },
  "networkLoad" : {
    "interface-nodeE ( nodeE )" : { },
    "interface-nodeC ( nodeC )" : {
      "(nodeF_c05, clientPoolB, nodeF_c05)" : {
        "AppCoordinates {com.bbn, test-service1, 1}" : {
          "DATARATE_TX" : 0.003,
          "DATARATE_RX" : 0.006
        }
      },
      "(nodeF_c00, clientPoolB, nodeF_c00)" : {
        "AppCoordinates {com.bbn, test-service1, 1}" : {
          "DATARATE_TX" : 0.003,
          "DATARATE_RX" : 0.006
        }
      },
      "(nodeF_c01, clientPoolB, nodeF_c01)" : {
        "AppCoordinates {com.bbn, test-service2, 1}" : {
          "DATARATE_TX" : 0.003,
          "DATARATE_RX" : 0.006
        }
      },
      "(nodeF_c02, clientPoolB, nodeF_c02)" : {
        "AppCoordinates {com.bbn, test-service3, 1}" : {
          "DATARATE_TX" : 0.003,
          "DATARATE_RX" : 0.006
        }
      },
      "(nodeF_c03, clientPoolB, nodeF_c03)" : {
        "AppCoordinates {com.bbn, test-service3, 1}" : {
          "DATARATE_TX" : 0.003,
          "DATARATE_RX" : 0.006
        }
      },
      "(nodeF_c04, clientPoolB, nodeF_c04)" : {
        "AppCoordinates {com.bbn, test-service2, 1}" : {
          "DATARATE_TX" : 0.003,
          "DATARATE_RX" : 0.006
        }
      }
    },
    "interface-nodeG ( nodeG )" : {
      "(nodeF_c00, clientPoolH, nodeF_c00)" : {
        "AppCoordinates {com.bbn, test-service1, 1}" : {
          "DATARATE_TX" : 0.003,
          "DATARATE_RX" : 0.006
        }
      },
      "(nodeF_c01, clientPoolH, nodeF_c01)" : {
        "AppCoordinates {com.bbn, test-service2, 1}" : {
          "DATARATE_TX" : 0.003,
          "DATARATE_RX" : 0.006
        }
      },
      "(nodeF_c02, clientPoolH, nodeF_c02)" : {
        "AppCoordinates {com.bbn, test-service3, 1}" : {
          "DATARATE_TX" : 0.004,
          "DATARATE_RX" : 0.008
        }
      },
      "(nodeF_c03, clientPoolH, nodeF_c03)" : {
        "AppCoordinates {com.bbn, test-service3, 1}" : {
          "DATARATE_TX" : 0.003,
          "DATARATE_RX" : 0.006
        }
      },
      "(nodeF_c04, clientPoolH, nodeF_c04)" : {
        "AppCoordinates {com.bbn, test-service2, 1}" : {
          "DATARATE_TX" : 0.004,
          "DATARATE_RX" : 0.008
        }
      },
      "(nodeF_c05, clientPoolH, nodeF_c05)" : {
        "AppCoordinates {com.bbn, test-service1, 1}" : {
          "DATARATE_TX" : 0.003,
          "DATARATE_RX" : 0.006
        }
      }
    },
    "interface-nodeM ( nodeM )" : { },
    "interface-nodeN ( nodeN )" : { }
  },
  "networkDemand" : {
    "interface-nodeE ( nodeE )" : { },
    "interface-nodeC ( nodeC )" : {
      "(nodeF_c05, clientPoolB, nodeF_c05)" : {
        "AppCoordinates {com.bbn, test-service1, 1}" : {
          "DATARATE_TX" : 0.0029999999999999936,
          "DATARATE_RX" : 0.005999999999999987
        }
      },
      "(nodeF_c00, clientPoolB, nodeF_c00)" : {
        "AppCoordinates {com.bbn, test-service1, 1}" : {
          "DATARATE_TX" : 0.0029999999999999936,
          "DATARATE_RX" : 0.005999999999999987
        }
      },
      "(nodeF_c01, clientPoolB, nodeF_c01)" : {
        "AppCoordinates {com.bbn, test-service2, 1}" : {
          "DATARATE_TX" : 0.0029999999999999936,
          "DATARATE_RX" : 0.005999999999999987
        }
      },
      "(nodeF_c02, clientPoolB, nodeF_c02)" : {
        "AppCoordinates {com.bbn, test-service3, 1}" : {
          "DATARATE_TX" : 0.0029999999999999936,
          "DATARATE_RX" : 0.005999999999999987
        }
      },
      "(nodeF_c03, clientPoolB, nodeF_c03)" : {
        "AppCoordinates {com.bbn, test-service3, 1}" : {
          "DATARATE_TX" : 0.0029999999999999936,
          "DATARATE_RX" : 0.005999999999999987
        }
      },
      "(nodeF_c04, clientPoolB, nodeF_c04)" : {
        "AppCoordinates {com.bbn, test-service2, 1}" : {
          "DATARATE_TX" : 0.0029999999999999936,
          "DATARATE_RX" : 0.005999999999999987
        }
      }
    },
    "interface-nodeN ( nodeN )" : { },
    "interface-nodeM ( nodeM )" : { },
    "interface-nodeG ( nodeG )" : {
      "(nodeF_c00, clientPoolH, nodeF_c00)" : {
        "AppCoordinates {com.bbn, test-service1, 1}" : {
          "DATARATE_TX" : 0.0029999999999999936,
          "DATARATE_RX" : 0.005999999999999987
        }
      },
      "(nodeF_c01, clientPoolH, nodeF_c01)" : {
        "AppCoordinates {com.bbn, test-service2, 1}" : {
          "DATARATE_TX" : 0.0029999999999999936,
          "DATARATE_RX" : 0.005999999999999987
        }
      },
      "(nodeF_c02, clientPoolH, nodeF_c02)" : {
        "AppCoordinates {com.bbn, test-service3, 1}" : {
          "DATARATE_TX" : 0.004000000000000003,
          "DATARATE_RX" : 0.008000000000000005
        }
      },
      "(nodeF_c03, clientPoolH, nodeF_c03)" : {
        "AppCoordinates {com.bbn, test-service3, 1}" : {
          "DATARATE_TX" : 0.0029999999999999936,
          "DATARATE_RX" : 0.005999999999999987
        }
      },
      "(nodeF_c04, clientPoolH, nodeF_c04)" : {
        "AppCoordinates {com.bbn, test-service2, 1}" : {
          "DATARATE_TX" : 0.004000000000000003,
          "DATARATE_RX" : 0.008000000000000005
        }
      },
      "(nodeF_c05, clientPoolH, nodeF_c05)" : {
        "AppCoordinates {com.bbn, test-service1, 1}" : {
          "DATARATE_TX" : 0.0029999999999999936,
          "DATARATE_RX" : 0.005999999999999987
        }
      }
    }
  },
  "containerReports" : {
    "nodeF_c04" : {
      "containerName" : {
        "name" : "nodeF_c04"
      },
      "timestamp" : 413980,
      "service" : {
        "group" : "com.bbn",
        "artifact" : "test-service3",
        "version" : "1"
      },
      "serviceStatus" : "RUNNING",
      "demandEstimationWindow" : "LONG",
      "computeCapacity" : {
        "CPU" : 1.0,
        "TASK_CONTAINERS" : 1.0,
        "QueueLength" : 1000000.0
      },
      "computeLoad" : {
        "UNKNOWN" : {
          "QueueLength" : 8.0,
          "TASK_CONTAINERS" : 0.7999999999999999
        }
      },
      "computeDemand" : {
        "UNKNOWN" : {
          "QueueLength" : 3.050541516245487,
          "TASK_CONTAINERS" : 0.5090361445783134
        }
      },
      "averageProcessingTime" : "NaN",
      "networkCapacity" : {
        "interface-nodeF ( nodeF )" : {
          "DATARATE_TX" : 100.0,
          "DATARATE_RX" : 100.0
        }
      },
      "networkLoad" : {
        "interface-nodeF ( nodeF )" : {
          "(clientPoolF, nodeF_c04, nodeF_c04)" : {
            "AppCoordinates {com.bbn, test-service3, 1}" : {
              "DATARATE_TX" : 0.016,
              "DATARATE_RX" : 0.008
            }
          }
        }
      },
      "networkDemand" : {
        "interface-nodeF ( nodeF )" : {
          "(clientPoolF, nodeF_c04, nodeF_c04)" : {
            "AppCoordinates {com.bbn, test-service3, 1}" : {
              "DATARATE_TX" : 0.01024242424242425,
              "DATARATE_RX" : 0.005121212121212125
            }
          }
        }
      }
    },
    "nodeF_c05" : {
      "containerName" : {
        "name" : "nodeF_c05"
      },
      "timestamp" : 413980,
      "service" : {
        "group" : "com.bbn",
        "artifact" : "test-service1",
        "version" : "1"
      },
      "serviceStatus" : "RUNNING",
      "demandEstimationWindow" : "LONG",
      "computeCapacity" : {
        "CPU" : 1.0,
        "TASK_CONTAINERS" : 1.0,
        "QueueLength" : 1000000.0
      },
      "computeLoad" : {
        "UNKNOWN" : {
          "QueueLength" : 10.0,
          "TASK_CONTAINERS" : 0.9999999999999999
        }
      },
      "computeDemand" : {
        "UNKNOWN" : {
          "QueueLength" : 9.972375690607734,
          "TASK_CONTAINERS" : 0.9972375690607733
        }
      },
      "averageProcessingTime" : "NaN",
      "networkCapacity" : {
        "interface-nodeF ( nodeF )" : {
          "DATARATE_TX" : 100.0,
          "DATARATE_RX" : 100.0
        }
      },
      "networkLoad" : {
        "interface-nodeF ( nodeF )" : {
          "(clientPoolH, nodeF_c05, nodeF_c05)" : {
            "AppCoordinates {com.bbn, test-service1, 1}" : {
              "DATARATE_TX" : 0.022000000000000006,
              "DATARATE_RX" : 0.011000000000000003
            }
          },
          "(clientPoolF, nodeF_c05, nodeF_c05)" : {
            "AppCoordinates {com.bbn, test-service1, 1}" : {
              "DATARATE_TX" : 0.22600000000000017,
              "DATARATE_RX" : 0.11300000000000009
            }
          },
          "(clientPoolB, nodeF_c05, nodeF_c05)" : {
            "AppCoordinates {com.bbn, test-service1, 1}" : {
              "DATARATE_TX" : 0.016,
              "DATARATE_RX" : 0.008
            }
          }
        }
      },
      "networkDemand" : {
        "interface-nodeF ( nodeF )" : {
          "(clientPoolH, nodeF_c05, nodeF_c05)" : {
            "AppCoordinates {com.bbn, test-service1, 1}" : {
              "DATARATE_TX" : 0.022000000000000075,
              "DATARATE_RX" : 0.011000000000000038
            }
          },
          "(clientPoolF, nodeF_c05, nodeF_c05)" : {
            "AppCoordinates {com.bbn, test-service1, 1}" : {
              "DATARATE_TX" : 0.16153462603878158,
              "DATARATE_RX" : 0.08076731301939079
            }
          },
          "(clientPoolB, nodeF_c05, nodeF_c05)" : {
            "AppCoordinates {com.bbn, test-service1, 1}" : {
              "DATARATE_TX" : 0.01600000000000001,
              "DATARATE_RX" : 0.008000000000000005
            }
          }
        }
      }
    },
    "nodeF_c06" : {
      "containerName" : {
        "name" : "nodeF_c06"
      },
      "timestamp" : 413981,
      "service" : {
        "group" : "com.bbn",
        "artifact" : "test-service3",
        "version" : "1"
      },
      "serviceStatus" : "RUNNING",
      "demandEstimationWindow" : "LONG",
      "computeCapacity" : {
        "CPU" : 1.0,
        "TASK_CONTAINERS" : 1.0,
        "QueueLength" : 1000000.0
      },
      "computeLoad" : {
        "UNKNOWN" : {
          "QueueLength" : 10.0,
          "TASK_CONTAINERS" : 0.9999999999999999
        }
      },
      "computeDemand" : {
        "UNKNOWN" : {
          "QueueLength" : 9.972375690607734,
          "TASK_CONTAINERS" : 0.9972375690607733
        }
      },
      "averageProcessingTime" : "NaN",
      "networkCapacity" : {
        "interface-nodeF ( nodeF )" : {
          "DATARATE_TX" : 100.0,
          "DATARATE_RX" : 100.0
        }
      },
      "networkLoad" : {
        "interface-nodeF ( nodeF )" : {
          "(clientPoolF, nodeF_c06, nodeF_c06)" : {
            "AppCoordinates {com.bbn, test-service3, 1}" : {
              "DATARATE_TX" : 0.05200000000000003,
              "DATARATE_RX" : 0.026000000000000016
            }
          }
        }
      },
      "networkDemand" : {
        "interface-nodeF ( nodeF )" : {
          "(clientPoolF, nodeF_c06, nodeF_c06)" : {
            "AppCoordinates {com.bbn, test-service3, 1}" : {
              "DATARATE_TX" : 0.04157894736842105,
              "DATARATE_RX" : 0.020789473684210524
            }
          }
        }
      }
    },
    "nodeF_c07" : {
      "containerName" : {
        "name" : "nodeF_c07"
      },
      "timestamp" : 413982,
      "service" : {
        "group" : "com.bbn",
        "artifact" : "test-service3",
        "version" : "1"
      },
      "serviceStatus" : "RUNNING",
      "demandEstimationWindow" : "LONG",
      "computeCapacity" : {
        "CPU" : 1.0,
        "TASK_CONTAINERS" : 1.0,
        "QueueLength" : 1000000.0
      },
      "computeLoad" : {
        "UNKNOWN" : {
          "QueueLength" : 10.0,
          "TASK_CONTAINERS" : 0.9999999999999999
        }
      },
      "computeDemand" : {
        "UNKNOWN" : {
          "QueueLength" : 5.240331491712707,
          "TASK_CONTAINERS" : 0.6609756097560964
        }
      },
      "averageProcessingTime" : "NaN",
      "networkCapacity" : {
        "interface-nodeF ( nodeF )" : {
          "DATARATE_TX" : 100.0,
          "DATARATE_RX" : 100.0
        }
      },
      "networkLoad" : {
        "interface-nodeF ( nodeF )" : {
          "(clientPoolF, nodeF_c07, nodeF_c07)" : {
            "AppCoordinates {com.bbn, test-service3, 1}" : {
              "DATARATE_TX" : 0.022000000000000006,
              "DATARATE_RX" : 0.011000000000000003
            }
          }
        }
      },
      "networkDemand" : {
        "interface-nodeF ( nodeF )" : {
          "(clientPoolF, nodeF_c07, nodeF_c07)" : {
            "AppCoordinates {com.bbn, test-service3, 1}" : {
              "DATARATE_TX" : 0.013594405594405497,
              "DATARATE_RX" : 0.006797202797202749
            }
          }
        }
      }
    },
    "nodeF_c00" : {
      "containerName" : {
        "name" : "nodeF_c00"
      },
      "timestamp" : 413983,
      "service" : {
        "group" : "com.bbn",
        "artifact" : "test-service3",
        "version" : "1"
      },
      "serviceStatus" : "RUNNING",
      "demandEstimationWindow" : "LONG",
      "computeCapacity" : {
        "CPU" : 1.0,
        "TASK_CONTAINERS" : 1.0,
        "QueueLength" : 1000000.0
      },
      "computeLoad" : {
        "UNKNOWN" : {
          "QueueLength" : 10.0,
          "TASK_CONTAINERS" : 0.9999999999999999
        }
      },
      "computeDemand" : {
        "UNKNOWN" : {
          "QueueLength" : 8.386740331491712,
          "TASK_CONTAINERS" : 0.8386740331491713
        }
      },
      "averageProcessingTime" : "NaN",
      "networkCapacity" : {
        "interface-nodeF ( nodeF )" : {
          "DATARATE_TX" : 100.0,
          "DATARATE_RX" : 100.0
        }
      },
      "networkLoad" : {
        "interface-nodeF ( nodeF )" : {
          "(clientPoolF, nodeF_c00, nodeF_c00)" : {
            "AppCoordinates {com.bbn, test-service3, 1}" : {
              "DATARATE_TX" : 0.030000000000000013,
              "DATARATE_RX" : 0.015000000000000006
            }
          }
        }
      },
      "networkDemand" : {
        "interface-nodeF ( nodeF )" : {
          "(clientPoolF, nodeF_c00, nodeF_c00)" : {
            "AppCoordinates {com.bbn, test-service3, 1}" : {
              "DATARATE_TX" : 0.018110803324099627,
              "DATARATE_RX" : 0.009055401662049814
            }
          }
        }
      }
    },
    "nodeF_c01" : {
      "containerName" : {
        "name" : "nodeF_c01"
      },
      "timestamp" : 413983,
      "service" : {
        "group" : "com.bbn",
        "artifact" : "test-service2",
        "version" : "1"
      },
      "serviceStatus" : "RUNNING",
      "demandEstimationWindow" : "LONG",
      "computeCapacity" : {
        "CPU" : 1.0,
        "TASK_CONTAINERS" : 1.0,
        "QueueLength" : 1000000.0
      },
      "computeLoad" : {
        "UNKNOWN" : {
          "QueueLength" : 10.0,
          "TASK_CONTAINERS" : 0.9999999999999999
        }
      },
      "computeDemand" : {
        "UNKNOWN" : {
          "QueueLength" : 9.972375690607734,
          "TASK_CONTAINERS" : 0.9972375690607733
        }
      },
      "averageProcessingTime" : "NaN",
      "networkCapacity" : {
        "interface-nodeF ( nodeF )" : {
          "DATARATE_TX" : 100.0,
          "DATARATE_RX" : 100.0
        }
      },
      "networkLoad" : {
        "interface-nodeF ( nodeF )" : {
          "(clientPoolB, nodeF_c01, nodeF_c01)" : {
            "AppCoordinates {com.bbn, test-service2, 1}" : {
              "DATARATE_TX" : 0.06200000000000004,
              "DATARATE_RX" : 0.03100000000000002
            }
          },
          "(clientPoolH, nodeF_c01, nodeF_c01)" : {
            "AppCoordinates {com.bbn, test-service2, 1}" : {
              "DATARATE_TX" : 0.07000000000000005,
              "DATARATE_RX" : 0.035000000000000024
            }
          },
          "(clientPoolF, nodeF_c01, nodeF_c01)" : {
            "AppCoordinates {com.bbn, test-service2, 1}" : {
              "DATARATE_TX" : 0.19000000000000014,
              "DATARATE_RX" : 0.09500000000000007
            }
          }
        }
      },
      "networkDemand" : {
        "interface-nodeF ( nodeF )" : {
          "(clientPoolB, nodeF_c01, nodeF_c01)" : {
            "AppCoordinates {com.bbn, test-service2, 1}" : {
              "DATARATE_TX" : 0.06200000000000015,
              "DATARATE_RX" : 0.031000000000000076
            }
          },
          "(clientPoolH, nodeF_c01, nodeF_c01)" : {
            "AppCoordinates {com.bbn, test-service2, 1}" : {
              "DATARATE_TX" : 0.07000000000000023,
              "DATARATE_RX" : 0.035000000000000114
            }
          },
          "(clientPoolF, nodeF_c01, nodeF_c01)" : {
            "AppCoordinates {com.bbn, test-service2, 1}" : {
              "DATARATE_TX" : 0.1300166204986144,
              "DATARATE_RX" : 0.0650083102493072
            }
          }
        }
      }
    },
    "nodeF_c02" : {
      "containerName" : {
        "name" : "nodeF_c02"
      },
      "timestamp" : 413985,
      "service" : {
        "group" : "com.bbn",
        "artifact" : "test-service3",
        "version" : "1"
      },
      "serviceStatus" : "RUNNING",
      "demandEstimationWindow" : "LONG",
      "computeCapacity" : {
        "CPU" : 1.0,
        "TASK_CONTAINERS" : 1.0,
        "QueueLength" : 1000000.0
      },
      "computeLoad" : {
        "UNKNOWN" : {
          "QueueLength" : 10.0,
          "TASK_CONTAINERS" : 0.9999999999999999
        }
      },
      "computeDemand" : {
        "UNKNOWN" : {
          "QueueLength" : 9.972375690607734,
          "TASK_CONTAINERS" : 0.9972375690607733
        }
      },
      "averageProcessingTime" : "NaN",
      "networkCapacity" : {
        "interface-nodeF ( nodeF )" : {
          "DATARATE_TX" : 100.0,
          "DATARATE_RX" : 100.0
        }
      },
      "networkLoad" : {
        "interface-nodeF ( nodeF )" : {
          "(clientPoolF, nodeF_c02, nodeF_c02)" : {
            "AppCoordinates {com.bbn, test-service3, 1}" : {
              "DATARATE_TX" : 0.09200000000000007,
              "DATARATE_RX" : 0.046000000000000034
            }
          },
          "(clientPoolH, nodeF_c02, nodeF_c02)" : {
            "AppCoordinates {com.bbn, test-service3, 1}" : {
              "DATARATE_TX" : 0.05800000000000004,
              "DATARATE_RX" : 0.02900000000000002
            }
          },
          "(clientPoolB, nodeF_c02, nodeF_c02)" : {
            "AppCoordinates {com.bbn, test-service3, 1}" : {
              "DATARATE_TX" : 0.06400000000000004,
              "DATARATE_RX" : 0.03200000000000002
            }
          }
        }
      },
      "networkDemand" : {
        "interface-nodeF ( nodeF )" : {
          "(clientPoolF, nodeF_c02, nodeF_c02)" : {
            "AppCoordinates {com.bbn, test-service3, 1}" : {
              "DATARATE_TX" : 0.07924099722991672,
              "DATARATE_RX" : 0.03962049861495836
            }
          },
          "(clientPoolH, nodeF_c02, nodeF_c02)" : {
            "AppCoordinates {com.bbn, test-service3, 1}" : {
              "DATARATE_TX" : 0.05799999999999986,
              "DATARATE_RX" : 0.02899999999999993
            }
          },
          "(clientPoolB, nodeF_c02, nodeF_c02)" : {
            "AppCoordinates {com.bbn, test-service3, 1}" : {
              "DATARATE_TX" : 0.06400000000000004,
              "DATARATE_RX" : 0.03200000000000002
            }
          }
        }
      }
    },
    "nodeF_c03" : {
      "containerName" : {
        "name" : "nodeF_c03"
      },
      "timestamp" : 413986,
      "service" : {
        "group" : "com.bbn",
        "artifact" : "test-service3",
        "version" : "1"
      },
      "serviceStatus" : "RUNNING",
      "demandEstimationWindow" : "LONG",
      "computeCapacity" : {
        "CPU" : 1.0,
        "TASK_CONTAINERS" : 1.0,
        "QueueLength" : 1000000.0
      },
      "computeLoad" : {
        "UNKNOWN" : {
          "QueueLength" : 10.0,
          "TASK_CONTAINERS" : 0.9999999999999999
        }
      },
      "computeDemand" : {
        "UNKNOWN" : {
          "QueueLength" : 9.972375690607734,
          "TASK_CONTAINERS" : 0.9972375690607733
        }
      },
      "averageProcessingTime" : "NaN",
      "networkCapacity" : {
        "interface-nodeF ( nodeF )" : {
          "DATARATE_TX" : 100.0,
          "DATARATE_RX" : 100.0
        }
      },
      "networkLoad" : {
        "interface-nodeF ( nodeF )" : {
          "(clientPoolF, nodeF_c03, nodeF_c03)" : {
            "AppCoordinates {com.bbn, test-service3, 1}" : {
              "DATARATE_TX" : 0.06800000000000005,
              "DATARATE_RX" : 0.03400000000000002
            }
          },
          "(clientPoolH, nodeF_c03, nodeF_c03)" : {
            "AppCoordinates {com.bbn, test-service3, 1}" : {
              "DATARATE_TX" : 0.022000000000000006,
              "DATARATE_RX" : 0.011000000000000003
            }
          },
          "(clientPoolB, nodeF_c03, nodeF_c03)" : {
            "AppCoordinates {com.bbn, test-service3, 1}" : {
              "DATARATE_TX" : 0.016,
              "DATARATE_RX" : 0.008
            }
          }
        }
      },
      "networkDemand" : {
        "interface-nodeF ( nodeF )" : {
          "(clientPoolF, nodeF_c03, nodeF_c03)" : {
            "AppCoordinates {com.bbn, test-service3, 1}" : {
              "DATARATE_TX" : 0.060648199445983236,
              "DATARATE_RX" : 0.030324099722991618
            }
          },
          "(clientPoolH, nodeF_c03, nodeF_c03)" : {
            "AppCoordinates {com.bbn, test-service3, 1}" : {
              "DATARATE_TX" : 0.022000000000000075,
              "DATARATE_RX" : 0.011000000000000038
            }
          },
          "(clientPoolB, nodeF_c03, nodeF_c03)" : {
            "AppCoordinates {com.bbn, test-service3, 1}" : {
              "DATARATE_TX" : 0.01600000000000001,
              "DATARATE_RX" : 0.008000000000000005
            }
          }
        }
      }
    }
  },
  "maximumServiceContainers" : 8,
  "allocatedServiceContainers" : 8,
  "computeDemand" : {
    "AppCoordinates {com.bbn, test-service3, 1}" : {
      "UNKNOWN" : {
        "QueueLength" : 46.59474041127311,
        "TASK_CONTAINERS" : 5.000398494665902
      }
    },
    "AppCoordinates {com.bbn, test-service2, 1}" : {
      "UNKNOWN" : {
        "QueueLength" : 9.972375690607734,
        "TASK_CONTAINERS" : 0.9972375690607733
      }
    },
    "AppCoordinates {com.bbn, test-service1, 1}" : {
      "UNKNOWN" : {
        "QueueLength" : 9.972375690607734,
        "TASK_CONTAINERS" : 0.9972375690607733
      }
    }
  },
  "containerNetworkLoad" : {
    "interface-nodeF ( nodeF )" : {
      "(clientPoolF, nodeF_c03, nodeF_c03)" : {
        "AppCoordinates {com.bbn, test-service3, 1}" : {
          "DATARATE_TX" : 0.06800000000000005,
          "DATARATE_RX" : 0.03400000000000002
        }
      },
      "(clientPoolH, nodeF_c05, nodeF_c05)" : {
        "AppCoordinates {com.bbn, test-service1, 1}" : {
          "DATARATE_TX" : 0.022000000000000006,
          "DATARATE_RX" : 0.011000000000000003
        }
      },
      "(clientPoolF, nodeF_c02, nodeF_c02)" : {
        "AppCoordinates {com.bbn, test-service3, 1}" : {
          "DATARATE_TX" : 0.09200000000000007,
          "DATARATE_RX" : 0.046000000000000034
        }
      },
      "(clientPoolB, nodeF_c01, nodeF_c01)" : {
        "AppCoordinates {com.bbn, test-service2, 1}" : {
          "DATARATE_TX" : 0.06200000000000004,
          "DATARATE_RX" : 0.03100000000000002
        }
      },
      "(clientPoolF, nodeF_c05, nodeF_c05)" : {
        "AppCoordinates {com.bbn, test-service1, 1}" : {
          "DATARATE_TX" : 0.22600000000000017,
          "DATARATE_RX" : 0.11300000000000009
        }
      },
      "(clientPoolF, nodeF_c04, nodeF_c04)" : {
        "AppCoordinates {com.bbn, test-service3, 1}" : {
          "DATARATE_TX" : 0.016,
          "DATARATE_RX" : 0.008
        }
      },
      "(clientPoolH, nodeF_c01, nodeF_c01)" : {
        "AppCoordinates {com.bbn, test-service2, 1}" : {
          "DATARATE_TX" : 0.07000000000000005,
          "DATARATE_RX" : 0.035000000000000024
        }
      },
      "(clientPoolH, nodeF_c03, nodeF_c03)" : {
        "AppCoordinates {com.bbn, test-service3, 1}" : {
          "DATARATE_TX" : 0.022000000000000006,
          "DATARATE_RX" : 0.011000000000000003
        }
      },
      "(clientPoolF, nodeF_c01, nodeF_c01)" : {
        "AppCoordinates {com.bbn, test-service2, 1}" : {
          "DATARATE_TX" : 0.19000000000000014,
          "DATARATE_RX" : 0.09500000000000007
        }
      },
      "(clientPoolH, nodeF_c02, nodeF_c02)" : {
        "AppCoordinates {com.bbn, test-service3, 1}" : {
          "DATARATE_TX" : 0.05800000000000004,
          "DATARATE_RX" : 0.02900000000000002
        }
      },
      "(clientPoolF, nodeF_c00, nodeF_c00)" : {
        "AppCoordinates {com.bbn, test-service3, 1}" : {
          "DATARATE_TX" : 0.030000000000000013,
          "DATARATE_RX" : 0.015000000000000006
        }
      },
      "(clientPoolB, nodeF_c03, nodeF_c03)" : {
        "AppCoordinates {com.bbn, test-service3, 1}" : {
          "DATARATE_TX" : 0.016,
          "DATARATE_RX" : 0.008
        }
      },
      "(clientPoolF, nodeF_c07, nodeF_c07)" : {
        "AppCoordinates {com.bbn, test-service3, 1}" : {
          "DATARATE_TX" : 0.022000000000000006,
          "DATARATE_RX" : 0.011000000000000003
        }
      },
      "(clientPoolB, nodeF_c02, nodeF_c02)" : {
        "AppCoordinates {com.bbn, test-service3, 1}" : {
          "DATARATE_TX" : 0.06400000000000004,
          "DATARATE_RX" : 0.03200000000000002
        }
      },
      "(clientPoolF, nodeF_c06, nodeF_c06)" : {
        "AppCoordinates {com.bbn, test-service3, 1}" : {
          "DATARATE_TX" : 0.05200000000000003,
          "DATARATE_RX" : 0.026000000000000016
        }
      },
      "(clientPoolB, nodeF_c05, nodeF_c05)" : {
        "AppCoordinates {com.bbn, test-service1, 1}" : {
          "DATARATE_TX" : 0.016,
          "DATARATE_RX" : 0.008
        }
      }
    }
  },
  "containerNetworkDemand" : {
    "interface-nodeF ( nodeF )" : {
      "(clientPoolF, nodeF_c03, nodeF_c03)" : {
        "AppCoordinates {com.bbn, test-service3, 1}" : {
          "DATARATE_TX" : 0.060648199445983236,
          "DATARATE_RX" : 0.030324099722991618
        }
      },
      "(clientPoolH, nodeF_c05, nodeF_c05)" : {
        "AppCoordinates {com.bbn, test-service1, 1}" : {
          "DATARATE_TX" : 0.022000000000000075,
          "DATARATE_RX" : 0.011000000000000038
        }
      },
      "(clientPoolF, nodeF_c02, nodeF_c02)" : {
        "AppCoordinates {com.bbn, test-service3, 1}" : {
          "DATARATE_TX" : 0.07924099722991672,
          "DATARATE_RX" : 0.03962049861495836
        }
      },
      "(clientPoolB, nodeF_c01, nodeF_c01)" : {
        "AppCoordinates {com.bbn, test-service2, 1}" : {
          "DATARATE_TX" : 0.06200000000000015,
          "DATARATE_RX" : 0.031000000000000076
        }
      },
      "(clientPoolF, nodeF_c05, nodeF_c05)" : {
        "AppCoordinates {com.bbn, test-service1, 1}" : {
          "DATARATE_TX" : 0.16153462603878158,
          "DATARATE_RX" : 0.08076731301939079
        }
      },
      "(clientPoolF, nodeF_c04, nodeF_c04)" : {
        "AppCoordinates {com.bbn, test-service3, 1}" : {
          "DATARATE_TX" : 0.01024242424242425,
          "DATARATE_RX" : 0.005121212121212125
        }
      },
      "(clientPoolH, nodeF_c01, nodeF_c01)" : {
        "AppCoordinates {com.bbn, test-service2, 1}" : {
          "DATARATE_TX" : 0.07000000000000023,
          "DATARATE_RX" : 0.035000000000000114
        }
      },
      "(clientPoolH, nodeF_c03, nodeF_c03)" : {
        "AppCoordinates {com.bbn, test-service3, 1}" : {
          "DATARATE_TX" : 0.022000000000000075,
          "DATARATE_RX" : 0.011000000000000038
        }
      },
      "(clientPoolF, nodeF_c01, nodeF_c01)" : {
        "AppCoordinates {com.bbn, test-service2, 1}" : {
          "DATARATE_TX" : 0.1300166204986144,
          "DATARATE_RX" : 0.0650083102493072
        }
      },
      "(clientPoolH, nodeF_c02, nodeF_c02)" : {
        "AppCoordinates {com.bbn, test-service3, 1}" : {
          "DATARATE_TX" : 0.05799999999999986,
          "DATARATE_RX" : 0.02899999999999993
        }
      },
      "(clientPoolF, nodeF_c00, nodeF_c00)" : {
        "AppCoordinates {com.bbn, test-service3, 1}" : {
          "DATARATE_TX" : 0.018110803324099627,
          "DATARATE_RX" : 0.009055401662049814
        }
      },
      "(clientPoolB, nodeF_c03, nodeF_c03)" : {
        "AppCoordinates {com.bbn, test-service3, 1}" : {
          "DATARATE_TX" : 0.01600000000000001,
          "DATARATE_RX" : 0.008000000000000005
        }
      },
      "(clientPoolF, nodeF_c07, nodeF_c07)" : {
        "AppCoordinates {com.bbn, test-service3, 1}" : {
          "DATARATE_TX" : 0.013594405594405497,
          "DATARATE_RX" : 0.006797202797202749
        }
      },
      "(clientPoolB, nodeF_c02, nodeF_c02)" : {
        "AppCoordinates {com.bbn, test-service3, 1}" : {
          "DATARATE_TX" : 0.06400000000000004,
          "DATARATE_RX" : 0.03200000000000002
        }
      },
      "(clientPoolF, nodeF_c06, nodeF_c06)" : {
        "AppCoordinates {com.bbn, test-service3, 1}" : {
          "DATARATE_TX" : 0.04157894736842105,
          "DATARATE_RX" : 0.020789473684210524
        }
      },
      "(clientPoolB, nodeF_c05, nodeF_c05)" : {
        "AppCoordinates {com.bbn, test-service1, 1}" : {
          "DATARATE_TX" : 0.01600000000000001,
          "DATARATE_RX" : 0.008000000000000005
        }
      }
    }
  },
  "computeLoad" : {
    "AppCoordinates {com.bbn, test-service3, 1}" : {
      "UNKNOWN" : {
        "QueueLength" : 58.0,
        "TASK_CONTAINERS" : 5.8
      }
    },
    "AppCoordinates {com.bbn, test-service2, 1}" : {
      "UNKNOWN" : {
        "QueueLength" : 10.0,
        "TASK_CONTAINERS" : 0.9999999999999999
      }
    },
    "AppCoordinates {com.bbn, test-service1, 1}" : {
      "UNKNOWN" : {
        "QueueLength" : 10.0,
        "TASK_CONTAINERS" : 0.9999999999999999
      }
    }
  },
  "availableServiceContainers" : 0,
  "averageProcessingTime" : { },
  "allocatedComputeCapacity" : {
    "CPU" : 8.0,
    "QueueLength" : 8000000.0,
    "TASK_CONTAINERS" : 8.0
  }
}