{
  "region" : {
    "name" : "D"
  },
  "minTimestamp" : 82485,
  "maxTimestamp" : 82485,
  "demandEstimationWindow" : "SHORT",
  "serverCapacity" : {
    "DISK" : 10.0,
    "MEMORY" : 8.0E9,
    "CPU" : 4.0,
    "TASK_CONTAINERS" : 20.0
  },
  "serverLoad" : { },
  "serverDemand" : { },
  "serverAverageProcessingTimeCount" : { },
  "serverAverageProcessingTimeSum" : { },
  "networkCapacity" : {
    "B" : {
      "DATARATE_RX" : 100.0,
      "DATARATE_TX" : 100.0
    },
    "C" : {
      "DATARATE_RX" : 100.0,
      "DATARATE_TX" : 100.0
    },
    "I" : {
      "DATARATE_RX" : 100.0,
      "DATARATE_TX" : 100.0
    }
  },
  "networkLoad" : {
    "B" : {
      "(C, A, A)" : {
        "AppCoordinates {com.bbn, test-service3, 1}" : {
          "DATARATE_TX" : 2.6199999999999965E-4,
          "DATARATE_RX" : 1.3099999999999982E-4
        },
        "AppCoordinates {com.bbn, test-service2, 1}" : {
          "DATARATE_TX" : 2.819999999999996E-4,
          "DATARATE_RX" : 1.409999999999998E-4
        },
        "AppCoordinates {com.bbn, test-service1, 1}" : {
          "DATARATE_TX" : 3.8199999999999953E-4,
          "DATARATE_RX" : 1.9099999999999976E-4
        }
      }
    },
    "C" : {
      "(A, C, A)" : {
        "AppCoordinates {com.bbn, test-service3, 1}" : {
          "DATARATE_TX" : 1.3099999999999982E-4,
          "DATARATE_RX" : 2.6199999999999965E-4
        },
        "AppCoordinates {com.bbn, test-service2, 1}" : {
          "DATARATE_TX" : 1.409999999999998E-4,
          "DATARATE_RX" : 2.819999999999996E-4
        },
        "AppCoordinates {com.bbn, test-service1, 1}" : {
          "DATARATE_TX" : 1.9099999999999976E-4,
          "DATARATE_RX" : 3.8199999999999953E-4
        }
      }
    },
    "I" : { }
  },
  "networkDemand" : {
    "B" : {
      "(C, A, A)" : {
        "AppCoordinates {com.bbn, test-service3, 1}" : {
          "DATARATE_TX" : 2.6199999999999965E-4,
          "DATARATE_RX" : 1.3099999999999982E-4
        },
        "AppCoordinates {com.bbn, test-service2, 1}" : {
          "DATARATE_TX" : 2.819999999999996E-4,
          "DATARATE_RX" : 1.409999999999998E-4
        },
        "AppCoordinates {com.bbn, test-service1, 1}" : {
          "DATARATE_TX" : 3.8199999999999953E-4,
          "DATARATE_RX" : 1.9099999999999976E-4
        }
      }
    },
    "C" : {
      "(A, C, A)" : {
        "AppCoordinates {com.bbn, test-service3, 1}" : {
          "DATARATE_TX" : 1.3099999999999982E-4,
          "DATARATE_RX" : 2.6199999999999965E-4
        },
        "AppCoordinates {com.bbn, test-service2, 1}" : {
          "DATARATE_TX" : 1.409999999999998E-4,
          "DATARATE_RX" : 2.819999999999996E-4
        },
        "AppCoordinates {com.bbn, test-service1, 1}" : {
          "DATARATE_TX" : 1.9099999999999976E-4,
          "DATARATE_RX" : 3.8199999999999953E-4
        }
      }
    },
    "I" : { }
  },
  "maximumServiceContainers" : 20,
  "allocatedServiceContainers" : 0,
  "serverAverageProcessingTime" : { },
  "availableServiceContainers" : 20,
  "nullSummary" : false
}