{
  "AppCoordinates {com.bbn, test-service3, 1}" : {
    "serverDemand" : {
      "A" : {
        "QueueLength" : 186.2704095933996,
        "TASK_CONTAINERS" : 114.37015003989293
      },
      "C" : {
        "QueueLength" : 175.41834816344698,
        "TASK_CONTAINERS" : 107.70697741523901
      },
      "E" : {
        "QueueLength" : 177.82848510240933,
        "TASK_CONTAINERS" : 116.50288050246081
      }
    }
  },
  "AppCoordinates {com.bbn, test-service2, 1}" : {
    "serverDemand" : {
      "A" : {
        "QueueLength" : 39.98822662948242,
        "TASK_CONTAINERS" : 30.223659661818107
      },
      "C" : {
        "QueueLength" : 40.61892296500119,
        "TASK_CONTAINERS" : 30.700348752617177
      },
      "E" : {
        "QueueLength" : 42.46464527731125,
        "TASK_CONTAINERS" : 32.09537143052594
      }
    }
  },
  "AppCoordinates {com.bbn, test-service1, 1}" : {
    "serverDemand" : {
      "A" : {
        "QueueLength" : 60.550862343524265,
        "TASK_CONTAINERS" : 30.275431171762133
      },
      "C" : {
        "QueueLength" : 65.16157552615047,
        "TASK_CONTAINERS" : 32.580787763075236
      },
      "E" : {
        "QueueLength" : 58.46761753198733,
        "TASK_CONTAINERS" : 29.233808765993665
      }
    }
  }
}