{
  "region" : {
    "name" : "A"
  },
  "timestamp" : 285878,
  "plan" : {
    "AppCoordinates {com.bbn, test-service3, 1}" : {
      "D" : 0.8358892039966284,
      "E" : 0.0,
      "F" : 0.0,
      "I" : 0.0,
      "J" : 0.0,
      "A" : 0.16411079600337164
    },
    "AppCoordinates {com.bbn, test-service2, 1}" : {
      "D" : 1.0,
      "E" : 0.0,
      "F" : 0.0,
      "I" : 0.0,
      "J" : 0.0,
      "A" : 0.0
    },
    "AppCoordinates {com.bbn, test-service1, 1}" : {
      "D" : 1.0,
      "E" : 0.0,
      "F" : 0.0,
      "I" : 0.0,
      "J" : 0.0,
      "A" : 0.0
    }
  }
}