{
  "region" : {
    "name" : "D"
  },
  "timestamp" : 342792,
  "servicePlan" : {
    "nodeD" : [ {
      "id" : {
        "name" : "nodeD_c00"
      },
      "service" : {
        "group" : "com.bbn",
        "artifact" : "test-service3",
        "version" : "1"
      },
      "weight" : 1.0,
      "stopTrafficTo" : false,
      "stop" : false
    }, {
      "id" : {
        "name" : "nodeD_c03"
      },
      "service" : {
        "group" : "com.bbn",
        "artifact" : "test-service3",
        "version" : "1"
      },
      "weight" : 1.0,
      "stopTrafficTo" : false,
      "stop" : false
    } ]
  },
  "overflowPlan" : {
    "AppCoordinates {com.bbn, test-service3, 1}" : {
      "A" : -0.0,
      "C" : 0.5431522749063938,
      "H" : 0.0,
      "D" : 0.45684772509360616
    },
    "AppCoordinates {com.bbn, test-service2, 1}" : {
      "A" : 0.0,
      "C" : 1.0,
      "H" : 0.0,
      "D" : 0.0
    },
    "AppCoordinates {com.bbn, test-service1, 1}" : {
      "A" : 0.0,
      "C" : 1.0,
      "H" : 0.0,
      "D" : 0.0
    }
  }
}