{
  "region" : {
    "name" : "D"
  },
  "minTimestamp" : 358993,
  "maxTimestamp" : 358993,
  "demandEstimationWindow" : "LONG",
  "serverCapacity" : {
    "DISK" : 10.0,
    "MEMORY" : 8.0E9,
    "CPU" : 4.0,
    "TASK_CONTAINERS" : 20.0
  },
  "serverLoad" : {
    "AppCoordinates {com.bbn, test-service3, 1}" : {
      "unknown" : {
        "QueueLength" : 116.0,
        "TASK_CONTAINERS" : 58.0
      }
    }
  },
  "serverDemand" : {
    "AppCoordinates {com.bbn, test-service3, 1}" : {
      "unknown" : {
        "QueueLength" : 70.72099447513813,
        "TASK_CONTAINERS" : 35.360497237569064
      }
    }
  },
  "serverAverageProcessingTimeCount" : {
    "AppCoordinates {com.bbn, test-service3, 1}" : 1
  },
  "serverAverageProcessingTimeSum" : {
    "AppCoordinates {com.bbn, test-service3, 1}" : 120000.0
  },
  "networkCapacity" : {
    "A" : {
      "DATARATE_RX" : 100.0,
      "DATARATE_TX" : 100.0
    },
    "E" : {
      "DATARATE_RX" : 100.0,
      "DATARATE_TX" : 100.0
    }
  },
  "networkLoad" : {
    "A" : {
      "(E, A, A)" : {
        "AppCoordinates {com.bbn, test-service3, 1}" : {
          "DATARATE_TX" : 5.159999999999995E-4,
          "DATARATE_RX" : 2.5799999999999977E-4
        },
        "AppCoordinates {com.bbn, test-service2, 1}" : {
          "DATARATE_TX" : 1.319999999999998E-4,
          "DATARATE_RX" : 6.59999999999999E-5
        },
        "AppCoordinates {com.bbn, test-service1, 1}" : {
          "DATARATE_TX" : 1.299999999999998E-4,
          "DATARATE_RX" : 6.49999999999999E-5
        }
      },
      "(D, A, A)" : {
        "AppCoordinates {com.bbn, test-service3, 1}" : {
          "DATARATE_TX" : 6.659999999999992E-4,
          "DATARATE_RX" : 3.329999999999996E-4
        },
        "AppCoordinates {com.bbn, test-service2, 1}" : {
          "DATARATE_TX" : 1.359999999999998E-4,
          "DATARATE_RX" : 6.79999999999999E-5
        },
        "AppCoordinates {com.bbn, test-service1, 1}" : {
          "DATARATE_TX" : 1.4599999999999975E-4,
          "DATARATE_RX" : 7.299999999999988E-5
        }
      }
    },
    "E" : {
      "(D, E, D)" : {
        "AppCoordinates {com.bbn, test-service3, 1}" : {
          "DATARATE_TX" : 4.899999999999995E-5,
          "DATARATE_RX" : 9.79999999999999E-5
        }
      },
      "(A, E, A)" : {
        "AppCoordinates {com.bbn, test-service3, 1}" : {
          "DATARATE_TX" : 2.5799999999999977E-4,
          "DATARATE_RX" : 5.159999999999995E-4
        },
        "AppCoordinates {com.bbn, test-service2, 1}" : {
          "DATARATE_TX" : 6.599999999999991E-5,
          "DATARATE_RX" : 1.3199999999999982E-4
        },
        "AppCoordinates {com.bbn, test-service1, 1}" : {
          "DATARATE_TX" : 6.49999999999999E-5,
          "DATARATE_RX" : 1.299999999999998E-4
        }
      }
    }
  },
  "networkDemand" : {
    "A" : {
      "(E, A, A)" : {
        "AppCoordinates {com.bbn, test-service3, 1}" : {
          "DATARATE_TX" : 4.544644654931043E-4,
          "DATARATE_RX" : 2.2723223274655216E-4
        },
        "AppCoordinates {com.bbn, test-service2, 1}" : {
          "DATARATE_TX" : 1.6576731301938988E-4,
          "DATARATE_RX" : 8.288365650969494E-5
        },
        "AppCoordinates {com.bbn, test-service1, 1}" : {
          "DATARATE_TX" : 2.531260854679568E-4,
          "DATARATE_RX" : 1.265630427339784E-4
        }
      },
      "(D, A, A)" : {
        "AppCoordinates {com.bbn, test-service3, 1}" : {
          "DATARATE_TX" : 5.604764811008846E-4,
          "DATARATE_RX" : 2.802382405504423E-4
        },
        "AppCoordinates {com.bbn, test-service2, 1}" : {
          "DATARATE_TX" : 1.6895290858725753E-4,
          "DATARATE_RX" : 8.447645429362877E-5
        },
        "AppCoordinates {com.bbn, test-service1, 1}" : {
          "DATARATE_TX" : 2.561556537707367E-4,
          "DATARATE_RX" : 1.2807782688536835E-4
        }
      }
    },
    "E" : {
      "(D, E, D)" : {
        "AppCoordinates {com.bbn, test-service3, 1}" : {
          "DATARATE_TX" : 2.9401662049861604E-5,
          "DATARATE_RX" : 5.880332409972321E-5
        }
      },
      "(A, E, A)" : {
        "AppCoordinates {com.bbn, test-service3, 1}" : {
          "DATARATE_TX" : 2.2723223274655216E-4,
          "DATARATE_RX" : 4.544644654931043E-4
        },
        "AppCoordinates {com.bbn, test-service2, 1}" : {
          "DATARATE_TX" : 8.288365650969493E-5,
          "DATARATE_RX" : 1.6576731301938985E-4
        },
        "AppCoordinates {com.bbn, test-service1, 1}" : {
          "DATARATE_TX" : 1.2656304273397838E-4,
          "DATARATE_RX" : 2.5312608546795677E-4
        }
      }
    }
  },
  "maximumServiceContainers" : 20,
  "allocatedServiceContainers" : 1,
  "serverAverageProcessingTime" : {
    "AppCoordinates {com.bbn, test-service3, 1}" : 120000.0
  },
  "availableServiceContainers" : 19,
  "nullSummary" : false
}