{
  "region" : {
    "name" : "C"
  },
  "minTimestamp" : 270498,
  "maxTimestamp" : 270498,
  "demandEstimationWindow" : "SHORT",
  "serverCapacity" : {
    "DISK" : 10.0,
    "MEMORY" : 1.6E10,
    "CPU" : 8.0,
    "TASK_CONTAINERS" : 8.0
  },
  "serverLoad" : {
    "AppCoordinates {com.bbn, test-service3, 1}" : {
      "unknown" : {
        "QueueLength" : 919.0,
        "TASK_CONTAINERS" : 459.5
      }
    },
    "AppCoordinates {com.bbn, test-service2, 1}" : {
      "unknown" : {
        "QueueLength" : 200.0,
        "TASK_CONTAINERS" : 100.0
      }
    },
    "AppCoordinates {com.bbn, test-service1, 1}" : {
      "unknown" : {
        "QueueLength" : 34.0,
        "TASK_CONTAINERS" : 17.0
      }
    }
  },
  "serverDemand" : {
    "AppCoordinates {com.bbn, test-service3, 1}" : {
      "unknown" : {
        "QueueLength" : 794.8571428571429,
        "TASK_CONTAINERS" : 397.42857142857144
      }
    },
    "AppCoordinates {com.bbn, test-service2, 1}" : {
      "unknown" : {
        "QueueLength" : 175.0,
        "TASK_CONTAINERS" : 87.5
      }
    },
    "AppCoordinates {com.bbn, test-service1, 1}" : {
      "unknown" : {
        "QueueLength" : 4.857142857142857,
        "TASK_CONTAINERS" : 2.4285714285714284
      }
    }
  },
  "serverAverageProcessingTimeCount" : {
    "AppCoordinates {com.bbn, test-service3, 1}" : 1,
    "AppCoordinates {com.bbn, test-service2, 1}" : 1,
    "AppCoordinates {com.bbn, test-service1, 1}" : 1
  },
  "serverAverageProcessingTimeSum" : {
    "AppCoordinates {com.bbn, test-service3, 1}" : 120000.0,
    "AppCoordinates {com.bbn, test-service2, 1}" : 120000.0,
    "AppCoordinates {com.bbn, test-service1, 1}" : 120000.0
  },
  "networkCapacity" : {
    "A" : {
      "DATARATE_RX" : 100.0,
      "DATARATE_TX" : 100.0
    },
    "D" : {
      "DATARATE_RX" : 100.0,
      "DATARATE_TX" : 100.0
    },
    "E" : {
      "DATARATE_RX" : 100.0,
      "DATARATE_TX" : 100.0
    }
  },
  "networkLoad" : {
    "A" : {
      "(C, A, C)" : {
        "AppCoordinates {com.bbn, test-service3, 1}" : {
          "DATARATE_TX" : 3.089999999999996E-4,
          "DATARATE_RX" : 6.179999999999992E-4
        },
        "AppCoordinates {com.bbn, test-service2, 1}" : {
          "DATARATE_TX" : 6.699999999999991E-5,
          "DATARATE_RX" : 1.3399999999999981E-4
        },
        "AppCoordinates {com.bbn, test-service1, 1}" : {
          "DATARATE_TX" : 1.0999999999999988E-5,
          "DATARATE_RX" : 2.1999999999999976E-5
        }
      }
    },
    "D" : { },
    "E" : {
      "(C, E, C)" : {
        "AppCoordinates {com.bbn, test-service3, 1}" : {
          "DATARATE_TX" : 2.9299999999999964E-4,
          "DATARATE_RX" : 5.859999999999993E-4
        },
        "AppCoordinates {com.bbn, test-service2, 1}" : {
          "DATARATE_TX" : 6.59999999999999E-5,
          "DATARATE_RX" : 1.319999999999998E-4
        },
        "AppCoordinates {com.bbn, test-service1, 1}" : {
          "DATARATE_TX" : 1.1999999999999987E-5,
          "DATARATE_RX" : 2.3999999999999974E-5
        }
      }
    }
  },
  "networkDemand" : {
    "A" : {
      "(C, A, C)" : {
        "AppCoordinates {com.bbn, test-service3, 1}" : {
          "DATARATE_TX" : 3.089999999999996E-4,
          "DATARATE_RX" : 6.179999999999992E-4
        },
        "AppCoordinates {com.bbn, test-service2, 1}" : {
          "DATARATE_TX" : 6.699999999999991E-5,
          "DATARATE_RX" : 1.3399999999999981E-4
        },
        "AppCoordinates {com.bbn, test-service1, 1}" : {
          "DATARATE_TX" : 1.57142857142856E-6,
          "DATARATE_RX" : 3.14285714285712E-6
        }
      }
    },
    "D" : { },
    "E" : {
      "(C, E, C)" : {
        "AppCoordinates {com.bbn, test-service3, 1}" : {
          "DATARATE_TX" : 2.9299999999999964E-4,
          "DATARATE_RX" : 5.859999999999993E-4
        },
        "AppCoordinates {com.bbn, test-service2, 1}" : {
          "DATARATE_TX" : 6.59999999999999E-5,
          "DATARATE_RX" : 1.319999999999998E-4
        },
        "AppCoordinates {com.bbn, test-service1, 1}" : {
          "DATARATE_TX" : 1.7142857142856994E-6,
          "DATARATE_RX" : 3.428571428571399E-6
        }
      }
    }
  },
  "maximumServiceContainers" : 8,
  "allocatedServiceContainers" : 8,
  "serverAverageProcessingTime" : {
    "AppCoordinates {com.bbn, test-service3, 1}" : 120000.0,
    "AppCoordinates {com.bbn, test-service2, 1}" : 120000.0,
    "AppCoordinates {com.bbn, test-service1, 1}" : 120000.0
  },
  "availableServiceContainers" : 0,
  "nullSummary" : false
}