234,1,DNS_UPDATE_SUCCEEDED
40850,82,DCOP_PLAN_PLUBLIED
40857,82,RLG_PLAN_PUBLISHED
41345,83,DNS_UPDATE_SUCCEEDED
221029,439,DCOP_PLAN_PLUBLIED
221120,439,RLG_PLAN_PUBLISHED
221371,440,DNS_UPDATE_SUCCEEDED
460975,915,DCOP_PLAN_PLUBLIED
461466,916,RLG_PLAN_PUBLISHED
461927,917,DNS_UPDATE_SUCCEEDED
580944,1152,DCOP_PLAN_PLUBLIED
581656,1154,RLG_PLAN_PUBLISHED
582015,1155,DNS_UPDATE_SUCCEEDED
584660,1160,RLG_PLAN_PUBLISHED
700911,1389,DCOP_PLAN_PLUBLIED
701933,1391,RLG_PLAN_PUBLISHED
702294,1392,DNS_UPDATE_SUCCEEDED
702804,1393,DNS_UPDATE_SUCCEEDED
704938,1397,RLG_PLAN_PUBLISHED
705355,1398,DNS_UPDATE_SUCCEEDED
753077,1491,RLG_PLAN_PUBLISHED
753099,1492,DNS_UPDATE_SUCCEEDED
753624,1493,DNS_UPDATE_SUCCEEDED
756085,1497,RLG_PLAN_PUBLISHED
756153,1498,DNS_UPDATE_SUCCEEDED
820975,1625,DCOP_PLAN_PLUBLIED
822244,1628,RLG_PLAN_PUBLISHED
822709,1629,DNS_UPDATE_SUCCEEDED
825248,1634,RLG_PLAN_PUBLISHED
940913,1861,DCOP_PLAN_PLUBLIED
942527,1864,RLG_PLAN_PUBLISHED
942596,1865,DNS_UPDATE_SUCCEEDED
943099,1866,DNS_UPDATE_SUCCEEDED
945534,1870,RLG_PLAN_PUBLISHED
945638,1871,DNS_UPDATE_SUCCEEDED
993658,1965,RLG_PLAN_PUBLISHED
993874,1966,DNS_UPDATE_SUCCEEDED
994401,1967,DNS_UPDATE_SUCCEEDED
996668,1971,RLG_PLAN_PUBLISHED
996923,1972,DNS_UPDATE_SUCCEEDED
1301051,2573,DCOP_PLAN_PLUBLIED
1303201,2578,RLG_PLAN_PUBLISHED
1303580,2579,DNS_UPDATE_SUCCEEDED
1420940,2811,DCOP_PLAN_PLUBLIED
1423324,2816,RLG_PLAN_PUBLISHED
1423467,2817,DNS_UPDATE_SUCCEEDED
1781058,3526,DCOP_PLAN_PLUBLIED
1783792,3531,RLG_PLAN_PUBLISHED
1784020,3532,DNS_UPDATE_SUCCEEDED
1786796,3537,RLG_PLAN_PUBLISHED
