{
  "region" : {
    "name" : "A"
  },
  "timestamp" : 303850,
  "servicePlan" : {
    "nodeA" : [ {
      "id" : {
        "name" : "nodeA_c01"
      },
      "service" : {
        "group" : "com.bbn",
        "artifact" : "test-service3",
        "version" : "1"
      },
      "weight" : 1.0,
      "stopTrafficTo" : false,
      "stop" : false
    } ]
  },
  "overflowPlan" : {
    "AppCoordinates {com.bbn, test-service3, 1}" : {
      "B" : 0.0,
      "C" : 0.0,
      "D" : 0.0,
      "J" : 0.8935679143967432,
      "A" : 0.10643208560325679
    },
    "AppCoordinates {com.bbn, test-service2, 1}" : {
      "B" : 0.0,
      "C" : 0.0,
      "D" : 0.0,
      "J" : 1.0,
      "A" : 0.0
    },
    "AppCoordinates {com.bbn, test-service1, 1}" : {
      "B" : 0.0,
      "C" : 0.0,
      "D" : 0.0,
      "J" : 1.0,
      "A" : 0.0
    }
  }
}