{
  "region" : {
    "name" : "B"
  },
  "minTimestamp" : 80997,
  "maxTimestamp" : 80997,
  "demandEstimationWindow" : "SHORT",
  "serverCapacity" : {
    "DISK" : 10.0,
    "MEMORY" : 8.0E9,
    "CPU" : 4.0,
    "TASK_CONTAINERS" : 20.0
  },
  "serverLoad" : { },
  "serverDemand" : { },
  "serverAverageProcessingTimeCount" : { },
  "serverAverageProcessingTimeSum" : { },
  "networkCapacity" : {
    "C" : {
      "DATARATE_RX" : 100.0,
      "DATARATE_TX" : 100.0
    },
    "E" : {
      "DATARATE_RX" : 100.0,
      "DATARATE_TX" : 100.0
    }
  },
  "networkLoad" : {
    "C" : {
      "(B, C, C)" : {
        "AppCoordinates {com.bbn, test-service3, 1}" : {
          "DATARATE_TX" : 2.799999999999996E-4,
          "DATARATE_RX" : 1.399999999999998E-4
        },
        "AppCoordinates {com.bbn, test-service2, 1}" : {
          "DATARATE_TX" : 2.5799999999999966E-4,
          "DATARATE_RX" : 1.2899999999999983E-4
        },
        "AppCoordinates {com.bbn, test-service1, 1}" : {
          "DATARATE_TX" : 3.7799999999999954E-4,
          "DATARATE_RX" : 1.8899999999999977E-4
        }
      }
    },
    "E" : { }
  },
  "networkDemand" : {
    "C" : {
      "(B, C, C)" : {
        "AppCoordinates {com.bbn, test-service3, 1}" : {
          "DATARATE_TX" : 2.799999999999996E-4,
          "DATARATE_RX" : 1.399999999999998E-4
        },
        "AppCoordinates {com.bbn, test-service2, 1}" : {
          "DATARATE_TX" : 2.5799999999999966E-4,
          "DATARATE_RX" : 1.2899999999999983E-4
        },
        "AppCoordinates {com.bbn, test-service1, 1}" : {
          "DATARATE_TX" : 3.7799999999999954E-4,
          "DATARATE_RX" : 1.8899999999999977E-4
        }
      }
    },
    "E" : { }
  },
  "maximumServiceContainers" : 20,
  "allocatedServiceContainers" : 0,
  "serverAverageProcessingTime" : { },
  "availableServiceContainers" : 20,
  "nullSummary" : false
}