{
  "clientName" : "clientPoolI",
  "clientRegion" : {
    "name" : "I"
  },
  "numRequestsAttempted" : 5200,
  "numRequestsSucceeded" : 3806,
  "numRequestsFailedForServerLoad" : 1394,
  "numRequestsFailedForNetworkLoad" : 0,
  "numRequestsSlowForServerLoad" : 854,
  "numRequestsSlowForNetworkLoad" : 0,
  "numRequestsSlowForNetworkAndServerLoad" : 0,
  "numRequestsServicedByRegion" : {
    "A" : 58,
    "B" : 845,
    "C" : 875,
    "H" : 812,
    "I" : 1216
  },
  "numRequestsFailedForDownNode" : 0
}