480,1,DNS_UPDATE_SUCCEEDED
534,2,DCOP_PLAN_PLUBLIED
562,2,RLG_PLAN_PUBLISHED
105730,212,DCOP_PLAN_PLUBLIED
108519,217,RLG_PLAN_PUBLISHED
108590,218,DNS_UPDATE_SUCCEEDED
109090,219,DNS_UPDATE_SUCCEEDED
111515,223,RLG_PLAN_PUBLISHED
111591,224,DNS_UPDATE_SUCCEEDED
165524,331,RLG_PLAN_PUBLISHED
165621,332,DNS_UPDATE_SUCCEEDED
166121,333,DNS_UPDATE_SUCCEEDED
168523,337,RLG_PLAN_PUBLISHED
168621,338,DNS_UPDATE_SUCCEEDED
183526,367,RLG_PLAN_PUBLISHED
183627,368,DNS_UPDATE_SUCCEEDED
186527,373,RLG_PLAN_PUBLISHED
186624,374,DNS_UPDATE_SUCCEEDED
187128,375,DNS_UPDATE_SUCCEEDED
189526,379,RLG_PLAN_PUBLISHED
189629,380,DNS_UPDATE_SUCCEEDED
630003,1261,DNS_UPDATE_SUCCEEDED
