{
  "AppCoordinates {com.bbn, test-service3, 1}" : {
    "serverDemand" : {
      "J" : {
        "QueueLength" : 3.8872809002420277,
        "TASK_CONTAINERS" : 0.6916133456626341
      },
      "K" : {
        "QueueLength" : 3.328665338044052,
        "TASK_CONTAINERS" : 0.592226142158277
      },
      "L" : {
        "QueueLength" : 3.8731669432184077,
        "TASK_CONTAINERS" : 0.6891022328081357
      }
    }
  },
  "AppCoordinates {com.bbn, test-service2, 1}" : {
    "serverDemand" : {
      "J" : {
        "QueueLength" : 2.812994720186683,
        "TASK_CONTAINERS" : 0.495242959328517
      },
      "K" : {
        "QueueLength" : 3.937003181318359,
        "TASK_CONTAINERS" : 0.6931307380031251
      },
      "L" : {
        "QueueLength" : 4.496033844526706,
        "TASK_CONTAINERS" : 0.7915511146984329
      }
    }
  },
  "AppCoordinates {com.bbn, test-service1, 1}" : {
    "serverDemand" : {
      "J" : {
        "QueueLength" : 3.402313764003479,
        "TASK_CONTAINERS" : 0.5940476389330165
      },
      "K" : {
        "QueueLength" : 3.402313764003479,
        "TASK_CONTAINERS" : 0.5940476389330165
      },
      "L" : {
        "QueueLength" : 4.5394028377625375,
        "TASK_CONTAINERS" : 0.7925846129974722
      }
    }
  }
}