{
  "region" : {
    "name" : "J"
  },
  "minTimestamp" : 51994,
  "maxTimestamp" : 51994,
  "demandEstimationWindow" : "LONG",
  "serverCapacity" : {
    "DISK" : 10.0,
    "MEMORY" : 1.6E10,
    "CPU" : 8.0,
    "TASK_CONTAINERS" : 8.0
  },
  "serverLoad" : {
    "AppCoordinates {com.bbn, test-service3, 1}" : {
      "unknown" : {
        "QueueLength" : 0.0
      }
    },
    "AppCoordinates {com.bbn, test-service2, 1}" : {
      "unknown" : {
        "QueueLength" : 363.0,
        "TASK_CONTAINERS" : 181.5
      }
    },
    "AppCoordinates {com.bbn, test-service1, 1}" : {
      "unknown" : {
        "QueueLength" : 400.0,
        "TASK_CONTAINERS" : 200.0
      }
    }
  },
  "serverDemand" : {
    "AppCoordinates {com.bbn, test-service3, 1}" : {
      "unknown" : {
        "QueueLength" : 0.0
      }
    },
    "AppCoordinates {com.bbn, test-service2, 1}" : {
      "unknown" : {
        "QueueLength" : 89.25681341719077,
        "TASK_CONTAINERS" : 122.56766917293234
      }
    },
    "AppCoordinates {com.bbn, test-service1, 1}" : {
      "unknown" : {
        "QueueLength" : 241.01356132075472,
        "TASK_CONTAINERS" : 179.5611111111111
      }
    }
  },
  "serverAverageProcessingTimeCount" : { },
  "serverAverageProcessingTimeSum" : { },
  "networkCapacity" : {
    "B" : {
      "DATARATE_RX" : 100.0,
      "DATARATE_TX" : 100.0
    },
    "D" : {
      "DATARATE_RX" : 100.0,
      "DATARATE_TX" : 100.0
    },
    "G" : {
      "DATARATE_RX" : 100.0,
      "DATARATE_TX" : 100.0
    }
  },
  "networkLoad" : {
    "B" : { },
    "D" : {
      "(J, I, J)" : {
        "AppCoordinates {com.bbn, test-service2, 1}" : {
          "DATARATE_TX" : 1.1999999999999985E-4,
          "DATARATE_RX" : 2.399999999999997E-4
        },
        "AppCoordinates {com.bbn, test-service1, 1}" : {
          "DATARATE_TX" : 1.369999999999998E-4,
          "DATARATE_RX" : 2.739999999999996E-4
        }
      },
      "(J, D, J)" : {
        "AppCoordinates {com.bbn, test-service2, 1}" : {
          "DATARATE_TX" : 1.2299999999999985E-4,
          "DATARATE_RX" : 2.459999999999997E-4
        },
        "AppCoordinates {com.bbn, test-service1, 1}" : {
          "DATARATE_TX" : 1.2899999999999983E-4,
          "DATARATE_RX" : 2.5799999999999966E-4
        }
      }
    },
    "G" : { }
  },
  "networkDemand" : {
    "B" : { },
    "D" : {
      "(J, I, J)" : {
        "AppCoordinates {com.bbn, test-service2, 1}" : {
          "DATARATE_TX" : 8.811111111111103E-5,
          "DATARATE_RX" : 1.7622222222222206E-4
        },
        "AppCoordinates {com.bbn, test-service1, 1}" : {
          "DATARATE_TX" : 1.2649373040752335E-4,
          "DATARATE_RX" : 2.529874608150467E-4
        }
      },
      "(J, D, J)" : {
        "AppCoordinates {com.bbn, test-service2, 1}" : {
          "DATARATE_TX" : 9.077777777777768E-5,
          "DATARATE_RX" : 1.8155555555555535E-4
        },
        "AppCoordinates {com.bbn, test-service1, 1}" : {
          "DATARATE_TX" : 1.1968965517241366E-4,
          "DATARATE_RX" : 2.3937931034482732E-4
        }
      }
    },
    "G" : { }
  },
  "maximumServiceContainers" : 8,
  "allocatedServiceContainers" : 6,
  "serverAverageProcessingTime" : { },
  "availableServiceContainers" : 2,
  "nullSummary" : false
}