{
  "nodeName" : {
    "name" : "nodeJ"
  },
  "timestamp" : 265994,
  "demandEstimationWindow" : "LONG",
  "nodeComputeCapacity" : {
    "CPU" : 8.0,
    "MEMORY" : 1.6E10,
    "DISK" : 10.0,
    "TASK_CONTAINERS" : 8.0
  },
  "networkCapacity" : {
    "interface-nodeD ( nodeD )" : {
      "DATARATE_RX" : 100.0,
      "DATARATE_TX" : 100.0
    },
    "interface-nodeB ( nodeB )" : {
      "DATARATE_RX" : 100.0,
      "DATARATE_TX" : 100.0
    },
    "interface-nodeG ( nodeG )" : {
      "DATARATE_RX" : 100.0,
      "DATARATE_TX" : 100.0
    }
  },
  "networkLoad" : {
    "interface-nodeD ( nodeD )" : {
      "(nodeJ_c07, clientPoolD, nodeJ_c07)" : {
        "AppCoordinates {com.bbn, test-service2, 1}" : {
          "DATARATE_TX" : 3.999999999999998E-5,
          "DATARATE_RX" : 7.999999999999997E-5
        },
        "AppCoordinates {com.bbn, test-service1, 1}" : {
          "DATARATE_TX" : -3.8116482626443515E-21,
          "DATARATE_RX" : -7.623296525288703E-21
        }
      },
      "(nodeJ_c04, clientPoolD, nodeJ_c04)" : {
        "AppCoordinates {com.bbn, test-service3, 1}" : {
          "DATARATE_TX" : 1.999999999999996E-6,
          "DATARATE_RX" : 3.999999999999992E-6
        }
      },
      "(nodeJ_c03, clientPoolD, nodeJ_c03)" : {
        "AppCoordinates {com.bbn, test-service3, 1}" : {
          "DATARATE_TX" : 5.2999999999999947E-5,
          "DATARATE_RX" : 1.0599999999999989E-4
        },
        "AppCoordinates {com.bbn, test-service1, 1}" : {
          "DATARATE_TX" : -3.8116482626443515E-21,
          "DATARATE_RX" : -7.623296525288703E-21
        }
      },
      "(nodeJ_c06, clientPoolD, nodeJ_c06)" : {
        "AppCoordinates {com.bbn, test-service3, 1}" : {
          "DATARATE_TX" : 7.399999999999989E-5,
          "DATARATE_RX" : 1.4799999999999978E-4
        },
        "AppCoordinates {com.bbn, test-service2, 1}" : {
          "DATARATE_TX" : -4.2351647362715017E-22,
          "DATARATE_RX" : -8.470329472543003E-22
        }
      },
      "(nodeJ_c05, clientPoolD, nodeJ_c05)" : {
        "AppCoordinates {com.bbn, test-service2, 1}" : {
          "DATARATE_TX" : 6.699999999999992E-5,
          "DATARATE_RX" : 1.3399999999999984E-4
        }
      },
      "(nodeJ_c05, clientPoolI, nodeJ_c05)" : {
        "AppCoordinates {com.bbn, test-service2, 1}" : {
          "DATARATE_TX" : 6.599999999999992E-5,
          "DATARATE_RX" : 1.3199999999999985E-4
        }
      },
      "(nodeJ_c00, clientPoolD, nodeJ_c00)" : {
        "AppCoordinates {com.bbn, test-service1, 1}" : {
          "DATARATE_TX" : -3.8116482626443515E-21,
          "DATARATE_RX" : -7.623296525288703E-21
        }
      },
      "(nodeJ_c04, clientPoolI, nodeJ_c04)" : {
        "AppCoordinates {com.bbn, test-service3, 1}" : {
          "DATARATE_TX" : 2.999999999999996E-6,
          "DATARATE_RX" : 5.999999999999992E-6
        }
      },
      "(nodeJ_c07, clientPoolI, nodeJ_c07)" : {
        "AppCoordinates {com.bbn, test-service2, 1}" : {
          "DATARATE_TX" : 4.399999999999997E-5,
          "DATARATE_RX" : 8.799999999999994E-5
        },
        "AppCoordinates {com.bbn, test-service1, 1}" : {
          "DATARATE_TX" : -3.8116482626443515E-21,
          "DATARATE_RX" : -7.623296525288703E-21
        }
      },
      "(nodeJ_c02, clientPoolD, nodeJ_c02)" : {
        "AppCoordinates {com.bbn, test-service3, 1}" : {
          "DATARATE_TX" : 6.0999999999999924E-5,
          "DATARATE_RX" : 1.2199999999999985E-4
        }
      },
      "(nodeJ_c06, clientPoolI, nodeJ_c06)" : {
        "AppCoordinates {com.bbn, test-service3, 1}" : {
          "DATARATE_TX" : 6.199999999999992E-5,
          "DATARATE_RX" : 1.2399999999999984E-4
        },
        "AppCoordinates {com.bbn, test-service2, 1}" : {
          "DATARATE_TX" : -3.8116482626443515E-21,
          "DATARATE_RX" : -7.623296525288703E-21
        }
      },
      "(nodeJ_c01, clientPoolD, nodeJ_c01)" : {
        "AppCoordinates {com.bbn, test-service3, 1}" : {
          "DATARATE_TX" : 7.899999999999987E-5,
          "DATARATE_RX" : 1.5799999999999975E-4
        },
        "AppCoordinates {com.bbn, test-service2, 1}" : {
          "DATARATE_TX" : -3.8116482626443515E-21,
          "DATARATE_RX" : -7.623296525288703E-21
        }
      },
      "(nodeJ_c01, clientPoolI, nodeJ_c01)" : {
        "AppCoordinates {com.bbn, test-service3, 1}" : {
          "DATARATE_TX" : 5.099999999999995E-5,
          "DATARATE_RX" : 1.019999999999999E-4
        },
        "AppCoordinates {com.bbn, test-service2, 1}" : {
          "DATARATE_TX" : -3.8116482626443515E-21,
          "DATARATE_RX" : -7.623296525288703E-21
        }
      },
      "(nodeJ_c00, clientPoolI, nodeJ_c00)" : {
        "AppCoordinates {com.bbn, test-service1, 1}" : {
          "DATARATE_TX" : -3.8116482626443515E-21,
          "DATARATE_RX" : -7.623296525288703E-21
        }
      },
      "(nodeJ_c03, clientPoolI, nodeJ_c03)" : {
        "AppCoordinates {com.bbn, test-service3, 1}" : {
          "DATARATE_TX" : 7.09999999999999E-5,
          "DATARATE_RX" : 1.419999999999998E-4
        },
        "AppCoordinates {com.bbn, test-service1, 1}" : {
          "DATARATE_TX" : -3.8116482626443515E-21,
          "DATARATE_RX" : -7.623296525288703E-21
        }
      },
      "(nodeJ_c02, clientPoolI, nodeJ_c02)" : {
        "AppCoordinates {com.bbn, test-service3, 1}" : {
          "DATARATE_TX" : 5.6999999999999935E-5,
          "DATARATE_RX" : 1.1399999999999987E-4
        }
      }
    },
    "interface-nodeB ( nodeB )" : { },
    "interface-nodeG ( nodeG )" : { }
  },
  "networkDemand" : {
    "interface-nodeD ( nodeD )" : {
      "(nodeJ_c07, clientPoolD, nodeJ_c07)" : {
        "AppCoordinates {com.bbn, test-service2, 1}" : {
          "DATARATE_TX" : 1.334466019417472E-5,
          "DATARATE_RX" : 2.668932038834944E-5
        },
        "AppCoordinates {com.bbn, test-service1, 1}" : {
          "DATARATE_TX" : 2.0792613636363646E-5,
          "DATARATE_RX" : 4.158522727272729E-5
        }
      },
      "(nodeJ_c04, clientPoolD, nodeJ_c04)" : {
        "AppCoordinates {com.bbn, test-service3, 1}" : {
          "DATARATE_TX" : 3.7584487534626146E-5,
          "DATARATE_RX" : 7.516897506925229E-5
        }
      },
      "(nodeJ_c03, clientPoolD, nodeJ_c03)" : {
        "AppCoordinates {com.bbn, test-service3, 1}" : {
          "DATARATE_TX" : 5.0897058823529277E-5,
          "DATARATE_RX" : 1.0179411764705855E-4
        },
        "AppCoordinates {com.bbn, test-service1, 1}" : {
          "DATARATE_TX" : 1.9324099722991634E-5,
          "DATARATE_RX" : 3.864819944598327E-5
        }
      },
      "(nodeJ_c06, clientPoolD, nodeJ_c06)" : {
        "AppCoordinates {com.bbn, test-service3, 1}" : {
          "DATARATE_TX" : 3.760333333333327E-5,
          "DATARATE_RX" : 7.520666666666654E-5
        },
        "AppCoordinates {com.bbn, test-service2, 1}" : {
          "DATARATE_TX" : 4.7063711911357385E-6,
          "DATARATE_RX" : 9.412742382271477E-6
        }
      },
      "(nodeJ_c05, clientPoolD, nodeJ_c05)" : {
        "AppCoordinates {com.bbn, test-service2, 1}" : {
          "DATARATE_TX" : 6.745429362880886E-5,
          "DATARATE_RX" : 1.3490858725761771E-4
        }
      },
      "(nodeJ_c00, clientPoolD, nodeJ_c00)" : {
        "AppCoordinates {com.bbn, test-service1, 1}" : {
          "DATARATE_TX" : 4.5299168975069215E-5,
          "DATARATE_RX" : 9.059833795013843E-5
        }
      },
      "(nodeJ_c05, clientPoolI, nodeJ_c05)" : {
        "AppCoordinates {com.bbn, test-service2, 1}" : {
          "DATARATE_TX" : 7.010526315789472E-5,
          "DATARATE_RX" : 1.4021052631578944E-4
        }
      },
      "(nodeJ_c04, clientPoolI, nodeJ_c04)" : {
        "AppCoordinates {com.bbn, test-service3, 1}" : {
          "DATARATE_TX" : 2.6559556786703617E-5,
          "DATARATE_RX" : 5.3119113573407234E-5
        }
      },
      "(nodeJ_c02, clientPoolD, nodeJ_c02)" : {
        "AppCoordinates {com.bbn, test-service3, 1}" : {
          "DATARATE_TX" : 3.886980609418269E-5,
          "DATARATE_RX" : 7.773961218836539E-5
        }
      },
      "(nodeJ_c07, clientPoolI, nodeJ_c07)" : {
        "AppCoordinates {com.bbn, test-service2, 1}" : {
          "DATARATE_TX" : 1.3810679611650498E-5,
          "DATARATE_RX" : 2.7621359223300996E-5
        },
        "AppCoordinates {com.bbn, test-service1, 1}" : {
          "DATARATE_TX" : 2.3863636363636318E-5,
          "DATARATE_RX" : 4.7727272727272636E-5
        }
      },
      "(nodeJ_c01, clientPoolD, nodeJ_c01)" : {
        "AppCoordinates {com.bbn, test-service3, 1}" : {
          "DATARATE_TX" : 3.503846153846148E-5,
          "DATARATE_RX" : 7.007692307692296E-5
        },
        "AppCoordinates {com.bbn, test-service2, 1}" : {
          "DATARATE_TX" : 2.8470914127423852E-5,
          "DATARATE_RX" : 5.6941828254847705E-5
        }
      },
      "(nodeJ_c06, clientPoolI, nodeJ_c06)" : {
        "AppCoordinates {com.bbn, test-service3, 1}" : {
          "DATARATE_TX" : 1.403092783505154E-5,
          "DATARATE_RX" : 2.806185567010308E-5
        },
        "AppCoordinates {com.bbn, test-service2, 1}" : {
          "DATARATE_TX" : 5.210526315789473E-6,
          "DATARATE_RX" : 1.0421052631578946E-5
        }
      },
      "(nodeJ_c01, clientPoolI, nodeJ_c01)" : {
        "AppCoordinates {com.bbn, test-service3, 1}" : {
          "DATARATE_TX" : 2.4499999999999938E-5,
          "DATARATE_RX" : 4.8999999999999876E-5
        },
        "AppCoordinates {com.bbn, test-service2, 1}" : {
          "DATARATE_TX" : 2.8709141274238218E-5,
          "DATARATE_RX" : 5.7418282548476435E-5
        }
      },
      "(nodeJ_c00, clientPoolI, nodeJ_c00)" : {
        "AppCoordinates {com.bbn, test-service1, 1}" : {
          "DATARATE_TX" : 4.530747922437672E-5,
          "DATARATE_RX" : 9.061495844875344E-5
        }
      },
      "(nodeJ_c03, clientPoolI, nodeJ_c03)" : {
        "AppCoordinates {com.bbn, test-service3, 1}" : {
          "DATARATE_TX" : 3.573846153846153E-5,
          "DATARATE_RX" : 7.147692307692306E-5
        },
        "AppCoordinates {com.bbn, test-service1, 1}" : {
          "DATARATE_TX" : 2.4861495844875336E-5,
          "DATARATE_RX" : 4.972299168975067E-5
        }
      },
      "(nodeJ_c02, clientPoolI, nodeJ_c02)" : {
        "AppCoordinates {com.bbn, test-service3, 1}" : {
          "DATARATE_TX" : 1.8340720221606638E-5,
          "DATARATE_RX" : 3.6681440443213276E-5
        }
      }
    },
    "interface-nodeB ( nodeB )" : { },
    "interface-nodeG ( nodeG )" : { }
  },
  "containerReports" : {
    "nodeJ_c05" : {
      "containerName" : {
        "name" : "nodeJ_c05"
      },
      "timestamp" : 265994,
      "service" : {
        "group" : "com.bbn",
        "artifact" : "test-service2",
        "version" : "1"
      },
      "serviceStatus" : "RUNNING",
      "demandEstimationWindow" : "LONG",
      "computeCapacity" : {
        "CPU" : 1.0,
        "TASK_CONTAINERS" : 100.0,
        "QueueLength" : 1000000.0
      },
      "computeLoad" : {
        "UNKNOWN" : {
          "QueueLength" : 200.0,
          "TASK_CONTAINERS" : 100.0
        }
      },
      "computeDemand" : {
        "UNKNOWN" : {
          "QueueLength" : 144.77818181818182,
          "TASK_CONTAINERS" : 85.43776824034335
        }
      },
      "averageProcessingTime" : 120000.0,
      "networkCapacity" : {
        "interface-nodeJ ( nodeJ )" : {
          "DATARATE_TX" : 100.0,
          "DATARATE_RX" : 100.0
        }
      },
      "networkLoad" : {
        "interface-nodeJ ( nodeJ )" : {
          "(clientPoolD, nodeJ_c05, nodeJ_c05)" : {
            "AppCoordinates {com.bbn, test-service2, 1}" : {
              "DATARATE_TX" : 7.200000000000045E-4,
              "DATARATE_RX" : 3.6000000000000225E-4
            }
          },
          "(clientPoolI, nodeJ_c05, nodeJ_c05)" : {
            "AppCoordinates {com.bbn, test-service2, 1}" : {
              "DATARATE_TX" : 7.120000000000043E-4,
              "DATARATE_RX" : 3.5600000000000215E-4
            }
          },
          "(clientPoolJ, nodeJ_c05, nodeJ_c05)" : {
            "AppCoordinates {com.bbn, test-service2, 1}" : {
              "DATARATE_TX" : 7.140000000000043E-4,
              "DATARATE_RX" : 3.5700000000000217E-4
            }
          }
        }
      },
      "networkDemand" : {
        "interface-nodeJ ( nodeJ )" : {
          "(clientPoolD, nodeJ_c05, nodeJ_c05)" : {
            "AppCoordinates {com.bbn, test-service2, 1}" : {
              "DATARATE_TX" : 4.0143965517241406E-4,
              "DATARATE_RX" : 2.0071982758620703E-4
            }
          },
          "(clientPoolI, nodeJ_c05, nodeJ_c05)" : {
            "AppCoordinates {com.bbn, test-service2, 1}" : {
              "DATARATE_TX" : 4.1182758620689783E-4,
              "DATARATE_RX" : 2.0591379310344891E-4
            }
          },
          "(clientPoolJ, nodeJ_c05, nodeJ_c05)" : {
            "AppCoordinates {com.bbn, test-service2, 1}" : {
              "DATARATE_TX" : 4.247931034482772E-4,
              "DATARATE_RX" : 2.123965517241386E-4
            }
          }
        }
      }
    },
    "nodeJ_c04" : {
      "containerName" : {
        "name" : "nodeJ_c04"
      },
      "timestamp" : 265995,
      "service" : {
        "group" : "com.bbn",
        "artifact" : "test-service3",
        "version" : "1"
      },
      "serviceStatus" : "RUNNING",
      "demandEstimationWindow" : "LONG",
      "computeCapacity" : {
        "CPU" : 1.0,
        "TASK_CONTAINERS" : 100.0,
        "QueueLength" : 1000000.0
      },
      "computeLoad" : {
        "UNKNOWN" : {
          "QueueLength" : 0.0
        }
      },
      "computeDemand" : {
        "UNKNOWN" : {
          "QueueLength" : 0.0
        }
      },
      "averageProcessingTime" : "NaN",
      "networkCapacity" : {
        "interface-nodeJ ( nodeJ )" : {
          "DATARATE_TX" : 100.0,
          "DATARATE_RX" : 100.0
        }
      },
      "networkLoad" : {
        "interface-nodeJ ( nodeJ )" : { }
      },
      "networkDemand" : {
        "interface-nodeJ ( nodeJ )" : { }
      }
    },
    "nodeJ_c07" : {
      "containerName" : {
        "name" : "nodeJ_c07"
      },
      "timestamp" : 265996,
      "service" : {
        "group" : "com.bbn",
        "artifact" : "test-service3",
        "version" : "1"
      },
      "serviceStatus" : "RUNNING",
      "demandEstimationWindow" : "LONG",
      "computeCapacity" : {
        "CPU" : 1.0,
        "TASK_CONTAINERS" : 100.0,
        "QueueLength" : 1000000.0
      },
      "computeLoad" : {
        "UNKNOWN" : {
          "QueueLength" : 0.0
        }
      },
      "computeDemand" : {
        "UNKNOWN" : {
          "QueueLength" : 0.0
        }
      },
      "averageProcessingTime" : "NaN",
      "networkCapacity" : {
        "interface-nodeJ ( nodeJ )" : {
          "DATARATE_TX" : 100.0,
          "DATARATE_RX" : 100.0
        }
      },
      "networkLoad" : {
        "interface-nodeJ ( nodeJ )" : { }
      },
      "networkDemand" : {
        "interface-nodeJ ( nodeJ )" : { }
      }
    },
    "nodeJ_c06" : {
      "containerName" : {
        "name" : "nodeJ_c06"
      },
      "timestamp" : 265996,
      "service" : {
        "group" : "com.bbn",
        "artifact" : "test-service3",
        "version" : "1"
      },
      "serviceStatus" : "RUNNING",
      "demandEstimationWindow" : "LONG",
      "computeCapacity" : {
        "CPU" : 1.0,
        "TASK_CONTAINERS" : 100.0,
        "QueueLength" : 1000000.0
      },
      "computeLoad" : {
        "UNKNOWN" : {
          "QueueLength" : 200.0,
          "TASK_CONTAINERS" : 100.0
        }
      },
      "computeDemand" : {
        "UNKNOWN" : {
          "QueueLength" : 93.08587257617728,
          "TASK_CONTAINERS" : 55.820598006644516
        }
      },
      "averageProcessingTime" : 120000.0,
      "networkCapacity" : {
        "interface-nodeJ ( nodeJ )" : {
          "DATARATE_TX" : 100.0,
          "DATARATE_RX" : 100.0
        }
      },
      "networkLoad" : {
        "interface-nodeJ ( nodeJ )" : {
          "(clientPoolD, nodeJ_c06, nodeJ_c06)" : {
            "AppCoordinates {com.bbn, test-service3, 1}" : {
              "DATARATE_TX" : 1.8599999999999967E-4,
              "DATARATE_RX" : 9.299999999999983E-5
            }
          },
          "(clientPoolI, nodeJ_c06, nodeJ_c06)" : {
            "AppCoordinates {com.bbn, test-service3, 1}" : {
              "DATARATE_TX" : 1.6399999999999973E-4,
              "DATARATE_RX" : 8.199999999999987E-5
            }
          },
          "(clientPoolJ, nodeJ_c06, nodeJ_c06)" : {
            "AppCoordinates {com.bbn, test-service3, 1}" : {
              "DATARATE_TX" : 1.879999999999997E-4,
              "DATARATE_RX" : 9.399999999999985E-5
            }
          }
        }
      },
      "networkDemand" : {
        "interface-nodeJ ( nodeJ )" : {
          "(clientPoolD, nodeJ_c06, nodeJ_c06)" : {
            "AppCoordinates {com.bbn, test-service3, 1}" : {
              "DATARATE_TX" : 1.1649333333333324E-4,
              "DATARATE_RX" : 5.824666666666662E-5
            }
          },
          "(clientPoolI, nodeJ_c06, nodeJ_c06)" : {
            "AppCoordinates {com.bbn, test-service3, 1}" : {
              "DATARATE_TX" : 8.248453608247422E-5,
              "DATARATE_RX" : 4.124226804123711E-5
            }
          },
          "(clientPoolJ, nodeJ_c06, nodeJ_c06)" : {
            "AppCoordinates {com.bbn, test-service3, 1}" : {
              "DATARATE_TX" : 2.2056666666666572E-4,
              "DATARATE_RX" : 1.1028333333333286E-4
            }
          }
        }
      }
    },
    "nodeJ_c01" : {
      "containerName" : {
        "name" : "nodeJ_c01"
      },
      "timestamp" : 265997,
      "service" : {
        "group" : "com.bbn",
        "artifact" : "test-service3",
        "version" : "1"
      },
      "serviceStatus" : "RUNNING",
      "demandEstimationWindow" : "LONG",
      "computeCapacity" : {
        "CPU" : 1.0,
        "TASK_CONTAINERS" : 100.0,
        "QueueLength" : 1000000.0
      },
      "computeLoad" : {
        "UNKNOWN" : {
          "QueueLength" : 200.0,
          "TASK_CONTAINERS" : 100.0
        }
      },
      "computeDemand" : {
        "UNKNOWN" : {
          "QueueLength" : 90.06486486486486,
          "TASK_CONTAINERS" : 45.52459016393443
        }
      },
      "averageProcessingTime" : 120000.0,
      "networkCapacity" : {
        "interface-nodeJ ( nodeJ )" : {
          "DATARATE_TX" : 100.0,
          "DATARATE_RX" : 100.0
        }
      },
      "networkLoad" : {
        "interface-nodeJ ( nodeJ )" : {
          "(clientPoolD, nodeJ_c01, nodeJ_c01)" : {
            "AppCoordinates {com.bbn, test-service3, 1}" : {
              "DATARATE_TX" : 2.2199999999999957E-4,
              "DATARATE_RX" : 1.1099999999999978E-4
            }
          },
          "(clientPoolI, nodeJ_c01, nodeJ_c01)" : {
            "AppCoordinates {com.bbn, test-service3, 1}" : {
              "DATARATE_TX" : 1.439999999999998E-4,
              "DATARATE_RX" : 7.19999999999999E-5
            }
          },
          "(clientPoolJ, nodeJ_c01, nodeJ_c01)" : {
            "AppCoordinates {com.bbn, test-service3, 1}" : {
              "DATARATE_TX" : 2.0199999999999962E-4,
              "DATARATE_RX" : 1.0099999999999981E-4
            }
          }
        }
      },
      "networkDemand" : {
        "interface-nodeJ ( nodeJ )" : {
          "(clientPoolD, nodeJ_c01, nodeJ_c01)" : {
            "AppCoordinates {com.bbn, test-service3, 1}" : {
              "DATARATE_TX" : 8.070329670329652E-5,
              "DATARATE_RX" : 4.035164835164826E-5
            }
          },
          "(clientPoolI, nodeJ_c01, nodeJ_c01)" : {
            "AppCoordinates {com.bbn, test-service3, 1}" : {
              "DATARATE_TX" : 5.596703296703286E-5,
              "DATARATE_RX" : 2.798351648351643E-5
            }
          },
          "(clientPoolJ, nodeJ_c01, nodeJ_c01)" : {
            "AppCoordinates {com.bbn, test-service3, 1}" : {
              "DATARATE_TX" : 7.424175824175803E-5,
              "DATARATE_RX" : 3.7120879120879016E-5
            }
          }
        }
      }
    },
    "nodeJ_c00" : {
      "containerName" : {
        "name" : "nodeJ_c00"
      },
      "timestamp" : 265997,
      "service" : {
        "group" : "com.bbn",
        "artifact" : "test-service1",
        "version" : "1"
      },
      "serviceStatus" : "RUNNING",
      "demandEstimationWindow" : "LONG",
      "computeCapacity" : {
        "CPU" : 1.0,
        "TASK_CONTAINERS" : 100.0,
        "QueueLength" : 1000000.0
      },
      "computeLoad" : {
        "UNKNOWN" : {
          "QueueLength" : 0.0,
          "TASK_CONTAINERS" : 0.0
        }
      },
      "computeDemand" : {
        "UNKNOWN" : {
          "QueueLength" : 138.63259668508286,
          "TASK_CONTAINERS" : 69.31629834254143
        }
      },
      "averageProcessingTime" : 120000.0,
      "networkCapacity" : {
        "interface-nodeJ ( nodeJ )" : {
          "DATARATE_TX" : 100.0,
          "DATARATE_RX" : 100.0
        }
      },
      "networkLoad" : {
        "interface-nodeJ ( nodeJ )" : {
          "(clientPoolD, nodeJ_c00, nodeJ_c00)" : {
            "AppCoordinates {com.bbn, test-service1, 1}" : {
              "DATARATE_TX" : 8.000000000000064E-4,
              "DATARATE_RX" : 4.000000000000032E-4
            }
          },
          "(clientPoolI, nodeJ_c00, nodeJ_c00)" : {
            "AppCoordinates {com.bbn, test-service1, 1}" : {
              "DATARATE_TX" : 8.000000000000064E-4,
              "DATARATE_RX" : 4.000000000000032E-4
            }
          },
          "(clientPoolJ, nodeJ_c00, nodeJ_c00)" : {
            "AppCoordinates {com.bbn, test-service1, 1}" : {
              "DATARATE_TX" : 8.000000000000064E-4,
              "DATARATE_RX" : 4.000000000000032E-4
            }
          }
        }
      },
      "networkDemand" : {
        "interface-nodeJ ( nodeJ )" : {
          "(clientPoolD, nodeJ_c00, nodeJ_c00)" : {
            "AppCoordinates {com.bbn, test-service1, 1}" : {
              "DATARATE_TX" : 6.048365650969565E-4,
              "DATARATE_RX" : 3.0241828254847826E-4
            }
          },
          "(clientPoolI, nodeJ_c00, nodeJ_c00)" : {
            "AppCoordinates {com.bbn, test-service1, 1}" : {
              "DATARATE_TX" : 5.993185595567923E-4,
              "DATARATE_RX" : 2.9965927977839617E-4
            }
          },
          "(clientPoolJ, nodeJ_c00, nodeJ_c00)" : {
            "AppCoordinates {com.bbn, test-service1, 1}" : {
              "DATARATE_TX" : 6.042991689750728E-4,
              "DATARATE_RX" : 3.021495844875364E-4
            }
          }
        }
      }
    },
    "nodeJ_c03" : {
      "containerName" : {
        "name" : "nodeJ_c03"
      },
      "timestamp" : 265999,
      "service" : {
        "group" : "com.bbn",
        "artifact" : "test-service3",
        "version" : "1"
      },
      "serviceStatus" : "RUNNING",
      "demandEstimationWindow" : "LONG",
      "computeCapacity" : {
        "CPU" : 1.0,
        "TASK_CONTAINERS" : 100.0,
        "QueueLength" : 1000000.0
      },
      "computeLoad" : {
        "UNKNOWN" : {
          "QueueLength" : 200.0,
          "TASK_CONTAINERS" : 100.0
        }
      },
      "computeDemand" : {
        "UNKNOWN" : {
          "QueueLength" : 115.94909090909091,
          "TASK_CONTAINERS" : 77.39320388349515
        }
      },
      "averageProcessingTime" : 120000.0,
      "networkCapacity" : {
        "interface-nodeJ ( nodeJ )" : {
          "DATARATE_TX" : 100.0,
          "DATARATE_RX" : 100.0
        }
      },
      "networkLoad" : {
        "interface-nodeJ ( nodeJ )" : {
          "(clientPoolD, nodeJ_c03, nodeJ_c03)" : {
            "AppCoordinates {com.bbn, test-service3, 1}" : {
              "DATARATE_TX" : 1.5999999999999974E-4,
              "DATARATE_RX" : 7.999999999999987E-5
            }
          },
          "(clientPoolJ, nodeJ_c03, nodeJ_c03)" : {
            "AppCoordinates {com.bbn, test-service3, 1}" : {
              "DATARATE_TX" : 1.9799999999999964E-4,
              "DATARATE_RX" : 9.899999999999982E-5
            }
          },
          "(clientPoolI, nodeJ_c03, nodeJ_c03)" : {
            "AppCoordinates {com.bbn, test-service3, 1}" : {
              "DATARATE_TX" : 1.8799999999999966E-4,
              "DATARATE_RX" : 9.399999999999983E-5
            }
          }
        }
      },
      "networkDemand" : {
        "interface-nodeJ ( nodeJ )" : {
          "(clientPoolD, nodeJ_c03, nodeJ_c03)" : {
            "AppCoordinates {com.bbn, test-service3, 1}" : {
              "DATARATE_TX" : 1.0949019607843123E-4,
              "DATARATE_RX" : 5.474509803921561E-5
            }
          },
          "(clientPoolJ, nodeJ_c03, nodeJ_c03)" : {
            "AppCoordinates {com.bbn, test-service3, 1}" : {
              "DATARATE_TX" : 1.4866341463414605E-4,
              "DATARATE_RX" : 7.433170731707303E-5
            }
          },
          "(clientPoolI, nodeJ_c03, nodeJ_c03)" : {
            "AppCoordinates {com.bbn, test-service3, 1}" : {
              "DATARATE_TX" : 7.837948717948708E-5,
              "DATARATE_RX" : 3.918974358974354E-5
            }
          }
        }
      }
    },
    "nodeJ_c02" : {
      "containerName" : {
        "name" : "nodeJ_c02"
      },
      "timestamp" : 266000,
      "service" : {
        "group" : "com.bbn",
        "artifact" : "test-service3",
        "version" : "1"
      },
      "serviceStatus" : "RUNNING",
      "demandEstimationWindow" : "LONG",
      "computeCapacity" : {
        "CPU" : 1.0,
        "TASK_CONTAINERS" : 100.0,
        "QueueLength" : 1000000.0
      },
      "computeLoad" : {
        "UNKNOWN" : {
          "QueueLength" : 200.0,
          "TASK_CONTAINERS" : 100.0
        }
      },
      "computeDemand" : {
        "UNKNOWN" : {
          "QueueLength" : 124.79224376731302,
          "TASK_CONTAINERS" : 62.39612188365651
        }
      },
      "averageProcessingTime" : 120000.0,
      "networkCapacity" : {
        "interface-nodeJ ( nodeJ )" : {
          "DATARATE_TX" : 100.0,
          "DATARATE_RX" : 100.0
        }
      },
      "networkLoad" : {
        "interface-nodeJ ( nodeJ )" : {
          "(clientPoolD, nodeJ_c02, nodeJ_c02)" : {
            "AppCoordinates {com.bbn, test-service3, 1}" : {
              "DATARATE_TX" : 1.719999999999998E-4,
              "DATARATE_RX" : 8.59999999999999E-5
            }
          },
          "(clientPoolI, nodeJ_c02, nodeJ_c02)" : {
            "AppCoordinates {com.bbn, test-service3, 1}" : {
              "DATARATE_TX" : 1.7399999999999978E-4,
              "DATARATE_RX" : 8.699999999999989E-5
            }
          },
          "(clientPoolJ, nodeJ_c02, nodeJ_c02)" : {
            "AppCoordinates {com.bbn, test-service3, 1}" : {
              "DATARATE_TX" : 2.0999999999999968E-4,
              "DATARATE_RX" : 1.0499999999999984E-4
            }
          }
        }
      },
      "networkDemand" : {
        "interface-nodeJ ( nodeJ )" : {
          "(clientPoolD, nodeJ_c02, nodeJ_c02)" : {
            "AppCoordinates {com.bbn, test-service3, 1}" : {
              "DATARATE_TX" : 2.2776111111111149E-4,
              "DATARATE_RX" : 1.1388055555555574E-4
            }
          },
          "(clientPoolI, nodeJ_c02, nodeJ_c02)" : {
            "AppCoordinates {com.bbn, test-service3, 1}" : {
              "DATARATE_TX" : 1.6276111111111145E-4,
              "DATARATE_RX" : 8.138055555555573E-5
            }
          },
          "(clientPoolJ, nodeJ_c02, nodeJ_c02)" : {
            "AppCoordinates {com.bbn, test-service3, 1}" : {
              "DATARATE_TX" : 2.9608888888888867E-4,
              "DATARATE_RX" : 1.4804444444444434E-4
            }
          }
        }
      }
    }
  },
  "maximumServiceContainers" : 8,
  "allocatedServiceContainers" : 8,
  "computeDemand" : {
    "AppCoordinates {com.bbn, test-service3, 1}" : {
      "UNKNOWN" : {
        "QueueLength" : 423.8920721174461,
        "TASK_CONTAINERS" : 241.13451393773062
      }
    },
    "AppCoordinates {com.bbn, test-service2, 1}" : {
      "UNKNOWN" : {
        "QueueLength" : 144.77818181818182,
        "TASK_CONTAINERS" : 85.43776824034335
      }
    },
    "AppCoordinates {com.bbn, test-service1, 1}" : {
      "UNKNOWN" : {
        "QueueLength" : 138.63259668508286,
        "TASK_CONTAINERS" : 69.31629834254143
      }
    }
  },
  "containerNetworkLoad" : {
    "interface-nodeJ ( nodeJ )" : {
      "(clientPoolI, nodeJ_c02, nodeJ_c02)" : {
        "AppCoordinates {com.bbn, test-service3, 1}" : {
          "DATARATE_TX" : 1.7399999999999978E-4,
          "DATARATE_RX" : 8.699999999999989E-5
        }
      },
      "(clientPoolJ, nodeJ_c03, nodeJ_c03)" : {
        "AppCoordinates {com.bbn, test-service3, 1}" : {
          "DATARATE_TX" : 1.9799999999999964E-4,
          "DATARATE_RX" : 9.899999999999982E-5
        }
      },
      "(clientPoolJ, nodeJ_c02, nodeJ_c02)" : {
        "AppCoordinates {com.bbn, test-service3, 1}" : {
          "DATARATE_TX" : 2.0999999999999968E-4,
          "DATARATE_RX" : 1.0499999999999984E-4
        }
      },
      "(clientPoolI, nodeJ_c01, nodeJ_c01)" : {
        "AppCoordinates {com.bbn, test-service3, 1}" : {
          "DATARATE_TX" : 1.439999999999998E-4,
          "DATARATE_RX" : 7.19999999999999E-5
        }
      },
      "(clientPoolJ, nodeJ_c05, nodeJ_c05)" : {
        "AppCoordinates {com.bbn, test-service2, 1}" : {
          "DATARATE_TX" : 7.140000000000043E-4,
          "DATARATE_RX" : 3.5700000000000217E-4
        }
      },
      "(clientPoolI, nodeJ_c03, nodeJ_c03)" : {
        "AppCoordinates {com.bbn, test-service3, 1}" : {
          "DATARATE_TX" : 1.8799999999999966E-4,
          "DATARATE_RX" : 9.399999999999983E-5
        }
      },
      "(clientPoolI, nodeJ_c00, nodeJ_c00)" : {
        "AppCoordinates {com.bbn, test-service1, 1}" : {
          "DATARATE_TX" : 8.000000000000064E-4,
          "DATARATE_RX" : 4.000000000000032E-4
        }
      },
      "(clientPoolJ, nodeJ_c01, nodeJ_c01)" : {
        "AppCoordinates {com.bbn, test-service3, 1}" : {
          "DATARATE_TX" : 2.0199999999999962E-4,
          "DATARATE_RX" : 1.0099999999999981E-4
        }
      },
      "(clientPoolJ, nodeJ_c00, nodeJ_c00)" : {
        "AppCoordinates {com.bbn, test-service1, 1}" : {
          "DATARATE_TX" : 8.000000000000064E-4,
          "DATARATE_RX" : 4.000000000000032E-4
        }
      },
      "(clientPoolD, nodeJ_c05, nodeJ_c05)" : {
        "AppCoordinates {com.bbn, test-service2, 1}" : {
          "DATARATE_TX" : 7.200000000000045E-4,
          "DATARATE_RX" : 3.6000000000000225E-4
        }
      },
      "(clientPoolD, nodeJ_c06, nodeJ_c06)" : {
        "AppCoordinates {com.bbn, test-service3, 1}" : {
          "DATARATE_TX" : 1.8599999999999967E-4,
          "DATARATE_RX" : 9.299999999999983E-5
        }
      },
      "(clientPoolD, nodeJ_c01, nodeJ_c01)" : {
        "AppCoordinates {com.bbn, test-service3, 1}" : {
          "DATARATE_TX" : 2.2199999999999957E-4,
          "DATARATE_RX" : 1.1099999999999978E-4
        }
      },
      "(clientPoolI, nodeJ_c06, nodeJ_c06)" : {
        "AppCoordinates {com.bbn, test-service3, 1}" : {
          "DATARATE_TX" : 1.6399999999999973E-4,
          "DATARATE_RX" : 8.199999999999987E-5
        }
      },
      "(clientPoolD, nodeJ_c00, nodeJ_c00)" : {
        "AppCoordinates {com.bbn, test-service1, 1}" : {
          "DATARATE_TX" : 8.000000000000064E-4,
          "DATARATE_RX" : 4.000000000000032E-4
        }
      },
      "(clientPoolJ, nodeJ_c06, nodeJ_c06)" : {
        "AppCoordinates {com.bbn, test-service3, 1}" : {
          "DATARATE_TX" : 1.879999999999997E-4,
          "DATARATE_RX" : 9.399999999999985E-5
        }
      },
      "(clientPoolI, nodeJ_c05, nodeJ_c05)" : {
        "AppCoordinates {com.bbn, test-service2, 1}" : {
          "DATARATE_TX" : 7.120000000000043E-4,
          "DATARATE_RX" : 3.5600000000000215E-4
        }
      },
      "(clientPoolD, nodeJ_c03, nodeJ_c03)" : {
        "AppCoordinates {com.bbn, test-service3, 1}" : {
          "DATARATE_TX" : 1.5999999999999974E-4,
          "DATARATE_RX" : 7.999999999999987E-5
        }
      },
      "(clientPoolD, nodeJ_c02, nodeJ_c02)" : {
        "AppCoordinates {com.bbn, test-service3, 1}" : {
          "DATARATE_TX" : 1.719999999999998E-4,
          "DATARATE_RX" : 8.59999999999999E-5
        }
      }
    }
  },
  "containerNetworkDemand" : {
    "interface-nodeJ ( nodeJ )" : {
      "(clientPoolI, nodeJ_c02, nodeJ_c02)" : {
        "AppCoordinates {com.bbn, test-service3, 1}" : {
          "DATARATE_TX" : 1.6276111111111145E-4,
          "DATARATE_RX" : 8.138055555555573E-5
        }
      },
      "(clientPoolJ, nodeJ_c03, nodeJ_c03)" : {
        "AppCoordinates {com.bbn, test-service3, 1}" : {
          "DATARATE_TX" : 1.4866341463414605E-4,
          "DATARATE_RX" : 7.433170731707303E-5
        }
      },
      "(clientPoolJ, nodeJ_c02, nodeJ_c02)" : {
        "AppCoordinates {com.bbn, test-service3, 1}" : {
          "DATARATE_TX" : 2.9608888888888867E-4,
          "DATARATE_RX" : 1.4804444444444434E-4
        }
      },
      "(clientPoolI, nodeJ_c01, nodeJ_c01)" : {
        "AppCoordinates {com.bbn, test-service3, 1}" : {
          "DATARATE_TX" : 5.596703296703286E-5,
          "DATARATE_RX" : 2.798351648351643E-5
        }
      },
      "(clientPoolJ, nodeJ_c05, nodeJ_c05)" : {
        "AppCoordinates {com.bbn, test-service2, 1}" : {
          "DATARATE_TX" : 4.247931034482772E-4,
          "DATARATE_RX" : 2.123965517241386E-4
        }
      },
      "(clientPoolI, nodeJ_c03, nodeJ_c03)" : {
        "AppCoordinates {com.bbn, test-service3, 1}" : {
          "DATARATE_TX" : 7.837948717948708E-5,
          "DATARATE_RX" : 3.918974358974354E-5
        }
      },
      "(clientPoolI, nodeJ_c00, nodeJ_c00)" : {
        "AppCoordinates {com.bbn, test-service1, 1}" : {
          "DATARATE_TX" : 5.993185595567923E-4,
          "DATARATE_RX" : 2.9965927977839617E-4
        }
      },
      "(clientPoolJ, nodeJ_c01, nodeJ_c01)" : {
        "AppCoordinates {com.bbn, test-service3, 1}" : {
          "DATARATE_TX" : 7.424175824175803E-5,
          "DATARATE_RX" : 3.7120879120879016E-5
        }
      },
      "(clientPoolJ, nodeJ_c00, nodeJ_c00)" : {
        "AppCoordinates {com.bbn, test-service1, 1}" : {
          "DATARATE_TX" : 6.042991689750728E-4,
          "DATARATE_RX" : 3.021495844875364E-4
        }
      },
      "(clientPoolD, nodeJ_c05, nodeJ_c05)" : {
        "AppCoordinates {com.bbn, test-service2, 1}" : {
          "DATARATE_TX" : 4.0143965517241406E-4,
          "DATARATE_RX" : 2.0071982758620703E-4
        }
      },
      "(clientPoolD, nodeJ_c06, nodeJ_c06)" : {
        "AppCoordinates {com.bbn, test-service3, 1}" : {
          "DATARATE_TX" : 1.1649333333333324E-4,
          "DATARATE_RX" : 5.824666666666662E-5
        }
      },
      "(clientPoolD, nodeJ_c01, nodeJ_c01)" : {
        "AppCoordinates {com.bbn, test-service3, 1}" : {
          "DATARATE_TX" : 8.070329670329652E-5,
          "DATARATE_RX" : 4.035164835164826E-5
        }
      },
      "(clientPoolI, nodeJ_c06, nodeJ_c06)" : {
        "AppCoordinates {com.bbn, test-service3, 1}" : {
          "DATARATE_TX" : 8.248453608247422E-5,
          "DATARATE_RX" : 4.124226804123711E-5
        }
      },
      "(clientPoolD, nodeJ_c00, nodeJ_c00)" : {
        "AppCoordinates {com.bbn, test-service1, 1}" : {
          "DATARATE_TX" : 6.048365650969565E-4,
          "DATARATE_RX" : 3.0241828254847826E-4
        }
      },
      "(clientPoolJ, nodeJ_c06, nodeJ_c06)" : {
        "AppCoordinates {com.bbn, test-service3, 1}" : {
          "DATARATE_TX" : 2.2056666666666572E-4,
          "DATARATE_RX" : 1.1028333333333286E-4
        }
      },
      "(clientPoolI, nodeJ_c05, nodeJ_c05)" : {
        "AppCoordinates {com.bbn, test-service2, 1}" : {
          "DATARATE_TX" : 4.1182758620689783E-4,
          "DATARATE_RX" : 2.0591379310344891E-4
        }
      },
      "(clientPoolD, nodeJ_c03, nodeJ_c03)" : {
        "AppCoordinates {com.bbn, test-service3, 1}" : {
          "DATARATE_TX" : 1.0949019607843123E-4,
          "DATARATE_RX" : 5.474509803921561E-5
        }
      },
      "(clientPoolD, nodeJ_c02, nodeJ_c02)" : {
        "AppCoordinates {com.bbn, test-service3, 1}" : {
          "DATARATE_TX" : 2.2776111111111149E-4,
          "DATARATE_RX" : 1.1388055555555574E-4
        }
      }
    }
  },
  "computeLoad" : {
    "AppCoordinates {com.bbn, test-service3, 1}" : {
      "UNKNOWN" : {
        "QueueLength" : 800.0,
        "TASK_CONTAINERS" : 400.0
      }
    },
    "AppCoordinates {com.bbn, test-service2, 1}" : {
      "UNKNOWN" : {
        "QueueLength" : 200.0,
        "TASK_CONTAINERS" : 100.0
      }
    },
    "AppCoordinates {com.bbn, test-service1, 1}" : {
      "UNKNOWN" : {
        "QueueLength" : 0.0,
        "TASK_CONTAINERS" : 0.0
      }
    }
  },
  "availableServiceContainers" : 0,
  "averageProcessingTime" : {
    "AppCoordinates {com.bbn, test-service3, 1}" : 120000.0,
    "AppCoordinates {com.bbn, test-service2, 1}" : 120000.0,
    "AppCoordinates {com.bbn, test-service1, 1}" : 120000.0
  },
  "allocatedComputeCapacity" : {
    "CPU" : 8.0,
    "QueueLength" : 8000000.0,
    "TASK_CONTAINERS" : 800.0
  }
}