{
  "region" : {
    "name" : "O"
  },
  "minTimestamp" : 52996,
  "maxTimestamp" : 52996,
  "demandEstimationWindow" : "SHORT",
  "serverCapacity" : {
    "DISK" : 10.0,
    "MEMORY" : 1.6E10,
    "CPU" : 8.0,
    "TASK_CONTAINERS" : 8.0
  },
  "serverLoad" : {
    "AppCoordinates {com.bbn, test-service3, 1}" : {
      "unknown" : {
        "QueueLength" : 200.0,
        "TASK_CONTAINERS" : 100.0
      }
    },
    "AppCoordinates {com.bbn, test-service2, 1}" : {
      "unknown" : {
        "QueueLength" : 400.0,
        "TASK_CONTAINERS" : 200.0
      }
    },
    "AppCoordinates {com.bbn, test-service1, 1}" : {
      "unknown" : {
        "QueueLength" : 588.0,
        "TASK_CONTAINERS" : 294.0
      }
    }
  },
  "serverDemand" : {
    "AppCoordinates {com.bbn, test-service3, 1}" : {
      "unknown" : {
        "QueueLength" : 113.71428571428571,
        "TASK_CONTAINERS" : 56.857142857142854
      }
    },
    "AppCoordinates {com.bbn, test-service2, 1}" : {
      "unknown" : {
        "QueueLength" : 350.0,
        "TASK_CONTAINERS" : 175.0
      }
    },
    "AppCoordinates {com.bbn, test-service1, 1}" : {
      "unknown" : {
        "QueueLength" : 507.3571428571429,
        "TASK_CONTAINERS" : 253.67857142857144
      }
    }
  },
  "serverAverageProcessingTimeCount" : { },
  "serverAverageProcessingTimeSum" : { },
  "networkCapacity" : {
    "A" : {
      "DATARATE_RX" : 100.0,
      "DATARATE_TX" : 100.0
    },
    "B" : {
      "DATARATE_RX" : 100.0,
      "DATARATE_TX" : 100.0
    },
    "G" : {
      "DATARATE_RX" : 100.0,
      "DATARATE_TX" : 100.0
    },
    "H" : {
      "DATARATE_RX" : 100.0,
      "DATARATE_TX" : 100.0
    },
    "I" : {
      "DATARATE_RX" : 100.0,
      "DATARATE_TX" : 100.0
    },
    "K" : {
      "DATARATE_RX" : 100.0,
      "DATARATE_TX" : 100.0
    },
    "L" : {
      "DATARATE_RX" : 100.0,
      "DATARATE_TX" : 100.0
    },
    "N" : {
      "DATARATE_RX" : 100.0,
      "DATARATE_TX" : 100.0
    }
  },
  "networkLoad" : {
    "A" : { },
    "B" : { },
    "G" : {
      "(O, J, O)" : {
        "AppCoordinates {com.bbn, test-service3, 1}" : {
          "DATARATE_TX" : 6.599999999999991E-5,
          "DATARATE_RX" : 1.3199999999999982E-4
        },
        "AppCoordinates {com.bbn, test-service2, 1}" : {
          "DATARATE_TX" : 1.3099999999999982E-4,
          "DATARATE_RX" : 2.6199999999999965E-4
        },
        "AppCoordinates {com.bbn, test-service1, 1}" : {
          "DATARATE_TX" : 1.9199999999999973E-4,
          "DATARATE_RX" : 3.8399999999999947E-4
        }
      }
    },
    "H" : { },
    "I" : {
      "(O, I, O)" : {
        "AppCoordinates {com.bbn, test-service3, 1}" : {
          "DATARATE_TX" : 6.699999999999991E-5,
          "DATARATE_RX" : 1.3399999999999981E-4
        },
        "AppCoordinates {com.bbn, test-service2, 1}" : {
          "DATARATE_TX" : 1.399999999999998E-4,
          "DATARATE_RX" : 2.799999999999996E-4
        },
        "AppCoordinates {com.bbn, test-service1, 1}" : {
          "DATARATE_TX" : 1.9899999999999974E-4,
          "DATARATE_RX" : 3.979999999999995E-4
        }
      }
    },
    "K" : {
      "(O, K, O)" : {
        "AppCoordinates {com.bbn, test-service3, 1}" : {
          "DATARATE_TX" : 6.79999999999999E-5,
          "DATARATE_RX" : 1.359999999999998E-4
        },
        "AppCoordinates {com.bbn, test-service2, 1}" : {
          "DATARATE_TX" : 1.2899999999999983E-4,
          "DATARATE_RX" : 2.5799999999999966E-4
        },
        "AppCoordinates {com.bbn, test-service1, 1}" : {
          "DATARATE_TX" : 1.9699999999999975E-4,
          "DATARATE_RX" : 3.939999999999995E-4
        }
      }
    },
    "L" : { },
    "N" : { }
  },
  "networkDemand" : {
    "A" : { },
    "B" : { },
    "G" : {
      "(O, J, O)" : {
        "AppCoordinates {com.bbn, test-service3, 1}" : {
          "DATARATE_TX" : 5.239999999999994E-5,
          "DATARATE_RX" : 1.0479999999999988E-4
        },
        "AppCoordinates {com.bbn, test-service2, 1}" : {
          "DATARATE_TX" : 1.3099999999999982E-4,
          "DATARATE_RX" : 2.6199999999999965E-4
        },
        "AppCoordinates {com.bbn, test-service1, 1}" : {
          "DATARATE_TX" : 1.9199999999999976E-4,
          "DATARATE_RX" : 3.839999999999995E-4
        }
      }
    },
    "H" : { },
    "I" : {
      "(O, I, O)" : {
        "AppCoordinates {com.bbn, test-service3, 1}" : {
          "DATARATE_TX" : 4.533333333333328E-5,
          "DATARATE_RX" : 9.066666666666656E-5
        },
        "AppCoordinates {com.bbn, test-service2, 1}" : {
          "DATARATE_TX" : 1.399999999999998E-4,
          "DATARATE_RX" : 2.799999999999996E-4
        },
        "AppCoordinates {com.bbn, test-service1, 1}" : {
          "DATARATE_TX" : 1.9899999999999974E-4,
          "DATARATE_RX" : 3.979999999999995E-4
        }
      }
    },
    "K" : {
      "(O, K, O)" : {
        "AppCoordinates {com.bbn, test-service3, 1}" : {
          "DATARATE_TX" : 4.466666666666662E-5,
          "DATARATE_RX" : 8.933333333333325E-5
        },
        "AppCoordinates {com.bbn, test-service2, 1}" : {
          "DATARATE_TX" : 1.2914285714285697E-4,
          "DATARATE_RX" : 2.5828571428571393E-4
        },
        "AppCoordinates {com.bbn, test-service1, 1}" : {
          "DATARATE_TX" : 1.9699999999999975E-4,
          "DATARATE_RX" : 3.939999999999995E-4
        }
      }
    },
    "L" : { },
    "N" : { }
  },
  "maximumServiceContainers" : 8,
  "allocatedServiceContainers" : 8,
  "serverAverageProcessingTime" : { },
  "availableServiceContainers" : 0,
  "nullSummary" : false
}