{
  "region" : {
    "name" : "C"
  },
  "minTimestamp" : 173993,
  "maxTimestamp" : 173993,
  "demandEstimationWindow" : "LONG",
  "serverCapacity" : {
    "DISK" : 10.0,
    "MEMORY" : 8.0E9,
    "CPU" : 4.0,
    "TASK_CONTAINERS" : 20.0
  },
  "serverLoad" : {
    "AppCoordinates {com.bbn, test-service3, 1}" : {
      "unknown" : {
        "QueueLength" : 373.0,
        "TASK_CONTAINERS" : 186.5
      }
    }
  },
  "serverDemand" : {
    "AppCoordinates {com.bbn, test-service3, 1}" : {
      "unknown" : {
        "QueueLength" : 245.85390518325949,
        "TASK_CONTAINERS" : 138.00441023507386
      }
    }
  },
  "serverAverageProcessingTimeCount" : { },
  "serverAverageProcessingTimeSum" : { },
  "networkCapacity" : {
    "A" : {
      "DATARATE_RX" : 100.0,
      "DATARATE_TX" : 100.0
    },
    "E" : {
      "DATARATE_RX" : 100.0,
      "DATARATE_TX" : 100.0
    },
    "J" : {
      "DATARATE_RX" : 100.0,
      "DATARATE_TX" : 100.0
    }
  },
  "networkLoad" : {
    "A" : {
      "(C, A, A)" : {
        "AppCoordinates {com.bbn, test-service3, 1}" : {
          "DATARATE_TX" : 8.4E-5,
          "DATARATE_RX" : 4.2E-5
        },
        "AppCoordinates {com.bbn, test-service2, 1}" : {
          "DATARATE_TX" : 1.9799999999999983E-4,
          "DATARATE_RX" : 9.899999999999991E-5
        },
        "AppCoordinates {com.bbn, test-service1, 1}" : {
          "DATARATE_TX" : -3.8116482626443515E-20,
          "DATARATE_RX" : -1.9058241313221758E-20
        }
      }
    },
    "E" : {
      "(C, E, E)" : {
        "AppCoordinates {com.bbn, test-service3, 1}" : {
          "DATARATE_TX" : 4.6999999999999906E-4,
          "DATARATE_RX" : 2.3499999999999953E-4
        },
        "AppCoordinates {com.bbn, test-service2, 1}" : {
          "DATARATE_TX" : 5.000000000000001E-5,
          "DATARATE_RX" : 2.5000000000000005E-5
        }
      }
    },
    "J" : {
      "(C, J, J)" : {
        "AppCoordinates {com.bbn, test-service3, 1}" : {
          "DATARATE_TX" : 4.200000000000001E-5,
          "DATARATE_RX" : 2.1000000000000006E-5
        },
        "AppCoordinates {com.bbn, test-service2, 1}" : {
          "DATARATE_TX" : 1.0599999999999989E-4,
          "DATARATE_RX" : 5.2999999999999947E-5
        }
      }
    }
  },
  "networkDemand" : {
    "A" : {
      "(C, A, A)" : {
        "AppCoordinates {com.bbn, test-service3, 1}" : {
          "DATARATE_TX" : 1.750841840402586E-4,
          "DATARATE_RX" : 8.75420920201293E-5
        },
        "AppCoordinates {com.bbn, test-service2, 1}" : {
          "DATARATE_TX" : 3.648485995969157E-4,
          "DATARATE_RX" : 1.8242429979845786E-4
        },
        "AppCoordinates {com.bbn, test-service1, 1}" : {
          "DATARATE_TX" : 4.2012083676311155E-4,
          "DATARATE_RX" : 2.1006041838155578E-4
        }
      }
    },
    "E" : {
      "(C, E, E)" : {
        "AppCoordinates {com.bbn, test-service3, 1}" : {
          "DATARATE_TX" : 3.1877631578947297E-4,
          "DATARATE_RX" : 1.5938815789473648E-4
        },
        "AppCoordinates {com.bbn, test-service2, 1}" : {
          "DATARATE_TX" : 3.3169230769230785E-5,
          "DATARATE_RX" : 1.6584615384615393E-5
        }
      }
    },
    "J" : {
      "(C, J, J)" : {
        "AppCoordinates {com.bbn, test-service3, 1}" : {
          "DATARATE_TX" : 1.8000000000000004E-5,
          "DATARATE_RX" : 9.000000000000002E-6
        },
        "AppCoordinates {com.bbn, test-service2, 1}" : {
          "DATARATE_TX" : 7.026356589147283E-5,
          "DATARATE_RX" : 3.5131782945736415E-5
        }
      }
    }
  },
  "maximumServiceContainers" : 20,
  "allocatedServiceContainers" : 3,
  "serverAverageProcessingTime" : { },
  "availableServiceContainers" : 17,
  "nullSummary" : false
}