4480,1,DNS_UPDATE_SUCCEEDED
47695,84,DCOP_PLAN_PLUBLIED
47785,84,RLG_PLAN_PUBLISHED
47955,85,DNS_UPDATE_SUCCEEDED
227830,440,DCOP_PLAN_PLUBLIED
230685,446,RLG_PLAN_PUBLISHED
827655,1575,DCOP_PLAN_PLUBLIED
830626,1580,RLG_PLAN_PUBLISHED
830673,1581,DNS_UPDATE_SUCCEEDED
833635,1586,RLG_PLAN_PUBLISHED
947590,1802,DCOP_PLAN_PLUBLIED
948325,1803,RLG_PLAN_PUBLISHED
949078,1805,DNS_UPDATE_SUCCEEDED
951397,1809,RLG_PLAN_PUBLISHED
993740,1888,RLG_PLAN_PUBLISHED
993817,1889,DNS_UPDATE_SUCCEEDED
994328,1890,DNS_UPDATE_SUCCEEDED
996489,1893,RLG_PLAN_PUBLISHED
996945,1894,DNS_UPDATE_SUCCEEDED
4060,1,DNS_UPDATE_SUCCEEDED
47899,84,DCOP_PLAN_PLUBLIED
48160,84,RLG_PLAN_PUBLISHED
48403,85,DNS_UPDATE_SUCCEEDED
294,1,DNS_UPDATE_SUCCEEDED
40940,82,DCOP_PLAN_PLUBLIED
40946,82,RLG_PLAN_PUBLISHED
41429,83,DNS_UPDATE_SUCCEEDED
221007,439,DCOP_PLAN_PLUBLIED
221184,439,RLG_PLAN_PUBLISHED
