{
  "region" : {
    "name" : "O"
  },
  "nodeResourceReports" : [ {
    "nodeName" : {
      "name" : "nodeO"
    },
    "timestamp" : 93996,
    "demandEstimationWindow" : "SHORT",
    "nodeComputeCapacity" : {
      "CPU" : 8.0,
      "MEMORY" : 1.6E10,
      "DISK" : 10.0,
      "TASK_CONTAINERS" : 8.0
    },
    "networkCapacity" : {
      "interface-nodeB ( nodeB )" : {
        "DATARATE_RX" : 100.0,
        "DATARATE_TX" : 100.0
      },
      "interface-nodeH ( nodeH )" : {
        "DATARATE_RX" : 100.0,
        "DATARATE_TX" : 100.0
      },
      "interface-nodeI ( nodeI )" : {
        "DATARATE_RX" : 100.0,
        "DATARATE_TX" : 100.0
      },
      "interface-nodeG ( nodeG )" : {
        "DATARATE_RX" : 100.0,
        "DATARATE_TX" : 100.0
      },
      "interface-nodeL ( nodeL )" : {
        "DATARATE_RX" : 100.0,
        "DATARATE_TX" : 100.0
      },
      "interface-nodeK ( nodeK )" : {
        "DATARATE_RX" : 100.0,
        "DATARATE_TX" : 100.0
      },
      "interface-nodeA ( nodeA )" : {
        "DATARATE_RX" : 100.0,
        "DATARATE_TX" : 100.0
      },
      "interface-nodeN ( nodeN )" : {
        "DATARATE_RX" : 100.0,
        "DATARATE_TX" : 100.0
      }
    },
    "networkLoad" : {
      "interface-nodeB ( nodeB )" : { },
      "interface-nodeH ( nodeH )" : { },
      "interface-nodeI ( nodeI )" : {
        "(nodeO_c07, clientPoolI, nodeO_c07)" : {
          "AppCoordinates {com.bbn, test-service2, 1}" : {
            "DATARATE_TX" : 7.19999999999999E-5,
            "DATARATE_RX" : 1.439999999999998E-4
          }
        },
        "(nodeO_c03, clientPoolI, nodeO_c03)" : {
          "AppCoordinates {com.bbn, test-service1, 1}" : {
            "DATARATE_TX" : 6.79999999999999E-5,
            "DATARATE_RX" : 1.359999999999998E-4
          }
        },
        "(nodeO_c04, clientPoolI, nodeO_c04)" : {
          "AppCoordinates {com.bbn, test-service1, 1}" : {
            "DATARATE_TX" : 6.499999999999991E-5,
            "DATARATE_RX" : 1.2999999999999983E-4
          }
        },
        "(nodeO_c05, clientPoolI, nodeO_c05)" : {
          "AppCoordinates {com.bbn, test-service3, 1}" : {
            "DATARATE_TX" : 3.5E-5,
            "DATARATE_RX" : 7.0E-5
          }
        },
        "(nodeO_c06, clientPoolI, nodeO_c06)" : {
          "AppCoordinates {com.bbn, test-service1, 1}" : {
            "DATARATE_TX" : 4.9999999999999955E-5,
            "DATARATE_RX" : 9.999999999999991E-5
          }
        },
        "(nodeO_c00, clientPoolI, nodeO_c00)" : {
          "AppCoordinates {com.bbn, test-service1, 1}" : {
            "DATARATE_TX" : 5.799999999999993E-5,
            "DATARATE_RX" : 1.1599999999999987E-4
          }
        },
        "(nodeO_c01, clientPoolI, nodeO_c01)" : {
          "AppCoordinates {com.bbn, test-service2, 1}" : {
            "DATARATE_TX" : 6.79999999999999E-5,
            "DATARATE_RX" : 1.359999999999998E-4
          }
        },
        "(nodeO_c02, clientPoolI, nodeO_c02)" : {
          "AppCoordinates {com.bbn, test-service3, 1}" : {
            "DATARATE_TX" : 6.699999999999991E-5,
            "DATARATE_RX" : 1.3399999999999981E-4
          }
        }
      },
      "interface-nodeG ( nodeG )" : {
        "(nodeO_c04, clientPoolJ, nodeO_c04)" : {
          "AppCoordinates {com.bbn, test-service1, 1}" : {
            "DATARATE_TX" : 6.499999999999991E-5,
            "DATARATE_RX" : 1.2999999999999983E-4
          }
        },
        "(nodeO_c05, clientPoolJ, nodeO_c05)" : {
          "AppCoordinates {com.bbn, test-service3, 1}" : {
            "DATARATE_TX" : 3.8999999999999986E-5,
            "DATARATE_RX" : 7.799999999999997E-5
          }
        },
        "(nodeO_c06, clientPoolJ, nodeO_c06)" : {
          "AppCoordinates {com.bbn, test-service1, 1}" : {
            "DATARATE_TX" : 4.799999999999996E-5,
            "DATARATE_RX" : 9.599999999999992E-5
          }
        },
        "(nodeO_c07, clientPoolJ, nodeO_c07)" : {
          "AppCoordinates {com.bbn, test-service2, 1}" : {
            "DATARATE_TX" : 6.499999999999991E-5,
            "DATARATE_RX" : 1.2999999999999983E-4
          }
        },
        "(nodeO_c00, clientPoolJ, nodeO_c00)" : {
          "AppCoordinates {com.bbn, test-service1, 1}" : {
            "DATARATE_TX" : 4.499999999999997E-5,
            "DATARATE_RX" : 8.999999999999994E-5
          }
        },
        "(nodeO_c01, clientPoolJ, nodeO_c01)" : {
          "AppCoordinates {com.bbn, test-service2, 1}" : {
            "DATARATE_TX" : 6.599999999999991E-5,
            "DATARATE_RX" : 1.3199999999999982E-4
          }
        },
        "(nodeO_c02, clientPoolJ, nodeO_c02)" : {
          "AppCoordinates {com.bbn, test-service3, 1}" : {
            "DATARATE_TX" : 6.599999999999991E-5,
            "DATARATE_RX" : 1.3199999999999982E-4
          }
        },
        "(nodeO_c03, clientPoolJ, nodeO_c03)" : {
          "AppCoordinates {com.bbn, test-service1, 1}" : {
            "DATARATE_TX" : 5.999999999999993E-5,
            "DATARATE_RX" : 1.1999999999999985E-4
          }
        }
      },
      "interface-nodeL ( nodeL )" : { },
      "interface-nodeK ( nodeK )" : {
        "(nodeO_c05, clientPoolK, nodeO_c05)" : {
          "AppCoordinates {com.bbn, test-service3, 1}" : {
            "DATARATE_TX" : 3.8999999999999986E-5,
            "DATARATE_RX" : 7.799999999999997E-5
          }
        },
        "(nodeO_c06, clientPoolK, nodeO_c06)" : {
          "AppCoordinates {com.bbn, test-service1, 1}" : {
            "DATARATE_TX" : 5.999999999999993E-5,
            "DATARATE_RX" : 1.1999999999999985E-4
          }
        },
        "(nodeO_c07, clientPoolK, nodeO_c07)" : {
          "AppCoordinates {com.bbn, test-service2, 1}" : {
            "DATARATE_TX" : 6.299999999999992E-5,
            "DATARATE_RX" : 1.2599999999999984E-4
          }
        },
        "(nodeO_c01, clientPoolK, nodeO_c01)" : {
          "AppCoordinates {com.bbn, test-service2, 1}" : {
            "DATARATE_TX" : 6.599999999999991E-5,
            "DATARATE_RX" : 1.3199999999999982E-4
          }
        },
        "(nodeO_c02, clientPoolK, nodeO_c02)" : {
          "AppCoordinates {com.bbn, test-service3, 1}" : {
            "DATARATE_TX" : 6.699999999999991E-5,
            "DATARATE_RX" : 1.3399999999999981E-4
          }
        },
        "(nodeO_c03, clientPoolK, nodeO_c03)" : {
          "AppCoordinates {com.bbn, test-service1, 1}" : {
            "DATARATE_TX" : 7.19999999999999E-5,
            "DATARATE_RX" : 1.439999999999998E-4
          }
        },
        "(nodeO_c04, clientPoolK, nodeO_c04)" : {
          "AppCoordinates {com.bbn, test-service1, 1}" : {
            "DATARATE_TX" : 5.799999999999993E-5,
            "DATARATE_RX" : 1.1599999999999987E-4
          }
        },
        "(nodeO_c00, clientPoolK, nodeO_c00)" : {
          "AppCoordinates {com.bbn, test-service1, 1}" : {
            "DATARATE_TX" : 4.9999999999999955E-5,
            "DATARATE_RX" : 9.999999999999991E-5
          }
        }
      },
      "interface-nodeA ( nodeA )" : { },
      "interface-nodeN ( nodeN )" : { }
    },
    "networkDemand" : {
      "interface-nodeB ( nodeB )" : { },
      "interface-nodeA ( nodeA )" : { },
      "interface-nodeN ( nodeN )" : { },
      "interface-nodeL ( nodeL )" : { },
      "interface-nodeK ( nodeK )" : {
        "(nodeO_c05, clientPoolK, nodeO_c05)" : {
          "AppCoordinates {com.bbn, test-service3, 1}" : {
            "DATARATE_TX" : 3.899999999999998E-5,
            "DATARATE_RX" : 7.799999999999996E-5
          }
        },
        "(nodeO_c06, clientPoolK, nodeO_c06)" : {
          "AppCoordinates {com.bbn, test-service1, 1}" : {
            "DATARATE_TX" : 3.971428571428568E-5,
            "DATARATE_RX" : 7.942857142857136E-5
          }
        },
        "(nodeO_c07, clientPoolK, nodeO_c07)" : {
          "AppCoordinates {com.bbn, test-service2, 1}" : {
            "DATARATE_TX" : 6.299999999999992E-5,
            "DATARATE_RX" : 1.2599999999999984E-4
          }
        },
        "(nodeO_c01, clientPoolK, nodeO_c01)" : {
          "AppCoordinates {com.bbn, test-service2, 1}" : {
            "DATARATE_TX" : 6.599999999999991E-5,
            "DATARATE_RX" : 1.3199999999999982E-4
          }
        },
        "(nodeO_c02, clientPoolK, nodeO_c02)" : {
          "AppCoordinates {com.bbn, test-service3, 1}" : {
            "DATARATE_TX" : 6.699999999999991E-5,
            "DATARATE_RX" : 1.3399999999999981E-4
          }
        },
        "(nodeO_c03, clientPoolK, nodeO_c03)" : {
          "AppCoordinates {com.bbn, test-service1, 1}" : {
            "DATARATE_TX" : 7.19999999999999E-5,
            "DATARATE_RX" : 1.439999999999998E-4
          }
        },
        "(nodeO_c04, clientPoolK, nodeO_c04)" : {
          "AppCoordinates {com.bbn, test-service1, 1}" : {
            "DATARATE_TX" : 5.799999999999994E-5,
            "DATARATE_RX" : 1.1599999999999988E-4
          }
        },
        "(nodeO_c00, clientPoolK, nodeO_c00)" : {
          "AppCoordinates {com.bbn, test-service1, 1}" : {
            "DATARATE_TX" : 3.814285714285713E-5,
            "DATARATE_RX" : 7.628571428571425E-5
          }
        }
      },
      "interface-nodeI ( nodeI )" : {
        "(nodeO_c07, clientPoolI, nodeO_c07)" : {
          "AppCoordinates {com.bbn, test-service2, 1}" : {
            "DATARATE_TX" : 7.19999999999999E-5,
            "DATARATE_RX" : 1.439999999999998E-4
          }
        },
        "(nodeO_c03, clientPoolI, nodeO_c03)" : {
          "AppCoordinates {com.bbn, test-service1, 1}" : {
            "DATARATE_TX" : 6.79999999999999E-5,
            "DATARATE_RX" : 1.359999999999998E-4
          }
        },
        "(nodeO_c04, clientPoolI, nodeO_c04)" : {
          "AppCoordinates {com.bbn, test-service1, 1}" : {
            "DATARATE_TX" : 6.499999999999991E-5,
            "DATARATE_RX" : 1.2999999999999983E-4
          }
        },
        "(nodeO_c05, clientPoolI, nodeO_c05)" : {
          "AppCoordinates {com.bbn, test-service3, 1}" : {
            "DATARATE_TX" : 3.499999999999999E-5,
            "DATARATE_RX" : 6.999999999999998E-5
          }
        },
        "(nodeO_c06, clientPoolI, nodeO_c06)" : {
          "AppCoordinates {com.bbn, test-service1, 1}" : {
            "DATARATE_TX" : 3.171428571428571E-5,
            "DATARATE_RX" : 6.342857142857142E-5
          }
        },
        "(nodeO_c00, clientPoolI, nodeO_c00)" : {
          "AppCoordinates {com.bbn, test-service1, 1}" : {
            "DATARATE_TX" : 4.485714285714283E-5,
            "DATARATE_RX" : 8.971428571428566E-5
          }
        },
        "(nodeO_c01, clientPoolI, nodeO_c01)" : {
          "AppCoordinates {com.bbn, test-service2, 1}" : {
            "DATARATE_TX" : 6.79999999999999E-5,
            "DATARATE_RX" : 1.359999999999998E-4
          }
        },
        "(nodeO_c02, clientPoolI, nodeO_c02)" : {
          "AppCoordinates {com.bbn, test-service3, 1}" : {
            "DATARATE_TX" : 6.699999999999991E-5,
            "DATARATE_RX" : 1.3399999999999981E-4
          }
        }
      },
      "interface-nodeH ( nodeH )" : { },
      "interface-nodeG ( nodeG )" : {
        "(nodeO_c04, clientPoolJ, nodeO_c04)" : {
          "AppCoordinates {com.bbn, test-service1, 1}" : {
            "DATARATE_TX" : 6.499999999999991E-5,
            "DATARATE_RX" : 1.2999999999999983E-4
          }
        },
        "(nodeO_c05, clientPoolJ, nodeO_c05)" : {
          "AppCoordinates {com.bbn, test-service3, 1}" : {
            "DATARATE_TX" : 3.899999999999998E-5,
            "DATARATE_RX" : 7.799999999999996E-5
          }
        },
        "(nodeO_c06, clientPoolJ, nodeO_c06)" : {
          "AppCoordinates {com.bbn, test-service1, 1}" : {
            "DATARATE_TX" : 2.957142857142856E-5,
            "DATARATE_RX" : 5.914285714285712E-5
          }
        },
        "(nodeO_c07, clientPoolJ, nodeO_c07)" : {
          "AppCoordinates {com.bbn, test-service2, 1}" : {
            "DATARATE_TX" : 6.499999999999991E-5,
            "DATARATE_RX" : 1.2999999999999983E-4
          }
        },
        "(nodeO_c00, clientPoolJ, nodeO_c00)" : {
          "AppCoordinates {com.bbn, test-service1, 1}" : {
            "DATARATE_TX" : 3.299999999999999E-5,
            "DATARATE_RX" : 6.599999999999998E-5
          }
        },
        "(nodeO_c01, clientPoolJ, nodeO_c01)" : {
          "AppCoordinates {com.bbn, test-service2, 1}" : {
            "DATARATE_TX" : 6.599999999999991E-5,
            "DATARATE_RX" : 1.3199999999999982E-4
          }
        },
        "(nodeO_c02, clientPoolJ, nodeO_c02)" : {
          "AppCoordinates {com.bbn, test-service3, 1}" : {
            "DATARATE_TX" : 6.599999999999991E-5,
            "DATARATE_RX" : 1.3199999999999982E-4
          }
        },
        "(nodeO_c03, clientPoolJ, nodeO_c03)" : {
          "AppCoordinates {com.bbn, test-service1, 1}" : {
            "DATARATE_TX" : 5.9999999999999934E-5,
            "DATARATE_RX" : 1.1999999999999987E-4
          }
        }
      }
    },
    "containerReports" : {
      "nodeO_c07" : {
        "containerName" : {
          "name" : "nodeO_c07"
        },
        "timestamp" : 93996,
        "service" : {
          "group" : "com.bbn",
          "artifact" : "test-service2",
          "version" : "1"
        },
        "serviceStatus" : "RUNNING",
        "demandEstimationWindow" : "SHORT",
        "computeCapacity" : {
          "CPU" : 1.0,
          "TASK_CONTAINERS" : 100.0,
          "QueueLength" : 1000000.0
        },
        "computeLoad" : {
          "UNKNOWN" : {
            "QueueLength" : 200.0,
            "TASK_CONTAINERS" : 100.0
          }
        },
        "computeDemand" : {
          "UNKNOWN" : {
            "QueueLength" : 175.0,
            "TASK_CONTAINERS" : 87.5
          }
        },
        "averageProcessingTime" : "NaN",
        "networkCapacity" : {
          "interface-nodeO ( nodeO )" : {
            "DATARATE_TX" : 100.0,
            "DATARATE_RX" : 100.0
          }
        },
        "networkLoad" : {
          "interface-nodeO ( nodeO )" : {
            "(clientPoolK, nodeO_c07, nodeO_c07)" : {
              "AppCoordinates {com.bbn, test-service2, 1}" : {
                "DATARATE_TX" : 1.7999999999999969E-4,
                "DATARATE_RX" : 8.999999999999984E-5
              }
            },
            "(clientPoolJ, nodeO_c07, nodeO_c07)" : {
              "AppCoordinates {com.bbn, test-service2, 1}" : {
                "DATARATE_TX" : 1.6199999999999974E-4,
                "DATARATE_RX" : 8.099999999999987E-5
              }
            },
            "(clientPoolI, nodeO_c07, nodeO_c07)" : {
              "AppCoordinates {com.bbn, test-service2, 1}" : {
                "DATARATE_TX" : 1.8599999999999967E-4,
                "DATARATE_RX" : 9.299999999999983E-5
              }
            }
          }
        },
        "networkDemand" : {
          "interface-nodeO ( nodeO )" : {
            "(clientPoolK, nodeO_c07, nodeO_c07)" : {
              "AppCoordinates {com.bbn, test-service2, 1}" : {
                "DATARATE_TX" : 1.7999999999999966E-4,
                "DATARATE_RX" : 8.999999999999983E-5
              }
            },
            "(clientPoolJ, nodeO_c07, nodeO_c07)" : {
              "AppCoordinates {com.bbn, test-service2, 1}" : {
                "DATARATE_TX" : 1.6199999999999974E-4,
                "DATARATE_RX" : 8.099999999999987E-5
              }
            },
            "(clientPoolI, nodeO_c07, nodeO_c07)" : {
              "AppCoordinates {com.bbn, test-service2, 1}" : {
                "DATARATE_TX" : 1.859999999999997E-4,
                "DATARATE_RX" : 9.299999999999985E-5
              }
            }
          }
        }
      },
      "nodeO_c02" : {
        "containerName" : {
          "name" : "nodeO_c02"
        },
        "timestamp" : 93996,
        "service" : {
          "group" : "com.bbn",
          "artifact" : "test-service3",
          "version" : "1"
        },
        "serviceStatus" : "RUNNING",
        "demandEstimationWindow" : "SHORT",
        "computeCapacity" : {
          "CPU" : 1.0,
          "TASK_CONTAINERS" : 100.0,
          "QueueLength" : 1000000.0
        },
        "computeLoad" : {
          "UNKNOWN" : {
            "QueueLength" : 200.0,
            "TASK_CONTAINERS" : 100.0
          }
        },
        "computeDemand" : {
          "UNKNOWN" : {
            "QueueLength" : 175.0,
            "TASK_CONTAINERS" : 87.5
          }
        },
        "averageProcessingTime" : "NaN",
        "networkCapacity" : {
          "interface-nodeO ( nodeO )" : {
            "DATARATE_TX" : 100.0,
            "DATARATE_RX" : 100.0
          }
        },
        "networkLoad" : {
          "interface-nodeO ( nodeO )" : {
            "(clientPoolK, nodeO_c02, nodeO_c02)" : {
              "AppCoordinates {com.bbn, test-service3, 1}" : {
                "DATARATE_TX" : 7.220000000000045E-4,
                "DATARATE_RX" : 3.6100000000000227E-4
              }
            },
            "(clientPoolJ, nodeO_c02, nodeO_c02)" : {
              "AppCoordinates {com.bbn, test-service3, 1}" : {
                "DATARATE_TX" : 7.220000000000045E-4,
                "DATARATE_RX" : 3.6100000000000227E-4
              }
            },
            "(clientPoolI, nodeO_c02, nodeO_c02)" : {
              "AppCoordinates {com.bbn, test-service3, 1}" : {
                "DATARATE_TX" : 7.300000000000047E-4,
                "DATARATE_RX" : 3.6500000000000237E-4
              }
            }
          }
        },
        "networkDemand" : {
          "interface-nodeO ( nodeO )" : {
            "(clientPoolK, nodeO_c02, nodeO_c02)" : {
              "AppCoordinates {com.bbn, test-service3, 1}" : {
                "DATARATE_TX" : 7.220000000000046E-4,
                "DATARATE_RX" : 3.610000000000023E-4
              }
            },
            "(clientPoolJ, nodeO_c02, nodeO_c02)" : {
              "AppCoordinates {com.bbn, test-service3, 1}" : {
                "DATARATE_TX" : 7.220000000000046E-4,
                "DATARATE_RX" : 3.610000000000023E-4
              }
            },
            "(clientPoolI, nodeO_c02, nodeO_c02)" : {
              "AppCoordinates {com.bbn, test-service3, 1}" : {
                "DATARATE_TX" : 7.300000000000048E-4,
                "DATARATE_RX" : 3.650000000000024E-4
              }
            }
          }
        }
      },
      "nodeO_c01" : {
        "containerName" : {
          "name" : "nodeO_c01"
        },
        "timestamp" : 93997,
        "service" : {
          "group" : "com.bbn",
          "artifact" : "test-service2",
          "version" : "1"
        },
        "serviceStatus" : "RUNNING",
        "demandEstimationWindow" : "SHORT",
        "computeCapacity" : {
          "CPU" : 1.0,
          "TASK_CONTAINERS" : 100.0,
          "QueueLength" : 1000000.0
        },
        "computeLoad" : {
          "UNKNOWN" : {
            "QueueLength" : 200.0,
            "TASK_CONTAINERS" : 100.0
          }
        },
        "computeDemand" : {
          "UNKNOWN" : {
            "QueueLength" : 175.0,
            "TASK_CONTAINERS" : 87.5
          }
        },
        "averageProcessingTime" : "NaN",
        "networkCapacity" : {
          "interface-nodeO ( nodeO )" : {
            "DATARATE_TX" : 100.0,
            "DATARATE_RX" : 100.0
          }
        },
        "networkLoad" : {
          "interface-nodeO ( nodeO )" : {
            "(clientPoolK, nodeO_c01, nodeO_c01)" : {
              "AppCoordinates {com.bbn, test-service2, 1}" : {
                "DATARATE_TX" : 6.200000000000021E-4,
                "DATARATE_RX" : 3.1000000000000103E-4
              }
            },
            "(clientPoolJ, nodeO_c01, nodeO_c01)" : {
              "AppCoordinates {com.bbn, test-service2, 1}" : {
                "DATARATE_TX" : 6.380000000000025E-4,
                "DATARATE_RX" : 3.1900000000000125E-4
              }
            },
            "(clientPoolI, nodeO_c01, nodeO_c01)" : {
              "AppCoordinates {com.bbn, test-service2, 1}" : {
                "DATARATE_TX" : 6.140000000000019E-4,
                "DATARATE_RX" : 3.0700000000000096E-4
              }
            }
          }
        },
        "networkDemand" : {
          "interface-nodeO ( nodeO )" : {
            "(clientPoolK, nodeO_c01, nodeO_c01)" : {
              "AppCoordinates {com.bbn, test-service2, 1}" : {
                "DATARATE_TX" : 6.20000000000002E-4,
                "DATARATE_RX" : 3.10000000000001E-4
              }
            },
            "(clientPoolJ, nodeO_c01, nodeO_c01)" : {
              "AppCoordinates {com.bbn, test-service2, 1}" : {
                "DATARATE_TX" : 6.380000000000024E-4,
                "DATARATE_RX" : 3.190000000000012E-4
              }
            },
            "(clientPoolI, nodeO_c01, nodeO_c01)" : {
              "AppCoordinates {com.bbn, test-service2, 1}" : {
                "DATARATE_TX" : 6.140000000000018E-4,
                "DATARATE_RX" : 3.070000000000009E-4
              }
            }
          }
        }
      },
      "nodeO_c00" : {
        "containerName" : {
          "name" : "nodeO_c00"
        },
        "timestamp" : 93998,
        "service" : {
          "group" : "com.bbn",
          "artifact" : "test-service1",
          "version" : "1"
        },
        "serviceStatus" : "RUNNING",
        "demandEstimationWindow" : "SHORT",
        "computeCapacity" : {
          "CPU" : 1.0,
          "TASK_CONTAINERS" : 100.0,
          "QueueLength" : 1000000.0
        },
        "computeLoad" : {
          "UNKNOWN" : {
            "QueueLength" : 152.0,
            "TASK_CONTAINERS" : 76.0
          }
        },
        "computeDemand" : {
          "UNKNOWN" : {
            "QueueLength" : 100.625,
            "TASK_CONTAINERS" : 50.3125
          }
        },
        "averageProcessingTime" : 120000.0,
        "networkCapacity" : {
          "interface-nodeO ( nodeO )" : {
            "DATARATE_TX" : 100.0,
            "DATARATE_RX" : 100.0
          }
        },
        "networkLoad" : {
          "interface-nodeO ( nodeO )" : {
            "(clientPoolK, nodeO_c00, nodeO_c00)" : {
              "AppCoordinates {com.bbn, test-service1, 1}" : {
                "DATARATE_TX" : 3.1199999999999934E-4,
                "DATARATE_RX" : 1.5599999999999967E-4
              }
            },
            "(clientPoolJ, nodeO_c00, nodeO_c00)" : {
              "AppCoordinates {com.bbn, test-service1, 1}" : {
                "DATARATE_TX" : 3.239999999999993E-4,
                "DATARATE_RX" : 1.6199999999999966E-4
              }
            },
            "(clientPoolI, nodeO_c00, nodeO_c00)" : {
              "AppCoordinates {com.bbn, test-service1, 1}" : {
                "DATARATE_TX" : 3.199999999999993E-4,
                "DATARATE_RX" : 1.5999999999999966E-4
              }
            }
          }
        },
        "networkDemand" : {
          "interface-nodeO ( nodeO )" : {
            "(clientPoolK, nodeO_c00, nodeO_c00)" : {
              "AppCoordinates {com.bbn, test-service1, 1}" : {
                "DATARATE_TX" : 3.665714285714278E-4,
                "DATARATE_RX" : 1.832857142857139E-4
              }
            },
            "(clientPoolJ, nodeO_c00, nodeO_c00)" : {
              "AppCoordinates {com.bbn, test-service1, 1}" : {
                "DATARATE_TX" : 3.771428571428563E-4,
                "DATARATE_RX" : 1.8857142857142814E-4
              }
            },
            "(clientPoolI, nodeO_c00, nodeO_c00)" : {
              "AppCoordinates {com.bbn, test-service1, 1}" : {
                "DATARATE_TX" : 3.702857142857135E-4,
                "DATARATE_RX" : 1.8514285714285676E-4
              }
            }
          }
        }
      },
      "nodeO_c06" : {
        "containerName" : {
          "name" : "nodeO_c06"
        },
        "timestamp" : 94007,
        "service" : {
          "group" : "com.bbn",
          "artifact" : "test-service1",
          "version" : "1"
        },
        "serviceStatus" : "RUNNING",
        "demandEstimationWindow" : "SHORT",
        "computeCapacity" : {
          "CPU" : 1.0,
          "TASK_CONTAINERS" : 100.0,
          "QueueLength" : 1000000.0
        },
        "computeLoad" : {
          "UNKNOWN" : {
            "QueueLength" : 158.0,
            "TASK_CONTAINERS" : 79.0
          }
        },
        "computeDemand" : {
          "UNKNOWN" : {
            "QueueLength" : 94.71428571428571,
            "TASK_CONTAINERS" : 47.357142857142854
          }
        },
        "averageProcessingTime" : "NaN",
        "networkCapacity" : {
          "interface-nodeO ( nodeO )" : {
            "DATARATE_TX" : 100.0,
            "DATARATE_RX" : 100.0
          }
        },
        "networkLoad" : {
          "interface-nodeO ( nodeO )" : {
            "(clientPoolK, nodeO_c06, nodeO_c06)" : {
              "AppCoordinates {com.bbn, test-service1, 1}" : {
                "DATARATE_TX" : 1.1999999999999985E-4,
                "DATARATE_RX" : 5.999999999999993E-5
              }
            },
            "(clientPoolJ, nodeO_c06, nodeO_c06)" : {
              "AppCoordinates {com.bbn, test-service1, 1}" : {
                "DATARATE_TX" : 9.599999999999992E-5,
                "DATARATE_RX" : 4.799999999999996E-5
              }
            },
            "(clientPoolI, nodeO_c06, nodeO_c06)" : {
              "AppCoordinates {com.bbn, test-service1, 1}" : {
                "DATARATE_TX" : 9.999999999999991E-5,
                "DATARATE_RX" : 4.9999999999999955E-5
              }
            }
          }
        },
        "networkDemand" : {
          "interface-nodeO ( nodeO )" : {
            "(clientPoolK, nodeO_c06, nodeO_c06)" : {
              "AppCoordinates {com.bbn, test-service1, 1}" : {
                "DATARATE_TX" : 8.733333333333329E-5,
                "DATARATE_RX" : 4.3666666666666646E-5
              }
            },
            "(clientPoolJ, nodeO_c06, nodeO_c06)" : {
              "AppCoordinates {com.bbn, test-service1, 1}" : {
                "DATARATE_TX" : 6.5E-5,
                "DATARATE_RX" : 3.25E-5
              }
            },
            "(clientPoolI, nodeO_c06, nodeO_c06)" : {
              "AppCoordinates {com.bbn, test-service1, 1}" : {
                "DATARATE_TX" : 6.866666666666665E-5,
                "DATARATE_RX" : 3.4333333333333325E-5
              }
            }
          }
        }
      },
      "nodeO_c05" : {
        "containerName" : {
          "name" : "nodeO_c05"
        },
        "timestamp" : 94007,
        "service" : {
          "group" : "com.bbn",
          "artifact" : "test-service3",
          "version" : "1"
        },
        "serviceStatus" : "RUNNING",
        "demandEstimationWindow" : "SHORT",
        "computeCapacity" : {
          "CPU" : 1.0,
          "TASK_CONTAINERS" : 100.0,
          "QueueLength" : 1000000.0
        },
        "computeLoad" : {
          "UNKNOWN" : {
            "QueueLength" : 113.0,
            "TASK_CONTAINERS" : 56.5
          }
        },
        "computeDemand" : {
          "UNKNOWN" : {
            "QueueLength" : 96.85714285714286,
            "TASK_CONTAINERS" : 48.42857142857143
          }
        },
        "averageProcessingTime" : "NaN",
        "networkCapacity" : {
          "interface-nodeO ( nodeO )" : {
            "DATARATE_TX" : 100.0,
            "DATARATE_RX" : 100.0
          }
        },
        "networkLoad" : {
          "interface-nodeO ( nodeO )" : {
            "(clientPoolJ, nodeO_c05, nodeO_c05)" : {
              "AppCoordinates {com.bbn, test-service3, 1}" : {
                "DATARATE_TX" : 7.799999999999997E-5,
                "DATARATE_RX" : 3.8999999999999986E-5
              }
            },
            "(clientPoolI, nodeO_c05, nodeO_c05)" : {
              "AppCoordinates {com.bbn, test-service3, 1}" : {
                "DATARATE_TX" : 7.0E-5,
                "DATARATE_RX" : 3.5E-5
              }
            },
            "(clientPoolK, nodeO_c05, nodeO_c05)" : {
              "AppCoordinates {com.bbn, test-service3, 1}" : {
                "DATARATE_TX" : 7.799999999999997E-5,
                "DATARATE_RX" : 3.8999999999999986E-5
              }
            }
          }
        },
        "networkDemand" : {
          "interface-nodeO ( nodeO )" : {
            "(clientPoolJ, nodeO_c05, nodeO_c05)" : {
              "AppCoordinates {com.bbn, test-service3, 1}" : {
                "DATARATE_TX" : 7.799999999999996E-5,
                "DATARATE_RX" : 3.899999999999998E-5
              }
            },
            "(clientPoolI, nodeO_c05, nodeO_c05)" : {
              "AppCoordinates {com.bbn, test-service3, 1}" : {
                "DATARATE_TX" : 6.999999999999998E-5,
                "DATARATE_RX" : 3.499999999999999E-5
              }
            },
            "(clientPoolK, nodeO_c05, nodeO_c05)" : {
              "AppCoordinates {com.bbn, test-service3, 1}" : {
                "DATARATE_TX" : 7.799999999999996E-5,
                "DATARATE_RX" : 3.899999999999998E-5
              }
            }
          }
        }
      },
      "nodeO_c04" : {
        "containerName" : {
          "name" : "nodeO_c04"
        },
        "timestamp" : 94007,
        "service" : {
          "group" : "com.bbn",
          "artifact" : "test-service3",
          "version" : "1"
        },
        "serviceStatus" : "RUNNING",
        "demandEstimationWindow" : "SHORT",
        "computeCapacity" : {
          "CPU" : 1.0,
          "TASK_CONTAINERS" : 100.0,
          "QueueLength" : 1000000.0
        },
        "computeLoad" : {
          "UNKNOWN" : {
            "QueueLength" : 0.0
          }
        },
        "computeDemand" : {
          "UNKNOWN" : {
            "QueueLength" : 0.0
          }
        },
        "averageProcessingTime" : "NaN",
        "networkCapacity" : {
          "interface-nodeO ( nodeO )" : {
            "DATARATE_TX" : 100.0,
            "DATARATE_RX" : 100.0
          }
        },
        "networkLoad" : {
          "interface-nodeO ( nodeO )" : { }
        },
        "networkDemand" : {
          "interface-nodeO ( nodeO )" : { }
        }
      },
      "nodeO_c03" : {
        "containerName" : {
          "name" : "nodeO_c03"
        },
        "timestamp" : 94008,
        "service" : {
          "group" : "com.bbn",
          "artifact" : "test-service1",
          "version" : "1"
        },
        "serviceStatus" : "RUNNING",
        "demandEstimationWindow" : "SHORT",
        "computeCapacity" : {
          "CPU" : 1.0,
          "TASK_CONTAINERS" : 100.0,
          "QueueLength" : 1000000.0
        },
        "computeLoad" : {
          "UNKNOWN" : {
            "QueueLength" : 200.0,
            "TASK_CONTAINERS" : 100.0
          }
        },
        "computeDemand" : {
          "UNKNOWN" : {
            "QueueLength" : 171.42857142857142,
            "TASK_CONTAINERS" : 85.71428571428571
          }
        },
        "averageProcessingTime" : "NaN",
        "networkCapacity" : {
          "interface-nodeO ( nodeO )" : {
            "DATARATE_TX" : 100.0,
            "DATARATE_RX" : 100.0
          }
        },
        "networkLoad" : {
          "interface-nodeO ( nodeO )" : {
            "(clientPoolK, nodeO_c03, nodeO_c03)" : {
              "AppCoordinates {com.bbn, test-service1, 1}" : {
                "DATARATE_TX" : 3.199999999999993E-4,
                "DATARATE_RX" : 1.5999999999999966E-4
              }
            },
            "(clientPoolJ, nodeO_c03, nodeO_c03)" : {
              "AppCoordinates {com.bbn, test-service1, 1}" : {
                "DATARATE_TX" : 3.1199999999999934E-4,
                "DATARATE_RX" : 1.5599999999999967E-4
              }
            },
            "(clientPoolI, nodeO_c03, nodeO_c03)" : {
              "AppCoordinates {com.bbn, test-service1, 1}" : {
                "DATARATE_TX" : 3.1599999999999933E-4,
                "DATARATE_RX" : 1.5799999999999967E-4
              }
            }
          }
        },
        "networkDemand" : {
          "interface-nodeO ( nodeO )" : {
            "(clientPoolK, nodeO_c03, nodeO_c03)" : {
              "AppCoordinates {com.bbn, test-service1, 1}" : {
                "DATARATE_TX" : 2.863333333333327E-4,
                "DATARATE_RX" : 1.4316666666666636E-4
              }
            },
            "(clientPoolJ, nodeO_c03, nodeO_c03)" : {
              "AppCoordinates {com.bbn, test-service1, 1}" : {
                "DATARATE_TX" : 2.7833333333333274E-4,
                "DATARATE_RX" : 1.3916666666666637E-4
              }
            },
            "(clientPoolI, nodeO_c03, nodeO_c03)" : {
              "AppCoordinates {com.bbn, test-service1, 1}" : {
                "DATARATE_TX" : 2.826666666666661E-4,
                "DATARATE_RX" : 1.4133333333333305E-4
              }
            }
          }
        }
      }
    },
    "maximumServiceContainers" : 8,
    "allocatedServiceContainers" : 8,
    "computeDemand" : {
      "AppCoordinates {com.bbn, test-service3, 1}" : {
        "UNKNOWN" : {
          "QueueLength" : 271.8571428571429,
          "TASK_CONTAINERS" : 135.92857142857144
        }
      },
      "AppCoordinates {com.bbn, test-service2, 1}" : {
        "UNKNOWN" : {
          "QueueLength" : 350.0,
          "TASK_CONTAINERS" : 175.0
        }
      },
      "AppCoordinates {com.bbn, test-service1, 1}" : {
        "UNKNOWN" : {
          "QueueLength" : 366.7678571428571,
          "TASK_CONTAINERS" : 183.38392857142856
        }
      }
    },
    "containerNetworkLoad" : {
      "interface-nodeO ( nodeO )" : {
        "(clientPoolK, nodeO_c00, nodeO_c00)" : {
          "AppCoordinates {com.bbn, test-service1, 1}" : {
            "DATARATE_TX" : 3.1199999999999934E-4,
            "DATARATE_RX" : 1.5599999999999967E-4
          }
        },
        "(clientPoolJ, nodeO_c00, nodeO_c00)" : {
          "AppCoordinates {com.bbn, test-service1, 1}" : {
            "DATARATE_TX" : 3.239999999999993E-4,
            "DATARATE_RX" : 1.6199999999999966E-4
          }
        },
        "(clientPoolK, nodeO_c01, nodeO_c01)" : {
          "AppCoordinates {com.bbn, test-service2, 1}" : {
            "DATARATE_TX" : 6.200000000000021E-4,
            "DATARATE_RX" : 3.1000000000000103E-4
          }
        },
        "(clientPoolJ, nodeO_c05, nodeO_c05)" : {
          "AppCoordinates {com.bbn, test-service3, 1}" : {
            "DATARATE_TX" : 7.799999999999997E-5,
            "DATARATE_RX" : 3.8999999999999986E-5
          }
        },
        "(clientPoolK, nodeO_c06, nodeO_c06)" : {
          "AppCoordinates {com.bbn, test-service1, 1}" : {
            "DATARATE_TX" : 1.1999999999999985E-4,
            "DATARATE_RX" : 5.999999999999993E-5
          }
        },
        "(clientPoolI, nodeO_c05, nodeO_c05)" : {
          "AppCoordinates {com.bbn, test-service3, 1}" : {
            "DATARATE_TX" : 7.0E-5,
            "DATARATE_RX" : 3.5E-5
          }
        },
        "(clientPoolJ, nodeO_c06, nodeO_c06)" : {
          "AppCoordinates {com.bbn, test-service1, 1}" : {
            "DATARATE_TX" : 9.599999999999992E-5,
            "DATARATE_RX" : 4.799999999999996E-5
          }
        },
        "(clientPoolK, nodeO_c07, nodeO_c07)" : {
          "AppCoordinates {com.bbn, test-service2, 1}" : {
            "DATARATE_TX" : 1.7999999999999969E-4,
            "DATARATE_RX" : 8.999999999999984E-5
          }
        },
        "(clientPoolI, nodeO_c06, nodeO_c06)" : {
          "AppCoordinates {com.bbn, test-service1, 1}" : {
            "DATARATE_TX" : 9.999999999999991E-5,
            "DATARATE_RX" : 4.9999999999999955E-5
          }
        },
        "(clientPoolJ, nodeO_c07, nodeO_c07)" : {
          "AppCoordinates {com.bbn, test-service2, 1}" : {
            "DATARATE_TX" : 1.6199999999999974E-4,
            "DATARATE_RX" : 8.099999999999987E-5
          }
        },
        "(clientPoolI, nodeO_c07, nodeO_c07)" : {
          "AppCoordinates {com.bbn, test-service2, 1}" : {
            "DATARATE_TX" : 1.8599999999999967E-4,
            "DATARATE_RX" : 9.299999999999983E-5
          }
        },
        "(clientPoolI, nodeO_c00, nodeO_c00)" : {
          "AppCoordinates {com.bbn, test-service1, 1}" : {
            "DATARATE_TX" : 3.199999999999993E-4,
            "DATARATE_RX" : 1.5999999999999966E-4
          }
        },
        "(clientPoolJ, nodeO_c01, nodeO_c01)" : {
          "AppCoordinates {com.bbn, test-service2, 1}" : {
            "DATARATE_TX" : 6.380000000000025E-4,
            "DATARATE_RX" : 3.1900000000000125E-4
          }
        },
        "(clientPoolK, nodeO_c02, nodeO_c02)" : {
          "AppCoordinates {com.bbn, test-service3, 1}" : {
            "DATARATE_TX" : 7.220000000000045E-4,
            "DATARATE_RX" : 3.6100000000000227E-4
          }
        },
        "(clientPoolK, nodeO_c03, nodeO_c03)" : {
          "AppCoordinates {com.bbn, test-service1, 1}" : {
            "DATARATE_TX" : 3.199999999999993E-4,
            "DATARATE_RX" : 1.5999999999999966E-4
          }
        },
        "(clientPoolI, nodeO_c01, nodeO_c01)" : {
          "AppCoordinates {com.bbn, test-service2, 1}" : {
            "DATARATE_TX" : 6.140000000000019E-4,
            "DATARATE_RX" : 3.0700000000000096E-4
          }
        },
        "(clientPoolJ, nodeO_c02, nodeO_c02)" : {
          "AppCoordinates {com.bbn, test-service3, 1}" : {
            "DATARATE_TX" : 7.220000000000045E-4,
            "DATARATE_RX" : 3.6100000000000227E-4
          }
        },
        "(clientPoolJ, nodeO_c03, nodeO_c03)" : {
          "AppCoordinates {com.bbn, test-service1, 1}" : {
            "DATARATE_TX" : 3.1199999999999934E-4,
            "DATARATE_RX" : 1.5599999999999967E-4
          }
        },
        "(clientPoolI, nodeO_c02, nodeO_c02)" : {
          "AppCoordinates {com.bbn, test-service3, 1}" : {
            "DATARATE_TX" : 7.300000000000047E-4,
            "DATARATE_RX" : 3.6500000000000237E-4
          }
        },
        "(clientPoolI, nodeO_c03, nodeO_c03)" : {
          "AppCoordinates {com.bbn, test-service1, 1}" : {
            "DATARATE_TX" : 3.1599999999999933E-4,
            "DATARATE_RX" : 1.5799999999999967E-4
          }
        },
        "(clientPoolK, nodeO_c05, nodeO_c05)" : {
          "AppCoordinates {com.bbn, test-service3, 1}" : {
            "DATARATE_TX" : 7.799999999999997E-5,
            "DATARATE_RX" : 3.8999999999999986E-5
          }
        }
      }
    },
    "containerNetworkDemand" : {
      "interface-nodeO ( nodeO )" : {
        "(clientPoolK, nodeO_c00, nodeO_c00)" : {
          "AppCoordinates {com.bbn, test-service1, 1}" : {
            "DATARATE_TX" : 3.665714285714278E-4,
            "DATARATE_RX" : 1.832857142857139E-4
          }
        },
        "(clientPoolJ, nodeO_c00, nodeO_c00)" : {
          "AppCoordinates {com.bbn, test-service1, 1}" : {
            "DATARATE_TX" : 3.771428571428563E-4,
            "DATARATE_RX" : 1.8857142857142814E-4
          }
        },
        "(clientPoolK, nodeO_c01, nodeO_c01)" : {
          "AppCoordinates {com.bbn, test-service2, 1}" : {
            "DATARATE_TX" : 6.20000000000002E-4,
            "DATARATE_RX" : 3.10000000000001E-4
          }
        },
        "(clientPoolJ, nodeO_c05, nodeO_c05)" : {
          "AppCoordinates {com.bbn, test-service3, 1}" : {
            "DATARATE_TX" : 7.799999999999996E-5,
            "DATARATE_RX" : 3.899999999999998E-5
          }
        },
        "(clientPoolK, nodeO_c06, nodeO_c06)" : {
          "AppCoordinates {com.bbn, test-service1, 1}" : {
            "DATARATE_TX" : 8.733333333333329E-5,
            "DATARATE_RX" : 4.3666666666666646E-5
          }
        },
        "(clientPoolI, nodeO_c05, nodeO_c05)" : {
          "AppCoordinates {com.bbn, test-service3, 1}" : {
            "DATARATE_TX" : 6.999999999999998E-5,
            "DATARATE_RX" : 3.499999999999999E-5
          }
        },
        "(clientPoolJ, nodeO_c06, nodeO_c06)" : {
          "AppCoordinates {com.bbn, test-service1, 1}" : {
            "DATARATE_TX" : 6.5E-5,
            "DATARATE_RX" : 3.25E-5
          }
        },
        "(clientPoolK, nodeO_c07, nodeO_c07)" : {
          "AppCoordinates {com.bbn, test-service2, 1}" : {
            "DATARATE_TX" : 1.7999999999999966E-4,
            "DATARATE_RX" : 8.999999999999983E-5
          }
        },
        "(clientPoolI, nodeO_c06, nodeO_c06)" : {
          "AppCoordinates {com.bbn, test-service1, 1}" : {
            "DATARATE_TX" : 6.866666666666665E-5,
            "DATARATE_RX" : 3.4333333333333325E-5
          }
        },
        "(clientPoolJ, nodeO_c07, nodeO_c07)" : {
          "AppCoordinates {com.bbn, test-service2, 1}" : {
            "DATARATE_TX" : 1.6199999999999974E-4,
            "DATARATE_RX" : 8.099999999999987E-5
          }
        },
        "(clientPoolI, nodeO_c07, nodeO_c07)" : {
          "AppCoordinates {com.bbn, test-service2, 1}" : {
            "DATARATE_TX" : 1.859999999999997E-4,
            "DATARATE_RX" : 9.299999999999985E-5
          }
        },
        "(clientPoolI, nodeO_c00, nodeO_c00)" : {
          "AppCoordinates {com.bbn, test-service1, 1}" : {
            "DATARATE_TX" : 3.702857142857135E-4,
            "DATARATE_RX" : 1.8514285714285676E-4
          }
        },
        "(clientPoolJ, nodeO_c01, nodeO_c01)" : {
          "AppCoordinates {com.bbn, test-service2, 1}" : {
            "DATARATE_TX" : 6.380000000000024E-4,
            "DATARATE_RX" : 3.190000000000012E-4
          }
        },
        "(clientPoolK, nodeO_c02, nodeO_c02)" : {
          "AppCoordinates {com.bbn, test-service3, 1}" : {
            "DATARATE_TX" : 7.220000000000046E-4,
            "DATARATE_RX" : 3.610000000000023E-4
          }
        },
        "(clientPoolK, nodeO_c03, nodeO_c03)" : {
          "AppCoordinates {com.bbn, test-service1, 1}" : {
            "DATARATE_TX" : 2.863333333333327E-4,
            "DATARATE_RX" : 1.4316666666666636E-4
          }
        },
        "(clientPoolI, nodeO_c01, nodeO_c01)" : {
          "AppCoordinates {com.bbn, test-service2, 1}" : {
            "DATARATE_TX" : 6.140000000000018E-4,
            "DATARATE_RX" : 3.070000000000009E-4
          }
        },
        "(clientPoolJ, nodeO_c02, nodeO_c02)" : {
          "AppCoordinates {com.bbn, test-service3, 1}" : {
            "DATARATE_TX" : 7.220000000000046E-4,
            "DATARATE_RX" : 3.610000000000023E-4
          }
        },
        "(clientPoolJ, nodeO_c03, nodeO_c03)" : {
          "AppCoordinates {com.bbn, test-service1, 1}" : {
            "DATARATE_TX" : 2.7833333333333274E-4,
            "DATARATE_RX" : 1.3916666666666637E-4
          }
        },
        "(clientPoolI, nodeO_c02, nodeO_c02)" : {
          "AppCoordinates {com.bbn, test-service3, 1}" : {
            "DATARATE_TX" : 7.300000000000048E-4,
            "DATARATE_RX" : 3.650000000000024E-4
          }
        },
        "(clientPoolI, nodeO_c03, nodeO_c03)" : {
          "AppCoordinates {com.bbn, test-service1, 1}" : {
            "DATARATE_TX" : 2.826666666666661E-4,
            "DATARATE_RX" : 1.4133333333333305E-4
          }
        },
        "(clientPoolK, nodeO_c05, nodeO_c05)" : {
          "AppCoordinates {com.bbn, test-service3, 1}" : {
            "DATARATE_TX" : 7.799999999999996E-5,
            "DATARATE_RX" : 3.899999999999998E-5
          }
        }
      }
    },
    "computeLoad" : {
      "AppCoordinates {com.bbn, test-service3, 1}" : {
        "UNKNOWN" : {
          "QueueLength" : 313.0,
          "TASK_CONTAINERS" : 156.5
        }
      },
      "AppCoordinates {com.bbn, test-service2, 1}" : {
        "UNKNOWN" : {
          "QueueLength" : 400.0,
          "TASK_CONTAINERS" : 200.0
        }
      },
      "AppCoordinates {com.bbn, test-service1, 1}" : {
        "UNKNOWN" : {
          "QueueLength" : 510.0,
          "TASK_CONTAINERS" : 255.0
        }
      }
    },
    "allocatedComputeCapacity" : {
      "CPU" : 8.0,
      "QueueLength" : 8000000.0,
      "TASK_CONTAINERS" : 800.0
    },
    "availableServiceContainers" : 0,
    "averageProcessingTime" : {
      "AppCoordinates {com.bbn, test-service1, 1}" : 120000.0
    }
  } ]
}