751,1,DNS_UPDATE_SUCCEEDED
806,2,DCOP_PLAN_PLUBLIED
824,2,RLG_PLAN_PUBLISHED
105924,212,DCOP_PLAN_PLUBLIED
108782,218,RLG_PLAN_PUBLISHED
109274,219,DNS_UPDATE_SUCCEEDED
109777,220,DNS_UPDATE_SUCCEEDED
111782,224,RLG_PLAN_PUBLISHED
112275,225,DNS_UPDATE_SUCCEEDED
117786,236,RLG_PLAN_PUBLISHED
118275,237,DNS_UPDATE_SUCCEEDED
118774,238,DNS_UPDATE_SUCCEEDED
120788,242,RLG_PLAN_PUBLISHED
121282,243,DNS_UPDATE_SUCCEEDED
123787,248,RLG_PLAN_PUBLISHED
124278,249,DNS_UPDATE_SUCCEEDED
124779,250,DNS_UPDATE_SUCCEEDED
126786,254,RLG_PLAN_PUBLISHED
127282,255,DNS_UPDATE_SUCCEEDED
165859,332,DCOP_PLAN_PLUBLIED
168786,337,RLG_PLAN_PUBLISHED
168808,338,DNS_UPDATE_SUCCEEDED
169295,339,DNS_UPDATE_SUCCEEDED
171787,343,RLG_PLAN_PUBLISHED
171806,344,DNS_UPDATE_SUCCEEDED
172301,345,DNS_UPDATE_SUCCEEDED
174786,349,RLG_PLAN_PUBLISHED
174796,350,DNS_UPDATE_SUCCEEDED
186786,373,RLG_PLAN_PUBLISHED
186800,374,DNS_UPDATE_SUCCEEDED
189787,379,RLG_PLAN_PUBLISHED
189820,380,DNS_UPDATE_SUCCEEDED
190317,381,DNS_UPDATE_SUCCEEDED
192786,385,RLG_PLAN_PUBLISHED
192819,386,DNS_UPDATE_SUCCEEDED
225864,452,DCOP_PLAN_PLUBLIED
228788,457,RLG_PLAN_PUBLISHED
228829,458,DNS_UPDATE_SUCCEEDED
229334,459,DNS_UPDATE_SUCCEEDED
231789,463,RLG_PLAN_PUBLISHED
231835,464,DNS_UPDATE_SUCCEEDED
232335,465,DNS_UPDATE_SUCCEEDED
234789,469,RLG_PLAN_PUBLISHED
234840,470,DNS_UPDATE_SUCCEEDED
237790,475,RLG_PLAN_PUBLISHED
237836,476,DNS_UPDATE_SUCCEEDED
240790,481,RLG_PLAN_PUBLISHED
240831,482,DNS_UPDATE_SUCCEEDED
241358,483,DNS_UPDATE_SUCCEEDED
243789,487,RLG_PLAN_PUBLISHED
243835,488,DNS_UPDATE_SUCCEEDED
246789,493,RLG_PLAN_PUBLISHED
246836,494,DNS_UPDATE_SUCCEEDED
247337,495,DNS_UPDATE_SUCCEEDED
249790,499,RLG_PLAN_PUBLISHED
249839,500,DNS_UPDATE_SUCCEEDED
285860,572,DCOP_PLAN_PLUBLIED
288792,577,RLG_PLAN_PUBLISHED
288842,578,DNS_UPDATE_SUCCEEDED
289344,579,DNS_UPDATE_SUCCEEDED
291792,583,RLG_PLAN_PUBLISHED
291843,584,DNS_UPDATE_SUCCEEDED
300792,601,RLG_PLAN_PUBLISHED
300847,602,DNS_UPDATE_SUCCEEDED
301346,603,DNS_UPDATE_SUCCEEDED
303791,607,RLG_PLAN_PUBLISHED
303849,608,DNS_UPDATE_SUCCEEDED
345858,691,DCOP_PLAN_PLUBLIED
348794,697,RLG_PLAN_PUBLISHED
348866,698,DNS_UPDATE_SUCCEEDED
349377,699,DNS_UPDATE_SUCCEEDED
351794,703,RLG_PLAN_PUBLISHED
351876,704,DNS_UPDATE_SUCCEEDED
405898,811,DCOP_PLAN_PLUBLIED
408797,817,RLG_PLAN_PUBLISHED
408902,818,DNS_UPDATE_SUCCEEDED
411798,823,RLG_PLAN_PUBLISHED
411906,824,DNS_UPDATE_SUCCEEDED
412406,825,DNS_UPDATE_SUCCEEDED
414797,829,RLG_PLAN_PUBLISHED
414914,830,DNS_UPDATE_SUCCEEDED
465812,931,RLG_PLAN_PUBLISHED
465877,931,DCOP_PLAN_PLUBLIED
465927,932,DNS_UPDATE_SUCCEEDED
468814,937,RLG_PLAN_PUBLISHED
468925,938,DNS_UPDATE_SUCCEEDED
469429,939,DNS_UPDATE_SUCCEEDED
471816,943,RLG_PLAN_PUBLISHED
471928,944,DNS_UPDATE_SUCCEEDED
474815,949,RLG_PLAN_PUBLISHED
474929,950,DNS_UPDATE_SUCCEEDED
477814,955,RLG_PLAN_PUBLISHED
477931,956,DNS_UPDATE_SUCCEEDED
478435,957,DNS_UPDATE_SUCCEEDED
480815,961,RLG_PLAN_PUBLISHED
480930,962,DNS_UPDATE_SUCCEEDED
483814,967,RLG_PLAN_PUBLISHED
483932,968,DNS_UPDATE_SUCCEEDED
486813,973,RLG_PLAN_PUBLISHED
486947,974,DNS_UPDATE_SUCCEEDED
487433,975,DNS_UPDATE_SUCCEEDED
489814,979,RLG_PLAN_PUBLISHED
489934,980,DNS_UPDATE_SUCCEEDED
519815,1039,RLG_PLAN_PUBLISHED
519965,1040,DNS_UPDATE_SUCCEEDED
520465,1041,DNS_UPDATE_SUCCEEDED
522817,1045,RLG_PLAN_PUBLISHED
522967,1046,DNS_UPDATE_SUCCEEDED
525864,1051,DCOP_PLAN_PLUBLIED
528817,1057,RLG_PLAN_PUBLISHED
528964,1058,DNS_UPDATE_SUCCEEDED
585861,1171,DCOP_PLAN_PLUBLIED
588820,1177,RLG_PLAN_PUBLISHED
588985,1178,DNS_UPDATE_SUCCEEDED
630003,1261,DNS_UPDATE_SUCCEEDED
630003,1291,DCOP_PLAN_PLUBLIED
