737,1,DNS_UPDATE_SUCCEEDED
792,2,DCOP_PLAN_PLUBLIED
812,2,RLG_PLAN_PUBLISHED
106089,212,DCOP_PLAN_PLUBLIED
108784,218,RLG_PLAN_PUBLISHED
109268,219,DNS_UPDATE_SUCCEEDED
109768,220,DNS_UPDATE_SUCCEEDED
111785,224,RLG_PLAN_PUBLISHED
112267,225,DNS_UPDATE_SUCCEEDED
120785,242,RLG_PLAN_PUBLISHED
121269,243,DNS_UPDATE_SUCCEEDED
121769,244,DNS_UPDATE_SUCCEEDED
123785,248,RLG_PLAN_PUBLISHED
124268,249,DNS_UPDATE_SUCCEEDED
166040,332,DCOP_PLAN_PLUBLIED
168789,337,RLG_PLAN_PUBLISHED
168792,338,DNS_UPDATE_SUCCEEDED
169291,339,DNS_UPDATE_SUCCEEDED
171785,343,RLG_PLAN_PUBLISHED
171794,344,DNS_UPDATE_SUCCEEDED
177786,355,RLG_PLAN_PUBLISHED
177802,356,DNS_UPDATE_SUCCEEDED
180786,361,RLG_PLAN_PUBLISHED
180796,362,DNS_UPDATE_SUCCEEDED
181298,363,DNS_UPDATE_SUCCEEDED
183786,367,RLG_PLAN_PUBLISHED
183799,368,DNS_UPDATE_SUCCEEDED
186787,373,RLG_PLAN_PUBLISHED
186800,374,DNS_UPDATE_SUCCEEDED
189785,379,RLG_PLAN_PUBLISHED
189806,380,DNS_UPDATE_SUCCEEDED
190298,381,DNS_UPDATE_SUCCEEDED
192786,385,RLG_PLAN_PUBLISHED
192800,386,DNS_UPDATE_SUCCEEDED
226051,452,DCOP_PLAN_PLUBLIED
228788,457,RLG_PLAN_PUBLISHED
228802,458,DNS_UPDATE_SUCCEEDED
286072,572,DCOP_PLAN_PLUBLIED
288789,577,RLG_PLAN_PUBLISHED
288825,578,DNS_UPDATE_SUCCEEDED
289325,579,DNS_UPDATE_SUCCEEDED
291789,583,RLG_PLAN_PUBLISHED
291825,584,DNS_UPDATE_SUCCEEDED
297791,595,RLG_PLAN_PUBLISHED
297827,596,DNS_UPDATE_SUCCEEDED
298325,597,DNS_UPDATE_SUCCEEDED
300790,601,RLG_PLAN_PUBLISHED
300826,602,DNS_UPDATE_SUCCEEDED
345983,692,DCOP_PLAN_PLUBLIED
348792,697,RLG_PLAN_PUBLISHED
348841,698,DNS_UPDATE_SUCCEEDED
406021,812,DCOP_PLAN_PLUBLIED
408795,817,RLG_PLAN_PUBLISHED
408891,818,DNS_UPDATE_SUCCEEDED
465799,931,RLG_PLAN_PUBLISHED
465914,932,DNS_UPDATE_SUCCEEDED
466021,932,DCOP_PLAN_PLUBLIED
468795,937,RLG_PLAN_PUBLISHED
468913,938,DNS_UPDATE_SUCCEEDED
469412,939,DNS_UPDATE_SUCCEEDED
471798,943,RLG_PLAN_PUBLISHED
471915,944,DNS_UPDATE_SUCCEEDED
522804,1045,RLG_PLAN_PUBLISHED
522941,1046,DNS_UPDATE_SUCCEEDED
523442,1047,DNS_UPDATE_SUCCEEDED
525804,1051,RLG_PLAN_PUBLISHED
525942,1052,DNS_UPDATE_SUCCEEDED
526034,1052,DCOP_PLAN_PLUBLIED
528804,1057,RLG_PLAN_PUBLISHED
528938,1058,DNS_UPDATE_SUCCEEDED
537807,1075,RLG_PLAN_PUBLISHED
537945,1076,DNS_UPDATE_SUCCEEDED
540806,1081,RLG_PLAN_PUBLISHED
540947,1082,DNS_UPDATE_SUCCEEDED
541445,1083,DNS_UPDATE_SUCCEEDED
543806,1087,RLG_PLAN_PUBLISHED
543945,1088,DNS_UPDATE_SUCCEEDED
586026,1172,DCOP_PLAN_PLUBLIED
588809,1177,RLG_PLAN_PUBLISHED
588961,1178,DNS_UPDATE_SUCCEEDED
