{
  "region" : {
    "name" : "B"
  },
  "nodeResourceReports" : [ {
    "nodeName" : {
      "name" : "nodeB"
    },
    "timestamp" : 313995,
    "demandEstimationWindow" : "SHORT",
    "nodeComputeCapacity" : {
      "CPU" : 4.0,
      "MEMORY" : 8.0E9,
      "DISK" : 10.0,
      "TASK_CONTAINERS" : 20.0
    },
    "networkCapacity" : {
      "interface-nodeD ( nodeD )" : {
        "DATARATE_RX" : 100.0,
        "DATARATE_TX" : 100.0
      },
      "interface-nodeE ( nodeE )" : {
        "DATARATE_RX" : 100.0,
        "DATARATE_TX" : 100.0
      }
    },
    "networkLoad" : {
      "interface-nodeD ( nodeD )" : {
        "(clientPoolE, nodeA_c01, nodeA_c01)" : {
          "AppCoordinates {com.bbn, test-service2, 1}" : {
            "DATARATE_TX" : -7.623296525288703E-21,
            "DATARATE_RX" : -3.8116482626443515E-21
          }
        },
        "(clientPoolB, nodeD_c04, nodeD_c04)" : {
          "AppCoordinates {com.bbn, test-service3, 1}" : {
            "DATARATE_TX" : 4.0E-5,
            "DATARATE_RX" : 2.0E-5
          }
        },
        "(clientPoolE, nodeA_c00, nodeA_c00)" : {
          "AppCoordinates {com.bbn, test-service1, 1}" : {
            "DATARATE_TX" : -7.623296525288703E-21,
            "DATARATE_RX" : -3.8116482626443515E-21
          }
        },
        "(clientPoolE, nodeA_c07, nodeA_c07)" : {
          "AppCoordinates {com.bbn, test-service2, 1}" : {
            "DATARATE_TX" : -7.623296525288703E-21,
            "DATARATE_RX" : -3.8116482626443515E-21
          }
        },
        "(clientPoolE, nodeA_c06, nodeA_c06)" : {
          "AppCoordinates {com.bbn, test-service2, 1}" : {
            "DATARATE_TX" : -7.623296525288703E-21,
            "DATARATE_RX" : -3.8116482626443515E-21
          }
        },
        "(clientPoolE, nodeA_c05, nodeA_c05)" : {
          "AppCoordinates {com.bbn, test-service3, 1}" : {
            "DATARATE_TX" : -7.623296525288703E-21,
            "DATARATE_RX" : -3.8116482626443515E-21
          }
        },
        "(clientPoolE, nodeA_c04, nodeA_c04)" : {
          "AppCoordinates {com.bbn, test-service1, 1}" : {
            "DATARATE_TX" : -7.623296525288703E-21,
            "DATARATE_RX" : -3.8116482626443515E-21
          }
        },
        "(clientPoolE, nodeA_c03, nodeA_c03)" : {
          "AppCoordinates {com.bbn, test-service1, 1}" : {
            "DATARATE_TX" : -7.623296525288703E-21,
            "DATARATE_RX" : -3.8116482626443515E-21
          }
        },
        "(clientPoolE, nodeA_c02, nodeA_c02)" : {
          "AppCoordinates {com.bbn, test-service3, 1}" : {
            "DATARATE_TX" : -7.623296525288703E-21,
            "DATARATE_RX" : -3.8116482626443515E-21
          }
        },
        "(clientPoolB, nodeD_c01, nodeD_c01)" : {
          "AppCoordinates {com.bbn, test-service3, 1}" : {
            "DATARATE_TX" : 3.2E-5,
            "DATARATE_RX" : 1.6E-5
          }
        },
        "(clientPoolB, nodeD_c00, nodeD_c00)" : {
          "AppCoordinates {com.bbn, test-service3, 1}" : {
            "DATARATE_TX" : 4.4000000000000006E-5,
            "DATARATE_RX" : 2.2000000000000003E-5
          }
        },
        "(clientPoolB, nodeD_c03, nodeD_c03)" : {
          "AppCoordinates {com.bbn, test-service3, 1}" : {
            "DATARATE_TX" : 3.2E-5,
            "DATARATE_RX" : 1.6E-5
          }
        },
        "(clientPoolB, nodeD_c02, nodeD_c02)" : {
          "AppCoordinates {com.bbn, test-service3, 1}" : {
            "DATARATE_TX" : 3.8E-5,
            "DATARATE_RX" : 1.9E-5
          }
        },
        "(clientPoolB, nodeA_c06, nodeA_c06)" : {
          "AppCoordinates {com.bbn, test-service2, 1}" : {
            "DATARATE_TX" : 1.9999999999999963E-4,
            "DATARATE_RX" : 9.999999999999982E-5
          }
        },
        "(clientPoolB, nodeA_c05, nodeA_c05)" : {
          "AppCoordinates {com.bbn, test-service3, 1}" : {
            "DATARATE_TX" : 1.8399999999999967E-4,
            "DATARATE_RX" : 9.199999999999984E-5
          }
        },
        "(clientPoolB, nodeA_c04, nodeA_c04)" : {
          "AppCoordinates {com.bbn, test-service3, 1}" : {
            "DATARATE_TX" : 1.7999999999999969E-4,
            "DATARATE_RX" : 8.999999999999984E-5
          },
          "AppCoordinates {com.bbn, test-service1, 1}" : {
            "DATARATE_TX" : -7.623296525288703E-21,
            "DATARATE_RX" : -3.8116482626443515E-21
          }
        },
        "(clientPoolB, nodeA_c03, nodeA_c03)" : {
          "AppCoordinates {com.bbn, test-service1, 1}" : {
            "DATARATE_TX" : 1.6199999999999974E-4,
            "DATARATE_RX" : 8.099999999999987E-5
          }
        },
        "(clientPoolB, nodeA_c02, nodeA_c02)" : {
          "AppCoordinates {com.bbn, test-service3, 1}" : {
            "DATARATE_TX" : -7.623296525288703E-21,
            "DATARATE_RX" : -3.8116482626443515E-21
          },
          "AppCoordinates {com.bbn, test-service1, 1}" : {
            "DATARATE_TX" : 1.5399999999999976E-4,
            "DATARATE_RX" : 7.699999999999988E-5
          }
        },
        "(clientPoolB, nodeA_c01, nodeA_c01)" : {
          "AppCoordinates {com.bbn, test-service2, 1}" : {
            "DATARATE_TX" : -7.623296525288703E-21,
            "DATARATE_RX" : -3.8116482626443515E-21
          },
          "AppCoordinates {com.bbn, test-service1, 1}" : {
            "DATARATE_TX" : 1.9599999999999964E-4,
            "DATARATE_RX" : 9.799999999999982E-5
          }
        },
        "(clientPoolB, nodeA_c00, nodeA_c00)" : {
          "AppCoordinates {com.bbn, test-service1, 1}" : {
            "DATARATE_TX" : 1.8799999999999966E-4,
            "DATARATE_RX" : 9.399999999999983E-5
          }
        },
        "(clientPoolB, nodeA_c07, nodeA_c07)" : {
          "AppCoordinates {com.bbn, test-service2, 1}" : {
            "DATARATE_TX" : 1.9799999999999964E-4,
            "DATARATE_RX" : 9.899999999999982E-5
          }
        },
        "(clientPoolE, nodeD_c00, nodeD_c00)" : {
          "AppCoordinates {com.bbn, test-service3, 1}" : {
            "DATARATE_TX" : -8.470329472543003E-22,
            "DATARATE_RX" : -4.2351647362715017E-22
          }
        },
        "(clientPoolE, nodeD_c02, nodeD_c02)" : {
          "AppCoordinates {com.bbn, test-service3, 1}" : {
            "DATARATE_TX" : -8.470329472543003E-22,
            "DATARATE_RX" : -4.2351647362715017E-22
          }
        },
        "(clientPoolE, nodeD_c01, nodeD_c01)" : {
          "AppCoordinates {com.bbn, test-service3, 1}" : {
            "DATARATE_TX" : -7.623296525288703E-21,
            "DATARATE_RX" : -3.8116482626443515E-21
          }
        },
        "(clientPoolE, nodeD_c03, nodeD_c03)" : {
          "AppCoordinates {com.bbn, test-service3, 1}" : {
            "DATARATE_TX" : 8.470329472543003E-22,
            "DATARATE_RX" : 4.2351647362715017E-22
          }
        }
      },
      "interface-nodeE ( nodeE )" : {
        "(nodeB_c02, clientPoolE, nodeB_c02)" : {
          "AppCoordinates {com.bbn, test-service3, 1}" : {
            "DATARATE_TX" : -4.2351647362715017E-22,
            "DATARATE_RX" : -8.470329472543003E-22
          }
        },
        "(nodeB_c01, clientPoolE, nodeB_c01)" : {
          "AppCoordinates {com.bbn, test-service3, 1}" : {
            "DATARATE_TX" : -3.8116482626443515E-21,
            "DATARATE_RX" : -7.623296525288703E-21
          }
        },
        "(nodeB_c00, clientPoolE, nodeB_c00)" : {
          "AppCoordinates {com.bbn, test-service3, 1}" : {
            "DATARATE_TX" : -3.8116482626443515E-21,
            "DATARATE_RX" : -7.623296525288703E-21
          }
        },
        "(nodeA_c05, clientPoolE, nodeA_c05)" : {
          "AppCoordinates {com.bbn, test-service3, 1}" : {
            "DATARATE_TX" : -3.8116482626443515E-21,
            "DATARATE_RX" : -7.623296525288703E-21
          }
        },
        "(nodeA_c06, clientPoolE, nodeA_c06)" : {
          "AppCoordinates {com.bbn, test-service2, 1}" : {
            "DATARATE_TX" : -3.8116482626443515E-21,
            "DATARATE_RX" : -7.623296525288703E-21
          }
        },
        "(nodeD_c02, clientPoolE, nodeD_c02)" : {
          "AppCoordinates {com.bbn, test-service3, 1}" : {
            "DATARATE_TX" : -4.2351647362715017E-22,
            "DATARATE_RX" : -8.470329472543003E-22
          }
        },
        "(nodeA_c07, clientPoolE, nodeA_c07)" : {
          "AppCoordinates {com.bbn, test-service2, 1}" : {
            "DATARATE_TX" : -3.8116482626443515E-21,
            "DATARATE_RX" : -7.623296525288703E-21
          }
        },
        "(nodeD_c03, clientPoolE, nodeD_c03)" : {
          "AppCoordinates {com.bbn, test-service3, 1}" : {
            "DATARATE_TX" : 4.2351647362715017E-22,
            "DATARATE_RX" : 8.470329472543003E-22
          }
        },
        "(nodeA_c00, clientPoolE, nodeA_c00)" : {
          "AppCoordinates {com.bbn, test-service1, 1}" : {
            "DATARATE_TX" : -3.8116482626443515E-21,
            "DATARATE_RX" : -7.623296525288703E-21
          }
        },
        "(nodeD_c00, clientPoolE, nodeD_c00)" : {
          "AppCoordinates {com.bbn, test-service3, 1}" : {
            "DATARATE_TX" : -4.2351647362715017E-22,
            "DATARATE_RX" : -8.470329472543003E-22
          }
        },
        "(nodeA_c01, clientPoolE, nodeA_c01)" : {
          "AppCoordinates {com.bbn, test-service2, 1}" : {
            "DATARATE_TX" : -3.8116482626443515E-21,
            "DATARATE_RX" : -7.623296525288703E-21
          }
        },
        "(nodeD_c01, clientPoolE, nodeD_c01)" : {
          "AppCoordinates {com.bbn, test-service3, 1}" : {
            "DATARATE_TX" : -3.8116482626443515E-21,
            "DATARATE_RX" : -7.623296525288703E-21
          }
        },
        "(nodeA_c02, clientPoolE, nodeA_c02)" : {
          "AppCoordinates {com.bbn, test-service3, 1}" : {
            "DATARATE_TX" : -3.8116482626443515E-21,
            "DATARATE_RX" : -7.623296525288703E-21
          }
        },
        "(nodeA_c03, clientPoolE, nodeA_c03)" : {
          "AppCoordinates {com.bbn, test-service1, 1}" : {
            "DATARATE_TX" : -3.8116482626443515E-21,
            "DATARATE_RX" : -7.623296525288703E-21
          }
        },
        "(nodeA_c04, clientPoolE, nodeA_c04)" : {
          "AppCoordinates {com.bbn, test-service1, 1}" : {
            "DATARATE_TX" : -3.8116482626443515E-21,
            "DATARATE_RX" : -7.623296525288703E-21
          }
        }
      }
    },
    "networkDemand" : {
      "interface-nodeE ( nodeE )" : {
        "(nodeB_c02, clientPoolE, nodeB_c02)" : {
          "AppCoordinates {com.bbn, test-service3, 1}" : {
            "DATARATE_TX" : -4.2351647362715017E-22,
            "DATARATE_RX" : -8.470329472543003E-22
          }
        },
        "(nodeB_c01, clientPoolE, nodeB_c01)" : {
          "AppCoordinates {com.bbn, test-service3, 1}" : {
            "DATARATE_TX" : -3.8116482626443515E-21,
            "DATARATE_RX" : -7.623296525288703E-21
          }
        },
        "(nodeB_c00, clientPoolE, nodeB_c00)" : {
          "AppCoordinates {com.bbn, test-service3, 1}" : {
            "DATARATE_TX" : -3.8116482626443515E-21,
            "DATARATE_RX" : -7.623296525288703E-21
          }
        },
        "(nodeA_c05, clientPoolE, nodeA_c05)" : {
          "AppCoordinates {com.bbn, test-service3, 1}" : {
            "DATARATE_TX" : -3.8116482626443515E-21,
            "DATARATE_RX" : -7.623296525288703E-21
          }
        },
        "(nodeA_c06, clientPoolE, nodeA_c06)" : {
          "AppCoordinates {com.bbn, test-service2, 1}" : {
            "DATARATE_TX" : -3.8116482626443515E-21,
            "DATARATE_RX" : -7.623296525288703E-21
          }
        },
        "(nodeA_c07, clientPoolE, nodeA_c07)" : {
          "AppCoordinates {com.bbn, test-service2, 1}" : {
            "DATARATE_TX" : -3.8116482626443515E-21,
            "DATARATE_RX" : -7.623296525288703E-21
          }
        },
        "(nodeD_c02, clientPoolE, nodeD_c02)" : {
          "AppCoordinates {com.bbn, test-service3, 1}" : {
            "DATARATE_TX" : -4.2351647362715017E-22,
            "DATARATE_RX" : -8.470329472543003E-22
          }
        },
        "(nodeD_c03, clientPoolE, nodeD_c03)" : {
          "AppCoordinates {com.bbn, test-service3, 1}" : {
            "DATARATE_TX" : 4.2351647362715017E-22,
            "DATARATE_RX" : 8.470329472543003E-22
          }
        },
        "(nodeA_c00, clientPoolE, nodeA_c00)" : {
          "AppCoordinates {com.bbn, test-service1, 1}" : {
            "DATARATE_TX" : -3.8116482626443515E-21,
            "DATARATE_RX" : -7.623296525288703E-21
          }
        },
        "(nodeA_c01, clientPoolE, nodeA_c01)" : {
          "AppCoordinates {com.bbn, test-service2, 1}" : {
            "DATARATE_TX" : -3.8116482626443515E-21,
            "DATARATE_RX" : -7.623296525288703E-21
          }
        },
        "(nodeD_c00, clientPoolE, nodeD_c00)" : {
          "AppCoordinates {com.bbn, test-service3, 1}" : {
            "DATARATE_TX" : -4.2351647362715017E-22,
            "DATARATE_RX" : -8.470329472543003E-22
          }
        },
        "(nodeA_c02, clientPoolE, nodeA_c02)" : {
          "AppCoordinates {com.bbn, test-service3, 1}" : {
            "DATARATE_TX" : -3.8116482626443515E-21,
            "DATARATE_RX" : -7.623296525288703E-21
          }
        },
        "(nodeD_c01, clientPoolE, nodeD_c01)" : {
          "AppCoordinates {com.bbn, test-service3, 1}" : {
            "DATARATE_TX" : -3.8116482626443515E-21,
            "DATARATE_RX" : -7.623296525288703E-21
          }
        },
        "(nodeA_c03, clientPoolE, nodeA_c03)" : {
          "AppCoordinates {com.bbn, test-service1, 1}" : {
            "DATARATE_TX" : -3.8116482626443515E-21,
            "DATARATE_RX" : -7.623296525288703E-21
          }
        },
        "(nodeA_c04, clientPoolE, nodeA_c04)" : {
          "AppCoordinates {com.bbn, test-service1, 1}" : {
            "DATARATE_TX" : -3.8116482626443515E-21,
            "DATARATE_RX" : -7.623296525288703E-21
          }
        }
      },
      "interface-nodeD ( nodeD )" : {
        "(clientPoolE, nodeA_c01, nodeA_c01)" : {
          "AppCoordinates {com.bbn, test-service2, 1}" : {
            "DATARATE_TX" : -7.623296525288703E-21,
            "DATARATE_RX" : -3.8116482626443515E-21
          }
        },
        "(clientPoolE, nodeA_c00, nodeA_c00)" : {
          "AppCoordinates {com.bbn, test-service1, 1}" : {
            "DATARATE_TX" : -7.623296525288703E-21,
            "DATARATE_RX" : -3.8116482626443515E-21
          }
        },
        "(clientPoolB, nodeD_c04, nodeD_c04)" : {
          "AppCoordinates {com.bbn, test-service3, 1}" : {
            "DATARATE_TX" : 4.0E-5,
            "DATARATE_RX" : 2.0E-5
          }
        },
        "(clientPoolE, nodeA_c07, nodeA_c07)" : {
          "AppCoordinates {com.bbn, test-service2, 1}" : {
            "DATARATE_TX" : -7.623296525288703E-21,
            "DATARATE_RX" : -3.8116482626443515E-21
          }
        },
        "(clientPoolE, nodeA_c06, nodeA_c06)" : {
          "AppCoordinates {com.bbn, test-service2, 1}" : {
            "DATARATE_TX" : -7.623296525288703E-21,
            "DATARATE_RX" : -3.8116482626443515E-21
          }
        },
        "(clientPoolE, nodeA_c05, nodeA_c05)" : {
          "AppCoordinates {com.bbn, test-service3, 1}" : {
            "DATARATE_TX" : -7.623296525288703E-21,
            "DATARATE_RX" : -3.8116482626443515E-21
          }
        },
        "(clientPoolE, nodeA_c04, nodeA_c04)" : {
          "AppCoordinates {com.bbn, test-service1, 1}" : {
            "DATARATE_TX" : -7.623296525288703E-21,
            "DATARATE_RX" : -3.8116482626443515E-21
          }
        },
        "(clientPoolE, nodeA_c03, nodeA_c03)" : {
          "AppCoordinates {com.bbn, test-service1, 1}" : {
            "DATARATE_TX" : -7.623296525288703E-21,
            "DATARATE_RX" : -3.8116482626443515E-21
          }
        },
        "(clientPoolE, nodeA_c02, nodeA_c02)" : {
          "AppCoordinates {com.bbn, test-service3, 1}" : {
            "DATARATE_TX" : -7.623296525288703E-21,
            "DATARATE_RX" : -3.8116482626443515E-21
          }
        },
        "(clientPoolB, nodeD_c01, nodeD_c01)" : {
          "AppCoordinates {com.bbn, test-service3, 1}" : {
            "DATARATE_TX" : 3.2E-5,
            "DATARATE_RX" : 1.6E-5
          }
        },
        "(clientPoolB, nodeD_c00, nodeD_c00)" : {
          "AppCoordinates {com.bbn, test-service3, 1}" : {
            "DATARATE_TX" : 4.4E-5,
            "DATARATE_RX" : 2.2E-5
          }
        },
        "(clientPoolB, nodeD_c03, nodeD_c03)" : {
          "AppCoordinates {com.bbn, test-service3, 1}" : {
            "DATARATE_TX" : 3.2E-5,
            "DATARATE_RX" : 1.6E-5
          }
        },
        "(clientPoolB, nodeD_c02, nodeD_c02)" : {
          "AppCoordinates {com.bbn, test-service3, 1}" : {
            "DATARATE_TX" : 3.8E-5,
            "DATARATE_RX" : 1.9E-5
          }
        },
        "(clientPoolB, nodeA_c06, nodeA_c06)" : {
          "AppCoordinates {com.bbn, test-service2, 1}" : {
            "DATARATE_TX" : 1.9999999999999963E-4,
            "DATARATE_RX" : 9.999999999999982E-5
          }
        },
        "(clientPoolB, nodeA_c05, nodeA_c05)" : {
          "AppCoordinates {com.bbn, test-service3, 1}" : {
            "DATARATE_TX" : 1.8399999999999967E-4,
            "DATARATE_RX" : 9.199999999999984E-5
          }
        },
        "(clientPoolB, nodeA_c04, nodeA_c04)" : {
          "AppCoordinates {com.bbn, test-service3, 1}" : {
            "DATARATE_TX" : 1.7999999999999966E-4,
            "DATARATE_RX" : 8.999999999999983E-5
          },
          "AppCoordinates {com.bbn, test-service1, 1}" : {
            "DATARATE_TX" : -7.623296525288703E-21,
            "DATARATE_RX" : -3.8116482626443515E-21
          }
        },
        "(clientPoolB, nodeA_c03, nodeA_c03)" : {
          "AppCoordinates {com.bbn, test-service1, 1}" : {
            "DATARATE_TX" : 1.6199999999999974E-4,
            "DATARATE_RX" : 8.099999999999987E-5
          }
        },
        "(clientPoolB, nodeA_c02, nodeA_c02)" : {
          "AppCoordinates {com.bbn, test-service3, 1}" : {
            "DATARATE_TX" : -7.623296525288703E-21,
            "DATARATE_RX" : -3.8116482626443515E-21
          },
          "AppCoordinates {com.bbn, test-service1, 1}" : {
            "DATARATE_TX" : 1.5399999999999976E-4,
            "DATARATE_RX" : 7.699999999999988E-5
          }
        },
        "(clientPoolB, nodeA_c01, nodeA_c01)" : {
          "AppCoordinates {com.bbn, test-service2, 1}" : {
            "DATARATE_TX" : -7.623296525288703E-21,
            "DATARATE_RX" : -3.8116482626443515E-21
          },
          "AppCoordinates {com.bbn, test-service1, 1}" : {
            "DATARATE_TX" : 1.9599999999999961E-4,
            "DATARATE_RX" : 9.799999999999981E-5
          }
        },
        "(clientPoolB, nodeA_c00, nodeA_c00)" : {
          "AppCoordinates {com.bbn, test-service1, 1}" : {
            "DATARATE_TX" : 1.8799999999999964E-4,
            "DATARATE_RX" : 9.399999999999982E-5
          }
        },
        "(clientPoolB, nodeA_c07, nodeA_c07)" : {
          "AppCoordinates {com.bbn, test-service2, 1}" : {
            "DATARATE_TX" : 1.9799999999999964E-4,
            "DATARATE_RX" : 9.899999999999982E-5
          }
        },
        "(clientPoolE, nodeD_c00, nodeD_c00)" : {
          "AppCoordinates {com.bbn, test-service3, 1}" : {
            "DATARATE_TX" : -8.470329472543003E-22,
            "DATARATE_RX" : -4.2351647362715017E-22
          }
        },
        "(clientPoolE, nodeD_c02, nodeD_c02)" : {
          "AppCoordinates {com.bbn, test-service3, 1}" : {
            "DATARATE_TX" : -8.470329472543003E-22,
            "DATARATE_RX" : -4.2351647362715017E-22
          }
        },
        "(clientPoolE, nodeD_c01, nodeD_c01)" : {
          "AppCoordinates {com.bbn, test-service3, 1}" : {
            "DATARATE_TX" : -7.623296525288703E-21,
            "DATARATE_RX" : -3.8116482626443515E-21
          }
        },
        "(clientPoolE, nodeD_c03, nodeD_c03)" : {
          "AppCoordinates {com.bbn, test-service3, 1}" : {
            "DATARATE_TX" : 8.470329472543003E-22,
            "DATARATE_RX" : 4.2351647362715017E-22
          }
        }
      }
    },
    "containerReports" : {
      "nodeB_c01" : {
        "containerName" : {
          "name" : "nodeB_c01"
        },
        "timestamp" : 313995,
        "service" : {
          "group" : "com.bbn",
          "artifact" : "test-service3",
          "version" : "1"
        },
        "serviceStatus" : "RUNNING",
        "demandEstimationWindow" : "SHORT",
        "computeCapacity" : {
          "CPU" : 1.0,
          "TASK_CONTAINERS" : 100.0,
          "QueueLength" : 1000000.0
        },
        "computeLoad" : {
          "UNKNOWN" : {
            "QueueLength" : 47.0,
            "TASK_CONTAINERS" : 23.5
          }
        },
        "computeDemand" : {
          "UNKNOWN" : {
            "QueueLength" : 41.125,
            "TASK_CONTAINERS" : 20.5625
          }
        },
        "averageProcessingTime" : 120000.0,
        "networkCapacity" : {
          "interface-nodeB ( nodeB )" : {
            "DATARATE_TX" : 100.0,
            "DATARATE_RX" : 100.0
          }
        },
        "networkLoad" : {
          "interface-nodeB ( nodeB )" : {
            "(clientPoolE, nodeB_c01, nodeB_c01)" : {
              "AppCoordinates {com.bbn, test-service3, 1}" : {
                "DATARATE_TX" : -7.623296525288703E-21,
                "DATARATE_RX" : -3.8116482626443515E-21
              }
            },
            "(clientPoolB, nodeB_c01, nodeB_c01)" : {
              "AppCoordinates {com.bbn, test-service3, 1}" : {
                "DATARATE_TX" : 9.399999999999993E-5,
                "DATARATE_RX" : 4.699999999999996E-5
              }
            }
          }
        },
        "networkDemand" : {
          "interface-nodeB ( nodeB )" : {
            "(clientPoolE, nodeB_c01, nodeB_c01)" : {
              "AppCoordinates {com.bbn, test-service3, 1}" : {
                "DATARATE_TX" : -7.623296525288703E-21,
                "DATARATE_RX" : -3.8116482626443515E-21
              }
            },
            "(clientPoolB, nodeB_c01, nodeB_c01)" : {
              "AppCoordinates {com.bbn, test-service3, 1}" : {
                "DATARATE_TX" : 9.399999999999991E-5,
                "DATARATE_RX" : 4.6999999999999957E-5
              }
            }
          }
        }
      }
    },
    "maximumServiceContainers" : 20,
    "allocatedServiceContainers" : 1,
    "computeDemand" : {
      "AppCoordinates {com.bbn, test-service3, 1}" : {
        "UNKNOWN" : {
          "QueueLength" : 41.125,
          "TASK_CONTAINERS" : 20.5625
        }
      }
    },
    "containerNetworkLoad" : {
      "interface-nodeB ( nodeB )" : {
        "(clientPoolE, nodeB_c01, nodeB_c01)" : {
          "AppCoordinates {com.bbn, test-service3, 1}" : {
            "DATARATE_TX" : -7.623296525288703E-21,
            "DATARATE_RX" : -3.8116482626443515E-21
          }
        },
        "(clientPoolB, nodeB_c01, nodeB_c01)" : {
          "AppCoordinates {com.bbn, test-service3, 1}" : {
            "DATARATE_TX" : 9.399999999999993E-5,
            "DATARATE_RX" : 4.699999999999996E-5
          }
        }
      }
    },
    "containerNetworkDemand" : {
      "interface-nodeB ( nodeB )" : {
        "(clientPoolE, nodeB_c01, nodeB_c01)" : {
          "AppCoordinates {com.bbn, test-service3, 1}" : {
            "DATARATE_TX" : -7.623296525288703E-21,
            "DATARATE_RX" : -3.8116482626443515E-21
          }
        },
        "(clientPoolB, nodeB_c01, nodeB_c01)" : {
          "AppCoordinates {com.bbn, test-service3, 1}" : {
            "DATARATE_TX" : 9.399999999999991E-5,
            "DATARATE_RX" : 4.6999999999999957E-5
          }
        }
      }
    },
    "computeLoad" : {
      "AppCoordinates {com.bbn, test-service3, 1}" : {
        "UNKNOWN" : {
          "QueueLength" : 47.0,
          "TASK_CONTAINERS" : 23.5
        }
      }
    },
    "availableServiceContainers" : 19,
    "averageProcessingTime" : {
      "AppCoordinates {com.bbn, test-service3, 1}" : 120000.0
    },
    "allocatedComputeCapacity" : {
      "CPU" : 1.0,
      "QueueLength" : 1000000.0,
      "TASK_CONTAINERS" : 100.0
    }
  } ]
}