253,1,DNS_UPDATE_SUCCEEDED
46909,94,DCOP_PLAN_PLUBLIED
46910,94,RLG_PLAN_PUBLISHED
47413,95,DNS_UPDATE_SUCCEEDED
467138,927,DCOP_PLAN_PLUBLIED
467458,928,RLG_PLAN_PUBLISHED
587021,1166,DCOP_PLAN_PLUBLIED
587615,1167,RLG_PLAN_PUBLISHED
587944,1168,DNS_UPDATE_SUCCEEDED
590613,1173,RLG_PLAN_PUBLISHED
707121,1404,DCOP_PLAN_PLUBLIED
707778,1405,RLG_PLAN_PUBLISHED
708448,1407,DNS_UPDATE_SUCCEEDED
710779,1411,RLG_PLAN_PUBLISHED
752842,1495,RLG_PLAN_PUBLISHED
753343,1496,DNS_UPDATE_SUCCEEDED
753849,1497,DNS_UPDATE_SUCCEEDED
755844,1500,RLG_PLAN_PUBLISHED
755866,1501,DNS_UPDATE_SUCCEEDED
947225,1880,DCOP_PLAN_PLUBLIED
948160,1882,RLG_PLAN_PUBLISHED
948482,1883,DNS_UPDATE_SUCCEEDED
1067159,2118,DCOP_PLAN_PLUBLIED
1068328,2120,RLG_PLAN_PUBLISHED
1068534,2121,DNS_UPDATE_SUCCEEDED
