{
  "region" : {
    "name" : "G"
  },
  "timestamp" : 184258,
  "servicePlan" : {
    "nodeG" : [ {
      "id" : {
        "name" : "nodeG_c02"
      },
      "service" : {
        "group" : "com.bbn",
        "artifact" : "test-service3",
        "version" : "1"
      },
      "weight" : 1.0,
      "stopTrafficTo" : false,
      "stop" : false
    }, {
      "id" : {
        "name" : "nodeG_c00"
      },
      "service" : {
        "group" : "com.bbn",
        "artifact" : "test-service3",
        "version" : "1"
      },
      "weight" : 1.0,
      "stopTrafficTo" : false,
      "stop" : false
    }, {
      "id" : {
        "name" : "nodeG_c03"
      },
      "service" : {
        "group" : "com.bbn",
        "artifact" : "test-service2",
        "version" : "1"
      },
      "weight" : 1.0,
      "stopTrafficTo" : false,
      "stop" : false
    } ]
  },
  "overflowPlan" : {
    "AppCoordinates {com.bbn, test-service2, 1}" : {
      "A" : 0.0,
      "B" : 0.0,
      "E" : 0.0,
      "J" : 0.0,
      "L" : 0.0,
      "N" : 0.0,
      "O" : 0.0,
      "G" : 1.0
    },
    "AppCoordinates {com.bbn, test-service3, 1}" : {
      "G" : 1.0,
      "A" : 0.0,
      "B" : 0.0,
      "E" : 0.0,
      "J" : 0.0,
      "L" : 0.0,
      "N" : 0.0,
      "O" : 0.0
    }
  }
}