{
  "nodeName" : {
    "name" : "nodeO"
  },
  "timestamp" : 184997,
  "demandEstimationWindow" : "LONG",
  "nodeComputeCapacity" : {
    "CPU" : 4.0,
    "MEMORY" : 8.0E9,
    "DISK" : 10.0,
    "TASK_CONTAINERS" : 20.0
  },
  "networkCapacity" : {
    "interface-nodeE ( nodeE )" : {
      "DATARATE_RX" : 100.0,
      "DATARATE_TX" : 100.0
    },
    "interface-nodeC ( nodeC )" : {
      "DATARATE_RX" : 100.0,
      "DATARATE_TX" : 100.0
    },
    "interface-nodeI ( nodeI )" : {
      "DATARATE_RX" : 100.0,
      "DATARATE_TX" : 100.0
    },
    "interface-nodeF ( nodeF )" : {
      "DATARATE_RX" : 100.0,
      "DATARATE_TX" : 100.0
    },
    "interface-nodeG ( nodeG )" : {
      "DATARATE_RX" : 100.0,
      "DATARATE_TX" : 100.0
    },
    "interface-nodeJ ( nodeJ )" : {
      "DATARATE_RX" : 100.0,
      "DATARATE_TX" : 100.0
    },
    "interface-nodeK ( nodeK )" : {
      "DATARATE_RX" : 100.0,
      "DATARATE_TX" : 100.0
    },
    "interface-nodeA ( nodeA )" : {
      "DATARATE_RX" : 100.0,
      "DATARATE_TX" : 100.0
    }
  },
  "networkLoad" : {
    "interface-nodeE ( nodeE )" : { },
    "interface-nodeC ( nodeC )" : { },
    "interface-nodeI ( nodeI )" : { },
    "interface-nodeF ( nodeF )" : {
      "(clientPoolO, nodeF_c07, nodeF_c07)" : {
        "AppCoordinates {com.bbn, test-service2, 1}" : {
          "DATARATE_TX" : 1.459999999999998E-4,
          "DATARATE_RX" : 7.29999999999999E-5
        }
      },
      "(clientPoolO, nodeF_c04, nodeF_c04)" : {
        "AppCoordinates {com.bbn, test-service3, 1}" : {
          "DATARATE_TX" : 1.799999999999999E-5,
          "DATARATE_RX" : 8.999999999999995E-6
        },
        "AppCoordinates {com.bbn, test-service1, 1}" : {
          "DATARATE_TX" : -7.623296525288703E-21,
          "DATARATE_RX" : -3.8116482626443515E-21
        }
      },
      "(clientPoolO, nodeF_c03, nodeF_c03)" : {
        "AppCoordinates {com.bbn, test-service1, 1}" : {
          "DATARATE_TX" : 1.2799999999999983E-4,
          "DATARATE_RX" : 6.399999999999992E-5
        }
      },
      "(clientPoolO, nodeF_c06, nodeF_c06)" : {
        "AppCoordinates {com.bbn, test-service2, 1}" : {
          "DATARATE_TX" : 2.541098841762901E-21,
          "DATARATE_RX" : 1.2705494208814505E-21
        },
        "AppCoordinates {com.bbn, test-service1, 1}" : {
          "DATARATE_TX" : -7.623296525288703E-21,
          "DATARATE_RX" : -3.8116482626443515E-21
        }
      },
      "(clientPoolO, nodeF_c05, nodeF_c05)" : {
        "AppCoordinates {com.bbn, test-service3, 1}" : {
          "DATARATE_TX" : 9.399999999999993E-5,
          "DATARATE_RX" : 4.699999999999996E-5
        },
        "AppCoordinates {com.bbn, test-service1, 1}" : {
          "DATARATE_TX" : -8.470329472543003E-22,
          "DATARATE_RX" : -4.2351647362715017E-22
        }
      },
      "(clientPoolO, nodeF_c00, nodeF_c00)" : {
        "AppCoordinates {com.bbn, test-service3, 1}" : {
          "DATARATE_TX" : 1.0599999999999989E-4,
          "DATARATE_RX" : 5.2999999999999947E-5
        },
        "AppCoordinates {com.bbn, test-service1, 1}" : {
          "DATARATE_TX" : -7.623296525288703E-21,
          "DATARATE_RX" : -3.8116482626443515E-21
        }
      },
      "(clientPoolO, nodeF_c02, nodeF_c02)" : {
        "AppCoordinates {com.bbn, test-service3, 1}" : {
          "DATARATE_TX" : 6.0000000000000015E-5,
          "DATARATE_RX" : 3.0000000000000008E-5
        }
      },
      "(clientPoolO, nodeF_c01, nodeF_c01)" : {
        "AppCoordinates {com.bbn, test-service2, 1}" : {
          "DATARATE_TX" : -7.623296525288703E-21,
          "DATARATE_RX" : -3.8116482626443515E-21
        }
      }
    },
    "interface-nodeG ( nodeG )" : { },
    "interface-nodeJ ( nodeJ )" : { },
    "interface-nodeK ( nodeK )" : { },
    "interface-nodeA ( nodeA )" : { }
  },
  "networkDemand" : {
    "interface-nodeE ( nodeE )" : { },
    "interface-nodeC ( nodeC )" : { },
    "interface-nodeA ( nodeA )" : { },
    "interface-nodeK ( nodeK )" : { },
    "interface-nodeJ ( nodeJ )" : { },
    "interface-nodeI ( nodeI )" : { },
    "interface-nodeG ( nodeG )" : { },
    "interface-nodeF ( nodeF )" : {
      "(clientPoolO, nodeF_c07, nodeF_c07)" : {
        "AppCoordinates {com.bbn, test-service2, 1}" : {
          "DATARATE_TX" : 1.4523913043478238E-4,
          "DATARATE_RX" : 7.261956521739119E-5
        }
      },
      "(clientPoolO, nodeF_c04, nodeF_c04)" : {
        "AppCoordinates {com.bbn, test-service3, 1}" : {
          "DATARATE_TX" : 9.757046979865747E-5,
          "DATARATE_RX" : 4.8785234899328736E-5
        },
        "AppCoordinates {com.bbn, test-service1, 1}" : {
          "DATARATE_TX" : 4.962033898305091E-5,
          "DATARATE_RX" : 2.4810169491525454E-5
        }
      },
      "(clientPoolO, nodeF_c03, nodeF_c03)" : {
        "AppCoordinates {com.bbn, test-service1, 1}" : {
          "DATARATE_TX" : 1.1621262458471765E-4,
          "DATARATE_RX" : 5.8106312292358825E-5
        }
      },
      "(clientPoolO, nodeF_c06, nodeF_c06)" : {
        "AppCoordinates {com.bbn, test-service2, 1}" : {
          "DATARATE_TX" : 1.1766037735849051E-5,
          "DATARATE_RX" : 5.883018867924526E-6
        },
        "AppCoordinates {com.bbn, test-service1, 1}" : {
          "DATARATE_TX" : 7.704210526315794E-5,
          "DATARATE_RX" : 3.852105263157897E-5
        }
      },
      "(clientPoolO, nodeF_c05, nodeF_c05)" : {
        "AppCoordinates {com.bbn, test-service3, 1}" : {
          "DATARATE_TX" : 8.0161943319838E-5,
          "DATARATE_RX" : 4.0080971659919E-5
        },
        "AppCoordinates {com.bbn, test-service1, 1}" : {
          "DATARATE_TX" : 2.406920415224911E-5,
          "DATARATE_RX" : 1.2034602076124556E-5
        }
      },
      "(clientPoolO, nodeF_c00, nodeF_c00)" : {
        "AppCoordinates {com.bbn, test-service3, 1}" : {
          "DATARATE_TX" : 8.575999999999991E-5,
          "DATARATE_RX" : 4.2879999999999955E-5
        },
        "AppCoordinates {com.bbn, test-service1, 1}" : {
          "DATARATE_TX" : 1.0841290322580634E-4,
          "DATARATE_RX" : 5.420645161290317E-5
        }
      },
      "(clientPoolO, nodeF_c02, nodeF_c02)" : {
        "AppCoordinates {com.bbn, test-service3, 1}" : {
          "DATARATE_TX" : 9.741666666666618E-5,
          "DATARATE_RX" : 4.870833333333309E-5
        }
      },
      "(clientPoolO, nodeF_c01, nodeF_c01)" : {
        "AppCoordinates {com.bbn, test-service2, 1}" : {
          "DATARATE_TX" : 1.1585211267605631E-4,
          "DATARATE_RX" : 5.7926056338028156E-5
        }
      }
    }
  },
  "containerReports" : {
    "nodeO_c01" : {
      "containerName" : {
        "name" : "nodeO_c01"
      },
      "timestamp" : 184997,
      "service" : {
        "group" : "com.bbn",
        "artifact" : "test-service3",
        "version" : "1"
      },
      "serviceStatus" : "RUNNING",
      "demandEstimationWindow" : "LONG",
      "computeCapacity" : {
        "CPU" : 1.0,
        "TASK_CONTAINERS" : 100.0,
        "QueueLength" : 1000000.0
      },
      "computeLoad" : {
        "UNKNOWN" : {
          "QueueLength" : 112.0,
          "TASK_CONTAINERS" : 56.0
        }
      },
      "computeDemand" : {
        "UNKNOWN" : {
          "QueueLength" : 52.419117647058826,
          "TASK_CONTAINERS" : 26.600746268656717
        }
      },
      "averageProcessingTime" : 120000.0,
      "networkCapacity" : {
        "interface-nodeO ( nodeO )" : {
          "DATARATE_TX" : 100.0,
          "DATARATE_RX" : 100.0
        }
      },
      "networkLoad" : {
        "interface-nodeO ( nodeO )" : {
          "(clientPoolO, nodeO_c01, nodeO_c01)" : {
            "AppCoordinates {com.bbn, test-service3, 1}" : {
              "DATARATE_TX" : 2.239999999999996E-4,
              "DATARATE_RX" : 1.119999999999998E-4
            }
          }
        }
      },
      "networkDemand" : {
        "interface-nodeO ( nodeO )" : {
          "(clientPoolO, nodeO_c01, nodeO_c01)" : {
            "AppCoordinates {com.bbn, test-service3, 1}" : {
              "DATARATE_TX" : 1.0720300751879701E-4,
              "DATARATE_RX" : 5.3601503759398505E-5
            }
          }
        }
      }
    },
    "nodeO_c00" : {
      "containerName" : {
        "name" : "nodeO_c00"
      },
      "timestamp" : 184998,
      "service" : {
        "group" : "com.bbn",
        "artifact" : "test-service3",
        "version" : "1"
      },
      "serviceStatus" : "RUNNING",
      "demandEstimationWindow" : "LONG",
      "computeCapacity" : {
        "CPU" : 1.0,
        "TASK_CONTAINERS" : 100.0,
        "QueueLength" : 1000000.0
      },
      "computeLoad" : {
        "UNKNOWN" : {
          "QueueLength" : 0.0,
          "TASK_CONTAINERS" : 0.0
        }
      },
      "computeDemand" : {
        "UNKNOWN" : {
          "QueueLength" : 155.82467532467533,
          "TASK_CONTAINERS" : 79.46026490066225
        }
      },
      "averageProcessingTime" : 120000.0,
      "networkCapacity" : {
        "interface-nodeO ( nodeO )" : {
          "DATARATE_TX" : 100.0,
          "DATARATE_RX" : 100.0
        }
      },
      "networkLoad" : {
        "interface-nodeO ( nodeO )" : {
          "(clientPoolO, nodeO_c00, nodeO_c00)" : {
            "AppCoordinates {com.bbn, test-service3, 1}" : {
              "DATARATE_TX" : 2.2399999999999964E-4,
              "DATARATE_RX" : 1.1199999999999982E-4
            }
          }
        }
      },
      "networkDemand" : {
        "interface-nodeO ( nodeO )" : {
          "(clientPoolO, nodeO_c00, nodeO_c00)" : {
            "AppCoordinates {com.bbn, test-service3, 1}" : {
              "DATARATE_TX" : 4.2439999999999893E-4,
              "DATARATE_RX" : 2.1219999999999947E-4
            }
          }
        }
      }
    }
  },
  "maximumServiceContainers" : 20,
  "allocatedServiceContainers" : 2,
  "computeDemand" : {
    "AppCoordinates {com.bbn, test-service3, 1}" : {
      "UNKNOWN" : {
        "QueueLength" : 208.24379297173414,
        "TASK_CONTAINERS" : 106.06101116931897
      }
    }
  },
  "containerNetworkLoad" : {
    "interface-nodeO ( nodeO )" : {
      "(clientPoolO, nodeO_c00, nodeO_c00)" : {
        "AppCoordinates {com.bbn, test-service3, 1}" : {
          "DATARATE_TX" : 2.2399999999999964E-4,
          "DATARATE_RX" : 1.1199999999999982E-4
        }
      },
      "(clientPoolO, nodeO_c01, nodeO_c01)" : {
        "AppCoordinates {com.bbn, test-service3, 1}" : {
          "DATARATE_TX" : 2.239999999999996E-4,
          "DATARATE_RX" : 1.119999999999998E-4
        }
      }
    }
  },
  "containerNetworkDemand" : {
    "interface-nodeO ( nodeO )" : {
      "(clientPoolO, nodeO_c00, nodeO_c00)" : {
        "AppCoordinates {com.bbn, test-service3, 1}" : {
          "DATARATE_TX" : 4.2439999999999893E-4,
          "DATARATE_RX" : 2.1219999999999947E-4
        }
      },
      "(clientPoolO, nodeO_c01, nodeO_c01)" : {
        "AppCoordinates {com.bbn, test-service3, 1}" : {
          "DATARATE_TX" : 1.0720300751879701E-4,
          "DATARATE_RX" : 5.3601503759398505E-5
        }
      }
    }
  },
  "computeLoad" : {
    "AppCoordinates {com.bbn, test-service3, 1}" : {
      "UNKNOWN" : {
        "QueueLength" : 112.0,
        "TASK_CONTAINERS" : 56.0
      }
    }
  },
  "allocatedComputeCapacity" : {
    "CPU" : 2.0,
    "QueueLength" : 2000000.0,
    "TASK_CONTAINERS" : 200.0
  },
  "availableServiceContainers" : 18,
  "averageProcessingTime" : {
    "AppCoordinates {com.bbn, test-service3, 1}" : 120000.0
  }
}