{
  "region" : {
    "name" : "I"
  },
  "minTimestamp" : 94491,
  "maxTimestamp" : 94491,
  "demandEstimationWindow" : "LONG",
  "serverCapacity" : {
    "DISK" : 10.0,
    "MEMORY" : 8.0E9,
    "CPU" : 4.0,
    "TASK_CONTAINERS" : 20.0
  },
  "serverLoad" : { },
  "serverDemand" : { },
  "serverAverageProcessingTimeCount" : { },
  "serverAverageProcessingTimeSum" : { },
  "networkCapacity" : {
    "C" : {
      "DATARATE_RX" : 100.0,
      "DATARATE_TX" : 100.0
    },
    "D" : {
      "DATARATE_RX" : 100.0,
      "DATARATE_TX" : 100.0
    },
    "E" : {
      "DATARATE_RX" : 100.0,
      "DATARATE_TX" : 100.0
    },
    "H" : {
      "DATARATE_RX" : 100.0,
      "DATARATE_TX" : 100.0
    }
  },
  "networkLoad" : {
    "C" : {
      "(I, C, C)" : {
        "AppCoordinates {com.bbn, test-service3, 1}" : {
          "DATARATE_TX" : 2.6599999999999964E-4,
          "DATARATE_RX" : 1.3299999999999982E-4
        },
        "AppCoordinates {com.bbn, test-service2, 1}" : {
          "DATARATE_TX" : 3.8199999999999953E-4,
          "DATARATE_RX" : 1.9099999999999976E-4
        },
        "AppCoordinates {com.bbn, test-service1, 1}" : {
          "DATARATE_TX" : 3.519999999999997E-4,
          "DATARATE_RX" : 1.7599999999999986E-4
        }
      }
    },
    "D" : { },
    "E" : { },
    "H" : { }
  },
  "networkDemand" : {
    "C" : {
      "(I, C, C)" : {
        "AppCoordinates {com.bbn, test-service3, 1}" : {
          "DATARATE_TX" : 2.5011696618946057E-4,
          "DATARATE_RX" : 1.2505848309473028E-4
        },
        "AppCoordinates {com.bbn, test-service2, 1}" : {
          "DATARATE_TX" : 3.6601711649812864E-4,
          "DATARATE_RX" : 1.8300855824906432E-4
        },
        "AppCoordinates {com.bbn, test-service1, 1}" : {
          "DATARATE_TX" : 3.59908835813146E-4,
          "DATARATE_RX" : 1.79954417906573E-4
        }
      }
    },
    "D" : { },
    "E" : { },
    "H" : { }
  },
  "maximumServiceContainers" : 20,
  "allocatedServiceContainers" : 0,
  "serverAverageProcessingTime" : { },
  "availableServiceContainers" : 20,
  "nullSummary" : false
}