221,1,DNS_UPDATE_SUCCEEDED
43899,88,DCOP_PLAN_PLUBLIED
43899,88,RLG_PLAN_PUBLISHED
44402,89,DNS_UPDATE_SUCCEEDED
344457,684,DCOP_PLAN_PLUBLIED
347294,690,RLG_PLAN_PUBLISHED
584231,1160,DCOP_PLAN_PLUBLIED
584607,1161,RLG_PLAN_PUBLISHED
584987,1162,DNS_UPDATE_SUCCEEDED
587612,1167,RLG_PLAN_PUBLISHED
703989,1398,DCOP_PLAN_PLUBLIED
704751,1399,RLG_PLAN_PUBLISHED
705487,1401,DNS_UPDATE_SUCCEEDED
707750,1405,RLG_PLAN_PUBLISHED
752826,1494,RLG_PLAN_PUBLISHED
752859,1495,DNS_UPDATE_SUCCEEDED
753366,1496,DNS_UPDATE_SUCCEEDED
755828,1500,RLG_PLAN_PUBLISHED
755884,1501,DNS_UPDATE_SUCCEEDED
824021,1636,DCOP_PLAN_PLUBLIED
824919,1637,RLG_PLAN_PUBLISHED
824958,1638,DNS_UPDATE_SUCCEEDED
827923,1643,RLG_PLAN_PUBLISHED
944428,1874,DCOP_PLAN_PLUBLIED
945085,1876,RLG_PLAN_PUBLISHED
945968,1878,DNS_UPDATE_SUCCEEDED
948087,1882,RLG_PLAN_PUBLISHED
1113323,2209,RLG_PLAN_PUBLISHED
1113373,2210,DNS_UPDATE_SUCCEEDED
1113879,2211,DNS_UPDATE_SUCCEEDED
1116328,2215,RLG_PLAN_PUBLISHED
1116393,2216,DNS_UPDATE_SUCCEEDED
1184034,2350,DCOP_PLAN_PLUBLIED
1185423,2352,RLG_PLAN_PUBLISHED
1185524,2353,DNS_UPDATE_SUCCEEDED
1188422,2358,RLG_PLAN_PUBLISHED
1304062,2588,DCOP_PLAN_PLUBLIED
1305591,2591,RLG_PLAN_PUBLISHED
1306552,2593,DNS_UPDATE_SUCCEEDED
1308595,2597,RLG_PLAN_PUBLISHED
1353663,2686,RLG_PLAN_PUBLISHED
1353908,2687,DNS_UPDATE_SUCCEEDED
1354413,2688,DNS_UPDATE_SUCCEEDED
1356669,2692,RLG_PLAN_PUBLISHED
1356930,2693,DNS_UPDATE_SUCCEEDED
1544324,3064,DCOP_PLAN_PLUBLIED
1545935,3067,RLG_PLAN_PUBLISHED
1546038,3068,DNS_UPDATE_SUCCEEDED
1548939,3073,RLG_PLAN_PUBLISHED
1784283,3540,DCOP_PLAN_PLUBLIED
1786286,3544,RLG_PLAN_PUBLISHED
1787130,3546,DNS_UPDATE_SUCCEEDED
1789286,3550,RLG_PLAN_PUBLISHED
