594,1,DNS_UPDATE_SUCCEEDED
623,1,DCOP_PLAN_PLUBLIED
694,2,RLG_PLAN_PUBLISHED
105681,212,DCOP_PLAN_PLUBLIED
108603,217,RLG_PLAN_PUBLISHED
108621,218,DNS_UPDATE_SUCCEEDED
109119,219,DNS_UPDATE_SUCCEEDED
111602,223,RLG_PLAN_PUBLISHED
111619,224,DNS_UPDATE_SUCCEEDED
123602,247,RLG_PLAN_PUBLISHED
123628,248,DNS_UPDATE_SUCCEEDED
124123,249,DNS_UPDATE_SUCCEEDED
126601,253,RLG_PLAN_PUBLISHED
126625,254,DNS_UPDATE_SUCCEEDED
132602,265,RLG_PLAN_PUBLISHED
132622,266,DNS_UPDATE_SUCCEEDED
133122,267,DNS_UPDATE_SUCCEEDED
135602,271,RLG_PLAN_PUBLISHED
135622,272,DNS_UPDATE_SUCCEEDED
165654,332,DCOP_PLAN_PLUBLIED
168608,337,RLG_PLAN_PUBLISHED
168646,338,DNS_UPDATE_SUCCEEDED
169143,339,DNS_UPDATE_SUCCEEDED
171608,343,RLG_PLAN_PUBLISHED
171647,344,DNS_UPDATE_SUCCEEDED
172144,345,DNS_UPDATE_SUCCEEDED
174608,349,RLG_PLAN_PUBLISHED
174648,350,DNS_UPDATE_SUCCEEDED
189609,379,RLG_PLAN_PUBLISHED
189659,380,DNS_UPDATE_SUCCEEDED
192610,385,RLG_PLAN_PUBLISHED
192660,386,DNS_UPDATE_SUCCEEDED
193160,387,DNS_UPDATE_SUCCEEDED
195610,391,RLG_PLAN_PUBLISHED
195661,392,DNS_UPDATE_SUCCEEDED
225613,451,RLG_PLAN_PUBLISHED
225660,451,DCOP_PLAN_PLUBLIED
225668,452,DNS_UPDATE_SUCCEEDED
228612,457,RLG_PLAN_PUBLISHED
228668,458,DNS_UPDATE_SUCCEEDED
229169,459,DNS_UPDATE_SUCCEEDED
231612,463,RLG_PLAN_PUBLISHED
231673,464,DNS_UPDATE_SUCCEEDED
234612,469,RLG_PLAN_PUBLISHED
234674,470,DNS_UPDATE_SUCCEEDED
237613,475,RLG_PLAN_PUBLISHED
237674,476,DNS_UPDATE_SUCCEEDED
238173,477,DNS_UPDATE_SUCCEEDED
240612,481,RLG_PLAN_PUBLISHED
240674,482,DNS_UPDATE_SUCCEEDED
252613,505,RLG_PLAN_PUBLISHED
252674,506,DNS_UPDATE_SUCCEEDED
253174,507,DNS_UPDATE_SUCCEEDED
255613,511,RLG_PLAN_PUBLISHED
255674,512,DNS_UPDATE_SUCCEEDED
285680,571,DCOP_PLAN_PLUBLIED
288622,577,RLG_PLAN_PUBLISHED
288681,578,DNS_UPDATE_SUCCEEDED
345651,691,DCOP_PLAN_PLUBLIED
348624,697,RLG_PLAN_PUBLISHED
348729,698,DNS_UPDATE_SUCCEEDED
369625,739,RLG_PLAN_PUBLISHED
369734,740,DNS_UPDATE_SUCCEEDED
372625,745,RLG_PLAN_PUBLISHED
372735,746,DNS_UPDATE_SUCCEEDED
373234,747,DNS_UPDATE_SUCCEEDED
375624,751,RLG_PLAN_PUBLISHED
375736,752,DNS_UPDATE_SUCCEEDED
405660,811,DCOP_PLAN_PLUBLIED
408627,817,RLG_PLAN_PUBLISHED
408739,818,DNS_UPDATE_SUCCEEDED
465650,931,DCOP_PLAN_PLUBLIED
468630,937,RLG_PLAN_PUBLISHED
468753,938,DNS_UPDATE_SUCCEEDED
525654,1051,DCOP_PLAN_PLUBLIED
528630,1057,RLG_PLAN_PUBLISHED
528764,1058,DNS_UPDATE_SUCCEEDED
585662,1171,DCOP_PLAN_PLUBLIED
588631,1177,RLG_PLAN_PUBLISHED
588785,1178,DNS_UPDATE_SUCCEEDED
630003,1260,DCOP_PLAN_PLUBLIED
