{
  "nodeName" : {
    "name" : "nodeA"
  },
  "timestamp" : 390498,
  "demandEstimationWindow" : "LONG",
  "nodeComputeCapacity" : {
    "CPU" : 4.0,
    "MEMORY" : 8.0E9,
    "DISK" : 10.0,
    "TASK_CONTAINERS" : 20.0
  },
  "networkCapacity" : {
    "interface-nodeE ( nodeE )" : {
      "DATARATE_RX" : 100.0,
      "DATARATE_TX" : 100.0
    }
  },
  "networkLoad" : {
    "interface-nodeE ( nodeE )" : {
      "(clientPoolA, nodeE_c01, nodeE_c01)" : {
        "AppCoordinates {com.bbn, test-service3, 1}" : {
          "DATARATE_TX" : 7.399999999999998E-5,
          "DATARATE_RX" : 3.699999999999999E-5
        }
      },
      "(clientPoolA, nodeD_c04, nodeD_c04)" : {
        "AppCoordinates {com.bbn, test-service3, 1}" : {
          "DATARATE_TX" : 8.399999999999995E-5,
          "DATARATE_RX" : 4.199999999999998E-5
        },
        "AppCoordinates {com.bbn, test-service1, 1}" : {
          "DATARATE_TX" : -7.623296525288703E-21,
          "DATARATE_RX" : -3.8116482626443515E-21
        }
      },
      "(clientPoolA, nodeE_c00, nodeE_c00)" : {
        "AppCoordinates {com.bbn, test-service3, 1}" : {
          "DATARATE_TX" : -7.623296525288703E-21,
          "DATARATE_RX" : -3.8116482626443515E-21
        }
      },
      "(clientPoolA, nodeD_c03, nodeD_c03)" : {
        "AppCoordinates {com.bbn, test-service1, 1}" : {
          "DATARATE_TX" : 1.0799999999999989E-4,
          "DATARATE_RX" : 5.3999999999999944E-5
        }
      },
      "(clientPoolA, nodeD_c06, nodeD_c06)" : {
        "AppCoordinates {com.bbn, test-service2, 1}" : {
          "DATARATE_TX" : 1.359999999999998E-4,
          "DATARATE_RX" : 6.79999999999999E-5
        }
      },
      "(clientPoolA, nodeD_c05, nodeD_c05)" : {
        "AppCoordinates {com.bbn, test-service3, 1}" : {
          "DATARATE_TX" : 1.019999999999999E-4,
          "DATARATE_RX" : 5.099999999999995E-5
        }
      },
      "(clientPoolA, nodeD_c07, nodeD_c07)" : {
        "AppCoordinates {com.bbn, test-service3, 1}" : {
          "DATARATE_TX" : 8.199999999999996E-5,
          "DATARATE_RX" : 4.099999999999998E-5
        },
        "AppCoordinates {com.bbn, test-service2, 1}" : {
          "DATARATE_TX" : -7.623296525288703E-21,
          "DATARATE_RX" : -3.8116482626443515E-21
        },
        "AppCoordinates {com.bbn, test-service1, 1}" : {
          "DATARATE_TX" : -7.623296525288703E-21,
          "DATARATE_RX" : -3.8116482626443515E-21
        }
      },
      "(clientPoolA, nodeD_c00, nodeD_c00)" : {
        "AppCoordinates {com.bbn, test-service3, 1}" : {
          "DATARATE_TX" : 1.039999999999999E-4,
          "DATARATE_RX" : 5.199999999999995E-5
        },
        "AppCoordinates {com.bbn, test-service1, 1}" : {
          "DATARATE_TX" : -7.623296525288703E-21,
          "DATARATE_RX" : -3.8116482626443515E-21
        }
      },
      "(clientPoolA, nodeE_c03, nodeE_c03)" : {
        "AppCoordinates {com.bbn, test-service3, 1}" : {
          "DATARATE_TX" : 0.0,
          "DATARATE_RX" : 0.0
        }
      },
      "(clientPoolA, nodeD_c02, nodeD_c02)" : {
        "AppCoordinates {com.bbn, test-service3, 1}" : {
          "DATARATE_TX" : 7.799999999999997E-5,
          "DATARATE_RX" : 3.8999999999999986E-5
        }
      },
      "(clientPoolA, nodeE_c02, nodeE_c02)" : {
        "AppCoordinates {com.bbn, test-service3, 1}" : {
          "DATARATE_TX" : -7.623296525288703E-21,
          "DATARATE_RX" : -3.8116482626443515E-21
        }
      },
      "(clientPoolA, nodeD_c01, nodeD_c01)" : {
        "AppCoordinates {com.bbn, test-service3, 1}" : {
          "DATARATE_TX" : 9.199999999999993E-5,
          "DATARATE_RX" : 4.5999999999999966E-5
        },
        "AppCoordinates {com.bbn, test-service2, 1}" : {
          "DATARATE_TX" : -7.623296525288703E-21,
          "DATARATE_RX" : -3.8116482626443515E-21
        }
      }
    }
  },
  "networkDemand" : {
    "interface-nodeE ( nodeE )" : {
      "(clientPoolA, nodeD_c04, nodeD_c04)" : {
        "AppCoordinates {com.bbn, test-service3, 1}" : {
          "DATARATE_TX" : 8.852077562326867E-5,
          "DATARATE_RX" : 4.4260387811634334E-5
        },
        "AppCoordinates {com.bbn, test-service1, 1}" : {
          "DATARATE_TX" : -7.623296525288703E-21,
          "DATARATE_RX" : -3.8116482626443515E-21
        }
      },
      "(clientPoolA, nodeE_c01, nodeE_c01)" : {
        "AppCoordinates {com.bbn, test-service3, 1}" : {
          "DATARATE_TX" : 7.327977839335178E-5,
          "DATARATE_RX" : 3.663988919667589E-5
        }
      },
      "(clientPoolA, nodeD_c03, nodeD_c03)" : {
        "AppCoordinates {com.bbn, test-service1, 1}" : {
          "DATARATE_TX" : 1.0612188365650936E-4,
          "DATARATE_RX" : 5.306094182825468E-5
        }
      },
      "(clientPoolA, nodeE_c00, nodeE_c00)" : {
        "AppCoordinates {com.bbn, test-service3, 1}" : {
          "DATARATE_TX" : -7.623296525288703E-21,
          "DATARATE_RX" : -3.8116482626443515E-21
        }
      },
      "(clientPoolA, nodeD_c06, nodeD_c06)" : {
        "AppCoordinates {com.bbn, test-service2, 1}" : {
          "DATARATE_TX" : 1.2283102493074785E-4,
          "DATARATE_RX" : 6.141551246537392E-5
        }
      },
      "(clientPoolA, nodeD_c05, nodeD_c05)" : {
        "AppCoordinates {com.bbn, test-service3, 1}" : {
          "DATARATE_TX" : 9.515235457063698E-5,
          "DATARATE_RX" : 4.757617728531849E-5
        }
      },
      "(clientPoolA, nodeD_c07, nodeD_c07)" : {
        "AppCoordinates {com.bbn, test-service3, 1}" : {
          "DATARATE_TX" : 9.20997229916894E-5,
          "DATARATE_RX" : 4.60498614958447E-5
        },
        "AppCoordinates {com.bbn, test-service2, 1}" : {
          "DATARATE_TX" : -7.623296525288703E-21,
          "DATARATE_RX" : -3.8116482626443515E-21
        },
        "AppCoordinates {com.bbn, test-service1, 1}" : {
          "DATARATE_TX" : -7.623296525288703E-21,
          "DATARATE_RX" : -3.8116482626443515E-21
        }
      },
      "(clientPoolA, nodeD_c00, nodeD_c00)" : {
        "AppCoordinates {com.bbn, test-service3, 1}" : {
          "DATARATE_TX" : 9.074792243767314E-5,
          "DATARATE_RX" : 4.537396121883657E-5
        },
        "AppCoordinates {com.bbn, test-service1, 1}" : {
          "DATARATE_TX" : -7.623296525288703E-21,
          "DATARATE_RX" : -3.8116482626443515E-21
        }
      },
      "(clientPoolA, nodeD_c02, nodeD_c02)" : {
        "AppCoordinates {com.bbn, test-service3, 1}" : {
          "DATARATE_TX" : 4.691412742382269E-5,
          "DATARATE_RX" : 2.3457063711911346E-5
        }
      },
      "(clientPoolA, nodeE_c03, nodeE_c03)" : {
        "AppCoordinates {com.bbn, test-service3, 1}" : {
          "DATARATE_TX" : 2.4376731301939045E-7,
          "DATARATE_RX" : 1.2188365650969522E-7
        }
      },
      "(clientPoolA, nodeD_c01, nodeD_c01)" : {
        "AppCoordinates {com.bbn, test-service3, 1}" : {
          "DATARATE_TX" : 7.330375426621158E-5,
          "DATARATE_RX" : 3.665187713310579E-5
        },
        "AppCoordinates {com.bbn, test-service2, 1}" : {
          "DATARATE_TX" : -7.623296525288703E-21,
          "DATARATE_RX" : -3.8116482626443515E-21
        }
      },
      "(clientPoolA, nodeE_c02, nodeE_c02)" : {
        "AppCoordinates {com.bbn, test-service3, 1}" : {
          "DATARATE_TX" : 8.709141274238221E-6,
          "DATARATE_RX" : 4.3545706371191105E-6
        }
      }
    }
  },
  "containerReports" : {
    "nodeA_c01" : {
      "containerName" : {
        "name" : "nodeA_c01"
      },
      "timestamp" : 390498,
      "service" : {
        "group" : "com.bbn",
        "artifact" : "test-service3",
        "version" : "1"
      },
      "serviceStatus" : "RUNNING",
      "demandEstimationWindow" : "LONG",
      "computeCapacity" : {
        "CPU" : 1.0,
        "TASK_CONTAINERS" : 100.0,
        "QueueLength" : 1000000.0
      },
      "computeLoad" : {
        "UNKNOWN" : {
          "QueueLength" : 40.0,
          "TASK_CONTAINERS" : 20.0
        }
      },
      "computeDemand" : {
        "UNKNOWN" : {
          "QueueLength" : 39.171270718232044,
          "TASK_CONTAINERS" : 19.585635359116022
        }
      },
      "averageProcessingTime" : 120000.0,
      "networkCapacity" : {
        "interface-nodeA ( nodeA )" : {
          "DATARATE_TX" : 100.0,
          "DATARATE_RX" : 100.0
        }
      },
      "networkLoad" : {
        "interface-nodeA ( nodeA )" : {
          "(clientPoolA, nodeA_c01, nodeA_c01)" : {
            "AppCoordinates {com.bbn, test-service3, 1}" : {
              "DATARATE_TX" : 7.999999999999997E-5,
              "DATARATE_RX" : 3.999999999999998E-5
            }
          }
        }
      },
      "networkDemand" : {
        "interface-nodeA ( nodeA )" : {
          "(clientPoolA, nodeA_c01, nodeA_c01)" : {
            "AppCoordinates {com.bbn, test-service3, 1}" : {
              "DATARATE_TX" : 7.85595567867037E-5,
              "DATARATE_RX" : 3.927977839335185E-5
            }
          }
        }
      }
    }
  },
  "maximumServiceContainers" : 20,
  "allocatedServiceContainers" : 1,
  "computeDemand" : {
    "AppCoordinates {com.bbn, test-service3, 1}" : {
      "UNKNOWN" : {
        "QueueLength" : 39.171270718232044,
        "TASK_CONTAINERS" : 19.585635359116022
      }
    }
  },
  "containerNetworkLoad" : {
    "interface-nodeA ( nodeA )" : {
      "(clientPoolA, nodeA_c01, nodeA_c01)" : {
        "AppCoordinates {com.bbn, test-service3, 1}" : {
          "DATARATE_TX" : 7.999999999999997E-5,
          "DATARATE_RX" : 3.999999999999998E-5
        }
      }
    }
  },
  "containerNetworkDemand" : {
    "interface-nodeA ( nodeA )" : {
      "(clientPoolA, nodeA_c01, nodeA_c01)" : {
        "AppCoordinates {com.bbn, test-service3, 1}" : {
          "DATARATE_TX" : 7.85595567867037E-5,
          "DATARATE_RX" : 3.927977839335185E-5
        }
      }
    }
  },
  "computeLoad" : {
    "AppCoordinates {com.bbn, test-service3, 1}" : {
      "UNKNOWN" : {
        "QueueLength" : 40.0,
        "TASK_CONTAINERS" : 20.0
      }
    }
  },
  "availableServiceContainers" : 19,
  "averageProcessingTime" : {
    "AppCoordinates {com.bbn, test-service3, 1}" : 120000.0
  },
  "allocatedComputeCapacity" : {
    "CPU" : 1.0,
    "QueueLength" : 1000000.0,
    "TASK_CONTAINERS" : 100.0
  }
}