{
  "clientName" : "clientPoolI",
  "clientRegion" : {
    "name" : "I"
  },
  "numRequestsAttempted" : 3000,
  "numRequestsSucceeded" : 1583,
  "numRequestsFailedForServerLoad" : 1417,
  "numRequestsFailedForNetworkLoad" : 0,
  "numRequestsSlowForServerLoad" : 409,
  "numRequestsSlowForNetworkLoad" : 0,
  "numRequestsSlowForNetworkAndServerLoad" : 0,
  "numRequestsServicedByRegion" : {
    "A" : 412,
    "B" : 287,
    "C" : 63,
    "D" : 57,
    "G" : 54,
    "H" : 15,
    "I" : 695
  },
  "numRequestsFailedForDownNode" : 0
}