{
  "clientName" : "clientPoolI",
  "clientRegion" : {
    "name" : "I"
  },
  "numRequestsAttempted" : 3600,
  "numRequestsSucceeded" : 2208,
  "numRequestsFailedForServerLoad" : 1392,
  "numRequestsFailedForNetworkLoad" : 0,
  "numRequestsSlowForServerLoad" : 649,
  "numRequestsSlowForNetworkLoad" : 0,
  "numRequestsSlowForNetworkAndServerLoad" : 0,
  "numRequestsServicedByRegion" : {
    "A" : 679,
    "B" : 180,
    "C" : 356,
    "G" : 159,
    "I" : 834
  },
  "numRequestsFailedForDownNode" : 0
}