{
  "clientName" : "clientPoolN",
  "clientRegion" : {
    "name" : "N"
  },
  "numRequestsAttempted" : 2589,
  "numRequestsSucceeded" : 1206,
  "numRequestsFailedForServerLoad" : 1383,
  "numRequestsFailedForNetworkLoad" : 0,
  "numRequestsSlowForServerLoad" : 230,
  "numRequestsSlowForNetworkLoad" : 0,
  "numRequestsSlowForNetworkAndServerLoad" : 0,
  "numRequestsServicedByRegion" : {
    "A" : 769,
    "E" : 24,
    "H" : 146,
    "J" : 10,
    "L" : 26,
    "N" : 200,
    "O" : 31
  },
  "numRequestsFailedForDownNode" : 0
}