{
  "nodeName" : {
    "name" : "nodeJ"
  },
  "timestamp" : 358992,
  "demandEstimationWindow" : "SHORT",
  "nodeComputeCapacity" : {
    "CPU" : 4.0,
    "MEMORY" : 8.0E9,
    "DISK" : 10.0,
    "TASK_CONTAINERS" : 20.0
  },
  "networkCapacity" : {
    "interface-nodeH ( nodeH )" : {
      "DATARATE_RX" : 100.0,
      "DATARATE_TX" : 100.0
    },
    "interface-nodeL ( nodeL )" : {
      "DATARATE_RX" : 100.0,
      "DATARATE_TX" : 100.0
    }
  },
  "networkLoad" : {
    "interface-nodeH ( nodeH )" : {
      "(clientPoolJ, nodeE_c07, nodeE_c07)" : {
        "AppCoordinates {com.bbn, test-service3, 1}" : {
          "DATARATE_TX" : 0.008,
          "DATARATE_RX" : 0.004
        },
        "AppCoordinates {com.bbn, test-service2, 1}" : {
          "DATARATE_TX" : 0.006,
          "DATARATE_RX" : 0.003
        }
      },
      "(clientPoolJ, nodeE_c06, nodeE_c06)" : {
        "AppCoordinates {com.bbn, test-service3, 1}" : {
          "DATARATE_TX" : 0.01,
          "DATARATE_RX" : 0.005
        }
      },
      "(clientPoolJ, nodeE_c05, nodeE_c05)" : {
        "AppCoordinates {com.bbn, test-service3, 1}" : {
          "DATARATE_TX" : 0.006,
          "DATARATE_RX" : 0.003
        }
      },
      "(clientPoolJ, nodeE_c04, nodeE_c04)" : {
        "AppCoordinates {com.bbn, test-service1, 1}" : {
          "DATARATE_TX" : 0.008,
          "DATARATE_RX" : 0.004
        }
      },
      "(clientPoolJ, nodeE_c03, nodeE_c03)" : {
        "AppCoordinates {com.bbn, test-service2, 1}" : {
          "DATARATE_TX" : 0.006,
          "DATARATE_RX" : 0.003
        }
      },
      "(clientPoolJ, nodeE_c02, nodeE_c02)" : {
        "AppCoordinates {com.bbn, test-service3, 1}" : {
          "DATARATE_TX" : 0.008,
          "DATARATE_RX" : 0.004
        }
      },
      "(clientPoolJ, nodeE_c01, nodeE_c01)" : {
        "AppCoordinates {com.bbn, test-service2, 1}" : {
          "DATARATE_TX" : 0.008,
          "DATARATE_RX" : 0.004
        }
      },
      "(clientPoolJ, nodeE_c00, nodeE_c00)" : {
        "AppCoordinates {com.bbn, test-service3, 1}" : {
          "DATARATE_TX" : 0.006,
          "DATARATE_RX" : 0.003
        },
        "AppCoordinates {com.bbn, test-service1, 1}" : {
          "DATARATE_TX" : 0.008,
          "DATARATE_RX" : 0.004
        }
      }
    },
    "interface-nodeL ( nodeL )" : { }
  },
  "networkDemand" : {
    "interface-nodeL ( nodeL )" : { },
    "interface-nodeH ( nodeH )" : {
      "(clientPoolJ, nodeE_c07, nodeE_c07)" : {
        "AppCoordinates {com.bbn, test-service3, 1}" : {
          "DATARATE_TX" : 0.008,
          "DATARATE_RX" : 0.004
        },
        "AppCoordinates {com.bbn, test-service2, 1}" : {
          "DATARATE_TX" : 0.005999999999999999,
          "DATARATE_RX" : 0.0029999999999999996
        }
      },
      "(clientPoolJ, nodeE_c06, nodeE_c06)" : {
        "AppCoordinates {com.bbn, test-service3, 1}" : {
          "DATARATE_TX" : 0.01,
          "DATARATE_RX" : 0.005
        }
      },
      "(clientPoolJ, nodeE_c05, nodeE_c05)" : {
        "AppCoordinates {com.bbn, test-service3, 1}" : {
          "DATARATE_TX" : 0.005999999999999999,
          "DATARATE_RX" : 0.0029999999999999996
        }
      },
      "(clientPoolJ, nodeE_c04, nodeE_c04)" : {
        "AppCoordinates {com.bbn, test-service1, 1}" : {
          "DATARATE_TX" : 0.008,
          "DATARATE_RX" : 0.004
        }
      },
      "(clientPoolJ, nodeE_c03, nodeE_c03)" : {
        "AppCoordinates {com.bbn, test-service2, 1}" : {
          "DATARATE_TX" : 0.005999999999999999,
          "DATARATE_RX" : 0.0029999999999999996
        }
      },
      "(clientPoolJ, nodeE_c02, nodeE_c02)" : {
        "AppCoordinates {com.bbn, test-service3, 1}" : {
          "DATARATE_TX" : 0.008,
          "DATARATE_RX" : 0.004
        }
      },
      "(clientPoolJ, nodeE_c01, nodeE_c01)" : {
        "AppCoordinates {com.bbn, test-service2, 1}" : {
          "DATARATE_TX" : 0.008,
          "DATARATE_RX" : 0.004
        }
      },
      "(clientPoolJ, nodeE_c00, nodeE_c00)" : {
        "AppCoordinates {com.bbn, test-service3, 1}" : {
          "DATARATE_TX" : 0.005999999999999999,
          "DATARATE_RX" : 0.0029999999999999996
        },
        "AppCoordinates {com.bbn, test-service1, 1}" : {
          "DATARATE_TX" : 0.008,
          "DATARATE_RX" : 0.004
        }
      }
    }
  },
  "containerReports" : {
    "nodeJ_c08" : {
      "containerName" : {
        "name" : "nodeJ_c08"
      },
      "timestamp" : 358992,
      "service" : {
        "group" : "com.bbn",
        "artifact" : "test-service1",
        "version" : "1"
      },
      "serviceStatus" : "RUNNING",
      "demandEstimationWindow" : "SHORT",
      "computeCapacity" : {
        "CPU" : 1.0,
        "TASK_CONTAINERS" : 1.0,
        "QueueLength" : 1000000.0
      },
      "computeLoad" : {
        "UNKNOWN" : {
          "QueueLength" : 0.0
        }
      },
      "computeDemand" : {
        "UNKNOWN" : {
          "QueueLength" : 0.0
        }
      },
      "averageProcessingTime" : "NaN",
      "networkCapacity" : {
        "interface-nodeJ ( nodeJ )" : {
          "DATARATE_TX" : 100.0,
          "DATARATE_RX" : 100.0
        }
      },
      "networkLoad" : {
        "interface-nodeJ ( nodeJ )" : { }
      },
      "networkDemand" : {
        "interface-nodeJ ( nodeJ )" : { }
      }
    },
    "nodeJ_c05" : {
      "containerName" : {
        "name" : "nodeJ_c05"
      },
      "timestamp" : 358992,
      "service" : {
        "group" : "com.bbn",
        "artifact" : "test-service1",
        "version" : "1"
      },
      "serviceStatus" : "RUNNING",
      "demandEstimationWindow" : "SHORT",
      "computeCapacity" : {
        "CPU" : 1.0,
        "TASK_CONTAINERS" : 1.0,
        "QueueLength" : 1000000.0
      },
      "computeLoad" : {
        "UNKNOWN" : {
          "QueueLength" : 10.0,
          "TASK_CONTAINERS" : 0.9999999999999999
        }
      },
      "computeDemand" : {
        "UNKNOWN" : {
          "QueueLength" : 8.75,
          "TASK_CONTAINERS" : 0.8749999999999999
        }
      },
      "averageProcessingTime" : "NaN",
      "networkCapacity" : {
        "interface-nodeJ ( nodeJ )" : {
          "DATARATE_TX" : 100.0,
          "DATARATE_RX" : 100.0
        }
      },
      "networkLoad" : {
        "interface-nodeJ ( nodeJ )" : {
          "(clientPoolJ, nodeJ_c05, nodeJ_c05)" : {
            "AppCoordinates {com.bbn, test-service1, 1}" : {
              "DATARATE_TX" : 0.022000000000000006,
              "DATARATE_RX" : 0.011000000000000003
            }
          }
        }
      },
      "networkDemand" : {
        "interface-nodeJ ( nodeJ )" : {
          "(clientPoolJ, nodeJ_c05, nodeJ_c05)" : {
            "AppCoordinates {com.bbn, test-service1, 1}" : {
              "DATARATE_TX" : 0.022000000000000002,
              "DATARATE_RX" : 0.011000000000000001
            }
          }
        }
      }
    },
    "nodeJ_c04" : {
      "containerName" : {
        "name" : "nodeJ_c04"
      },
      "timestamp" : 358992,
      "service" : {
        "group" : "com.bbn",
        "artifact" : "test-service2",
        "version" : "1"
      },
      "serviceStatus" : "RUNNING",
      "demandEstimationWindow" : "SHORT",
      "computeCapacity" : {
        "CPU" : 1.0,
        "TASK_CONTAINERS" : 1.0,
        "QueueLength" : 1000000.0
      },
      "computeLoad" : {
        "UNKNOWN" : {
          "QueueLength" : 7.0,
          "TASK_CONTAINERS" : 0.7
        }
      },
      "computeDemand" : {
        "UNKNOWN" : {
          "QueueLength" : 6.125,
          "TASK_CONTAINERS" : 0.6125
        }
      },
      "averageProcessingTime" : "NaN",
      "networkCapacity" : {
        "interface-nodeJ ( nodeJ )" : {
          "DATARATE_TX" : 100.0,
          "DATARATE_RX" : 100.0
        }
      },
      "networkLoad" : {
        "interface-nodeJ ( nodeJ )" : {
          "(clientPoolJ, nodeJ_c04, nodeJ_c04)" : {
            "AppCoordinates {com.bbn, test-service2, 1}" : {
              "DATARATE_TX" : 0.014,
              "DATARATE_RX" : 0.007
            }
          }
        }
      },
      "networkDemand" : {
        "interface-nodeJ ( nodeJ )" : {
          "(clientPoolJ, nodeJ_c04, nodeJ_c04)" : {
            "AppCoordinates {com.bbn, test-service2, 1}" : {
              "DATARATE_TX" : 0.014,
              "DATARATE_RX" : 0.007
            }
          }
        }
      }
    },
    "nodeJ_c07" : {
      "containerName" : {
        "name" : "nodeJ_c07"
      },
      "timestamp" : 358993,
      "service" : {
        "group" : "com.bbn",
        "artifact" : "test-service2",
        "version" : "1"
      },
      "serviceStatus" : "RUNNING",
      "demandEstimationWindow" : "SHORT",
      "computeCapacity" : {
        "CPU" : 1.0,
        "TASK_CONTAINERS" : 1.0,
        "QueueLength" : 1000000.0
      },
      "computeLoad" : {
        "UNKNOWN" : {
          "QueueLength" : 0.0
        }
      },
      "computeDemand" : {
        "UNKNOWN" : {
          "QueueLength" : 0.0
        }
      },
      "averageProcessingTime" : "NaN",
      "networkCapacity" : {
        "interface-nodeJ ( nodeJ )" : {
          "DATARATE_TX" : 100.0,
          "DATARATE_RX" : 100.0
        }
      },
      "networkLoad" : {
        "interface-nodeJ ( nodeJ )" : { }
      },
      "networkDemand" : {
        "interface-nodeJ ( nodeJ )" : { }
      }
    },
    "nodeJ_c06" : {
      "containerName" : {
        "name" : "nodeJ_c06"
      },
      "timestamp" : 358993,
      "service" : {
        "group" : "com.bbn",
        "artifact" : "test-service3",
        "version" : "1"
      },
      "serviceStatus" : "RUNNING",
      "demandEstimationWindow" : "SHORT",
      "computeCapacity" : {
        "CPU" : 1.0,
        "TASK_CONTAINERS" : 1.0,
        "QueueLength" : 1000000.0
      },
      "computeLoad" : {
        "UNKNOWN" : {
          "QueueLength" : 0.0
        }
      },
      "computeDemand" : {
        "UNKNOWN" : {
          "QueueLength" : 0.0
        }
      },
      "averageProcessingTime" : "NaN",
      "networkCapacity" : {
        "interface-nodeJ ( nodeJ )" : {
          "DATARATE_TX" : 100.0,
          "DATARATE_RX" : 100.0
        }
      },
      "networkLoad" : {
        "interface-nodeJ ( nodeJ )" : { }
      },
      "networkDemand" : {
        "interface-nodeJ ( nodeJ )" : { }
      }
    },
    "nodeJ_c01" : {
      "containerName" : {
        "name" : "nodeJ_c01"
      },
      "timestamp" : 358993,
      "service" : {
        "group" : "com.bbn",
        "artifact" : "test-service2",
        "version" : "1"
      },
      "serviceStatus" : "RUNNING",
      "demandEstimationWindow" : "SHORT",
      "computeCapacity" : {
        "CPU" : 1.0,
        "TASK_CONTAINERS" : 1.0,
        "QueueLength" : 1000000.0
      },
      "computeLoad" : {
        "UNKNOWN" : {
          "QueueLength" : 10.0,
          "TASK_CONTAINERS" : 0.9999999999999999
        }
      },
      "computeDemand" : {
        "UNKNOWN" : {
          "QueueLength" : 8.75,
          "TASK_CONTAINERS" : 0.8749999999999999
        }
      },
      "averageProcessingTime" : "NaN",
      "networkCapacity" : {
        "interface-nodeJ ( nodeJ )" : {
          "DATARATE_TX" : 100.0,
          "DATARATE_RX" : 100.0
        }
      },
      "networkLoad" : {
        "interface-nodeJ ( nodeJ )" : {
          "(clientPoolJ, nodeJ_c01, nodeJ_c01)" : {
            "AppCoordinates {com.bbn, test-service2, 1}" : {
              "DATARATE_TX" : 0.06600000000000004,
              "DATARATE_RX" : 0.03300000000000002
            }
          }
        }
      },
      "networkDemand" : {
        "interface-nodeJ ( nodeJ )" : {
          "(clientPoolJ, nodeJ_c01, nodeJ_c01)" : {
            "AppCoordinates {com.bbn, test-service2, 1}" : {
              "DATARATE_TX" : 0.06600000000000004,
              "DATARATE_RX" : 0.03300000000000002
            }
          }
        }
      }
    },
    "nodeJ_c00" : {
      "containerName" : {
        "name" : "nodeJ_c00"
      },
      "timestamp" : 358994,
      "service" : {
        "group" : "com.bbn",
        "artifact" : "test-service3",
        "version" : "1"
      },
      "serviceStatus" : "RUNNING",
      "demandEstimationWindow" : "SHORT",
      "computeCapacity" : {
        "CPU" : 1.0,
        "TASK_CONTAINERS" : 1.0,
        "QueueLength" : 1000000.0
      },
      "computeLoad" : {
        "UNKNOWN" : {
          "QueueLength" : 10.0,
          "TASK_CONTAINERS" : 0.9999999999999999
        }
      },
      "computeDemand" : {
        "UNKNOWN" : {
          "QueueLength" : 8.75,
          "TASK_CONTAINERS" : 0.8749999999999999
        }
      },
      "averageProcessingTime" : "NaN",
      "networkCapacity" : {
        "interface-nodeJ ( nodeJ )" : {
          "DATARATE_TX" : 100.0,
          "DATARATE_RX" : 100.0
        }
      },
      "networkLoad" : {
        "interface-nodeJ ( nodeJ )" : {
          "(clientPoolJ, nodeJ_c00, nodeJ_c00)" : {
            "AppCoordinates {com.bbn, test-service3, 1}" : {
              "DATARATE_TX" : 0.06000000000000004,
              "DATARATE_RX" : 0.03000000000000002
            }
          }
        }
      },
      "networkDemand" : {
        "interface-nodeJ ( nodeJ )" : {
          "(clientPoolJ, nodeJ_c00, nodeJ_c00)" : {
            "AppCoordinates {com.bbn, test-service3, 1}" : {
              "DATARATE_TX" : 0.060000000000000046,
              "DATARATE_RX" : 0.030000000000000023
            }
          }
        }
      }
    },
    "nodeJ_c03" : {
      "containerName" : {
        "name" : "nodeJ_c03"
      },
      "timestamp" : 358995,
      "service" : {
        "group" : "com.bbn",
        "artifact" : "test-service3",
        "version" : "1"
      },
      "serviceStatus" : "RUNNING",
      "demandEstimationWindow" : "SHORT",
      "computeCapacity" : {
        "CPU" : 1.0,
        "TASK_CONTAINERS" : 1.0,
        "QueueLength" : 1000000.0
      },
      "computeLoad" : {
        "UNKNOWN" : {
          "QueueLength" : 10.0,
          "TASK_CONTAINERS" : 0.9999999999999999
        }
      },
      "computeDemand" : {
        "UNKNOWN" : {
          "QueueLength" : 8.75,
          "TASK_CONTAINERS" : 0.8749999999999999
        }
      },
      "averageProcessingTime" : "NaN",
      "networkCapacity" : {
        "interface-nodeJ ( nodeJ )" : {
          "DATARATE_TX" : 100.0,
          "DATARATE_RX" : 100.0
        }
      },
      "networkLoad" : {
        "interface-nodeJ ( nodeJ )" : {
          "(clientPoolJ, nodeJ_c03, nodeJ_c03)" : {
            "AppCoordinates {com.bbn, test-service3, 1}" : {
              "DATARATE_TX" : 0.020000000000000004,
              "DATARATE_RX" : 0.010000000000000002
            }
          }
        }
      },
      "networkDemand" : {
        "interface-nodeJ ( nodeJ )" : {
          "(clientPoolJ, nodeJ_c03, nodeJ_c03)" : {
            "AppCoordinates {com.bbn, test-service3, 1}" : {
              "DATARATE_TX" : 0.02,
              "DATARATE_RX" : 0.01
            }
          }
        }
      }
    },
    "nodeJ_c02" : {
      "containerName" : {
        "name" : "nodeJ_c02"
      },
      "timestamp" : 358995,
      "service" : {
        "group" : "com.bbn",
        "artifact" : "test-service1",
        "version" : "1"
      },
      "serviceStatus" : "RUNNING",
      "demandEstimationWindow" : "SHORT",
      "computeCapacity" : {
        "CPU" : 1.0,
        "TASK_CONTAINERS" : 1.0,
        "QueueLength" : 1000000.0
      },
      "computeLoad" : {
        "UNKNOWN" : {
          "QueueLength" : 10.0,
          "TASK_CONTAINERS" : 0.9999999999999999
        }
      },
      "computeDemand" : {
        "UNKNOWN" : {
          "QueueLength" : 8.75,
          "TASK_CONTAINERS" : 0.8749999999999999
        }
      },
      "averageProcessingTime" : "NaN",
      "networkCapacity" : {
        "interface-nodeJ ( nodeJ )" : {
          "DATARATE_TX" : 100.0,
          "DATARATE_RX" : 100.0
        }
      },
      "networkLoad" : {
        "interface-nodeJ ( nodeJ )" : {
          "(clientPoolJ, nodeJ_c02, nodeJ_c02)" : {
            "AppCoordinates {com.bbn, test-service1, 1}" : {
              "DATARATE_TX" : 0.05800000000000004,
              "DATARATE_RX" : 0.02900000000000002
            }
          }
        }
      },
      "networkDemand" : {
        "interface-nodeJ ( nodeJ )" : {
          "(clientPoolJ, nodeJ_c02, nodeJ_c02)" : {
            "AppCoordinates {com.bbn, test-service1, 1}" : {
              "DATARATE_TX" : 0.058000000000000045,
              "DATARATE_RX" : 0.029000000000000022
            }
          }
        }
      }
    }
  },
  "maximumServiceContainers" : 20,
  "allocatedServiceContainers" : 9,
  "computeDemand" : {
    "AppCoordinates {com.bbn, test-service3, 1}" : {
      "UNKNOWN" : {
        "QueueLength" : 17.5,
        "TASK_CONTAINERS" : 1.7499999999999998
      }
    },
    "AppCoordinates {com.bbn, test-service2, 1}" : {
      "UNKNOWN" : {
        "QueueLength" : 14.875,
        "TASK_CONTAINERS" : 1.4874999999999998
      }
    },
    "AppCoordinates {com.bbn, test-service1, 1}" : {
      "UNKNOWN" : {
        "QueueLength" : 17.5,
        "TASK_CONTAINERS" : 1.7499999999999998
      }
    }
  },
  "containerNetworkLoad" : {
    "interface-nodeJ ( nodeJ )" : {
      "(clientPoolJ, nodeJ_c03, nodeJ_c03)" : {
        "AppCoordinates {com.bbn, test-service3, 1}" : {
          "DATARATE_TX" : 0.020000000000000004,
          "DATARATE_RX" : 0.010000000000000002
        }
      },
      "(clientPoolJ, nodeJ_c02, nodeJ_c02)" : {
        "AppCoordinates {com.bbn, test-service1, 1}" : {
          "DATARATE_TX" : 0.05800000000000004,
          "DATARATE_RX" : 0.02900000000000002
        }
      },
      "(clientPoolJ, nodeJ_c05, nodeJ_c05)" : {
        "AppCoordinates {com.bbn, test-service1, 1}" : {
          "DATARATE_TX" : 0.022000000000000006,
          "DATARATE_RX" : 0.011000000000000003
        }
      },
      "(clientPoolJ, nodeJ_c04, nodeJ_c04)" : {
        "AppCoordinates {com.bbn, test-service2, 1}" : {
          "DATARATE_TX" : 0.014,
          "DATARATE_RX" : 0.007
        }
      },
      "(clientPoolJ, nodeJ_c01, nodeJ_c01)" : {
        "AppCoordinates {com.bbn, test-service2, 1}" : {
          "DATARATE_TX" : 0.06600000000000004,
          "DATARATE_RX" : 0.03300000000000002
        }
      },
      "(clientPoolJ, nodeJ_c00, nodeJ_c00)" : {
        "AppCoordinates {com.bbn, test-service3, 1}" : {
          "DATARATE_TX" : 0.06000000000000004,
          "DATARATE_RX" : 0.03000000000000002
        }
      }
    }
  },
  "containerNetworkDemand" : {
    "interface-nodeJ ( nodeJ )" : {
      "(clientPoolJ, nodeJ_c03, nodeJ_c03)" : {
        "AppCoordinates {com.bbn, test-service3, 1}" : {
          "DATARATE_TX" : 0.02,
          "DATARATE_RX" : 0.01
        }
      },
      "(clientPoolJ, nodeJ_c02, nodeJ_c02)" : {
        "AppCoordinates {com.bbn, test-service1, 1}" : {
          "DATARATE_TX" : 0.058000000000000045,
          "DATARATE_RX" : 0.029000000000000022
        }
      },
      "(clientPoolJ, nodeJ_c05, nodeJ_c05)" : {
        "AppCoordinates {com.bbn, test-service1, 1}" : {
          "DATARATE_TX" : 0.022000000000000002,
          "DATARATE_RX" : 0.011000000000000001
        }
      },
      "(clientPoolJ, nodeJ_c04, nodeJ_c04)" : {
        "AppCoordinates {com.bbn, test-service2, 1}" : {
          "DATARATE_TX" : 0.014,
          "DATARATE_RX" : 0.007
        }
      },
      "(clientPoolJ, nodeJ_c01, nodeJ_c01)" : {
        "AppCoordinates {com.bbn, test-service2, 1}" : {
          "DATARATE_TX" : 0.06600000000000004,
          "DATARATE_RX" : 0.03300000000000002
        }
      },
      "(clientPoolJ, nodeJ_c00, nodeJ_c00)" : {
        "AppCoordinates {com.bbn, test-service3, 1}" : {
          "DATARATE_TX" : 0.060000000000000046,
          "DATARATE_RX" : 0.030000000000000023
        }
      }
    }
  },
  "computeLoad" : {
    "AppCoordinates {com.bbn, test-service3, 1}" : {
      "UNKNOWN" : {
        "QueueLength" : 20.0,
        "TASK_CONTAINERS" : 1.9999999999999998
      }
    },
    "AppCoordinates {com.bbn, test-service2, 1}" : {
      "UNKNOWN" : {
        "QueueLength" : 17.0,
        "TASK_CONTAINERS" : 1.6999999999999997
      }
    },
    "AppCoordinates {com.bbn, test-service1, 1}" : {
      "UNKNOWN" : {
        "QueueLength" : 20.0,
        "TASK_CONTAINERS" : 1.9999999999999998
      }
    }
  },
  "allocatedComputeCapacity" : {
    "CPU" : 9.0,
    "QueueLength" : 9000000.0,
    "TASK_CONTAINERS" : 9.0
  },
  "availableServiceContainers" : 11,
  "averageProcessingTime" : { }
}