379,1,DNS_UPDATE_SUCCEEDED
41391,83,RLG_PLAN_PUBLISHED
41392,83,DCOP_PLAN_PLUBLIED
41896,84,DNS_UPDATE_SUCCEEDED
221895,440,DCOP_PLAN_PLUBLIED
224660,446,RLG_PLAN_PUBLISHED
225046,447,DNS_UPDATE_SUCCEEDED
462297,917,DCOP_PLAN_PLUBLIED
465011,922,RLG_PLAN_PUBLISHED
465268,923,DNS_UPDATE_SUCCEEDED
581958,1154,DCOP_PLAN_PLUBLIED
582188,1154,RLG_PLAN_PUBLISHED
582284,1155,DNS_UPDATE_SUCCEEDED
701933,1392,DCOP_PLAN_PLUBLIED
702367,1393,RLG_PLAN_PUBLISHED
702856,1394,DNS_UPDATE_SUCCEEDED
821867,1629,DCOP_PLAN_PLUBLIED
822566,1631,RLG_PLAN_PUBLISHED
822965,1632,DNS_UPDATE_SUCCEEDED
941534,1867,DCOP_PLAN_PLUBLIED
942760,1869,RLG_PLAN_PUBLISHED
943040,1870,DNS_UPDATE_SUCCEEDED
