{
  "nodeName" : {
    "name" : "nodeI"
  },
  "timestamp" : 368497,
  "demandEstimationWindow" : "LONG",
  "nodeComputeCapacity" : {
    "CPU" : 4.0,
    "MEMORY" : 8.0E9,
    "DISK" : 10.0,
    "TASK_CONTAINERS" : 20.0
  },
  "networkCapacity" : {
    "interface-nodeD ( nodeD )" : {
      "DATARATE_RX" : 100.0,
      "DATARATE_TX" : 100.0
    },
    "interface-clientPoolI ( clientPoolI )" : {
      "DATARATE_RX" : 100.0,
      "DATARATE_TX" : 100.0
    },
    "interface-nodeB ( nodeB )" : {
      "DATARATE_RX" : 100.0,
      "DATARATE_TX" : 100.0
    },
    "interface-nodeC ( nodeC )" : {
      "DATARATE_RX" : 100.0,
      "DATARATE_TX" : 100.0
    },
    "interface-nodeG ( nodeG )" : {
      "DATARATE_RX" : 100.0,
      "DATARATE_TX" : 100.0
    },
    "interface-nodeA ( nodeA )" : {
      "DATARATE_RX" : 100.0,
      "DATARATE_TX" : 100.0
    }
  },
  "networkLoad" : {
    "interface-nodeD ( nodeD )" : { },
    "interface-clientPoolI ( clientPoolI )" : {
      "(nodeB_c03, clientPoolI, nodeB_c03)" : {
        "AppCoordinates {com.bbn, test-service1, 1}" : {
          "DATARATE_TX" : 3.0E-6,
          "DATARATE_RX" : 6.0E-6
        }
      },
      "(nodeB_c13, clientPoolI, nodeB_c13)" : {
        "AppCoordinates {com.bbn, test-service1, 1}" : {
          "DATARATE_TX" : 4.2351647362715017E-22,
          "DATARATE_RX" : 8.470329472543003E-22
        }
      },
      "(nodeB_c01, clientPoolI, nodeB_c01)" : {
        "AppCoordinates {com.bbn, test-service1, 1}" : {
          "DATARATE_TX" : 3.0E-6,
          "DATARATE_RX" : 6.0E-6
        }
      },
      "(nodeB_c11, clientPoolI, nodeB_c11)" : {
        "AppCoordinates {com.bbn, test-service1, 1}" : {
          "DATARATE_TX" : 4.2351647362715017E-22,
          "DATARATE_RX" : 8.470329472543003E-22
        }
      },
      "(nodeB_c07, clientPoolI, nodeB_c07)" : {
        "AppCoordinates {com.bbn, test-service1, 1}" : {
          "DATARATE_TX" : 1.0000000000000004E-6,
          "DATARATE_RX" : 2.0000000000000008E-6
        }
      },
      "(nodeB_c17, clientPoolI, nodeB_c17)" : {
        "AppCoordinates {com.bbn, test-service1, 1}" : {
          "DATARATE_TX" : 1.0000000000000004E-6,
          "DATARATE_RX" : 2.0000000000000008E-6
        }
      },
      "(nodeB_c05, clientPoolI, nodeB_c05)" : {
        "AppCoordinates {com.bbn, test-service1, 1}" : {
          "DATARATE_TX" : 2.0000000000000003E-6,
          "DATARATE_RX" : 4.000000000000001E-6
        }
      },
      "(nodeB_c15, clientPoolI, nodeB_c15)" : {
        "AppCoordinates {com.bbn, test-service1, 1}" : {
          "DATARATE_TX" : 2.0000000000000003E-6,
          "DATARATE_RX" : 4.000000000000001E-6
        }
      },
      "(nodeB_c09, clientPoolI, nodeB_c09)" : {
        "AppCoordinates {com.bbn, test-service1, 1}" : {
          "DATARATE_TX" : 4.2351647362715017E-22,
          "DATARATE_RX" : 8.470329472543003E-22
        }
      },
      "(nodeB_c19, clientPoolI, nodeB_c19)" : {
        "AppCoordinates {com.bbn, test-service1, 1}" : {
          "DATARATE_TX" : 3.0E-6,
          "DATARATE_RX" : 6.0E-6
        }
      },
      "(nodeI_c00, clientPoolI, nodeI_c00)" : {
        "AppCoordinates {com.bbn, test-service1, 1}" : {
          "DATARATE_TX" : 4.0E-6,
          "DATARATE_RX" : 8.0E-6
        }
      },
      "(nodeI_c10, clientPoolI, nodeI_c10)" : {
        "AppCoordinates {com.bbn, test-service1, 1}" : {
          "DATARATE_TX" : 4.0E-6,
          "DATARATE_RX" : 8.0E-6
        }
      },
      "(nodeI_c02, clientPoolI, nodeI_c02)" : {
        "AppCoordinates {com.bbn, test-service1, 1}" : {
          "DATARATE_TX" : 2.0000000000000003E-6,
          "DATARATE_RX" : 4.000000000000001E-6
        }
      },
      "(nodeI_c12, clientPoolI, nodeI_c12)" : {
        "AppCoordinates {com.bbn, test-service1, 1}" : {
          "DATARATE_TX" : 4.0E-6,
          "DATARATE_RX" : 8.0E-6
        }
      },
      "(nodeI_c04, clientPoolI, nodeI_c04)" : {
        "AppCoordinates {com.bbn, test-service1, 1}" : {
          "DATARATE_TX" : 3.0E-6,
          "DATARATE_RX" : 6.0E-6
        }
      },
      "(nodeI_c14, clientPoolI, nodeI_c14)" : {
        "AppCoordinates {com.bbn, test-service1, 1}" : {
          "DATARATE_TX" : 3.0E-6,
          "DATARATE_RX" : 6.0E-6
        }
      },
      "(nodeB_c10, clientPoolI, nodeB_c10)" : {
        "AppCoordinates {com.bbn, test-service1, 1}" : {
          "DATARATE_TX" : 3.0E-6,
          "DATARATE_RX" : 6.0E-6
        }
      },
      "(nodeI_c06, clientPoolI, nodeI_c06)" : {
        "AppCoordinates {com.bbn, test-service1, 1}" : {
          "DATARATE_TX" : 3.0E-6,
          "DATARATE_RX" : 6.0E-6
        }
      },
      "(nodeI_c16, clientPoolI, nodeI_c16)" : {
        "AppCoordinates {com.bbn, test-service1, 1}" : {
          "DATARATE_TX" : 3.0E-6,
          "DATARATE_RX" : 6.0E-6
        }
      },
      "(nodeI_c08, clientPoolI, nodeI_c08)" : {
        "AppCoordinates {com.bbn, test-service1, 1}" : {
          "DATARATE_TX" : 3.0E-6,
          "DATARATE_RX" : 6.0E-6
        }
      },
      "(nodeI_c18, clientPoolI, nodeI_c18)" : {
        "AppCoordinates {com.bbn, test-service1, 1}" : {
          "DATARATE_TX" : 2.0000000000000003E-6,
          "DATARATE_RX" : 4.000000000000001E-6
        }
      },
      "(nodeB_c14, clientPoolI, nodeB_c14)" : {
        "AppCoordinates {com.bbn, test-service1, 1}" : {
          "DATARATE_TX" : 1.0000000000000004E-6,
          "DATARATE_RX" : 2.0000000000000008E-6
        }
      },
      "(nodeB_c02, clientPoolI, nodeB_c02)" : {
        "AppCoordinates {com.bbn, test-service1, 1}" : {
          "DATARATE_TX" : 2.0000000000000003E-6,
          "DATARATE_RX" : 4.000000000000001E-6
        }
      },
      "(nodeI_c09, clientPoolI, nodeI_c09)" : {
        "AppCoordinates {com.bbn, test-service1, 1}" : {
          "DATARATE_TX" : 3.0E-6,
          "DATARATE_RX" : 6.0E-6
        }
      },
      "(nodeB_c12, clientPoolI, nodeB_c12)" : {
        "AppCoordinates {com.bbn, test-service1, 1}" : {
          "DATARATE_TX" : 1.0000000000000004E-6,
          "DATARATE_RX" : 2.0000000000000008E-6
        }
      },
      "(nodeB_c00, clientPoolI, nodeB_c00)" : {
        "AppCoordinates {com.bbn, test-service1, 1}" : {
          "DATARATE_TX" : 2.0000000000000003E-6,
          "DATARATE_RX" : 4.000000000000001E-6
        }
      },
      "(nodeB_c18, clientPoolI, nodeB_c18)" : {
        "AppCoordinates {com.bbn, test-service1, 1}" : {
          "DATARATE_TX" : 1.0000000000000004E-6,
          "DATARATE_RX" : 2.0000000000000008E-6
        }
      },
      "(nodeB_c06, clientPoolI, nodeB_c06)" : {
        "AppCoordinates {com.bbn, test-service1, 1}" : {
          "DATARATE_TX" : 2.0000000000000003E-6,
          "DATARATE_RX" : 4.000000000000001E-6
        }
      },
      "(nodeB_c16, clientPoolI, nodeB_c16)" : {
        "AppCoordinates {com.bbn, test-service1, 1}" : {
          "DATARATE_TX" : 1.0000000000000004E-6,
          "DATARATE_RX" : 2.0000000000000008E-6
        }
      },
      "(nodeB_c04, clientPoolI, nodeB_c04)" : {
        "AppCoordinates {com.bbn, test-service1, 1}" : {
          "DATARATE_TX" : 1.0000000000000004E-6,
          "DATARATE_RX" : 2.0000000000000008E-6
        }
      },
      "(nodeB_c08, clientPoolI, nodeB_c08)" : {
        "AppCoordinates {com.bbn, test-service1, 1}" : {
          "DATARATE_TX" : 4.2351647362715017E-22,
          "DATARATE_RX" : 8.470329472543003E-22
        }
      },
      "(nodeI_c11, clientPoolI, nodeI_c11)" : {
        "AppCoordinates {com.bbn, test-service1, 1}" : {
          "DATARATE_TX" : 2.0000000000000003E-6,
          "DATARATE_RX" : 4.000000000000001E-6
        }
      },
      "(nodeI_c13, clientPoolI, nodeI_c13)" : {
        "AppCoordinates {com.bbn, test-service1, 1}" : {
          "DATARATE_TX" : 2.0000000000000003E-6,
          "DATARATE_RX" : 4.000000000000001E-6
        }
      },
      "(nodeI_c01, clientPoolI, nodeI_c01)" : {
        "AppCoordinates {com.bbn, test-service1, 1}" : {
          "DATARATE_TX" : 1.0000000000000004E-6,
          "DATARATE_RX" : 2.0000000000000008E-6
        }
      },
      "(nodeI_c15, clientPoolI, nodeI_c15)" : {
        "AppCoordinates {com.bbn, test-service1, 1}" : {
          "DATARATE_TX" : 3.0E-6,
          "DATARATE_RX" : 6.0E-6
        }
      },
      "(nodeI_c03, clientPoolI, nodeI_c03)" : {
        "AppCoordinates {com.bbn, test-service1, 1}" : {
          "DATARATE_TX" : 2.0000000000000003E-6,
          "DATARATE_RX" : 4.000000000000001E-6
        }
      },
      "(nodeI_c17, clientPoolI, nodeI_c17)" : {
        "AppCoordinates {com.bbn, test-service1, 1}" : {
          "DATARATE_TX" : 2.0000000000000003E-6,
          "DATARATE_RX" : 4.000000000000001E-6
        }
      },
      "(nodeI_c05, clientPoolI, nodeI_c05)" : {
        "AppCoordinates {com.bbn, test-service1, 1}" : {
          "DATARATE_TX" : 2.0000000000000003E-6,
          "DATARATE_RX" : 4.000000000000001E-6
        }
      },
      "(nodeI_c19, clientPoolI, nodeI_c19)" : {
        "AppCoordinates {com.bbn, test-service1, 1}" : {
          "DATARATE_TX" : 3.0E-6,
          "DATARATE_RX" : 6.0E-6
        }
      },
      "(nodeI_c07, clientPoolI, nodeI_c07)" : {
        "AppCoordinates {com.bbn, test-service1, 1}" : {
          "DATARATE_TX" : 4.0E-6,
          "DATARATE_RX" : 8.0E-6
        }
      }
    },
    "interface-nodeB ( nodeB )" : {
      "(clientPoolI, nodeB_c02, nodeB_c02)" : {
        "AppCoordinates {com.bbn, test-service1, 1}" : {
          "DATARATE_TX" : 4.000000000000001E-6,
          "DATARATE_RX" : 2.0000000000000003E-6
        }
      },
      "(clientPoolI, nodeB_c13, nodeB_c13)" : {
        "AppCoordinates {com.bbn, test-service1, 1}" : {
          "DATARATE_TX" : 8.470329472543003E-22,
          "DATARATE_RX" : 4.2351647362715017E-22
        }
      },
      "(clientPoolI, nodeB_c12, nodeB_c12)" : {
        "AppCoordinates {com.bbn, test-service1, 1}" : {
          "DATARATE_TX" : 2.0000000000000008E-6,
          "DATARATE_RX" : 1.0000000000000004E-6
        }
      },
      "(clientPoolI, nodeB_c01, nodeB_c01)" : {
        "AppCoordinates {com.bbn, test-service1, 1}" : {
          "DATARATE_TX" : 6.0E-6,
          "DATARATE_RX" : 3.0E-6
        }
      },
      "(clientPoolI, nodeB_c04, nodeB_c04)" : {
        "AppCoordinates {com.bbn, test-service1, 1}" : {
          "DATARATE_TX" : 2.0000000000000008E-6,
          "DATARATE_RX" : 1.0000000000000004E-6
        }
      },
      "(clientPoolI, nodeB_c15, nodeB_c15)" : {
        "AppCoordinates {com.bbn, test-service1, 1}" : {
          "DATARATE_TX" : 4.000000000000001E-6,
          "DATARATE_RX" : 2.0000000000000003E-6
        }
      },
      "(clientPoolI, nodeB_c03, nodeB_c03)" : {
        "AppCoordinates {com.bbn, test-service1, 1}" : {
          "DATARATE_TX" : 6.0E-6,
          "DATARATE_RX" : 3.0E-6
        }
      },
      "(clientPoolI, nodeB_c14, nodeB_c14)" : {
        "AppCoordinates {com.bbn, test-service1, 1}" : {
          "DATARATE_TX" : 2.0000000000000008E-6,
          "DATARATE_RX" : 1.0000000000000004E-6
        }
      },
      "(clientPoolI, nodeB_c00, nodeB_c00)" : {
        "AppCoordinates {com.bbn, test-service1, 1}" : {
          "DATARATE_TX" : 4.000000000000001E-6,
          "DATARATE_RX" : 2.0000000000000003E-6
        }
      },
      "(clientPoolI, nodeB_c11, nodeB_c11)" : {
        "AppCoordinates {com.bbn, test-service1, 1}" : {
          "DATARATE_TX" : 8.470329472543003E-22,
          "DATARATE_RX" : 4.2351647362715017E-22
        }
      },
      "(clientPoolI, nodeB_c10, nodeB_c10)" : {
        "AppCoordinates {com.bbn, test-service1, 1}" : {
          "DATARATE_TX" : 6.0E-6,
          "DATARATE_RX" : 3.0E-6
        }
      },
      "(clientPoolI, nodeB_c09, nodeB_c09)" : {
        "AppCoordinates {com.bbn, test-service1, 1}" : {
          "DATARATE_TX" : 8.470329472543003E-22,
          "DATARATE_RX" : 4.2351647362715017E-22
        }
      },
      "(clientPoolI, nodeB_c17, nodeB_c17)" : {
        "AppCoordinates {com.bbn, test-service1, 1}" : {
          "DATARATE_TX" : 2.0000000000000008E-6,
          "DATARATE_RX" : 1.0000000000000004E-6
        }
      },
      "(clientPoolI, nodeB_c06, nodeB_c06)" : {
        "AppCoordinates {com.bbn, test-service1, 1}" : {
          "DATARATE_TX" : 4.000000000000001E-6,
          "DATARATE_RX" : 2.0000000000000003E-6
        }
      },
      "(clientPoolI, nodeB_c05, nodeB_c05)" : {
        "AppCoordinates {com.bbn, test-service1, 1}" : {
          "DATARATE_TX" : 4.000000000000001E-6,
          "DATARATE_RX" : 2.0000000000000003E-6
        }
      },
      "(clientPoolI, nodeB_c16, nodeB_c16)" : {
        "AppCoordinates {com.bbn, test-service1, 1}" : {
          "DATARATE_TX" : 2.0000000000000008E-6,
          "DATARATE_RX" : 1.0000000000000004E-6
        }
      },
      "(clientPoolI, nodeB_c19, nodeB_c19)" : {
        "AppCoordinates {com.bbn, test-service1, 1}" : {
          "DATARATE_TX" : 6.0E-6,
          "DATARATE_RX" : 3.0E-6
        }
      },
      "(clientPoolI, nodeB_c08, nodeB_c08)" : {
        "AppCoordinates {com.bbn, test-service1, 1}" : {
          "DATARATE_TX" : 8.470329472543003E-22,
          "DATARATE_RX" : 4.2351647362715017E-22
        }
      },
      "(clientPoolI, nodeB_c18, nodeB_c18)" : {
        "AppCoordinates {com.bbn, test-service1, 1}" : {
          "DATARATE_TX" : 2.0000000000000008E-6,
          "DATARATE_RX" : 1.0000000000000004E-6
        }
      },
      "(clientPoolI, nodeB_c07, nodeB_c07)" : {
        "AppCoordinates {com.bbn, test-service1, 1}" : {
          "DATARATE_TX" : 2.0000000000000008E-6,
          "DATARATE_RX" : 1.0000000000000004E-6
        }
      }
    },
    "interface-nodeC ( nodeC )" : { },
    "interface-nodeG ( nodeG )" : { },
    "interface-nodeA ( nodeA )" : { }
  },
  "networkDemand" : {
    "interface-nodeD ( nodeD )" : { },
    "interface-nodeC ( nodeC )" : { },
    "interface-nodeB ( nodeB )" : {
      "(clientPoolI, nodeB_c13, nodeB_c13)" : {
        "AppCoordinates {com.bbn, test-service1, 1}" : {
          "DATARATE_TX" : 3.4404432132964074E-6,
          "DATARATE_RX" : 1.7202216066482037E-6
        }
      },
      "(clientPoolI, nodeB_c02, nodeB_c02)" : {
        "AppCoordinates {com.bbn, test-service1, 1}" : {
          "DATARATE_TX" : 5.036011080332405E-6,
          "DATARATE_RX" : 2.5180055401662023E-6
        }
      },
      "(clientPoolI, nodeB_c01, nodeB_c01)" : {
        "AppCoordinates {com.bbn, test-service1, 1}" : {
          "DATARATE_TX" : 4.75346260387812E-6,
          "DATARATE_RX" : 2.37673130193906E-6
        }
      },
      "(clientPoolI, nodeB_c12, nodeB_c12)" : {
        "AppCoordinates {com.bbn, test-service1, 1}" : {
          "DATARATE_TX" : 2.659279778393363E-6,
          "DATARATE_RX" : 1.3296398891966816E-6
        }
      },
      "(clientPoolI, nodeB_c15, nodeB_c15)" : {
        "AppCoordinates {com.bbn, test-service1, 1}" : {
          "DATARATE_TX" : 3.981012658227863E-6,
          "DATARATE_RX" : 1.9905063291139317E-6
        }
      },
      "(clientPoolI, nodeB_c04, nodeB_c04)" : {
        "AppCoordinates {com.bbn, test-service1, 1}" : {
          "DATARATE_TX" : 4.293929712460074E-6,
          "DATARATE_RX" : 2.146964856230037E-6
        }
      },
      "(clientPoolI, nodeB_c14, nodeB_c14)" : {
        "AppCoordinates {com.bbn, test-service1, 1}" : {
          "DATARATE_TX" : 2.6426592797784045E-6,
          "DATARATE_RX" : 1.3213296398892023E-6
        }
      },
      "(clientPoolI, nodeB_c03, nodeB_c03)" : {
        "AppCoordinates {com.bbn, test-service1, 1}" : {
          "DATARATE_TX" : 2.37119113573408E-6,
          "DATARATE_RX" : 1.18559556786704E-6
        }
      },
      "(clientPoolI, nodeB_c11, nodeB_c11)" : {
        "AppCoordinates {com.bbn, test-service1, 1}" : {
          "DATARATE_TX" : 2.9141274238227284E-6,
          "DATARATE_RX" : 1.4570637119113642E-6
        }
      },
      "(clientPoolI, nodeB_c00, nodeB_c00)" : {
        "AppCoordinates {com.bbn, test-service1, 1}" : {
          "DATARATE_TX" : 3.1910828025477757E-6,
          "DATARATE_RX" : 1.5955414012738878E-6
        }
      },
      "(clientPoolI, nodeB_c10, nodeB_c10)" : {
        "AppCoordinates {com.bbn, test-service1, 1}" : {
          "DATARATE_TX" : 5.495844875346238E-6,
          "DATARATE_RX" : 2.747922437673119E-6
        }
      },
      "(clientPoolI, nodeB_c09, nodeB_c09)" : {
        "AppCoordinates {com.bbn, test-service1, 1}" : {
          "DATARATE_TX" : 2.1163434903047205E-6,
          "DATARATE_RX" : 1.0581717451523602E-6
        }
      },
      "(clientPoolI, nodeB_c06, nodeB_c06)" : {
        "AppCoordinates {com.bbn, test-service1, 1}" : {
          "DATARATE_TX" : 3.9058171745152575E-6,
          "DATARATE_RX" : 1.9529085872576288E-6
        }
      },
      "(clientPoolI, nodeB_c17, nodeB_c17)" : {
        "AppCoordinates {com.bbn, test-service1, 1}" : {
          "DATARATE_TX" : 1.4792243767313006E-6,
          "DATARATE_RX" : 7.396121883656503E-7
        }
      },
      "(clientPoolI, nodeB_c16, nodeB_c16)" : {
        "AppCoordinates {com.bbn, test-service1, 1}" : {
          "DATARATE_TX" : 2.675900277008322E-6,
          "DATARATE_RX" : 1.337950138504161E-6
        }
      },
      "(clientPoolI, nodeB_c05, nodeB_c05)" : {
        "AppCoordinates {com.bbn, test-service1, 1}" : {
          "DATARATE_TX" : 3.7506925207756254E-6,
          "DATARATE_RX" : 1.8753462603878127E-6
        }
      },
      "(clientPoolI, nodeB_c08, nodeB_c08)" : {
        "AppCoordinates {com.bbn, test-service1, 1}" : {
          "DATARATE_TX" : 3.146814404432144E-6,
          "DATARATE_RX" : 1.573407202216072E-6
        }
      },
      "(clientPoolI, nodeB_c19, nodeB_c19)" : {
        "AppCoordinates {com.bbn, test-service1, 1}" : {
          "DATARATE_TX" : 4.027700831024922E-6,
          "DATARATE_RX" : 2.013850415512461E-6
        }
      },
      "(clientPoolI, nodeB_c07, nodeB_c07)" : {
        "AppCoordinates {com.bbn, test-service1, 1}" : {
          "DATARATE_TX" : 3.612188365650987E-6,
          "DATARATE_RX" : 1.8060941828254936E-6
        }
      },
      "(clientPoolI, nodeB_c18, nodeB_c18)" : {
        "AppCoordinates {com.bbn, test-service1, 1}" : {
          "DATARATE_TX" : 2.963988919667602E-6,
          "DATARATE_RX" : 1.481994459833801E-6
        }
      }
    },
    "interface-nodeA ( nodeA )" : { },
    "interface-nodeG ( nodeG )" : { },
    "interface-clientPoolI ( clientPoolI )" : {
      "(nodeB_c03, clientPoolI, nodeB_c03)" : {
        "AppCoordinates {com.bbn, test-service1, 1}" : {
          "DATARATE_TX" : 1.18559556786704E-6,
          "DATARATE_RX" : 2.37119113573408E-6
        }
      },
      "(nodeB_c13, clientPoolI, nodeB_c13)" : {
        "AppCoordinates {com.bbn, test-service1, 1}" : {
          "DATARATE_TX" : 1.7202216066482037E-6,
          "DATARATE_RX" : 3.4404432132964074E-6
        }
      },
      "(nodeB_c01, clientPoolI, nodeB_c01)" : {
        "AppCoordinates {com.bbn, test-service1, 1}" : {
          "DATARATE_TX" : 2.37673130193906E-6,
          "DATARATE_RX" : 4.75346260387812E-6
        }
      },
      "(nodeB_c11, clientPoolI, nodeB_c11)" : {
        "AppCoordinates {com.bbn, test-service1, 1}" : {
          "DATARATE_TX" : 1.4570637119113642E-6,
          "DATARATE_RX" : 2.9141274238227284E-6
        }
      },
      "(nodeB_c07, clientPoolI, nodeB_c07)" : {
        "AppCoordinates {com.bbn, test-service1, 1}" : {
          "DATARATE_TX" : 1.8060941828254936E-6,
          "DATARATE_RX" : 3.612188365650987E-6
        }
      },
      "(nodeB_c17, clientPoolI, nodeB_c17)" : {
        "AppCoordinates {com.bbn, test-service1, 1}" : {
          "DATARATE_TX" : 7.396121883656503E-7,
          "DATARATE_RX" : 1.4792243767313006E-6
        }
      },
      "(nodeB_c05, clientPoolI, nodeB_c05)" : {
        "AppCoordinates {com.bbn, test-service1, 1}" : {
          "DATARATE_TX" : 1.8753462603878127E-6,
          "DATARATE_RX" : 3.7506925207756254E-6
        }
      },
      "(nodeB_c15, clientPoolI, nodeB_c15)" : {
        "AppCoordinates {com.bbn, test-service1, 1}" : {
          "DATARATE_TX" : 1.9905063291139317E-6,
          "DATARATE_RX" : 3.981012658227863E-6
        }
      },
      "(nodeB_c09, clientPoolI, nodeB_c09)" : {
        "AppCoordinates {com.bbn, test-service1, 1}" : {
          "DATARATE_TX" : 1.0581717451523602E-6,
          "DATARATE_RX" : 2.1163434903047205E-6
        }
      },
      "(nodeB_c19, clientPoolI, nodeB_c19)" : {
        "AppCoordinates {com.bbn, test-service1, 1}" : {
          "DATARATE_TX" : 2.013850415512461E-6,
          "DATARATE_RX" : 4.027700831024922E-6
        }
      },
      "(nodeI_c00, clientPoolI, nodeI_c00)" : {
        "AppCoordinates {com.bbn, test-service1, 1}" : {
          "DATARATE_TX" : 3.0166204986149617E-6,
          "DATARATE_RX" : 6.033240997229923E-6
        }
      },
      "(nodeI_c10, clientPoolI, nodeI_c10)" : {
        "AppCoordinates {com.bbn, test-service1, 1}" : {
          "DATARATE_TX" : 3.5290858725761766E-6,
          "DATARATE_RX" : 7.058171745152353E-6
        }
      },
      "(nodeI_c02, clientPoolI, nodeI_c02)" : {
        "AppCoordinates {com.bbn, test-service1, 1}" : {
          "DATARATE_TX" : 3.598337950138522E-6,
          "DATARATE_RX" : 7.196675900277044E-6
        }
      },
      "(nodeI_c12, clientPoolI, nodeI_c12)" : {
        "AppCoordinates {com.bbn, test-service1, 1}" : {
          "DATARATE_TX" : 3.343490304709133E-6,
          "DATARATE_RX" : 6.686980609418266E-6
        }
      },
      "(nodeI_c04, clientPoolI, nodeI_c04)" : {
        "AppCoordinates {com.bbn, test-service1, 1}" : {
          "DATARATE_TX" : 3.4626038781163395E-6,
          "DATARATE_RX" : 6.925207756232679E-6
        }
      },
      "(nodeI_c14, clientPoolI, nodeI_c14)" : {
        "AppCoordinates {com.bbn, test-service1, 1}" : {
          "DATARATE_TX" : 3.1578947368421136E-6,
          "DATARATE_RX" : 6.315789473684227E-6
        }
      },
      "(nodeI_c06, clientPoolI, nodeI_c06)" : {
        "AppCoordinates {com.bbn, test-service1, 1}" : {
          "DATARATE_TX" : 3.1634349030470994E-6,
          "DATARATE_RX" : 6.326869806094199E-6
        }
      },
      "(nodeB_c10, clientPoolI, nodeB_c10)" : {
        "AppCoordinates {com.bbn, test-service1, 1}" : {
          "DATARATE_TX" : 2.747922437673119E-6,
          "DATARATE_RX" : 5.495844875346238E-6
        }
      },
      "(nodeI_c16, clientPoolI, nodeI_c16)" : {
        "AppCoordinates {com.bbn, test-service1, 1}" : {
          "DATARATE_TX" : 3.78947368421054E-6,
          "DATARATE_RX" : 7.57894736842108E-6
        }
      },
      "(nodeI_c08, clientPoolI, nodeI_c08)" : {
        "AppCoordinates {com.bbn, test-service1, 1}" : {
          "DATARATE_TX" : 3.775623268698074E-6,
          "DATARATE_RX" : 7.551246537396148E-6
        }
      },
      "(nodeI_c18, clientPoolI, nodeI_c18)" : {
        "AppCoordinates {com.bbn, test-service1, 1}" : {
          "DATARATE_TX" : 3.5650969529086045E-6,
          "DATARATE_RX" : 7.130193905817209E-6
        }
      },
      "(nodeB_c14, clientPoolI, nodeB_c14)" : {
        "AppCoordinates {com.bbn, test-service1, 1}" : {
          "DATARATE_TX" : 1.3213296398892023E-6,
          "DATARATE_RX" : 2.6426592797784045E-6
        }
      },
      "(nodeI_c09, clientPoolI, nodeI_c09)" : {
        "AppCoordinates {com.bbn, test-service1, 1}" : {
          "DATARATE_TX" : 3.1385041551246613E-6,
          "DATARATE_RX" : 6.2770083102493225E-6
        }
      },
      "(nodeB_c02, clientPoolI, nodeB_c02)" : {
        "AppCoordinates {com.bbn, test-service1, 1}" : {
          "DATARATE_TX" : 2.5180055401662023E-6,
          "DATARATE_RX" : 5.036011080332405E-6
        }
      },
      "(nodeB_c12, clientPoolI, nodeB_c12)" : {
        "AppCoordinates {com.bbn, test-service1, 1}" : {
          "DATARATE_TX" : 1.3296398891966816E-6,
          "DATARATE_RX" : 2.659279778393363E-6
        }
      },
      "(nodeB_c00, clientPoolI, nodeB_c00)" : {
        "AppCoordinates {com.bbn, test-service1, 1}" : {
          "DATARATE_TX" : 1.5955414012738878E-6,
          "DATARATE_RX" : 3.1910828025477757E-6
        }
      },
      "(nodeB_c18, clientPoolI, nodeB_c18)" : {
        "AppCoordinates {com.bbn, test-service1, 1}" : {
          "DATARATE_TX" : 1.481994459833801E-6,
          "DATARATE_RX" : 2.963988919667602E-6
        }
      },
      "(nodeB_c06, clientPoolI, nodeB_c06)" : {
        "AppCoordinates {com.bbn, test-service1, 1}" : {
          "DATARATE_TX" : 1.9529085872576288E-6,
          "DATARATE_RX" : 3.9058171745152575E-6
        }
      },
      "(nodeB_c16, clientPoolI, nodeB_c16)" : {
        "AppCoordinates {com.bbn, test-service1, 1}" : {
          "DATARATE_TX" : 1.337950138504161E-6,
          "DATARATE_RX" : 2.675900277008322E-6
        }
      },
      "(nodeB_c04, clientPoolI, nodeB_c04)" : {
        "AppCoordinates {com.bbn, test-service1, 1}" : {
          "DATARATE_TX" : 2.146964856230037E-6,
          "DATARATE_RX" : 4.293929712460074E-6
        }
      },
      "(nodeB_c08, clientPoolI, nodeB_c08)" : {
        "AppCoordinates {com.bbn, test-service1, 1}" : {
          "DATARATE_TX" : 1.573407202216072E-6,
          "DATARATE_RX" : 3.146814404432144E-6
        }
      },
      "(nodeI_c11, clientPoolI, nodeI_c11)" : {
        "AppCoordinates {com.bbn, test-service1, 1}" : {
          "DATARATE_TX" : 3.2797783933518026E-6,
          "DATARATE_RX" : 6.559556786703605E-6
        }
      },
      "(nodeI_c13, clientPoolI, nodeI_c13)" : {
        "AppCoordinates {com.bbn, test-service1, 1}" : {
          "DATARATE_TX" : 2.9833795013850347E-6,
          "DATARATE_RX" : 5.966759002770069E-6
        }
      },
      "(nodeI_c01, clientPoolI, nodeI_c01)" : {
        "AppCoordinates {com.bbn, test-service1, 1}" : {
          "DATARATE_TX" : 3.1523545706371253E-6,
          "DATARATE_RX" : 6.304709141274251E-6
        }
      },
      "(nodeI_c15, clientPoolI, nodeI_c15)" : {
        "AppCoordinates {com.bbn, test-service1, 1}" : {
          "DATARATE_TX" : 3.7756232686980738E-6,
          "DATARATE_RX" : 7.5512465373961475E-6
        }
      },
      "(nodeI_c03, clientPoolI, nodeI_c03)" : {
        "AppCoordinates {com.bbn, test-service1, 1}" : {
          "DATARATE_TX" : 3.58725761772855E-6,
          "DATARATE_RX" : 7.1745152354571E-6
        }
      },
      "(nodeI_c17, clientPoolI, nodeI_c17)" : {
        "AppCoordinates {com.bbn, test-service1, 1}" : {
          "DATARATE_TX" : 3.263157894736844E-6,
          "DATARATE_RX" : 6.526315789473688E-6
        }
      },
      "(nodeI_c05, clientPoolI, nodeI_c05)" : {
        "AppCoordinates {com.bbn, test-service1, 1}" : {
          "DATARATE_TX" : 3.2714681440443223E-6,
          "DATARATE_RX" : 6.5429362880886445E-6
        }
      },
      "(nodeI_c19, clientPoolI, nodeI_c19)" : {
        "AppCoordinates {com.bbn, test-service1, 1}" : {
          "DATARATE_TX" : 3.7700831024930875E-6,
          "DATARATE_RX" : 7.540166204986175E-6
        }
      },
      "(nodeI_c07, clientPoolI, nodeI_c07)" : {
        "AppCoordinates {com.bbn, test-service1, 1}" : {
          "DATARATE_TX" : 3.2271468144044203E-6,
          "DATARATE_RX" : 6.454293628808841E-6
        }
      }
    }
  },
  "containerReports" : {
    "nodeI_c04" : {
      "containerName" : {
        "name" : "nodeI_c04"
      },
      "timestamp" : 368497,
      "service" : {
        "group" : "com.bbn",
        "artifact" : "test-service1",
        "version" : "1"
      },
      "serviceStatus" : "RUNNING",
      "demandEstimationWindow" : "LONG",
      "computeCapacity" : {
        "CPU" : 1.0,
        "TASK_CONTAINERS" : 1.0,
        "QueueLength" : 1000000.0
      },
      "computeLoad" : {
        "UNKNOWN" : {
          "QueueLength" : 3.0,
          "TASK_CONTAINERS" : 0.75
        }
      },
      "computeDemand" : {
        "UNKNOWN" : {
          "QueueLength" : 3.447513812154696,
          "TASK_CONTAINERS" : 0.861878453038674
        }
      },
      "averageProcessingTime" : 240000.0,
      "networkCapacity" : {
        "interface-nodeI ( nodeI )" : {
          "DATARATE_TX" : 100.0,
          "DATARATE_RX" : 100.0
        }
      },
      "networkLoad" : {
        "interface-nodeI ( nodeI )" : {
          "(clientPoolI, nodeI_c04, nodeI_c04)" : {
            "AppCoordinates {com.bbn, test-service1, 1}" : {
              "DATARATE_TX" : 1.2E-5,
              "DATARATE_RX" : 6.0E-6
            }
          }
        }
      },
      "networkDemand" : {
        "interface-nodeI ( nodeI )" : {
          "(clientPoolI, nodeI_c04, nodeI_c04)" : {
            "AppCoordinates {com.bbn, test-service1, 1}" : {
              "DATARATE_TX" : 1.385041551246536E-5,
              "DATARATE_RX" : 6.92520775623268E-6
            }
          }
        }
      }
    },
    "nodeI_c15" : {
      "containerName" : {
        "name" : "nodeI_c15"
      },
      "timestamp" : 368498,
      "service" : {
        "group" : "com.bbn",
        "artifact" : "test-service1",
        "version" : "1"
      },
      "serviceStatus" : "RUNNING",
      "demandEstimationWindow" : "LONG",
      "computeCapacity" : {
        "CPU" : 1.0,
        "TASK_CONTAINERS" : 1.0,
        "QueueLength" : 1000000.0
      },
      "computeLoad" : {
        "UNKNOWN" : {
          "QueueLength" : 3.0,
          "TASK_CONTAINERS" : 0.75
        }
      },
      "computeDemand" : {
        "UNKNOWN" : {
          "QueueLength" : 3.765193370165746,
          "TASK_CONTAINERS" : 0.9412983425414365
        }
      },
      "averageProcessingTime" : 240000.0,
      "networkCapacity" : {
        "interface-nodeI ( nodeI )" : {
          "DATARATE_TX" : 100.0,
          "DATARATE_RX" : 100.0
        }
      },
      "networkLoad" : {
        "interface-nodeI ( nodeI )" : {
          "(clientPoolI, nodeI_c15, nodeI_c15)" : {
            "AppCoordinates {com.bbn, test-service1, 1}" : {
              "DATARATE_TX" : 1.2E-5,
              "DATARATE_RX" : 6.0E-6
            }
          }
        }
      },
      "networkDemand" : {
        "interface-nodeI ( nodeI )" : {
          "(clientPoolI, nodeI_c15, nodeI_c15)" : {
            "AppCoordinates {com.bbn, test-service1, 1}" : {
              "DATARATE_TX" : 1.3833795013850397E-5,
              "DATARATE_RX" : 6.916897506925199E-6
            }
          }
        }
      }
    },
    "nodeI_c03" : {
      "containerName" : {
        "name" : "nodeI_c03"
      },
      "timestamp" : 368499,
      "service" : {
        "group" : "com.bbn",
        "artifact" : "test-service1",
        "version" : "1"
      },
      "serviceStatus" : "RUNNING",
      "demandEstimationWindow" : "LONG",
      "computeCapacity" : {
        "CPU" : 1.0,
        "TASK_CONTAINERS" : 1.0,
        "QueueLength" : 1000000.0
      },
      "computeLoad" : {
        "UNKNOWN" : {
          "QueueLength" : 2.0,
          "TASK_CONTAINERS" : 0.5
        }
      },
      "computeDemand" : {
        "UNKNOWN" : {
          "QueueLength" : 3.5773480662983426,
          "TASK_CONTAINERS" : 0.8943370165745856
        }
      },
      "averageProcessingTime" : 240000.0,
      "networkCapacity" : {
        "interface-nodeI ( nodeI )" : {
          "DATARATE_TX" : 100.0,
          "DATARATE_RX" : 100.0
        }
      },
      "networkLoad" : {
        "interface-nodeI ( nodeI )" : {
          "(clientPoolI, nodeI_c03, nodeI_c03)" : {
            "AppCoordinates {com.bbn, test-service1, 1}" : {
              "DATARATE_TX" : 1.2E-5,
              "DATARATE_RX" : 6.0E-6
            }
          }
        }
      },
      "networkDemand" : {
        "interface-nodeI ( nodeI )" : {
          "(clientPoolI, nodeI_c03, nodeI_c03)" : {
            "AppCoordinates {com.bbn, test-service1, 1}" : {
              "DATARATE_TX" : 1.4853185595567765E-5,
              "DATARATE_RX" : 7.426592797783883E-6
            }
          }
        }
      }
    },
    "nodeI_c14" : {
      "containerName" : {
        "name" : "nodeI_c14"
      },
      "timestamp" : 368501,
      "service" : {
        "group" : "com.bbn",
        "artifact" : "test-service1",
        "version" : "1"
      },
      "serviceStatus" : "RUNNING",
      "demandEstimationWindow" : "LONG",
      "computeCapacity" : {
        "CPU" : 1.0,
        "TASK_CONTAINERS" : 1.0,
        "QueueLength" : 1000000.0
      },
      "computeLoad" : {
        "UNKNOWN" : {
          "QueueLength" : 3.0,
          "TASK_CONTAINERS" : 0.75
        }
      },
      "computeDemand" : {
        "UNKNOWN" : {
          "QueueLength" : 3.146814404432133,
          "TASK_CONTAINERS" : 0.7867036011080333
        }
      },
      "averageProcessingTime" : 240000.0,
      "networkCapacity" : {
        "interface-nodeI ( nodeI )" : {
          "DATARATE_TX" : 100.0,
          "DATARATE_RX" : 100.0
        }
      },
      "networkLoad" : {
        "interface-nodeI ( nodeI )" : {
          "(clientPoolI, nodeI_c14, nodeI_c14)" : {
            "AppCoordinates {com.bbn, test-service1, 1}" : {
              "DATARATE_TX" : 1.2E-5,
              "DATARATE_RX" : 6.0E-6
            }
          }
        }
      },
      "networkDemand" : {
        "interface-nodeI ( nodeI )" : {
          "(clientPoolI, nodeI_c14, nodeI_c14)" : {
            "AppCoordinates {com.bbn, test-service1, 1}" : {
              "DATARATE_TX" : 1.4127777777777742E-5,
              "DATARATE_RX" : 7.063888888888871E-6
            }
          }
        }
      }
    },
    "nodeI_c02" : {
      "containerName" : {
        "name" : "nodeI_c02"
      },
      "timestamp" : 368502,
      "service" : {
        "group" : "com.bbn",
        "artifact" : "test-service1",
        "version" : "1"
      },
      "serviceStatus" : "RUNNING",
      "demandEstimationWindow" : "LONG",
      "computeCapacity" : {
        "CPU" : 1.0,
        "TASK_CONTAINERS" : 1.0,
        "QueueLength" : 1000000.0
      },
      "computeLoad" : {
        "UNKNOWN" : {
          "QueueLength" : 2.0,
          "TASK_CONTAINERS" : 0.5
        }
      },
      "computeDemand" : {
        "UNKNOWN" : {
          "QueueLength" : 3.581717451523546,
          "TASK_CONTAINERS" : 0.8954293628808865
        }
      },
      "averageProcessingTime" : 240000.0,
      "networkCapacity" : {
        "interface-nodeI ( nodeI )" : {
          "DATARATE_TX" : 100.0,
          "DATARATE_RX" : 100.0
        }
      },
      "networkLoad" : {
        "interface-nodeI ( nodeI )" : {
          "(clientPoolI, nodeI_c02, nodeI_c02)" : {
            "AppCoordinates {com.bbn, test-service1, 1}" : {
              "DATARATE_TX" : 1.2E-5,
              "DATARATE_RX" : 6.0E-6
            }
          }
        }
      },
      "networkDemand" : {
        "interface-nodeI ( nodeI )" : {
          "(clientPoolI, nodeI_c02, nodeI_c02)" : {
            "AppCoordinates {com.bbn, test-service1, 1}" : {
              "DATARATE_TX" : 1.4149999999999963E-5,
              "DATARATE_RX" : 7.074999999999981E-6
            }
          }
        }
      }
    },
    "nodeI_c13" : {
      "containerName" : {
        "name" : "nodeI_c13"
      },
      "timestamp" : 368503,
      "service" : {
        "group" : "com.bbn",
        "artifact" : "test-service1",
        "version" : "1"
      },
      "serviceStatus" : "RUNNING",
      "demandEstimationWindow" : "LONG",
      "computeCapacity" : {
        "CPU" : 1.0,
        "TASK_CONTAINERS" : 1.0,
        "QueueLength" : 1000000.0
      },
      "computeLoad" : {
        "UNKNOWN" : {
          "QueueLength" : 2.0,
          "TASK_CONTAINERS" : 0.5
        }
      },
      "computeDemand" : {
        "UNKNOWN" : {
          "QueueLength" : 2.972299168975069,
          "TASK_CONTAINERS" : 0.7430747922437673
        }
      },
      "averageProcessingTime" : 240000.0,
      "networkCapacity" : {
        "interface-nodeI ( nodeI )" : {
          "DATARATE_TX" : 100.0,
          "DATARATE_RX" : 100.0
        }
      },
      "networkLoad" : {
        "interface-nodeI ( nodeI )" : {
          "(clientPoolI, nodeI_c13, nodeI_c13)" : {
            "AppCoordinates {com.bbn, test-service1, 1}" : {
              "DATARATE_TX" : 1.2E-5,
              "DATARATE_RX" : 6.0E-6
            }
          }
        }
      },
      "networkDemand" : {
        "interface-nodeI ( nodeI )" : {
          "(clientPoolI, nodeI_c13, nodeI_c13)" : {
            "AppCoordinates {com.bbn, test-service1, 1}" : {
              "DATARATE_TX" : 1.4516666666666588E-5,
              "DATARATE_RX" : 7.258333333333294E-6
            }
          }
        }
      }
    },
    "nodeI_c01" : {
      "containerName" : {
        "name" : "nodeI_c01"
      },
      "timestamp" : 368504,
      "service" : {
        "group" : "com.bbn",
        "artifact" : "test-service1",
        "version" : "1"
      },
      "serviceStatus" : "RUNNING",
      "demandEstimationWindow" : "LONG",
      "computeCapacity" : {
        "CPU" : 1.0,
        "TASK_CONTAINERS" : 1.0,
        "QueueLength" : 1000000.0
      },
      "computeLoad" : {
        "UNKNOWN" : {
          "QueueLength" : 1.0,
          "TASK_CONTAINERS" : 0.25
        }
      },
      "computeDemand" : {
        "UNKNOWN" : {
          "QueueLength" : 3.143646408839779,
          "TASK_CONTAINERS" : 0.7859116022099447
        }
      },
      "averageProcessingTime" : 240000.0,
      "networkCapacity" : {
        "interface-nodeI ( nodeI )" : {
          "DATARATE_TX" : 100.0,
          "DATARATE_RX" : 100.0
        }
      },
      "networkLoad" : {
        "interface-nodeI ( nodeI )" : {
          "(clientPoolI, nodeI_c01, nodeI_c01)" : {
            "AppCoordinates {com.bbn, test-service1, 1}" : {
              "DATARATE_TX" : 1.2E-5,
              "DATARATE_RX" : 6.0E-6
            }
          }
        }
      },
      "networkDemand" : {
        "interface-nodeI ( nodeI )" : {
          "(clientPoolI, nodeI_c01, nodeI_c01)" : {
            "AppCoordinates {com.bbn, test-service1, 1}" : {
              "DATARATE_TX" : 1.4509695290858648E-5,
              "DATARATE_RX" : 7.254847645429324E-6
            }
          }
        }
      }
    },
    "nodeI_c12" : {
      "containerName" : {
        "name" : "nodeI_c12"
      },
      "timestamp" : 368505,
      "service" : {
        "group" : "com.bbn",
        "artifact" : "test-service1",
        "version" : "1"
      },
      "serviceStatus" : "RUNNING",
      "demandEstimationWindow" : "LONG",
      "computeCapacity" : {
        "CPU" : 1.0,
        "TASK_CONTAINERS" : 1.0,
        "QueueLength" : 1000000.0
      },
      "computeLoad" : {
        "UNKNOWN" : {
          "QueueLength" : 4.0,
          "TASK_CONTAINERS" : 1.0
        }
      },
      "computeDemand" : {
        "UNKNOWN" : {
          "QueueLength" : 3.334254143646409,
          "TASK_CONTAINERS" : 0.8335635359116023
        }
      },
      "averageProcessingTime" : 240000.0,
      "networkCapacity" : {
        "interface-nodeI ( nodeI )" : {
          "DATARATE_TX" : 100.0,
          "DATARATE_RX" : 100.0
        }
      },
      "networkLoad" : {
        "interface-nodeI ( nodeI )" : {
          "(clientPoolI, nodeI_c12, nodeI_c12)" : {
            "AppCoordinates {com.bbn, test-service1, 1}" : {
              "DATARATE_TX" : 1.2E-5,
              "DATARATE_RX" : 6.0E-6
            }
          }
        }
      },
      "networkDemand" : {
        "interface-nodeI ( nodeI )" : {
          "(clientPoolI, nodeI_c12, nodeI_c12)" : {
            "AppCoordinates {com.bbn, test-service1, 1}" : {
              "DATARATE_TX" : 1.3479224376731271E-5,
              "DATARATE_RX" : 6.739612188365636E-6
            }
          }
        }
      }
    },
    "nodeI_c00" : {
      "containerName" : {
        "name" : "nodeI_c00"
      },
      "timestamp" : 368507,
      "service" : {
        "group" : "com.bbn",
        "artifact" : "test-service1",
        "version" : "1"
      },
      "serviceStatus" : "RUNNING",
      "demandEstimationWindow" : "LONG",
      "computeCapacity" : {
        "CPU" : 1.0,
        "TASK_CONTAINERS" : 1.0,
        "QueueLength" : 1000000.0
      },
      "computeLoad" : {
        "UNKNOWN" : {
          "QueueLength" : 4.0,
          "TASK_CONTAINERS" : 1.0
        }
      },
      "computeDemand" : {
        "UNKNOWN" : {
          "QueueLength" : 3.005540166204986,
          "TASK_CONTAINERS" : 0.7513850415512465
        }
      },
      "averageProcessingTime" : 240000.0,
      "networkCapacity" : {
        "interface-nodeI ( nodeI )" : {
          "DATARATE_TX" : 100.0,
          "DATARATE_RX" : 100.0
        }
      },
      "networkLoad" : {
        "interface-nodeI ( nodeI )" : {
          "(clientPoolI, nodeI_c00, nodeI_c00)" : {
            "AppCoordinates {com.bbn, test-service1, 1}" : {
              "DATARATE_TX" : 1.2E-5,
              "DATARATE_RX" : 6.0E-6
            }
          }
        }
      },
      "networkDemand" : {
        "interface-nodeI ( nodeI )" : {
          "(clientPoolI, nodeI_c00, nodeI_c00)" : {
            "AppCoordinates {com.bbn, test-service1, 1}" : {
              "DATARATE_TX" : 1.384444444444443E-5,
              "DATARATE_RX" : 6.922222222222215E-6
            }
          }
        }
      }
    },
    "nodeI_c11" : {
      "containerName" : {
        "name" : "nodeI_c11"
      },
      "timestamp" : 368508,
      "service" : {
        "group" : "com.bbn",
        "artifact" : "test-service1",
        "version" : "1"
      },
      "serviceStatus" : "RUNNING",
      "demandEstimationWindow" : "LONG",
      "computeCapacity" : {
        "CPU" : 1.0,
        "TASK_CONTAINERS" : 1.0,
        "QueueLength" : 1000000.0
      },
      "computeLoad" : {
        "UNKNOWN" : {
          "QueueLength" : 2.0,
          "TASK_CONTAINERS" : 0.5
        }
      },
      "computeDemand" : {
        "UNKNOWN" : {
          "QueueLength" : 3.268698060941828,
          "TASK_CONTAINERS" : 0.817174515235457
        }
      },
      "averageProcessingTime" : 240000.0,
      "networkCapacity" : {
        "interface-nodeI ( nodeI )" : {
          "DATARATE_TX" : 100.0,
          "DATARATE_RX" : 100.0
        }
      },
      "networkLoad" : {
        "interface-nodeI ( nodeI )" : {
          "(clientPoolI, nodeI_c11, nodeI_c11)" : {
            "AppCoordinates {com.bbn, test-service1, 1}" : {
              "DATARATE_TX" : 1.2E-5,
              "DATARATE_RX" : 6.0E-6
            }
          }
        }
      },
      "networkDemand" : {
        "interface-nodeI ( nodeI )" : {
          "(clientPoolI, nodeI_c11, nodeI_c11)" : {
            "AppCoordinates {com.bbn, test-service1, 1}" : {
              "DATARATE_TX" : 1.3849999999999986E-5,
              "DATARATE_RX" : 6.924999999999993E-6
            }
          }
        }
      }
    },
    "nodeI_c10" : {
      "containerName" : {
        "name" : "nodeI_c10"
      },
      "timestamp" : 368508,
      "service" : {
        "group" : "com.bbn",
        "artifact" : "test-service1",
        "version" : "1"
      },
      "serviceStatus" : "RUNNING",
      "demandEstimationWindow" : "LONG",
      "computeCapacity" : {
        "CPU" : 1.0,
        "TASK_CONTAINERS" : 1.0,
        "QueueLength" : 1000000.0
      },
      "computeLoad" : {
        "UNKNOWN" : {
          "QueueLength" : 4.0,
          "TASK_CONTAINERS" : 1.0
        }
      },
      "computeDemand" : {
        "UNKNOWN" : {
          "QueueLength" : 3.518005540166205,
          "TASK_CONTAINERS" : 0.8795013850415513
        }
      },
      "averageProcessingTime" : 240000.0,
      "networkCapacity" : {
        "interface-nodeI ( nodeI )" : {
          "DATARATE_TX" : 100.0,
          "DATARATE_RX" : 100.0
        }
      },
      "networkLoad" : {
        "interface-nodeI ( nodeI )" : {
          "(clientPoolI, nodeI_c10, nodeI_c10)" : {
            "AppCoordinates {com.bbn, test-service1, 1}" : {
              "DATARATE_TX" : 1.2E-5,
              "DATARATE_RX" : 6.0E-6
            }
          }
        }
      },
      "networkDemand" : {
        "interface-nodeI ( nodeI )" : {
          "(clientPoolI, nodeI_c10, nodeI_c10)" : {
            "AppCoordinates {com.bbn, test-service1, 1}" : {
              "DATARATE_TX" : 1.382222222222221E-5,
              "DATARATE_RX" : 6.911111111111105E-6
            }
          }
        }
      }
    },
    "nodeI_c09" : {
      "containerName" : {
        "name" : "nodeI_c09"
      },
      "timestamp" : 368509,
      "service" : {
        "group" : "com.bbn",
        "artifact" : "test-service1",
        "version" : "1"
      },
      "serviceStatus" : "RUNNING",
      "demandEstimationWindow" : "LONG",
      "computeCapacity" : {
        "CPU" : 1.0,
        "TASK_CONTAINERS" : 1.0,
        "QueueLength" : 1000000.0
      },
      "computeLoad" : {
        "UNKNOWN" : {
          "QueueLength" : 3.0,
          "TASK_CONTAINERS" : 0.75
        }
      },
      "computeDemand" : {
        "UNKNOWN" : {
          "QueueLength" : 3.1274238227146816,
          "TASK_CONTAINERS" : 0.7818559556786704
        }
      },
      "averageProcessingTime" : 240000.0,
      "networkCapacity" : {
        "interface-nodeI ( nodeI )" : {
          "DATARATE_TX" : 100.0,
          "DATARATE_RX" : 100.0
        }
      },
      "networkLoad" : {
        "interface-nodeI ( nodeI )" : {
          "(clientPoolI, nodeI_c09, nodeI_c09)" : {
            "AppCoordinates {com.bbn, test-service1, 1}" : {
              "DATARATE_TX" : 1.2E-5,
              "DATARATE_RX" : 6.0E-6
            }
          }
        }
      },
      "networkDemand" : {
        "interface-nodeI ( nodeI )" : {
          "(clientPoolI, nodeI_c09, nodeI_c09)" : {
            "AppCoordinates {com.bbn, test-service1, 1}" : {
              "DATARATE_TX" : 1.38611111111111E-5,
              "DATARATE_RX" : 6.93055555555555E-6
            }
          }
        }
      }
    },
    "nodeI_c08" : {
      "containerName" : {
        "name" : "nodeI_c08"
      },
      "timestamp" : 368548,
      "service" : {
        "group" : "com.bbn",
        "artifact" : "test-service1",
        "version" : "1"
      },
      "serviceStatus" : "RUNNING",
      "demandEstimationWindow" : "LONG",
      "computeCapacity" : {
        "CPU" : 1.0,
        "TASK_CONTAINERS" : 1.0,
        "QueueLength" : 1000000.0
      },
      "computeLoad" : {
        "UNKNOWN" : {
          "QueueLength" : 3.0,
          "TASK_CONTAINERS" : 0.75
        }
      },
      "computeDemand" : {
        "UNKNOWN" : {
          "QueueLength" : 3.7645429362880884,
          "TASK_CONTAINERS" : 0.9411357340720221
        }
      },
      "averageProcessingTime" : 240000.0,
      "networkCapacity" : {
        "interface-nodeI ( nodeI )" : {
          "DATARATE_TX" : 100.0,
          "DATARATE_RX" : 100.0
        }
      },
      "networkLoad" : {
        "interface-nodeI ( nodeI )" : {
          "(clientPoolI, nodeI_c08, nodeI_c08)" : {
            "AppCoordinates {com.bbn, test-service1, 1}" : {
              "DATARATE_TX" : 1.2E-5,
              "DATARATE_RX" : 6.0E-6
            }
          }
        }
      },
      "networkDemand" : {
        "interface-nodeI ( nodeI )" : {
          "(clientPoolI, nodeI_c08, nodeI_c08)" : {
            "AppCoordinates {com.bbn, test-service1, 1}" : {
              "DATARATE_TX" : 1.3849999999999991E-5,
              "DATARATE_RX" : 6.9249999999999955E-6
            }
          }
        }
      }
    },
    "nodeI_c19" : {
      "containerName" : {
        "name" : "nodeI_c19"
      },
      "timestamp" : 368550,
      "service" : {
        "group" : "com.bbn",
        "artifact" : "test-service1",
        "version" : "1"
      },
      "serviceStatus" : "RUNNING",
      "demandEstimationWindow" : "LONG",
      "computeCapacity" : {
        "CPU" : 1.0,
        "TASK_CONTAINERS" : 1.0,
        "QueueLength" : 1000000.0
      },
      "computeLoad" : {
        "UNKNOWN" : {
          "QueueLength" : 3.0,
          "TASK_CONTAINERS" : 0.75
        }
      },
      "computeDemand" : {
        "UNKNOWN" : {
          "QueueLength" : 3.7534626038781163,
          "TASK_CONTAINERS" : 0.9383656509695291
        }
      },
      "averageProcessingTime" : 240000.0,
      "networkCapacity" : {
        "interface-nodeI ( nodeI )" : {
          "DATARATE_TX" : 100.0,
          "DATARATE_RX" : 100.0
        }
      },
      "networkLoad" : {
        "interface-nodeI ( nodeI )" : {
          "(clientPoolI, nodeI_c19, nodeI_c19)" : {
            "AppCoordinates {com.bbn, test-service1, 1}" : {
              "DATARATE_TX" : 1.2E-5,
              "DATARATE_RX" : 6.0E-6
            }
          }
        }
      },
      "networkDemand" : {
        "interface-nodeI ( nodeI )" : {
          "(clientPoolI, nodeI_c19, nodeI_c19)" : {
            "AppCoordinates {com.bbn, test-service1, 1}" : {
              "DATARATE_TX" : 1.4416666666666655E-5,
              "DATARATE_RX" : 7.2083333333333276E-6
            }
          }
        }
      }
    },
    "nodeI_c07" : {
      "containerName" : {
        "name" : "nodeI_c07"
      },
      "timestamp" : 368551,
      "service" : {
        "group" : "com.bbn",
        "artifact" : "test-service1",
        "version" : "1"
      },
      "serviceStatus" : "RUNNING",
      "demandEstimationWindow" : "LONG",
      "computeCapacity" : {
        "CPU" : 1.0,
        "TASK_CONTAINERS" : 1.0,
        "QueueLength" : 1000000.0
      },
      "computeLoad" : {
        "UNKNOWN" : {
          "QueueLength" : 4.0,
          "TASK_CONTAINERS" : 1.0
        }
      },
      "computeDemand" : {
        "UNKNOWN" : {
          "QueueLength" : 3.218836565096953,
          "TASK_CONTAINERS" : 0.8047091412742382
        }
      },
      "averageProcessingTime" : 240000.0,
      "networkCapacity" : {
        "interface-nodeI ( nodeI )" : {
          "DATARATE_TX" : 100.0,
          "DATARATE_RX" : 100.0
        }
      },
      "networkLoad" : {
        "interface-nodeI ( nodeI )" : {
          "(clientPoolI, nodeI_c07, nodeI_c07)" : {
            "AppCoordinates {com.bbn, test-service1, 1}" : {
              "DATARATE_TX" : 1.2E-5,
              "DATARATE_RX" : 6.0E-6
            }
          }
        }
      },
      "networkDemand" : {
        "interface-nodeI ( nodeI )" : {
          "(clientPoolI, nodeI_c07, nodeI_c07)" : {
            "AppCoordinates {com.bbn, test-service1, 1}" : {
              "DATARATE_TX" : 1.3905555555555545E-5,
              "DATARATE_RX" : 6.952777777777773E-6
            }
          }
        }
      }
    },
    "nodeI_c18" : {
      "containerName" : {
        "name" : "nodeI_c18"
      },
      "timestamp" : 368552,
      "service" : {
        "group" : "com.bbn",
        "artifact" : "test-service1",
        "version" : "1"
      },
      "serviceStatus" : "RUNNING",
      "demandEstimationWindow" : "LONG",
      "computeCapacity" : {
        "CPU" : 1.0,
        "TASK_CONTAINERS" : 1.0,
        "QueueLength" : 1000000.0
      },
      "computeLoad" : {
        "UNKNOWN" : {
          "QueueLength" : 2.0,
          "TASK_CONTAINERS" : 0.5
        }
      },
      "computeDemand" : {
        "UNKNOWN" : {
          "QueueLength" : 3.554016620498615,
          "TASK_CONTAINERS" : 0.8885041551246537
        }
      },
      "averageProcessingTime" : 240000.0,
      "networkCapacity" : {
        "interface-nodeI ( nodeI )" : {
          "DATARATE_TX" : 100.0,
          "DATARATE_RX" : 100.0
        }
      },
      "networkLoad" : {
        "interface-nodeI ( nodeI )" : {
          "(clientPoolI, nodeI_c18, nodeI_c18)" : {
            "AppCoordinates {com.bbn, test-service1, 1}" : {
              "DATARATE_TX" : 1.2E-5,
              "DATARATE_RX" : 6.0E-6
            }
          }
        }
      },
      "networkDemand" : {
        "interface-nodeI ( nodeI )" : {
          "(clientPoolI, nodeI_c18, nodeI_c18)" : {
            "AppCoordinates {com.bbn, test-service1, 1}" : {
              "DATARATE_TX" : 1.4161111111111077E-5,
              "DATARATE_RX" : 7.080555555555539E-6
            }
          }
        }
      }
    },
    "nodeI_c06" : {
      "containerName" : {
        "name" : "nodeI_c06"
      },
      "timestamp" : 368553,
      "service" : {
        "group" : "com.bbn",
        "artifact" : "test-service1",
        "version" : "1"
      },
      "serviceStatus" : "RUNNING",
      "demandEstimationWindow" : "LONG",
      "computeCapacity" : {
        "CPU" : 1.0,
        "TASK_CONTAINERS" : 1.0,
        "QueueLength" : 1000000.0
      },
      "computeLoad" : {
        "UNKNOWN" : {
          "QueueLength" : 3.0,
          "TASK_CONTAINERS" : 0.75
        }
      },
      "computeDemand" : {
        "UNKNOWN" : {
          "QueueLength" : 3.149584487534626,
          "TASK_CONTAINERS" : 0.7873961218836565
        }
      },
      "averageProcessingTime" : 240000.0,
      "networkCapacity" : {
        "interface-nodeI ( nodeI )" : {
          "DATARATE_TX" : 100.0,
          "DATARATE_RX" : 100.0
        }
      },
      "networkLoad" : {
        "interface-nodeI ( nodeI )" : {
          "(clientPoolI, nodeI_c06, nodeI_c06)" : {
            "AppCoordinates {com.bbn, test-service1, 1}" : {
              "DATARATE_TX" : 1.2E-5,
              "DATARATE_RX" : 6.0E-6
            }
          }
        }
      },
      "networkDemand" : {
        "interface-nodeI ( nodeI )" : {
          "(clientPoolI, nodeI_c06, nodeI_c06)" : {
            "AppCoordinates {com.bbn, test-service1, 1}" : {
              "DATARATE_TX" : 1.3811111111111096E-5,
              "DATARATE_RX" : 6.905555555555548E-6
            }
          }
        }
      }
    },
    "nodeI_c17" : {
      "containerName" : {
        "name" : "nodeI_c17"
      },
      "timestamp" : 368554,
      "service" : {
        "group" : "com.bbn",
        "artifact" : "test-service1",
        "version" : "1"
      },
      "serviceStatus" : "RUNNING",
      "demandEstimationWindow" : "LONG",
      "computeCapacity" : {
        "CPU" : 1.0,
        "TASK_CONTAINERS" : 1.0,
        "QueueLength" : 1000000.0
      },
      "computeLoad" : {
        "UNKNOWN" : {
          "QueueLength" : 2.0,
          "TASK_CONTAINERS" : 0.5
        }
      },
      "computeDemand" : {
        "UNKNOWN" : {
          "QueueLength" : 3.25207756232687,
          "TASK_CONTAINERS" : 0.8130193905817175
        }
      },
      "averageProcessingTime" : 240000.0,
      "networkCapacity" : {
        "interface-nodeI ( nodeI )" : {
          "DATARATE_TX" : 100.0,
          "DATARATE_RX" : 100.0
        }
      },
      "networkLoad" : {
        "interface-nodeI ( nodeI )" : {
          "(clientPoolI, nodeI_c17, nodeI_c17)" : {
            "AppCoordinates {com.bbn, test-service1, 1}" : {
              "DATARATE_TX" : 1.2E-5,
              "DATARATE_RX" : 6.0E-6
            }
          }
        }
      },
      "networkDemand" : {
        "interface-nodeI ( nodeI )" : {
          "(clientPoolI, nodeI_c17, nodeI_c17)" : {
            "AppCoordinates {com.bbn, test-service1, 1}" : {
              "DATARATE_TX" : 1.3827777777777762E-5,
              "DATARATE_RX" : 6.913888888888881E-6
            }
          }
        }
      }
    },
    "nodeI_c05" : {
      "containerName" : {
        "name" : "nodeI_c05"
      },
      "timestamp" : 368555,
      "service" : {
        "group" : "com.bbn",
        "artifact" : "test-service1",
        "version" : "1"
      },
      "serviceStatus" : "RUNNING",
      "demandEstimationWindow" : "LONG",
      "computeCapacity" : {
        "CPU" : 1.0,
        "TASK_CONTAINERS" : 1.0,
        "QueueLength" : 1000000.0
      },
      "computeLoad" : {
        "UNKNOWN" : {
          "QueueLength" : 2.0,
          "TASK_CONTAINERS" : 0.5
        }
      },
      "computeDemand" : {
        "UNKNOWN" : {
          "QueueLength" : 3.257617728531856,
          "TASK_CONTAINERS" : 0.814404432132964
        }
      },
      "averageProcessingTime" : 240000.0,
      "networkCapacity" : {
        "interface-nodeI ( nodeI )" : {
          "DATARATE_TX" : 100.0,
          "DATARATE_RX" : 100.0
        }
      },
      "networkLoad" : {
        "interface-nodeI ( nodeI )" : {
          "(clientPoolI, nodeI_c05, nodeI_c05)" : {
            "AppCoordinates {com.bbn, test-service1, 1}" : {
              "DATARATE_TX" : 1.2E-5,
              "DATARATE_RX" : 6.0E-6
            }
          }
        }
      },
      "networkDemand" : {
        "interface-nodeI ( nodeI )" : {
          "(clientPoolI, nodeI_c05, nodeI_c05)" : {
            "AppCoordinates {com.bbn, test-service1, 1}" : {
              "DATARATE_TX" : 1.380555555555554E-5,
              "DATARATE_RX" : 6.90277777777777E-6
            }
          }
        }
      }
    },
    "nodeI_c16" : {
      "containerName" : {
        "name" : "nodeI_c16"
      },
      "timestamp" : 368556,
      "service" : {
        "group" : "com.bbn",
        "artifact" : "test-service1",
        "version" : "1"
      },
      "serviceStatus" : "RUNNING",
      "demandEstimationWindow" : "LONG",
      "computeCapacity" : {
        "CPU" : 1.0,
        "TASK_CONTAINERS" : 1.0,
        "QueueLength" : 1000000.0
      },
      "computeLoad" : {
        "UNKNOWN" : {
          "QueueLength" : 3.0,
          "TASK_CONTAINERS" : 0.75
        }
      },
      "computeDemand" : {
        "UNKNOWN" : {
          "QueueLength" : 3.775623268698061,
          "TASK_CONTAINERS" : 0.9439058171745153
        }
      },
      "averageProcessingTime" : 240000.0,
      "networkCapacity" : {
        "interface-nodeI ( nodeI )" : {
          "DATARATE_TX" : 100.0,
          "DATARATE_RX" : 100.0
        }
      },
      "networkLoad" : {
        "interface-nodeI ( nodeI )" : {
          "(clientPoolI, nodeI_c16, nodeI_c16)" : {
            "AppCoordinates {com.bbn, test-service1, 1}" : {
              "DATARATE_TX" : 1.2E-5,
              "DATARATE_RX" : 6.0E-6
            }
          }
        }
      },
      "networkDemand" : {
        "interface-nodeI ( nodeI )" : {
          "(clientPoolI, nodeI_c16, nodeI_c16)" : {
            "AppCoordinates {com.bbn, test-service1, 1}" : {
              "DATARATE_TX" : 1.3877777777777765E-5,
              "DATARATE_RX" : 6.938888888888882E-6
            }
          }
        }
      }
    }
  },
  "maximumServiceContainers" : 20,
  "allocatedServiceContainers" : 20,
  "computeDemand" : {
    "AppCoordinates {com.bbn, test-service1, 1}" : {
      "UNKNOWN" : {
        "QueueLength" : 67.6142161889166,
        "TASK_CONTAINERS" : 16.90355404722915
      }
    }
  },
  "containerNetworkLoad" : {
    "interface-nodeI ( nodeI )" : {
      "(clientPoolI, nodeI_c09, nodeI_c09)" : {
        "AppCoordinates {com.bbn, test-service1, 1}" : {
          "DATARATE_TX" : 1.2E-5,
          "DATARATE_RX" : 6.0E-6
        }
      },
      "(clientPoolI, nodeI_c19, nodeI_c19)" : {
        "AppCoordinates {com.bbn, test-service1, 1}" : {
          "DATARATE_TX" : 1.2E-5,
          "DATARATE_RX" : 6.0E-6
        }
      },
      "(clientPoolI, nodeI_c08, nodeI_c08)" : {
        "AppCoordinates {com.bbn, test-service1, 1}" : {
          "DATARATE_TX" : 1.2E-5,
          "DATARATE_RX" : 6.0E-6
        }
      },
      "(clientPoolI, nodeI_c18, nodeI_c18)" : {
        "AppCoordinates {com.bbn, test-service1, 1}" : {
          "DATARATE_TX" : 1.2E-5,
          "DATARATE_RX" : 6.0E-6
        }
      },
      "(clientPoolI, nodeI_c07, nodeI_c07)" : {
        "AppCoordinates {com.bbn, test-service1, 1}" : {
          "DATARATE_TX" : 1.2E-5,
          "DATARATE_RX" : 6.0E-6
        }
      },
      "(clientPoolI, nodeI_c17, nodeI_c17)" : {
        "AppCoordinates {com.bbn, test-service1, 1}" : {
          "DATARATE_TX" : 1.2E-5,
          "DATARATE_RX" : 6.0E-6
        }
      },
      "(clientPoolI, nodeI_c06, nodeI_c06)" : {
        "AppCoordinates {com.bbn, test-service1, 1}" : {
          "DATARATE_TX" : 1.2E-5,
          "DATARATE_RX" : 6.0E-6
        }
      },
      "(clientPoolI, nodeI_c16, nodeI_c16)" : {
        "AppCoordinates {com.bbn, test-service1, 1}" : {
          "DATARATE_TX" : 1.2E-5,
          "DATARATE_RX" : 6.0E-6
        }
      },
      "(clientPoolI, nodeI_c05, nodeI_c05)" : {
        "AppCoordinates {com.bbn, test-service1, 1}" : {
          "DATARATE_TX" : 1.2E-5,
          "DATARATE_RX" : 6.0E-6
        }
      },
      "(clientPoolI, nodeI_c15, nodeI_c15)" : {
        "AppCoordinates {com.bbn, test-service1, 1}" : {
          "DATARATE_TX" : 1.2E-5,
          "DATARATE_RX" : 6.0E-6
        }
      },
      "(clientPoolI, nodeI_c04, nodeI_c04)" : {
        "AppCoordinates {com.bbn, test-service1, 1}" : {
          "DATARATE_TX" : 1.2E-5,
          "DATARATE_RX" : 6.0E-6
        }
      },
      "(clientPoolI, nodeI_c14, nodeI_c14)" : {
        "AppCoordinates {com.bbn, test-service1, 1}" : {
          "DATARATE_TX" : 1.2E-5,
          "DATARATE_RX" : 6.0E-6
        }
      },
      "(clientPoolI, nodeI_c03, nodeI_c03)" : {
        "AppCoordinates {com.bbn, test-service1, 1}" : {
          "DATARATE_TX" : 1.2E-5,
          "DATARATE_RX" : 6.0E-6
        }
      },
      "(clientPoolI, nodeI_c13, nodeI_c13)" : {
        "AppCoordinates {com.bbn, test-service1, 1}" : {
          "DATARATE_TX" : 1.2E-5,
          "DATARATE_RX" : 6.0E-6
        }
      },
      "(clientPoolI, nodeI_c02, nodeI_c02)" : {
        "AppCoordinates {com.bbn, test-service1, 1}" : {
          "DATARATE_TX" : 1.2E-5,
          "DATARATE_RX" : 6.0E-6
        }
      },
      "(clientPoolI, nodeI_c12, nodeI_c12)" : {
        "AppCoordinates {com.bbn, test-service1, 1}" : {
          "DATARATE_TX" : 1.2E-5,
          "DATARATE_RX" : 6.0E-6
        }
      },
      "(clientPoolI, nodeI_c01, nodeI_c01)" : {
        "AppCoordinates {com.bbn, test-service1, 1}" : {
          "DATARATE_TX" : 1.2E-5,
          "DATARATE_RX" : 6.0E-6
        }
      },
      "(clientPoolI, nodeI_c11, nodeI_c11)" : {
        "AppCoordinates {com.bbn, test-service1, 1}" : {
          "DATARATE_TX" : 1.2E-5,
          "DATARATE_RX" : 6.0E-6
        }
      },
      "(clientPoolI, nodeI_c00, nodeI_c00)" : {
        "AppCoordinates {com.bbn, test-service1, 1}" : {
          "DATARATE_TX" : 1.2E-5,
          "DATARATE_RX" : 6.0E-6
        }
      },
      "(clientPoolI, nodeI_c10, nodeI_c10)" : {
        "AppCoordinates {com.bbn, test-service1, 1}" : {
          "DATARATE_TX" : 1.2E-5,
          "DATARATE_RX" : 6.0E-6
        }
      }
    }
  },
  "containerNetworkDemand" : {
    "interface-nodeI ( nodeI )" : {
      "(clientPoolI, nodeI_c09, nodeI_c09)" : {
        "AppCoordinates {com.bbn, test-service1, 1}" : {
          "DATARATE_TX" : 1.38611111111111E-5,
          "DATARATE_RX" : 6.93055555555555E-6
        }
      },
      "(clientPoolI, nodeI_c19, nodeI_c19)" : {
        "AppCoordinates {com.bbn, test-service1, 1}" : {
          "DATARATE_TX" : 1.4416666666666655E-5,
          "DATARATE_RX" : 7.2083333333333276E-6
        }
      },
      "(clientPoolI, nodeI_c08, nodeI_c08)" : {
        "AppCoordinates {com.bbn, test-service1, 1}" : {
          "DATARATE_TX" : 1.3849999999999991E-5,
          "DATARATE_RX" : 6.9249999999999955E-6
        }
      },
      "(clientPoolI, nodeI_c18, nodeI_c18)" : {
        "AppCoordinates {com.bbn, test-service1, 1}" : {
          "DATARATE_TX" : 1.4161111111111077E-5,
          "DATARATE_RX" : 7.080555555555539E-6
        }
      },
      "(clientPoolI, nodeI_c07, nodeI_c07)" : {
        "AppCoordinates {com.bbn, test-service1, 1}" : {
          "DATARATE_TX" : 1.3905555555555545E-5,
          "DATARATE_RX" : 6.952777777777773E-6
        }
      },
      "(clientPoolI, nodeI_c17, nodeI_c17)" : {
        "AppCoordinates {com.bbn, test-service1, 1}" : {
          "DATARATE_TX" : 1.3827777777777762E-5,
          "DATARATE_RX" : 6.913888888888881E-6
        }
      },
      "(clientPoolI, nodeI_c06, nodeI_c06)" : {
        "AppCoordinates {com.bbn, test-service1, 1}" : {
          "DATARATE_TX" : 1.3811111111111096E-5,
          "DATARATE_RX" : 6.905555555555548E-6
        }
      },
      "(clientPoolI, nodeI_c16, nodeI_c16)" : {
        "AppCoordinates {com.bbn, test-service1, 1}" : {
          "DATARATE_TX" : 1.3877777777777765E-5,
          "DATARATE_RX" : 6.938888888888882E-6
        }
      },
      "(clientPoolI, nodeI_c05, nodeI_c05)" : {
        "AppCoordinates {com.bbn, test-service1, 1}" : {
          "DATARATE_TX" : 1.380555555555554E-5,
          "DATARATE_RX" : 6.90277777777777E-6
        }
      },
      "(clientPoolI, nodeI_c15, nodeI_c15)" : {
        "AppCoordinates {com.bbn, test-service1, 1}" : {
          "DATARATE_TX" : 1.3833795013850397E-5,
          "DATARATE_RX" : 6.916897506925199E-6
        }
      },
      "(clientPoolI, nodeI_c04, nodeI_c04)" : {
        "AppCoordinates {com.bbn, test-service1, 1}" : {
          "DATARATE_TX" : 1.385041551246536E-5,
          "DATARATE_RX" : 6.92520775623268E-6
        }
      },
      "(clientPoolI, nodeI_c14, nodeI_c14)" : {
        "AppCoordinates {com.bbn, test-service1, 1}" : {
          "DATARATE_TX" : 1.4127777777777742E-5,
          "DATARATE_RX" : 7.063888888888871E-6
        }
      },
      "(clientPoolI, nodeI_c03, nodeI_c03)" : {
        "AppCoordinates {com.bbn, test-service1, 1}" : {
          "DATARATE_TX" : 1.4853185595567765E-5,
          "DATARATE_RX" : 7.426592797783883E-6
        }
      },
      "(clientPoolI, nodeI_c13, nodeI_c13)" : {
        "AppCoordinates {com.bbn, test-service1, 1}" : {
          "DATARATE_TX" : 1.4516666666666588E-5,
          "DATARATE_RX" : 7.258333333333294E-6
        }
      },
      "(clientPoolI, nodeI_c02, nodeI_c02)" : {
        "AppCoordinates {com.bbn, test-service1, 1}" : {
          "DATARATE_TX" : 1.4149999999999963E-5,
          "DATARATE_RX" : 7.074999999999981E-6
        }
      },
      "(clientPoolI, nodeI_c12, nodeI_c12)" : {
        "AppCoordinates {com.bbn, test-service1, 1}" : {
          "DATARATE_TX" : 1.3479224376731271E-5,
          "DATARATE_RX" : 6.739612188365636E-6
        }
      },
      "(clientPoolI, nodeI_c01, nodeI_c01)" : {
        "AppCoordinates {com.bbn, test-service1, 1}" : {
          "DATARATE_TX" : 1.4509695290858648E-5,
          "DATARATE_RX" : 7.254847645429324E-6
        }
      },
      "(clientPoolI, nodeI_c11, nodeI_c11)" : {
        "AppCoordinates {com.bbn, test-service1, 1}" : {
          "DATARATE_TX" : 1.3849999999999986E-5,
          "DATARATE_RX" : 6.924999999999993E-6
        }
      },
      "(clientPoolI, nodeI_c00, nodeI_c00)" : {
        "AppCoordinates {com.bbn, test-service1, 1}" : {
          "DATARATE_TX" : 1.384444444444443E-5,
          "DATARATE_RX" : 6.922222222222215E-6
        }
      },
      "(clientPoolI, nodeI_c10, nodeI_c10)" : {
        "AppCoordinates {com.bbn, test-service1, 1}" : {
          "DATARATE_TX" : 1.382222222222221E-5,
          "DATARATE_RX" : 6.911111111111105E-6
        }
      }
    }
  },
  "computeLoad" : {
    "AppCoordinates {com.bbn, test-service1, 1}" : {
      "UNKNOWN" : {
        "QueueLength" : 55.0,
        "TASK_CONTAINERS" : 13.75
      }
    }
  },
  "availableServiceContainers" : 0,
  "averageProcessingTime" : {
    "AppCoordinates {com.bbn, test-service1, 1}" : 240000.0
  },
  "allocatedComputeCapacity" : {
    "CPU" : 20.0,
    "QueueLength" : 2.0E7,
    "TASK_CONTAINERS" : 20.0
  }
}