{
  "region" : {
    "name" : "G"
  },
  "nodeResourceReports" : [ {
    "nodeName" : {
      "name" : "nodeG"
    },
    "timestamp" : 30492,
    "demandEstimationWindow" : "SHORT",
    "nodeComputeCapacity" : {
      "CPU" : 4.0,
      "MEMORY" : 8.0E9,
      "DISK" : 10.0,
      "TASK_CONTAINERS" : 20.0
    },
    "networkCapacity" : {
      "interface-nodeD ( nodeD )" : {
        "DATARATE_RX" : 100.0,
        "DATARATE_TX" : 100.0
      },
      "interface-nodeE ( nodeE )" : {
        "DATARATE_RX" : 100.0,
        "DATARATE_TX" : 100.0
      },
      "interface-nodeC ( nodeC )" : {
        "DATARATE_RX" : 100.0,
        "DATARATE_TX" : 100.0
      },
      "interface-nodeH ( nodeH )" : {
        "DATARATE_RX" : 100.0,
        "DATARATE_TX" : 100.0
      },
      "interface-nodeI ( nodeI )" : {
        "DATARATE_RX" : 100.0,
        "DATARATE_TX" : 100.0
      },
      "interface-nodeA ( nodeA )" : {
        "DATARATE_RX" : 100.0,
        "DATARATE_TX" : 100.0
      }
    },
    "networkLoad" : {
      "interface-nodeD ( nodeD )" : { },
      "interface-nodeE ( nodeE )" : { },
      "interface-nodeC ( nodeC )" : {
        "(nodeJ_c00, clientPoolC, nodeJ_c00)" : {
          "AppCoordinates {com.bbn, test-service1, 1}" : {
            "DATARATE_TX" : 1.8000000000000004E-5,
            "DATARATE_RX" : 3.600000000000001E-5
          }
        }
      },
      "interface-nodeH ( nodeH )" : {
        "(clientPoolC, nodeJ_c00, nodeJ_c00)" : {
          "AppCoordinates {com.bbn, test-service1, 1}" : {
            "DATARATE_TX" : 3.600000000000001E-5,
            "DATARATE_RX" : 1.8000000000000004E-5
          }
        }
      },
      "interface-nodeI ( nodeI )" : { },
      "interface-nodeA ( nodeA )" : { }
    },
    "networkDemand" : {
      "interface-nodeE ( nodeE )" : { },
      "interface-nodeD ( nodeD )" : { },
      "interface-nodeC ( nodeC )" : {
        "(nodeJ_c00, clientPoolC, nodeJ_c00)" : {
          "AppCoordinates {com.bbn, test-service1, 1}" : {
            "DATARATE_TX" : 1.8000000000000004E-5,
            "DATARATE_RX" : 3.600000000000001E-5
          }
        }
      },
      "interface-nodeA ( nodeA )" : { },
      "interface-nodeI ( nodeI )" : { },
      "interface-nodeH ( nodeH )" : {
        "(clientPoolC, nodeJ_c00, nodeJ_c00)" : {
          "AppCoordinates {com.bbn, test-service1, 1}" : {
            "DATARATE_TX" : 3.600000000000001E-5,
            "DATARATE_RX" : 1.8000000000000004E-5
          }
        }
      }
    },
    "containerReports" : { },
    "maximumServiceContainers" : 20,
    "allocatedServiceContainers" : 0,
    "computeDemand" : { },
    "containerNetworkLoad" : { },
    "containerNetworkDemand" : { },
    "computeLoad" : { },
    "availableServiceContainers" : 20,
    "averageProcessingTime" : { },
    "allocatedComputeCapacity" : { }
  } ]
}