476,1,DNS_UPDATE_SUCCEEDED
516,1,DCOP_PLAN_PLUBLIED
541,2,RLG_PLAN_PUBLISHED
105730,212,DCOP_PLAN_PLUBLIED
108509,217,RLG_PLAN_PUBLISHED
108560,218,DNS_UPDATE_SUCCEEDED
109059,219,DNS_UPDATE_SUCCEEDED
111511,223,RLG_PLAN_PUBLISHED
111559,224,DNS_UPDATE_SUCCEEDED
165675,332,DCOP_PLAN_PLUBLIED
168521,337,RLG_PLAN_PUBLISHED
168594,338,DNS_UPDATE_SUCCEEDED
169094,339,DNS_UPDATE_SUCCEEDED
171521,343,RLG_PLAN_PUBLISHED
171595,344,DNS_UPDATE_SUCCEEDED
174520,349,RLG_PLAN_PUBLISHED
174597,350,DNS_UPDATE_SUCCEEDED
177521,355,RLG_PLAN_PUBLISHED
177597,356,DNS_UPDATE_SUCCEEDED
178097,357,DNS_UPDATE_SUCCEEDED
180524,361,RLG_PLAN_PUBLISHED
180597,362,DNS_UPDATE_SUCCEEDED
225663,452,DCOP_PLAN_PLUBLIED
228525,457,RLG_PLAN_PUBLISHED
228624,458,DNS_UPDATE_SUCCEEDED
285640,571,DCOP_PLAN_PLUBLIED
288529,577,RLG_PLAN_PUBLISHED
288649,578,DNS_UPDATE_SUCCEEDED
345654,691,DCOP_PLAN_PLUBLIED
348537,697,RLG_PLAN_PUBLISHED
348684,698,DNS_UPDATE_SUCCEEDED
405672,811,DCOP_PLAN_PLUBLIED
408543,817,RLG_PLAN_PUBLISHED
408727,818,DNS_UPDATE_SUCCEEDED
465704,931,DCOP_PLAN_PLUBLIED
468546,937,RLG_PLAN_PUBLISHED
468768,938,DNS_UPDATE_SUCCEEDED
525653,1051,DCOP_PLAN_PLUBLIED
528551,1057,RLG_PLAN_PUBLISHED
528818,1058,DNS_UPDATE_SUCCEEDED
585665,1171,DCOP_PLAN_PLUBLIED
588559,1177,RLG_PLAN_PUBLISHED
588857,1178,DNS_UPDATE_SUCCEEDED
630002,1261,DNS_UPDATE_SUCCEEDED
630002,1291,DCOP_PLAN_PLUBLIED
