441,1,DNS_UPDATE_SUCCEEDED
476,1,DCOP_PLAN_PLUBLIED
506,1,RLG_PLAN_PUBLISHED
105599,212,DCOP_PLAN_PLUBLIED
108476,217,RLG_PLAN_PUBLISHED
108567,218,DNS_UPDATE_SUCCEEDED
109063,219,DNS_UPDATE_SUCCEEDED
111476,223,RLG_PLAN_PUBLISHED
111564,224,DNS_UPDATE_SUCCEEDED
156482,313,RLG_PLAN_PUBLISHED
156591,314,DNS_UPDATE_SUCCEEDED
157092,315,DNS_UPDATE_SUCCEEDED
159482,319,RLG_PLAN_PUBLISHED
159591,320,DNS_UPDATE_SUCCEEDED
165559,331,DCOP_PLAN_PLUBLIED
168484,337,RLG_PLAN_PUBLISHED
168593,338,DNS_UPDATE_SUCCEEDED
169093,339,DNS_UPDATE_SUCCEEDED
171484,343,RLG_PLAN_PUBLISHED
171604,344,DNS_UPDATE_SUCCEEDED
225549,451,DCOP_PLAN_PLUBLIED
228497,457,RLG_PLAN_PUBLISHED
228624,458,DNS_UPDATE_SUCCEEDED
285563,571,DCOP_PLAN_PLUBLIED
288500,577,RLG_PLAN_PUBLISHED
288657,578,DNS_UPDATE_SUCCEEDED
345553,691,DCOP_PLAN_PLUBLIED
348502,697,RLG_PLAN_PUBLISHED
348697,698,DNS_UPDATE_SUCCEEDED
405558,811,DCOP_PLAN_PLUBLIED
408508,817,RLG_PLAN_PUBLISHED
408717,818,DNS_UPDATE_SUCCEEDED
465540,931,DCOP_PLAN_PLUBLIED
468512,937,RLG_PLAN_PUBLISHED
468752,938,DNS_UPDATE_SUCCEEDED
525560,1051,DCOP_PLAN_PLUBLIED
528515,1057,RLG_PLAN_PUBLISHED
528795,1058,DNS_UPDATE_SUCCEEDED
585558,1171,DCOP_PLAN_PLUBLIED
588518,1177,RLG_PLAN_PUBLISHED
588841,1178,DNS_UPDATE_SUCCEEDED
589342,1179,DNS_UPDATE_SUCCEEDED
591517,1183,RLG_PLAN_PUBLISHED
591841,1184,DNS_UPDATE_SUCCEEDED
630003,1260,DCOP_PLAN_PLUBLIED
