258,1,DNS_UPDATE_SUCCEEDED
41131,82,DCOP_PLAN_PLUBLIED
41147,82,RLG_PLAN_PUBLISHED
41627,83,DNS_UPDATE_SUCCEEDED
221379,437,DCOP_PLAN_PLUBLIED
221530,437,RLG_PLAN_PUBLISHED
341528,674,DCOP_PLAN_PLUBLIED
341847,674,RLG_PLAN_PUBLISHED
341976,675,DNS_UPDATE_SUCCEEDED
461650,910,DCOP_PLAN_PLUBLIED
462164,911,RLG_PLAN_PUBLISHED
462245,912,DNS_UPDATE_SUCCEEDED
581638,1147,DCOP_PLAN_PLUBLIED
582464,1148,RLG_PLAN_PUBLISHED
582601,1149,DNS_UPDATE_SUCCEEDED
701613,1383,DCOP_PLAN_PLUBLIED
702784,1385,RLG_PLAN_PUBLISHED
702878,1386,DNS_UPDATE_SUCCEEDED
821593,1619,DCOP_PLAN_PLUBLIED
823075,1622,RLG_PLAN_PUBLISHED
823236,1623,DNS_UPDATE_SUCCEEDED
941615,1856,DCOP_PLAN_PLUBLIED
943374,1859,RLG_PLAN_PUBLISHED
943543,1860,DNS_UPDATE_SUCCEEDED
1061577,2092,DCOP_PLAN_PLUBLIED
1063678,2096,RLG_PLAN_PUBLISHED
1063877,2097,DNS_UPDATE_SUCCEEDED
1181564,2328,DCOP_PLAN_PLUBLIED
1183941,2333,RLG_PLAN_PUBLISHED
1184279,2334,DNS_UPDATE_SUCCEEDED
1301510,2564,DCOP_PLAN_PLUBLIED
1304275,2570,RLG_PLAN_PUBLISHED
1304698,2571,DNS_UPDATE_SUCCEEDED
1541616,3037,DCOP_PLAN_PLUBLIED
1541936,3038,RLG_PLAN_PUBLISHED
1542345,3039,DNS_UPDATE_SUCCEEDED
1661643,3273,DCOP_PLAN_PLUBLIED
1662262,3275,RLG_PLAN_PUBLISHED
1662715,3276,DNS_UPDATE_SUCCEEDED
1781489,3509,DCOP_PLAN_PLUBLIED
1782598,3512,RLG_PLAN_PUBLISHED
1783108,3513,DNS_UPDATE_SUCCEEDED
