{
  "region" : {
    "name" : "B"
  },
  "minTimestamp" : 90987,
  "maxTimestamp" : 90987,
  "demandEstimationWindow" : "SHORT",
  "serverCapacity" : {
    "DISK" : 10.0,
    "MEMORY" : 8.0E9,
    "CPU" : 4.0,
    "TASK_CONTAINERS" : 20.0
  },
  "serverLoad" : { },
  "serverDemand" : { },
  "serverAverageProcessingTimeCount" : { },
  "serverAverageProcessingTimeSum" : { },
  "networkCapacity" : {
    "A" : {
      "DATARATE_RX" : 100.0,
      "DATARATE_TX" : 100.0
    },
    "C" : {
      "DATARATE_RX" : 100.0,
      "DATARATE_TX" : 100.0
    },
    "D" : {
      "DATARATE_RX" : 100.0,
      "DATARATE_TX" : 100.0
    },
    "F" : {
      "DATARATE_RX" : 100.0,
      "DATARATE_TX" : 100.0
    },
    "J" : {
      "DATARATE_RX" : 100.0,
      "DATARATE_TX" : 100.0
    }
  },
  "networkLoad" : {
    "A" : { },
    "C" : { },
    "D" : {
      "(B, D, D)" : {
        "AppCoordinates {com.bbn, test-service3, 1}" : {
          "DATARATE_TX" : 2.5999999999999965E-4,
          "DATARATE_RX" : 1.2999999999999983E-4
        },
        "AppCoordinates {com.bbn, test-service2, 1}" : {
          "DATARATE_TX" : 2.6399999999999964E-4,
          "DATARATE_RX" : 1.3199999999999982E-4
        },
        "AppCoordinates {com.bbn, test-service1, 1}" : {
          "DATARATE_TX" : 2.6599999999999974E-4,
          "DATARATE_RX" : 1.3299999999999987E-4
        }
      }
    },
    "F" : { },
    "J" : { }
  },
  "networkDemand" : {
    "A" : { },
    "C" : { },
    "D" : {
      "(B, D, D)" : {
        "AppCoordinates {com.bbn, test-service3, 1}" : {
          "DATARATE_TX" : 2.5999999999999965E-4,
          "DATARATE_RX" : 1.2999999999999983E-4
        },
        "AppCoordinates {com.bbn, test-service2, 1}" : {
          "DATARATE_TX" : 2.6399999999999964E-4,
          "DATARATE_RX" : 1.3199999999999982E-4
        },
        "AppCoordinates {com.bbn, test-service1, 1}" : {
          "DATARATE_TX" : 2.869999999999996E-4,
          "DATARATE_RX" : 1.434999999999998E-4
        }
      }
    },
    "F" : { },
    "J" : { }
  },
  "maximumServiceContainers" : 20,
  "allocatedServiceContainers" : 0,
  "serverAverageProcessingTime" : { },
  "availableServiceContainers" : 20,
  "nullSummary" : false
}