391,1,DNS_UPDATE_SUCCEEDED
47804,95,RLG_PLAN_PUBLISHED
47805,95,DCOP_PLAN_PLUBLIED
48316,96,DNS_UPDATE_SUCCEEDED
227899,449,DCOP_PLAN_PLUBLIED
228307,449,RLG_PLAN_PUBLISHED
347928,685,DCOP_PLAN_PLUBLIED
348674,686,RLG_PLAN_PUBLISHED
348857,687,DNS_UPDATE_SUCCEEDED
467853,920,DCOP_PLAN_PLUBLIED
469064,923,RLG_PLAN_PUBLISHED
469375,924,DNS_UPDATE_SUCCEEDED
587970,1156,DCOP_PLAN_PLUBLIED
589431,1159,RLG_PLAN_PUBLISHED
589518,1160,DNS_UPDATE_SUCCEEDED
708004,1392,DCOP_PLAN_PLUBLIED
709785,1396,RLG_PLAN_PUBLISHED
710172,1397,DNS_UPDATE_SUCCEEDED
827952,1628,DCOP_PLAN_PLUBLIED
830097,1632,RLG_PLAN_PUBLISHED
830334,1633,DNS_UPDATE_SUCCEEDED
947995,1864,DCOP_PLAN_PLUBLIED
950473,1868,RLG_PLAN_PUBLISHED
950507,1869,DNS_UPDATE_SUCCEEDED
1068001,2099,DCOP_PLAN_PLUBLIED
1070849,2105,RLG_PLAN_PUBLISHED
1071256,2106,DNS_UPDATE_SUCCEEDED
1187919,2335,DCOP_PLAN_PLUBLIED
1188223,2335,RLG_PLAN_PUBLISHED
1188338,2336,DNS_UPDATE_SUCCEEDED
1308026,2571,DCOP_PLAN_PLUBLIED
1308609,2572,RLG_PLAN_PUBLISHED
1309009,2573,DNS_UPDATE_SUCCEEDED
1427991,2806,DCOP_PLAN_PLUBLIED
1428964,2808,RLG_PLAN_PUBLISHED
1429254,2809,DNS_UPDATE_SUCCEEDED
1548058,3042,DCOP_PLAN_PLUBLIED
1549303,3044,RLG_PLAN_PUBLISHED
1549450,3045,DNS_UPDATE_SUCCEEDED
1668014,3277,DCOP_PLAN_PLUBLIED
1669644,3281,RLG_PLAN_PUBLISHED
1670132,3282,DNS_UPDATE_SUCCEEDED
1787985,3513,DCOP_PLAN_PLUBLIED
1790002,3517,RLG_PLAN_PUBLISHED
1790306,3518,DNS_UPDATE_SUCCEEDED
