4479,1,DNS_UPDATE_SUCCEEDED
47694,84,DCOP_PLAN_PLUBLIED
47786,84,RLG_PLAN_PUBLISHED
47955,85,DNS_UPDATE_SUCCEEDED
227829,440,DCOP_PLAN_PLUBLIED
230688,446,RLG_PLAN_PUBLISHED
231064,447,DNS_UPDATE_SUCCEEDED
347511,673,DCOP_PLAN_PLUBLIED
348068,674,RLG_PLAN_PUBLISHED
348517,675,DNS_UPDATE_SUCCEEDED
467521,893,DCOP_PLAN_PLUBLIED
468835,896,RLG_PLAN_PUBLISHED
469419,897,DNS_UPDATE_SUCCEEDED
587875,1118,DCOP_PLAN_PLUBLIED
589673,1121,RLG_PLAN_PUBLISHED
589898,1122,DNS_UPDATE_SUCCEEDED
707778,1345,DCOP_PLAN_PLUBLIED
710104,1349,RLG_PLAN_PUBLISHED
710160,1350,DNS_UPDATE_SUCCEEDED
947587,1802,DCOP_PLAN_PLUBLIED
948329,1803,RLG_PLAN_PUBLISHED
948575,1804,DNS_UPDATE_SUCCEEDED
4068,1,DNS_UPDATE_SUCCEEDED
47901,85,DCOP_PLAN_PLUBLIED
48163,85,RLG_PLAN_PUBLISHED
48404,86,DNS_UPDATE_SUCCEEDED
228438,421,DCOP_PLAN_PLUBLIED
231527,427,RLG_PLAN_PUBLISHED
232148,428,DNS_UPDATE_SUCCEEDED
234224,432,RLG_PLAN_PUBLISHED
284,1,DNS_UPDATE_SUCCEEDED
40930,82,DCOP_PLAN_PLUBLIED
40944,82,RLG_PLAN_PUBLISHED
41413,83,DNS_UPDATE_SUCCEEDED
221006,438,DCOP_PLAN_PLUBLIED
221189,439,RLG_PLAN_PUBLISHED
221565,440,DNS_UPDATE_SUCCEEDED
341285,677,DCOP_PLAN_PLUBLIED
341353,677,RLG_PLAN_PUBLISHED
341623,678,DNS_UPDATE_SUCCEEDED
701091,1390,DCOP_PLAN_PLUBLIED
701866,1391,RLG_PLAN_PUBLISHED
701906,1392,DNS_UPDATE_SUCCEEDED
821374,1628,DCOP_PLAN_PLUBLIED
822053,1630,RLG_PLAN_PUBLISHED
822557,1631,DNS_UPDATE_SUCCEEDED
1061437,2104,DCOP_PLAN_PLUBLIED
1062413,2106,RLG_PLAN_PUBLISHED
1062900,2107,DNS_UPDATE_SUCCEEDED
1181140,2341,DCOP_PLAN_PLUBLIED
1182602,2344,RLG_PLAN_PUBLISHED
1183043,2345,DNS_UPDATE_SUCCEEDED
1421454,2817,DCOP_PLAN_PLUBLIED
1422977,2820,RLG_PLAN_PUBLISHED
1423285,2821,DNS_UPDATE_SUCCEEDED
1541374,3054,DCOP_PLAN_PLUBLIED
1543156,3058,RLG_PLAN_PUBLISHED
1543474,3059,DNS_UPDATE_SUCCEEDED
1781481,3530,DCOP_PLAN_PLUBLIED
1783535,3534,RLG_PLAN_PUBLISHED
1783898,3535,DNS_UPDATE_SUCCEEDED
