798,1,DNS_UPDATE_SUCCEEDED
845,2,DCOP_PLAN_PLUBLIED
854,2,RLG_PLAN_PUBLISHED
105978,212,DCOP_PLAN_PLUBLIED
108823,218,RLG_PLAN_PUBLISHED
109302,219,DNS_UPDATE_SUCCEEDED
109804,220,DNS_UPDATE_SUCCEEDED
111824,224,RLG_PLAN_PUBLISHED
112303,225,DNS_UPDATE_SUCCEEDED
123825,248,RLG_PLAN_PUBLISHED
124319,249,DNS_UPDATE_SUCCEEDED
124809,250,DNS_UPDATE_SUCCEEDED
126825,254,RLG_PLAN_PUBLISHED
127309,255,DNS_UPDATE_SUCCEEDED
165905,332,DCOP_PLAN_PLUBLIED
168831,337,RLG_PLAN_PUBLISHED
168835,338,DNS_UPDATE_SUCCEEDED
169328,339,DNS_UPDATE_SUCCEEDED
171829,344,RLG_PLAN_PUBLISHED
172329,345,DNS_UPDATE_SUCCEEDED
186829,373,RLG_PLAN_PUBLISHED
186836,374,DNS_UPDATE_SUCCEEDED
189829,379,RLG_PLAN_PUBLISHED
189838,380,DNS_UPDATE_SUCCEEDED
190336,381,DNS_UPDATE_SUCCEEDED
192829,385,RLG_PLAN_PUBLISHED
192837,386,DNS_UPDATE_SUCCEEDED
225831,451,RLG_PLAN_PUBLISHED
225850,452,DNS_UPDATE_SUCCEEDED
225914,452,DCOP_PLAN_PLUBLIED
228831,457,RLG_PLAN_PUBLISHED
228849,458,DNS_UPDATE_SUCCEEDED
229348,459,DNS_UPDATE_SUCCEEDED
231831,463,RLG_PLAN_PUBLISHED
231848,464,DNS_UPDATE_SUCCEEDED
285920,572,DCOP_PLAN_PLUBLIED
288835,577,RLG_PLAN_PUBLISHED
288873,578,DNS_UPDATE_SUCCEEDED
345950,692,DCOP_PLAN_PLUBLIED
348840,697,RLG_PLAN_PUBLISHED
348890,698,DNS_UPDATE_SUCCEEDED
405924,812,DCOP_PLAN_PLUBLIED
408845,817,RLG_PLAN_PUBLISHED
408911,818,DNS_UPDATE_SUCCEEDED
465928,931,DCOP_PLAN_PLUBLIED
468849,937,RLG_PLAN_PUBLISHED
468926,938,DNS_UPDATE_SUCCEEDED
525941,1051,DCOP_PLAN_PLUBLIED
528867,1057,RLG_PLAN_PUBLISHED
528943,1058,DNS_UPDATE_SUCCEEDED
585936,1171,DCOP_PLAN_PLUBLIED
588869,1177,RLG_PLAN_PUBLISHED
588973,1178,DNS_UPDATE_SUCCEEDED
630005,1261,DNS_UPDATE_SUCCEEDED
630005,1291,DCOP_PLAN_PLUBLIED
