{
  "region" : {
    "name" : "K"
  },
  "minTimestamp" : 416993,
  "maxTimestamp" : 416993,
  "demandEstimationWindow" : "LONG",
  "serverCapacity" : {
    "DISK" : 10.0,
    "MEMORY" : 8.0E9,
    "CPU" : 4.0,
    "TASK_CONTAINERS" : 20.0
  },
  "serverLoad" : {
    "AppCoordinates {com.bbn, test-service3, 1}" : {
      "unknown" : {
        "QueueLength" : 41.0,
        "TASK_CONTAINERS" : 20.5
      }
    }
  },
  "serverDemand" : {
    "AppCoordinates {com.bbn, test-service3, 1}" : {
      "unknown" : {
        "QueueLength" : 35.02486187845304,
        "TASK_CONTAINERS" : 17.51243093922652
      }
    }
  },
  "serverAverageProcessingTimeCount" : {
    "AppCoordinates {com.bbn, test-service3, 1}" : 1
  },
  "serverAverageProcessingTimeSum" : {
    "AppCoordinates {com.bbn, test-service3, 1}" : 120000.0
  },
  "networkCapacity" : {
    "A" : {
      "DATARATE_RX" : 100.0,
      "DATARATE_TX" : 100.0
    },
    "C" : {
      "DATARATE_RX" : 100.0,
      "DATARATE_TX" : 100.0
    },
    "I" : {
      "DATARATE_RX" : 100.0,
      "DATARATE_TX" : 100.0
    },
    "J" : {
      "DATARATE_RX" : 100.0,
      "DATARATE_TX" : 100.0
    },
    "L" : {
      "DATARATE_RX" : 100.0,
      "DATARATE_TX" : 100.0
    },
    "N" : {
      "DATARATE_RX" : 100.0,
      "DATARATE_TX" : 100.0
    },
    "O" : {
      "DATARATE_RX" : 100.0,
      "DATARATE_TX" : 100.0
    }
  },
  "networkLoad" : {
    "A" : {
      "(K, A, A)" : {
        "AppCoordinates {com.bbn, test-service3, 1}" : {
          "DATARATE_TX" : 3.7799999999999997E-4,
          "DATARATE_RX" : 1.8899999999999999E-4
        },
        "AppCoordinates {com.bbn, test-service2, 1}" : {
          "DATARATE_TX" : 1.7999999999999997E-5,
          "DATARATE_RX" : 8.999999999999999E-6
        },
        "AppCoordinates {com.bbn, test-service1, 1}" : {
          "DATARATE_TX" : 1.259999999999998E-4,
          "DATARATE_RX" : 6.29999999999999E-5
        }
      }
    },
    "C" : { },
    "I" : {
      "(K, I, I)" : {
        "AppCoordinates {com.bbn, test-service3, 1}" : {
          "DATARATE_TX" : 1.3999999999999988E-5,
          "DATARATE_RX" : 6.999999999999994E-6
        }
      }
    },
    "J" : {
      "(K, J, J)" : {
        "AppCoordinates {com.bbn, test-service3, 1}" : {
          "DATARATE_TX" : 8.599999999999996E-5,
          "DATARATE_RX" : 4.299999999999998E-5
        }
      }
    },
    "L" : {
      "(K, L, L)" : {
        "AppCoordinates {com.bbn, test-service3, 1}" : {
          "DATARATE_TX" : 8.599999999999995E-5,
          "DATARATE_RX" : 4.2999999999999975E-5
        },
        "AppCoordinates {com.bbn, test-service2, 1}" : {
          "DATARATE_TX" : -8.470329472543003E-22,
          "DATARATE_RX" : -4.2351647362715017E-22
        }
      }
    },
    "N" : {
      "(K, B, B)" : {
        "AppCoordinates {com.bbn, test-service3, 1}" : {
          "DATARATE_TX" : 9.999999999999997E-6,
          "DATARATE_RX" : 4.999999999999999E-6
        }
      }
    },
    "O" : { }
  },
  "networkDemand" : {
    "A" : {
      "(K, A, A)" : {
        "AppCoordinates {com.bbn, test-service3, 1}" : {
          "DATARATE_TX" : 5.601952662599569E-4,
          "DATARATE_RX" : 2.8009763312997844E-4
        },
        "AppCoordinates {com.bbn, test-service2, 1}" : {
          "DATARATE_TX" : 2.512101825828495E-4,
          "DATARATE_RX" : 1.2560509129142474E-4
        },
        "AppCoordinates {com.bbn, test-service1, 1}" : {
          "DATARATE_TX" : 2.67256281096831E-4,
          "DATARATE_RX" : 1.336281405484155E-4
        }
      }
    },
    "C" : { },
    "I" : {
      "(K, I, I)" : {
        "AppCoordinates {com.bbn, test-service3, 1}" : {
          "DATARATE_TX" : 1.5130193905817126E-5,
          "DATARATE_RX" : 7.565096952908563E-6
        }
      }
    },
    "J" : {
      "(K, J, J)" : {
        "AppCoordinates {com.bbn, test-service3, 1}" : {
          "DATARATE_TX" : 8.027146814404454E-5,
          "DATARATE_RX" : 4.013573407202227E-5
        }
      }
    },
    "L" : {
      "(K, L, L)" : {
        "AppCoordinates {com.bbn, test-service3, 1}" : {
          "DATARATE_TX" : 4.612188365650941E-5,
          "DATARATE_RX" : 2.3060941828254705E-5
        },
        "AppCoordinates {com.bbn, test-service2, 1}" : {
          "DATARATE_TX" : -8.470329472543003E-22,
          "DATARATE_RX" : -4.2351647362715017E-22
        }
      }
    },
    "N" : {
      "(K, B, B)" : {
        "AppCoordinates {com.bbn, test-service3, 1}" : {
          "DATARATE_TX" : 8.465373961218858E-6,
          "DATARATE_RX" : 4.232686980609429E-6
        }
      }
    },
    "O" : { }
  },
  "maximumServiceContainers" : 20,
  "allocatedServiceContainers" : 1,
  "serverAverageProcessingTime" : {
    "AppCoordinates {com.bbn, test-service3, 1}" : 120000.0
  },
  "availableServiceContainers" : 19,
  "nullSummary" : false
}