{
  "nodeName" : {
    "name" : "nodeB"
  },
  "timestamp" : 406997,
  "demandEstimationWindow" : "LONG",
  "nodeComputeCapacity" : {
    "CPU" : 8.0,
    "MEMORY" : 1.6E10,
    "DISK" : 10.0,
    "TASK_CONTAINERS" : 8.0
  },
  "networkCapacity" : {
    "interface-nodeD ( nodeD )" : {
      "DATARATE_RX" : 100.0,
      "DATARATE_TX" : 100.0
    },
    "interface-nodeC ( nodeC )" : {
      "DATARATE_RX" : 100.0,
      "DATARATE_TX" : 100.0
    },
    "interface-nodeA ( nodeA )" : {
      "DATARATE_RX" : 100.0,
      "DATARATE_TX" : 100.0
    }
  },
  "networkLoad" : {
    "interface-nodeD ( nodeD )" : { },
    "interface-nodeC ( nodeC )" : {
      "(nodeB_c01, clientPoolC, nodeB_c01)" : {
        "AppCoordinates {com.bbn, test-service2, 1}" : {
          "DATARATE_TX" : 3.600000000000001E-5,
          "DATARATE_RX" : 7.200000000000002E-5
        }
      },
      "(nodeB_c00, clientPoolC, nodeB_c00)" : {
        "AppCoordinates {com.bbn, test-service3, 1}" : {
          "DATARATE_TX" : 7.09999999999999E-5,
          "DATARATE_RX" : 1.419999999999998E-4
        },
        "AppCoordinates {com.bbn, test-service1, 1}" : {
          "DATARATE_TX" : -3.8116482626443515E-21,
          "DATARATE_RX" : -7.623296525288703E-21
        }
      },
      "(nodeB_c05, clientPoolC, nodeB_c05)" : {
        "AppCoordinates {com.bbn, test-service3, 1}" : {
          "DATARATE_TX" : 7.599999999999988E-5,
          "DATARATE_RX" : 1.5199999999999976E-4
        }
      },
      "(nodeB_c04, clientPoolC, nodeB_c04)" : {
        "AppCoordinates {com.bbn, test-service3, 1}" : {
          "DATARATE_TX" : 6.0999999999999924E-5,
          "DATARATE_RX" : 1.2199999999999985E-4
        },
        "AppCoordinates {com.bbn, test-service1, 1}" : {
          "DATARATE_TX" : -3.8116482626443515E-21,
          "DATARATE_RX" : -7.623296525288703E-21
        }
      },
      "(nodeB_c03, clientPoolC, nodeB_c03)" : {
        "AppCoordinates {com.bbn, test-service1, 1}" : {
          "DATARATE_TX" : -3.8116482626443515E-21,
          "DATARATE_RX" : -7.623296525288703E-21
        }
      },
      "(nodeB_c02, clientPoolC, nodeB_c02)" : {
        "AppCoordinates {com.bbn, test-service3, 1}" : {
          "DATARATE_TX" : 6.699999999999991E-5,
          "DATARATE_RX" : 1.3399999999999981E-4
        }
      },
      "(nodeB_c07, clientPoolC, nodeB_c07)" : {
        "AppCoordinates {com.bbn, test-service3, 1}" : {
          "DATARATE_TX" : 6.79999999999999E-5,
          "DATARATE_RX" : 1.359999999999998E-4
        },
        "AppCoordinates {com.bbn, test-service1, 1}" : {
          "DATARATE_TX" : -3.8116482626443515E-21,
          "DATARATE_RX" : -7.623296525288703E-21
        }
      },
      "(nodeB_c06, clientPoolC, nodeB_c06)" : {
        "AppCoordinates {com.bbn, test-service3, 1}" : {
          "DATARATE_TX" : 5.3999999999999944E-5,
          "DATARATE_RX" : 1.0799999999999989E-4
        },
        "AppCoordinates {com.bbn, test-service2, 1}" : {
          "DATARATE_TX" : -3.8116482626443515E-21,
          "DATARATE_RX" : -7.623296525288703E-21
        }
      }
    },
    "interface-nodeA ( nodeA )" : {
      "(nodeB_c03, clientPoolE, nodeB_c03)" : {
        "AppCoordinates {com.bbn, test-service1, 1}" : {
          "DATARATE_TX" : -3.8116482626443515E-21,
          "DATARATE_RX" : -7.623296525288703E-21
        }
      },
      "(nodeB_c02, clientPoolE, nodeB_c02)" : {
        "AppCoordinates {com.bbn, test-service3, 1}" : {
          "DATARATE_TX" : 6.499999999999991E-5,
          "DATARATE_RX" : 1.2999999999999983E-4
        }
      },
      "(nodeB_c01, clientPoolE, nodeB_c01)" : {
        "AppCoordinates {com.bbn, test-service2, 1}" : {
          "DATARATE_TX" : 3.600000000000001E-5,
          "DATARATE_RX" : 7.200000000000002E-5
        }
      },
      "(nodeB_c00, clientPoolE, nodeB_c00)" : {
        "AppCoordinates {com.bbn, test-service3, 1}" : {
          "DATARATE_TX" : 6.699999999999991E-5,
          "DATARATE_RX" : 1.3399999999999981E-4
        },
        "AppCoordinates {com.bbn, test-service1, 1}" : {
          "DATARATE_TX" : -3.8116482626443515E-21,
          "DATARATE_RX" : -7.623296525288703E-21
        }
      },
      "(nodeB_c07, clientPoolE, nodeB_c07)" : {
        "AppCoordinates {com.bbn, test-service3, 1}" : {
          "DATARATE_TX" : 6.299999999999992E-5,
          "DATARATE_RX" : 1.2599999999999984E-4
        },
        "AppCoordinates {com.bbn, test-service1, 1}" : {
          "DATARATE_TX" : -3.8116482626443515E-21,
          "DATARATE_RX" : -7.623296525288703E-21
        }
      },
      "(nodeB_c03, clientPoolA, nodeB_c03)" : {
        "AppCoordinates {com.bbn, test-service1, 1}" : {
          "DATARATE_TX" : -3.8116482626443515E-21,
          "DATARATE_RX" : -7.623296525288703E-21
        }
      },
      "(nodeB_c02, clientPoolA, nodeB_c02)" : {
        "AppCoordinates {com.bbn, test-service3, 1}" : {
          "DATARATE_TX" : 6.89999999999999E-5,
          "DATARATE_RX" : 1.379999999999998E-4
        }
      },
      "(nodeB_c06, clientPoolE, nodeB_c06)" : {
        "AppCoordinates {com.bbn, test-service3, 1}" : {
          "DATARATE_TX" : 5.899999999999993E-5,
          "DATARATE_RX" : 1.1799999999999986E-4
        },
        "AppCoordinates {com.bbn, test-service2, 1}" : {
          "DATARATE_TX" : -3.8116482626443515E-21,
          "DATARATE_RX" : -7.623296525288703E-21
        }
      },
      "(nodeB_c05, clientPoolE, nodeB_c05)" : {
        "AppCoordinates {com.bbn, test-service3, 1}" : {
          "DATARATE_TX" : 5.799999999999993E-5,
          "DATARATE_RX" : 1.1599999999999987E-4
        }
      },
      "(nodeB_c01, clientPoolA, nodeB_c01)" : {
        "AppCoordinates {com.bbn, test-service2, 1}" : {
          "DATARATE_TX" : 3.7000000000000005E-5,
          "DATARATE_RX" : 7.400000000000001E-5
        }
      },
      "(nodeB_c04, clientPoolE, nodeB_c04)" : {
        "AppCoordinates {com.bbn, test-service3, 1}" : {
          "DATARATE_TX" : 6.299999999999992E-5,
          "DATARATE_RX" : 1.2599999999999984E-4
        },
        "AppCoordinates {com.bbn, test-service1, 1}" : {
          "DATARATE_TX" : -3.8116482626443515E-21,
          "DATARATE_RX" : -7.623296525288703E-21
        }
      },
      "(nodeB_c00, clientPoolA, nodeB_c00)" : {
        "AppCoordinates {com.bbn, test-service3, 1}" : {
          "DATARATE_TX" : 6.199999999999992E-5,
          "DATARATE_RX" : 1.2399999999999984E-4
        },
        "AppCoordinates {com.bbn, test-service1, 1}" : {
          "DATARATE_TX" : -3.8116482626443515E-21,
          "DATARATE_RX" : -7.623296525288703E-21
        }
      },
      "(nodeB_c07, clientPoolA, nodeB_c07)" : {
        "AppCoordinates {com.bbn, test-service3, 1}" : {
          "DATARATE_TX" : 6.89999999999999E-5,
          "DATARATE_RX" : 1.379999999999998E-4
        },
        "AppCoordinates {com.bbn, test-service1, 1}" : {
          "DATARATE_TX" : -3.8116482626443515E-21,
          "DATARATE_RX" : -7.623296525288703E-21
        }
      },
      "(nodeB_c06, clientPoolA, nodeB_c06)" : {
        "AppCoordinates {com.bbn, test-service3, 1}" : {
          "DATARATE_TX" : 8.699999999999985E-5,
          "DATARATE_RX" : 1.739999999999997E-4
        },
        "AppCoordinates {com.bbn, test-service2, 1}" : {
          "DATARATE_TX" : -3.8116482626443515E-21,
          "DATARATE_RX" : -7.623296525288703E-21
        }
      },
      "(nodeB_c05, clientPoolA, nodeB_c05)" : {
        "AppCoordinates {com.bbn, test-service3, 1}" : {
          "DATARATE_TX" : 6.599999999999991E-5,
          "DATARATE_RX" : 1.3199999999999982E-4
        }
      },
      "(nodeB_c04, clientPoolA, nodeB_c04)" : {
        "AppCoordinates {com.bbn, test-service3, 1}" : {
          "DATARATE_TX" : 7.599999999999988E-5,
          "DATARATE_RX" : 1.5199999999999976E-4
        },
        "AppCoordinates {com.bbn, test-service1, 1}" : {
          "DATARATE_TX" : -3.8116482626443515E-21,
          "DATARATE_RX" : -7.623296525288703E-21
        }
      }
    }
  },
  "networkDemand" : {
    "interface-nodeD ( nodeD )" : { },
    "interface-nodeC ( nodeC )" : {
      "(nodeB_c01, clientPoolC, nodeB_c01)" : {
        "AppCoordinates {com.bbn, test-service2, 1}" : {
          "DATARATE_TX" : 6.485041551246529E-5,
          "DATARATE_RX" : 1.2970083102493057E-4
        }
      },
      "(nodeB_c00, clientPoolC, nodeB_c00)" : {
        "AppCoordinates {com.bbn, test-service3, 1}" : {
          "DATARATE_TX" : 5.7747922437673135E-5,
          "DATARATE_RX" : 1.1549584487534627E-4
        },
        "AppCoordinates {com.bbn, test-service1, 1}" : {
          "DATARATE_TX" : -3.8116482626443515E-21,
          "DATARATE_RX" : -7.623296525288703E-21
        }
      },
      "(nodeB_c05, clientPoolC, nodeB_c05)" : {
        "AppCoordinates {com.bbn, test-service3, 1}" : {
          "DATARATE_TX" : 6.38421052631579E-5,
          "DATARATE_RX" : 1.276842105263158E-4
        }
      },
      "(nodeB_c04, clientPoolC, nodeB_c04)" : {
        "AppCoordinates {com.bbn, test-service3, 1}" : {
          "DATARATE_TX" : 4.514681440443202E-5,
          "DATARATE_RX" : 9.029362880886404E-5
        },
        "AppCoordinates {com.bbn, test-service1, 1}" : {
          "DATARATE_TX" : -3.8116482626443515E-21,
          "DATARATE_RX" : -7.623296525288703E-21
        }
      },
      "(nodeB_c03, clientPoolC, nodeB_c03)" : {
        "AppCoordinates {com.bbn, test-service1, 1}" : {
          "DATARATE_TX" : 4.472022160664812E-5,
          "DATARATE_RX" : 8.944044321329623E-5
        }
      },
      "(nodeB_c02, clientPoolC, nodeB_c02)" : {
        "AppCoordinates {com.bbn, test-service3, 1}" : {
          "DATARATE_TX" : 3.818836565096956E-5,
          "DATARATE_RX" : 7.637673130193912E-5
        }
      },
      "(nodeB_c07, clientPoolC, nodeB_c07)" : {
        "AppCoordinates {com.bbn, test-service3, 1}" : {
          "DATARATE_TX" : 5.312465373961208E-5,
          "DATARATE_RX" : 1.0624930747922416E-4
        },
        "AppCoordinates {com.bbn, test-service1, 1}" : {
          "DATARATE_TX" : -3.8116482626443515E-21,
          "DATARATE_RX" : -7.623296525288703E-21
        }
      },
      "(nodeB_c06, clientPoolC, nodeB_c06)" : {
        "AppCoordinates {com.bbn, test-service3, 1}" : {
          "DATARATE_TX" : 5.468907563025197E-5,
          "DATARATE_RX" : 1.0937815126050394E-4
        },
        "AppCoordinates {com.bbn, test-service2, 1}" : {
          "DATARATE_TX" : -3.8116482626443515E-21,
          "DATARATE_RX" : -7.623296525288703E-21
        }
      }
    },
    "interface-nodeA ( nodeA )" : {
      "(nodeB_c03, clientPoolE, nodeB_c03)" : {
        "AppCoordinates {com.bbn, test-service1, 1}" : {
          "DATARATE_TX" : 4.538227146814393E-5,
          "DATARATE_RX" : 9.076454293628786E-5
        }
      },
      "(nodeB_c02, clientPoolE, nodeB_c02)" : {
        "AppCoordinates {com.bbn, test-service3, 1}" : {
          "DATARATE_TX" : 3.381994459833791E-5,
          "DATARATE_RX" : 6.763988919667583E-5
        }
      },
      "(nodeB_c01, clientPoolE, nodeB_c01)" : {
        "AppCoordinates {com.bbn, test-service2, 1}" : {
          "DATARATE_TX" : 6.590858725761765E-5,
          "DATARATE_RX" : 1.318171745152353E-4
        }
      },
      "(nodeB_c00, clientPoolE, nodeB_c00)" : {
        "AppCoordinates {com.bbn, test-service3, 1}" : {
          "DATARATE_TX" : 5.579501385041563E-5,
          "DATARATE_RX" : 1.1159002770083126E-4
        },
        "AppCoordinates {com.bbn, test-service1, 1}" : {
          "DATARATE_TX" : -3.8116482626443515E-21,
          "DATARATE_RX" : -7.623296525288703E-21
        }
      },
      "(nodeB_c03, clientPoolA, nodeB_c03)" : {
        "AppCoordinates {com.bbn, test-service1, 1}" : {
          "DATARATE_TX" : 4.436842105263161E-5,
          "DATARATE_RX" : 8.873684210526322E-5
        }
      },
      "(nodeB_c07, clientPoolE, nodeB_c07)" : {
        "AppCoordinates {com.bbn, test-service3, 1}" : {
          "DATARATE_TX" : 5.6584487534626134E-5,
          "DATARATE_RX" : 1.1316897506925227E-4
        },
        "AppCoordinates {com.bbn, test-service1, 1}" : {
          "DATARATE_TX" : -3.8116482626443515E-21,
          "DATARATE_RX" : -7.623296525288703E-21
        }
      },
      "(nodeB_c06, clientPoolE, nodeB_c06)" : {
        "AppCoordinates {com.bbn, test-service3, 1}" : {
          "DATARATE_TX" : 5.902521008403351E-5,
          "DATARATE_RX" : 1.1805042016806702E-4
        },
        "AppCoordinates {com.bbn, test-service2, 1}" : {
          "DATARATE_TX" : -3.8116482626443515E-21,
          "DATARATE_RX" : -7.623296525288703E-21
        }
      },
      "(nodeB_c02, clientPoolA, nodeB_c02)" : {
        "AppCoordinates {com.bbn, test-service3, 1}" : {
          "DATARATE_TX" : 3.627423822714674E-5,
          "DATARATE_RX" : 7.254847645429348E-5
        }
      },
      "(nodeB_c01, clientPoolA, nodeB_c01)" : {
        "AppCoordinates {com.bbn, test-service2, 1}" : {
          "DATARATE_TX" : 6.589750692520783E-5,
          "DATARATE_RX" : 1.3179501385041567E-4
        }
      },
      "(nodeB_c05, clientPoolE, nodeB_c05)" : {
        "AppCoordinates {com.bbn, test-service3, 1}" : {
          "DATARATE_TX" : 4.898891966758973E-5,
          "DATARATE_RX" : 9.797783933517946E-5
        }
      },
      "(nodeB_c00, clientPoolA, nodeB_c00)" : {
        "AppCoordinates {com.bbn, test-service3, 1}" : {
          "DATARATE_TX" : 6.162603878116371E-5,
          "DATARATE_RX" : 1.2325207756232743E-4
        },
        "AppCoordinates {com.bbn, test-service1, 1}" : {
          "DATARATE_TX" : -3.8116482626443515E-21,
          "DATARATE_RX" : -7.623296525288703E-21
        }
      },
      "(nodeB_c04, clientPoolE, nodeB_c04)" : {
        "AppCoordinates {com.bbn, test-service3, 1}" : {
          "DATARATE_TX" : 4.039058171745162E-5,
          "DATARATE_RX" : 8.078116343490324E-5
        },
        "AppCoordinates {com.bbn, test-service1, 1}" : {
          "DATARATE_TX" : -3.8116482626443515E-21,
          "DATARATE_RX" : -7.623296525288703E-21
        }
      },
      "(nodeB_c07, clientPoolA, nodeB_c07)" : {
        "AppCoordinates {com.bbn, test-service3, 1}" : {
          "DATARATE_TX" : 6.612742382271453E-5,
          "DATARATE_RX" : 1.3225484764542905E-4
        },
        "AppCoordinates {com.bbn, test-service1, 1}" : {
          "DATARATE_TX" : -3.8116482626443515E-21,
          "DATARATE_RX" : -7.623296525288703E-21
        }
      },
      "(nodeB_c06, clientPoolA, nodeB_c06)" : {
        "AppCoordinates {com.bbn, test-service3, 1}" : {
          "DATARATE_TX" : 6.341061452513944E-5,
          "DATARATE_RX" : 1.2682122905027888E-4
        },
        "AppCoordinates {com.bbn, test-service2, 1}" : {
          "DATARATE_TX" : -3.8116482626443515E-21,
          "DATARATE_RX" : -7.623296525288703E-21
        }
      },
      "(nodeB_c05, clientPoolA, nodeB_c05)" : {
        "AppCoordinates {com.bbn, test-service3, 1}" : {
          "DATARATE_TX" : 6.224099722991688E-5,
          "DATARATE_RX" : 1.2448199445983375E-4
        }
      },
      "(nodeB_c04, clientPoolA, nodeB_c04)" : {
        "AppCoordinates {com.bbn, test-service3, 1}" : {
          "DATARATE_TX" : 4.938781163434884E-5,
          "DATARATE_RX" : 9.877562326869768E-5
        },
        "AppCoordinates {com.bbn, test-service1, 1}" : {
          "DATARATE_TX" : -3.8116482626443515E-21,
          "DATARATE_RX" : -7.623296525288703E-21
        }
      }
    }
  },
  "containerReports" : {
    "nodeB_c00" : {
      "containerName" : {
        "name" : "nodeB_c00"
      },
      "timestamp" : 406997,
      "service" : {
        "group" : "com.bbn",
        "artifact" : "test-service3",
        "version" : "1"
      },
      "serviceStatus" : "RUNNING",
      "demandEstimationWindow" : "LONG",
      "computeCapacity" : {
        "CPU" : 1.0,
        "TASK_CONTAINERS" : 100.0,
        "QueueLength" : 1000000.0
      },
      "computeLoad" : {
        "UNKNOWN" : {
          "QueueLength" : 200.0,
          "TASK_CONTAINERS" : 100.0
        }
      },
      "computeDemand" : {
        "UNKNOWN" : {
          "QueueLength" : 174.61602209944752,
          "TASK_CONTAINERS" : 87.30801104972376
        }
      },
      "averageProcessingTime" : 120000.0,
      "networkCapacity" : {
        "interface-nodeB ( nodeB )" : {
          "DATARATE_TX" : 100.0,
          "DATARATE_RX" : 100.0
        }
      },
      "networkLoad" : {
        "interface-nodeB ( nodeB )" : {
          "(clientPoolE, nodeB_c00, nodeB_c00)" : {
            "AppCoordinates {com.bbn, test-service3, 1}" : {
              "DATARATE_TX" : 1.9799999999999964E-4,
              "DATARATE_RX" : 9.899999999999982E-5
            }
          },
          "(clientPoolC, nodeB_c00, nodeB_c00)" : {
            "AppCoordinates {com.bbn, test-service3, 1}" : {
              "DATARATE_TX" : 2.119999999999996E-4,
              "DATARATE_RX" : 1.059999999999998E-4
            }
          },
          "(clientPoolA, nodeB_c00, nodeB_c00)" : {
            "AppCoordinates {com.bbn, test-service3, 1}" : {
              "DATARATE_TX" : 2.0199999999999962E-4,
              "DATARATE_RX" : 1.0099999999999981E-4
            }
          }
        }
      },
      "networkDemand" : {
        "interface-nodeB ( nodeB )" : {
          "(clientPoolE, nodeB_c00, nodeB_c00)" : {
            "AppCoordinates {com.bbn, test-service3, 1}" : {
              "DATARATE_TX" : 1.2266481994459795E-4,
              "DATARATE_RX" : 6.133240997229898E-5
            }
          },
          "(clientPoolC, nodeB_c00, nodeB_c00)" : {
            "AppCoordinates {com.bbn, test-service3, 1}" : {
              "DATARATE_TX" : 1.2842659279778352E-4,
              "DATARATE_RX" : 6.421329639889176E-5
            }
          },
          "(clientPoolA, nodeB_c00, nodeB_c00)" : {
            "AppCoordinates {com.bbn, test-service3, 1}" : {
              "DATARATE_TX" : 1.365152354570643E-4,
              "DATARATE_RX" : 6.825761772853215E-5
            }
          }
        }
      }
    },
    "nodeB_c01" : {
      "containerName" : {
        "name" : "nodeB_c01"
      },
      "timestamp" : 407000,
      "service" : {
        "group" : "com.bbn",
        "artifact" : "test-service2",
        "version" : "1"
      },
      "serviceStatus" : "RUNNING",
      "demandEstimationWindow" : "LONG",
      "computeCapacity" : {
        "CPU" : 1.0,
        "TASK_CONTAINERS" : 100.0,
        "QueueLength" : 1000000.0
      },
      "computeLoad" : {
        "UNKNOWN" : {
          "QueueLength" : 109.0,
          "TASK_CONTAINERS" : 54.5
        }
      },
      "computeDemand" : {
        "UNKNOWN" : {
          "QueueLength" : 195.83701657458565,
          "TASK_CONTAINERS" : 97.91850828729282
        }
      },
      "averageProcessingTime" : 120000.0,
      "networkCapacity" : {
        "interface-nodeB ( nodeB )" : {
          "DATARATE_TX" : 100.0,
          "DATARATE_RX" : 100.0
        }
      },
      "networkLoad" : {
        "interface-nodeB ( nodeB )" : {
          "(clientPoolA, nodeB_c01, nodeB_c01)" : {
            "AppCoordinates {com.bbn, test-service2, 1}" : {
              "DATARATE_TX" : 9.400000000000098E-4,
              "DATARATE_RX" : 4.700000000000049E-4
            }
          },
          "(clientPoolE, nodeB_c01, nodeB_c01)" : {
            "AppCoordinates {com.bbn, test-service2, 1}" : {
              "DATARATE_TX" : 9.400000000000098E-4,
              "DATARATE_RX" : 4.700000000000049E-4
            }
          },
          "(clientPoolC, nodeB_c01, nodeB_c01)" : {
            "AppCoordinates {com.bbn, test-service2, 1}" : {
              "DATARATE_TX" : 9.380000000000098E-4,
              "DATARATE_RX" : 4.690000000000049E-4
            }
          }
        }
      },
      "networkDemand" : {
        "interface-nodeB ( nodeB )" : {
          "(clientPoolA, nodeB_c01, nodeB_c01)" : {
            "AppCoordinates {com.bbn, test-service2, 1}" : {
              "DATARATE_TX" : 8.379722991689821E-4,
              "DATARATE_RX" : 4.1898614958449105E-4
            }
          },
          "(clientPoolE, nodeB_c01, nodeB_c01)" : {
            "AppCoordinates {com.bbn, test-service2, 1}" : {
              "DATARATE_TX" : 8.381163434903118E-4,
              "DATARATE_RX" : 4.190581717451559E-4
            }
          },
          "(clientPoolC, nodeB_c01, nodeB_c01)" : {
            "AppCoordinates {com.bbn, test-service2, 1}" : {
              "DATARATE_TX" : 8.380166204986221E-4,
              "DATARATE_RX" : 4.1900831024931106E-4
            }
          }
        }
      }
    },
    "nodeB_c02" : {
      "containerName" : {
        "name" : "nodeB_c02"
      },
      "timestamp" : 407010,
      "service" : {
        "group" : "com.bbn",
        "artifact" : "test-service3",
        "version" : "1"
      },
      "serviceStatus" : "RUNNING",
      "demandEstimationWindow" : "LONG",
      "computeCapacity" : {
        "CPU" : 1.0,
        "TASK_CONTAINERS" : 100.0,
        "QueueLength" : 1000000.0
      },
      "computeLoad" : {
        "UNKNOWN" : {
          "QueueLength" : 200.0,
          "TASK_CONTAINERS" : 100.0
        }
      },
      "computeDemand" : {
        "UNKNOWN" : {
          "QueueLength" : 118.76899696048632,
          "TASK_CONTAINERS" : 82.09033613445378
        }
      },
      "averageProcessingTime" : 120000.0,
      "networkCapacity" : {
        "interface-nodeB ( nodeB )" : {
          "DATARATE_TX" : 100.0,
          "DATARATE_RX" : 100.0
        }
      },
      "networkLoad" : {
        "interface-nodeB ( nodeB )" : {
          "(clientPoolA, nodeB_c02, nodeB_c02)" : {
            "AppCoordinates {com.bbn, test-service3, 1}" : {
              "DATARATE_TX" : 2.0199999999999962E-4,
              "DATARATE_RX" : 1.0099999999999981E-4
            }
          },
          "(clientPoolE, nodeB_c02, nodeB_c02)" : {
            "AppCoordinates {com.bbn, test-service3, 1}" : {
              "DATARATE_TX" : 1.9999999999999963E-4,
              "DATARATE_RX" : 9.999999999999982E-5
            }
          },
          "(clientPoolC, nodeB_c02, nodeB_c02)" : {
            "AppCoordinates {com.bbn, test-service3, 1}" : {
              "DATARATE_TX" : 2.099999999999996E-4,
              "DATARATE_RX" : 1.049999999999998E-4
            }
          }
        }
      },
      "networkDemand" : {
        "interface-nodeB ( nodeB )" : {
          "(clientPoolA, nodeB_c02, nodeB_c02)" : {
            "AppCoordinates {com.bbn, test-service3, 1}" : {
              "DATARATE_TX" : 1.121603375527424E-4,
              "DATARATE_RX" : 5.60801687763712E-5
            }
          },
          "(clientPoolE, nodeB_c02, nodeB_c02)" : {
            "AppCoordinates {com.bbn, test-service3, 1}" : {
              "DATARATE_TX" : 1.049535864978902E-4,
              "DATARATE_RX" : 5.24767932489451E-5
            }
          },
          "(clientPoolC, nodeB_c02, nodeB_c02)" : {
            "AppCoordinates {com.bbn, test-service3, 1}" : {
              "DATARATE_TX" : 1.1890677966101705E-4,
              "DATARATE_RX" : 5.9453389830508526E-5
            }
          }
        }
      }
    },
    "nodeB_c03" : {
      "containerName" : {
        "name" : "nodeB_c03"
      },
      "timestamp" : 407012,
      "service" : {
        "group" : "com.bbn",
        "artifact" : "test-service1",
        "version" : "1"
      },
      "serviceStatus" : "RUNNING",
      "demandEstimationWindow" : "LONG",
      "computeCapacity" : {
        "CPU" : 1.0,
        "TASK_CONTAINERS" : 100.0,
        "QueueLength" : 1000000.0
      },
      "computeLoad" : {
        "UNKNOWN" : {
          "QueueLength" : 0.0,
          "TASK_CONTAINERS" : 0.0
        }
      },
      "computeDemand" : {
        "UNKNOWN" : {
          "QueueLength" : 133.73407202216066,
          "TASK_CONTAINERS" : 66.86703601108033
        }
      },
      "averageProcessingTime" : 120000.0,
      "networkCapacity" : {
        "interface-nodeB ( nodeB )" : {
          "DATARATE_TX" : 100.0,
          "DATARATE_RX" : 100.0
        }
      },
      "networkLoad" : {
        "interface-nodeB ( nodeB )" : {
          "(clientPoolC, nodeB_c03, nodeB_c03)" : {
            "AppCoordinates {com.bbn, test-service1, 1}" : {
              "DATARATE_TX" : 7.369186641112413E-20,
              "DATARATE_RX" : 3.6845933205562065E-20
            }
          },
          "(clientPoolA, nodeB_c03, nodeB_c03)" : {
            "AppCoordinates {com.bbn, test-service1, 1}" : {
              "DATARATE_TX" : 7.369186641112413E-20,
              "DATARATE_RX" : 3.6845933205562065E-20
            }
          },
          "(clientPoolE, nodeB_c03, nodeB_c03)" : {
            "AppCoordinates {com.bbn, test-service1, 1}" : {
              "DATARATE_TX" : 7.369186641112413E-20,
              "DATARATE_RX" : 3.6845933205562065E-20
            }
          }
        }
      },
      "networkDemand" : {
        "interface-nodeB ( nodeB )" : {
          "(clientPoolC, nodeB_c03, nodeB_c03)" : {
            "AppCoordinates {com.bbn, test-service1, 1}" : {
              "DATARATE_TX" : 7.638666666666701E-4,
              "DATARATE_RX" : 3.8193333333333505E-4
            }
          },
          "(clientPoolA, nodeB_c03, nodeB_c03)" : {
            "AppCoordinates {com.bbn, test-service1, 1}" : {
              "DATARATE_TX" : 7.637833333333368E-4,
              "DATARATE_RX" : 3.818916666666684E-4
            }
          },
          "(clientPoolE, nodeB_c03, nodeB_c03)" : {
            "AppCoordinates {com.bbn, test-service1, 1}" : {
              "DATARATE_TX" : 7.640555555555592E-4,
              "DATARATE_RX" : 3.820277777777796E-4
            }
          }
        }
      }
    },
    "nodeB_c04" : {
      "containerName" : {
        "name" : "nodeB_c04"
      },
      "timestamp" : 407015,
      "service" : {
        "group" : "com.bbn",
        "artifact" : "test-service3",
        "version" : "1"
      },
      "serviceStatus" : "RUNNING",
      "demandEstimationWindow" : "LONG",
      "computeCapacity" : {
        "CPU" : 1.0,
        "TASK_CONTAINERS" : 100.0,
        "QueueLength" : 1000000.0
      },
      "computeLoad" : {
        "UNKNOWN" : {
          "QueueLength" : 200.0,
          "TASK_CONTAINERS" : 100.0
        }
      },
      "computeDemand" : {
        "UNKNOWN" : {
          "QueueLength" : 114.66275659824046,
          "TASK_CONTAINERS" : 82.14285714285714
        }
      },
      "averageProcessingTime" : 120000.0,
      "networkCapacity" : {
        "interface-nodeB ( nodeB )" : {
          "DATARATE_TX" : 100.0,
          "DATARATE_RX" : 100.0
        }
      },
      "networkLoad" : {
        "interface-nodeB ( nodeB )" : {
          "(clientPoolC, nodeB_c04, nodeB_c04)" : {
            "AppCoordinates {com.bbn, test-service3, 1}" : {
              "DATARATE_TX" : 1.9799999999999964E-4,
              "DATARATE_RX" : 9.899999999999982E-5
            }
          },
          "(clientPoolA, nodeB_c04, nodeB_c04)" : {
            "AppCoordinates {com.bbn, test-service3, 1}" : {
              "DATARATE_TX" : 2.3799999999999952E-4,
              "DATARATE_RX" : 1.1899999999999976E-4
            }
          },
          "(clientPoolE, nodeB_c04, nodeB_c04)" : {
            "AppCoordinates {com.bbn, test-service3, 1}" : {
              "DATARATE_TX" : 1.7999999999999969E-4,
              "DATARATE_RX" : 8.999999999999984E-5
            }
          }
        }
      },
      "networkDemand" : {
        "interface-nodeB ( nodeB )" : {
          "(clientPoolC, nodeB_c04, nodeB_c04)" : {
            "AppCoordinates {com.bbn, test-service3, 1}" : {
              "DATARATE_TX" : 1.0520675105485238E-4,
              "DATARATE_RX" : 5.260337552742619E-5
            }
          },
          "(clientPoolA, nodeB_c04, nodeB_c04)" : {
            "AppCoordinates {com.bbn, test-service3, 1}" : {
              "DATARATE_TX" : 1.3283898305084746E-4,
              "DATARATE_RX" : 6.641949152542373E-5
            }
          },
          "(clientPoolE, nodeB_c04, nodeB_c04)" : {
            "AppCoordinates {com.bbn, test-service3, 1}" : {
              "DATARATE_TX" : 9.849152542372896E-5,
              "DATARATE_RX" : 4.924576271186448E-5
            }
          }
        }
      }
    },
    "nodeB_c05" : {
      "containerName" : {
        "name" : "nodeB_c05"
      },
      "timestamp" : 407016,
      "service" : {
        "group" : "com.bbn",
        "artifact" : "test-service3",
        "version" : "1"
      },
      "serviceStatus" : "RUNNING",
      "demandEstimationWindow" : "LONG",
      "computeCapacity" : {
        "CPU" : 1.0,
        "TASK_CONTAINERS" : 100.0,
        "QueueLength" : 1000000.0
      },
      "computeLoad" : {
        "UNKNOWN" : {
          "QueueLength" : 200.0,
          "TASK_CONTAINERS" : 100.0
        }
      },
      "computeDemand" : {
        "UNKNOWN" : {
          "QueueLength" : 175.0415512465374,
          "TASK_CONTAINERS" : 87.5207756232687
        }
      },
      "averageProcessingTime" : 120000.0,
      "networkCapacity" : {
        "interface-nodeB ( nodeB )" : {
          "DATARATE_TX" : 100.0,
          "DATARATE_RX" : 100.0
        }
      },
      "networkLoad" : {
        "interface-nodeB ( nodeB )" : {
          "(clientPoolA, nodeB_c05, nodeB_c05)" : {
            "AppCoordinates {com.bbn, test-service3, 1}" : {
              "DATARATE_TX" : 2.1199999999999962E-4,
              "DATARATE_RX" : 1.0599999999999981E-4
            }
          },
          "(clientPoolE, nodeB_c05, nodeB_c05)" : {
            "AppCoordinates {com.bbn, test-service3, 1}" : {
              "DATARATE_TX" : 1.7599999999999972E-4,
              "DATARATE_RX" : 8.799999999999986E-5
            }
          },
          "(clientPoolC, nodeB_c05, nodeB_c05)" : {
            "AppCoordinates {com.bbn, test-service3, 1}" : {
              "DATARATE_TX" : 2.219999999999996E-4,
              "DATARATE_RX" : 1.109999999999998E-4
            }
          }
        }
      },
      "networkDemand" : {
        "interface-nodeB ( nodeB )" : {
          "(clientPoolA, nodeB_c05, nodeB_c05)" : {
            "AppCoordinates {com.bbn, test-service3, 1}" : {
              "DATARATE_TX" : 1.3818888888888884E-4,
              "DATARATE_RX" : 6.909444444444442E-5
            }
          },
          "(clientPoolE, nodeB_c05, nodeB_c05)" : {
            "AppCoordinates {com.bbn, test-service3, 1}" : {
              "DATARATE_TX" : 1.0989444444444384E-4,
              "DATARATE_RX" : 5.494722222222192E-5
            }
          },
          "(clientPoolC, nodeB_c05, nodeB_c05)" : {
            "AppCoordinates {com.bbn, test-service3, 1}" : {
              "DATARATE_TX" : 1.4061111111111102E-4,
              "DATARATE_RX" : 7.030555555555551E-5
            }
          }
        }
      }
    },
    "nodeB_c06" : {
      "containerName" : {
        "name" : "nodeB_c06"
      },
      "timestamp" : 407023,
      "service" : {
        "group" : "com.bbn",
        "artifact" : "test-service3",
        "version" : "1"
      },
      "serviceStatus" : "RUNNING",
      "demandEstimationWindow" : "LONG",
      "computeCapacity" : {
        "CPU" : 1.0,
        "TASK_CONTAINERS" : 100.0,
        "QueueLength" : 1000000.0
      },
      "computeLoad" : {
        "UNKNOWN" : {
          "QueueLength" : 200.0,
          "TASK_CONTAINERS" : 100.0
        }
      },
      "computeDemand" : {
        "UNKNOWN" : {
          "QueueLength" : 175.3102493074792,
          "TASK_CONTAINERS" : 88.14345403899722
        }
      },
      "averageProcessingTime" : 120000.0,
      "networkCapacity" : {
        "interface-nodeB ( nodeB )" : {
          "DATARATE_TX" : 100.0,
          "DATARATE_RX" : 100.0
        }
      },
      "networkLoad" : {
        "interface-nodeB ( nodeB )" : {
          "(clientPoolA, nodeB_c06, nodeB_c06)" : {
            "AppCoordinates {com.bbn, test-service3, 1}" : {
              "DATARATE_TX" : 2.499999999999995E-4,
              "DATARATE_RX" : 1.2499999999999976E-4
            }
          },
          "(clientPoolE, nodeB_c06, nodeB_c06)" : {
            "AppCoordinates {com.bbn, test-service3, 1}" : {
              "DATARATE_TX" : 1.8999999999999966E-4,
              "DATARATE_RX" : 9.499999999999983E-5
            }
          },
          "(clientPoolC, nodeB_c06, nodeB_c06)" : {
            "AppCoordinates {com.bbn, test-service3, 1}" : {
              "DATARATE_TX" : 1.719999999999997E-4,
              "DATARATE_RX" : 8.599999999999985E-5
            }
          }
        }
      },
      "networkDemand" : {
        "interface-nodeB ( nodeB )" : {
          "(clientPoolA, nodeB_c06, nodeB_c06)" : {
            "AppCoordinates {com.bbn, test-service3, 1}" : {
              "DATARATE_TX" : 1.387374301675975E-4,
              "DATARATE_RX" : 6.936871508379875E-5
            }
          },
          "(clientPoolE, nodeB_c06, nodeB_c06)" : {
            "AppCoordinates {com.bbn, test-service3, 1}" : {
              "DATARATE_TX" : 1.3190476190476204E-4,
              "DATARATE_RX" : 6.595238095238102E-5
            }
          },
          "(clientPoolC, nodeB_c06, nodeB_c06)" : {
            "AppCoordinates {com.bbn, test-service3, 1}" : {
              "DATARATE_TX" : 1.1713725490196034E-4,
              "DATARATE_RX" : 5.856862745098017E-5
            }
          }
        }
      }
    },
    "nodeB_c07" : {
      "containerName" : {
        "name" : "nodeB_c07"
      },
      "timestamp" : 407026,
      "service" : {
        "group" : "com.bbn",
        "artifact" : "test-service3",
        "version" : "1"
      },
      "serviceStatus" : "RUNNING",
      "demandEstimationWindow" : "LONG",
      "computeCapacity" : {
        "CPU" : 1.0,
        "TASK_CONTAINERS" : 100.0,
        "QueueLength" : 1000000.0
      },
      "computeLoad" : {
        "UNKNOWN" : {
          "QueueLength" : 200.0,
          "TASK_CONTAINERS" : 100.0
        }
      },
      "computeDemand" : {
        "UNKNOWN" : {
          "QueueLength" : 175.76454293628808,
          "TASK_CONTAINERS" : 87.88227146814404
        }
      },
      "averageProcessingTime" : 120000.0,
      "networkCapacity" : {
        "interface-nodeB ( nodeB )" : {
          "DATARATE_TX" : 100.0,
          "DATARATE_RX" : 100.0
        }
      },
      "networkLoad" : {
        "interface-nodeB ( nodeB )" : {
          "(clientPoolC, nodeB_c07, nodeB_c07)" : {
            "AppCoordinates {com.bbn, test-service3, 1}" : {
              "DATARATE_TX" : 2.0199999999999962E-4,
              "DATARATE_RX" : 1.0099999999999981E-4
            }
          },
          "(clientPoolA, nodeB_c07, nodeB_c07)" : {
            "AppCoordinates {com.bbn, test-service3, 1}" : {
              "DATARATE_TX" : 2.0199999999999962E-4,
              "DATARATE_RX" : 1.0099999999999981E-4
            }
          },
          "(clientPoolE, nodeB_c07, nodeB_c07)" : {
            "AppCoordinates {com.bbn, test-service3, 1}" : {
              "DATARATE_TX" : 2.0199999999999962E-4,
              "DATARATE_RX" : 1.0099999999999981E-4
            }
          }
        }
      },
      "networkDemand" : {
        "interface-nodeB ( nodeB )" : {
          "(clientPoolC, nodeB_c07, nodeB_c07)" : {
            "AppCoordinates {com.bbn, test-service3, 1}" : {
              "DATARATE_TX" : 1.2158888888888863E-4,
              "DATARATE_RX" : 6.0794444444444315E-5
            }
          },
          "(clientPoolA, nodeB_c07, nodeB_c07)" : {
            "AppCoordinates {com.bbn, test-service3, 1}" : {
              "DATARATE_TX" : 1.4644444444444457E-4,
              "DATARATE_RX" : 7.322222222222228E-5
            }
          },
          "(clientPoolE, nodeB_c07, nodeB_c07)" : {
            "AppCoordinates {com.bbn, test-service3, 1}" : {
              "DATARATE_TX" : 1.2813333333333327E-4,
              "DATARATE_RX" : 6.406666666666663E-5
            }
          }
        }
      }
    }
  },
  "maximumServiceContainers" : 8,
  "allocatedServiceContainers" : 8,
  "computeDemand" : {
    "AppCoordinates {com.bbn, test-service3, 1}" : {
      "UNKNOWN" : {
        "QueueLength" : 934.164119148479,
        "TASK_CONTAINERS" : 515.0877054574446
      }
    },
    "AppCoordinates {com.bbn, test-service2, 1}" : {
      "UNKNOWN" : {
        "QueueLength" : 195.83701657458565,
        "TASK_CONTAINERS" : 97.91850828729282
      }
    },
    "AppCoordinates {com.bbn, test-service1, 1}" : {
      "UNKNOWN" : {
        "QueueLength" : 133.73407202216066,
        "TASK_CONTAINERS" : 66.86703601108033
      }
    }
  },
  "containerNetworkLoad" : {
    "interface-nodeB ( nodeB )" : {
      "(clientPoolA, nodeB_c06, nodeB_c06)" : {
        "AppCoordinates {com.bbn, test-service3, 1}" : {
          "DATARATE_TX" : 2.499999999999995E-4,
          "DATARATE_RX" : 1.2499999999999976E-4
        }
      },
      "(clientPoolC, nodeB_c07, nodeB_c07)" : {
        "AppCoordinates {com.bbn, test-service3, 1}" : {
          "DATARATE_TX" : 2.0199999999999962E-4,
          "DATARATE_RX" : 1.0099999999999981E-4
        }
      },
      "(clientPoolA, nodeB_c05, nodeB_c05)" : {
        "AppCoordinates {com.bbn, test-service3, 1}" : {
          "DATARATE_TX" : 2.1199999999999962E-4,
          "DATARATE_RX" : 1.0599999999999981E-4
        }
      },
      "(clientPoolA, nodeB_c07, nodeB_c07)" : {
        "AppCoordinates {com.bbn, test-service3, 1}" : {
          "DATARATE_TX" : 2.0199999999999962E-4,
          "DATARATE_RX" : 1.0099999999999981E-4
        }
      },
      "(clientPoolE, nodeB_c00, nodeB_c00)" : {
        "AppCoordinates {com.bbn, test-service3, 1}" : {
          "DATARATE_TX" : 1.9799999999999964E-4,
          "DATARATE_RX" : 9.899999999999982E-5
        }
      },
      "(clientPoolE, nodeB_c06, nodeB_c06)" : {
        "AppCoordinates {com.bbn, test-service3, 1}" : {
          "DATARATE_TX" : 1.8999999999999966E-4,
          "DATARATE_RX" : 9.499999999999983E-5
        }
      },
      "(clientPoolC, nodeB_c04, nodeB_c04)" : {
        "AppCoordinates {com.bbn, test-service3, 1}" : {
          "DATARATE_TX" : 1.9799999999999964E-4,
          "DATARATE_RX" : 9.899999999999982E-5
        }
      },
      "(clientPoolA, nodeB_c02, nodeB_c02)" : {
        "AppCoordinates {com.bbn, test-service3, 1}" : {
          "DATARATE_TX" : 2.0199999999999962E-4,
          "DATARATE_RX" : 1.0099999999999981E-4
        }
      },
      "(clientPoolE, nodeB_c05, nodeB_c05)" : {
        "AppCoordinates {com.bbn, test-service3, 1}" : {
          "DATARATE_TX" : 1.7599999999999972E-4,
          "DATARATE_RX" : 8.799999999999986E-5
        }
      },
      "(clientPoolC, nodeB_c03, nodeB_c03)" : {
        "AppCoordinates {com.bbn, test-service1, 1}" : {
          "DATARATE_TX" : 7.369186641112413E-20,
          "DATARATE_RX" : 3.6845933205562065E-20
        }
      },
      "(clientPoolA, nodeB_c01, nodeB_c01)" : {
        "AppCoordinates {com.bbn, test-service2, 1}" : {
          "DATARATE_TX" : 9.400000000000098E-4,
          "DATARATE_RX" : 4.700000000000049E-4
        }
      },
      "(clientPoolC, nodeB_c06, nodeB_c06)" : {
        "AppCoordinates {com.bbn, test-service3, 1}" : {
          "DATARATE_TX" : 1.719999999999997E-4,
          "DATARATE_RX" : 8.599999999999985E-5
        }
      },
      "(clientPoolA, nodeB_c04, nodeB_c04)" : {
        "AppCoordinates {com.bbn, test-service3, 1}" : {
          "DATARATE_TX" : 2.3799999999999952E-4,
          "DATARATE_RX" : 1.1899999999999976E-4
        }
      },
      "(clientPoolE, nodeB_c07, nodeB_c07)" : {
        "AppCoordinates {com.bbn, test-service3, 1}" : {
          "DATARATE_TX" : 2.0199999999999962E-4,
          "DATARATE_RX" : 1.0099999999999981E-4
        }
      },
      "(clientPoolC, nodeB_c05, nodeB_c05)" : {
        "AppCoordinates {com.bbn, test-service3, 1}" : {
          "DATARATE_TX" : 2.219999999999996E-4,
          "DATARATE_RX" : 1.109999999999998E-4
        }
      },
      "(clientPoolA, nodeB_c03, nodeB_c03)" : {
        "AppCoordinates {com.bbn, test-service1, 1}" : {
          "DATARATE_TX" : 7.369186641112413E-20,
          "DATARATE_RX" : 3.6845933205562065E-20
        }
      },
      "(clientPoolE, nodeB_c02, nodeB_c02)" : {
        "AppCoordinates {com.bbn, test-service3, 1}" : {
          "DATARATE_TX" : 1.9999999999999963E-4,
          "DATARATE_RX" : 9.999999999999982E-5
        }
      },
      "(clientPoolC, nodeB_c00, nodeB_c00)" : {
        "AppCoordinates {com.bbn, test-service3, 1}" : {
          "DATARATE_TX" : 2.119999999999996E-4,
          "DATARATE_RX" : 1.059999999999998E-4
        }
      },
      "(clientPoolE, nodeB_c01, nodeB_c01)" : {
        "AppCoordinates {com.bbn, test-service2, 1}" : {
          "DATARATE_TX" : 9.400000000000098E-4,
          "DATARATE_RX" : 4.700000000000049E-4
        }
      },
      "(clientPoolE, nodeB_c04, nodeB_c04)" : {
        "AppCoordinates {com.bbn, test-service3, 1}" : {
          "DATARATE_TX" : 1.7999999999999969E-4,
          "DATARATE_RX" : 8.999999999999984E-5
        }
      },
      "(clientPoolC, nodeB_c02, nodeB_c02)" : {
        "AppCoordinates {com.bbn, test-service3, 1}" : {
          "DATARATE_TX" : 2.099999999999996E-4,
          "DATARATE_RX" : 1.049999999999998E-4
        }
      },
      "(clientPoolA, nodeB_c00, nodeB_c00)" : {
        "AppCoordinates {com.bbn, test-service3, 1}" : {
          "DATARATE_TX" : 2.0199999999999962E-4,
          "DATARATE_RX" : 1.0099999999999981E-4
        }
      },
      "(clientPoolE, nodeB_c03, nodeB_c03)" : {
        "AppCoordinates {com.bbn, test-service1, 1}" : {
          "DATARATE_TX" : 7.369186641112413E-20,
          "DATARATE_RX" : 3.6845933205562065E-20
        }
      },
      "(clientPoolC, nodeB_c01, nodeB_c01)" : {
        "AppCoordinates {com.bbn, test-service2, 1}" : {
          "DATARATE_TX" : 9.380000000000098E-4,
          "DATARATE_RX" : 4.690000000000049E-4
        }
      }
    }
  },
  "containerNetworkDemand" : {
    "interface-nodeB ( nodeB )" : {
      "(clientPoolA, nodeB_c06, nodeB_c06)" : {
        "AppCoordinates {com.bbn, test-service3, 1}" : {
          "DATARATE_TX" : 1.387374301675975E-4,
          "DATARATE_RX" : 6.936871508379875E-5
        }
      },
      "(clientPoolC, nodeB_c07, nodeB_c07)" : {
        "AppCoordinates {com.bbn, test-service3, 1}" : {
          "DATARATE_TX" : 1.2158888888888863E-4,
          "DATARATE_RX" : 6.0794444444444315E-5
        }
      },
      "(clientPoolA, nodeB_c05, nodeB_c05)" : {
        "AppCoordinates {com.bbn, test-service3, 1}" : {
          "DATARATE_TX" : 1.3818888888888884E-4,
          "DATARATE_RX" : 6.909444444444442E-5
        }
      },
      "(clientPoolA, nodeB_c07, nodeB_c07)" : {
        "AppCoordinates {com.bbn, test-service3, 1}" : {
          "DATARATE_TX" : 1.4644444444444457E-4,
          "DATARATE_RX" : 7.322222222222228E-5
        }
      },
      "(clientPoolE, nodeB_c00, nodeB_c00)" : {
        "AppCoordinates {com.bbn, test-service3, 1}" : {
          "DATARATE_TX" : 1.2266481994459795E-4,
          "DATARATE_RX" : 6.133240997229898E-5
        }
      },
      "(clientPoolE, nodeB_c06, nodeB_c06)" : {
        "AppCoordinates {com.bbn, test-service3, 1}" : {
          "DATARATE_TX" : 1.3190476190476204E-4,
          "DATARATE_RX" : 6.595238095238102E-5
        }
      },
      "(clientPoolC, nodeB_c04, nodeB_c04)" : {
        "AppCoordinates {com.bbn, test-service3, 1}" : {
          "DATARATE_TX" : 1.0520675105485238E-4,
          "DATARATE_RX" : 5.260337552742619E-5
        }
      },
      "(clientPoolA, nodeB_c02, nodeB_c02)" : {
        "AppCoordinates {com.bbn, test-service3, 1}" : {
          "DATARATE_TX" : 1.121603375527424E-4,
          "DATARATE_RX" : 5.60801687763712E-5
        }
      },
      "(clientPoolE, nodeB_c05, nodeB_c05)" : {
        "AppCoordinates {com.bbn, test-service3, 1}" : {
          "DATARATE_TX" : 1.0989444444444384E-4,
          "DATARATE_RX" : 5.494722222222192E-5
        }
      },
      "(clientPoolC, nodeB_c03, nodeB_c03)" : {
        "AppCoordinates {com.bbn, test-service1, 1}" : {
          "DATARATE_TX" : 7.638666666666701E-4,
          "DATARATE_RX" : 3.8193333333333505E-4
        }
      },
      "(clientPoolA, nodeB_c01, nodeB_c01)" : {
        "AppCoordinates {com.bbn, test-service2, 1}" : {
          "DATARATE_TX" : 8.379722991689821E-4,
          "DATARATE_RX" : 4.1898614958449105E-4
        }
      },
      "(clientPoolC, nodeB_c06, nodeB_c06)" : {
        "AppCoordinates {com.bbn, test-service3, 1}" : {
          "DATARATE_TX" : 1.1713725490196034E-4,
          "DATARATE_RX" : 5.856862745098017E-5
        }
      },
      "(clientPoolA, nodeB_c04, nodeB_c04)" : {
        "AppCoordinates {com.bbn, test-service3, 1}" : {
          "DATARATE_TX" : 1.3283898305084746E-4,
          "DATARATE_RX" : 6.641949152542373E-5
        }
      },
      "(clientPoolE, nodeB_c07, nodeB_c07)" : {
        "AppCoordinates {com.bbn, test-service3, 1}" : {
          "DATARATE_TX" : 1.2813333333333327E-4,
          "DATARATE_RX" : 6.406666666666663E-5
        }
      },
      "(clientPoolC, nodeB_c05, nodeB_c05)" : {
        "AppCoordinates {com.bbn, test-service3, 1}" : {
          "DATARATE_TX" : 1.4061111111111102E-4,
          "DATARATE_RX" : 7.030555555555551E-5
        }
      },
      "(clientPoolA, nodeB_c03, nodeB_c03)" : {
        "AppCoordinates {com.bbn, test-service1, 1}" : {
          "DATARATE_TX" : 7.637833333333368E-4,
          "DATARATE_RX" : 3.818916666666684E-4
        }
      },
      "(clientPoolE, nodeB_c02, nodeB_c02)" : {
        "AppCoordinates {com.bbn, test-service3, 1}" : {
          "DATARATE_TX" : 1.049535864978902E-4,
          "DATARATE_RX" : 5.24767932489451E-5
        }
      },
      "(clientPoolC, nodeB_c00, nodeB_c00)" : {
        "AppCoordinates {com.bbn, test-service3, 1}" : {
          "DATARATE_TX" : 1.2842659279778352E-4,
          "DATARATE_RX" : 6.421329639889176E-5
        }
      },
      "(clientPoolE, nodeB_c01, nodeB_c01)" : {
        "AppCoordinates {com.bbn, test-service2, 1}" : {
          "DATARATE_TX" : 8.381163434903118E-4,
          "DATARATE_RX" : 4.190581717451559E-4
        }
      },
      "(clientPoolE, nodeB_c04, nodeB_c04)" : {
        "AppCoordinates {com.bbn, test-service3, 1}" : {
          "DATARATE_TX" : 9.849152542372896E-5,
          "DATARATE_RX" : 4.924576271186448E-5
        }
      },
      "(clientPoolC, nodeB_c02, nodeB_c02)" : {
        "AppCoordinates {com.bbn, test-service3, 1}" : {
          "DATARATE_TX" : 1.1890677966101705E-4,
          "DATARATE_RX" : 5.9453389830508526E-5
        }
      },
      "(clientPoolA, nodeB_c00, nodeB_c00)" : {
        "AppCoordinates {com.bbn, test-service3, 1}" : {
          "DATARATE_TX" : 1.365152354570643E-4,
          "DATARATE_RX" : 6.825761772853215E-5
        }
      },
      "(clientPoolE, nodeB_c03, nodeB_c03)" : {
        "AppCoordinates {com.bbn, test-service1, 1}" : {
          "DATARATE_TX" : 7.640555555555592E-4,
          "DATARATE_RX" : 3.820277777777796E-4
        }
      },
      "(clientPoolC, nodeB_c01, nodeB_c01)" : {
        "AppCoordinates {com.bbn, test-service2, 1}" : {
          "DATARATE_TX" : 8.380166204986221E-4,
          "DATARATE_RX" : 4.1900831024931106E-4
        }
      }
    }
  },
  "computeLoad" : {
    "AppCoordinates {com.bbn, test-service3, 1}" : {
      "UNKNOWN" : {
        "QueueLength" : 1200.0,
        "TASK_CONTAINERS" : 600.0
      }
    },
    "AppCoordinates {com.bbn, test-service2, 1}" : {
      "UNKNOWN" : {
        "QueueLength" : 109.0,
        "TASK_CONTAINERS" : 54.5
      }
    },
    "AppCoordinates {com.bbn, test-service1, 1}" : {
      "UNKNOWN" : {
        "QueueLength" : 0.0,
        "TASK_CONTAINERS" : 0.0
      }
    }
  },
  "availableServiceContainers" : 0,
  "averageProcessingTime" : {
    "AppCoordinates {com.bbn, test-service3, 1}" : 120000.0,
    "AppCoordinates {com.bbn, test-service2, 1}" : 120000.0,
    "AppCoordinates {com.bbn, test-service1, 1}" : 120000.0
  },
  "allocatedComputeCapacity" : {
    "CPU" : 8.0,
    "QueueLength" : 8000000.0,
    "TASK_CONTAINERS" : 800.0
  }
}