{
  "region" : {
    "name" : "C"
  },
  "minTimestamp" : 20998,
  "maxTimestamp" : 20998,
  "demandEstimationWindow" : "LONG",
  "serverCapacity" : {
    "DISK" : 10.0,
    "MEMORY" : 1.6E10,
    "CPU" : 8.0,
    "TASK_CONTAINERS" : 8.0
  },
  "serverLoad" : {
    "AppCoordinates {com.bbn, test-service3, 1}" : {
      "unknown" : {
        "QueueLength" : 0.0
      }
    },
    "AppCoordinates {com.bbn, test-service2, 1}" : {
      "unknown" : {
        "QueueLength" : 0.0
      }
    },
    "AppCoordinates {com.bbn, test-service1, 1}" : {
      "unknown" : {
        "QueueLength" : 0.0
      }
    }
  },
  "serverDemand" : {
    "AppCoordinates {com.bbn, test-service3, 1}" : {
      "unknown" : {
        "QueueLength" : 0.0
      }
    },
    "AppCoordinates {com.bbn, test-service2, 1}" : {
      "unknown" : {
        "QueueLength" : 0.0
      }
    },
    "AppCoordinates {com.bbn, test-service1, 1}" : {
      "unknown" : {
        "QueueLength" : 0.0
      }
    }
  },
  "serverAverageProcessingTimeCount" : { },
  "serverAverageProcessingTimeSum" : { },
  "networkCapacity" : {
    "A" : {
      "DATARATE_RX" : 100.0,
      "DATARATE_TX" : 100.0
    },
    "D" : {
      "DATARATE_RX" : 100.0,
      "DATARATE_TX" : 100.0
    },
    "E" : {
      "DATARATE_RX" : 100.0,
      "DATARATE_TX" : 100.0
    }
  },
  "networkLoad" : {
    "A" : { },
    "D" : { },
    "E" : { }
  },
  "networkDemand" : {
    "A" : { },
    "D" : { },
    "E" : { }
  },
  "maximumServiceContainers" : 8,
  "allocatedServiceContainers" : 3,
  "serverAverageProcessingTime" : { },
  "availableServiceContainers" : 5,
  "nullSummary" : false
}