{
  "nodeName" : {
    "name" : "nodeB"
  },
  "timestamp" : 181997,
  "demandEstimationWindow" : "LONG",
  "nodeComputeCapacity" : {
    "CPU" : 4.0,
    "MEMORY" : 8.0E9,
    "DISK" : 10.0,
    "TASK_CONTAINERS" : 20.0
  },
  "networkCapacity" : {
    "interface-nodeE ( nodeE )" : {
      "DATARATE_RX" : 100.0,
      "DATARATE_TX" : 100.0
    },
    "interface-nodeC ( nodeC )" : {
      "DATARATE_RX" : 100.0,
      "DATARATE_TX" : 100.0
    }
  },
  "networkLoad" : {
    "interface-nodeE ( nodeE )" : { },
    "interface-nodeC ( nodeC )" : {
      "(clientPoolB, nodeC_c07, nodeC_c07)" : {
        "AppCoordinates {com.bbn, test-service3, 1}" : {
          "DATARATE_TX" : 9.199999999999993E-5,
          "DATARATE_RX" : 4.5999999999999966E-5
        },
        "AppCoordinates {com.bbn, test-service2, 1}" : {
          "DATARATE_TX" : -7.623296525288703E-21,
          "DATARATE_RX" : -3.8116482626443515E-21
        }
      },
      "(clientPoolB, nodeC_c06, nodeC_c06)" : {
        "AppCoordinates {com.bbn, test-service2, 1}" : {
          "DATARATE_TX" : 1.999999999999999E-5,
          "DATARATE_RX" : 9.999999999999996E-6
        }
      },
      "(clientPoolB, nodeC_c05, nodeC_c05)" : {
        "AppCoordinates {com.bbn, test-service3, 1}" : {
          "DATARATE_TX" : 1.599999999999999E-5,
          "DATARATE_RX" : 7.999999999999995E-6
        }
      },
      "(clientPoolB, nodeC_c00, nodeC_c00)" : {
        "AppCoordinates {com.bbn, test-service3, 1}" : {
          "DATARATE_TX" : 1.1199999999999988E-4,
          "DATARATE_RX" : 5.599999999999994E-5
        },
        "AppCoordinates {com.bbn, test-service1, 1}" : {
          "DATARATE_TX" : -7.623296525288703E-21,
          "DATARATE_RX" : -3.8116482626443515E-21
        }
      },
      "(clientPoolB, nodeC_c04, nodeC_c04)" : {
        "AppCoordinates {com.bbn, test-service3, 1}" : {
          "DATARATE_TX" : 1.019999999999999E-4,
          "DATARATE_RX" : 5.099999999999995E-5
        },
        "AppCoordinates {com.bbn, test-service1, 1}" : {
          "DATARATE_TX" : -7.623296525288703E-21,
          "DATARATE_RX" : -3.8116482626443515E-21
        }
      },
      "(clientPoolB, nodeC_c03, nodeC_c03)" : {
        "AppCoordinates {com.bbn, test-service1, 1}" : {
          "DATARATE_TX" : 1.3199999999999982E-4,
          "DATARATE_RX" : 6.599999999999991E-5
        }
      },
      "(clientPoolB, nodeC_c02, nodeC_c02)" : {
        "AppCoordinates {com.bbn, test-service3, 1}" : {
          "DATARATE_TX" : -7.623296525288703E-21,
          "DATARATE_RX" : -3.8116482626443515E-21
        }
      },
      "(clientPoolB, nodeC_c01, nodeC_c01)" : {
        "AppCoordinates {com.bbn, test-service3, 1}" : {
          "DATARATE_TX" : 5.999999999999992E-6,
          "DATARATE_RX" : 2.999999999999996E-6
        },
        "AppCoordinates {com.bbn, test-service2, 1}" : {
          "DATARATE_TX" : -7.623296525288703E-21,
          "DATARATE_RX" : -3.8116482626443515E-21
        }
      }
    }
  },
  "networkDemand" : {
    "interface-nodeE ( nodeE )" : { },
    "interface-nodeC ( nodeC )" : {
      "(clientPoolB, nodeC_c07, nodeC_c07)" : {
        "AppCoordinates {com.bbn, test-service3, 1}" : {
          "DATARATE_TX" : 8.599999999999995E-5,
          "DATARATE_RX" : 4.2999999999999975E-5
        },
        "AppCoordinates {com.bbn, test-service2, 1}" : {
          "DATARATE_TX" : 9.355147058823515E-5,
          "DATARATE_RX" : 4.677573529411758E-5
        }
      },
      "(clientPoolB, nodeC_c06, nodeC_c06)" : {
        "AppCoordinates {com.bbn, test-service2, 1}" : {
          "DATARATE_TX" : 1.096506024096383E-4,
          "DATARATE_RX" : 5.482530120481915E-5
        }
      },
      "(clientPoolB, nodeC_c05, nodeC_c05)" : {
        "AppCoordinates {com.bbn, test-service3, 1}" : {
          "DATARATE_TX" : 1.2220849420849434E-4,
          "DATARATE_RX" : 6.110424710424717E-5
        }
      },
      "(clientPoolB, nodeC_c00, nodeC_c00)" : {
        "AppCoordinates {com.bbn, test-service3, 1}" : {
          "DATARATE_TX" : 9.417777777777764E-5,
          "DATARATE_RX" : 4.708888888888882E-5
        },
        "AppCoordinates {com.bbn, test-service1, 1}" : {
          "DATARATE_TX" : 1.0580921052631542E-4,
          "DATARATE_RX" : 5.290460526315771E-5
        }
      },
      "(clientPoolB, nodeC_c04, nodeC_c04)" : {
        "AppCoordinates {com.bbn, test-service3, 1}" : {
          "DATARATE_TX" : 8.444444444444446E-5,
          "DATARATE_RX" : 4.222222222222223E-5
        },
        "AppCoordinates {com.bbn, test-service1, 1}" : {
          "DATARATE_TX" : 7.307266435986139E-5,
          "DATARATE_RX" : 3.6536332179930695E-5
        }
      },
      "(clientPoolB, nodeC_c03, nodeC_c03)" : {
        "AppCoordinates {com.bbn, test-service1, 1}" : {
          "DATARATE_TX" : 1.1627702702702718E-4,
          "DATARATE_RX" : 5.813851351351359E-5
        }
      },
      "(clientPoolB, nodeC_c02, nodeC_c02)" : {
        "AppCoordinates {com.bbn, test-service3, 1}" : {
          "DATARATE_TX" : 1.0739097744360879E-4,
          "DATARATE_RX" : 5.369548872180439E-5
        }
      },
      "(clientPoolB, nodeC_c01, nodeC_c01)" : {
        "AppCoordinates {com.bbn, test-service3, 1}" : {
          "DATARATE_TX" : 6.0120967741935585E-5,
          "DATARATE_RX" : 3.0060483870967792E-5
        },
        "AppCoordinates {com.bbn, test-service2, 1}" : {
          "DATARATE_TX" : 5.5621052631578974E-5,
          "DATARATE_RX" : 2.7810526315789487E-5
        }
      }
    }
  },
  "containerReports" : {
    "nodeB_c00" : {
      "containerName" : {
        "name" : "nodeB_c00"
      },
      "timestamp" : 181997,
      "service" : {
        "group" : "com.bbn",
        "artifact" : "test-service3",
        "version" : "1"
      },
      "serviceStatus" : "RUNNING",
      "demandEstimationWindow" : "LONG",
      "computeCapacity" : {
        "CPU" : 1.0,
        "TASK_CONTAINERS" : 100.0,
        "QueueLength" : 1000000.0
      },
      "computeLoad" : {
        "UNKNOWN" : {
          "QueueLength" : 75.0,
          "TASK_CONTAINERS" : 37.5
        }
      },
      "computeDemand" : {
        "UNKNOWN" : {
          "QueueLength" : 102.41610738255034,
          "TASK_CONTAINERS" : 51.904761904761905
        }
      },
      "averageProcessingTime" : 120000.0,
      "networkCapacity" : {
        "interface-nodeB ( nodeB )" : {
          "DATARATE_TX" : 100.0,
          "DATARATE_RX" : 100.0
        }
      },
      "networkLoad" : {
        "interface-nodeB ( nodeB )" : {
          "(clientPoolB, nodeB_c00, nodeB_c00)" : {
            "AppCoordinates {com.bbn, test-service3, 1}" : {
              "DATARATE_TX" : 1.499999999999998E-4,
              "DATARATE_RX" : 7.49999999999999E-5
            }
          }
        }
      },
      "networkDemand" : {
        "interface-nodeB ( nodeB )" : {
          "(clientPoolB, nodeB_c00, nodeB_c00)" : {
            "AppCoordinates {com.bbn, test-service3, 1}" : {
              "DATARATE_TX" : 2.0904109589041026E-4,
              "DATARATE_RX" : 1.0452054794520513E-4
            }
          }
        }
      }
    }
  },
  "maximumServiceContainers" : 20,
  "allocatedServiceContainers" : 1,
  "computeDemand" : {
    "AppCoordinates {com.bbn, test-service3, 1}" : {
      "UNKNOWN" : {
        "QueueLength" : 102.41610738255034,
        "TASK_CONTAINERS" : 51.904761904761905
      }
    }
  },
  "containerNetworkLoad" : {
    "interface-nodeB ( nodeB )" : {
      "(clientPoolB, nodeB_c00, nodeB_c00)" : {
        "AppCoordinates {com.bbn, test-service3, 1}" : {
          "DATARATE_TX" : 1.499999999999998E-4,
          "DATARATE_RX" : 7.49999999999999E-5
        }
      }
    }
  },
  "containerNetworkDemand" : {
    "interface-nodeB ( nodeB )" : {
      "(clientPoolB, nodeB_c00, nodeB_c00)" : {
        "AppCoordinates {com.bbn, test-service3, 1}" : {
          "DATARATE_TX" : 2.0904109589041026E-4,
          "DATARATE_RX" : 1.0452054794520513E-4
        }
      }
    }
  },
  "computeLoad" : {
    "AppCoordinates {com.bbn, test-service3, 1}" : {
      "UNKNOWN" : {
        "QueueLength" : 75.0,
        "TASK_CONTAINERS" : 37.5
      }
    }
  },
  "allocatedComputeCapacity" : {
    "CPU" : 1.0,
    "QueueLength" : 1000000.0,
    "TASK_CONTAINERS" : 100.0
  },
  "averageProcessingTime" : {
    "AppCoordinates {com.bbn, test-service3, 1}" : 120000.0
  },
  "availableServiceContainers" : 19
}