{
  "region" : {
    "name" : "D"
  },
  "timestamp" : 406064,
  "plan" : {
    "AppCoordinates {com.bbn, test-service3, 1}" : {
      "A" : 0.0,
      "B" : 0.8450565120446911,
      "C" : 0.07747174397765441,
      "D" : 0.07747174397765444
    },
    "AppCoordinates {com.bbn, test-service2, 1}" : {
      "A" : 0.0,
      "B" : 1.0,
      "C" : 0.0,
      "D" : 0.0
    },
    "AppCoordinates {com.bbn, test-service1, 1}" : {
      "A" : 0.0,
      "B" : 1.0,
      "C" : 0.0,
      "D" : 0.0
    }
  }
}