1000,1,DNS_UPDATE_SUCCEEDED
1061,2,DCOP_PLAN_PLUBLIED
1059,2,RLG_PLAN_PUBLISHED
106109,212,DCOP_PLAN_PLUBLIED
108995,217,RLG_PLAN_PUBLISHED
109056,218,DNS_UPDATE_SUCCEEDED
109557,219,DNS_UPDATE_SUCCEEDED
111993,223,RLG_PLAN_PUBLISHED
112059,224,DNS_UPDATE_SUCCEEDED
166045,331,DCOP_PLAN_PLUBLIED
168997,337,RLG_PLAN_PUBLISHED
169090,338,DNS_UPDATE_SUCCEEDED
169587,339,DNS_UPDATE_SUCCEEDED
171997,343,RLG_PLAN_PUBLISHED
172090,344,DNS_UPDATE_SUCCEEDED
180997,361,RLG_PLAN_PUBLISHED
181090,362,DNS_UPDATE_SUCCEEDED
183997,367,RLG_PLAN_PUBLISHED
184103,368,DNS_UPDATE_SUCCEEDED
184600,369,DNS_UPDATE_SUCCEEDED
186996,373,RLG_PLAN_PUBLISHED
187103,374,DNS_UPDATE_SUCCEEDED
226366,452,DCOP_PLAN_PLUBLIED
229000,457,RLG_PLAN_PUBLISHED
229133,458,DNS_UPDATE_SUCCEEDED
229627,459,DNS_UPDATE_SUCCEEDED
232000,463,RLG_PLAN_PUBLISHED
232130,464,DNS_UPDATE_SUCCEEDED
630004,1260,DNS_UPDATE_SUCCEEDED
