539,2,DNS_UPDATE_SUCCEEDED
41427,83,RLG_PLAN_PUBLISHED
41427,83,DCOP_PLAN_PLUBLIED
41934,84,DNS_UPDATE_SUCCEEDED
221575,439,DCOP_PLAN_PLUBLIED
221703,439,RLG_PLAN_PUBLISHED
341550,675,DCOP_PLAN_PLUBLIED
342051,676,RLG_PLAN_PUBLISHED
342194,677,DNS_UPDATE_SUCCEEDED
461523,913,DCOP_PLAN_PLUBLIED
462277,914,RLG_PLAN_PUBLISHED
462391,915,DNS_UPDATE_SUCCEEDED
581580,1151,DCOP_PLAN_PLUBLIED
582470,1153,RLG_PLAN_PUBLISHED
582971,1154,DNS_UPDATE_SUCCEEDED
701567,1389,DCOP_PLAN_PLUBLIED
702671,1391,RLG_PLAN_PUBLISHED
703038,1392,DNS_UPDATE_SUCCEEDED
821530,1626,DCOP_PLAN_PLUBLIED
822870,1629,RLG_PLAN_PUBLISHED
823161,1630,DNS_UPDATE_SUCCEEDED
941649,1864,DCOP_PLAN_PLUBLIED
943073,1867,RLG_PLAN_PUBLISHED
943343,1868,DNS_UPDATE_SUCCEEDED
1061609,2100,DCOP_PLAN_PLUBLIED
1063424,2103,RLG_PLAN_PUBLISHED
1063497,2104,DNS_UPDATE_SUCCEEDED
1181781,2337,DCOP_PLAN_PLUBLIED
1183711,2341,RLG_PLAN_PUBLISHED
1184182,2342,DNS_UPDATE_SUCCEEDED
1301603,2574,DCOP_PLAN_PLUBLIED
1303901,2579,RLG_PLAN_PUBLISHED
1304311,2580,DNS_UPDATE_SUCCEEDED
1421598,2812,DCOP_PLAN_PLUBLIED
1424098,2817,RLG_PLAN_PUBLISHED
1424427,2818,DNS_UPDATE_SUCCEEDED
1661677,3285,DCOP_PLAN_PLUBLIED
1661689,3285,RLG_PLAN_PUBLISHED
1662024,3286,DNS_UPDATE_SUCCEEDED
1781644,3521,DCOP_PLAN_PLUBLIED
1782057,3521,RLG_PLAN_PUBLISHED
1782090,3522,DNS_UPDATE_SUCCEEDED
