722,2,DNS_UPDATE_SUCCEEDED
40421,81,RLG_PLAN_PUBLISHED
40429,81,DCOP_PLAN_PLUBLIED
40922,82,DNS_UPDATE_SUCCEEDED
700681,1389,DCOP_PLAN_PLUBLIED
701497,1391,RLG_PLAN_PUBLISHED
701895,1392,DNS_UPDATE_SUCCEEDED
704501,1397,RLG_PLAN_PUBLISHED
820737,1627,DCOP_PLAN_PLUBLIED
821668,1629,RLG_PLAN_PUBLISHED
822542,1631,DNS_UPDATE_SUCCEEDED
824674,1635,RLG_PLAN_PUBLISHED
872746,1730,RLG_PLAN_PUBLISHED
873019,1731,DNS_UPDATE_SUCCEEDED
873524,1732,DNS_UPDATE_SUCCEEDED
875752,1736,RLG_PLAN_PUBLISHED
876045,1737,DNS_UPDATE_SUCCEEDED
940801,1865,DCOP_PLAN_PLUBLIED
941849,1867,RLG_PLAN_PUBLISHED
942244,1868,DNS_UPDATE_SUCCEEDED
944854,1873,RLG_PLAN_PUBLISHED
1060499,2102,DCOP_PLAN_PLUBLIED
1062065,2105,RLG_PLAN_PUBLISHED
1063019,2107,DNS_UPDATE_SUCCEEDED
1065074,2111,RLG_PLAN_PUBLISHED
1233625,2442,RLG_PLAN_PUBLISHED
1234109,2443,DNS_UPDATE_SUCCEEDED
1234621,2444,DNS_UPDATE_SUCCEEDED
1236635,2447,RLG_PLAN_PUBLISHED
1236662,2448,DNS_UPDATE_SUCCEEDED
