727,1,DNS_UPDATE_SUCCEEDED
861,1,DCOP_PLAN_PLUBLIED
897,2,RLG_PLAN_PUBLISHED
1282,3,DNS_UPDATE_SUCCEEDED
33802,68,RLG_PLAN_PUBLISHED
34234,69,DNS_UPDATE_SUCCEEDED
34735,70,DNS_UPDATE_SUCCEEDED
36794,74,RLG_PLAN_PUBLISHED
37233,75,DNS_UPDATE_SUCCEEDED
90795,182,RLG_PLAN_PUBLISHED
91248,183,DNS_UPDATE_SUCCEEDED
91756,184,DNS_UPDATE_SUCCEEDED
93799,188,RLG_PLAN_PUBLISHED
94252,189,DNS_UPDATE_SUCCEEDED
94748,190,DNS_UPDATE_SUCCEEDED
96802,194,RLG_PLAN_PUBLISHED
97249,195,DNS_UPDATE_SUCCEEDED
97749,196,DNS_UPDATE_SUCCEEDED
99801,200,RLG_PLAN_PUBLISHED
100247,201,DNS_UPDATE_SUCCEEDED
150797,302,RLG_PLAN_PUBLISHED
151270,303,DNS_UPDATE_SUCCEEDED
151772,304,DNS_UPDATE_SUCCEEDED
153796,308,RLG_PLAN_PUBLISHED
154265,309,DNS_UPDATE_SUCCEEDED
154764,310,DNS_UPDATE_SUCCEEDED
156796,314,RLG_PLAN_PUBLISHED
157270,315,DNS_UPDATE_SUCCEEDED
157765,316,DNS_UPDATE_SUCCEEDED
159798,320,RLG_PLAN_PUBLISHED
160262,321,DNS_UPDATE_SUCCEEDED
160765,322,DNS_UPDATE_SUCCEEDED
162796,326,RLG_PLAN_PUBLISHED
163266,327,DNS_UPDATE_SUCCEEDED
213802,428,RLG_PLAN_PUBLISHED
214278,429,DNS_UPDATE_SUCCEEDED
214779,430,DNS_UPDATE_SUCCEEDED
216800,434,RLG_PLAN_PUBLISHED
217281,435,DNS_UPDATE_SUCCEEDED
217782,436,DNS_UPDATE_SUCCEEDED
219801,440,RLG_PLAN_PUBLISHED
220284,441,DNS_UPDATE_SUCCEEDED
226053,452,DCOP_PLAN_PLUBLIED
228806,458,RLG_PLAN_PUBLISHED
229281,459,DNS_UPDATE_SUCCEEDED
594831,1189,RLG_PLAN_PUBLISHED
594890,1190,DNS_UPDATE_SUCCEEDED
595394,1191,DNS_UPDATE_SUCCEEDED
597830,1195,RLG_PLAN_PUBLISHED
597892,1196,DNS_UPDATE_SUCCEEDED
598395,1197,DNS_UPDATE_SUCCEEDED
600830,1201,RLG_PLAN_PUBLISHED
600893,1202,DNS_UPDATE_SUCCEEDED
654841,1309,RLG_PLAN_PUBLISHED
654912,1310,DNS_UPDATE_SUCCEEDED
657837,1315,RLG_PLAN_PUBLISHED
657911,1316,DNS_UPDATE_SUCCEEDED
658410,1317,DNS_UPDATE_SUCCEEDED
660839,1321,RLG_PLAN_PUBLISHED
660913,1322,DNS_UPDATE_SUCCEEDED
714845,1429,RLG_PLAN_PUBLISHED
714918,1430,DNS_UPDATE_SUCCEEDED
717845,1435,RLG_PLAN_PUBLISHED
717924,1436,DNS_UPDATE_SUCCEEDED
718422,1437,DNS_UPDATE_SUCCEEDED
720844,1441,RLG_PLAN_PUBLISHED
720923,1442,DNS_UPDATE_SUCCEEDED
723850,1447,RLG_PLAN_PUBLISHED
723939,1448,DNS_UPDATE_SUCCEEDED
726845,1453,RLG_PLAN_PUBLISHED
726940,1454,DNS_UPDATE_SUCCEEDED
727441,1455,DNS_UPDATE_SUCCEEDED
729846,1459,RLG_PLAN_PUBLISHED
729943,1460,DNS_UPDATE_SUCCEEDED
732844,1465,RLG_PLAN_PUBLISHED
732942,1466,DNS_UPDATE_SUCCEEDED
735846,1471,RLG_PLAN_PUBLISHED
735944,1472,DNS_UPDATE_SUCCEEDED
736444,1473,DNS_UPDATE_SUCCEEDED
738845,1477,RLG_PLAN_PUBLISHED
738943,1478,DNS_UPDATE_SUCCEEDED
741846,1483,RLG_PLAN_PUBLISHED
741943,1484,DNS_UPDATE_SUCCEEDED
744846,1489,RLG_PLAN_PUBLISHED
744945,1490,DNS_UPDATE_SUCCEEDED
745452,1491,DNS_UPDATE_SUCCEEDED
747848,1495,RLG_PLAN_PUBLISHED
747952,1496,DNS_UPDATE_SUCCEEDED
1070005,2140,DNS_UPDATE_SUCCEEDED
