719,1,DNS_UPDATE_SUCCEEDED
783,2,DCOP_PLAN_PLUBLIED
802,2,RLG_PLAN_PUBLISHED
105918,212,DCOP_PLAN_PLUBLIED
108773,217,RLG_PLAN_PUBLISHED
108781,218,DNS_UPDATE_SUCCEEDED
109277,219,DNS_UPDATE_SUCCEEDED
111772,223,RLG_PLAN_PUBLISHED
111792,224,DNS_UPDATE_SUCCEEDED
120770,241,RLG_PLAN_PUBLISHED
120784,242,DNS_UPDATE_SUCCEEDED
121285,243,DNS_UPDATE_SUCCEEDED
123771,247,RLG_PLAN_PUBLISHED
123785,248,DNS_UPDATE_SUCCEEDED
165857,332,DCOP_PLAN_PLUBLIED
168773,337,RLG_PLAN_PUBLISHED
168811,338,DNS_UPDATE_SUCCEEDED
180773,361,RLG_PLAN_PUBLISHED
180809,362,DNS_UPDATE_SUCCEEDED
183772,367,RLG_PLAN_PUBLISHED
183815,368,DNS_UPDATE_SUCCEEDED
184322,369,DNS_UPDATE_SUCCEEDED
186775,373,RLG_PLAN_PUBLISHED
186814,374,DNS_UPDATE_SUCCEEDED
225875,452,DCOP_PLAN_PLUBLIED
228777,457,RLG_PLAN_PUBLISHED
228822,458,DNS_UPDATE_SUCCEEDED
285878,572,DCOP_PLAN_PLUBLIED
288781,577,RLG_PLAN_PUBLISHED
288841,578,DNS_UPDATE_SUCCEEDED
345889,692,DCOP_PLAN_PLUBLIED
348784,697,RLG_PLAN_PUBLISHED
348874,698,DNS_UPDATE_SUCCEEDED
405897,812,DCOP_PLAN_PLUBLIED
408787,817,RLG_PLAN_PUBLISHED
408907,818,DNS_UPDATE_SUCCEEDED
465857,931,DCOP_PLAN_PLUBLIED
468790,937,RLG_PLAN_PUBLISHED
468932,938,DNS_UPDATE_SUCCEEDED
525889,1051,DCOP_PLAN_PLUBLIED
528793,1057,RLG_PLAN_PUBLISHED
528973,1058,DNS_UPDATE_SUCCEEDED
585870,1171,DCOP_PLAN_PLUBLIED
588796,1177,RLG_PLAN_PUBLISHED
588992,1178,DNS_UPDATE_SUCCEEDED
630005,1260,DCOP_PLAN_PLUBLIED
