{
  "nodeName" : {
    "name" : "nodeJ"
  },
  "timestamp" : 133994,
  "demandEstimationWindow" : "SHORT",
  "nodeComputeCapacity" : {
    "CPU" : 8.0,
    "MEMORY" : 1.6E10,
    "DISK" : 10.0,
    "TASK_CONTAINERS" : 8.0
  },
  "networkCapacity" : {
    "interface-nodeD ( nodeD )" : {
      "DATARATE_RX" : 100.0,
      "DATARATE_TX" : 100.0
    },
    "interface-nodeB ( nodeB )" : {
      "DATARATE_RX" : 100.0,
      "DATARATE_TX" : 100.0
    },
    "interface-nodeG ( nodeG )" : {
      "DATARATE_RX" : 100.0,
      "DATARATE_TX" : 100.0
    }
  },
  "networkLoad" : {
    "interface-nodeD ( nodeD )" : {
      "(nodeJ_c07, clientPoolD, nodeJ_c07)" : {
        "AppCoordinates {com.bbn, test-service1, 1}" : {
          "DATARATE_TX" : 6.0999999999999924E-5,
          "DATARATE_RX" : 1.2199999999999985E-4
        }
      },
      "(nodeJ_c04, clientPoolD, nodeJ_c04)" : {
        "AppCoordinates {com.bbn, test-service3, 1}" : {
          "DATARATE_TX" : 2.3000000000000003E-5,
          "DATARATE_RX" : 4.600000000000001E-5
        }
      },
      "(nodeJ_c03, clientPoolD, nodeJ_c03)" : {
        "AppCoordinates {com.bbn, test-service1, 1}" : {
          "DATARATE_TX" : 4.399999999999997E-5,
          "DATARATE_RX" : 8.799999999999994E-5
        }
      },
      "(nodeJ_c06, clientPoolD, nodeJ_c06)" : {
        "AppCoordinates {com.bbn, test-service3, 1}" : {
          "DATARATE_TX" : 6.399999999999992E-5,
          "DATARATE_RX" : 1.2799999999999983E-4
        },
        "AppCoordinates {com.bbn, test-service2, 1}" : {
          "DATARATE_TX" : -4.2351647362715017E-22,
          "DATARATE_RX" : -8.470329472543003E-22
        }
      },
      "(nodeJ_c05, clientPoolD, nodeJ_c05)" : {
        "AppCoordinates {com.bbn, test-service2, 1}" : {
          "DATARATE_TX" : 7.09999999999999E-5,
          "DATARATE_RX" : 1.419999999999998E-4
        }
      },
      "(nodeJ_c05, clientPoolI, nodeJ_c05)" : {
        "AppCoordinates {com.bbn, test-service2, 1}" : {
          "DATARATE_TX" : 6.499999999999991E-5,
          "DATARATE_RX" : 1.2999999999999983E-4
        }
      },
      "(nodeJ_c00, clientPoolD, nodeJ_c00)" : {
        "AppCoordinates {com.bbn, test-service1, 1}" : {
          "DATARATE_TX" : 6.599999999999991E-5,
          "DATARATE_RX" : 1.3199999999999982E-4
        }
      },
      "(nodeJ_c04, clientPoolI, nodeJ_c04)" : {
        "AppCoordinates {com.bbn, test-service3, 1}" : {
          "DATARATE_TX" : -3.8116482626443515E-21,
          "DATARATE_RX" : -7.623296525288703E-21
        }
      },
      "(nodeJ_c07, clientPoolI, nodeJ_c07)" : {
        "AppCoordinates {com.bbn, test-service1, 1}" : {
          "DATARATE_TX" : 6.99999999999999E-5,
          "DATARATE_RX" : 1.399999999999998E-4
        }
      },
      "(nodeJ_c02, clientPoolD, nodeJ_c02)" : {
        "AppCoordinates {com.bbn, test-service3, 1}" : {
          "DATARATE_TX" : 5.2999999999999947E-5,
          "DATARATE_RX" : 1.0599999999999989E-4
        }
      },
      "(nodeJ_c06, clientPoolI, nodeJ_c06)" : {
        "AppCoordinates {com.bbn, test-service2, 1}" : {
          "DATARATE_TX" : -3.8116482626443515E-21,
          "DATARATE_RX" : -7.623296525288703E-21
        }
      },
      "(nodeJ_c01, clientPoolD, nodeJ_c01)" : {
        "AppCoordinates {com.bbn, test-service2, 1}" : {
          "DATARATE_TX" : 6.299999999999992E-5,
          "DATARATE_RX" : 1.2599999999999984E-4
        }
      },
      "(nodeJ_c01, clientPoolI, nodeJ_c01)" : {
        "AppCoordinates {com.bbn, test-service2, 1}" : {
          "DATARATE_TX" : 6.399999999999992E-5,
          "DATARATE_RX" : 1.2799999999999983E-4
        }
      },
      "(nodeJ_c00, clientPoolI, nodeJ_c00)" : {
        "AppCoordinates {com.bbn, test-service1, 1}" : {
          "DATARATE_TX" : 6.299999999999992E-5,
          "DATARATE_RX" : 1.2599999999999984E-4
        }
      },
      "(nodeJ_c03, clientPoolI, nodeJ_c03)" : {
        "AppCoordinates {com.bbn, test-service1, 1}" : {
          "DATARATE_TX" : 5.899999999999993E-5,
          "DATARATE_RX" : 1.1799999999999986E-4
        }
      },
      "(nodeJ_c02, clientPoolI, nodeJ_c02)" : {
        "AppCoordinates {com.bbn, test-service3, 1}" : {
          "DATARATE_TX" : -3.8116482626443515E-21,
          "DATARATE_RX" : -7.623296525288703E-21
        }
      }
    },
    "interface-nodeB ( nodeB )" : { },
    "interface-nodeG ( nodeG )" : { }
  },
  "networkDemand" : {
    "interface-nodeD ( nodeD )" : {
      "(nodeJ_c07, clientPoolD, nodeJ_c07)" : {
        "AppCoordinates {com.bbn, test-service1, 1}" : {
          "DATARATE_TX" : 6.099999999999992E-5,
          "DATARATE_RX" : 1.2199999999999983E-4
        }
      },
      "(nodeJ_c04, clientPoolD, nodeJ_c04)" : {
        "AppCoordinates {com.bbn, test-service3, 1}" : {
          "DATARATE_TX" : 2.3E-5,
          "DATARATE_RX" : 4.6E-5
        }
      },
      "(nodeJ_c03, clientPoolD, nodeJ_c03)" : {
        "AppCoordinates {com.bbn, test-service1, 1}" : {
          "DATARATE_TX" : 4.399999999999998E-5,
          "DATARATE_RX" : 8.799999999999996E-5
        }
      },
      "(nodeJ_c06, clientPoolD, nodeJ_c06)" : {
        "AppCoordinates {com.bbn, test-service3, 1}" : {
          "DATARATE_TX" : 6.399999999999992E-5,
          "DATARATE_RX" : 1.2799999999999983E-4
        },
        "AppCoordinates {com.bbn, test-service2, 1}" : {
          "DATARATE_TX" : -4.2351647362715017E-22,
          "DATARATE_RX" : -8.470329472543003E-22
        }
      },
      "(nodeJ_c05, clientPoolD, nodeJ_c05)" : {
        "AppCoordinates {com.bbn, test-service2, 1}" : {
          "DATARATE_TX" : 7.09999999999999E-5,
          "DATARATE_RX" : 1.419999999999998E-4
        }
      },
      "(nodeJ_c00, clientPoolD, nodeJ_c00)" : {
        "AppCoordinates {com.bbn, test-service1, 1}" : {
          "DATARATE_TX" : 6.599999999999991E-5,
          "DATARATE_RX" : 1.3199999999999982E-4
        }
      },
      "(nodeJ_c05, clientPoolI, nodeJ_c05)" : {
        "AppCoordinates {com.bbn, test-service2, 1}" : {
          "DATARATE_TX" : 6.499999999999991E-5,
          "DATARATE_RX" : 1.2999999999999983E-4
        }
      },
      "(nodeJ_c04, clientPoolI, nodeJ_c04)" : {
        "AppCoordinates {com.bbn, test-service3, 1}" : {
          "DATARATE_TX" : -3.8116482626443515E-21,
          "DATARATE_RX" : -7.623296525288703E-21
        }
      },
      "(nodeJ_c02, clientPoolD, nodeJ_c02)" : {
        "AppCoordinates {com.bbn, test-service3, 1}" : {
          "DATARATE_TX" : 5.299999999999994E-5,
          "DATARATE_RX" : 1.0599999999999988E-4
        }
      },
      "(nodeJ_c07, clientPoolI, nodeJ_c07)" : {
        "AppCoordinates {com.bbn, test-service1, 1}" : {
          "DATARATE_TX" : 6.99999999999999E-5,
          "DATARATE_RX" : 1.399999999999998E-4
        }
      },
      "(nodeJ_c01, clientPoolD, nodeJ_c01)" : {
        "AppCoordinates {com.bbn, test-service2, 1}" : {
          "DATARATE_TX" : 6.299999999999992E-5,
          "DATARATE_RX" : 1.2599999999999984E-4
        }
      },
      "(nodeJ_c06, clientPoolI, nodeJ_c06)" : {
        "AppCoordinates {com.bbn, test-service2, 1}" : {
          "DATARATE_TX" : -3.8116482626443515E-21,
          "DATARATE_RX" : -7.623296525288703E-21
        }
      },
      "(nodeJ_c01, clientPoolI, nodeJ_c01)" : {
        "AppCoordinates {com.bbn, test-service2, 1}" : {
          "DATARATE_TX" : 6.399999999999992E-5,
          "DATARATE_RX" : 1.2799999999999983E-4
        }
      },
      "(nodeJ_c00, clientPoolI, nodeJ_c00)" : {
        "AppCoordinates {com.bbn, test-service1, 1}" : {
          "DATARATE_TX" : 6.299999999999992E-5,
          "DATARATE_RX" : 1.2599999999999984E-4
        }
      },
      "(nodeJ_c03, clientPoolI, nodeJ_c03)" : {
        "AppCoordinates {com.bbn, test-service1, 1}" : {
          "DATARATE_TX" : 5.899999999999992E-5,
          "DATARATE_RX" : 1.1799999999999985E-4
        }
      },
      "(nodeJ_c02, clientPoolI, nodeJ_c02)" : {
        "AppCoordinates {com.bbn, test-service3, 1}" : {
          "DATARATE_TX" : -3.8116482626443515E-21,
          "DATARATE_RX" : -7.623296525288703E-21
        }
      }
    },
    "interface-nodeB ( nodeB )" : { },
    "interface-nodeG ( nodeG )" : { }
  },
  "containerReports" : {
    "nodeJ_c05" : {
      "containerName" : {
        "name" : "nodeJ_c05"
      },
      "timestamp" : 133995,
      "service" : {
        "group" : "com.bbn",
        "artifact" : "test-service2",
        "version" : "1"
      },
      "serviceStatus" : "RUNNING",
      "demandEstimationWindow" : "SHORT",
      "computeCapacity" : {
        "CPU" : 1.0,
        "TASK_CONTAINERS" : 100.0,
        "QueueLength" : 1000000.0
      },
      "computeLoad" : {
        "UNKNOWN" : {
          "QueueLength" : 0.0
        }
      },
      "computeDemand" : {
        "UNKNOWN" : {
          "QueueLength" : 0.0
        }
      },
      "averageProcessingTime" : "NaN",
      "networkCapacity" : {
        "interface-nodeJ ( nodeJ )" : {
          "DATARATE_TX" : 100.0,
          "DATARATE_RX" : 100.0
        }
      },
      "networkLoad" : {
        "interface-nodeJ ( nodeJ )" : { }
      },
      "networkDemand" : {
        "interface-nodeJ ( nodeJ )" : { }
      }
    },
    "nodeJ_c04" : {
      "containerName" : {
        "name" : "nodeJ_c04"
      },
      "timestamp" : 133996,
      "service" : {
        "group" : "com.bbn",
        "artifact" : "test-service3",
        "version" : "1"
      },
      "serviceStatus" : "RUNNING",
      "demandEstimationWindow" : "SHORT",
      "computeCapacity" : {
        "CPU" : 1.0,
        "TASK_CONTAINERS" : 100.0,
        "QueueLength" : 1000000.0
      },
      "computeLoad" : {
        "UNKNOWN" : {
          "QueueLength" : 59.0,
          "TASK_CONTAINERS" : 29.5
        }
      },
      "computeDemand" : {
        "UNKNOWN" : {
          "QueueLength" : 50.57142857142857,
          "TASK_CONTAINERS" : 25.285714285714285
        }
      },
      "averageProcessingTime" : 120000.0,
      "networkCapacity" : {
        "interface-nodeJ ( nodeJ )" : {
          "DATARATE_TX" : 100.0,
          "DATARATE_RX" : 100.0
        }
      },
      "networkLoad" : {
        "interface-nodeJ ( nodeJ )" : {
          "(clientPoolD, nodeJ_c04, nodeJ_c04)" : {
            "AppCoordinates {com.bbn, test-service3, 1}" : {
              "DATARATE_TX" : 1.519999999999998E-4,
              "DATARATE_RX" : 7.59999999999999E-5
            }
          },
          "(clientPoolI, nodeJ_c04, nodeJ_c04)" : {
            "AppCoordinates {com.bbn, test-service3, 1}" : {
              "DATARATE_TX" : -7.623296525288703E-21,
              "DATARATE_RX" : -3.8116482626443515E-21
            }
          },
          "(clientPoolJ, nodeJ_c04, nodeJ_c04)" : {
            "AppCoordinates {com.bbn, test-service3, 1}" : {
              "DATARATE_TX" : 2.539999999999995E-4,
              "DATARATE_RX" : 1.2699999999999975E-4
            }
          }
        }
      },
      "networkDemand" : {
        "interface-nodeJ ( nodeJ )" : {
          "(clientPoolD, nodeJ_c04, nodeJ_c04)" : {
            "AppCoordinates {com.bbn, test-service3, 1}" : {
              "DATARATE_TX" : 1.519999999999998E-4,
              "DATARATE_RX" : 7.59999999999999E-5
            }
          },
          "(clientPoolI, nodeJ_c04, nodeJ_c04)" : {
            "AppCoordinates {com.bbn, test-service3, 1}" : {
              "DATARATE_TX" : -7.623296525288703E-21,
              "DATARATE_RX" : -3.8116482626443515E-21
            }
          },
          "(clientPoolJ, nodeJ_c04, nodeJ_c04)" : {
            "AppCoordinates {com.bbn, test-service3, 1}" : {
              "DATARATE_TX" : 2.539999999999995E-4,
              "DATARATE_RX" : 1.2699999999999975E-4
            }
          }
        }
      }
    },
    "nodeJ_c07" : {
      "containerName" : {
        "name" : "nodeJ_c07"
      },
      "timestamp" : 133997,
      "service" : {
        "group" : "com.bbn",
        "artifact" : "test-service1",
        "version" : "1"
      },
      "serviceStatus" : "RUNNING",
      "demandEstimationWindow" : "SHORT",
      "computeCapacity" : {
        "CPU" : 1.0,
        "TASK_CONTAINERS" : 100.0,
        "QueueLength" : 1000000.0
      },
      "computeLoad" : {
        "UNKNOWN" : {
          "QueueLength" : 200.0,
          "TASK_CONTAINERS" : 100.0
        }
      },
      "computeDemand" : {
        "UNKNOWN" : {
          "QueueLength" : 171.42857142857142,
          "TASK_CONTAINERS" : 85.71428571428571
        }
      },
      "averageProcessingTime" : "NaN",
      "networkCapacity" : {
        "interface-nodeJ ( nodeJ )" : {
          "DATARATE_TX" : 100.0,
          "DATARATE_RX" : 100.0
        }
      },
      "networkLoad" : {
        "interface-nodeJ ( nodeJ )" : {
          "(clientPoolD, nodeJ_c07, nodeJ_c07)" : {
            "AppCoordinates {com.bbn, test-service1, 1}" : {
              "DATARATE_TX" : 2.599999999999995E-4,
              "DATARATE_RX" : 1.2999999999999974E-4
            }
          },
          "(clientPoolJ, nodeJ_c07, nodeJ_c07)" : {
            "AppCoordinates {com.bbn, test-service1, 1}" : {
              "DATARATE_TX" : 2.939999999999994E-4,
              "DATARATE_RX" : 1.469999999999997E-4
            }
          },
          "(clientPoolI, nodeJ_c07, nodeJ_c07)" : {
            "AppCoordinates {com.bbn, test-service1, 1}" : {
              "DATARATE_TX" : 2.479999999999995E-4,
              "DATARATE_RX" : 1.2399999999999976E-4
            }
          }
        }
      },
      "networkDemand" : {
        "interface-nodeJ ( nodeJ )" : {
          "(clientPoolD, nodeJ_c07, nodeJ_c07)" : {
            "AppCoordinates {com.bbn, test-service1, 1}" : {
              "DATARATE_TX" : 2.5999999999999944E-4,
              "DATARATE_RX" : 1.2999999999999972E-4
            }
          },
          "(clientPoolJ, nodeJ_c07, nodeJ_c07)" : {
            "AppCoordinates {com.bbn, test-service1, 1}" : {
              "DATARATE_TX" : 2.939999999999994E-4,
              "DATARATE_RX" : 1.469999999999997E-4
            }
          },
          "(clientPoolI, nodeJ_c07, nodeJ_c07)" : {
            "AppCoordinates {com.bbn, test-service1, 1}" : {
              "DATARATE_TX" : 2.479999999999995E-4,
              "DATARATE_RX" : 1.2399999999999976E-4
            }
          }
        }
      }
    },
    "nodeJ_c06" : {
      "containerName" : {
        "name" : "nodeJ_c06"
      },
      "timestamp" : 133998,
      "service" : {
        "group" : "com.bbn",
        "artifact" : "test-service3",
        "version" : "1"
      },
      "serviceStatus" : "RUNNING",
      "demandEstimationWindow" : "SHORT",
      "computeCapacity" : {
        "CPU" : 1.0,
        "TASK_CONTAINERS" : 100.0,
        "QueueLength" : 1000000.0
      },
      "computeLoad" : {
        "UNKNOWN" : {
          "QueueLength" : 194.0,
          "TASK_CONTAINERS" : 97.0
        }
      },
      "computeDemand" : {
        "UNKNOWN" : {
          "QueueLength" : 166.28571428571428,
          "TASK_CONTAINERS" : 83.14285714285714
        }
      },
      "averageProcessingTime" : "NaN",
      "networkCapacity" : {
        "interface-nodeJ ( nodeJ )" : {
          "DATARATE_TX" : 100.0,
          "DATARATE_RX" : 100.0
        }
      },
      "networkLoad" : {
        "interface-nodeJ ( nodeJ )" : {
          "(clientPoolD, nodeJ_c06, nodeJ_c06)" : {
            "AppCoordinates {com.bbn, test-service3, 1}" : {
              "DATARATE_TX" : 1.2799999999999983E-4,
              "DATARATE_RX" : 6.399999999999992E-5
            }
          },
          "(clientPoolJ, nodeJ_c06, nodeJ_c06)" : {
            "AppCoordinates {com.bbn, test-service3, 1}" : {
              "DATARATE_TX" : 2.599999999999995E-4,
              "DATARATE_RX" : 1.2999999999999974E-4
            }
          }
        }
      },
      "networkDemand" : {
        "interface-nodeJ ( nodeJ )" : {
          "(clientPoolD, nodeJ_c06, nodeJ_c06)" : {
            "AppCoordinates {com.bbn, test-service3, 1}" : {
              "DATARATE_TX" : 1.2799999999999983E-4,
              "DATARATE_RX" : 6.399999999999992E-5
            }
          },
          "(clientPoolJ, nodeJ_c06, nodeJ_c06)" : {
            "AppCoordinates {com.bbn, test-service3, 1}" : {
              "DATARATE_TX" : 2.5999999999999944E-4,
              "DATARATE_RX" : 1.2999999999999972E-4
            }
          }
        }
      }
    },
    "nodeJ_c01" : {
      "containerName" : {
        "name" : "nodeJ_c01"
      },
      "timestamp" : 133998,
      "service" : {
        "group" : "com.bbn",
        "artifact" : "test-service2",
        "version" : "1"
      },
      "serviceStatus" : "RUNNING",
      "demandEstimationWindow" : "SHORT",
      "computeCapacity" : {
        "CPU" : 1.0,
        "TASK_CONTAINERS" : 100.0,
        "QueueLength" : 1000000.0
      },
      "computeLoad" : {
        "UNKNOWN" : {
          "QueueLength" : 200.0,
          "TASK_CONTAINERS" : 100.0
        }
      },
      "computeDemand" : {
        "UNKNOWN" : {
          "QueueLength" : 171.42857142857142,
          "TASK_CONTAINERS" : 85.71428571428571
        }
      },
      "averageProcessingTime" : 120000.0,
      "networkCapacity" : {
        "interface-nodeJ ( nodeJ )" : {
          "DATARATE_TX" : 100.0,
          "DATARATE_RX" : 100.0
        }
      },
      "networkLoad" : {
        "interface-nodeJ ( nodeJ )" : {
          "(clientPoolD, nodeJ_c01, nodeJ_c01)" : {
            "AppCoordinates {com.bbn, test-service2, 1}" : {
              "DATARATE_TX" : 3.919999999999992E-4,
              "DATARATE_RX" : 1.959999999999996E-4
            }
          },
          "(clientPoolI, nodeJ_c01, nodeJ_c01)" : {
            "AppCoordinates {com.bbn, test-service2, 1}" : {
              "DATARATE_TX" : 3.6399999999999925E-4,
              "DATARATE_RX" : 1.8199999999999963E-4
            }
          },
          "(clientPoolJ, nodeJ_c01, nodeJ_c01)" : {
            "AppCoordinates {com.bbn, test-service2, 1}" : {
              "DATARATE_TX" : 4.219999999999991E-4,
              "DATARATE_RX" : 2.1099999999999955E-4
            }
          }
        }
      },
      "networkDemand" : {
        "interface-nodeJ ( nodeJ )" : {
          "(clientPoolD, nodeJ_c01, nodeJ_c01)" : {
            "AppCoordinates {com.bbn, test-service2, 1}" : {
              "DATARATE_TX" : 3.919999999999992E-4,
              "DATARATE_RX" : 1.959999999999996E-4
            }
          },
          "(clientPoolI, nodeJ_c01, nodeJ_c01)" : {
            "AppCoordinates {com.bbn, test-service2, 1}" : {
              "DATARATE_TX" : 3.6399999999999925E-4,
              "DATARATE_RX" : 1.8199999999999963E-4
            }
          },
          "(clientPoolJ, nodeJ_c01, nodeJ_c01)" : {
            "AppCoordinates {com.bbn, test-service2, 1}" : {
              "DATARATE_TX" : 4.2199999999999914E-4,
              "DATARATE_RX" : 2.1099999999999957E-4
            }
          }
        }
      }
    },
    "nodeJ_c00" : {
      "containerName" : {
        "name" : "nodeJ_c00"
      },
      "timestamp" : 133999,
      "service" : {
        "group" : "com.bbn",
        "artifact" : "test-service1",
        "version" : "1"
      },
      "serviceStatus" : "RUNNING",
      "demandEstimationWindow" : "SHORT",
      "computeCapacity" : {
        "CPU" : 1.0,
        "TASK_CONTAINERS" : 100.0,
        "QueueLength" : 1000000.0
      },
      "computeLoad" : {
        "UNKNOWN" : {
          "QueueLength" : 200.0,
          "TASK_CONTAINERS" : 100.0
        }
      },
      "computeDemand" : {
        "UNKNOWN" : {
          "QueueLength" : 171.42857142857142,
          "TASK_CONTAINERS" : 85.71428571428571
        }
      },
      "averageProcessingTime" : 120000.0,
      "networkCapacity" : {
        "interface-nodeJ ( nodeJ )" : {
          "DATARATE_TX" : 100.0,
          "DATARATE_RX" : 100.0
        }
      },
      "networkLoad" : {
        "interface-nodeJ ( nodeJ )" : {
          "(clientPoolD, nodeJ_c00, nodeJ_c00)" : {
            "AppCoordinates {com.bbn, test-service1, 1}" : {
              "DATARATE_TX" : 2.719999999999995E-4,
              "DATARATE_RX" : 1.3599999999999975E-4
            }
          },
          "(clientPoolI, nodeJ_c00, nodeJ_c00)" : {
            "AppCoordinates {com.bbn, test-service1, 1}" : {
              "DATARATE_TX" : 2.5599999999999955E-4,
              "DATARATE_RX" : 1.2799999999999978E-4
            }
          },
          "(clientPoolJ, nodeJ_c00, nodeJ_c00)" : {
            "AppCoordinates {com.bbn, test-service1, 1}" : {
              "DATARATE_TX" : 2.719999999999995E-4,
              "DATARATE_RX" : 1.3599999999999975E-4
            }
          }
        }
      },
      "networkDemand" : {
        "interface-nodeJ ( nodeJ )" : {
          "(clientPoolD, nodeJ_c00, nodeJ_c00)" : {
            "AppCoordinates {com.bbn, test-service1, 1}" : {
              "DATARATE_TX" : 2.719999999999995E-4,
              "DATARATE_RX" : 1.3599999999999975E-4
            }
          },
          "(clientPoolI, nodeJ_c00, nodeJ_c00)" : {
            "AppCoordinates {com.bbn, test-service1, 1}" : {
              "DATARATE_TX" : 2.5599999999999955E-4,
              "DATARATE_RX" : 1.2799999999999978E-4
            }
          },
          "(clientPoolJ, nodeJ_c00, nodeJ_c00)" : {
            "AppCoordinates {com.bbn, test-service1, 1}" : {
              "DATARATE_TX" : 2.719999999999995E-4,
              "DATARATE_RX" : 1.3599999999999975E-4
            }
          }
        }
      }
    },
    "nodeJ_c03" : {
      "containerName" : {
        "name" : "nodeJ_c03"
      },
      "timestamp" : 134002,
      "service" : {
        "group" : "com.bbn",
        "artifact" : "test-service3",
        "version" : "1"
      },
      "serviceStatus" : "RUNNING",
      "demandEstimationWindow" : "SHORT",
      "computeCapacity" : {
        "CPU" : 1.0,
        "TASK_CONTAINERS" : 100.0,
        "QueueLength" : 1000000.0
      },
      "computeLoad" : {
        "UNKNOWN" : {
          "QueueLength" : 0.0
        }
      },
      "computeDemand" : {
        "UNKNOWN" : {
          "QueueLength" : 0.0
        }
      },
      "averageProcessingTime" : "NaN",
      "networkCapacity" : {
        "interface-nodeJ ( nodeJ )" : {
          "DATARATE_TX" : 100.0,
          "DATARATE_RX" : 100.0
        }
      },
      "networkLoad" : {
        "interface-nodeJ ( nodeJ )" : { }
      },
      "networkDemand" : {
        "interface-nodeJ ( nodeJ )" : { }
      }
    },
    "nodeJ_c02" : {
      "containerName" : {
        "name" : "nodeJ_c02"
      },
      "timestamp" : 134002,
      "service" : {
        "group" : "com.bbn",
        "artifact" : "test-service3",
        "version" : "1"
      },
      "serviceStatus" : "RUNNING",
      "demandEstimationWindow" : "SHORT",
      "computeCapacity" : {
        "CPU" : 1.0,
        "TASK_CONTAINERS" : 100.0,
        "QueueLength" : 1000000.0
      },
      "computeLoad" : {
        "UNKNOWN" : {
          "QueueLength" : 187.0,
          "TASK_CONTAINERS" : 93.5
        }
      },
      "computeDemand" : {
        "UNKNOWN" : {
          "QueueLength" : 160.28571428571428,
          "TASK_CONTAINERS" : 80.14285714285714
        }
      },
      "averageProcessingTime" : 120000.0,
      "networkCapacity" : {
        "interface-nodeJ ( nodeJ )" : {
          "DATARATE_TX" : 100.0,
          "DATARATE_RX" : 100.0
        }
      },
      "networkLoad" : {
        "interface-nodeJ ( nodeJ )" : {
          "(clientPoolD, nodeJ_c02, nodeJ_c02)" : {
            "AppCoordinates {com.bbn, test-service3, 1}" : {
              "DATARATE_TX" : 1.1199999999999996E-4,
              "DATARATE_RX" : 5.599999999999998E-5
            }
          },
          "(clientPoolI, nodeJ_c02, nodeJ_c02)" : {
            "AppCoordinates {com.bbn, test-service3, 1}" : {
              "DATARATE_TX" : 7.369186641112413E-20,
              "DATARATE_RX" : 3.6845933205562065E-20
            }
          },
          "(clientPoolJ, nodeJ_c02, nodeJ_c02)" : {
            "AppCoordinates {com.bbn, test-service3, 1}" : {
              "DATARATE_TX" : 2.8599999999999947E-4,
              "DATARATE_RX" : 1.4299999999999974E-4
            }
          }
        }
      },
      "networkDemand" : {
        "interface-nodeJ ( nodeJ )" : {
          "(clientPoolD, nodeJ_c02, nodeJ_c02)" : {
            "AppCoordinates {com.bbn, test-service3, 1}" : {
              "DATARATE_TX" : 1.1199999999999994E-4,
              "DATARATE_RX" : 5.599999999999997E-5
            }
          },
          "(clientPoolI, nodeJ_c02, nodeJ_c02)" : {
            "AppCoordinates {com.bbn, test-service3, 1}" : {
              "DATARATE_TX" : 7.369186641112413E-20,
              "DATARATE_RX" : 3.6845933205562065E-20
            }
          },
          "(clientPoolJ, nodeJ_c02, nodeJ_c02)" : {
            "AppCoordinates {com.bbn, test-service3, 1}" : {
              "DATARATE_TX" : 2.859999999999994E-4,
              "DATARATE_RX" : 1.429999999999997E-4
            }
          }
        }
      }
    }
  },
  "maximumServiceContainers" : 8,
  "allocatedServiceContainers" : 8,
  "computeDemand" : {
    "AppCoordinates {com.bbn, test-service3, 1}" : {
      "UNKNOWN" : {
        "QueueLength" : 377.1428571428571,
        "TASK_CONTAINERS" : 188.57142857142856
      }
    },
    "AppCoordinates {com.bbn, test-service2, 1}" : {
      "UNKNOWN" : {
        "QueueLength" : 171.42857142857142,
        "TASK_CONTAINERS" : 85.71428571428571
      }
    },
    "AppCoordinates {com.bbn, test-service1, 1}" : {
      "UNKNOWN" : {
        "QueueLength" : 342.85714285714283,
        "TASK_CONTAINERS" : 171.42857142857142
      }
    }
  },
  "containerNetworkLoad" : {
    "interface-nodeJ ( nodeJ )" : {
      "(clientPoolI, nodeJ_c02, nodeJ_c02)" : {
        "AppCoordinates {com.bbn, test-service3, 1}" : {
          "DATARATE_TX" : 7.369186641112413E-20,
          "DATARATE_RX" : 3.6845933205562065E-20
        }
      },
      "(clientPoolJ, nodeJ_c02, nodeJ_c02)" : {
        "AppCoordinates {com.bbn, test-service3, 1}" : {
          "DATARATE_TX" : 2.8599999999999947E-4,
          "DATARATE_RX" : 1.4299999999999974E-4
        }
      },
      "(clientPoolI, nodeJ_c01, nodeJ_c01)" : {
        "AppCoordinates {com.bbn, test-service2, 1}" : {
          "DATARATE_TX" : 3.6399999999999925E-4,
          "DATARATE_RX" : 1.8199999999999963E-4
        }
      },
      "(clientPoolI, nodeJ_c04, nodeJ_c04)" : {
        "AppCoordinates {com.bbn, test-service3, 1}" : {
          "DATARATE_TX" : -7.623296525288703E-21,
          "DATARATE_RX" : -3.8116482626443515E-21
        }
      },
      "(clientPoolJ, nodeJ_c04, nodeJ_c04)" : {
        "AppCoordinates {com.bbn, test-service3, 1}" : {
          "DATARATE_TX" : 2.539999999999995E-4,
          "DATARATE_RX" : 1.2699999999999975E-4
        }
      },
      "(clientPoolI, nodeJ_c00, nodeJ_c00)" : {
        "AppCoordinates {com.bbn, test-service1, 1}" : {
          "DATARATE_TX" : 2.5599999999999955E-4,
          "DATARATE_RX" : 1.2799999999999978E-4
        }
      },
      "(clientPoolJ, nodeJ_c01, nodeJ_c01)" : {
        "AppCoordinates {com.bbn, test-service2, 1}" : {
          "DATARATE_TX" : 4.219999999999991E-4,
          "DATARATE_RX" : 2.1099999999999955E-4
        }
      },
      "(clientPoolJ, nodeJ_c00, nodeJ_c00)" : {
        "AppCoordinates {com.bbn, test-service1, 1}" : {
          "DATARATE_TX" : 2.719999999999995E-4,
          "DATARATE_RX" : 1.3599999999999975E-4
        }
      },
      "(clientPoolD, nodeJ_c04, nodeJ_c04)" : {
        "AppCoordinates {com.bbn, test-service3, 1}" : {
          "DATARATE_TX" : 1.519999999999998E-4,
          "DATARATE_RX" : 7.59999999999999E-5
        }
      },
      "(clientPoolD, nodeJ_c07, nodeJ_c07)" : {
        "AppCoordinates {com.bbn, test-service1, 1}" : {
          "DATARATE_TX" : 2.599999999999995E-4,
          "DATARATE_RX" : 1.2999999999999974E-4
        }
      },
      "(clientPoolD, nodeJ_c06, nodeJ_c06)" : {
        "AppCoordinates {com.bbn, test-service3, 1}" : {
          "DATARATE_TX" : 1.2799999999999983E-4,
          "DATARATE_RX" : 6.399999999999992E-5
        }
      },
      "(clientPoolD, nodeJ_c01, nodeJ_c01)" : {
        "AppCoordinates {com.bbn, test-service2, 1}" : {
          "DATARATE_TX" : 3.919999999999992E-4,
          "DATARATE_RX" : 1.959999999999996E-4
        }
      },
      "(clientPoolJ, nodeJ_c07, nodeJ_c07)" : {
        "AppCoordinates {com.bbn, test-service1, 1}" : {
          "DATARATE_TX" : 2.939999999999994E-4,
          "DATARATE_RX" : 1.469999999999997E-4
        }
      },
      "(clientPoolD, nodeJ_c00, nodeJ_c00)" : {
        "AppCoordinates {com.bbn, test-service1, 1}" : {
          "DATARATE_TX" : 2.719999999999995E-4,
          "DATARATE_RX" : 1.3599999999999975E-4
        }
      },
      "(clientPoolJ, nodeJ_c06, nodeJ_c06)" : {
        "AppCoordinates {com.bbn, test-service3, 1}" : {
          "DATARATE_TX" : 2.599999999999995E-4,
          "DATARATE_RX" : 1.2999999999999974E-4
        }
      },
      "(clientPoolD, nodeJ_c02, nodeJ_c02)" : {
        "AppCoordinates {com.bbn, test-service3, 1}" : {
          "DATARATE_TX" : 1.1199999999999996E-4,
          "DATARATE_RX" : 5.599999999999998E-5
        }
      },
      "(clientPoolI, nodeJ_c07, nodeJ_c07)" : {
        "AppCoordinates {com.bbn, test-service1, 1}" : {
          "DATARATE_TX" : 2.479999999999995E-4,
          "DATARATE_RX" : 1.2399999999999976E-4
        }
      }
    }
  },
  "containerNetworkDemand" : {
    "interface-nodeJ ( nodeJ )" : {
      "(clientPoolI, nodeJ_c02, nodeJ_c02)" : {
        "AppCoordinates {com.bbn, test-service3, 1}" : {
          "DATARATE_TX" : 7.369186641112413E-20,
          "DATARATE_RX" : 3.6845933205562065E-20
        }
      },
      "(clientPoolJ, nodeJ_c02, nodeJ_c02)" : {
        "AppCoordinates {com.bbn, test-service3, 1}" : {
          "DATARATE_TX" : 2.859999999999994E-4,
          "DATARATE_RX" : 1.429999999999997E-4
        }
      },
      "(clientPoolI, nodeJ_c01, nodeJ_c01)" : {
        "AppCoordinates {com.bbn, test-service2, 1}" : {
          "DATARATE_TX" : 3.6399999999999925E-4,
          "DATARATE_RX" : 1.8199999999999963E-4
        }
      },
      "(clientPoolI, nodeJ_c04, nodeJ_c04)" : {
        "AppCoordinates {com.bbn, test-service3, 1}" : {
          "DATARATE_TX" : -7.623296525288703E-21,
          "DATARATE_RX" : -3.8116482626443515E-21
        }
      },
      "(clientPoolJ, nodeJ_c04, nodeJ_c04)" : {
        "AppCoordinates {com.bbn, test-service3, 1}" : {
          "DATARATE_TX" : 2.539999999999995E-4,
          "DATARATE_RX" : 1.2699999999999975E-4
        }
      },
      "(clientPoolI, nodeJ_c00, nodeJ_c00)" : {
        "AppCoordinates {com.bbn, test-service1, 1}" : {
          "DATARATE_TX" : 2.5599999999999955E-4,
          "DATARATE_RX" : 1.2799999999999978E-4
        }
      },
      "(clientPoolJ, nodeJ_c01, nodeJ_c01)" : {
        "AppCoordinates {com.bbn, test-service2, 1}" : {
          "DATARATE_TX" : 4.2199999999999914E-4,
          "DATARATE_RX" : 2.1099999999999957E-4
        }
      },
      "(clientPoolJ, nodeJ_c00, nodeJ_c00)" : {
        "AppCoordinates {com.bbn, test-service1, 1}" : {
          "DATARATE_TX" : 2.719999999999995E-4,
          "DATARATE_RX" : 1.3599999999999975E-4
        }
      },
      "(clientPoolD, nodeJ_c04, nodeJ_c04)" : {
        "AppCoordinates {com.bbn, test-service3, 1}" : {
          "DATARATE_TX" : 1.519999999999998E-4,
          "DATARATE_RX" : 7.59999999999999E-5
        }
      },
      "(clientPoolD, nodeJ_c07, nodeJ_c07)" : {
        "AppCoordinates {com.bbn, test-service1, 1}" : {
          "DATARATE_TX" : 2.5999999999999944E-4,
          "DATARATE_RX" : 1.2999999999999972E-4
        }
      },
      "(clientPoolD, nodeJ_c06, nodeJ_c06)" : {
        "AppCoordinates {com.bbn, test-service3, 1}" : {
          "DATARATE_TX" : 1.2799999999999983E-4,
          "DATARATE_RX" : 6.399999999999992E-5
        }
      },
      "(clientPoolD, nodeJ_c01, nodeJ_c01)" : {
        "AppCoordinates {com.bbn, test-service2, 1}" : {
          "DATARATE_TX" : 3.919999999999992E-4,
          "DATARATE_RX" : 1.959999999999996E-4
        }
      },
      "(clientPoolJ, nodeJ_c07, nodeJ_c07)" : {
        "AppCoordinates {com.bbn, test-service1, 1}" : {
          "DATARATE_TX" : 2.939999999999994E-4,
          "DATARATE_RX" : 1.469999999999997E-4
        }
      },
      "(clientPoolD, nodeJ_c00, nodeJ_c00)" : {
        "AppCoordinates {com.bbn, test-service1, 1}" : {
          "DATARATE_TX" : 2.719999999999995E-4,
          "DATARATE_RX" : 1.3599999999999975E-4
        }
      },
      "(clientPoolJ, nodeJ_c06, nodeJ_c06)" : {
        "AppCoordinates {com.bbn, test-service3, 1}" : {
          "DATARATE_TX" : 2.5999999999999944E-4,
          "DATARATE_RX" : 1.2999999999999972E-4
        }
      },
      "(clientPoolD, nodeJ_c02, nodeJ_c02)" : {
        "AppCoordinates {com.bbn, test-service3, 1}" : {
          "DATARATE_TX" : 1.1199999999999994E-4,
          "DATARATE_RX" : 5.599999999999997E-5
        }
      },
      "(clientPoolI, nodeJ_c07, nodeJ_c07)" : {
        "AppCoordinates {com.bbn, test-service1, 1}" : {
          "DATARATE_TX" : 2.479999999999995E-4,
          "DATARATE_RX" : 1.2399999999999976E-4
        }
      }
    }
  },
  "computeLoad" : {
    "AppCoordinates {com.bbn, test-service3, 1}" : {
      "UNKNOWN" : {
        "QueueLength" : 440.0,
        "TASK_CONTAINERS" : 220.0
      }
    },
    "AppCoordinates {com.bbn, test-service2, 1}" : {
      "UNKNOWN" : {
        "QueueLength" : 200.0,
        "TASK_CONTAINERS" : 100.0
      }
    },
    "AppCoordinates {com.bbn, test-service1, 1}" : {
      "UNKNOWN" : {
        "QueueLength" : 400.0,
        "TASK_CONTAINERS" : 200.0
      }
    }
  },
  "availableServiceContainers" : 0,
  "averageProcessingTime" : {
    "AppCoordinates {com.bbn, test-service3, 1}" : 120000.0,
    "AppCoordinates {com.bbn, test-service2, 1}" : 120000.0,
    "AppCoordinates {com.bbn, test-service1, 1}" : 120000.0
  },
  "allocatedComputeCapacity" : {
    "CPU" : 8.0,
    "QueueLength" : 8000000.0,
    "TASK_CONTAINERS" : 800.0
  }
}