{
  "AppCoordinates {com.bbn, test-service3, 1}" : {
    "serverDemand" : {
      "D" : {
        "QueueLength" : 187.4760103721446,
        "TASK_CONTAINERS" : 144.2579717771051
      },
      "I" : {
        "QueueLength" : 213.94704143895365,
        "TASK_CONTAINERS" : 159.51009017886008
      }
    }
  },
  "AppCoordinates {com.bbn, test-service2, 1}" : {
    "serverDemand" : {
      "D" : {
        "QueueLength" : 65.62952001961442,
        "TASK_CONTAINERS" : 48.50093649801176
      },
      "I" : {
        "QueueLength" : 79.74404948253587,
        "TASK_CONTAINERS" : 55.78556271705889
      }
    }
  },
  "AppCoordinates {com.bbn, test-service1, 1}" : {
    "serverDemand" : {
      "D" : {
        "QueueLength" : 133.2724531000824,
        "TASK_CONTAINERS" : 89.78139038735988
      },
      "I" : {
        "QueueLength" : 146.81955433486186,
        "TASK_CONTAINERS" : 98.90763933291987
      }
    }
  }
}