{
  "region" : {
    "name" : "D"
  },
  "timestamp" : 150785,
  "servicePlan" : {
    "nodeD" : [ {
      "id" : {
        "name" : "nodeD_c00"
      },
      "service" : {
        "group" : "com.bbn",
        "artifact" : "test-service3",
        "version" : "1"
      },
      "weight" : 1.0,
      "stopTrafficTo" : false,
      "stop" : false
    }, {
      "id" : {
        "name" : "nodeD_c01"
      },
      "service" : {
        "group" : "com.bbn",
        "artifact" : "test-service2",
        "version" : "1"
      },
      "weight" : 1.0,
      "stopTrafficTo" : false,
      "stop" : false
    }, {
      "id" : {
        "name" : "nodeD_c02"
      },
      "service" : {
        "group" : "com.bbn",
        "artifact" : "test-service1",
        "version" : "1"
      },
      "weight" : 1.0,
      "stopTrafficTo" : false,
      "stop" : false
    }, {
      "id" : {
        "name" : "nodeD_c03"
      },
      "service" : {
        "group" : "com.bbn",
        "artifact" : "test-service3",
        "version" : "1"
      },
      "weight" : 1.0,
      "stopTrafficTo" : false,
      "stop" : false
    } ]
  },
  "overflowPlan" : {
    "AppCoordinates {com.bbn, test-service3, 1}" : {
      "A" : 0.4834414137524549,
      "C" : 0.03311717249509019,
      "H" : 0.0,
      "D" : 0.48344141375245486
    },
    "AppCoordinates {com.bbn, test-service2, 1}" : {
      "A" : 0.0,
      "C" : 0.8458662120433312,
      "H" : 0.0,
      "D" : 0.15413378795666877
    },
    "AppCoordinates {com.bbn, test-service1, 1}" : {
      "A" : 0.0,
      "C" : 0.9209289460580192,
      "H" : 0.0,
      "D" : 0.07907105394198077
    }
  }
}