{
  "region" : {
    "name" : "D"
  },
  "timestamp" : 123812,
  "servicePlan" : {
    "nodeD" : [ {
      "id" : {
        "name" : "nodeD_c00"
      },
      "service" : {
        "group" : "com.bbn",
        "artifact" : "test-service3",
        "version" : "1"
      },
      "weight" : 1.0,
      "stopTrafficTo" : false,
      "stop" : false
    }, {
      "id" : {
        "name" : "nodeD_c01"
      },
      "service" : {
        "group" : "com.bbn",
        "artifact" : "test-service2",
        "version" : "1"
      },
      "weight" : 1.0,
      "stopTrafficTo" : false,
      "stop" : false
    }, {
      "id" : {
        "name" : "nodeD_c02"
      },
      "service" : {
        "group" : "com.bbn",
        "artifact" : "test-service3",
        "version" : "1"
      },
      "weight" : 1.0,
      "stopTrafficTo" : false,
      "stop" : false
    } ]
  },
  "overflowPlan" : {
    "AppCoordinates {com.bbn, test-service3, 1}" : {
      "A" : 0.0,
      "C" : 0.0,
      "E" : 0.2890236816424437,
      "F" : 0.0,
      "G" : 0.0,
      "H" : 0.0,
      "I" : 0.0,
      "D" : 0.7109763183575564
    },
    "AppCoordinates {com.bbn, test-service2, 1}" : {
      "A" : 0.0,
      "C" : 0.15845462599975724,
      "E" : 0.627644641685382,
      "F" : 0.0,
      "G" : 0.0,
      "H" : 0.15845462599975724,
      "I" : 0.0,
      "D" : 0.055446106315103494
    },
    "AppCoordinates {com.bbn, test-service1, 1}" : {
      "A" : 0.0,
      "C" : 0.0,
      "E" : 1.0,
      "F" : 0.0,
      "G" : 0.0,
      "H" : 0.0,
      "I" : 0.0,
      "D" : 0.0
    }
  }
}