{
  "region" : {
    "name" : "F"
  },
  "timestamp" : 214049,
  "servicePlan" : {
    "nodeF" : [ {
      "id" : {
        "name" : "nodeF_c00"
      },
      "service" : {
        "group" : "com.bbn",
        "artifact" : "test-service3",
        "version" : "1"
      },
      "weight" : 1.0,
      "stopTrafficTo" : false,
      "stop" : false
    }, {
      "id" : {
        "name" : "nodeF_c01"
      },
      "service" : {
        "group" : "com.bbn",
        "artifact" : "test-service3",
        "version" : "1"
      },
      "weight" : 1.0,
      "stopTrafficTo" : false,
      "stop" : false
    } ]
  },
  "overflowPlan" : {
    "AppCoordinates {com.bbn, test-service3, 1}" : {
      "A" : 0.3453163349895954,
      "B" : 0.16367091625260113,
      "C" : 0.08183545812630057,
      "D" : 0.08183545812630057,
      "K" : 0.08183545812630057,
      "L" : 0.08183545812630057,
      "O" : 0.08183545812630057,
      "F" : 0.08183545812630066
    },
    "AppCoordinates {com.bbn, test-service2, 1}" : {
      "A" : 1.0,
      "B" : 0.0,
      "C" : 0.0,
      "D" : 0.0,
      "K" : 0.0,
      "L" : 0.0,
      "O" : 0.0,
      "F" : 0.0
    },
    "AppCoordinates {com.bbn, test-service1, 1}" : {
      "A" : 1.0,
      "B" : 0.0,
      "C" : 0.0,
      "D" : 0.0,
      "K" : 0.0,
      "L" : 0.0,
      "O" : 0.0,
      "F" : 0.0
    }
  }
}