529,1,DNS_UPDATE_SUCCEEDED
567,2,DCOP_PLAN_PLUBLIED
609,2,RLG_PLAN_PUBLISHED
1051,3,DNS_UPDATE_SUCCEEDED
33551,67,RLG_PLAN_PUBLISHED
33565,68,DNS_UPDATE_SUCCEEDED
34068,69,DNS_UPDATE_SUCCEEDED
36550,73,RLG_PLAN_PUBLISHED
36555,74,DNS_UPDATE_SUCCEEDED
37059,75,DNS_UPDATE_SUCCEEDED
39547,79,RLG_PLAN_PUBLISHED
39556,80,DNS_UPDATE_SUCCEEDED
40066,81,DNS_UPDATE_SUCCEEDED
42548,85,RLG_PLAN_PUBLISHED
42557,86,DNS_UPDATE_SUCCEEDED
43053,87,DNS_UPDATE_SUCCEEDED
45547,91,RLG_PLAN_PUBLISHED
45566,92,DNS_UPDATE_SUCCEEDED
46067,93,DNS_UPDATE_SUCCEEDED
48553,97,RLG_PLAN_PUBLISHED
48566,98,DNS_UPDATE_SUCCEEDED
49057,99,DNS_UPDATE_SUCCEEDED
51549,103,RLG_PLAN_PUBLISHED
51571,104,DNS_UPDATE_SUCCEEDED
52070,105,DNS_UPDATE_SUCCEEDED
54554,109,RLG_PLAN_PUBLISHED
54567,110,DNS_UPDATE_SUCCEEDED
55075,111,DNS_UPDATE_SUCCEEDED
57550,115,RLG_PLAN_PUBLISHED
57569,116,DNS_UPDATE_SUCCEEDED
58066,117,DNS_UPDATE_SUCCEEDED
60551,121,RLG_PLAN_PUBLISHED
60568,122,DNS_UPDATE_SUCCEEDED
105673,212,DCOP_PLAN_PLUBLIED
108556,217,RLG_PLAN_PUBLISHED
108595,218,DNS_UPDATE_SUCCEEDED
117557,235,RLG_PLAN_PUBLISHED
117602,236,DNS_UPDATE_SUCCEEDED
118103,237,DNS_UPDATE_SUCCEEDED
120550,241,RLG_PLAN_PUBLISHED
120604,242,DNS_UPDATE_SUCCEEDED
121104,243,DNS_UPDATE_SUCCEEDED
123553,247,RLG_PLAN_PUBLISHED
123604,248,DNS_UPDATE_SUCCEEDED
159565,319,RLG_PLAN_PUBLISHED
159627,320,DNS_UPDATE_SUCCEEDED
162561,325,RLG_PLAN_PUBLISHED
162654,326,DNS_UPDATE_SUCCEEDED
163128,327,DNS_UPDATE_SUCCEEDED
165559,331,RLG_PLAN_PUBLISHED
165644,332,DNS_UPDATE_SUCCEEDED
166136,333,DNS_UPDATE_SUCCEEDED
168561,337,RLG_PLAN_PUBLISHED
168636,338,DNS_UPDATE_SUCCEEDED
169154,339,DNS_UPDATE_SUCCEEDED
171561,343,RLG_PLAN_PUBLISHED
171649,344,DNS_UPDATE_SUCCEEDED
172146,345,DNS_UPDATE_SUCCEEDED
174560,349,RLG_PLAN_PUBLISHED
174650,350,DNS_UPDATE_SUCCEEDED
175153,351,DNS_UPDATE_SUCCEEDED
177562,355,RLG_PLAN_PUBLISHED
177634,356,DNS_UPDATE_SUCCEEDED
204565,409,RLG_PLAN_PUBLISHED
204652,410,DNS_UPDATE_SUCCEEDED
207562,415,RLG_PLAN_PUBLISHED
207651,416,DNS_UPDATE_SUCCEEDED
208153,417,DNS_UPDATE_SUCCEEDED
210564,421,RLG_PLAN_PUBLISHED
210671,422,DNS_UPDATE_SUCCEEDED
211162,423,DNS_UPDATE_SUCCEEDED
213564,427,RLG_PLAN_PUBLISHED
213657,428,DNS_UPDATE_SUCCEEDED
222564,445,RLG_PLAN_PUBLISHED
222665,446,DNS_UPDATE_SUCCEEDED
225565,451,RLG_PLAN_PUBLISHED
225664,452,DNS_UPDATE_SUCCEEDED
226163,453,DNS_UPDATE_SUCCEEDED
228565,457,RLG_PLAN_PUBLISHED
228672,458,DNS_UPDATE_SUCCEEDED
229169,459,DNS_UPDATE_SUCCEEDED
231567,463,RLG_PLAN_PUBLISHED
231658,464,DNS_UPDATE_SUCCEEDED
234565,469,RLG_PLAN_PUBLISHED
234662,470,DNS_UPDATE_SUCCEEDED
235162,471,DNS_UPDATE_SUCCEEDED
237567,475,RLG_PLAN_PUBLISHED
237668,476,DNS_UPDATE_SUCCEEDED
238168,477,DNS_UPDATE_SUCCEEDED
240565,481,RLG_PLAN_PUBLISHED
240665,482,DNS_UPDATE_SUCCEEDED
241166,483,DNS_UPDATE_SUCCEEDED
243564,487,RLG_PLAN_PUBLISHED
243668,488,DNS_UPDATE_SUCCEEDED
244168,489,DNS_UPDATE_SUCCEEDED
246564,493,RLG_PLAN_PUBLISHED
246669,494,DNS_UPDATE_SUCCEEDED
300572,601,RLG_PLAN_PUBLISHED
300693,602,DNS_UPDATE_SUCCEEDED
301194,603,DNS_UPDATE_SUCCEEDED
303575,607,RLG_PLAN_PUBLISHED
303694,608,DNS_UPDATE_SUCCEEDED
304196,609,DNS_UPDATE_SUCCEEDED
306576,613,RLG_PLAN_PUBLISHED
306697,614,DNS_UPDATE_SUCCEEDED
307192,615,DNS_UPDATE_SUCCEEDED
309574,619,RLG_PLAN_PUBLISHED
309699,620,DNS_UPDATE_SUCCEEDED
310199,621,DNS_UPDATE_SUCCEEDED
312574,625,RLG_PLAN_PUBLISHED
312701,626,DNS_UPDATE_SUCCEEDED
462600,925,RLG_PLAN_PUBLISHED
462809,926,DNS_UPDATE_SUCCEEDED
465602,931,RLG_PLAN_PUBLISHED
465807,932,DNS_UPDATE_SUCCEEDED
466307,933,DNS_UPDATE_SUCCEEDED
468608,937,RLG_PLAN_PUBLISHED
468818,938,DNS_UPDATE_SUCCEEDED
469312,939,DNS_UPDATE_SUCCEEDED
471602,943,RLG_PLAN_PUBLISHED
471816,944,DNS_UPDATE_SUCCEEDED
474602,949,RLG_PLAN_PUBLISHED
474812,950,DNS_UPDATE_SUCCEEDED
475323,951,DNS_UPDATE_SUCCEEDED
477606,955,RLG_PLAN_PUBLISHED
477815,956,DNS_UPDATE_SUCCEEDED
478321,957,DNS_UPDATE_SUCCEEDED
480605,961,RLG_PLAN_PUBLISHED
480817,962,DNS_UPDATE_SUCCEEDED
481314,963,DNS_UPDATE_SUCCEEDED
483605,967,RLG_PLAN_PUBLISHED
483816,968,DNS_UPDATE_SUCCEEDED
484315,969,DNS_UPDATE_SUCCEEDED
486603,973,RLG_PLAN_PUBLISHED
486819,974,DNS_UPDATE_SUCCEEDED
540608,1081,RLG_PLAN_PUBLISHED
540875,1082,DNS_UPDATE_SUCCEEDED
543607,1087,RLG_PLAN_PUBLISHED
543878,1088,DNS_UPDATE_SUCCEEDED
544378,1089,DNS_UPDATE_SUCCEEDED
546607,1093,RLG_PLAN_PUBLISHED
546879,1094,DNS_UPDATE_SUCCEEDED
547382,1095,DNS_UPDATE_SUCCEEDED
549607,1099,RLG_PLAN_PUBLISHED
549880,1100,DNS_UPDATE_SUCCEEDED
579610,1159,RLG_PLAN_PUBLISHED
579893,1160,DNS_UPDATE_SUCCEEDED
580398,1161,DNS_UPDATE_SUCCEEDED
582612,1165,RLG_PLAN_PUBLISHED
582893,1166,DNS_UPDATE_SUCCEEDED
583396,1167,DNS_UPDATE_SUCCEEDED
585613,1171,RLG_PLAN_PUBLISHED
585898,1172,DNS_UPDATE_SUCCEEDED
