468,1,DNS_UPDATE_SUCCEEDED
493,1,DCOP_PLAN_PLUBLIED
515,1,RLG_PLAN_PUBLISHED
105607,212,DCOP_PLAN_PLUBLIED
108494,217,RLG_PLAN_PUBLISHED
108567,218,DNS_UPDATE_SUCCEEDED
109065,219,DNS_UPDATE_SUCCEEDED
111493,223,RLG_PLAN_PUBLISHED
111566,224,DNS_UPDATE_SUCCEEDED
123492,247,RLG_PLAN_PUBLISHED
123573,248,DNS_UPDATE_SUCCEEDED
124077,249,DNS_UPDATE_SUCCEEDED
126492,253,RLG_PLAN_PUBLISHED
126574,254,DNS_UPDATE_SUCCEEDED
165500,331,RLG_PLAN_PUBLISHED
165580,331,DCOP_PLAN_PLUBLIED
165588,332,DNS_UPDATE_SUCCEEDED
166089,333,DNS_UPDATE_SUCCEEDED
168500,337,RLG_PLAN_PUBLISHED
168590,338,DNS_UPDATE_SUCCEEDED
189502,379,RLG_PLAN_PUBLISHED
189610,380,DNS_UPDATE_SUCCEEDED
192506,385,RLG_PLAN_PUBLISHED
192609,386,DNS_UPDATE_SUCCEEDED
193110,387,DNS_UPDATE_SUCCEEDED
195503,391,RLG_PLAN_PUBLISHED
195606,392,DNS_UPDATE_SUCCEEDED
225501,451,RLG_PLAN_PUBLISHED
225570,451,DCOP_PLAN_PLUBLIED
225624,452,DNS_UPDATE_SUCCEEDED
228504,457,RLG_PLAN_PUBLISHED
228627,458,DNS_UPDATE_SUCCEEDED
229126,459,DNS_UPDATE_SUCCEEDED
231504,463,RLG_PLAN_PUBLISHED
231627,464,DNS_UPDATE_SUCCEEDED
285571,571,DCOP_PLAN_PLUBLIED
288511,577,RLG_PLAN_PUBLISHED
288653,578,DNS_UPDATE_SUCCEEDED
345560,691,DCOP_PLAN_PLUBLIED
348516,697,RLG_PLAN_PUBLISHED
348688,698,DNS_UPDATE_SUCCEEDED
405582,811,DCOP_PLAN_PLUBLIED
408528,817,RLG_PLAN_PUBLISHED
408716,818,DNS_UPDATE_SUCCEEDED
465567,931,DCOP_PLAN_PLUBLIED
468530,937,RLG_PLAN_PUBLISHED
468747,938,DNS_UPDATE_SUCCEEDED
525566,1051,DCOP_PLAN_PLUBLIED
528532,1057,RLG_PLAN_PUBLISHED
528778,1058,DNS_UPDATE_SUCCEEDED
582536,1165,RLG_PLAN_PUBLISHED
582809,1166,DNS_UPDATE_SUCCEEDED
583309,1167,DNS_UPDATE_SUCCEEDED
585537,1171,RLG_PLAN_PUBLISHED
585560,1171,DCOP_PLAN_PLUBLIED
585810,1172,DNS_UPDATE_SUCCEEDED
588536,1177,RLG_PLAN_PUBLISHED
588811,1178,DNS_UPDATE_SUCCEEDED
630003,1260,DCOP_PLAN_PLUBLIED
