{
  "region" : {
    "name" : "G"
  },
  "timestamp" : 333812,
  "servicePlan" : { },
  "overflowPlan" : {
    "AppCoordinates {com.bbn, test-service3, 1}" : {
      "J" : 1.0,
      "G" : 0.0,
      "A" : 0.0,
      "C" : 0.0,
      "D" : 0.0,
      "E" : 0.0,
      "H" : 0.0,
      "I" : 0.0
    },
    "AppCoordinates {com.bbn, test-service2, 1}" : {
      "J" : 1.0,
      "G" : 0.0,
      "A" : 0.0,
      "C" : 0.0,
      "D" : 0.0,
      "E" : 0.0,
      "H" : 0.0,
      "I" : 0.0
    },
    "AppCoordinates {com.bbn, test-service1, 1}" : {
      "J" : 1.0,
      "G" : 0.0,
      "A" : 0.0,
      "C" : 0.0,
      "D" : 0.0,
      "E" : 0.0,
      "H" : 0.0,
      "I" : 0.0
    }
  }
}