{
  "region" : {
    "name" : "O"
  },
  "timestamp" : 132754,
  "servicePlan" : {
    "nodeO" : [ {
      "id" : {
        "name" : "nodeO_c01"
      },
      "service" : {
        "group" : "com.bbn",
        "artifact" : "test-service2",
        "version" : "1"
      },
      "weight" : 1.0,
      "stopTrafficTo" : false,
      "stop" : false
    }, {
      "id" : {
        "name" : "nodeO_c00"
      },
      "service" : {
        "group" : "com.bbn",
        "artifact" : "test-service3",
        "version" : "1"
      },
      "weight" : 1.0,
      "stopTrafficTo" : false,
      "stop" : false
    } ]
  },
  "overflowPlan" : {
    "AppCoordinates {com.bbn, test-service3, 1}" : {
      "H" : 0.0,
      "O" : 1.0
    },
    "AppCoordinates {com.bbn, test-service2, 1}" : {
      "H" : 0.0,
      "O" : 1.0
    }
  }
}