{
  "region" : {
    "name" : "I"
  },
  "nodeResourceReports" : [ {
    "nodeName" : {
      "name" : "nodeI"
    },
    "timestamp" : 377997,
    "demandEstimationWindow" : "SHORT",
    "nodeComputeCapacity" : {
      "CPU" : 4.0,
      "MEMORY" : 8.0E9,
      "DISK" : 10.0,
      "TASK_CONTAINERS" : 20.0
    },
    "networkCapacity" : {
      "interface-nodeD ( nodeD )" : {
        "DATARATE_RX" : 100.0,
        "DATARATE_TX" : 100.0
      },
      "interface-clientPoolI ( clientPoolI )" : {
        "DATARATE_RX" : 100.0,
        "DATARATE_TX" : 100.0
      },
      "interface-nodeB ( nodeB )" : {
        "DATARATE_RX" : 100.0,
        "DATARATE_TX" : 100.0
      },
      "interface-nodeC ( nodeC )" : {
        "DATARATE_RX" : 100.0,
        "DATARATE_TX" : 100.0
      },
      "interface-nodeG ( nodeG )" : {
        "DATARATE_RX" : 100.0,
        "DATARATE_TX" : 100.0
      },
      "interface-nodeA ( nodeA )" : {
        "DATARATE_RX" : 100.0,
        "DATARATE_TX" : 100.0
      }
    },
    "networkLoad" : {
      "interface-nodeD ( nodeD )" : { },
      "interface-clientPoolI ( clientPoolI )" : {
        "(nodeB_c03, clientPoolI, nodeB_c03)" : {
          "AppCoordinates {com.bbn, test-service1, 1}" : {
            "DATARATE_TX" : 3.0E-6,
            "DATARATE_RX" : 6.0E-6
          }
        },
        "(nodeB_c13, clientPoolI, nodeB_c13)" : {
          "AppCoordinates {com.bbn, test-service1, 1}" : {
            "DATARATE_TX" : 4.2351647362715017E-22,
            "DATARATE_RX" : 8.470329472543003E-22
          }
        },
        "(nodeB_c01, clientPoolI, nodeB_c01)" : {
          "AppCoordinates {com.bbn, test-service1, 1}" : {
            "DATARATE_TX" : 3.0E-6,
            "DATARATE_RX" : 6.0E-6
          }
        },
        "(nodeB_c11, clientPoolI, nodeB_c11)" : {
          "AppCoordinates {com.bbn, test-service1, 1}" : {
            "DATARATE_TX" : 4.2351647362715017E-22,
            "DATARATE_RX" : 8.470329472543003E-22
          }
        },
        "(nodeB_c07, clientPoolI, nodeB_c07)" : {
          "AppCoordinates {com.bbn, test-service1, 1}" : {
            "DATARATE_TX" : 1.0000000000000004E-6,
            "DATARATE_RX" : 2.0000000000000008E-6
          }
        },
        "(nodeB_c17, clientPoolI, nodeB_c17)" : {
          "AppCoordinates {com.bbn, test-service1, 1}" : {
            "DATARATE_TX" : 1.0000000000000004E-6,
            "DATARATE_RX" : 2.0000000000000008E-6
          }
        },
        "(nodeB_c05, clientPoolI, nodeB_c05)" : {
          "AppCoordinates {com.bbn, test-service1, 1}" : {
            "DATARATE_TX" : 2.0000000000000003E-6,
            "DATARATE_RX" : 4.000000000000001E-6
          }
        },
        "(nodeB_c15, clientPoolI, nodeB_c15)" : {
          "AppCoordinates {com.bbn, test-service1, 1}" : {
            "DATARATE_TX" : 2.0000000000000003E-6,
            "DATARATE_RX" : 4.000000000000001E-6
          }
        },
        "(nodeB_c09, clientPoolI, nodeB_c09)" : {
          "AppCoordinates {com.bbn, test-service1, 1}" : {
            "DATARATE_TX" : 4.2351647362715017E-22,
            "DATARATE_RX" : 8.470329472543003E-22
          }
        },
        "(nodeB_c19, clientPoolI, nodeB_c19)" : {
          "AppCoordinates {com.bbn, test-service1, 1}" : {
            "DATARATE_TX" : 3.0E-6,
            "DATARATE_RX" : 6.0E-6
          }
        },
        "(nodeI_c00, clientPoolI, nodeI_c00)" : {
          "AppCoordinates {com.bbn, test-service1, 1}" : {
            "DATARATE_TX" : 4.0E-6,
            "DATARATE_RX" : 8.0E-6
          }
        },
        "(nodeI_c10, clientPoolI, nodeI_c10)" : {
          "AppCoordinates {com.bbn, test-service1, 1}" : {
            "DATARATE_TX" : 4.0E-6,
            "DATARATE_RX" : 8.0E-6
          }
        },
        "(nodeI_c02, clientPoolI, nodeI_c02)" : {
          "AppCoordinates {com.bbn, test-service1, 1}" : {
            "DATARATE_TX" : 2.0000000000000003E-6,
            "DATARATE_RX" : 4.000000000000001E-6
          }
        },
        "(nodeI_c12, clientPoolI, nodeI_c12)" : {
          "AppCoordinates {com.bbn, test-service1, 1}" : {
            "DATARATE_TX" : 4.0E-6,
            "DATARATE_RX" : 8.0E-6
          }
        },
        "(nodeI_c04, clientPoolI, nodeI_c04)" : {
          "AppCoordinates {com.bbn, test-service1, 1}" : {
            "DATARATE_TX" : 3.0E-6,
            "DATARATE_RX" : 6.0E-6
          }
        },
        "(nodeI_c14, clientPoolI, nodeI_c14)" : {
          "AppCoordinates {com.bbn, test-service1, 1}" : {
            "DATARATE_TX" : 3.0E-6,
            "DATARATE_RX" : 6.0E-6
          }
        },
        "(nodeB_c10, clientPoolI, nodeB_c10)" : {
          "AppCoordinates {com.bbn, test-service1, 1}" : {
            "DATARATE_TX" : 3.0E-6,
            "DATARATE_RX" : 6.0E-6
          }
        },
        "(nodeI_c06, clientPoolI, nodeI_c06)" : {
          "AppCoordinates {com.bbn, test-service1, 1}" : {
            "DATARATE_TX" : 3.0E-6,
            "DATARATE_RX" : 6.0E-6
          }
        },
        "(nodeI_c16, clientPoolI, nodeI_c16)" : {
          "AppCoordinates {com.bbn, test-service1, 1}" : {
            "DATARATE_TX" : 3.0E-6,
            "DATARATE_RX" : 6.0E-6
          }
        },
        "(nodeI_c08, clientPoolI, nodeI_c08)" : {
          "AppCoordinates {com.bbn, test-service1, 1}" : {
            "DATARATE_TX" : 3.0E-6,
            "DATARATE_RX" : 6.0E-6
          }
        },
        "(nodeI_c18, clientPoolI, nodeI_c18)" : {
          "AppCoordinates {com.bbn, test-service1, 1}" : {
            "DATARATE_TX" : 2.0000000000000003E-6,
            "DATARATE_RX" : 4.000000000000001E-6
          }
        },
        "(nodeB_c14, clientPoolI, nodeB_c14)" : {
          "AppCoordinates {com.bbn, test-service1, 1}" : {
            "DATARATE_TX" : 1.0000000000000004E-6,
            "DATARATE_RX" : 2.0000000000000008E-6
          }
        },
        "(nodeB_c02, clientPoolI, nodeB_c02)" : {
          "AppCoordinates {com.bbn, test-service1, 1}" : {
            "DATARATE_TX" : 2.0000000000000003E-6,
            "DATARATE_RX" : 4.000000000000001E-6
          }
        },
        "(nodeI_c09, clientPoolI, nodeI_c09)" : {
          "AppCoordinates {com.bbn, test-service1, 1}" : {
            "DATARATE_TX" : 3.0E-6,
            "DATARATE_RX" : 6.0E-6
          }
        },
        "(nodeB_c12, clientPoolI, nodeB_c12)" : {
          "AppCoordinates {com.bbn, test-service1, 1}" : {
            "DATARATE_TX" : 1.0000000000000004E-6,
            "DATARATE_RX" : 2.0000000000000008E-6
          }
        },
        "(nodeB_c00, clientPoolI, nodeB_c00)" : {
          "AppCoordinates {com.bbn, test-service1, 1}" : {
            "DATARATE_TX" : 2.0000000000000003E-6,
            "DATARATE_RX" : 4.000000000000001E-6
          }
        },
        "(nodeB_c18, clientPoolI, nodeB_c18)" : {
          "AppCoordinates {com.bbn, test-service1, 1}" : {
            "DATARATE_TX" : 1.0000000000000004E-6,
            "DATARATE_RX" : 2.0000000000000008E-6
          }
        },
        "(nodeB_c06, clientPoolI, nodeB_c06)" : {
          "AppCoordinates {com.bbn, test-service1, 1}" : {
            "DATARATE_TX" : 2.0000000000000003E-6,
            "DATARATE_RX" : 4.000000000000001E-6
          }
        },
        "(nodeB_c16, clientPoolI, nodeB_c16)" : {
          "AppCoordinates {com.bbn, test-service1, 1}" : {
            "DATARATE_TX" : 1.0000000000000004E-6,
            "DATARATE_RX" : 2.0000000000000008E-6
          }
        },
        "(nodeB_c04, clientPoolI, nodeB_c04)" : {
          "AppCoordinates {com.bbn, test-service1, 1}" : {
            "DATARATE_TX" : 1.0000000000000004E-6,
            "DATARATE_RX" : 2.0000000000000008E-6
          }
        },
        "(nodeB_c08, clientPoolI, nodeB_c08)" : {
          "AppCoordinates {com.bbn, test-service1, 1}" : {
            "DATARATE_TX" : 4.2351647362715017E-22,
            "DATARATE_RX" : 8.470329472543003E-22
          }
        },
        "(nodeI_c11, clientPoolI, nodeI_c11)" : {
          "AppCoordinates {com.bbn, test-service1, 1}" : {
            "DATARATE_TX" : 2.0000000000000003E-6,
            "DATARATE_RX" : 4.000000000000001E-6
          }
        },
        "(nodeI_c13, clientPoolI, nodeI_c13)" : {
          "AppCoordinates {com.bbn, test-service1, 1}" : {
            "DATARATE_TX" : 2.0000000000000003E-6,
            "DATARATE_RX" : 4.000000000000001E-6
          }
        },
        "(nodeI_c01, clientPoolI, nodeI_c01)" : {
          "AppCoordinates {com.bbn, test-service1, 1}" : {
            "DATARATE_TX" : 1.0000000000000004E-6,
            "DATARATE_RX" : 2.0000000000000008E-6
          }
        },
        "(nodeI_c15, clientPoolI, nodeI_c15)" : {
          "AppCoordinates {com.bbn, test-service1, 1}" : {
            "DATARATE_TX" : 3.0E-6,
            "DATARATE_RX" : 6.0E-6
          }
        },
        "(nodeI_c03, clientPoolI, nodeI_c03)" : {
          "AppCoordinates {com.bbn, test-service1, 1}" : {
            "DATARATE_TX" : 2.0000000000000003E-6,
            "DATARATE_RX" : 4.000000000000001E-6
          }
        },
        "(nodeI_c17, clientPoolI, nodeI_c17)" : {
          "AppCoordinates {com.bbn, test-service1, 1}" : {
            "DATARATE_TX" : 2.0000000000000003E-6,
            "DATARATE_RX" : 4.000000000000001E-6
          }
        },
        "(nodeI_c05, clientPoolI, nodeI_c05)" : {
          "AppCoordinates {com.bbn, test-service1, 1}" : {
            "DATARATE_TX" : 2.0000000000000003E-6,
            "DATARATE_RX" : 4.000000000000001E-6
          }
        },
        "(nodeI_c19, clientPoolI, nodeI_c19)" : {
          "AppCoordinates {com.bbn, test-service1, 1}" : {
            "DATARATE_TX" : 3.0E-6,
            "DATARATE_RX" : 6.0E-6
          }
        },
        "(nodeI_c07, clientPoolI, nodeI_c07)" : {
          "AppCoordinates {com.bbn, test-service1, 1}" : {
            "DATARATE_TX" : 4.0E-6,
            "DATARATE_RX" : 8.0E-6
          }
        }
      },
      "interface-nodeB ( nodeB )" : {
        "(clientPoolI, nodeB_c02, nodeB_c02)" : {
          "AppCoordinates {com.bbn, test-service1, 1}" : {
            "DATARATE_TX" : 4.000000000000001E-6,
            "DATARATE_RX" : 2.0000000000000003E-6
          }
        },
        "(clientPoolI, nodeB_c13, nodeB_c13)" : {
          "AppCoordinates {com.bbn, test-service1, 1}" : {
            "DATARATE_TX" : 8.470329472543003E-22,
            "DATARATE_RX" : 4.2351647362715017E-22
          }
        },
        "(clientPoolI, nodeB_c12, nodeB_c12)" : {
          "AppCoordinates {com.bbn, test-service1, 1}" : {
            "DATARATE_TX" : 2.0000000000000008E-6,
            "DATARATE_RX" : 1.0000000000000004E-6
          }
        },
        "(clientPoolI, nodeB_c01, nodeB_c01)" : {
          "AppCoordinates {com.bbn, test-service1, 1}" : {
            "DATARATE_TX" : 6.0E-6,
            "DATARATE_RX" : 3.0E-6
          }
        },
        "(clientPoolI, nodeB_c04, nodeB_c04)" : {
          "AppCoordinates {com.bbn, test-service1, 1}" : {
            "DATARATE_TX" : 2.0000000000000008E-6,
            "DATARATE_RX" : 1.0000000000000004E-6
          }
        },
        "(clientPoolI, nodeB_c15, nodeB_c15)" : {
          "AppCoordinates {com.bbn, test-service1, 1}" : {
            "DATARATE_TX" : 4.000000000000001E-6,
            "DATARATE_RX" : 2.0000000000000003E-6
          }
        },
        "(clientPoolI, nodeB_c03, nodeB_c03)" : {
          "AppCoordinates {com.bbn, test-service1, 1}" : {
            "DATARATE_TX" : 6.0E-6,
            "DATARATE_RX" : 3.0E-6
          }
        },
        "(clientPoolI, nodeB_c14, nodeB_c14)" : {
          "AppCoordinates {com.bbn, test-service1, 1}" : {
            "DATARATE_TX" : 2.0000000000000008E-6,
            "DATARATE_RX" : 1.0000000000000004E-6
          }
        },
        "(clientPoolI, nodeB_c00, nodeB_c00)" : {
          "AppCoordinates {com.bbn, test-service1, 1}" : {
            "DATARATE_TX" : 4.000000000000001E-6,
            "DATARATE_RX" : 2.0000000000000003E-6
          }
        },
        "(clientPoolI, nodeB_c11, nodeB_c11)" : {
          "AppCoordinates {com.bbn, test-service1, 1}" : {
            "DATARATE_TX" : 8.470329472543003E-22,
            "DATARATE_RX" : 4.2351647362715017E-22
          }
        },
        "(clientPoolI, nodeB_c10, nodeB_c10)" : {
          "AppCoordinates {com.bbn, test-service1, 1}" : {
            "DATARATE_TX" : 6.0E-6,
            "DATARATE_RX" : 3.0E-6
          }
        },
        "(clientPoolI, nodeB_c09, nodeB_c09)" : {
          "AppCoordinates {com.bbn, test-service1, 1}" : {
            "DATARATE_TX" : 8.470329472543003E-22,
            "DATARATE_RX" : 4.2351647362715017E-22
          }
        },
        "(clientPoolI, nodeB_c17, nodeB_c17)" : {
          "AppCoordinates {com.bbn, test-service1, 1}" : {
            "DATARATE_TX" : 2.0000000000000008E-6,
            "DATARATE_RX" : 1.0000000000000004E-6
          }
        },
        "(clientPoolI, nodeB_c06, nodeB_c06)" : {
          "AppCoordinates {com.bbn, test-service1, 1}" : {
            "DATARATE_TX" : 4.000000000000001E-6,
            "DATARATE_RX" : 2.0000000000000003E-6
          }
        },
        "(clientPoolI, nodeB_c05, nodeB_c05)" : {
          "AppCoordinates {com.bbn, test-service1, 1}" : {
            "DATARATE_TX" : 4.000000000000001E-6,
            "DATARATE_RX" : 2.0000000000000003E-6
          }
        },
        "(clientPoolI, nodeB_c16, nodeB_c16)" : {
          "AppCoordinates {com.bbn, test-service1, 1}" : {
            "DATARATE_TX" : 2.0000000000000008E-6,
            "DATARATE_RX" : 1.0000000000000004E-6
          }
        },
        "(clientPoolI, nodeB_c19, nodeB_c19)" : {
          "AppCoordinates {com.bbn, test-service1, 1}" : {
            "DATARATE_TX" : 6.0E-6,
            "DATARATE_RX" : 3.0E-6
          }
        },
        "(clientPoolI, nodeB_c08, nodeB_c08)" : {
          "AppCoordinates {com.bbn, test-service1, 1}" : {
            "DATARATE_TX" : 8.470329472543003E-22,
            "DATARATE_RX" : 4.2351647362715017E-22
          }
        },
        "(clientPoolI, nodeB_c18, nodeB_c18)" : {
          "AppCoordinates {com.bbn, test-service1, 1}" : {
            "DATARATE_TX" : 2.0000000000000008E-6,
            "DATARATE_RX" : 1.0000000000000004E-6
          }
        },
        "(clientPoolI, nodeB_c07, nodeB_c07)" : {
          "AppCoordinates {com.bbn, test-service1, 1}" : {
            "DATARATE_TX" : 2.0000000000000008E-6,
            "DATARATE_RX" : 1.0000000000000004E-6
          }
        }
      },
      "interface-nodeC ( nodeC )" : { },
      "interface-nodeG ( nodeG )" : { },
      "interface-nodeA ( nodeA )" : { }
    },
    "networkDemand" : {
      "interface-nodeD ( nodeD )" : { },
      "interface-nodeC ( nodeC )" : { },
      "interface-nodeB ( nodeB )" : {
        "(clientPoolI, nodeB_c13, nodeB_c13)" : {
          "AppCoordinates {com.bbn, test-service1, 1}" : {
            "DATARATE_TX" : 8.470329472543003E-22,
            "DATARATE_RX" : 4.2351647362715017E-22
          }
        },
        "(clientPoolI, nodeB_c02, nodeB_c02)" : {
          "AppCoordinates {com.bbn, test-service1, 1}" : {
            "DATARATE_TX" : 4.0000000000000015E-6,
            "DATARATE_RX" : 2.0000000000000008E-6
          }
        },
        "(clientPoolI, nodeB_c01, nodeB_c01)" : {
          "AppCoordinates {com.bbn, test-service1, 1}" : {
            "DATARATE_TX" : 6.000000000000001E-6,
            "DATARATE_RX" : 3.0000000000000005E-6
          }
        },
        "(clientPoolI, nodeB_c12, nodeB_c12)" : {
          "AppCoordinates {com.bbn, test-service1, 1}" : {
            "DATARATE_TX" : 2.0000000000000008E-6,
            "DATARATE_RX" : 1.0000000000000004E-6
          }
        },
        "(clientPoolI, nodeB_c15, nodeB_c15)" : {
          "AppCoordinates {com.bbn, test-service1, 1}" : {
            "DATARATE_TX" : 4.0000000000000015E-6,
            "DATARATE_RX" : 2.0000000000000008E-6
          }
        },
        "(clientPoolI, nodeB_c04, nodeB_c04)" : {
          "AppCoordinates {com.bbn, test-service1, 1}" : {
            "DATARATE_TX" : 2.0000000000000008E-6,
            "DATARATE_RX" : 1.0000000000000004E-6
          }
        },
        "(clientPoolI, nodeB_c14, nodeB_c14)" : {
          "AppCoordinates {com.bbn, test-service1, 1}" : {
            "DATARATE_TX" : 2.0000000000000008E-6,
            "DATARATE_RX" : 1.0000000000000004E-6
          }
        },
        "(clientPoolI, nodeB_c03, nodeB_c03)" : {
          "AppCoordinates {com.bbn, test-service1, 1}" : {
            "DATARATE_TX" : 6.000000000000001E-6,
            "DATARATE_RX" : 3.0000000000000005E-6
          }
        },
        "(clientPoolI, nodeB_c11, nodeB_c11)" : {
          "AppCoordinates {com.bbn, test-service1, 1}" : {
            "DATARATE_TX" : 8.470329472543003E-22,
            "DATARATE_RX" : 4.2351647362715017E-22
          }
        },
        "(clientPoolI, nodeB_c00, nodeB_c00)" : {
          "AppCoordinates {com.bbn, test-service1, 1}" : {
            "DATARATE_TX" : 4.0000000000000015E-6,
            "DATARATE_RX" : 2.0000000000000008E-6
          }
        },
        "(clientPoolI, nodeB_c10, nodeB_c10)" : {
          "AppCoordinates {com.bbn, test-service1, 1}" : {
            "DATARATE_TX" : 6.000000000000001E-6,
            "DATARATE_RX" : 3.0000000000000005E-6
          }
        },
        "(clientPoolI, nodeB_c09, nodeB_c09)" : {
          "AppCoordinates {com.bbn, test-service1, 1}" : {
            "DATARATE_TX" : 8.470329472543003E-22,
            "DATARATE_RX" : 4.2351647362715017E-22
          }
        },
        "(clientPoolI, nodeB_c06, nodeB_c06)" : {
          "AppCoordinates {com.bbn, test-service1, 1}" : {
            "DATARATE_TX" : 4.0000000000000015E-6,
            "DATARATE_RX" : 2.0000000000000008E-6
          }
        },
        "(clientPoolI, nodeB_c17, nodeB_c17)" : {
          "AppCoordinates {com.bbn, test-service1, 1}" : {
            "DATARATE_TX" : 2.0000000000000008E-6,
            "DATARATE_RX" : 1.0000000000000004E-6
          }
        },
        "(clientPoolI, nodeB_c16, nodeB_c16)" : {
          "AppCoordinates {com.bbn, test-service1, 1}" : {
            "DATARATE_TX" : 2.0000000000000008E-6,
            "DATARATE_RX" : 1.0000000000000004E-6
          }
        },
        "(clientPoolI, nodeB_c05, nodeB_c05)" : {
          "AppCoordinates {com.bbn, test-service1, 1}" : {
            "DATARATE_TX" : 4.0000000000000015E-6,
            "DATARATE_RX" : 2.0000000000000008E-6
          }
        },
        "(clientPoolI, nodeB_c08, nodeB_c08)" : {
          "AppCoordinates {com.bbn, test-service1, 1}" : {
            "DATARATE_TX" : 8.470329472543003E-22,
            "DATARATE_RX" : 4.2351647362715017E-22
          }
        },
        "(clientPoolI, nodeB_c19, nodeB_c19)" : {
          "AppCoordinates {com.bbn, test-service1, 1}" : {
            "DATARATE_TX" : 6.000000000000001E-6,
            "DATARATE_RX" : 3.0000000000000005E-6
          }
        },
        "(clientPoolI, nodeB_c07, nodeB_c07)" : {
          "AppCoordinates {com.bbn, test-service1, 1}" : {
            "DATARATE_TX" : 2.0000000000000008E-6,
            "DATARATE_RX" : 1.0000000000000004E-6
          }
        },
        "(clientPoolI, nodeB_c18, nodeB_c18)" : {
          "AppCoordinates {com.bbn, test-service1, 1}" : {
            "DATARATE_TX" : 2.0000000000000008E-6,
            "DATARATE_RX" : 1.0000000000000004E-6
          }
        }
      },
      "interface-nodeA ( nodeA )" : { },
      "interface-nodeG ( nodeG )" : { },
      "interface-clientPoolI ( clientPoolI )" : {
        "(nodeB_c03, clientPoolI, nodeB_c03)" : {
          "AppCoordinates {com.bbn, test-service1, 1}" : {
            "DATARATE_TX" : 3.0000000000000005E-6,
            "DATARATE_RX" : 6.000000000000001E-6
          }
        },
        "(nodeB_c13, clientPoolI, nodeB_c13)" : {
          "AppCoordinates {com.bbn, test-service1, 1}" : {
            "DATARATE_TX" : 4.2351647362715017E-22,
            "DATARATE_RX" : 8.470329472543003E-22
          }
        },
        "(nodeB_c01, clientPoolI, nodeB_c01)" : {
          "AppCoordinates {com.bbn, test-service1, 1}" : {
            "DATARATE_TX" : 3.0000000000000005E-6,
            "DATARATE_RX" : 6.000000000000001E-6
          }
        },
        "(nodeB_c11, clientPoolI, nodeB_c11)" : {
          "AppCoordinates {com.bbn, test-service1, 1}" : {
            "DATARATE_TX" : 4.2351647362715017E-22,
            "DATARATE_RX" : 8.470329472543003E-22
          }
        },
        "(nodeB_c07, clientPoolI, nodeB_c07)" : {
          "AppCoordinates {com.bbn, test-service1, 1}" : {
            "DATARATE_TX" : 1.0000000000000004E-6,
            "DATARATE_RX" : 2.0000000000000008E-6
          }
        },
        "(nodeB_c17, clientPoolI, nodeB_c17)" : {
          "AppCoordinates {com.bbn, test-service1, 1}" : {
            "DATARATE_TX" : 1.0000000000000004E-6,
            "DATARATE_RX" : 2.0000000000000008E-6
          }
        },
        "(nodeB_c05, clientPoolI, nodeB_c05)" : {
          "AppCoordinates {com.bbn, test-service1, 1}" : {
            "DATARATE_TX" : 2.0000000000000008E-6,
            "DATARATE_RX" : 4.0000000000000015E-6
          }
        },
        "(nodeB_c15, clientPoolI, nodeB_c15)" : {
          "AppCoordinates {com.bbn, test-service1, 1}" : {
            "DATARATE_TX" : 2.0000000000000008E-6,
            "DATARATE_RX" : 4.0000000000000015E-6
          }
        },
        "(nodeB_c09, clientPoolI, nodeB_c09)" : {
          "AppCoordinates {com.bbn, test-service1, 1}" : {
            "DATARATE_TX" : 4.2351647362715017E-22,
            "DATARATE_RX" : 8.470329472543003E-22
          }
        },
        "(nodeB_c19, clientPoolI, nodeB_c19)" : {
          "AppCoordinates {com.bbn, test-service1, 1}" : {
            "DATARATE_TX" : 3.0000000000000005E-6,
            "DATARATE_RX" : 6.000000000000001E-6
          }
        },
        "(nodeI_c00, clientPoolI, nodeI_c00)" : {
          "AppCoordinates {com.bbn, test-service1, 1}" : {
            "DATARATE_TX" : 4.0E-6,
            "DATARATE_RX" : 8.0E-6
          }
        },
        "(nodeI_c10, clientPoolI, nodeI_c10)" : {
          "AppCoordinates {com.bbn, test-service1, 1}" : {
            "DATARATE_TX" : 4.0E-6,
            "DATARATE_RX" : 8.0E-6
          }
        },
        "(nodeI_c02, clientPoolI, nodeI_c02)" : {
          "AppCoordinates {com.bbn, test-service1, 1}" : {
            "DATARATE_TX" : 2.0000000000000008E-6,
            "DATARATE_RX" : 4.0000000000000015E-6
          }
        },
        "(nodeI_c12, clientPoolI, nodeI_c12)" : {
          "AppCoordinates {com.bbn, test-service1, 1}" : {
            "DATARATE_TX" : 4.0E-6,
            "DATARATE_RX" : 8.0E-6
          }
        },
        "(nodeI_c04, clientPoolI, nodeI_c04)" : {
          "AppCoordinates {com.bbn, test-service1, 1}" : {
            "DATARATE_TX" : 3.0000000000000005E-6,
            "DATARATE_RX" : 6.000000000000001E-6
          }
        },
        "(nodeI_c14, clientPoolI, nodeI_c14)" : {
          "AppCoordinates {com.bbn, test-service1, 1}" : {
            "DATARATE_TX" : 3.0000000000000005E-6,
            "DATARATE_RX" : 6.000000000000001E-6
          }
        },
        "(nodeI_c06, clientPoolI, nodeI_c06)" : {
          "AppCoordinates {com.bbn, test-service1, 1}" : {
            "DATARATE_TX" : 3.0000000000000005E-6,
            "DATARATE_RX" : 6.000000000000001E-6
          }
        },
        "(nodeB_c10, clientPoolI, nodeB_c10)" : {
          "AppCoordinates {com.bbn, test-service1, 1}" : {
            "DATARATE_TX" : 3.0000000000000005E-6,
            "DATARATE_RX" : 6.000000000000001E-6
          }
        },
        "(nodeI_c16, clientPoolI, nodeI_c16)" : {
          "AppCoordinates {com.bbn, test-service1, 1}" : {
            "DATARATE_TX" : 3.0000000000000005E-6,
            "DATARATE_RX" : 6.000000000000001E-6
          }
        },
        "(nodeI_c08, clientPoolI, nodeI_c08)" : {
          "AppCoordinates {com.bbn, test-service1, 1}" : {
            "DATARATE_TX" : 3.0000000000000005E-6,
            "DATARATE_RX" : 6.000000000000001E-6
          }
        },
        "(nodeI_c18, clientPoolI, nodeI_c18)" : {
          "AppCoordinates {com.bbn, test-service1, 1}" : {
            "DATARATE_TX" : 2.0000000000000008E-6,
            "DATARATE_RX" : 4.0000000000000015E-6
          }
        },
        "(nodeB_c14, clientPoolI, nodeB_c14)" : {
          "AppCoordinates {com.bbn, test-service1, 1}" : {
            "DATARATE_TX" : 1.0000000000000004E-6,
            "DATARATE_RX" : 2.0000000000000008E-6
          }
        },
        "(nodeI_c09, clientPoolI, nodeI_c09)" : {
          "AppCoordinates {com.bbn, test-service1, 1}" : {
            "DATARATE_TX" : 3.0000000000000005E-6,
            "DATARATE_RX" : 6.000000000000001E-6
          }
        },
        "(nodeB_c02, clientPoolI, nodeB_c02)" : {
          "AppCoordinates {com.bbn, test-service1, 1}" : {
            "DATARATE_TX" : 2.0000000000000008E-6,
            "DATARATE_RX" : 4.0000000000000015E-6
          }
        },
        "(nodeB_c12, clientPoolI, nodeB_c12)" : {
          "AppCoordinates {com.bbn, test-service1, 1}" : {
            "DATARATE_TX" : 1.0000000000000004E-6,
            "DATARATE_RX" : 2.0000000000000008E-6
          }
        },
        "(nodeB_c00, clientPoolI, nodeB_c00)" : {
          "AppCoordinates {com.bbn, test-service1, 1}" : {
            "DATARATE_TX" : 2.0000000000000008E-6,
            "DATARATE_RX" : 4.0000000000000015E-6
          }
        },
        "(nodeB_c18, clientPoolI, nodeB_c18)" : {
          "AppCoordinates {com.bbn, test-service1, 1}" : {
            "DATARATE_TX" : 1.0000000000000004E-6,
            "DATARATE_RX" : 2.0000000000000008E-6
          }
        },
        "(nodeB_c06, clientPoolI, nodeB_c06)" : {
          "AppCoordinates {com.bbn, test-service1, 1}" : {
            "DATARATE_TX" : 2.0000000000000008E-6,
            "DATARATE_RX" : 4.0000000000000015E-6
          }
        },
        "(nodeB_c16, clientPoolI, nodeB_c16)" : {
          "AppCoordinates {com.bbn, test-service1, 1}" : {
            "DATARATE_TX" : 1.0000000000000004E-6,
            "DATARATE_RX" : 2.0000000000000008E-6
          }
        },
        "(nodeB_c04, clientPoolI, nodeB_c04)" : {
          "AppCoordinates {com.bbn, test-service1, 1}" : {
            "DATARATE_TX" : 1.0000000000000004E-6,
            "DATARATE_RX" : 2.0000000000000008E-6
          }
        },
        "(nodeB_c08, clientPoolI, nodeB_c08)" : {
          "AppCoordinates {com.bbn, test-service1, 1}" : {
            "DATARATE_TX" : 4.2351647362715017E-22,
            "DATARATE_RX" : 8.470329472543003E-22
          }
        },
        "(nodeI_c11, clientPoolI, nodeI_c11)" : {
          "AppCoordinates {com.bbn, test-service1, 1}" : {
            "DATARATE_TX" : 2.0000000000000008E-6,
            "DATARATE_RX" : 4.0000000000000015E-6
          }
        },
        "(nodeI_c13, clientPoolI, nodeI_c13)" : {
          "AppCoordinates {com.bbn, test-service1, 1}" : {
            "DATARATE_TX" : 2.0000000000000008E-6,
            "DATARATE_RX" : 4.0000000000000015E-6
          }
        },
        "(nodeI_c01, clientPoolI, nodeI_c01)" : {
          "AppCoordinates {com.bbn, test-service1, 1}" : {
            "DATARATE_TX" : 1.0000000000000004E-6,
            "DATARATE_RX" : 2.0000000000000008E-6
          }
        },
        "(nodeI_c15, clientPoolI, nodeI_c15)" : {
          "AppCoordinates {com.bbn, test-service1, 1}" : {
            "DATARATE_TX" : 3.0000000000000005E-6,
            "DATARATE_RX" : 6.000000000000001E-6
          }
        },
        "(nodeI_c03, clientPoolI, nodeI_c03)" : {
          "AppCoordinates {com.bbn, test-service1, 1}" : {
            "DATARATE_TX" : 2.0000000000000008E-6,
            "DATARATE_RX" : 4.0000000000000015E-6
          }
        },
        "(nodeI_c17, clientPoolI, nodeI_c17)" : {
          "AppCoordinates {com.bbn, test-service1, 1}" : {
            "DATARATE_TX" : 2.0000000000000008E-6,
            "DATARATE_RX" : 4.0000000000000015E-6
          }
        },
        "(nodeI_c05, clientPoolI, nodeI_c05)" : {
          "AppCoordinates {com.bbn, test-service1, 1}" : {
            "DATARATE_TX" : 2.0000000000000008E-6,
            "DATARATE_RX" : 4.0000000000000015E-6
          }
        },
        "(nodeI_c19, clientPoolI, nodeI_c19)" : {
          "AppCoordinates {com.bbn, test-service1, 1}" : {
            "DATARATE_TX" : 3.0000000000000005E-6,
            "DATARATE_RX" : 6.000000000000001E-6
          }
        },
        "(nodeI_c07, clientPoolI, nodeI_c07)" : {
          "AppCoordinates {com.bbn, test-service1, 1}" : {
            "DATARATE_TX" : 4.0E-6,
            "DATARATE_RX" : 8.0E-6
          }
        }
      }
    },
    "containerReports" : {
      "nodeI_c04" : {
        "containerName" : {
          "name" : "nodeI_c04"
        },
        "timestamp" : 377997,
        "service" : {
          "group" : "com.bbn",
          "artifact" : "test-service1",
          "version" : "1"
        },
        "serviceStatus" : "RUNNING",
        "demandEstimationWindow" : "SHORT",
        "computeCapacity" : {
          "CPU" : 1.0,
          "TASK_CONTAINERS" : 1.0,
          "QueueLength" : 1000000.0
        },
        "computeLoad" : {
          "UNKNOWN" : {
            "QueueLength" : 3.0,
            "TASK_CONTAINERS" : 0.75
          }
        },
        "computeDemand" : {
          "UNKNOWN" : {
            "QueueLength" : 2.625,
            "TASK_CONTAINERS" : 0.65625
          }
        },
        "averageProcessingTime" : 240000.0,
        "networkCapacity" : {
          "interface-nodeI ( nodeI )" : {
            "DATARATE_TX" : 100.0,
            "DATARATE_RX" : 100.0
          }
        },
        "networkLoad" : {
          "interface-nodeI ( nodeI )" : {
            "(clientPoolI, nodeI_c04, nodeI_c04)" : {
              "AppCoordinates {com.bbn, test-service1, 1}" : {
                "DATARATE_TX" : 1.2E-5,
                "DATARATE_RX" : 6.0E-6
              }
            }
          }
        },
        "networkDemand" : {
          "interface-nodeI ( nodeI )" : {
            "(clientPoolI, nodeI_c04, nodeI_c04)" : {
              "AppCoordinates {com.bbn, test-service1, 1}" : {
                "DATARATE_TX" : 1.2000000000000002E-5,
                "DATARATE_RX" : 6.000000000000001E-6
              }
            }
          }
        }
      },
      "nodeI_c15" : {
        "containerName" : {
          "name" : "nodeI_c15"
        },
        "timestamp" : 377998,
        "service" : {
          "group" : "com.bbn",
          "artifact" : "test-service1",
          "version" : "1"
        },
        "serviceStatus" : "RUNNING",
        "demandEstimationWindow" : "SHORT",
        "computeCapacity" : {
          "CPU" : 1.0,
          "TASK_CONTAINERS" : 1.0,
          "QueueLength" : 1000000.0
        },
        "computeLoad" : {
          "UNKNOWN" : {
            "QueueLength" : 3.0,
            "TASK_CONTAINERS" : 0.75
          }
        },
        "computeDemand" : {
          "UNKNOWN" : {
            "QueueLength" : 2.625,
            "TASK_CONTAINERS" : 0.65625
          }
        },
        "averageProcessingTime" : 240000.0,
        "networkCapacity" : {
          "interface-nodeI ( nodeI )" : {
            "DATARATE_TX" : 100.0,
            "DATARATE_RX" : 100.0
          }
        },
        "networkLoad" : {
          "interface-nodeI ( nodeI )" : {
            "(clientPoolI, nodeI_c15, nodeI_c15)" : {
              "AppCoordinates {com.bbn, test-service1, 1}" : {
                "DATARATE_TX" : 1.2E-5,
                "DATARATE_RX" : 6.0E-6
              }
            }
          }
        },
        "networkDemand" : {
          "interface-nodeI ( nodeI )" : {
            "(clientPoolI, nodeI_c15, nodeI_c15)" : {
              "AppCoordinates {com.bbn, test-service1, 1}" : {
                "DATARATE_TX" : 1.2000000000000002E-5,
                "DATARATE_RX" : 6.000000000000001E-6
              }
            }
          }
        }
      },
      "nodeI_c03" : {
        "containerName" : {
          "name" : "nodeI_c03"
        },
        "timestamp" : 377999,
        "service" : {
          "group" : "com.bbn",
          "artifact" : "test-service1",
          "version" : "1"
        },
        "serviceStatus" : "RUNNING",
        "demandEstimationWindow" : "SHORT",
        "computeCapacity" : {
          "CPU" : 1.0,
          "TASK_CONTAINERS" : 1.0,
          "QueueLength" : 1000000.0
        },
        "computeLoad" : {
          "UNKNOWN" : {
            "QueueLength" : 2.0,
            "TASK_CONTAINERS" : 0.5
          }
        },
        "computeDemand" : {
          "UNKNOWN" : {
            "QueueLength" : 1.75,
            "TASK_CONTAINERS" : 0.4375
          }
        },
        "averageProcessingTime" : 240000.0,
        "networkCapacity" : {
          "interface-nodeI ( nodeI )" : {
            "DATARATE_TX" : 100.0,
            "DATARATE_RX" : 100.0
          }
        },
        "networkLoad" : {
          "interface-nodeI ( nodeI )" : {
            "(clientPoolI, nodeI_c03, nodeI_c03)" : {
              "AppCoordinates {com.bbn, test-service1, 1}" : {
                "DATARATE_TX" : 1.2E-5,
                "DATARATE_RX" : 6.0E-6
              }
            }
          }
        },
        "networkDemand" : {
          "interface-nodeI ( nodeI )" : {
            "(clientPoolI, nodeI_c03, nodeI_c03)" : {
              "AppCoordinates {com.bbn, test-service1, 1}" : {
                "DATARATE_TX" : 1.2000000000000002E-5,
                "DATARATE_RX" : 6.000000000000001E-6
              }
            }
          }
        }
      },
      "nodeI_c14" : {
        "containerName" : {
          "name" : "nodeI_c14"
        },
        "timestamp" : 378001,
        "service" : {
          "group" : "com.bbn",
          "artifact" : "test-service1",
          "version" : "1"
        },
        "serviceStatus" : "RUNNING",
        "demandEstimationWindow" : "SHORT",
        "computeCapacity" : {
          "CPU" : 1.0,
          "TASK_CONTAINERS" : 1.0,
          "QueueLength" : 1000000.0
        },
        "computeLoad" : {
          "UNKNOWN" : {
            "QueueLength" : 3.0,
            "TASK_CONTAINERS" : 0.75
          }
        },
        "computeDemand" : {
          "UNKNOWN" : {
            "QueueLength" : 2.5714285714285716,
            "TASK_CONTAINERS" : 0.6428571428571429
          }
        },
        "averageProcessingTime" : 240000.0,
        "networkCapacity" : {
          "interface-nodeI ( nodeI )" : {
            "DATARATE_TX" : 100.0,
            "DATARATE_RX" : 100.0
          }
        },
        "networkLoad" : {
          "interface-nodeI ( nodeI )" : {
            "(clientPoolI, nodeI_c14, nodeI_c14)" : {
              "AppCoordinates {com.bbn, test-service1, 1}" : {
                "DATARATE_TX" : 1.2E-5,
                "DATARATE_RX" : 6.0E-6
              }
            }
          }
        },
        "networkDemand" : {
          "interface-nodeI ( nodeI )" : {
            "(clientPoolI, nodeI_c14, nodeI_c14)" : {
              "AppCoordinates {com.bbn, test-service1, 1}" : {
                "DATARATE_TX" : 1.2E-5,
                "DATARATE_RX" : 6.0E-6
              }
            }
          }
        }
      },
      "nodeI_c02" : {
        "containerName" : {
          "name" : "nodeI_c02"
        },
        "timestamp" : 378002,
        "service" : {
          "group" : "com.bbn",
          "artifact" : "test-service1",
          "version" : "1"
        },
        "serviceStatus" : "RUNNING",
        "demandEstimationWindow" : "SHORT",
        "computeCapacity" : {
          "CPU" : 1.0,
          "TASK_CONTAINERS" : 1.0,
          "QueueLength" : 1000000.0
        },
        "computeLoad" : {
          "UNKNOWN" : {
            "QueueLength" : 2.0,
            "TASK_CONTAINERS" : 0.5
          }
        },
        "computeDemand" : {
          "UNKNOWN" : {
            "QueueLength" : 1.7142857142857142,
            "TASK_CONTAINERS" : 0.42857142857142855
          }
        },
        "averageProcessingTime" : 240000.0,
        "networkCapacity" : {
          "interface-nodeI ( nodeI )" : {
            "DATARATE_TX" : 100.0,
            "DATARATE_RX" : 100.0
          }
        },
        "networkLoad" : {
          "interface-nodeI ( nodeI )" : {
            "(clientPoolI, nodeI_c02, nodeI_c02)" : {
              "AppCoordinates {com.bbn, test-service1, 1}" : {
                "DATARATE_TX" : 1.2E-5,
                "DATARATE_RX" : 6.0E-6
              }
            }
          }
        },
        "networkDemand" : {
          "interface-nodeI ( nodeI )" : {
            "(clientPoolI, nodeI_c02, nodeI_c02)" : {
              "AppCoordinates {com.bbn, test-service1, 1}" : {
                "DATARATE_TX" : 1.2E-5,
                "DATARATE_RX" : 6.0E-6
              }
            }
          }
        }
      },
      "nodeI_c13" : {
        "containerName" : {
          "name" : "nodeI_c13"
        },
        "timestamp" : 378003,
        "service" : {
          "group" : "com.bbn",
          "artifact" : "test-service1",
          "version" : "1"
        },
        "serviceStatus" : "RUNNING",
        "demandEstimationWindow" : "SHORT",
        "computeCapacity" : {
          "CPU" : 1.0,
          "TASK_CONTAINERS" : 1.0,
          "QueueLength" : 1000000.0
        },
        "computeLoad" : {
          "UNKNOWN" : {
            "QueueLength" : 2.0,
            "TASK_CONTAINERS" : 0.5
          }
        },
        "computeDemand" : {
          "UNKNOWN" : {
            "QueueLength" : 1.7142857142857142,
            "TASK_CONTAINERS" : 0.42857142857142855
          }
        },
        "averageProcessingTime" : 240000.0,
        "networkCapacity" : {
          "interface-nodeI ( nodeI )" : {
            "DATARATE_TX" : 100.0,
            "DATARATE_RX" : 100.0
          }
        },
        "networkLoad" : {
          "interface-nodeI ( nodeI )" : {
            "(clientPoolI, nodeI_c13, nodeI_c13)" : {
              "AppCoordinates {com.bbn, test-service1, 1}" : {
                "DATARATE_TX" : 1.2E-5,
                "DATARATE_RX" : 6.0E-6
              }
            }
          }
        },
        "networkDemand" : {
          "interface-nodeI ( nodeI )" : {
            "(clientPoolI, nodeI_c13, nodeI_c13)" : {
              "AppCoordinates {com.bbn, test-service1, 1}" : {
                "DATARATE_TX" : 1.2E-5,
                "DATARATE_RX" : 6.0E-6
              }
            }
          }
        }
      },
      "nodeI_c01" : {
        "containerName" : {
          "name" : "nodeI_c01"
        },
        "timestamp" : 378004,
        "service" : {
          "group" : "com.bbn",
          "artifact" : "test-service1",
          "version" : "1"
        },
        "serviceStatus" : "RUNNING",
        "demandEstimationWindow" : "SHORT",
        "computeCapacity" : {
          "CPU" : 1.0,
          "TASK_CONTAINERS" : 1.0,
          "QueueLength" : 1000000.0
        },
        "computeLoad" : {
          "UNKNOWN" : {
            "QueueLength" : 1.0,
            "TASK_CONTAINERS" : 0.25
          }
        },
        "computeDemand" : {
          "UNKNOWN" : {
            "QueueLength" : 0.8571428571428571,
            "TASK_CONTAINERS" : 0.21428571428571427
          }
        },
        "averageProcessingTime" : 240000.0,
        "networkCapacity" : {
          "interface-nodeI ( nodeI )" : {
            "DATARATE_TX" : 100.0,
            "DATARATE_RX" : 100.0
          }
        },
        "networkLoad" : {
          "interface-nodeI ( nodeI )" : {
            "(clientPoolI, nodeI_c01, nodeI_c01)" : {
              "AppCoordinates {com.bbn, test-service1, 1}" : {
                "DATARATE_TX" : 1.2E-5,
                "DATARATE_RX" : 6.0E-6
              }
            }
          }
        },
        "networkDemand" : {
          "interface-nodeI ( nodeI )" : {
            "(clientPoolI, nodeI_c01, nodeI_c01)" : {
              "AppCoordinates {com.bbn, test-service1, 1}" : {
                "DATARATE_TX" : 1.2E-5,
                "DATARATE_RX" : 6.0E-6
              }
            }
          }
        }
      },
      "nodeI_c12" : {
        "containerName" : {
          "name" : "nodeI_c12"
        },
        "timestamp" : 378005,
        "service" : {
          "group" : "com.bbn",
          "artifact" : "test-service1",
          "version" : "1"
        },
        "serviceStatus" : "RUNNING",
        "demandEstimationWindow" : "SHORT",
        "computeCapacity" : {
          "CPU" : 1.0,
          "TASK_CONTAINERS" : 1.0,
          "QueueLength" : 1000000.0
        },
        "computeLoad" : {
          "UNKNOWN" : {
            "QueueLength" : 4.0,
            "TASK_CONTAINERS" : 1.0
          }
        },
        "computeDemand" : {
          "UNKNOWN" : {
            "QueueLength" : 3.4285714285714284,
            "TASK_CONTAINERS" : 0.8571428571428571
          }
        },
        "averageProcessingTime" : 240000.0,
        "networkCapacity" : {
          "interface-nodeI ( nodeI )" : {
            "DATARATE_TX" : 100.0,
            "DATARATE_RX" : 100.0
          }
        },
        "networkLoad" : {
          "interface-nodeI ( nodeI )" : {
            "(clientPoolI, nodeI_c12, nodeI_c12)" : {
              "AppCoordinates {com.bbn, test-service1, 1}" : {
                "DATARATE_TX" : 1.2E-5,
                "DATARATE_RX" : 6.0E-6
              }
            }
          }
        },
        "networkDemand" : {
          "interface-nodeI ( nodeI )" : {
            "(clientPoolI, nodeI_c12, nodeI_c12)" : {
              "AppCoordinates {com.bbn, test-service1, 1}" : {
                "DATARATE_TX" : 1.2E-5,
                "DATARATE_RX" : 6.0E-6
              }
            }
          }
        }
      },
      "nodeI_c00" : {
        "containerName" : {
          "name" : "nodeI_c00"
        },
        "timestamp" : 378006,
        "service" : {
          "group" : "com.bbn",
          "artifact" : "test-service1",
          "version" : "1"
        },
        "serviceStatus" : "RUNNING",
        "demandEstimationWindow" : "SHORT",
        "computeCapacity" : {
          "CPU" : 1.0,
          "TASK_CONTAINERS" : 1.0,
          "QueueLength" : 1000000.0
        },
        "computeLoad" : {
          "UNKNOWN" : {
            "QueueLength" : 4.0,
            "TASK_CONTAINERS" : 1.0
          }
        },
        "computeDemand" : {
          "UNKNOWN" : {
            "QueueLength" : 3.4285714285714284,
            "TASK_CONTAINERS" : 0.8571428571428571
          }
        },
        "averageProcessingTime" : 240000.0,
        "networkCapacity" : {
          "interface-nodeI ( nodeI )" : {
            "DATARATE_TX" : 100.0,
            "DATARATE_RX" : 100.0
          }
        },
        "networkLoad" : {
          "interface-nodeI ( nodeI )" : {
            "(clientPoolI, nodeI_c00, nodeI_c00)" : {
              "AppCoordinates {com.bbn, test-service1, 1}" : {
                "DATARATE_TX" : 1.2E-5,
                "DATARATE_RX" : 6.0E-6
              }
            }
          }
        },
        "networkDemand" : {
          "interface-nodeI ( nodeI )" : {
            "(clientPoolI, nodeI_c00, nodeI_c00)" : {
              "AppCoordinates {com.bbn, test-service1, 1}" : {
                "DATARATE_TX" : 1.2E-5,
                "DATARATE_RX" : 6.0E-6
              }
            }
          }
        }
      },
      "nodeI_c11" : {
        "containerName" : {
          "name" : "nodeI_c11"
        },
        "timestamp" : 378007,
        "service" : {
          "group" : "com.bbn",
          "artifact" : "test-service1",
          "version" : "1"
        },
        "serviceStatus" : "RUNNING",
        "demandEstimationWindow" : "SHORT",
        "computeCapacity" : {
          "CPU" : 1.0,
          "TASK_CONTAINERS" : 1.0,
          "QueueLength" : 1000000.0
        },
        "computeLoad" : {
          "UNKNOWN" : {
            "QueueLength" : 2.0,
            "TASK_CONTAINERS" : 0.5
          }
        },
        "computeDemand" : {
          "UNKNOWN" : {
            "QueueLength" : 1.7142857142857142,
            "TASK_CONTAINERS" : 0.42857142857142855
          }
        },
        "averageProcessingTime" : 240000.0,
        "networkCapacity" : {
          "interface-nodeI ( nodeI )" : {
            "DATARATE_TX" : 100.0,
            "DATARATE_RX" : 100.0
          }
        },
        "networkLoad" : {
          "interface-nodeI ( nodeI )" : {
            "(clientPoolI, nodeI_c11, nodeI_c11)" : {
              "AppCoordinates {com.bbn, test-service1, 1}" : {
                "DATARATE_TX" : 1.2E-5,
                "DATARATE_RX" : 6.0E-6
              }
            }
          }
        },
        "networkDemand" : {
          "interface-nodeI ( nodeI )" : {
            "(clientPoolI, nodeI_c11, nodeI_c11)" : {
              "AppCoordinates {com.bbn, test-service1, 1}" : {
                "DATARATE_TX" : 1.2E-5,
                "DATARATE_RX" : 6.0E-6
              }
            }
          }
        }
      },
      "nodeI_c10" : {
        "containerName" : {
          "name" : "nodeI_c10"
        },
        "timestamp" : 378008,
        "service" : {
          "group" : "com.bbn",
          "artifact" : "test-service1",
          "version" : "1"
        },
        "serviceStatus" : "RUNNING",
        "demandEstimationWindow" : "SHORT",
        "computeCapacity" : {
          "CPU" : 1.0,
          "TASK_CONTAINERS" : 1.0,
          "QueueLength" : 1000000.0
        },
        "computeLoad" : {
          "UNKNOWN" : {
            "QueueLength" : 4.0,
            "TASK_CONTAINERS" : 1.0
          }
        },
        "computeDemand" : {
          "UNKNOWN" : {
            "QueueLength" : 3.4285714285714284,
            "TASK_CONTAINERS" : 0.8571428571428571
          }
        },
        "averageProcessingTime" : 240000.0,
        "networkCapacity" : {
          "interface-nodeI ( nodeI )" : {
            "DATARATE_TX" : 100.0,
            "DATARATE_RX" : 100.0
          }
        },
        "networkLoad" : {
          "interface-nodeI ( nodeI )" : {
            "(clientPoolI, nodeI_c10, nodeI_c10)" : {
              "AppCoordinates {com.bbn, test-service1, 1}" : {
                "DATARATE_TX" : 1.2E-5,
                "DATARATE_RX" : 6.0E-6
              }
            }
          }
        },
        "networkDemand" : {
          "interface-nodeI ( nodeI )" : {
            "(clientPoolI, nodeI_c10, nodeI_c10)" : {
              "AppCoordinates {com.bbn, test-service1, 1}" : {
                "DATARATE_TX" : 1.2E-5,
                "DATARATE_RX" : 6.0E-6
              }
            }
          }
        }
      },
      "nodeI_c09" : {
        "containerName" : {
          "name" : "nodeI_c09"
        },
        "timestamp" : 378009,
        "service" : {
          "group" : "com.bbn",
          "artifact" : "test-service1",
          "version" : "1"
        },
        "serviceStatus" : "RUNNING",
        "demandEstimationWindow" : "SHORT",
        "computeCapacity" : {
          "CPU" : 1.0,
          "TASK_CONTAINERS" : 1.0,
          "QueueLength" : 1000000.0
        },
        "computeLoad" : {
          "UNKNOWN" : {
            "QueueLength" : 3.0,
            "TASK_CONTAINERS" : 0.75
          }
        },
        "computeDemand" : {
          "UNKNOWN" : {
            "QueueLength" : 2.5714285714285716,
            "TASK_CONTAINERS" : 0.6428571428571429
          }
        },
        "averageProcessingTime" : 240000.0,
        "networkCapacity" : {
          "interface-nodeI ( nodeI )" : {
            "DATARATE_TX" : 100.0,
            "DATARATE_RX" : 100.0
          }
        },
        "networkLoad" : {
          "interface-nodeI ( nodeI )" : {
            "(clientPoolI, nodeI_c09, nodeI_c09)" : {
              "AppCoordinates {com.bbn, test-service1, 1}" : {
                "DATARATE_TX" : 1.2E-5,
                "DATARATE_RX" : 6.0E-6
              }
            }
          }
        },
        "networkDemand" : {
          "interface-nodeI ( nodeI )" : {
            "(clientPoolI, nodeI_c09, nodeI_c09)" : {
              "AppCoordinates {com.bbn, test-service1, 1}" : {
                "DATARATE_TX" : 1.2E-5,
                "DATARATE_RX" : 6.0E-6
              }
            }
          }
        }
      },
      "nodeI_c08" : {
        "containerName" : {
          "name" : "nodeI_c08"
        },
        "timestamp" : 378010,
        "service" : {
          "group" : "com.bbn",
          "artifact" : "test-service1",
          "version" : "1"
        },
        "serviceStatus" : "RUNNING",
        "demandEstimationWindow" : "SHORT",
        "computeCapacity" : {
          "CPU" : 1.0,
          "TASK_CONTAINERS" : 1.0,
          "QueueLength" : 1000000.0
        },
        "computeLoad" : {
          "UNKNOWN" : {
            "QueueLength" : 3.0,
            "TASK_CONTAINERS" : 0.75
          }
        },
        "computeDemand" : {
          "UNKNOWN" : {
            "QueueLength" : 2.5714285714285716,
            "TASK_CONTAINERS" : 0.6428571428571429
          }
        },
        "averageProcessingTime" : 240000.0,
        "networkCapacity" : {
          "interface-nodeI ( nodeI )" : {
            "DATARATE_TX" : 100.0,
            "DATARATE_RX" : 100.0
          }
        },
        "networkLoad" : {
          "interface-nodeI ( nodeI )" : {
            "(clientPoolI, nodeI_c08, nodeI_c08)" : {
              "AppCoordinates {com.bbn, test-service1, 1}" : {
                "DATARATE_TX" : 1.2E-5,
                "DATARATE_RX" : 6.0E-6
              }
            }
          }
        },
        "networkDemand" : {
          "interface-nodeI ( nodeI )" : {
            "(clientPoolI, nodeI_c08, nodeI_c08)" : {
              "AppCoordinates {com.bbn, test-service1, 1}" : {
                "DATARATE_TX" : 1.2E-5,
                "DATARATE_RX" : 6.0E-6
              }
            }
          }
        }
      },
      "nodeI_c19" : {
        "containerName" : {
          "name" : "nodeI_c19"
        },
        "timestamp" : 378011,
        "service" : {
          "group" : "com.bbn",
          "artifact" : "test-service1",
          "version" : "1"
        },
        "serviceStatus" : "RUNNING",
        "demandEstimationWindow" : "SHORT",
        "computeCapacity" : {
          "CPU" : 1.0,
          "TASK_CONTAINERS" : 1.0,
          "QueueLength" : 1000000.0
        },
        "computeLoad" : {
          "UNKNOWN" : {
            "QueueLength" : 3.0,
            "TASK_CONTAINERS" : 0.75
          }
        },
        "computeDemand" : {
          "UNKNOWN" : {
            "QueueLength" : 2.5714285714285716,
            "TASK_CONTAINERS" : 0.6428571428571429
          }
        },
        "averageProcessingTime" : 240000.0,
        "networkCapacity" : {
          "interface-nodeI ( nodeI )" : {
            "DATARATE_TX" : 100.0,
            "DATARATE_RX" : 100.0
          }
        },
        "networkLoad" : {
          "interface-nodeI ( nodeI )" : {
            "(clientPoolI, nodeI_c19, nodeI_c19)" : {
              "AppCoordinates {com.bbn, test-service1, 1}" : {
                "DATARATE_TX" : 1.2E-5,
                "DATARATE_RX" : 6.0E-6
              }
            }
          }
        },
        "networkDemand" : {
          "interface-nodeI ( nodeI )" : {
            "(clientPoolI, nodeI_c19, nodeI_c19)" : {
              "AppCoordinates {com.bbn, test-service1, 1}" : {
                "DATARATE_TX" : 1.2E-5,
                "DATARATE_RX" : 6.0E-6
              }
            }
          }
        }
      },
      "nodeI_c07" : {
        "containerName" : {
          "name" : "nodeI_c07"
        },
        "timestamp" : 378012,
        "service" : {
          "group" : "com.bbn",
          "artifact" : "test-service1",
          "version" : "1"
        },
        "serviceStatus" : "RUNNING",
        "demandEstimationWindow" : "SHORT",
        "computeCapacity" : {
          "CPU" : 1.0,
          "TASK_CONTAINERS" : 1.0,
          "QueueLength" : 1000000.0
        },
        "computeLoad" : {
          "UNKNOWN" : {
            "QueueLength" : 4.0,
            "TASK_CONTAINERS" : 1.0
          }
        },
        "computeDemand" : {
          "UNKNOWN" : {
            "QueueLength" : 3.4285714285714284,
            "TASK_CONTAINERS" : 0.8571428571428571
          }
        },
        "averageProcessingTime" : 240000.0,
        "networkCapacity" : {
          "interface-nodeI ( nodeI )" : {
            "DATARATE_TX" : 100.0,
            "DATARATE_RX" : 100.0
          }
        },
        "networkLoad" : {
          "interface-nodeI ( nodeI )" : {
            "(clientPoolI, nodeI_c07, nodeI_c07)" : {
              "AppCoordinates {com.bbn, test-service1, 1}" : {
                "DATARATE_TX" : 1.2E-5,
                "DATARATE_RX" : 6.0E-6
              }
            }
          }
        },
        "networkDemand" : {
          "interface-nodeI ( nodeI )" : {
            "(clientPoolI, nodeI_c07, nodeI_c07)" : {
              "AppCoordinates {com.bbn, test-service1, 1}" : {
                "DATARATE_TX" : 1.2E-5,
                "DATARATE_RX" : 6.0E-6
              }
            }
          }
        }
      },
      "nodeI_c18" : {
        "containerName" : {
          "name" : "nodeI_c18"
        },
        "timestamp" : 378013,
        "service" : {
          "group" : "com.bbn",
          "artifact" : "test-service1",
          "version" : "1"
        },
        "serviceStatus" : "RUNNING",
        "demandEstimationWindow" : "SHORT",
        "computeCapacity" : {
          "CPU" : 1.0,
          "TASK_CONTAINERS" : 1.0,
          "QueueLength" : 1000000.0
        },
        "computeLoad" : {
          "UNKNOWN" : {
            "QueueLength" : 2.0,
            "TASK_CONTAINERS" : 0.5
          }
        },
        "computeDemand" : {
          "UNKNOWN" : {
            "QueueLength" : 1.7142857142857142,
            "TASK_CONTAINERS" : 0.42857142857142855
          }
        },
        "averageProcessingTime" : 240000.0,
        "networkCapacity" : {
          "interface-nodeI ( nodeI )" : {
            "DATARATE_TX" : 100.0,
            "DATARATE_RX" : 100.0
          }
        },
        "networkLoad" : {
          "interface-nodeI ( nodeI )" : {
            "(clientPoolI, nodeI_c18, nodeI_c18)" : {
              "AppCoordinates {com.bbn, test-service1, 1}" : {
                "DATARATE_TX" : 1.2E-5,
                "DATARATE_RX" : 6.0E-6
              }
            }
          }
        },
        "networkDemand" : {
          "interface-nodeI ( nodeI )" : {
            "(clientPoolI, nodeI_c18, nodeI_c18)" : {
              "AppCoordinates {com.bbn, test-service1, 1}" : {
                "DATARATE_TX" : 1.2E-5,
                "DATARATE_RX" : 6.0E-6
              }
            }
          }
        }
      },
      "nodeI_c06" : {
        "containerName" : {
          "name" : "nodeI_c06"
        },
        "timestamp" : 378014,
        "service" : {
          "group" : "com.bbn",
          "artifact" : "test-service1",
          "version" : "1"
        },
        "serviceStatus" : "RUNNING",
        "demandEstimationWindow" : "SHORT",
        "computeCapacity" : {
          "CPU" : 1.0,
          "TASK_CONTAINERS" : 1.0,
          "QueueLength" : 1000000.0
        },
        "computeLoad" : {
          "UNKNOWN" : {
            "QueueLength" : 3.0,
            "TASK_CONTAINERS" : 0.75
          }
        },
        "computeDemand" : {
          "UNKNOWN" : {
            "QueueLength" : 2.5714285714285716,
            "TASK_CONTAINERS" : 0.6428571428571429
          }
        },
        "averageProcessingTime" : 240000.0,
        "networkCapacity" : {
          "interface-nodeI ( nodeI )" : {
            "DATARATE_TX" : 100.0,
            "DATARATE_RX" : 100.0
          }
        },
        "networkLoad" : {
          "interface-nodeI ( nodeI )" : {
            "(clientPoolI, nodeI_c06, nodeI_c06)" : {
              "AppCoordinates {com.bbn, test-service1, 1}" : {
                "DATARATE_TX" : 1.2E-5,
                "DATARATE_RX" : 6.0E-6
              }
            }
          }
        },
        "networkDemand" : {
          "interface-nodeI ( nodeI )" : {
            "(clientPoolI, nodeI_c06, nodeI_c06)" : {
              "AppCoordinates {com.bbn, test-service1, 1}" : {
                "DATARATE_TX" : 1.2E-5,
                "DATARATE_RX" : 6.0E-6
              }
            }
          }
        }
      },
      "nodeI_c17" : {
        "containerName" : {
          "name" : "nodeI_c17"
        },
        "timestamp" : 378015,
        "service" : {
          "group" : "com.bbn",
          "artifact" : "test-service1",
          "version" : "1"
        },
        "serviceStatus" : "RUNNING",
        "demandEstimationWindow" : "SHORT",
        "computeCapacity" : {
          "CPU" : 1.0,
          "TASK_CONTAINERS" : 1.0,
          "QueueLength" : 1000000.0
        },
        "computeLoad" : {
          "UNKNOWN" : {
            "QueueLength" : 2.0,
            "TASK_CONTAINERS" : 0.5
          }
        },
        "computeDemand" : {
          "UNKNOWN" : {
            "QueueLength" : 1.7142857142857142,
            "TASK_CONTAINERS" : 0.42857142857142855
          }
        },
        "averageProcessingTime" : 240000.0,
        "networkCapacity" : {
          "interface-nodeI ( nodeI )" : {
            "DATARATE_TX" : 100.0,
            "DATARATE_RX" : 100.0
          }
        },
        "networkLoad" : {
          "interface-nodeI ( nodeI )" : {
            "(clientPoolI, nodeI_c17, nodeI_c17)" : {
              "AppCoordinates {com.bbn, test-service1, 1}" : {
                "DATARATE_TX" : 1.2E-5,
                "DATARATE_RX" : 6.0E-6
              }
            }
          }
        },
        "networkDemand" : {
          "interface-nodeI ( nodeI )" : {
            "(clientPoolI, nodeI_c17, nodeI_c17)" : {
              "AppCoordinates {com.bbn, test-service1, 1}" : {
                "DATARATE_TX" : 1.2E-5,
                "DATARATE_RX" : 6.0E-6
              }
            }
          }
        }
      },
      "nodeI_c05" : {
        "containerName" : {
          "name" : "nodeI_c05"
        },
        "timestamp" : 378015,
        "service" : {
          "group" : "com.bbn",
          "artifact" : "test-service1",
          "version" : "1"
        },
        "serviceStatus" : "RUNNING",
        "demandEstimationWindow" : "SHORT",
        "computeCapacity" : {
          "CPU" : 1.0,
          "TASK_CONTAINERS" : 1.0,
          "QueueLength" : 1000000.0
        },
        "computeLoad" : {
          "UNKNOWN" : {
            "QueueLength" : 2.0,
            "TASK_CONTAINERS" : 0.5
          }
        },
        "computeDemand" : {
          "UNKNOWN" : {
            "QueueLength" : 1.7142857142857142,
            "TASK_CONTAINERS" : 0.42857142857142855
          }
        },
        "averageProcessingTime" : 240000.0,
        "networkCapacity" : {
          "interface-nodeI ( nodeI )" : {
            "DATARATE_TX" : 100.0,
            "DATARATE_RX" : 100.0
          }
        },
        "networkLoad" : {
          "interface-nodeI ( nodeI )" : {
            "(clientPoolI, nodeI_c05, nodeI_c05)" : {
              "AppCoordinates {com.bbn, test-service1, 1}" : {
                "DATARATE_TX" : 1.2E-5,
                "DATARATE_RX" : 6.0E-6
              }
            }
          }
        },
        "networkDemand" : {
          "interface-nodeI ( nodeI )" : {
            "(clientPoolI, nodeI_c05, nodeI_c05)" : {
              "AppCoordinates {com.bbn, test-service1, 1}" : {
                "DATARATE_TX" : 1.2E-5,
                "DATARATE_RX" : 6.0E-6
              }
            }
          }
        }
      },
      "nodeI_c16" : {
        "containerName" : {
          "name" : "nodeI_c16"
        },
        "timestamp" : 378016,
        "service" : {
          "group" : "com.bbn",
          "artifact" : "test-service1",
          "version" : "1"
        },
        "serviceStatus" : "RUNNING",
        "demandEstimationWindow" : "SHORT",
        "computeCapacity" : {
          "CPU" : 1.0,
          "TASK_CONTAINERS" : 1.0,
          "QueueLength" : 1000000.0
        },
        "computeLoad" : {
          "UNKNOWN" : {
            "QueueLength" : 3.0,
            "TASK_CONTAINERS" : 0.75
          }
        },
        "computeDemand" : {
          "UNKNOWN" : {
            "QueueLength" : 2.5714285714285716,
            "TASK_CONTAINERS" : 0.6428571428571429
          }
        },
        "averageProcessingTime" : 240000.0,
        "networkCapacity" : {
          "interface-nodeI ( nodeI )" : {
            "DATARATE_TX" : 100.0,
            "DATARATE_RX" : 100.0
          }
        },
        "networkLoad" : {
          "interface-nodeI ( nodeI )" : {
            "(clientPoolI, nodeI_c16, nodeI_c16)" : {
              "AppCoordinates {com.bbn, test-service1, 1}" : {
                "DATARATE_TX" : 1.2E-5,
                "DATARATE_RX" : 6.0E-6
              }
            }
          }
        },
        "networkDemand" : {
          "interface-nodeI ( nodeI )" : {
            "(clientPoolI, nodeI_c16, nodeI_c16)" : {
              "AppCoordinates {com.bbn, test-service1, 1}" : {
                "DATARATE_TX" : 1.2E-5,
                "DATARATE_RX" : 6.0E-6
              }
            }
          }
        }
      }
    },
    "maximumServiceContainers" : 20,
    "allocatedServiceContainers" : 20,
    "computeDemand" : {
      "AppCoordinates {com.bbn, test-service1, 1}" : {
        "UNKNOWN" : {
          "QueueLength" : 47.285714285714285,
          "TASK_CONTAINERS" : 11.821428571428571
        }
      }
    },
    "containerNetworkLoad" : {
      "interface-nodeI ( nodeI )" : {
        "(clientPoolI, nodeI_c09, nodeI_c09)" : {
          "AppCoordinates {com.bbn, test-service1, 1}" : {
            "DATARATE_TX" : 1.2E-5,
            "DATARATE_RX" : 6.0E-6
          }
        },
        "(clientPoolI, nodeI_c19, nodeI_c19)" : {
          "AppCoordinates {com.bbn, test-service1, 1}" : {
            "DATARATE_TX" : 1.2E-5,
            "DATARATE_RX" : 6.0E-6
          }
        },
        "(clientPoolI, nodeI_c08, nodeI_c08)" : {
          "AppCoordinates {com.bbn, test-service1, 1}" : {
            "DATARATE_TX" : 1.2E-5,
            "DATARATE_RX" : 6.0E-6
          }
        },
        "(clientPoolI, nodeI_c18, nodeI_c18)" : {
          "AppCoordinates {com.bbn, test-service1, 1}" : {
            "DATARATE_TX" : 1.2E-5,
            "DATARATE_RX" : 6.0E-6
          }
        },
        "(clientPoolI, nodeI_c07, nodeI_c07)" : {
          "AppCoordinates {com.bbn, test-service1, 1}" : {
            "DATARATE_TX" : 1.2E-5,
            "DATARATE_RX" : 6.0E-6
          }
        },
        "(clientPoolI, nodeI_c17, nodeI_c17)" : {
          "AppCoordinates {com.bbn, test-service1, 1}" : {
            "DATARATE_TX" : 1.2E-5,
            "DATARATE_RX" : 6.0E-6
          }
        },
        "(clientPoolI, nodeI_c06, nodeI_c06)" : {
          "AppCoordinates {com.bbn, test-service1, 1}" : {
            "DATARATE_TX" : 1.2E-5,
            "DATARATE_RX" : 6.0E-6
          }
        },
        "(clientPoolI, nodeI_c16, nodeI_c16)" : {
          "AppCoordinates {com.bbn, test-service1, 1}" : {
            "DATARATE_TX" : 1.2E-5,
            "DATARATE_RX" : 6.0E-6
          }
        },
        "(clientPoolI, nodeI_c05, nodeI_c05)" : {
          "AppCoordinates {com.bbn, test-service1, 1}" : {
            "DATARATE_TX" : 1.2E-5,
            "DATARATE_RX" : 6.0E-6
          }
        },
        "(clientPoolI, nodeI_c15, nodeI_c15)" : {
          "AppCoordinates {com.bbn, test-service1, 1}" : {
            "DATARATE_TX" : 1.2E-5,
            "DATARATE_RX" : 6.0E-6
          }
        },
        "(clientPoolI, nodeI_c04, nodeI_c04)" : {
          "AppCoordinates {com.bbn, test-service1, 1}" : {
            "DATARATE_TX" : 1.2E-5,
            "DATARATE_RX" : 6.0E-6
          }
        },
        "(clientPoolI, nodeI_c14, nodeI_c14)" : {
          "AppCoordinates {com.bbn, test-service1, 1}" : {
            "DATARATE_TX" : 1.2E-5,
            "DATARATE_RX" : 6.0E-6
          }
        },
        "(clientPoolI, nodeI_c03, nodeI_c03)" : {
          "AppCoordinates {com.bbn, test-service1, 1}" : {
            "DATARATE_TX" : 1.2E-5,
            "DATARATE_RX" : 6.0E-6
          }
        },
        "(clientPoolI, nodeI_c13, nodeI_c13)" : {
          "AppCoordinates {com.bbn, test-service1, 1}" : {
            "DATARATE_TX" : 1.2E-5,
            "DATARATE_RX" : 6.0E-6
          }
        },
        "(clientPoolI, nodeI_c02, nodeI_c02)" : {
          "AppCoordinates {com.bbn, test-service1, 1}" : {
            "DATARATE_TX" : 1.2E-5,
            "DATARATE_RX" : 6.0E-6
          }
        },
        "(clientPoolI, nodeI_c12, nodeI_c12)" : {
          "AppCoordinates {com.bbn, test-service1, 1}" : {
            "DATARATE_TX" : 1.2E-5,
            "DATARATE_RX" : 6.0E-6
          }
        },
        "(clientPoolI, nodeI_c01, nodeI_c01)" : {
          "AppCoordinates {com.bbn, test-service1, 1}" : {
            "DATARATE_TX" : 1.2E-5,
            "DATARATE_RX" : 6.0E-6
          }
        },
        "(clientPoolI, nodeI_c11, nodeI_c11)" : {
          "AppCoordinates {com.bbn, test-service1, 1}" : {
            "DATARATE_TX" : 1.2E-5,
            "DATARATE_RX" : 6.0E-6
          }
        },
        "(clientPoolI, nodeI_c00, nodeI_c00)" : {
          "AppCoordinates {com.bbn, test-service1, 1}" : {
            "DATARATE_TX" : 1.2E-5,
            "DATARATE_RX" : 6.0E-6
          }
        },
        "(clientPoolI, nodeI_c10, nodeI_c10)" : {
          "AppCoordinates {com.bbn, test-service1, 1}" : {
            "DATARATE_TX" : 1.2E-5,
            "DATARATE_RX" : 6.0E-6
          }
        }
      }
    },
    "containerNetworkDemand" : {
      "interface-nodeI ( nodeI )" : {
        "(clientPoolI, nodeI_c09, nodeI_c09)" : {
          "AppCoordinates {com.bbn, test-service1, 1}" : {
            "DATARATE_TX" : 1.2E-5,
            "DATARATE_RX" : 6.0E-6
          }
        },
        "(clientPoolI, nodeI_c19, nodeI_c19)" : {
          "AppCoordinates {com.bbn, test-service1, 1}" : {
            "DATARATE_TX" : 1.2E-5,
            "DATARATE_RX" : 6.0E-6
          }
        },
        "(clientPoolI, nodeI_c08, nodeI_c08)" : {
          "AppCoordinates {com.bbn, test-service1, 1}" : {
            "DATARATE_TX" : 1.2E-5,
            "DATARATE_RX" : 6.0E-6
          }
        },
        "(clientPoolI, nodeI_c18, nodeI_c18)" : {
          "AppCoordinates {com.bbn, test-service1, 1}" : {
            "DATARATE_TX" : 1.2E-5,
            "DATARATE_RX" : 6.0E-6
          }
        },
        "(clientPoolI, nodeI_c07, nodeI_c07)" : {
          "AppCoordinates {com.bbn, test-service1, 1}" : {
            "DATARATE_TX" : 1.2E-5,
            "DATARATE_RX" : 6.0E-6
          }
        },
        "(clientPoolI, nodeI_c17, nodeI_c17)" : {
          "AppCoordinates {com.bbn, test-service1, 1}" : {
            "DATARATE_TX" : 1.2E-5,
            "DATARATE_RX" : 6.0E-6
          }
        },
        "(clientPoolI, nodeI_c06, nodeI_c06)" : {
          "AppCoordinates {com.bbn, test-service1, 1}" : {
            "DATARATE_TX" : 1.2E-5,
            "DATARATE_RX" : 6.0E-6
          }
        },
        "(clientPoolI, nodeI_c16, nodeI_c16)" : {
          "AppCoordinates {com.bbn, test-service1, 1}" : {
            "DATARATE_TX" : 1.2E-5,
            "DATARATE_RX" : 6.0E-6
          }
        },
        "(clientPoolI, nodeI_c05, nodeI_c05)" : {
          "AppCoordinates {com.bbn, test-service1, 1}" : {
            "DATARATE_TX" : 1.2E-5,
            "DATARATE_RX" : 6.0E-6
          }
        },
        "(clientPoolI, nodeI_c15, nodeI_c15)" : {
          "AppCoordinates {com.bbn, test-service1, 1}" : {
            "DATARATE_TX" : 1.2000000000000002E-5,
            "DATARATE_RX" : 6.000000000000001E-6
          }
        },
        "(clientPoolI, nodeI_c04, nodeI_c04)" : {
          "AppCoordinates {com.bbn, test-service1, 1}" : {
            "DATARATE_TX" : 1.2000000000000002E-5,
            "DATARATE_RX" : 6.000000000000001E-6
          }
        },
        "(clientPoolI, nodeI_c14, nodeI_c14)" : {
          "AppCoordinates {com.bbn, test-service1, 1}" : {
            "DATARATE_TX" : 1.2E-5,
            "DATARATE_RX" : 6.0E-6
          }
        },
        "(clientPoolI, nodeI_c03, nodeI_c03)" : {
          "AppCoordinates {com.bbn, test-service1, 1}" : {
            "DATARATE_TX" : 1.2000000000000002E-5,
            "DATARATE_RX" : 6.000000000000001E-6
          }
        },
        "(clientPoolI, nodeI_c13, nodeI_c13)" : {
          "AppCoordinates {com.bbn, test-service1, 1}" : {
            "DATARATE_TX" : 1.2E-5,
            "DATARATE_RX" : 6.0E-6
          }
        },
        "(clientPoolI, nodeI_c02, nodeI_c02)" : {
          "AppCoordinates {com.bbn, test-service1, 1}" : {
            "DATARATE_TX" : 1.2E-5,
            "DATARATE_RX" : 6.0E-6
          }
        },
        "(clientPoolI, nodeI_c12, nodeI_c12)" : {
          "AppCoordinates {com.bbn, test-service1, 1}" : {
            "DATARATE_TX" : 1.2E-5,
            "DATARATE_RX" : 6.0E-6
          }
        },
        "(clientPoolI, nodeI_c01, nodeI_c01)" : {
          "AppCoordinates {com.bbn, test-service1, 1}" : {
            "DATARATE_TX" : 1.2E-5,
            "DATARATE_RX" : 6.0E-6
          }
        },
        "(clientPoolI, nodeI_c11, nodeI_c11)" : {
          "AppCoordinates {com.bbn, test-service1, 1}" : {
            "DATARATE_TX" : 1.2E-5,
            "DATARATE_RX" : 6.0E-6
          }
        },
        "(clientPoolI, nodeI_c00, nodeI_c00)" : {
          "AppCoordinates {com.bbn, test-service1, 1}" : {
            "DATARATE_TX" : 1.2E-5,
            "DATARATE_RX" : 6.0E-6
          }
        },
        "(clientPoolI, nodeI_c10, nodeI_c10)" : {
          "AppCoordinates {com.bbn, test-service1, 1}" : {
            "DATARATE_TX" : 1.2E-5,
            "DATARATE_RX" : 6.0E-6
          }
        }
      }
    },
    "computeLoad" : {
      "AppCoordinates {com.bbn, test-service1, 1}" : {
        "UNKNOWN" : {
          "QueueLength" : 55.0,
          "TASK_CONTAINERS" : 13.75
        }
      }
    },
    "availableServiceContainers" : 0,
    "averageProcessingTime" : {
      "AppCoordinates {com.bbn, test-service1, 1}" : 240000.0
    },
    "allocatedComputeCapacity" : {
      "CPU" : 20.0,
      "QueueLength" : 2.0E7,
      "TASK_CONTAINERS" : 20.0
    }
  } ]
}