{
  "clientName" : "clientPoolE",
  "clientRegion" : {
    "name" : "E"
  },
  "numRequestsAttempted" : 5200,
  "numRequestsSucceeded" : 2919,
  "numRequestsFailedForServerLoad" : 2281,
  "numRequestsFailedForNetworkLoad" : 0,
  "numRequestsSlowForServerLoad" : 1316,
  "numRequestsSlowForNetworkLoad" : 0,
  "numRequestsSlowForNetworkAndServerLoad" : 0,
  "numRequestsServicedByRegion" : {
    "B" : 71,
    "C" : 716,
    "D" : 794,
    "E" : 1321,
    "I" : 17
  },
  "numRequestsFailedForDownNode" : 0
}