{
  "region" : {
    "name" : "B"
  },
  "timestamp" : 150800,
  "servicePlan" : {
    "nodeB" : [ {
      "id" : {
        "name" : "nodeB_c00"
      },
      "service" : {
        "group" : "com.bbn",
        "artifact" : "test-service3",
        "version" : "1"
      },
      "weight" : 1.0,
      "stopTrafficTo" : false,
      "stop" : false
    }, {
      "id" : {
        "name" : "nodeB_c01"
      },
      "service" : {
        "group" : "com.bbn",
        "artifact" : "test-service2",
        "version" : "1"
      },
      "weight" : 1.0,
      "stopTrafficTo" : false,
      "stop" : false
    } ]
  },
  "overflowPlan" : {
    "AppCoordinates {com.bbn, test-service3, 1}" : {
      "C" : 0.0,
      "E" : 0.0,
      "I" : 0.0,
      "B" : 1.0
    },
    "AppCoordinates {com.bbn, test-service2, 1}" : {
      "C" : 0.6549433306911616,
      "E" : 0.0,
      "I" : 0.1763377607195891,
      "B" : 0.16871890858924932
    },
    "AppCoordinates {com.bbn, test-service1, 1}" : {
      "C" : 1.0,
      "E" : 0.0,
      "I" : 0.0,
      "B" : 0.0
    }
  }
}