321,1,DNS_UPDATE_SUCCEEDED
41748,83,DCOP_PLAN_PLUBLIED
41748,83,RLG_PLAN_PUBLISHED
42250,84,DNS_UPDATE_SUCCEEDED
222094,440,DCOP_PLAN_PLUBLIED
225013,446,RLG_PLAN_PUBLISHED
341874,677,DCOP_PLAN_PLUBLIED
342195,678,RLG_PLAN_PUBLISHED
342439,679,DNS_UPDATE_SUCCEEDED
461844,915,DCOP_PLAN_PLUBLIED
462379,916,RLG_PLAN_PUBLISHED
462513,917,DNS_UPDATE_SUCCEEDED
581857,1153,DCOP_PLAN_PLUBLIED
582558,1155,RLG_PLAN_PUBLISHED
582943,1156,DNS_UPDATE_SUCCEEDED
701868,1391,DCOP_PLAN_PLUBLIED
702726,1393,RLG_PLAN_PUBLISHED
702933,1394,DNS_UPDATE_SUCCEEDED
821907,1629,DCOP_PLAN_PLUBLIED
822908,1631,RLG_PLAN_PUBLISHED
823059,1632,DNS_UPDATE_SUCCEEDED
941947,1867,DCOP_PLAN_PLUBLIED
943103,1869,RLG_PLAN_PUBLISHED
943167,1870,DNS_UPDATE_SUCCEEDED
1061875,2105,DCOP_PLAN_PLUBLIED
1063290,2107,RLG_PLAN_PUBLISHED
1063298,2108,DNS_UPDATE_SUCCEEDED
1181909,2343,DCOP_PLAN_PLUBLIED
1183457,2346,RLG_PLAN_PUBLISHED
1183846,2347,DNS_UPDATE_SUCCEEDED
1301915,2581,DCOP_PLAN_PLUBLIED
1303624,2584,RLG_PLAN_PUBLISHED
1303902,2585,DNS_UPDATE_SUCCEEDED
1421879,2818,DCOP_PLAN_PLUBLIED
1423778,2822,RLG_PLAN_PUBLISHED
1423905,2823,DNS_UPDATE_SUCCEEDED
1541872,3057,DCOP_PLAN_PLUBLIED
1543944,3061,RLG_PLAN_PUBLISHED
1544368,3062,DNS_UPDATE_SUCCEEDED
1661931,3295,DCOP_PLAN_PLUBLIED
1664125,3299,RLG_PLAN_PUBLISHED
1664438,3300,DNS_UPDATE_SUCCEEDED
1781934,3532,DCOP_PLAN_PLUBLIED
1784287,3537,RLG_PLAN_PUBLISHED
1784479,3538,DNS_UPDATE_SUCCEEDED
