{
  "nodeName" : {
    "name" : "nodeF"
  },
  "timestamp" : 133484,
  "demandEstimationWindow" : "LONG",
  "nodeComputeCapacity" : {
    "CPU" : 4.0,
    "MEMORY" : 8.0E9,
    "DISK" : 10.0,
    "TASK_CONTAINERS" : 20.0
  },
  "networkCapacity" : {
    "interface-nodeD ( nodeD )" : {
      "DATARATE_RX" : 100.0,
      "DATARATE_TX" : 100.0
    },
    "interface-nodeB ( nodeB )" : {
      "DATARATE_RX" : 100.0,
      "DATARATE_TX" : 100.0
    },
    "interface-nodeC ( nodeC )" : {
      "DATARATE_RX" : 100.0,
      "DATARATE_TX" : 100.0
    },
    "interface-nodeL ( nodeL )" : {
      "DATARATE_RX" : 100.0,
      "DATARATE_TX" : 100.0
    },
    "interface-nodeK ( nodeK )" : {
      "DATARATE_RX" : 100.0,
      "DATARATE_TX" : 100.0
    },
    "interface-nodeA ( nodeA )" : {
      "DATARATE_RX" : 100.0,
      "DATARATE_TX" : 100.0
    },
    "interface-nodeO ( nodeO )" : {
      "DATARATE_RX" : 100.0,
      "DATARATE_TX" : 100.0
    }
  },
  "networkLoad" : {
    "interface-nodeD ( nodeD )" : { },
    "interface-nodeB ( nodeB )" : { },
    "interface-nodeC ( nodeC )" : {
      "(clientPoolF, nodeC_c00, nodeC_c00)" : {
        "AppCoordinates {com.bbn, test-service3, 1}" : {
          "DATARATE_TX" : 1.8799999999999966E-4,
          "DATARATE_RX" : 9.399999999999983E-5
        }
      }
    },
    "interface-nodeL ( nodeL )" : { },
    "interface-nodeK ( nodeK )" : { },
    "interface-nodeA ( nodeA )" : {
      "(clientPoolF, nodeE_c06, nodeE_c06)" : {
        "AppCoordinates {com.bbn, test-service2, 1}" : {
          "DATARATE_TX" : 1.5199999999999976E-4,
          "DATARATE_RX" : 7.599999999999988E-5
        }
      },
      "(clientPoolF, nodeE_c05, nodeE_c05)" : {
        "AppCoordinates {com.bbn, test-service3, 1}" : {
          "DATARATE_TX" : 2.7999999999999996E-5,
          "DATARATE_RX" : 1.3999999999999998E-5
        }
      },
      "(clientPoolF, nodeE_c04, nodeE_c04)" : {
        "AppCoordinates {com.bbn, test-service3, 1}" : {
          "DATARATE_TX" : 8.399999999999995E-5,
          "DATARATE_RX" : 4.199999999999998E-5
        },
        "AppCoordinates {com.bbn, test-service1, 1}" : {
          "DATARATE_TX" : -7.623296525288703E-21,
          "DATARATE_RX" : -3.8116482626443515E-21
        }
      },
      "(clientPoolF, nodeE_c03, nodeE_c03)" : {
        "AppCoordinates {com.bbn, test-service1, 1}" : {
          "DATARATE_TX" : 1.3399999999999981E-4,
          "DATARATE_RX" : 6.699999999999991E-5
        }
      },
      "(clientPoolF, nodeE_c02, nodeE_c02)" : {
        "AppCoordinates {com.bbn, test-service3, 1}" : {
          "DATARATE_TX" : 5.600000000000001E-5,
          "DATARATE_RX" : 2.8000000000000006E-5
        }
      },
      "(clientPoolF, nodeE_c01, nodeE_c01)" : {
        "AppCoordinates {com.bbn, test-service2, 1}" : {
          "DATARATE_TX" : 1.2199999999999985E-4,
          "DATARATE_RX" : 6.0999999999999924E-5
        }
      },
      "(clientPoolF, nodeE_c00, nodeE_c00)" : {
        "AppCoordinates {com.bbn, test-service1, 1}" : {
          "DATARATE_TX" : 1.2399999999999984E-4,
          "DATARATE_RX" : 6.199999999999992E-5
        }
      },
      "(clientPoolF, nodeE_c07, nodeE_c07)" : {
        "AppCoordinates {com.bbn, test-service2, 1}" : {
          "DATARATE_TX" : 5.8000000000000014E-5,
          "DATARATE_RX" : 2.9000000000000007E-5
        }
      }
    },
    "interface-nodeO ( nodeO )" : { }
  },
  "networkDemand" : {
    "interface-nodeD ( nodeD )" : { },
    "interface-nodeC ( nodeC )" : {
      "(clientPoolF, nodeC_c00, nodeC_c00)" : {
        "AppCoordinates {com.bbn, test-service3, 1}" : {
          "DATARATE_TX" : 1.5293617021276578E-4,
          "DATARATE_RX" : 7.646808510638289E-5
        }
      }
    },
    "interface-nodeB ( nodeB )" : { },
    "interface-nodeA ( nodeA )" : {
      "(clientPoolF, nodeE_c06, nodeE_c06)" : {
        "AppCoordinates {com.bbn, test-service2, 1}" : {
          "DATARATE_TX" : 1.407941176470584E-4,
          "DATARATE_RX" : 7.03970588235292E-5
        }
      },
      "(clientPoolF, nodeE_c05, nodeE_c05)" : {
        "AppCoordinates {com.bbn, test-service3, 1}" : {
          "DATARATE_TX" : 7.328859060402687E-5,
          "DATARATE_RX" : 3.6644295302013437E-5
        }
      },
      "(clientPoolF, nodeE_c04, nodeE_c04)" : {
        "AppCoordinates {com.bbn, test-service3, 1}" : {
          "DATARATE_TX" : 7.032653061224482E-5,
          "DATARATE_RX" : 3.516326530612241E-5
        },
        "AppCoordinates {com.bbn, test-service1, 1}" : {
          "DATARATE_TX" : 8.166492146596852E-5,
          "DATARATE_RX" : 4.083246073298426E-5
        }
      },
      "(clientPoolF, nodeE_c03, nodeE_c03)" : {
        "AppCoordinates {com.bbn, test-service1, 1}" : {
          "DATARATE_TX" : 1.3455837563451723E-4,
          "DATARATE_RX" : 6.727918781725862E-5
        }
      },
      "(clientPoolF, nodeE_c02, nodeE_c02)" : {
        "AppCoordinates {com.bbn, test-service3, 1}" : {
          "DATARATE_TX" : 1.1012048192771076E-4,
          "DATARATE_RX" : 5.506024096385538E-5
        }
      },
      "(clientPoolF, nodeE_c01, nodeE_c01)" : {
        "AppCoordinates {com.bbn, test-service2, 1}" : {
          "DATARATE_TX" : 1.2429032258064494E-4,
          "DATARATE_RX" : 6.214516129032247E-5
        }
      },
      "(clientPoolF, nodeE_c00, nodeE_c00)" : {
        "AppCoordinates {com.bbn, test-service1, 1}" : {
          "DATARATE_TX" : 1.2699516908212544E-4,
          "DATARATE_RX" : 6.349758454106272E-5
        }
      },
      "(clientPoolF, nodeE_c07, nodeE_c07)" : {
        "AppCoordinates {com.bbn, test-service2, 1}" : {
          "DATARATE_TX" : 1.1693641618497082E-4,
          "DATARATE_RX" : 5.846820809248541E-5
        }
      }
    },
    "interface-nodeO ( nodeO )" : { },
    "interface-nodeL ( nodeL )" : { },
    "interface-nodeK ( nodeK )" : { }
  },
  "containerReports" : {
    "nodeF_c00" : {
      "containerName" : {
        "name" : "nodeF_c00"
      },
      "timestamp" : 133484,
      "service" : {
        "group" : "com.bbn",
        "artifact" : "test-service3",
        "version" : "1"
      },
      "serviceStatus" : "RUNNING",
      "demandEstimationWindow" : "LONG",
      "computeCapacity" : {
        "CPU" : 1.0,
        "TASK_CONTAINERS" : 100.0,
        "QueueLength" : 1000000.0
      },
      "computeLoad" : {
        "UNKNOWN" : {
          "QueueLength" : 131.0,
          "TASK_CONTAINERS" : 65.5
        }
      },
      "computeDemand" : {
        "UNKNOWN" : {
          "QueueLength" : 105.38,
          "TASK_CONTAINERS" : 54.885416666666664
        }
      },
      "averageProcessingTime" : "NaN",
      "networkCapacity" : {
        "interface-nodeF ( nodeF )" : {
          "DATARATE_TX" : 100.0,
          "DATARATE_RX" : 100.0
        }
      },
      "networkLoad" : {
        "interface-nodeF ( nodeF )" : {
          "(clientPoolF, nodeF_c00, nodeF_c00)" : {
            "AppCoordinates {com.bbn, test-service3, 1}" : {
              "DATARATE_TX" : 2.619999999999995E-4,
              "DATARATE_RX" : 1.3099999999999974E-4
            }
          }
        }
      },
      "networkDemand" : {
        "interface-nodeF ( nodeF )" : {
          "(clientPoolF, nodeF_c00, nodeF_c00)" : {
            "AppCoordinates {com.bbn, test-service3, 1}" : {
              "DATARATE_TX" : 2.2421276595744642E-4,
              "DATARATE_RX" : 1.1210638297872321E-4
            }
          }
        }
      }
    }
  },
  "maximumServiceContainers" : 20,
  "allocatedServiceContainers" : 1,
  "computeDemand" : {
    "AppCoordinates {com.bbn, test-service3, 1}" : {
      "UNKNOWN" : {
        "QueueLength" : 105.38,
        "TASK_CONTAINERS" : 54.885416666666664
      }
    }
  },
  "containerNetworkLoad" : {
    "interface-nodeF ( nodeF )" : {
      "(clientPoolF, nodeF_c00, nodeF_c00)" : {
        "AppCoordinates {com.bbn, test-service3, 1}" : {
          "DATARATE_TX" : 2.619999999999995E-4,
          "DATARATE_RX" : 1.3099999999999974E-4
        }
      }
    }
  },
  "containerNetworkDemand" : {
    "interface-nodeF ( nodeF )" : {
      "(clientPoolF, nodeF_c00, nodeF_c00)" : {
        "AppCoordinates {com.bbn, test-service3, 1}" : {
          "DATARATE_TX" : 2.2421276595744642E-4,
          "DATARATE_RX" : 1.1210638297872321E-4
        }
      }
    }
  },
  "computeLoad" : {
    "AppCoordinates {com.bbn, test-service3, 1}" : {
      "UNKNOWN" : {
        "QueueLength" : 131.0,
        "TASK_CONTAINERS" : 65.5
      }
    }
  },
  "availableServiceContainers" : 19,
  "averageProcessingTime" : { },
  "allocatedComputeCapacity" : {
    "CPU" : 1.0,
    "QueueLength" : 1000000.0,
    "TASK_CONTAINERS" : 100.0
  }
}