649,2,DNS_UPDATE_SUCCEEDED
41836,84,DCOP_PLAN_PLUBLIED
41864,84,RLG_PLAN_PUBLISHED
42319,85,DNS_UPDATE_SUCCEEDED
221896,441,DCOP_PLAN_PLUBLIED
222096,441,RLG_PLAN_PUBLISHED
222217,442,DNS_UPDATE_SUCCEEDED
341992,679,DCOP_PLAN_PLUBLIED
342274,679,RLG_PLAN_PUBLISHED
342310,680,DNS_UPDATE_SUCCEEDED
462078,917,DCOP_PLAN_PLUBLIED
462452,918,RLG_PLAN_PUBLISHED
462897,919,DNS_UPDATE_SUCCEEDED
582176,1155,DCOP_PLAN_PLUBLIED
582637,1156,RLG_PLAN_PUBLISHED
582985,1157,DNS_UPDATE_SUCCEEDED
701937,1392,DCOP_PLAN_PLUBLIED
702833,1394,RLG_PLAN_PUBLISHED
703256,1395,DNS_UPDATE_SUCCEEDED
822146,1630,DCOP_PLAN_PLUBLIED
823006,1632,RLG_PLAN_PUBLISHED
823289,1633,DNS_UPDATE_SUCCEEDED
942098,1868,DCOP_PLAN_PLUBLIED
943229,1870,RLG_PLAN_PUBLISHED
943448,1871,DNS_UPDATE_SUCCEEDED
1181919,2343,DCOP_PLAN_PLUBLIED
1183704,2346,RLG_PLAN_PUBLISHED
1183820,2347,DNS_UPDATE_SUCCEEDED
1302083,2581,DCOP_PLAN_PLUBLIED
1303887,2584,RLG_PLAN_PUBLISHED
1303943,2585,DNS_UPDATE_SUCCEEDED
1422218,2819,DCOP_PLAN_PLUBLIED
1424042,2822,RLG_PLAN_PUBLISHED
1424072,2823,DNS_UPDATE_SUCCEEDED
1542089,3056,DCOP_PLAN_PLUBLIED
1544231,3061,RLG_PLAN_PUBLISHED
1544732,3062,DNS_UPDATE_SUCCEEDED
1662057,3294,DCOP_PLAN_PLUBLIED
1664412,3299,RLG_PLAN_PUBLISHED
1664907,3300,DNS_UPDATE_SUCCEEDED
1782071,3532,DCOP_PLAN_PLUBLIED
1784614,3537,RLG_PLAN_PUBLISHED
1785050,3538,DNS_UPDATE_SUCCEEDED
