462,1,DNS_UPDATE_SUCCEEDED
484,1,DCOP_PLAN_PLUBLIED
512,1,RLG_PLAN_PUBLISHED
105593,212,DCOP_PLAN_PLUBLIED
108489,217,RLG_PLAN_PUBLISHED
108555,218,DNS_UPDATE_SUCCEEDED
109055,219,DNS_UPDATE_SUCCEEDED
111486,223,RLG_PLAN_PUBLISHED
111556,224,DNS_UPDATE_SUCCEEDED
117489,235,RLG_PLAN_PUBLISHED
117560,236,DNS_UPDATE_SUCCEEDED
118060,237,DNS_UPDATE_SUCCEEDED
120488,241,RLG_PLAN_PUBLISHED
120561,242,DNS_UPDATE_SUCCEEDED
165561,331,DCOP_PLAN_PLUBLIED
168495,337,RLG_PLAN_PUBLISHED
168580,338,DNS_UPDATE_SUCCEEDED
171498,343,RLG_PLAN_PUBLISHED
171581,344,DNS_UPDATE_SUCCEEDED
172081,345,DNS_UPDATE_SUCCEEDED
174496,349,RLG_PLAN_PUBLISHED
174581,350,DNS_UPDATE_SUCCEEDED
177499,355,RLG_PLAN_PUBLISHED
177580,356,DNS_UPDATE_SUCCEEDED
180497,361,RLG_PLAN_PUBLISHED
180585,362,DNS_UPDATE_SUCCEEDED
181082,363,DNS_UPDATE_SUCCEEDED
183497,367,RLG_PLAN_PUBLISHED
183587,368,DNS_UPDATE_SUCCEEDED
186500,373,RLG_PLAN_PUBLISHED
186592,374,DNS_UPDATE_SUCCEEDED
189499,379,RLG_PLAN_PUBLISHED
189595,380,DNS_UPDATE_SUCCEEDED
190095,381,DNS_UPDATE_SUCCEEDED
192499,385,RLG_PLAN_PUBLISHED
192597,386,DNS_UPDATE_SUCCEEDED
225560,451,DCOP_PLAN_PLUBLIED
228501,457,RLG_PLAN_PUBLISHED
228617,458,DNS_UPDATE_SUCCEEDED
285564,571,DCOP_PLAN_PLUBLIED
288508,577,RLG_PLAN_PUBLISHED
288642,578,DNS_UPDATE_SUCCEEDED
300508,601,RLG_PLAN_PUBLISHED
300648,602,DNS_UPDATE_SUCCEEDED
301148,603,DNS_UPDATE_SUCCEEDED
303508,607,RLG_PLAN_PUBLISHED
303647,608,DNS_UPDATE_SUCCEEDED
345559,691,DCOP_PLAN_PLUBLIED
348511,697,RLG_PLAN_PUBLISHED
348690,698,DNS_UPDATE_SUCCEEDED
354512,709,RLG_PLAN_PUBLISHED
354691,710,DNS_UPDATE_SUCCEEDED
357512,715,RLG_PLAN_PUBLISHED
357689,716,DNS_UPDATE_SUCCEEDED
358191,717,DNS_UPDATE_SUCCEEDED
360513,721,RLG_PLAN_PUBLISHED
360693,722,DNS_UPDATE_SUCCEEDED
405573,811,DCOP_PLAN_PLUBLIED
408515,817,RLG_PLAN_PUBLISHED
408707,818,DNS_UPDATE_SUCCEEDED
465560,931,DCOP_PLAN_PLUBLIED
468520,937,RLG_PLAN_PUBLISHED
468751,938,DNS_UPDATE_SUCCEEDED
525560,1051,DCOP_PLAN_PLUBLIED
528523,1057,RLG_PLAN_PUBLISHED
528785,1058,DNS_UPDATE_SUCCEEDED
579528,1159,RLG_PLAN_PUBLISHED
579840,1160,DNS_UPDATE_SUCCEEDED
580340,1161,DNS_UPDATE_SUCCEEDED
582528,1165,RLG_PLAN_PUBLISHED
582840,1166,DNS_UPDATE_SUCCEEDED
585594,1171,DCOP_PLAN_PLUBLIED
588528,1177,RLG_PLAN_PUBLISHED
588844,1178,DNS_UPDATE_SUCCEEDED
630003,1260,DCOP_PLAN_PLUBLIED
