{
  "region" : {
    "name" : "A"
  },
  "minTimestamp" : 71498,
  "maxTimestamp" : 71498,
  "demandEstimationWindow" : "SHORT",
  "serverCapacity" : {
    "DISK" : 10.0,
    "MEMORY" : 8.0E9,
    "CPU" : 4.0,
    "TASK_CONTAINERS" : 20.0
  },
  "serverLoad" : { },
  "serverDemand" : { },
  "serverAverageProcessingTimeCount" : { },
  "serverAverageProcessingTimeSum" : { },
  "networkCapacity" : {
    "D" : {
      "DATARATE_RX" : 100.0,
      "DATARATE_TX" : 100.0
    },
    "E" : {
      "DATARATE_RX" : 100.0,
      "DATARATE_TX" : 100.0
    },
    "F" : {
      "DATARATE_RX" : 100.0,
      "DATARATE_TX" : 100.0
    },
    "I" : {
      "DATARATE_RX" : 100.0,
      "DATARATE_TX" : 100.0
    },
    "J" : {
      "DATARATE_RX" : 100.0,
      "DATARATE_TX" : 100.0
    }
  },
  "networkLoad" : {
    "D" : {
      "(A, C, C)" : {
        "AppCoordinates {com.bbn, test-service3, 1}" : {
          "DATARATE_TX" : 2.779999999999996E-4,
          "DATARATE_RX" : 1.389999999999998E-4
        },
        "AppCoordinates {com.bbn, test-service2, 1}" : {
          "DATARATE_TX" : 3.6999999999999956E-4,
          "DATARATE_RX" : 1.8499999999999978E-4
        },
        "AppCoordinates {com.bbn, test-service1, 1}" : {
          "DATARATE_TX" : 3.359999999999996E-4,
          "DATARATE_RX" : 1.679999999999998E-4
        }
      }
    },
    "E" : { },
    "F" : { },
    "I" : { },
    "J" : { }
  },
  "networkDemand" : {
    "D" : {
      "(A, C, C)" : {
        "AppCoordinates {com.bbn, test-service3, 1}" : {
          "DATARATE_TX" : 2.779999999999996E-4,
          "DATARATE_RX" : 1.389999999999998E-4
        },
        "AppCoordinates {com.bbn, test-service2, 1}" : {
          "DATARATE_TX" : 3.6999999999999956E-4,
          "DATARATE_RX" : 1.8499999999999978E-4
        },
        "AppCoordinates {com.bbn, test-service1, 1}" : {
          "DATARATE_TX" : 3.359999999999996E-4,
          "DATARATE_RX" : 1.679999999999998E-4
        }
      }
    },
    "E" : { },
    "F" : { },
    "I" : { },
    "J" : { }
  },
  "maximumServiceContainers" : 20,
  "allocatedServiceContainers" : 0,
  "serverAverageProcessingTime" : { },
  "availableServiceContainers" : 20,
  "nullSummary" : false
}