580,1,DNS_UPDATE_SUCCEEDED
646,2,DCOP_PLAN_PLUBLIED
702,2,RLG_PLAN_PUBLISHED
105991,212,DCOP_PLAN_PLUBLIED
108604,217,RLG_PLAN_PUBLISHED
108608,218,DNS_UPDATE_SUCCEEDED
109106,219,DNS_UPDATE_SUCCEEDED
111600,223,RLG_PLAN_PUBLISHED
111607,224,DNS_UPDATE_SUCCEEDED
126601,253,RLG_PLAN_PUBLISHED
126613,254,DNS_UPDATE_SUCCEEDED
127112,255,DNS_UPDATE_SUCCEEDED
129600,259,RLG_PLAN_PUBLISHED
129612,260,DNS_UPDATE_SUCCEEDED
165968,332,DCOP_PLAN_PLUBLIED
168602,337,RLG_PLAN_PUBLISHED
168629,338,DNS_UPDATE_SUCCEEDED
169130,339,DNS_UPDATE_SUCCEEDED
171603,343,RLG_PLAN_PUBLISHED
171629,344,DNS_UPDATE_SUCCEEDED
192608,385,RLG_PLAN_PUBLISHED
192636,386,DNS_UPDATE_SUCCEEDED
195605,391,RLG_PLAN_PUBLISHED
195637,392,DNS_UPDATE_SUCCEEDED
196139,393,DNS_UPDATE_SUCCEEDED
198607,397,RLG_PLAN_PUBLISHED
198637,398,DNS_UPDATE_SUCCEEDED
225610,451,RLG_PLAN_PUBLISHED
225652,452,DNS_UPDATE_SUCCEEDED
225933,452,DCOP_PLAN_PLUBLIED
228611,457,RLG_PLAN_PUBLISHED
228651,458,DNS_UPDATE_SUCCEEDED
229152,459,DNS_UPDATE_SUCCEEDED
231608,463,RLG_PLAN_PUBLISHED
231651,464,DNS_UPDATE_SUCCEEDED
285841,572,DCOP_PLAN_PLUBLIED
288613,577,RLG_PLAN_PUBLISHED
288667,578,DNS_UPDATE_SUCCEEDED
345924,692,DCOP_PLAN_PLUBLIED
348618,697,RLG_PLAN_PUBLISHED
348698,698,DNS_UPDATE_SUCCEEDED
405916,812,DCOP_PLAN_PLUBLIED
408624,817,RLG_PLAN_PUBLISHED
408706,818,DNS_UPDATE_SUCCEEDED
465861,932,DCOP_PLAN_PLUBLIED
468626,937,RLG_PLAN_PUBLISHED
468729,938,DNS_UPDATE_SUCCEEDED
525836,1052,DCOP_PLAN_PLUBLIED
528630,1057,RLG_PLAN_PUBLISHED
528748,1058,DNS_UPDATE_SUCCEEDED
579634,1159,RLG_PLAN_PUBLISHED
579779,1160,DNS_UPDATE_SUCCEEDED
580279,1161,DNS_UPDATE_SUCCEEDED
582633,1165,RLG_PLAN_PUBLISHED
582780,1166,DNS_UPDATE_SUCCEEDED
585835,1172,DCOP_PLAN_PLUBLIED
588633,1177,RLG_PLAN_PUBLISHED
588781,1178,DNS_UPDATE_SUCCEEDED
630004,1261,DNS_UPDATE_SUCCEEDED
630004,1292,DCOP_PLAN_PLUBLIED
