{
  "region" : {
    "name" : "B"
  },
  "minTimestamp" : 277479,
  "maxTimestamp" : 277479,
  "demandEstimationWindow" : "LONG",
  "serverCapacity" : {
    "DISK" : 10.0,
    "MEMORY" : 8.0E9,
    "CPU" : 4.0,
    "TASK_CONTAINERS" : 20.0
  },
  "serverLoad" : { },
  "serverDemand" : { },
  "serverAverageProcessingTimeCount" : { },
  "serverAverageProcessingTimeSum" : { },
  "networkCapacity" : {
    "A" : {
      "DATARATE_RX" : 100.0,
      "DATARATE_TX" : 100.0
    },
    "C" : {
      "DATARATE_RX" : 100.0,
      "DATARATE_TX" : 100.0
    }
  },
  "networkLoad" : {
    "A" : {
      "(N, A, A)" : {
        "AppCoordinates {com.bbn, test-service3, 1}" : {
          "DATARATE_TX" : 0.036000000000000004,
          "DATARATE_RX" : 0.018000000000000002
        },
        "AppCoordinates {com.bbn, test-service2, 1}" : {
          "DATARATE_TX" : 0.018000000000000002,
          "DATARATE_RX" : 0.009000000000000001
        },
        "AppCoordinates {com.bbn, test-service1, 1}" : {
          "DATARATE_TX" : 0.016,
          "DATARATE_RX" : 0.008
        }
      },
      "(C, A, A)" : {
        "AppCoordinates {com.bbn, test-service3, 1}" : {
          "DATARATE_TX" : 0.028,
          "DATARATE_RX" : 0.014
        },
        "AppCoordinates {com.bbn, test-service2, 1}" : {
          "DATARATE_TX" : 0.024,
          "DATARATE_RX" : 0.012
        },
        "AppCoordinates {com.bbn, test-service1, 1}" : {
          "DATARATE_TX" : 0.01,
          "DATARATE_RX" : 0.005
        }
      }
    },
    "C" : {
      "(A, C, A)" : {
        "AppCoordinates {com.bbn, test-service3, 1}" : {
          "DATARATE_TX" : 0.013999999999999999,
          "DATARATE_RX" : 0.027999999999999997
        },
        "AppCoordinates {com.bbn, test-service2, 1}" : {
          "DATARATE_TX" : 0.012,
          "DATARATE_RX" : 0.024
        },
        "AppCoordinates {com.bbn, test-service1, 1}" : {
          "DATARATE_TX" : 0.005,
          "DATARATE_RX" : 0.01
        }
      },
      "(A, N, A)" : {
        "AppCoordinates {com.bbn, test-service3, 1}" : {
          "DATARATE_TX" : 0.018000000000000002,
          "DATARATE_RX" : 0.036000000000000004
        },
        "AppCoordinates {com.bbn, test-service2, 1}" : {
          "DATARATE_TX" : 0.009000000000000001,
          "DATARATE_RX" : 0.018000000000000002
        },
        "AppCoordinates {com.bbn, test-service1, 1}" : {
          "DATARATE_TX" : 0.008,
          "DATARATE_RX" : 0.016
        }
      }
    }
  },
  "networkDemand" : {
    "A" : {
      "(N, A, A)" : {
        "AppCoordinates {com.bbn, test-service3, 1}" : {
          "DATARATE_TX" : 0.03596179183135701,
          "DATARATE_RX" : 0.017980895915678505
        },
        "AppCoordinates {com.bbn, test-service2, 1}" : {
          "DATARATE_TX" : 0.017984313725490177,
          "DATARATE_RX" : 0.008992156862745088
        },
        "AppCoordinates {com.bbn, test-service1, 1}" : {
          "DATARATE_TX" : 0.016005540166204882,
          "DATARATE_RX" : 0.008002770083102441
        }
      },
      "(C, A, A)" : {
        "AppCoordinates {com.bbn, test-service3, 1}" : {
          "DATARATE_TX" : 0.027929782590447413,
          "DATARATE_RX" : 0.013964891295223707
        },
        "AppCoordinates {com.bbn, test-service2, 1}" : {
          "DATARATE_TX" : 0.023999999999999955,
          "DATARATE_RX" : 0.011999999999999978
        },
        "AppCoordinates {com.bbn, test-service1, 1}" : {
          "DATARATE_TX" : 0.00999999999999999,
          "DATARATE_RX" : 0.004999999999999995
        }
      }
    },
    "C" : {
      "(A, C, A)" : {
        "AppCoordinates {com.bbn, test-service3, 1}" : {
          "DATARATE_TX" : 0.013964891295223708,
          "DATARATE_RX" : 0.027929782590447417
        },
        "AppCoordinates {com.bbn, test-service2, 1}" : {
          "DATARATE_TX" : 0.011999999999999978,
          "DATARATE_RX" : 0.023999999999999955
        },
        "AppCoordinates {com.bbn, test-service1, 1}" : {
          "DATARATE_TX" : 0.004999999999999995,
          "DATARATE_RX" : 0.00999999999999999
        }
      },
      "(A, N, A)" : {
        "AppCoordinates {com.bbn, test-service3, 1}" : {
          "DATARATE_TX" : 0.017980895915678505,
          "DATARATE_RX" : 0.03596179183135701
        },
        "AppCoordinates {com.bbn, test-service2, 1}" : {
          "DATARATE_TX" : 0.008992156862745088,
          "DATARATE_RX" : 0.017984313725490177
        },
        "AppCoordinates {com.bbn, test-service1, 1}" : {
          "DATARATE_TX" : 0.008002770083102441,
          "DATARATE_RX" : 0.016005540166204882
        }
      }
    }
  },
  "maximumServiceContainers" : 20,
  "allocatedServiceContainers" : 0,
  "serverAverageProcessingTime" : { },
  "availableServiceContainers" : 20,
  "nullSummary" : false
}