472,1,DNS_UPDATE_SUCCEEDED
532,1,DCOP_PLAN_PLUBLIED
556,2,RLG_PLAN_PUBLISHED
105658,212,DCOP_PLAN_PLUBLIED
108503,217,RLG_PLAN_PUBLISHED
108566,218,DNS_UPDATE_SUCCEEDED
109064,219,DNS_UPDATE_SUCCEEDED
111501,223,RLG_PLAN_PUBLISHED
111564,224,DNS_UPDATE_SUCCEEDED
129505,259,RLG_PLAN_PUBLISHED
129572,260,DNS_UPDATE_SUCCEEDED
130072,261,DNS_UPDATE_SUCCEEDED
132504,265,RLG_PLAN_PUBLISHED
132573,266,DNS_UPDATE_SUCCEEDED
165651,332,DCOP_PLAN_PLUBLIED
168507,337,RLG_PLAN_PUBLISHED
168591,338,DNS_UPDATE_SUCCEEDED
189512,379,RLG_PLAN_PUBLISHED
189598,380,DNS_UPDATE_SUCCEEDED
192513,385,RLG_PLAN_PUBLISHED
192606,386,DNS_UPDATE_SUCCEEDED
193106,387,DNS_UPDATE_SUCCEEDED
195513,391,RLG_PLAN_PUBLISHED
195609,392,DNS_UPDATE_SUCCEEDED
225657,452,DCOP_PLAN_PLUBLIED
228520,457,RLG_PLAN_PUBLISHED
228633,458,DNS_UPDATE_SUCCEEDED
285614,571,DCOP_PLAN_PLUBLIED
288522,577,RLG_PLAN_PUBLISHED
288664,578,DNS_UPDATE_SUCCEEDED
345620,691,DCOP_PLAN_PLUBLIED
348526,697,RLG_PLAN_PUBLISHED
348695,698,DNS_UPDATE_SUCCEEDED
405662,811,DCOP_PLAN_PLUBLIED
408532,817,RLG_PLAN_PUBLISHED
408737,818,DNS_UPDATE_SUCCEEDED
465655,931,DCOP_PLAN_PLUBLIED
468540,937,RLG_PLAN_PUBLISHED
468771,938,DNS_UPDATE_SUCCEEDED
525633,1051,DCOP_PLAN_PLUBLIED
528542,1057,RLG_PLAN_PUBLISHED
528807,1058,DNS_UPDATE_SUCCEEDED
582551,1165,RLG_PLAN_PUBLISHED
582851,1166,DNS_UPDATE_SUCCEEDED
583350,1167,DNS_UPDATE_SUCCEEDED
585550,1171,RLG_PLAN_PUBLISHED
585622,1171,DCOP_PLAN_PLUBLIED
585849,1172,DNS_UPDATE_SUCCEEDED
588550,1177,RLG_PLAN_PUBLISHED
588853,1178,DNS_UPDATE_SUCCEEDED
630003,1260,DCOP_PLAN_PLUBLIED
