{
  "clientName" : "clientPoolJ",
  "clientRegion" : {
    "name" : "J"
  },
  "numRequestsAttempted" : 4200,
  "numRequestsSucceeded" : 2082,
  "numRequestsFailedForServerLoad" : 2118,
  "numRequestsFailedForNetworkLoad" : 0,
  "numRequestsSlowForServerLoad" : 876,
  "numRequestsSlowForNetworkLoad" : 0,
  "numRequestsSlowForNetworkAndServerLoad" : 0,
  "numRequestsServicedByRegion" : {
    "A" : 108,
    "C" : 447,
    "F" : 277,
    "G" : 9,
    "I" : 23,
    "J" : 1218
  },
  "numRequestsFailedForDownNode" : 0
}