{
  "region" : {
    "name" : "C"
  },
  "minTimestamp" : 378978,
  "maxTimestamp" : 378978,
  "demandEstimationWindow" : "SHORT",
  "serverCapacity" : {
    "DISK" : 10.0,
    "MEMORY" : 1.6E10,
    "CPU" : 8.0,
    "TASK_CONTAINERS" : 8.0
  },
  "serverLoad" : {
    "AppCoordinates {com.bbn, test-service3, 1}" : {
      "unknown" : {
        "QueueLength" : 50.0,
        "TASK_CONTAINERS" : 4.999999999999999
      }
    },
    "AppCoordinates {com.bbn, test-service2, 1}" : {
      "unknown" : {
        "QueueLength" : 10.0,
        "TASK_CONTAINERS" : 0.9999999999999999
      }
    },
    "AppCoordinates {com.bbn, test-service1, 1}" : {
      "unknown" : {
        "QueueLength" : 10.0,
        "TASK_CONTAINERS" : 0.9999999999999999
      }
    }
  },
  "serverDemand" : {
    "AppCoordinates {com.bbn, test-service3, 1}" : {
      "unknown" : {
        "QueueLength" : 43.75,
        "TASK_CONTAINERS" : 4.374999999999999
      }
    },
    "AppCoordinates {com.bbn, test-service2, 1}" : {
      "unknown" : {
        "QueueLength" : 8.75,
        "TASK_CONTAINERS" : 0.8749999999999999
      }
    },
    "AppCoordinates {com.bbn, test-service1, 1}" : {
      "unknown" : {
        "QueueLength" : 8.75,
        "TASK_CONTAINERS" : 0.8749999999999999
      }
    }
  },
  "serverAverageProcessingTimeCount" : { },
  "serverAverageProcessingTimeSum" : { },
  "networkCapacity" : {
    "D" : {
      "DATARATE_RX" : 100.0,
      "DATARATE_TX" : 100.0
    },
    "E" : {
      "DATARATE_RX" : 100.0,
      "DATARATE_TX" : 100.0
    },
    "H" : {
      "DATARATE_RX" : 100.0,
      "DATARATE_TX" : 100.0
    },
    "N" : {
      "DATARATE_RX" : 100.0,
      "DATARATE_TX" : 100.0
    },
    "O" : {
      "DATARATE_RX" : 100.0,
      "DATARATE_TX" : 100.0
    }
  },
  "networkLoad" : {
    "D" : { },
    "E" : {
      "(C, J, C)" : {
        "AppCoordinates {com.bbn, test-service3, 1}" : {
          "DATARATE_TX" : 0.016,
          "DATARATE_RX" : 0.032
        },
        "AppCoordinates {com.bbn, test-service2, 1}" : {
          "DATARATE_TX" : 0.011,
          "DATARATE_RX" : 0.022
        },
        "AppCoordinates {com.bbn, test-service1, 1}" : {
          "DATARATE_TX" : 0.006,
          "DATARATE_RX" : 0.012
        }
      }
    },
    "H" : { },
    "N" : {
      "(C, K, C)" : {
        "AppCoordinates {com.bbn, test-service3, 1}" : {
          "DATARATE_TX" : 0.018,
          "DATARATE_RX" : 0.036
        },
        "AppCoordinates {com.bbn, test-service2, 1}" : {
          "DATARATE_TX" : 0.009000000000000001,
          "DATARATE_RX" : 0.018000000000000002
        },
        "AppCoordinates {com.bbn, test-service1, 1}" : {
          "DATARATE_TX" : 0.006,
          "DATARATE_RX" : 0.012
        }
      },
      "(C, L, C)" : {
        "AppCoordinates {com.bbn, test-service3, 1}" : {
          "DATARATE_TX" : 0.016,
          "DATARATE_RX" : 0.032
        },
        "AppCoordinates {com.bbn, test-service2, 1}" : {
          "DATARATE_TX" : 0.01,
          "DATARATE_RX" : 0.02
        },
        "AppCoordinates {com.bbn, test-service1, 1}" : {
          "DATARATE_TX" : 0.008,
          "DATARATE_RX" : 0.016
        }
      }
    },
    "O" : { }
  },
  "networkDemand" : {
    "D" : { },
    "E" : {
      "(C, J, C)" : {
        "AppCoordinates {com.bbn, test-service3, 1}" : {
          "DATARATE_TX" : 0.016,
          "DATARATE_RX" : 0.032
        },
        "AppCoordinates {com.bbn, test-service2, 1}" : {
          "DATARATE_TX" : 0.011,
          "DATARATE_RX" : 0.022
        },
        "AppCoordinates {com.bbn, test-service1, 1}" : {
          "DATARATE_TX" : 0.005999999999999999,
          "DATARATE_RX" : 0.011999999999999999
        }
      }
    },
    "H" : { },
    "N" : {
      "(C, K, C)" : {
        "AppCoordinates {com.bbn, test-service3, 1}" : {
          "DATARATE_TX" : 0.018,
          "DATARATE_RX" : 0.036
        },
        "AppCoordinates {com.bbn, test-service2, 1}" : {
          "DATARATE_TX" : 0.009,
          "DATARATE_RX" : 0.018
        },
        "AppCoordinates {com.bbn, test-service1, 1}" : {
          "DATARATE_TX" : 0.005999999999999999,
          "DATARATE_RX" : 0.011999999999999999
        }
      },
      "(C, L, C)" : {
        "AppCoordinates {com.bbn, test-service3, 1}" : {
          "DATARATE_TX" : 0.016,
          "DATARATE_RX" : 0.032
        },
        "AppCoordinates {com.bbn, test-service2, 1}" : {
          "DATARATE_TX" : 0.01,
          "DATARATE_RX" : 0.02
        },
        "AppCoordinates {com.bbn, test-service1, 1}" : {
          "DATARATE_TX" : 0.008,
          "DATARATE_RX" : 0.016
        }
      }
    },
    "O" : { }
  },
  "maximumServiceContainers" : 8,
  "allocatedServiceContainers" : 8,
  "serverAverageProcessingTime" : { },
  "availableServiceContainers" : 0,
  "nullSummary" : false
}