{
  "region" : {
    "name" : "F"
  },
  "nodeResourceReports" : [ {
    "nodeName" : {
      "name" : "nodeF"
    },
    "timestamp" : 126478,
    "demandEstimationWindow" : "SHORT",
    "nodeComputeCapacity" : {
      "CPU" : 8.0,
      "MEMORY" : 1.6E10,
      "DISK" : 10.0,
      "TASK_CONTAINERS" : 8.0
    },
    "networkCapacity" : {
      "interface-nodeE ( nodeE )" : {
        "DATARATE_RX" : 100.0,
        "DATARATE_TX" : 100.0
      },
      "interface-nodeC ( nodeC )" : {
        "DATARATE_RX" : 100.0,
        "DATARATE_TX" : 100.0
      },
      "interface-nodeG ( nodeG )" : {
        "DATARATE_RX" : 100.0,
        "DATARATE_TX" : 100.0
      },
      "interface-nodeM ( nodeM )" : {
        "DATARATE_RX" : 100.0,
        "DATARATE_TX" : 100.0
      },
      "interface-nodeN ( nodeN )" : {
        "DATARATE_RX" : 100.0,
        "DATARATE_TX" : 100.0
      }
    },
    "networkLoad" : {
      "interface-nodeE ( nodeE )" : { },
      "interface-nodeC ( nodeC )" : {
        "(nodeF_c05, clientPoolB, nodeF_c05)" : {
          "AppCoordinates {com.bbn, test-service1, 1}" : {
            "DATARATE_TX" : 0.003,
            "DATARATE_RX" : 0.006
          }
        },
        "(nodeF_c00, clientPoolB, nodeF_c00)" : {
          "AppCoordinates {com.bbn, test-service1, 1}" : {
            "DATARATE_TX" : 0.003,
            "DATARATE_RX" : 0.006
          }
        },
        "(nodeF_c01, clientPoolB, nodeF_c01)" : {
          "AppCoordinates {com.bbn, test-service2, 1}" : {
            "DATARATE_TX" : 0.003,
            "DATARATE_RX" : 0.006
          }
        },
        "(nodeF_c02, clientPoolB, nodeF_c02)" : {
          "AppCoordinates {com.bbn, test-service3, 1}" : {
            "DATARATE_TX" : 0.003,
            "DATARATE_RX" : 0.006
          }
        },
        "(nodeF_c03, clientPoolB, nodeF_c03)" : {
          "AppCoordinates {com.bbn, test-service3, 1}" : {
            "DATARATE_TX" : 0.003,
            "DATARATE_RX" : 0.006
          }
        },
        "(nodeF_c04, clientPoolB, nodeF_c04)" : {
          "AppCoordinates {com.bbn, test-service2, 1}" : {
            "DATARATE_TX" : 0.003,
            "DATARATE_RX" : 0.006
          }
        }
      },
      "interface-nodeG ( nodeG )" : {
        "(nodeF_c00, clientPoolH, nodeF_c00)" : {
          "AppCoordinates {com.bbn, test-service1, 1}" : {
            "DATARATE_TX" : 0.003,
            "DATARATE_RX" : 0.006
          }
        },
        "(nodeF_c01, clientPoolH, nodeF_c01)" : {
          "AppCoordinates {com.bbn, test-service2, 1}" : {
            "DATARATE_TX" : 0.003,
            "DATARATE_RX" : 0.006
          }
        },
        "(nodeF_c02, clientPoolH, nodeF_c02)" : {
          "AppCoordinates {com.bbn, test-service3, 1}" : {
            "DATARATE_TX" : 0.004,
            "DATARATE_RX" : 0.008
          }
        },
        "(nodeF_c03, clientPoolH, nodeF_c03)" : {
          "AppCoordinates {com.bbn, test-service3, 1}" : {
            "DATARATE_TX" : 0.003,
            "DATARATE_RX" : 0.006
          }
        },
        "(nodeF_c04, clientPoolH, nodeF_c04)" : {
          "AppCoordinates {com.bbn, test-service2, 1}" : {
            "DATARATE_TX" : 0.004,
            "DATARATE_RX" : 0.008
          }
        },
        "(nodeF_c05, clientPoolH, nodeF_c05)" : {
          "AppCoordinates {com.bbn, test-service1, 1}" : {
            "DATARATE_TX" : 0.003,
            "DATARATE_RX" : 0.006
          }
        }
      },
      "interface-nodeM ( nodeM )" : { },
      "interface-nodeN ( nodeN )" : { }
    },
    "networkDemand" : {
      "interface-nodeE ( nodeE )" : { },
      "interface-nodeC ( nodeC )" : {
        "(nodeF_c05, clientPoolB, nodeF_c05)" : {
          "AppCoordinates {com.bbn, test-service1, 1}" : {
            "DATARATE_TX" : 0.0029999999999999996,
            "DATARATE_RX" : 0.005999999999999999
          }
        },
        "(nodeF_c00, clientPoolB, nodeF_c00)" : {
          "AppCoordinates {com.bbn, test-service1, 1}" : {
            "DATARATE_TX" : 0.0029999999999999996,
            "DATARATE_RX" : 0.005999999999999999
          }
        },
        "(nodeF_c01, clientPoolB, nodeF_c01)" : {
          "AppCoordinates {com.bbn, test-service2, 1}" : {
            "DATARATE_TX" : 0.0029999999999999996,
            "DATARATE_RX" : 0.005999999999999999
          }
        },
        "(nodeF_c02, clientPoolB, nodeF_c02)" : {
          "AppCoordinates {com.bbn, test-service3, 1}" : {
            "DATARATE_TX" : 0.0029999999999999996,
            "DATARATE_RX" : 0.005999999999999999
          }
        },
        "(nodeF_c03, clientPoolB, nodeF_c03)" : {
          "AppCoordinates {com.bbn, test-service3, 1}" : {
            "DATARATE_TX" : 0.0029999999999999996,
            "DATARATE_RX" : 0.005999999999999999
          }
        },
        "(nodeF_c04, clientPoolB, nodeF_c04)" : {
          "AppCoordinates {com.bbn, test-service2, 1}" : {
            "DATARATE_TX" : 0.0029999999999999996,
            "DATARATE_RX" : 0.005999999999999999
          }
        }
      },
      "interface-nodeN ( nodeN )" : { },
      "interface-nodeM ( nodeM )" : { },
      "interface-nodeG ( nodeG )" : {
        "(nodeF_c00, clientPoolH, nodeF_c00)" : {
          "AppCoordinates {com.bbn, test-service1, 1}" : {
            "DATARATE_TX" : 0.0029999999999999996,
            "DATARATE_RX" : 0.005999999999999999
          }
        },
        "(nodeF_c01, clientPoolH, nodeF_c01)" : {
          "AppCoordinates {com.bbn, test-service2, 1}" : {
            "DATARATE_TX" : 0.0029999999999999996,
            "DATARATE_RX" : 0.005999999999999999
          }
        },
        "(nodeF_c02, clientPoolH, nodeF_c02)" : {
          "AppCoordinates {com.bbn, test-service3, 1}" : {
            "DATARATE_TX" : 0.004,
            "DATARATE_RX" : 0.008
          }
        },
        "(nodeF_c03, clientPoolH, nodeF_c03)" : {
          "AppCoordinates {com.bbn, test-service3, 1}" : {
            "DATARATE_TX" : 0.0029999999999999996,
            "DATARATE_RX" : 0.005999999999999999
          }
        },
        "(nodeF_c04, clientPoolH, nodeF_c04)" : {
          "AppCoordinates {com.bbn, test-service2, 1}" : {
            "DATARATE_TX" : 0.004,
            "DATARATE_RX" : 0.008
          }
        },
        "(nodeF_c05, clientPoolH, nodeF_c05)" : {
          "AppCoordinates {com.bbn, test-service1, 1}" : {
            "DATARATE_TX" : 0.0029999999999999996,
            "DATARATE_RX" : 0.005999999999999999
          }
        }
      }
    },
    "containerReports" : {
      "nodeF_c04" : {
        "containerName" : {
          "name" : "nodeF_c04"
        },
        "timestamp" : 126480,
        "service" : {
          "group" : "com.bbn",
          "artifact" : "test-service2",
          "version" : "1"
        },
        "serviceStatus" : "RUNNING",
        "demandEstimationWindow" : "SHORT",
        "computeCapacity" : {
          "CPU" : 1.0,
          "TASK_CONTAINERS" : 1.0,
          "QueueLength" : 1000000.0
        },
        "computeLoad" : {
          "UNKNOWN" : {
            "QueueLength" : 10.0,
            "TASK_CONTAINERS" : 0.9999999999999999
          }
        },
        "computeDemand" : {
          "UNKNOWN" : {
            "QueueLength" : 8.571428571428571,
            "TASK_CONTAINERS" : 0.857142857142857
          }
        },
        "averageProcessingTime" : "NaN",
        "networkCapacity" : {
          "interface-nodeF ( nodeF )" : {
            "DATARATE_TX" : 100.0,
            "DATARATE_RX" : 100.0
          }
        },
        "networkLoad" : {
          "interface-nodeF ( nodeF )" : {
            "(clientPoolH, nodeF_c04, nodeF_c04)" : {
              "AppCoordinates {com.bbn, test-service2, 1}" : {
                "DATARATE_TX" : 0.01,
                "DATARATE_RX" : 0.005
              }
            },
            "(clientPoolF, nodeF_c04, nodeF_c04)" : {
              "AppCoordinates {com.bbn, test-service2, 1}" : {
                "DATARATE_TX" : 0.016,
                "DATARATE_RX" : 0.008
              }
            },
            "(clientPoolB, nodeF_c04, nodeF_c04)" : {
              "AppCoordinates {com.bbn, test-service2, 1}" : {
                "DATARATE_TX" : 0.018000000000000002,
                "DATARATE_RX" : 0.009000000000000001
              }
            }
          }
        },
        "networkDemand" : {
          "interface-nodeF ( nodeF )" : {
            "(clientPoolH, nodeF_c04, nodeF_c04)" : {
              "AppCoordinates {com.bbn, test-service2, 1}" : {
                "DATARATE_TX" : 0.01,
                "DATARATE_RX" : 0.005
              }
            },
            "(clientPoolF, nodeF_c04, nodeF_c04)" : {
              "AppCoordinates {com.bbn, test-service2, 1}" : {
                "DATARATE_TX" : 0.016,
                "DATARATE_RX" : 0.008
              }
            },
            "(clientPoolB, nodeF_c04, nodeF_c04)" : {
              "AppCoordinates {com.bbn, test-service2, 1}" : {
                "DATARATE_TX" : 0.018000000000000002,
                "DATARATE_RX" : 0.009000000000000001
              }
            }
          }
        }
      },
      "nodeF_c05" : {
        "containerName" : {
          "name" : "nodeF_c05"
        },
        "timestamp" : 126481,
        "service" : {
          "group" : "com.bbn",
          "artifact" : "test-service1",
          "version" : "1"
        },
        "serviceStatus" : "RUNNING",
        "demandEstimationWindow" : "SHORT",
        "computeCapacity" : {
          "CPU" : 1.0,
          "TASK_CONTAINERS" : 1.0,
          "QueueLength" : 1000000.0
        },
        "computeLoad" : {
          "UNKNOWN" : {
            "QueueLength" : 10.0,
            "TASK_CONTAINERS" : 0.9999999999999999
          }
        },
        "computeDemand" : {
          "UNKNOWN" : {
            "QueueLength" : 8.571428571428571,
            "TASK_CONTAINERS" : 0.857142857142857
          }
        },
        "averageProcessingTime" : "NaN",
        "networkCapacity" : {
          "interface-nodeF ( nodeF )" : {
            "DATARATE_TX" : 100.0,
            "DATARATE_RX" : 100.0
          }
        },
        "networkLoad" : {
          "interface-nodeF ( nodeF )" : {
            "(clientPoolH, nodeF_c05, nodeF_c05)" : {
              "AppCoordinates {com.bbn, test-service1, 1}" : {
                "DATARATE_TX" : 0.022000000000000006,
                "DATARATE_RX" : 0.011000000000000003
              }
            },
            "(clientPoolF, nodeF_c05, nodeF_c05)" : {
              "AppCoordinates {com.bbn, test-service1, 1}" : {
                "DATARATE_TX" : 0.02600000000000001,
                "DATARATE_RX" : 0.013000000000000005
              }
            },
            "(clientPoolB, nodeF_c05, nodeF_c05)" : {
              "AppCoordinates {com.bbn, test-service1, 1}" : {
                "DATARATE_TX" : 0.016,
                "DATARATE_RX" : 0.008
              }
            }
          }
        },
        "networkDemand" : {
          "interface-nodeF ( nodeF )" : {
            "(clientPoolH, nodeF_c05, nodeF_c05)" : {
              "AppCoordinates {com.bbn, test-service1, 1}" : {
                "DATARATE_TX" : 0.022000000000000006,
                "DATARATE_RX" : 0.011000000000000003
              }
            },
            "(clientPoolF, nodeF_c05, nodeF_c05)" : {
              "AppCoordinates {com.bbn, test-service1, 1}" : {
                "DATARATE_TX" : 0.026000000000000013,
                "DATARATE_RX" : 0.013000000000000006
              }
            },
            "(clientPoolB, nodeF_c05, nodeF_c05)" : {
              "AppCoordinates {com.bbn, test-service1, 1}" : {
                "DATARATE_TX" : 0.016,
                "DATARATE_RX" : 0.008
              }
            }
          }
        }
      },
      "nodeF_c06" : {
        "containerName" : {
          "name" : "nodeF_c06"
        },
        "timestamp" : 126481,
        "service" : {
          "group" : "com.bbn",
          "artifact" : "test-service3",
          "version" : "1"
        },
        "serviceStatus" : "RUNNING",
        "demandEstimationWindow" : "SHORT",
        "computeCapacity" : {
          "CPU" : 1.0,
          "TASK_CONTAINERS" : 1.0,
          "QueueLength" : 1000000.0
        },
        "computeLoad" : {
          "UNKNOWN" : {
            "QueueLength" : 0.0
          }
        },
        "computeDemand" : {
          "UNKNOWN" : {
            "QueueLength" : 0.0
          }
        },
        "averageProcessingTime" : "NaN",
        "networkCapacity" : {
          "interface-nodeF ( nodeF )" : {
            "DATARATE_TX" : 100.0,
            "DATARATE_RX" : 100.0
          }
        },
        "networkLoad" : {
          "interface-nodeF ( nodeF )" : { }
        },
        "networkDemand" : {
          "interface-nodeF ( nodeF )" : { }
        }
      },
      "nodeF_c07" : {
        "containerName" : {
          "name" : "nodeF_c07"
        },
        "timestamp" : 126481,
        "service" : {
          "group" : "com.bbn",
          "artifact" : "test-service2",
          "version" : "1"
        },
        "serviceStatus" : "RUNNING",
        "demandEstimationWindow" : "SHORT",
        "computeCapacity" : {
          "CPU" : 1.0,
          "TASK_CONTAINERS" : 1.0,
          "QueueLength" : 1000000.0
        },
        "computeLoad" : {
          "UNKNOWN" : {
            "QueueLength" : 0.0
          }
        },
        "computeDemand" : {
          "UNKNOWN" : {
            "QueueLength" : 0.0
          }
        },
        "averageProcessingTime" : "NaN",
        "networkCapacity" : {
          "interface-nodeF ( nodeF )" : {
            "DATARATE_TX" : 100.0,
            "DATARATE_RX" : 100.0
          }
        },
        "networkLoad" : {
          "interface-nodeF ( nodeF )" : { }
        },
        "networkDemand" : {
          "interface-nodeF ( nodeF )" : { }
        }
      },
      "nodeF_c00" : {
        "containerName" : {
          "name" : "nodeF_c00"
        },
        "timestamp" : 126481,
        "service" : {
          "group" : "com.bbn",
          "artifact" : "test-service1",
          "version" : "1"
        },
        "serviceStatus" : "RUNNING",
        "demandEstimationWindow" : "SHORT",
        "computeCapacity" : {
          "CPU" : 1.0,
          "TASK_CONTAINERS" : 1.0,
          "QueueLength" : 1000000.0
        },
        "computeLoad" : {
          "UNKNOWN" : {
            "QueueLength" : 10.0,
            "TASK_CONTAINERS" : 0.9999999999999999
          }
        },
        "computeDemand" : {
          "UNKNOWN" : {
            "QueueLength" : 8.75,
            "TASK_CONTAINERS" : 0.8749999999999999
          }
        },
        "averageProcessingTime" : "NaN",
        "networkCapacity" : {
          "interface-nodeF ( nodeF )" : {
            "DATARATE_TX" : 100.0,
            "DATARATE_RX" : 100.0
          }
        },
        "networkLoad" : {
          "interface-nodeF ( nodeF )" : {
            "(clientPoolB, nodeF_c00, nodeF_c00)" : {
              "AppCoordinates {com.bbn, test-service1, 1}" : {
                "DATARATE_TX" : 0.06400000000000004,
                "DATARATE_RX" : 0.03200000000000002
              }
            },
            "(clientPoolH, nodeF_c00, nodeF_c00)" : {
              "AppCoordinates {com.bbn, test-service1, 1}" : {
                "DATARATE_TX" : 0.05800000000000004,
                "DATARATE_RX" : 0.02900000000000002
              }
            },
            "(clientPoolF, nodeF_c00, nodeF_c00)" : {
              "AppCoordinates {com.bbn, test-service1, 1}" : {
                "DATARATE_TX" : 0.054000000000000034,
                "DATARATE_RX" : 0.027000000000000017
              }
            }
          }
        },
        "networkDemand" : {
          "interface-nodeF ( nodeF )" : {
            "(clientPoolB, nodeF_c00, nodeF_c00)" : {
              "AppCoordinates {com.bbn, test-service1, 1}" : {
                "DATARATE_TX" : 0.06400000000000004,
                "DATARATE_RX" : 0.03200000000000002
              }
            },
            "(clientPoolH, nodeF_c00, nodeF_c00)" : {
              "AppCoordinates {com.bbn, test-service1, 1}" : {
                "DATARATE_TX" : 0.058000000000000045,
                "DATARATE_RX" : 0.029000000000000022
              }
            },
            "(clientPoolF, nodeF_c00, nodeF_c00)" : {
              "AppCoordinates {com.bbn, test-service1, 1}" : {
                "DATARATE_TX" : 0.05400000000000004,
                "DATARATE_RX" : 0.02700000000000002
              }
            }
          }
        }
      },
      "nodeF_c01" : {
        "containerName" : {
          "name" : "nodeF_c01"
        },
        "timestamp" : 126483,
        "service" : {
          "group" : "com.bbn",
          "artifact" : "test-service2",
          "version" : "1"
        },
        "serviceStatus" : "RUNNING",
        "demandEstimationWindow" : "SHORT",
        "computeCapacity" : {
          "CPU" : 1.0,
          "TASK_CONTAINERS" : 1.0,
          "QueueLength" : 1000000.0
        },
        "computeLoad" : {
          "UNKNOWN" : {
            "QueueLength" : 10.0,
            "TASK_CONTAINERS" : 0.9999999999999999
          }
        },
        "computeDemand" : {
          "UNKNOWN" : {
            "QueueLength" : 8.75,
            "TASK_CONTAINERS" : 0.8749999999999999
          }
        },
        "averageProcessingTime" : "NaN",
        "networkCapacity" : {
          "interface-nodeF ( nodeF )" : {
            "DATARATE_TX" : 100.0,
            "DATARATE_RX" : 100.0
          }
        },
        "networkLoad" : {
          "interface-nodeF ( nodeF )" : {
            "(clientPoolB, nodeF_c01, nodeF_c01)" : {
              "AppCoordinates {com.bbn, test-service2, 1}" : {
                "DATARATE_TX" : 0.06200000000000004,
                "DATARATE_RX" : 0.03100000000000002
              }
            },
            "(clientPoolH, nodeF_c01, nodeF_c01)" : {
              "AppCoordinates {com.bbn, test-service2, 1}" : {
                "DATARATE_TX" : 0.07000000000000005,
                "DATARATE_RX" : 0.035000000000000024
              }
            },
            "(clientPoolF, nodeF_c01, nodeF_c01)" : {
              "AppCoordinates {com.bbn, test-service2, 1}" : {
                "DATARATE_TX" : 0.06400000000000004,
                "DATARATE_RX" : 0.03200000000000002
              }
            }
          }
        },
        "networkDemand" : {
          "interface-nodeF ( nodeF )" : {
            "(clientPoolB, nodeF_c01, nodeF_c01)" : {
              "AppCoordinates {com.bbn, test-service2, 1}" : {
                "DATARATE_TX" : 0.06200000000000005,
                "DATARATE_RX" : 0.031000000000000024
              }
            },
            "(clientPoolH, nodeF_c01, nodeF_c01)" : {
              "AppCoordinates {com.bbn, test-service2, 1}" : {
                "DATARATE_TX" : 0.07000000000000005,
                "DATARATE_RX" : 0.035000000000000024
              }
            },
            "(clientPoolF, nodeF_c01, nodeF_c01)" : {
              "AppCoordinates {com.bbn, test-service2, 1}" : {
                "DATARATE_TX" : 0.06400000000000004,
                "DATARATE_RX" : 0.03200000000000002
              }
            }
          }
        }
      },
      "nodeF_c02" : {
        "containerName" : {
          "name" : "nodeF_c02"
        },
        "timestamp" : 126484,
        "service" : {
          "group" : "com.bbn",
          "artifact" : "test-service3",
          "version" : "1"
        },
        "serviceStatus" : "RUNNING",
        "demandEstimationWindow" : "SHORT",
        "computeCapacity" : {
          "CPU" : 1.0,
          "TASK_CONTAINERS" : 1.0,
          "QueueLength" : 1000000.0
        },
        "computeLoad" : {
          "UNKNOWN" : {
            "QueueLength" : 10.0,
            "TASK_CONTAINERS" : 0.9999999999999999
          }
        },
        "computeDemand" : {
          "UNKNOWN" : {
            "QueueLength" : 8.75,
            "TASK_CONTAINERS" : 0.8749999999999999
          }
        },
        "averageProcessingTime" : "NaN",
        "networkCapacity" : {
          "interface-nodeF ( nodeF )" : {
            "DATARATE_TX" : 100.0,
            "DATARATE_RX" : 100.0
          }
        },
        "networkLoad" : {
          "interface-nodeF ( nodeF )" : {
            "(clientPoolF, nodeF_c02, nodeF_c02)" : {
              "AppCoordinates {com.bbn, test-service3, 1}" : {
                "DATARATE_TX" : 0.05200000000000003,
                "DATARATE_RX" : 0.026000000000000016
              }
            },
            "(clientPoolH, nodeF_c02, nodeF_c02)" : {
              "AppCoordinates {com.bbn, test-service3, 1}" : {
                "DATARATE_TX" : 0.05800000000000004,
                "DATARATE_RX" : 0.02900000000000002
              }
            },
            "(clientPoolB, nodeF_c02, nodeF_c02)" : {
              "AppCoordinates {com.bbn, test-service3, 1}" : {
                "DATARATE_TX" : 0.06400000000000004,
                "DATARATE_RX" : 0.03200000000000002
              }
            }
          }
        },
        "networkDemand" : {
          "interface-nodeF ( nodeF )" : {
            "(clientPoolF, nodeF_c02, nodeF_c02)" : {
              "AppCoordinates {com.bbn, test-service3, 1}" : {
                "DATARATE_TX" : 0.05200000000000004,
                "DATARATE_RX" : 0.02600000000000002
              }
            },
            "(clientPoolH, nodeF_c02, nodeF_c02)" : {
              "AppCoordinates {com.bbn, test-service3, 1}" : {
                "DATARATE_TX" : 0.058000000000000045,
                "DATARATE_RX" : 0.029000000000000022
              }
            },
            "(clientPoolB, nodeF_c02, nodeF_c02)" : {
              "AppCoordinates {com.bbn, test-service3, 1}" : {
                "DATARATE_TX" : 0.06400000000000004,
                "DATARATE_RX" : 0.03200000000000002
              }
            }
          }
        }
      },
      "nodeF_c03" : {
        "containerName" : {
          "name" : "nodeF_c03"
        },
        "timestamp" : 126492,
        "service" : {
          "group" : "com.bbn",
          "artifact" : "test-service3",
          "version" : "1"
        },
        "serviceStatus" : "RUNNING",
        "demandEstimationWindow" : "SHORT",
        "computeCapacity" : {
          "CPU" : 1.0,
          "TASK_CONTAINERS" : 1.0,
          "QueueLength" : 1000000.0
        },
        "computeLoad" : {
          "UNKNOWN" : {
            "QueueLength" : 10.0,
            "TASK_CONTAINERS" : 0.9999999999999999
          }
        },
        "computeDemand" : {
          "UNKNOWN" : {
            "QueueLength" : 8.75,
            "TASK_CONTAINERS" : 0.8749999999999999
          }
        },
        "averageProcessingTime" : "NaN",
        "networkCapacity" : {
          "interface-nodeF ( nodeF )" : {
            "DATARATE_TX" : 100.0,
            "DATARATE_RX" : 100.0
          }
        },
        "networkLoad" : {
          "interface-nodeF ( nodeF )" : {
            "(clientPoolF, nodeF_c03, nodeF_c03)" : {
              "AppCoordinates {com.bbn, test-service3, 1}" : {
                "DATARATE_TX" : 0.02800000000000001,
                "DATARATE_RX" : 0.014000000000000005
              }
            },
            "(clientPoolH, nodeF_c03, nodeF_c03)" : {
              "AppCoordinates {com.bbn, test-service3, 1}" : {
                "DATARATE_TX" : 0.022000000000000006,
                "DATARATE_RX" : 0.011000000000000003
              }
            },
            "(clientPoolB, nodeF_c03, nodeF_c03)" : {
              "AppCoordinates {com.bbn, test-service3, 1}" : {
                "DATARATE_TX" : 0.016,
                "DATARATE_RX" : 0.008
              }
            }
          }
        },
        "networkDemand" : {
          "interface-nodeF ( nodeF )" : {
            "(clientPoolF, nodeF_c03, nodeF_c03)" : {
              "AppCoordinates {com.bbn, test-service3, 1}" : {
                "DATARATE_TX" : 0.028000000000000018,
                "DATARATE_RX" : 0.014000000000000009
              }
            },
            "(clientPoolH, nodeF_c03, nodeF_c03)" : {
              "AppCoordinates {com.bbn, test-service3, 1}" : {
                "DATARATE_TX" : 0.022000000000000002,
                "DATARATE_RX" : 0.011000000000000001
              }
            },
            "(clientPoolB, nodeF_c03, nodeF_c03)" : {
              "AppCoordinates {com.bbn, test-service3, 1}" : {
                "DATARATE_TX" : 0.016,
                "DATARATE_RX" : 0.008
              }
            }
          }
        }
      }
    },
    "maximumServiceContainers" : 8,
    "allocatedServiceContainers" : 8,
    "computeDemand" : {
      "AppCoordinates {com.bbn, test-service3, 1}" : {
        "UNKNOWN" : {
          "QueueLength" : 17.5,
          "TASK_CONTAINERS" : 1.7499999999999998
        }
      },
      "AppCoordinates {com.bbn, test-service2, 1}" : {
        "UNKNOWN" : {
          "QueueLength" : 17.32142857142857,
          "TASK_CONTAINERS" : 1.7321428571428568
        }
      },
      "AppCoordinates {com.bbn, test-service1, 1}" : {
        "UNKNOWN" : {
          "QueueLength" : 17.32142857142857,
          "TASK_CONTAINERS" : 1.7321428571428568
        }
      }
    },
    "containerNetworkLoad" : {
      "interface-nodeF ( nodeF )" : {
        "(clientPoolF, nodeF_c03, nodeF_c03)" : {
          "AppCoordinates {com.bbn, test-service3, 1}" : {
            "DATARATE_TX" : 0.02800000000000001,
            "DATARATE_RX" : 0.014000000000000005
          }
        },
        "(clientPoolH, nodeF_c05, nodeF_c05)" : {
          "AppCoordinates {com.bbn, test-service1, 1}" : {
            "DATARATE_TX" : 0.022000000000000006,
            "DATARATE_RX" : 0.011000000000000003
          }
        },
        "(clientPoolF, nodeF_c02, nodeF_c02)" : {
          "AppCoordinates {com.bbn, test-service3, 1}" : {
            "DATARATE_TX" : 0.05200000000000003,
            "DATARATE_RX" : 0.026000000000000016
          }
        },
        "(clientPoolH, nodeF_c04, nodeF_c04)" : {
          "AppCoordinates {com.bbn, test-service2, 1}" : {
            "DATARATE_TX" : 0.01,
            "DATARATE_RX" : 0.005
          }
        },
        "(clientPoolB, nodeF_c01, nodeF_c01)" : {
          "AppCoordinates {com.bbn, test-service2, 1}" : {
            "DATARATE_TX" : 0.06200000000000004,
            "DATARATE_RX" : 0.03100000000000002
          }
        },
        "(clientPoolF, nodeF_c05, nodeF_c05)" : {
          "AppCoordinates {com.bbn, test-service1, 1}" : {
            "DATARATE_TX" : 0.02600000000000001,
            "DATARATE_RX" : 0.013000000000000005
          }
        },
        "(clientPoolB, nodeF_c00, nodeF_c00)" : {
          "AppCoordinates {com.bbn, test-service1, 1}" : {
            "DATARATE_TX" : 0.06400000000000004,
            "DATARATE_RX" : 0.03200000000000002
          }
        },
        "(clientPoolF, nodeF_c04, nodeF_c04)" : {
          "AppCoordinates {com.bbn, test-service2, 1}" : {
            "DATARATE_TX" : 0.016,
            "DATARATE_RX" : 0.008
          }
        },
        "(clientPoolH, nodeF_c01, nodeF_c01)" : {
          "AppCoordinates {com.bbn, test-service2, 1}" : {
            "DATARATE_TX" : 0.07000000000000005,
            "DATARATE_RX" : 0.035000000000000024
          }
        },
        "(clientPoolH, nodeF_c00, nodeF_c00)" : {
          "AppCoordinates {com.bbn, test-service1, 1}" : {
            "DATARATE_TX" : 0.05800000000000004,
            "DATARATE_RX" : 0.02900000000000002
          }
        },
        "(clientPoolH, nodeF_c03, nodeF_c03)" : {
          "AppCoordinates {com.bbn, test-service3, 1}" : {
            "DATARATE_TX" : 0.022000000000000006,
            "DATARATE_RX" : 0.011000000000000003
          }
        },
        "(clientPoolF, nodeF_c01, nodeF_c01)" : {
          "AppCoordinates {com.bbn, test-service2, 1}" : {
            "DATARATE_TX" : 0.06400000000000004,
            "DATARATE_RX" : 0.03200000000000002
          }
        },
        "(clientPoolH, nodeF_c02, nodeF_c02)" : {
          "AppCoordinates {com.bbn, test-service3, 1}" : {
            "DATARATE_TX" : 0.05800000000000004,
            "DATARATE_RX" : 0.02900000000000002
          }
        },
        "(clientPoolF, nodeF_c00, nodeF_c00)" : {
          "AppCoordinates {com.bbn, test-service1, 1}" : {
            "DATARATE_TX" : 0.054000000000000034,
            "DATARATE_RX" : 0.027000000000000017
          }
        },
        "(clientPoolB, nodeF_c03, nodeF_c03)" : {
          "AppCoordinates {com.bbn, test-service3, 1}" : {
            "DATARATE_TX" : 0.016,
            "DATARATE_RX" : 0.008
          }
        },
        "(clientPoolB, nodeF_c02, nodeF_c02)" : {
          "AppCoordinates {com.bbn, test-service3, 1}" : {
            "DATARATE_TX" : 0.06400000000000004,
            "DATARATE_RX" : 0.03200000000000002
          }
        },
        "(clientPoolB, nodeF_c05, nodeF_c05)" : {
          "AppCoordinates {com.bbn, test-service1, 1}" : {
            "DATARATE_TX" : 0.016,
            "DATARATE_RX" : 0.008
          }
        },
        "(clientPoolB, nodeF_c04, nodeF_c04)" : {
          "AppCoordinates {com.bbn, test-service2, 1}" : {
            "DATARATE_TX" : 0.018000000000000002,
            "DATARATE_RX" : 0.009000000000000001
          }
        }
      }
    },
    "containerNetworkDemand" : {
      "interface-nodeF ( nodeF )" : {
        "(clientPoolF, nodeF_c03, nodeF_c03)" : {
          "AppCoordinates {com.bbn, test-service3, 1}" : {
            "DATARATE_TX" : 0.028000000000000018,
            "DATARATE_RX" : 0.014000000000000009
          }
        },
        "(clientPoolH, nodeF_c05, nodeF_c05)" : {
          "AppCoordinates {com.bbn, test-service1, 1}" : {
            "DATARATE_TX" : 0.022000000000000006,
            "DATARATE_RX" : 0.011000000000000003
          }
        },
        "(clientPoolF, nodeF_c02, nodeF_c02)" : {
          "AppCoordinates {com.bbn, test-service3, 1}" : {
            "DATARATE_TX" : 0.05200000000000004,
            "DATARATE_RX" : 0.02600000000000002
          }
        },
        "(clientPoolH, nodeF_c04, nodeF_c04)" : {
          "AppCoordinates {com.bbn, test-service2, 1}" : {
            "DATARATE_TX" : 0.01,
            "DATARATE_RX" : 0.005
          }
        },
        "(clientPoolB, nodeF_c01, nodeF_c01)" : {
          "AppCoordinates {com.bbn, test-service2, 1}" : {
            "DATARATE_TX" : 0.06200000000000005,
            "DATARATE_RX" : 0.031000000000000024
          }
        },
        "(clientPoolF, nodeF_c05, nodeF_c05)" : {
          "AppCoordinates {com.bbn, test-service1, 1}" : {
            "DATARATE_TX" : 0.026000000000000013,
            "DATARATE_RX" : 0.013000000000000006
          }
        },
        "(clientPoolB, nodeF_c00, nodeF_c00)" : {
          "AppCoordinates {com.bbn, test-service1, 1}" : {
            "DATARATE_TX" : 0.06400000000000004,
            "DATARATE_RX" : 0.03200000000000002
          }
        },
        "(clientPoolF, nodeF_c04, nodeF_c04)" : {
          "AppCoordinates {com.bbn, test-service2, 1}" : {
            "DATARATE_TX" : 0.016,
            "DATARATE_RX" : 0.008
          }
        },
        "(clientPoolH, nodeF_c01, nodeF_c01)" : {
          "AppCoordinates {com.bbn, test-service2, 1}" : {
            "DATARATE_TX" : 0.07000000000000005,
            "DATARATE_RX" : 0.035000000000000024
          }
        },
        "(clientPoolH, nodeF_c00, nodeF_c00)" : {
          "AppCoordinates {com.bbn, test-service1, 1}" : {
            "DATARATE_TX" : 0.058000000000000045,
            "DATARATE_RX" : 0.029000000000000022
          }
        },
        "(clientPoolH, nodeF_c03, nodeF_c03)" : {
          "AppCoordinates {com.bbn, test-service3, 1}" : {
            "DATARATE_TX" : 0.022000000000000002,
            "DATARATE_RX" : 0.011000000000000001
          }
        },
        "(clientPoolF, nodeF_c01, nodeF_c01)" : {
          "AppCoordinates {com.bbn, test-service2, 1}" : {
            "DATARATE_TX" : 0.06400000000000004,
            "DATARATE_RX" : 0.03200000000000002
          }
        },
        "(clientPoolH, nodeF_c02, nodeF_c02)" : {
          "AppCoordinates {com.bbn, test-service3, 1}" : {
            "DATARATE_TX" : 0.058000000000000045,
            "DATARATE_RX" : 0.029000000000000022
          }
        },
        "(clientPoolF, nodeF_c00, nodeF_c00)" : {
          "AppCoordinates {com.bbn, test-service1, 1}" : {
            "DATARATE_TX" : 0.05400000000000004,
            "DATARATE_RX" : 0.02700000000000002
          }
        },
        "(clientPoolB, nodeF_c03, nodeF_c03)" : {
          "AppCoordinates {com.bbn, test-service3, 1}" : {
            "DATARATE_TX" : 0.016,
            "DATARATE_RX" : 0.008
          }
        },
        "(clientPoolB, nodeF_c02, nodeF_c02)" : {
          "AppCoordinates {com.bbn, test-service3, 1}" : {
            "DATARATE_TX" : 0.06400000000000004,
            "DATARATE_RX" : 0.03200000000000002
          }
        },
        "(clientPoolB, nodeF_c05, nodeF_c05)" : {
          "AppCoordinates {com.bbn, test-service1, 1}" : {
            "DATARATE_TX" : 0.016,
            "DATARATE_RX" : 0.008
          }
        },
        "(clientPoolB, nodeF_c04, nodeF_c04)" : {
          "AppCoordinates {com.bbn, test-service2, 1}" : {
            "DATARATE_TX" : 0.018000000000000002,
            "DATARATE_RX" : 0.009000000000000001
          }
        }
      }
    },
    "computeLoad" : {
      "AppCoordinates {com.bbn, test-service3, 1}" : {
        "UNKNOWN" : {
          "QueueLength" : 20.0,
          "TASK_CONTAINERS" : 1.9999999999999998
        }
      },
      "AppCoordinates {com.bbn, test-service2, 1}" : {
        "UNKNOWN" : {
          "QueueLength" : 20.0,
          "TASK_CONTAINERS" : 1.9999999999999998
        }
      },
      "AppCoordinates {com.bbn, test-service1, 1}" : {
        "UNKNOWN" : {
          "QueueLength" : 20.0,
          "TASK_CONTAINERS" : 1.9999999999999998
        }
      }
    },
    "availableServiceContainers" : 0,
    "averageProcessingTime" : { },
    "allocatedComputeCapacity" : {
      "CPU" : 8.0,
      "QueueLength" : 8000000.0,
      "TASK_CONTAINERS" : 8.0
    }
  } ]
}