{
  "region" : {
    "name" : "D"
  },
  "timestamp" : 234820,
  "servicePlan" : {
    "nodeD" : [ {
      "id" : {
        "name" : "nodeD_c03"
      },
      "service" : {
        "group" : "com.bbn",
        "artifact" : "test-service3",
        "version" : "1"
      },
      "weight" : 1.0,
      "stopTrafficTo" : true,
      "stop" : true
    }, {
      "id" : {
        "name" : "nodeD_c00"
      },
      "service" : {
        "group" : "com.bbn",
        "artifact" : "test-service2",
        "version" : "1"
      },
      "weight" : 1.0,
      "stopTrafficTo" : false,
      "stop" : false
    }, {
      "id" : {
        "name" : "nodeD_c02"
      },
      "service" : {
        "group" : "com.bbn",
        "artifact" : "test-service3",
        "version" : "1"
      },
      "weight" : 1.0,
      "stopTrafficTo" : false,
      "stop" : false
    }, {
      "id" : {
        "name" : "nodeD_c04"
      },
      "service" : {
        "group" : "com.bbn",
        "artifact" : "test-service3",
        "version" : "1"
      },
      "weight" : 1.0,
      "stopTrafficTo" : false,
      "stop" : false
    } ]
  },
  "overflowPlan" : {
    "AppCoordinates {com.bbn, test-service3, 1}" : {
      "A" : 0.0,
      "C" : 0.10090809593476471,
      "E" : 0.5540616620152975,
      "F" : 0.0,
      "G" : 0.0,
      "H" : 0.08625756051248445,
      "I" : 0.0,
      "D" : 0.25877268153745336
    },
    "AppCoordinates {com.bbn, test-service2, 1}" : {
      "A" : 0.06136050788442534,
      "C" : 0.0,
      "E" : 0.9386394921155745,
      "F" : 0.0,
      "G" : 0.0,
      "H" : 0.0,
      "I" : 0.0,
      "D" : 1.1102230246251565E-16
    },
    "AppCoordinates {com.bbn, test-service1, 1}" : {
      "A" : 0.0,
      "C" : 0.0,
      "E" : 1.0,
      "F" : 0.0,
      "G" : 0.0,
      "H" : 0.0,
      "I" : 0.0,
      "D" : 0.0
    }
  }
}