487,1,DNS_UPDATE_SUCCEEDED
40081,80,DCOP_PLAN_PLUBLIED
40089,80,RLG_PLAN_PUBLISHED
40588,81,DNS_UPDATE_SUCCEEDED
220554,435,DCOP_PLAN_PLUBLIED
223517,441,RLG_PLAN_PUBLISHED
940375,1861,DCOP_PLAN_PLUBLIED
941628,1864,RLG_PLAN_PUBLISHED
942063,1865,DNS_UPDATE_SUCCEEDED
944631,1870,RLG_PLAN_PUBLISHED
1060406,2099,DCOP_PLAN_PLUBLIED
1061799,2102,RLG_PLAN_PUBLISHED
1062738,2104,DNS_UPDATE_SUCCEEDED
1064804,2108,RLG_PLAN_PUBLISHED
1112886,2203,RLG_PLAN_PUBLISHED
1113289,2204,DNS_UPDATE_SUCCEEDED
1113796,2205,DNS_UPDATE_SUCCEEDED
1115888,2209,RLG_PLAN_PUBLISHED
1116319,2210,DNS_UPDATE_SUCCEEDED
1300372,2574,DCOP_PLAN_PLUBLIED
1302178,2578,RLG_PLAN_PUBLISHED
1302646,2579,DNS_UPDATE_SUCCEEDED
1305183,2584,RLG_PLAN_PUBLISHED
1420547,2811,DCOP_PLAN_PLUBLIED
1422457,2815,RLG_PLAN_PUBLISHED
1423418,2817,DNS_UPDATE_SUCCEEDED
1425468,2821,RLG_PLAN_PUBLISHED
1473598,2915,RLG_PLAN_PUBLISHED
1473847,2916,DNS_UPDATE_SUCCEEDED
1474358,2917,DNS_UPDATE_SUCCEEDED
1476605,2921,RLG_PLAN_PUBLISHED
1476889,2922,DNS_UPDATE_SUCCEEDED
