{
  "nodeName" : {
    "name" : "nodeI"
  },
  "timestamp" : 42997,
  "demandEstimationWindow" : "LONG",
  "nodeComputeCapacity" : {
    "CPU" : 4.0,
    "MEMORY" : 8.0E9,
    "DISK" : 10.0,
    "TASK_CONTAINERS" : 20.0
  },
  "networkCapacity" : {
    "interface-nodeD ( nodeD )" : {
      "DATARATE_RX" : 100.0,
      "DATARATE_TX" : 100.0
    },
    "interface-clientPoolI ( clientPoolI )" : {
      "DATARATE_RX" : 100.0,
      "DATARATE_TX" : 100.0
    },
    "interface-nodeB ( nodeB )" : {
      "DATARATE_RX" : 100.0,
      "DATARATE_TX" : 100.0
    },
    "interface-nodeC ( nodeC )" : {
      "DATARATE_RX" : 100.0,
      "DATARATE_TX" : 100.0
    },
    "interface-nodeG ( nodeG )" : {
      "DATARATE_RX" : 100.0,
      "DATARATE_TX" : 100.0
    },
    "interface-nodeA ( nodeA )" : {
      "DATARATE_RX" : 100.0,
      "DATARATE_TX" : 100.0
    }
  },
  "networkLoad" : {
    "interface-nodeD ( nodeD )" : { },
    "interface-clientPoolI ( clientPoolI )" : {
      "(nodeI_c09, clientPoolI, nodeI_c09)" : {
        "AppCoordinates {com.bbn, test-service1, 1}" : {
          "DATARATE_TX" : 4.0E-6,
          "DATARATE_RX" : 8.0E-6
        }
      },
      "(nodeI_c11, clientPoolI, nodeI_c11)" : {
        "AppCoordinates {com.bbn, test-service1, 1}" : {
          "DATARATE_TX" : 4.0E-6,
          "DATARATE_RX" : 8.0E-6
        }
      },
      "(nodeI_c00, clientPoolI, nodeI_c00)" : {
        "AppCoordinates {com.bbn, test-service1, 1}" : {
          "DATARATE_TX" : 4.0E-6,
          "DATARATE_RX" : 8.0E-6
        }
      },
      "(nodeI_c10, clientPoolI, nodeI_c10)" : {
        "AppCoordinates {com.bbn, test-service1, 1}" : {
          "DATARATE_TX" : 4.0E-6,
          "DATARATE_RX" : 8.0E-6
        }
      },
      "(nodeI_c13, clientPoolI, nodeI_c13)" : {
        "AppCoordinates {com.bbn, test-service1, 1}" : {
          "DATARATE_TX" : 4.0E-6,
          "DATARATE_RX" : 8.0E-6
        }
      },
      "(nodeI_c02, clientPoolI, nodeI_c02)" : {
        "AppCoordinates {com.bbn, test-service1, 1}" : {
          "DATARATE_TX" : 4.0E-6,
          "DATARATE_RX" : 8.0E-6
        }
      },
      "(nodeI_c01, clientPoolI, nodeI_c01)" : {
        "AppCoordinates {com.bbn, test-service1, 1}" : {
          "DATARATE_TX" : 4.0E-6,
          "DATARATE_RX" : 8.0E-6
        }
      },
      "(nodeI_c12, clientPoolI, nodeI_c12)" : {
        "AppCoordinates {com.bbn, test-service1, 1}" : {
          "DATARATE_TX" : 4.0E-6,
          "DATARATE_RX" : 8.0E-6
        }
      },
      "(nodeI_c04, clientPoolI, nodeI_c04)" : {
        "AppCoordinates {com.bbn, test-service1, 1}" : {
          "DATARATE_TX" : 4.0E-6,
          "DATARATE_RX" : 8.0E-6
        }
      },
      "(nodeI_c15, clientPoolI, nodeI_c15)" : {
        "AppCoordinates {com.bbn, test-service1, 1}" : {
          "DATARATE_TX" : 4.0E-6,
          "DATARATE_RX" : 8.0E-6
        }
      },
      "(nodeI_c14, clientPoolI, nodeI_c14)" : {
        "AppCoordinates {com.bbn, test-service1, 1}" : {
          "DATARATE_TX" : 4.0E-6,
          "DATARATE_RX" : 8.0E-6
        }
      },
      "(nodeI_c03, clientPoolI, nodeI_c03)" : {
        "AppCoordinates {com.bbn, test-service1, 1}" : {
          "DATARATE_TX" : 4.0E-6,
          "DATARATE_RX" : 8.0E-6
        }
      },
      "(nodeI_c17, clientPoolI, nodeI_c17)" : {
        "AppCoordinates {com.bbn, test-service1, 1}" : {
          "DATARATE_TX" : 4.0E-6,
          "DATARATE_RX" : 8.0E-6
        }
      },
      "(nodeI_c06, clientPoolI, nodeI_c06)" : {
        "AppCoordinates {com.bbn, test-service1, 1}" : {
          "DATARATE_TX" : 4.0E-6,
          "DATARATE_RX" : 8.0E-6
        }
      },
      "(nodeI_c05, clientPoolI, nodeI_c05)" : {
        "AppCoordinates {com.bbn, test-service1, 1}" : {
          "DATARATE_TX" : 4.0E-6,
          "DATARATE_RX" : 8.0E-6
        }
      },
      "(nodeI_c16, clientPoolI, nodeI_c16)" : {
        "AppCoordinates {com.bbn, test-service1, 1}" : {
          "DATARATE_TX" : 4.0E-6,
          "DATARATE_RX" : 8.0E-6
        }
      },
      "(nodeI_c08, clientPoolI, nodeI_c08)" : {
        "AppCoordinates {com.bbn, test-service1, 1}" : {
          "DATARATE_TX" : 4.0E-6,
          "DATARATE_RX" : 8.0E-6
        }
      },
      "(nodeI_c19, clientPoolI, nodeI_c19)" : {
        "AppCoordinates {com.bbn, test-service1, 1}" : {
          "DATARATE_TX" : 4.0E-6,
          "DATARATE_RX" : 8.0E-6
        }
      },
      "(nodeI_c07, clientPoolI, nodeI_c07)" : {
        "AppCoordinates {com.bbn, test-service1, 1}" : {
          "DATARATE_TX" : 4.0E-6,
          "DATARATE_RX" : 8.0E-6
        }
      },
      "(nodeI_c18, clientPoolI, nodeI_c18)" : {
        "AppCoordinates {com.bbn, test-service1, 1}" : {
          "DATARATE_TX" : 4.0E-6,
          "DATARATE_RX" : 8.0E-6
        }
      }
    },
    "interface-nodeB ( nodeB )" : { },
    "interface-nodeC ( nodeC )" : { },
    "interface-nodeG ( nodeG )" : { },
    "interface-nodeA ( nodeA )" : { }
  },
  "networkDemand" : {
    "interface-nodeD ( nodeD )" : { },
    "interface-nodeC ( nodeC )" : { },
    "interface-nodeB ( nodeB )" : { },
    "interface-nodeA ( nodeA )" : { },
    "interface-nodeG ( nodeG )" : { },
    "interface-clientPoolI ( clientPoolI )" : {
      "(nodeI_c09, clientPoolI, nodeI_c09)" : {
        "AppCoordinates {com.bbn, test-service1, 1}" : {
          "DATARATE_TX" : 3.807692307692309E-6,
          "DATARATE_RX" : 7.615384615384618E-6
        }
      },
      "(nodeI_c00, clientPoolI, nodeI_c00)" : {
        "AppCoordinates {com.bbn, test-service1, 1}" : {
          "DATARATE_TX" : 3.520000000000001E-6,
          "DATARATE_RX" : 7.040000000000002E-6
        }
      },
      "(nodeI_c11, clientPoolI, nodeI_c11)" : {
        "AppCoordinates {com.bbn, test-service1, 1}" : {
          "DATARATE_TX" : 3.6000000000000007E-6,
          "DATARATE_RX" : 7.200000000000001E-6
        }
      },
      "(nodeI_c10, clientPoolI, nodeI_c10)" : {
        "AppCoordinates {com.bbn, test-service1, 1}" : {
          "DATARATE_TX" : 3.7600000000000013E-6,
          "DATARATE_RX" : 7.5200000000000025E-6
        }
      },
      "(nodeI_c02, clientPoolI, nodeI_c02)" : {
        "AppCoordinates {com.bbn, test-service1, 1}" : {
          "DATARATE_TX" : 3.720000000000001E-6,
          "DATARATE_RX" : 7.440000000000002E-6
        }
      },
      "(nodeI_c13, clientPoolI, nodeI_c13)" : {
        "AppCoordinates {com.bbn, test-service1, 1}" : {
          "DATARATE_TX" : 3.750000000000001E-6,
          "DATARATE_RX" : 7.500000000000002E-6
        }
      },
      "(nodeI_c12, clientPoolI, nodeI_c12)" : {
        "AppCoordinates {com.bbn, test-service1, 1}" : {
          "DATARATE_TX" : 3.720000000000001E-6,
          "DATARATE_RX" : 7.440000000000002E-6
        }
      },
      "(nodeI_c01, clientPoolI, nodeI_c01)" : {
        "AppCoordinates {com.bbn, test-service1, 1}" : {
          "DATARATE_TX" : 3.869565217391305E-6,
          "DATARATE_RX" : 7.73913043478261E-6
        }
      },
      "(nodeI_c15, clientPoolI, nodeI_c15)" : {
        "AppCoordinates {com.bbn, test-service1, 1}" : {
          "DATARATE_TX" : 3.807692307692309E-6,
          "DATARATE_RX" : 7.615384615384618E-6
        }
      },
      "(nodeI_c04, clientPoolI, nodeI_c04)" : {
        "AppCoordinates {com.bbn, test-service1, 1}" : {
          "DATARATE_TX" : 3.7200000000000017E-6,
          "DATARATE_RX" : 7.440000000000003E-6
        }
      },
      "(nodeI_c03, clientPoolI, nodeI_c03)" : {
        "AppCoordinates {com.bbn, test-service1, 1}" : {
          "DATARATE_TX" : 3.6538461538461555E-6,
          "DATARATE_RX" : 7.307692307692311E-6
        }
      },
      "(nodeI_c14, clientPoolI, nodeI_c14)" : {
        "AppCoordinates {com.bbn, test-service1, 1}" : {
          "DATARATE_TX" : 3.7600000000000013E-6,
          "DATARATE_RX" : 7.5200000000000025E-6
        }
      },
      "(nodeI_c06, clientPoolI, nodeI_c06)" : {
        "AppCoordinates {com.bbn, test-service1, 1}" : {
          "DATARATE_TX" : 3.6538461538461547E-6,
          "DATARATE_RX" : 7.307692307692309E-6
        }
      },
      "(nodeI_c17, clientPoolI, nodeI_c17)" : {
        "AppCoordinates {com.bbn, test-service1, 1}" : {
          "DATARATE_TX" : 3.75E-6,
          "DATARATE_RX" : 7.5E-6
        }
      },
      "(nodeI_c16, clientPoolI, nodeI_c16)" : {
        "AppCoordinates {com.bbn, test-service1, 1}" : {
          "DATARATE_TX" : 3.8000000000000013E-6,
          "DATARATE_RX" : 7.600000000000003E-6
        }
      },
      "(nodeI_c05, clientPoolI, nodeI_c05)" : {
        "AppCoordinates {com.bbn, test-service1, 1}" : {
          "DATARATE_TX" : 3.833333333333334E-6,
          "DATARATE_RX" : 7.666666666666667E-6
        }
      },
      "(nodeI_c19, clientPoolI, nodeI_c19)" : {
        "AppCoordinates {com.bbn, test-service1, 1}" : {
          "DATARATE_TX" : 3.880000000000001E-6,
          "DATARATE_RX" : 7.760000000000002E-6
        }
      },
      "(nodeI_c08, clientPoolI, nodeI_c08)" : {
        "AppCoordinates {com.bbn, test-service1, 1}" : {
          "DATARATE_TX" : 3.7200000000000017E-6,
          "DATARATE_RX" : 7.440000000000003E-6
        }
      },
      "(nodeI_c18, clientPoolI, nodeI_c18)" : {
        "AppCoordinates {com.bbn, test-service1, 1}" : {
          "DATARATE_TX" : 3.8846153846153855E-6,
          "DATARATE_RX" : 7.769230769230771E-6
        }
      },
      "(nodeI_c07, clientPoolI, nodeI_c07)" : {
        "AppCoordinates {com.bbn, test-service1, 1}" : {
          "DATARATE_TX" : 3.91304347826087E-6,
          "DATARATE_RX" : 7.82608695652174E-6
        }
      }
    }
  },
  "containerReports" : {
    "nodeI_c04" : {
      "containerName" : {
        "name" : "nodeI_c04"
      },
      "timestamp" : 42997,
      "service" : {
        "group" : "com.bbn",
        "artifact" : "test-service1",
        "version" : "1"
      },
      "serviceStatus" : "RUNNING",
      "demandEstimationWindow" : "LONG",
      "computeCapacity" : {
        "CPU" : 1.0,
        "TASK_CONTAINERS" : 1.0,
        "QueueLength" : 1000000.0
      },
      "computeLoad" : {
        "UNKNOWN" : {
          "QueueLength" : 4.0,
          "TASK_CONTAINERS" : 1.0
        }
      },
      "computeDemand" : {
        "UNKNOWN" : {
          "QueueLength" : 1.0568181818181819,
          "TASK_CONTAINERS" : 0.8942307692307693
        }
      },
      "averageProcessingTime" : "NaN",
      "networkCapacity" : {
        "interface-nodeI ( nodeI )" : {
          "DATARATE_TX" : 100.0,
          "DATARATE_RX" : 100.0
        }
      },
      "networkLoad" : {
        "interface-nodeI ( nodeI )" : {
          "(clientPoolI, nodeI_c04, nodeI_c04)" : {
            "AppCoordinates {com.bbn, test-service1, 1}" : {
              "DATARATE_TX" : 2.0E-5,
              "DATARATE_RX" : 1.0E-5
            }
          }
        }
      },
      "networkDemand" : {
        "interface-nodeI ( nodeI )" : {
          "(clientPoolI, nodeI_c04, nodeI_c04)" : {
            "AppCoordinates {com.bbn, test-service1, 1}" : {
              "DATARATE_TX" : 1.5919999999999993E-5,
              "DATARATE_RX" : 7.959999999999997E-6
            }
          }
        }
      }
    },
    "nodeI_c15" : {
      "containerName" : {
        "name" : "nodeI_c15"
      },
      "timestamp" : 42998,
      "service" : {
        "group" : "com.bbn",
        "artifact" : "test-service1",
        "version" : "1"
      },
      "serviceStatus" : "RUNNING",
      "demandEstimationWindow" : "LONG",
      "computeCapacity" : {
        "CPU" : 1.0,
        "TASK_CONTAINERS" : 1.0,
        "QueueLength" : 1000000.0
      },
      "computeLoad" : {
        "UNKNOWN" : {
          "QueueLength" : 4.0,
          "TASK_CONTAINERS" : 1.0
        }
      },
      "computeDemand" : {
        "UNKNOWN" : {
          "QueueLength" : 1.1136363636363635,
          "TASK_CONTAINERS" : 0.9074074074074074
        }
      },
      "averageProcessingTime" : "NaN",
      "networkCapacity" : {
        "interface-nodeI ( nodeI )" : {
          "DATARATE_TX" : 100.0,
          "DATARATE_RX" : 100.0
        }
      },
      "networkLoad" : {
        "interface-nodeI ( nodeI )" : {
          "(clientPoolI, nodeI_c15, nodeI_c15)" : {
            "AppCoordinates {com.bbn, test-service1, 1}" : {
              "DATARATE_TX" : 2.0E-5,
              "DATARATE_RX" : 1.0E-5
            }
          }
        }
      },
      "networkDemand" : {
        "interface-nodeI ( nodeI )" : {
          "(clientPoolI, nodeI_c15, nodeI_c15)" : {
            "AppCoordinates {com.bbn, test-service1, 1}" : {
              "DATARATE_TX" : 1.576923076923077E-5,
              "DATARATE_RX" : 7.884615384615384E-6
            }
          }
        }
      }
    },
    "nodeI_c03" : {
      "containerName" : {
        "name" : "nodeI_c03"
      },
      "timestamp" : 42998,
      "service" : {
        "group" : "com.bbn",
        "artifact" : "test-service1",
        "version" : "1"
      },
      "serviceStatus" : "RUNNING",
      "demandEstimationWindow" : "LONG",
      "computeCapacity" : {
        "CPU" : 1.0,
        "TASK_CONTAINERS" : 1.0,
        "QueueLength" : 1000000.0
      },
      "computeLoad" : {
        "UNKNOWN" : {
          "QueueLength" : 4.0,
          "TASK_CONTAINERS" : 1.0
        }
      },
      "computeDemand" : {
        "UNKNOWN" : {
          "QueueLength" : 1.0795454545454546,
          "TASK_CONTAINERS" : 0.8796296296296297
        }
      },
      "averageProcessingTime" : "NaN",
      "networkCapacity" : {
        "interface-nodeI ( nodeI )" : {
          "DATARATE_TX" : 100.0,
          "DATARATE_RX" : 100.0
        }
      },
      "networkLoad" : {
        "interface-nodeI ( nodeI )" : {
          "(clientPoolI, nodeI_c03, nodeI_c03)" : {
            "AppCoordinates {com.bbn, test-service1, 1}" : {
              "DATARATE_TX" : 2.0E-5,
              "DATARATE_RX" : 1.0E-5
            }
          }
        }
      },
      "networkDemand" : {
        "interface-nodeI ( nodeI )" : {
          "(clientPoolI, nodeI_c03, nodeI_c03)" : {
            "AppCoordinates {com.bbn, test-service1, 1}" : {
              "DATARATE_TX" : 1.553846153846154E-5,
              "DATARATE_RX" : 7.76923076923077E-6
            }
          }
        }
      }
    },
    "nodeI_c14" : {
      "containerName" : {
        "name" : "nodeI_c14"
      },
      "timestamp" : 42998,
      "service" : {
        "group" : "com.bbn",
        "artifact" : "test-service1",
        "version" : "1"
      },
      "serviceStatus" : "RUNNING",
      "demandEstimationWindow" : "LONG",
      "computeCapacity" : {
        "CPU" : 1.0,
        "TASK_CONTAINERS" : 1.0,
        "QueueLength" : 1000000.0
      },
      "computeLoad" : {
        "UNKNOWN" : {
          "QueueLength" : 4.0,
          "TASK_CONTAINERS" : 1.0
        }
      },
      "computeDemand" : {
        "UNKNOWN" : {
          "QueueLength" : 1.0681818181818181,
          "TASK_CONTAINERS" : 0.9038461538461539
        }
      },
      "averageProcessingTime" : "NaN",
      "networkCapacity" : {
        "interface-nodeI ( nodeI )" : {
          "DATARATE_TX" : 100.0,
          "DATARATE_RX" : 100.0
        }
      },
      "networkLoad" : {
        "interface-nodeI ( nodeI )" : {
          "(clientPoolI, nodeI_c14, nodeI_c14)" : {
            "AppCoordinates {com.bbn, test-service1, 1}" : {
              "DATARATE_TX" : 2.0E-5,
              "DATARATE_RX" : 1.0E-5
            }
          }
        }
      },
      "networkDemand" : {
        "interface-nodeI ( nodeI )" : {
          "(clientPoolI, nodeI_c14, nodeI_c14)" : {
            "AppCoordinates {com.bbn, test-service1, 1}" : {
              "DATARATE_TX" : 1.5439999999999994E-5,
              "DATARATE_RX" : 7.719999999999997E-6
            }
          }
        }
      }
    },
    "nodeI_c02" : {
      "containerName" : {
        "name" : "nodeI_c02"
      },
      "timestamp" : 42998,
      "service" : {
        "group" : "com.bbn",
        "artifact" : "test-service1",
        "version" : "1"
      },
      "serviceStatus" : "RUNNING",
      "demandEstimationWindow" : "LONG",
      "computeCapacity" : {
        "CPU" : 1.0,
        "TASK_CONTAINERS" : 1.0,
        "QueueLength" : 1000000.0
      },
      "computeLoad" : {
        "UNKNOWN" : {
          "QueueLength" : 4.0,
          "TASK_CONTAINERS" : 1.0
        }
      },
      "computeDemand" : {
        "UNKNOWN" : {
          "QueueLength" : 1.0454545454545454,
          "TASK_CONTAINERS" : 0.8846153846153846
        }
      },
      "averageProcessingTime" : "NaN",
      "networkCapacity" : {
        "interface-nodeI ( nodeI )" : {
          "DATARATE_TX" : 100.0,
          "DATARATE_RX" : 100.0
        }
      },
      "networkLoad" : {
        "interface-nodeI ( nodeI )" : {
          "(clientPoolI, nodeI_c02, nodeI_c02)" : {
            "AppCoordinates {com.bbn, test-service1, 1}" : {
              "DATARATE_TX" : 2.0E-5,
              "DATARATE_RX" : 1.0E-5
            }
          }
        }
      },
      "networkDemand" : {
        "interface-nodeI ( nodeI )" : {
          "(clientPoolI, nodeI_c02, nodeI_c02)" : {
            "AppCoordinates {com.bbn, test-service1, 1}" : {
              "DATARATE_TX" : 1.6E-5,
              "DATARATE_RX" : 8.0E-6
            }
          }
        }
      }
    },
    "nodeI_c13" : {
      "containerName" : {
        "name" : "nodeI_c13"
      },
      "timestamp" : 42998,
      "service" : {
        "group" : "com.bbn",
        "artifact" : "test-service1",
        "version" : "1"
      },
      "serviceStatus" : "RUNNING",
      "demandEstimationWindow" : "LONG",
      "computeCapacity" : {
        "CPU" : 1.0,
        "TASK_CONTAINERS" : 1.0,
        "QueueLength" : 1000000.0
      },
      "computeLoad" : {
        "UNKNOWN" : {
          "QueueLength" : 4.0,
          "TASK_CONTAINERS" : 1.0
        }
      },
      "computeDemand" : {
        "UNKNOWN" : {
          "QueueLength" : 1.0227272727272727,
          "TASK_CONTAINERS" : 0.9
        }
      },
      "averageProcessingTime" : "NaN",
      "networkCapacity" : {
        "interface-nodeI ( nodeI )" : {
          "DATARATE_TX" : 100.0,
          "DATARATE_RX" : 100.0
        }
      },
      "networkLoad" : {
        "interface-nodeI ( nodeI )" : {
          "(clientPoolI, nodeI_c13, nodeI_c13)" : {
            "AppCoordinates {com.bbn, test-service1, 1}" : {
              "DATARATE_TX" : 2.0E-5,
              "DATARATE_RX" : 1.0E-5
            }
          }
        }
      },
      "networkDemand" : {
        "interface-nodeI ( nodeI )" : {
          "(clientPoolI, nodeI_c13, nodeI_c13)" : {
            "AppCoordinates {com.bbn, test-service1, 1}" : {
              "DATARATE_TX" : 1.6416666666666665E-5,
              "DATARATE_RX" : 8.208333333333332E-6
            }
          }
        }
      }
    },
    "nodeI_c01" : {
      "containerName" : {
        "name" : "nodeI_c01"
      },
      "timestamp" : 42999,
      "service" : {
        "group" : "com.bbn",
        "artifact" : "test-service1",
        "version" : "1"
      },
      "serviceStatus" : "RUNNING",
      "demandEstimationWindow" : "LONG",
      "computeCapacity" : {
        "CPU" : 1.0,
        "TASK_CONTAINERS" : 1.0,
        "QueueLength" : 1000000.0
      },
      "computeLoad" : {
        "UNKNOWN" : {
          "QueueLength" : 4.0,
          "TASK_CONTAINERS" : 1.0
        }
      },
      "computeDemand" : {
        "UNKNOWN" : {
          "QueueLength" : 1.0,
          "TASK_CONTAINERS" : 0.9270833333333334
        }
      },
      "averageProcessingTime" : "NaN",
      "networkCapacity" : {
        "interface-nodeI ( nodeI )" : {
          "DATARATE_TX" : 100.0,
          "DATARATE_RX" : 100.0
        }
      },
      "networkLoad" : {
        "interface-nodeI ( nodeI )" : {
          "(clientPoolI, nodeI_c01, nodeI_c01)" : {
            "AppCoordinates {com.bbn, test-service1, 1}" : {
              "DATARATE_TX" : 2.0E-5,
              "DATARATE_RX" : 1.0E-5
            }
          }
        }
      },
      "networkDemand" : {
        "interface-nodeI ( nodeI )" : {
          "(clientPoolI, nodeI_c01, nodeI_c01)" : {
            "AppCoordinates {com.bbn, test-service1, 1}" : {
              "DATARATE_TX" : 1.6956521739130433E-5,
              "DATARATE_RX" : 8.478260869565217E-6
            }
          }
        }
      }
    },
    "nodeI_c12" : {
      "containerName" : {
        "name" : "nodeI_c12"
      },
      "timestamp" : 42999,
      "service" : {
        "group" : "com.bbn",
        "artifact" : "test-service1",
        "version" : "1"
      },
      "serviceStatus" : "RUNNING",
      "demandEstimationWindow" : "LONG",
      "computeCapacity" : {
        "CPU" : 1.0,
        "TASK_CONTAINERS" : 1.0,
        "QueueLength" : 1000000.0
      },
      "computeLoad" : {
        "UNKNOWN" : {
          "QueueLength" : 4.0,
          "TASK_CONTAINERS" : 1.0
        }
      },
      "computeDemand" : {
        "UNKNOWN" : {
          "QueueLength" : 1.0449438202247192,
          "TASK_CONTAINERS" : 0.8942307692307693
        }
      },
      "averageProcessingTime" : "NaN",
      "networkCapacity" : {
        "interface-nodeI ( nodeI )" : {
          "DATARATE_TX" : 100.0,
          "DATARATE_RX" : 100.0
        }
      },
      "networkLoad" : {
        "interface-nodeI ( nodeI )" : {
          "(clientPoolI, nodeI_c12, nodeI_c12)" : {
            "AppCoordinates {com.bbn, test-service1, 1}" : {
              "DATARATE_TX" : 2.0E-5,
              "DATARATE_RX" : 1.0E-5
            }
          }
        }
      },
      "networkDemand" : {
        "interface-nodeI ( nodeI )" : {
          "(clientPoolI, nodeI_c12, nodeI_c12)" : {
            "AppCoordinates {com.bbn, test-service1, 1}" : {
              "DATARATE_TX" : 1.5599999999999996E-5,
              "DATARATE_RX" : 7.799999999999998E-6
            }
          }
        }
      }
    },
    "nodeI_c00" : {
      "containerName" : {
        "name" : "nodeI_c00"
      },
      "timestamp" : 42999,
      "service" : {
        "group" : "com.bbn",
        "artifact" : "test-service1",
        "version" : "1"
      },
      "serviceStatus" : "RUNNING",
      "demandEstimationWindow" : "LONG",
      "computeCapacity" : {
        "CPU" : 1.0,
        "TASK_CONTAINERS" : 1.0,
        "QueueLength" : 1000000.0
      },
      "computeLoad" : {
        "UNKNOWN" : {
          "QueueLength" : 4.0,
          "TASK_CONTAINERS" : 1.0
        }
      },
      "computeDemand" : {
        "UNKNOWN" : {
          "QueueLength" : 0.9887640449438202,
          "TASK_CONTAINERS" : 0.8461538461538461
        }
      },
      "averageProcessingTime" : "NaN",
      "networkCapacity" : {
        "interface-nodeI ( nodeI )" : {
          "DATARATE_TX" : 100.0,
          "DATARATE_RX" : 100.0
        }
      },
      "networkLoad" : {
        "interface-nodeI ( nodeI )" : {
          "(clientPoolI, nodeI_c00, nodeI_c00)" : {
            "AppCoordinates {com.bbn, test-service1, 1}" : {
              "DATARATE_TX" : 2.0E-5,
              "DATARATE_RX" : 1.0E-5
            }
          }
        }
      },
      "networkDemand" : {
        "interface-nodeI ( nodeI )" : {
          "(clientPoolI, nodeI_c00, nodeI_c00)" : {
            "AppCoordinates {com.bbn, test-service1, 1}" : {
              "DATARATE_TX" : 1.512E-5,
              "DATARATE_RX" : 7.56E-6
            }
          }
        }
      }
    },
    "nodeI_c11" : {
      "containerName" : {
        "name" : "nodeI_c11"
      },
      "timestamp" : 42999,
      "service" : {
        "group" : "com.bbn",
        "artifact" : "test-service1",
        "version" : "1"
      },
      "serviceStatus" : "RUNNING",
      "demandEstimationWindow" : "LONG",
      "computeCapacity" : {
        "CPU" : 1.0,
        "TASK_CONTAINERS" : 1.0,
        "QueueLength" : 1000000.0
      },
      "computeLoad" : {
        "UNKNOWN" : {
          "QueueLength" : 4.0,
          "TASK_CONTAINERS" : 1.0
        }
      },
      "computeDemand" : {
        "UNKNOWN" : {
          "QueueLength" : 1.0112359550561798,
          "TASK_CONTAINERS" : 0.8653846153846154
        }
      },
      "averageProcessingTime" : "NaN",
      "networkCapacity" : {
        "interface-nodeI ( nodeI )" : {
          "DATARATE_TX" : 100.0,
          "DATARATE_RX" : 100.0
        }
      },
      "networkLoad" : {
        "interface-nodeI ( nodeI )" : {
          "(clientPoolI, nodeI_c11, nodeI_c11)" : {
            "AppCoordinates {com.bbn, test-service1, 1}" : {
              "DATARATE_TX" : 2.0E-5,
              "DATARATE_RX" : 1.0E-5
            }
          }
        }
      },
      "networkDemand" : {
        "interface-nodeI ( nodeI )" : {
          "(clientPoolI, nodeI_c11, nodeI_c11)" : {
            "AppCoordinates {com.bbn, test-service1, 1}" : {
              "DATARATE_TX" : 1.5839999999999997E-5,
              "DATARATE_RX" : 7.919999999999999E-6
            }
          }
        }
      }
    },
    "nodeI_c10" : {
      "containerName" : {
        "name" : "nodeI_c10"
      },
      "timestamp" : 42999,
      "service" : {
        "group" : "com.bbn",
        "artifact" : "test-service1",
        "version" : "1"
      },
      "serviceStatus" : "RUNNING",
      "demandEstimationWindow" : "LONG",
      "computeCapacity" : {
        "CPU" : 1.0,
        "TASK_CONTAINERS" : 1.0,
        "QueueLength" : 1000000.0
      },
      "computeLoad" : {
        "UNKNOWN" : {
          "QueueLength" : 4.0,
          "TASK_CONTAINERS" : 1.0
        }
      },
      "computeDemand" : {
        "UNKNOWN" : {
          "QueueLength" : 1.0561797752808988,
          "TASK_CONTAINERS" : 0.9038461538461539
        }
      },
      "averageProcessingTime" : "NaN",
      "networkCapacity" : {
        "interface-nodeI ( nodeI )" : {
          "DATARATE_TX" : 100.0,
          "DATARATE_RX" : 100.0
        }
      },
      "networkLoad" : {
        "interface-nodeI ( nodeI )" : {
          "(clientPoolI, nodeI_c10, nodeI_c10)" : {
            "AppCoordinates {com.bbn, test-service1, 1}" : {
              "DATARATE_TX" : 2.0E-5,
              "DATARATE_RX" : 1.0E-5
            }
          }
        }
      },
      "networkDemand" : {
        "interface-nodeI ( nodeI )" : {
          "(clientPoolI, nodeI_c10, nodeI_c10)" : {
            "AppCoordinates {com.bbn, test-service1, 1}" : {
              "DATARATE_TX" : 1.624E-5,
              "DATARATE_RX" : 8.12E-6
            }
          }
        }
      }
    },
    "nodeI_c09" : {
      "containerName" : {
        "name" : "nodeI_c09"
      },
      "timestamp" : 43000,
      "service" : {
        "group" : "com.bbn",
        "artifact" : "test-service1",
        "version" : "1"
      },
      "serviceStatus" : "RUNNING",
      "demandEstimationWindow" : "LONG",
      "computeCapacity" : {
        "CPU" : 1.0,
        "TASK_CONTAINERS" : 1.0,
        "QueueLength" : 1000000.0
      },
      "computeLoad" : {
        "UNKNOWN" : {
          "QueueLength" : 4.0,
          "TASK_CONTAINERS" : 1.0
        }
      },
      "computeDemand" : {
        "UNKNOWN" : {
          "QueueLength" : 1.1123595505617978,
          "TASK_CONTAINERS" : 0.9166666666666666
        }
      },
      "averageProcessingTime" : "NaN",
      "networkCapacity" : {
        "interface-nodeI ( nodeI )" : {
          "DATARATE_TX" : 100.0,
          "DATARATE_RX" : 100.0
        }
      },
      "networkLoad" : {
        "interface-nodeI ( nodeI )" : {
          "(clientPoolI, nodeI_c09, nodeI_c09)" : {
            "AppCoordinates {com.bbn, test-service1, 1}" : {
              "DATARATE_TX" : 2.0E-5,
              "DATARATE_RX" : 1.0E-5
            }
          }
        }
      },
      "networkDemand" : {
        "interface-nodeI ( nodeI )" : {
          "(clientPoolI, nodeI_c09, nodeI_c09)" : {
            "AppCoordinates {com.bbn, test-service1, 1}" : {
              "DATARATE_TX" : 1.5615384615384614E-5,
              "DATARATE_RX" : 7.807692307692307E-6
            }
          }
        }
      }
    },
    "nodeI_c08" : {
      "containerName" : {
        "name" : "nodeI_c08"
      },
      "timestamp" : 43000,
      "service" : {
        "group" : "com.bbn",
        "artifact" : "test-service1",
        "version" : "1"
      },
      "serviceStatus" : "RUNNING",
      "demandEstimationWindow" : "LONG",
      "computeCapacity" : {
        "CPU" : 1.0,
        "TASK_CONTAINERS" : 1.0,
        "QueueLength" : 1000000.0
      },
      "computeLoad" : {
        "UNKNOWN" : {
          "QueueLength" : 4.0,
          "TASK_CONTAINERS" : 1.0
        }
      },
      "computeDemand" : {
        "UNKNOWN" : {
          "QueueLength" : 1.0449438202247192,
          "TASK_CONTAINERS" : 0.8942307692307693
        }
      },
      "averageProcessingTime" : "NaN",
      "networkCapacity" : {
        "interface-nodeI ( nodeI )" : {
          "DATARATE_TX" : 100.0,
          "DATARATE_RX" : 100.0
        }
      },
      "networkLoad" : {
        "interface-nodeI ( nodeI )" : {
          "(clientPoolI, nodeI_c08, nodeI_c08)" : {
            "AppCoordinates {com.bbn, test-service1, 1}" : {
              "DATARATE_TX" : 2.0E-5,
              "DATARATE_RX" : 1.0E-5
            }
          }
        }
      },
      "networkDemand" : {
        "interface-nodeI ( nodeI )" : {
          "(clientPoolI, nodeI_c08, nodeI_c08)" : {
            "AppCoordinates {com.bbn, test-service1, 1}" : {
              "DATARATE_TX" : 1.6559999999999997E-5,
              "DATARATE_RX" : 8.279999999999999E-6
            }
          }
        }
      }
    },
    "nodeI_c19" : {
      "containerName" : {
        "name" : "nodeI_c19"
      },
      "timestamp" : 43000,
      "service" : {
        "group" : "com.bbn",
        "artifact" : "test-service1",
        "version" : "1"
      },
      "serviceStatus" : "RUNNING",
      "demandEstimationWindow" : "LONG",
      "computeCapacity" : {
        "CPU" : 1.0,
        "TASK_CONTAINERS" : 1.0,
        "QueueLength" : 1000000.0
      },
      "computeLoad" : {
        "UNKNOWN" : {
          "QueueLength" : 4.0,
          "TASK_CONTAINERS" : 1.0
        }
      },
      "computeDemand" : {
        "UNKNOWN" : {
          "QueueLength" : 1.0898876404494382,
          "TASK_CONTAINERS" : 0.9326923076923077
        }
      },
      "averageProcessingTime" : "NaN",
      "networkCapacity" : {
        "interface-nodeI ( nodeI )" : {
          "DATARATE_TX" : 100.0,
          "DATARATE_RX" : 100.0
        }
      },
      "networkLoad" : {
        "interface-nodeI ( nodeI )" : {
          "(clientPoolI, nodeI_c19, nodeI_c19)" : {
            "AppCoordinates {com.bbn, test-service1, 1}" : {
              "DATARATE_TX" : 2.0E-5,
              "DATARATE_RX" : 1.0E-5
            }
          }
        }
      },
      "networkDemand" : {
        "interface-nodeI ( nodeI )" : {
          "(clientPoolI, nodeI_c19, nodeI_c19)" : {
            "AppCoordinates {com.bbn, test-service1, 1}" : {
              "DATARATE_TX" : 1.6479999999999998E-5,
              "DATARATE_RX" : 8.239999999999999E-6
            }
          }
        }
      }
    },
    "nodeI_c07" : {
      "containerName" : {
        "name" : "nodeI_c07"
      },
      "timestamp" : 43000,
      "service" : {
        "group" : "com.bbn",
        "artifact" : "test-service1",
        "version" : "1"
      },
      "serviceStatus" : "RUNNING",
      "demandEstimationWindow" : "LONG",
      "computeCapacity" : {
        "CPU" : 1.0,
        "TASK_CONTAINERS" : 1.0,
        "QueueLength" : 1000000.0
      },
      "computeLoad" : {
        "UNKNOWN" : {
          "QueueLength" : 4.0,
          "TASK_CONTAINERS" : 1.0
        }
      },
      "computeDemand" : {
        "UNKNOWN" : {
          "QueueLength" : 1.0112359550561798,
          "TASK_CONTAINERS" : 0.9375
        }
      },
      "averageProcessingTime" : "NaN",
      "networkCapacity" : {
        "interface-nodeI ( nodeI )" : {
          "DATARATE_TX" : 100.0,
          "DATARATE_RX" : 100.0
        }
      },
      "networkLoad" : {
        "interface-nodeI ( nodeI )" : {
          "(clientPoolI, nodeI_c07, nodeI_c07)" : {
            "AppCoordinates {com.bbn, test-service1, 1}" : {
              "DATARATE_TX" : 2.0E-5,
              "DATARATE_RX" : 1.0E-5
            }
          }
        }
      },
      "networkDemand" : {
        "interface-nodeI ( nodeI )" : {
          "(clientPoolI, nodeI_c07, nodeI_c07)" : {
            "AppCoordinates {com.bbn, test-service1, 1}" : {
              "DATARATE_TX" : 1.6956521739130433E-5,
              "DATARATE_RX" : 8.478260869565217E-6
            }
          }
        }
      }
    },
    "nodeI_c18" : {
      "containerName" : {
        "name" : "nodeI_c18"
      },
      "timestamp" : 43000,
      "service" : {
        "group" : "com.bbn",
        "artifact" : "test-service1",
        "version" : "1"
      },
      "serviceStatus" : "RUNNING",
      "demandEstimationWindow" : "LONG",
      "computeCapacity" : {
        "CPU" : 1.0,
        "TASK_CONTAINERS" : 1.0,
        "QueueLength" : 1000000.0
      },
      "computeLoad" : {
        "UNKNOWN" : {
          "QueueLength" : 4.0,
          "TASK_CONTAINERS" : 1.0
        }
      },
      "computeDemand" : {
        "UNKNOWN" : {
          "QueueLength" : 1.1348314606741574,
          "TASK_CONTAINERS" : 0.9351851851851852
        }
      },
      "averageProcessingTime" : "NaN",
      "networkCapacity" : {
        "interface-nodeI ( nodeI )" : {
          "DATARATE_TX" : 100.0,
          "DATARATE_RX" : 100.0
        }
      },
      "networkLoad" : {
        "interface-nodeI ( nodeI )" : {
          "(clientPoolI, nodeI_c18, nodeI_c18)" : {
            "AppCoordinates {com.bbn, test-service1, 1}" : {
              "DATARATE_TX" : 2.0E-5,
              "DATARATE_RX" : 1.0E-5
            }
          }
        }
      },
      "networkDemand" : {
        "interface-nodeI ( nodeI )" : {
          "(clientPoolI, nodeI_c18, nodeI_c18)" : {
            "AppCoordinates {com.bbn, test-service1, 1}" : {
              "DATARATE_TX" : 1.615384615384615E-5,
              "DATARATE_RX" : 8.076923076923075E-6
            }
          }
        }
      }
    },
    "nodeI_c06" : {
      "containerName" : {
        "name" : "nodeI_c06"
      },
      "timestamp" : 43001,
      "service" : {
        "group" : "com.bbn",
        "artifact" : "test-service1",
        "version" : "1"
      },
      "serviceStatus" : "RUNNING",
      "demandEstimationWindow" : "LONG",
      "computeCapacity" : {
        "CPU" : 1.0,
        "TASK_CONTAINERS" : 1.0,
        "QueueLength" : 1000000.0
      },
      "computeLoad" : {
        "UNKNOWN" : {
          "QueueLength" : 4.0,
          "TASK_CONTAINERS" : 1.0
        }
      },
      "computeDemand" : {
        "UNKNOWN" : {
          "QueueLength" : 1.0674157303370786,
          "TASK_CONTAINERS" : 0.8796296296296297
        }
      },
      "averageProcessingTime" : "NaN",
      "networkCapacity" : {
        "interface-nodeI ( nodeI )" : {
          "DATARATE_TX" : 100.0,
          "DATARATE_RX" : 100.0
        }
      },
      "networkLoad" : {
        "interface-nodeI ( nodeI )" : {
          "(clientPoolI, nodeI_c06, nodeI_c06)" : {
            "AppCoordinates {com.bbn, test-service1, 1}" : {
              "DATARATE_TX" : 2.0E-5,
              "DATARATE_RX" : 1.0E-5
            }
          }
        }
      },
      "networkDemand" : {
        "interface-nodeI ( nodeI )" : {
          "(clientPoolI, nodeI_c06, nodeI_c06)" : {
            "AppCoordinates {com.bbn, test-service1, 1}" : {
              "DATARATE_TX" : 1.4846153846153842E-5,
              "DATARATE_RX" : 7.423076923076921E-6
            }
          }
        }
      }
    },
    "nodeI_c17" : {
      "containerName" : {
        "name" : "nodeI_c17"
      },
      "timestamp" : 43001,
      "service" : {
        "group" : "com.bbn",
        "artifact" : "test-service1",
        "version" : "1"
      },
      "serviceStatus" : "RUNNING",
      "demandEstimationWindow" : "LONG",
      "computeCapacity" : {
        "CPU" : 1.0,
        "TASK_CONTAINERS" : 1.0,
        "QueueLength" : 1000000.0
      },
      "computeLoad" : {
        "UNKNOWN" : {
          "QueueLength" : 4.0,
          "TASK_CONTAINERS" : 1.0
        }
      },
      "computeDemand" : {
        "UNKNOWN" : {
          "QueueLength" : 1.0112359550561798,
          "TASK_CONTAINERS" : 0.9
        }
      },
      "averageProcessingTime" : "NaN",
      "networkCapacity" : {
        "interface-nodeI ( nodeI )" : {
          "DATARATE_TX" : 100.0,
          "DATARATE_RX" : 100.0
        }
      },
      "networkLoad" : {
        "interface-nodeI ( nodeI )" : {
          "(clientPoolI, nodeI_c17, nodeI_c17)" : {
            "AppCoordinates {com.bbn, test-service1, 1}" : {
              "DATARATE_TX" : 2.0E-5,
              "DATARATE_RX" : 1.0E-5
            }
          }
        }
      },
      "networkDemand" : {
        "interface-nodeI ( nodeI )" : {
          "(clientPoolI, nodeI_c17, nodeI_c17)" : {
            "AppCoordinates {com.bbn, test-service1, 1}" : {
              "DATARATE_TX" : 1.625E-5,
              "DATARATE_RX" : 8.125E-6
            }
          }
        }
      }
    },
    "nodeI_c05" : {
      "containerName" : {
        "name" : "nodeI_c05"
      },
      "timestamp" : 43001,
      "service" : {
        "group" : "com.bbn",
        "artifact" : "test-service1",
        "version" : "1"
      },
      "serviceStatus" : "RUNNING",
      "demandEstimationWindow" : "LONG",
      "computeCapacity" : {
        "CPU" : 1.0,
        "TASK_CONTAINERS" : 1.0,
        "QueueLength" : 1000000.0
      },
      "computeLoad" : {
        "UNKNOWN" : {
          "QueueLength" : 4.0,
          "TASK_CONTAINERS" : 1.0
        }
      },
      "computeDemand" : {
        "UNKNOWN" : {
          "QueueLength" : 1.0337078651685394,
          "TASK_CONTAINERS" : 0.92
        }
      },
      "averageProcessingTime" : "NaN",
      "networkCapacity" : {
        "interface-nodeI ( nodeI )" : {
          "DATARATE_TX" : 100.0,
          "DATARATE_RX" : 100.0
        }
      },
      "networkLoad" : {
        "interface-nodeI ( nodeI )" : {
          "(clientPoolI, nodeI_c05, nodeI_c05)" : {
            "AppCoordinates {com.bbn, test-service1, 1}" : {
              "DATARATE_TX" : 2.0E-5,
              "DATARATE_RX" : 1.0E-5
            }
          }
        }
      },
      "networkDemand" : {
        "interface-nodeI ( nodeI )" : {
          "(clientPoolI, nodeI_c05, nodeI_c05)" : {
            "AppCoordinates {com.bbn, test-service1, 1}" : {
              "DATARATE_TX" : 1.6333333333333328E-5,
              "DATARATE_RX" : 8.166666666666664E-6
            }
          }
        }
      }
    },
    "nodeI_c16" : {
      "containerName" : {
        "name" : "nodeI_c16"
      },
      "timestamp" : 43001,
      "service" : {
        "group" : "com.bbn",
        "artifact" : "test-service1",
        "version" : "1"
      },
      "serviceStatus" : "RUNNING",
      "demandEstimationWindow" : "LONG",
      "computeCapacity" : {
        "CPU" : 1.0,
        "TASK_CONTAINERS" : 1.0,
        "QueueLength" : 1000000.0
      },
      "computeLoad" : {
        "UNKNOWN" : {
          "QueueLength" : 4.0,
          "TASK_CONTAINERS" : 1.0
        }
      },
      "computeDemand" : {
        "UNKNOWN" : {
          "QueueLength" : 1.0674157303370786,
          "TASK_CONTAINERS" : 0.9134615384615384
        }
      },
      "averageProcessingTime" : "NaN",
      "networkCapacity" : {
        "interface-nodeI ( nodeI )" : {
          "DATARATE_TX" : 100.0,
          "DATARATE_RX" : 100.0
        }
      },
      "networkLoad" : {
        "interface-nodeI ( nodeI )" : {
          "(clientPoolI, nodeI_c16, nodeI_c16)" : {
            "AppCoordinates {com.bbn, test-service1, 1}" : {
              "DATARATE_TX" : 2.0E-5,
              "DATARATE_RX" : 1.0E-5
            }
          }
        }
      },
      "networkDemand" : {
        "interface-nodeI ( nodeI )" : {
          "(clientPoolI, nodeI_c16, nodeI_c16)" : {
            "AppCoordinates {com.bbn, test-service1, 1}" : {
              "DATARATE_TX" : 1.608E-5,
              "DATARATE_RX" : 8.04E-6
            }
          }
        }
      }
    }
  },
  "maximumServiceContainers" : 20,
  "allocatedServiceContainers" : 20,
  "computeDemand" : {
    "AppCoordinates {com.bbn, test-service1, 1}" : {
      "UNKNOWN" : {
        "QueueLength" : 21.060520939734424,
        "TASK_CONTAINERS" : 18.035794159544164
      }
    }
  },
  "containerNetworkLoad" : {
    "interface-nodeI ( nodeI )" : {
      "(clientPoolI, nodeI_c09, nodeI_c09)" : {
        "AppCoordinates {com.bbn, test-service1, 1}" : {
          "DATARATE_TX" : 2.0E-5,
          "DATARATE_RX" : 1.0E-5
        }
      },
      "(clientPoolI, nodeI_c19, nodeI_c19)" : {
        "AppCoordinates {com.bbn, test-service1, 1}" : {
          "DATARATE_TX" : 2.0E-5,
          "DATARATE_RX" : 1.0E-5
        }
      },
      "(clientPoolI, nodeI_c08, nodeI_c08)" : {
        "AppCoordinates {com.bbn, test-service1, 1}" : {
          "DATARATE_TX" : 2.0E-5,
          "DATARATE_RX" : 1.0E-5
        }
      },
      "(clientPoolI, nodeI_c18, nodeI_c18)" : {
        "AppCoordinates {com.bbn, test-service1, 1}" : {
          "DATARATE_TX" : 2.0E-5,
          "DATARATE_RX" : 1.0E-5
        }
      },
      "(clientPoolI, nodeI_c07, nodeI_c07)" : {
        "AppCoordinates {com.bbn, test-service1, 1}" : {
          "DATARATE_TX" : 2.0E-5,
          "DATARATE_RX" : 1.0E-5
        }
      },
      "(clientPoolI, nodeI_c17, nodeI_c17)" : {
        "AppCoordinates {com.bbn, test-service1, 1}" : {
          "DATARATE_TX" : 2.0E-5,
          "DATARATE_RX" : 1.0E-5
        }
      },
      "(clientPoolI, nodeI_c06, nodeI_c06)" : {
        "AppCoordinates {com.bbn, test-service1, 1}" : {
          "DATARATE_TX" : 2.0E-5,
          "DATARATE_RX" : 1.0E-5
        }
      },
      "(clientPoolI, nodeI_c16, nodeI_c16)" : {
        "AppCoordinates {com.bbn, test-service1, 1}" : {
          "DATARATE_TX" : 2.0E-5,
          "DATARATE_RX" : 1.0E-5
        }
      },
      "(clientPoolI, nodeI_c05, nodeI_c05)" : {
        "AppCoordinates {com.bbn, test-service1, 1}" : {
          "DATARATE_TX" : 2.0E-5,
          "DATARATE_RX" : 1.0E-5
        }
      },
      "(clientPoolI, nodeI_c15, nodeI_c15)" : {
        "AppCoordinates {com.bbn, test-service1, 1}" : {
          "DATARATE_TX" : 2.0E-5,
          "DATARATE_RX" : 1.0E-5
        }
      },
      "(clientPoolI, nodeI_c04, nodeI_c04)" : {
        "AppCoordinates {com.bbn, test-service1, 1}" : {
          "DATARATE_TX" : 2.0E-5,
          "DATARATE_RX" : 1.0E-5
        }
      },
      "(clientPoolI, nodeI_c14, nodeI_c14)" : {
        "AppCoordinates {com.bbn, test-service1, 1}" : {
          "DATARATE_TX" : 2.0E-5,
          "DATARATE_RX" : 1.0E-5
        }
      },
      "(clientPoolI, nodeI_c03, nodeI_c03)" : {
        "AppCoordinates {com.bbn, test-service1, 1}" : {
          "DATARATE_TX" : 2.0E-5,
          "DATARATE_RX" : 1.0E-5
        }
      },
      "(clientPoolI, nodeI_c13, nodeI_c13)" : {
        "AppCoordinates {com.bbn, test-service1, 1}" : {
          "DATARATE_TX" : 2.0E-5,
          "DATARATE_RX" : 1.0E-5
        }
      },
      "(clientPoolI, nodeI_c02, nodeI_c02)" : {
        "AppCoordinates {com.bbn, test-service1, 1}" : {
          "DATARATE_TX" : 2.0E-5,
          "DATARATE_RX" : 1.0E-5
        }
      },
      "(clientPoolI, nodeI_c12, nodeI_c12)" : {
        "AppCoordinates {com.bbn, test-service1, 1}" : {
          "DATARATE_TX" : 2.0E-5,
          "DATARATE_RX" : 1.0E-5
        }
      },
      "(clientPoolI, nodeI_c01, nodeI_c01)" : {
        "AppCoordinates {com.bbn, test-service1, 1}" : {
          "DATARATE_TX" : 2.0E-5,
          "DATARATE_RX" : 1.0E-5
        }
      },
      "(clientPoolI, nodeI_c11, nodeI_c11)" : {
        "AppCoordinates {com.bbn, test-service1, 1}" : {
          "DATARATE_TX" : 2.0E-5,
          "DATARATE_RX" : 1.0E-5
        }
      },
      "(clientPoolI, nodeI_c00, nodeI_c00)" : {
        "AppCoordinates {com.bbn, test-service1, 1}" : {
          "DATARATE_TX" : 2.0E-5,
          "DATARATE_RX" : 1.0E-5
        }
      },
      "(clientPoolI, nodeI_c10, nodeI_c10)" : {
        "AppCoordinates {com.bbn, test-service1, 1}" : {
          "DATARATE_TX" : 2.0E-5,
          "DATARATE_RX" : 1.0E-5
        }
      }
    }
  },
  "containerNetworkDemand" : {
    "interface-nodeI ( nodeI )" : {
      "(clientPoolI, nodeI_c09, nodeI_c09)" : {
        "AppCoordinates {com.bbn, test-service1, 1}" : {
          "DATARATE_TX" : 1.5615384615384614E-5,
          "DATARATE_RX" : 7.807692307692307E-6
        }
      },
      "(clientPoolI, nodeI_c19, nodeI_c19)" : {
        "AppCoordinates {com.bbn, test-service1, 1}" : {
          "DATARATE_TX" : 1.6479999999999998E-5,
          "DATARATE_RX" : 8.239999999999999E-6
        }
      },
      "(clientPoolI, nodeI_c08, nodeI_c08)" : {
        "AppCoordinates {com.bbn, test-service1, 1}" : {
          "DATARATE_TX" : 1.6559999999999997E-5,
          "DATARATE_RX" : 8.279999999999999E-6
        }
      },
      "(clientPoolI, nodeI_c18, nodeI_c18)" : {
        "AppCoordinates {com.bbn, test-service1, 1}" : {
          "DATARATE_TX" : 1.615384615384615E-5,
          "DATARATE_RX" : 8.076923076923075E-6
        }
      },
      "(clientPoolI, nodeI_c07, nodeI_c07)" : {
        "AppCoordinates {com.bbn, test-service1, 1}" : {
          "DATARATE_TX" : 1.6956521739130433E-5,
          "DATARATE_RX" : 8.478260869565217E-6
        }
      },
      "(clientPoolI, nodeI_c17, nodeI_c17)" : {
        "AppCoordinates {com.bbn, test-service1, 1}" : {
          "DATARATE_TX" : 1.625E-5,
          "DATARATE_RX" : 8.125E-6
        }
      },
      "(clientPoolI, nodeI_c06, nodeI_c06)" : {
        "AppCoordinates {com.bbn, test-service1, 1}" : {
          "DATARATE_TX" : 1.4846153846153842E-5,
          "DATARATE_RX" : 7.423076923076921E-6
        }
      },
      "(clientPoolI, nodeI_c16, nodeI_c16)" : {
        "AppCoordinates {com.bbn, test-service1, 1}" : {
          "DATARATE_TX" : 1.608E-5,
          "DATARATE_RX" : 8.04E-6
        }
      },
      "(clientPoolI, nodeI_c05, nodeI_c05)" : {
        "AppCoordinates {com.bbn, test-service1, 1}" : {
          "DATARATE_TX" : 1.6333333333333328E-5,
          "DATARATE_RX" : 8.166666666666664E-6
        }
      },
      "(clientPoolI, nodeI_c15, nodeI_c15)" : {
        "AppCoordinates {com.bbn, test-service1, 1}" : {
          "DATARATE_TX" : 1.576923076923077E-5,
          "DATARATE_RX" : 7.884615384615384E-6
        }
      },
      "(clientPoolI, nodeI_c04, nodeI_c04)" : {
        "AppCoordinates {com.bbn, test-service1, 1}" : {
          "DATARATE_TX" : 1.5919999999999993E-5,
          "DATARATE_RX" : 7.959999999999997E-6
        }
      },
      "(clientPoolI, nodeI_c14, nodeI_c14)" : {
        "AppCoordinates {com.bbn, test-service1, 1}" : {
          "DATARATE_TX" : 1.5439999999999994E-5,
          "DATARATE_RX" : 7.719999999999997E-6
        }
      },
      "(clientPoolI, nodeI_c03, nodeI_c03)" : {
        "AppCoordinates {com.bbn, test-service1, 1}" : {
          "DATARATE_TX" : 1.553846153846154E-5,
          "DATARATE_RX" : 7.76923076923077E-6
        }
      },
      "(clientPoolI, nodeI_c13, nodeI_c13)" : {
        "AppCoordinates {com.bbn, test-service1, 1}" : {
          "DATARATE_TX" : 1.6416666666666665E-5,
          "DATARATE_RX" : 8.208333333333332E-6
        }
      },
      "(clientPoolI, nodeI_c02, nodeI_c02)" : {
        "AppCoordinates {com.bbn, test-service1, 1}" : {
          "DATARATE_TX" : 1.6E-5,
          "DATARATE_RX" : 8.0E-6
        }
      },
      "(clientPoolI, nodeI_c12, nodeI_c12)" : {
        "AppCoordinates {com.bbn, test-service1, 1}" : {
          "DATARATE_TX" : 1.5599999999999996E-5,
          "DATARATE_RX" : 7.799999999999998E-6
        }
      },
      "(clientPoolI, nodeI_c01, nodeI_c01)" : {
        "AppCoordinates {com.bbn, test-service1, 1}" : {
          "DATARATE_TX" : 1.6956521739130433E-5,
          "DATARATE_RX" : 8.478260869565217E-6
        }
      },
      "(clientPoolI, nodeI_c11, nodeI_c11)" : {
        "AppCoordinates {com.bbn, test-service1, 1}" : {
          "DATARATE_TX" : 1.5839999999999997E-5,
          "DATARATE_RX" : 7.919999999999999E-6
        }
      },
      "(clientPoolI, nodeI_c00, nodeI_c00)" : {
        "AppCoordinates {com.bbn, test-service1, 1}" : {
          "DATARATE_TX" : 1.512E-5,
          "DATARATE_RX" : 7.56E-6
        }
      },
      "(clientPoolI, nodeI_c10, nodeI_c10)" : {
        "AppCoordinates {com.bbn, test-service1, 1}" : {
          "DATARATE_TX" : 1.624E-5,
          "DATARATE_RX" : 8.12E-6
        }
      }
    }
  },
  "computeLoad" : {
    "AppCoordinates {com.bbn, test-service1, 1}" : {
      "UNKNOWN" : {
        "QueueLength" : 80.0,
        "TASK_CONTAINERS" : 20.0
      }
    }
  },
  "availableServiceContainers" : 0,
  "averageProcessingTime" : { },
  "allocatedComputeCapacity" : {
    "CPU" : 20.0,
    "QueueLength" : 2.0E7,
    "TASK_CONTAINERS" : 20.0
  }
}