{
  "nodeName" : {
    "name" : "nodeB"
  },
  "timestamp" : 196990,
  "demandEstimationWindow" : "LONG",
  "nodeComputeCapacity" : {
    "CPU" : 8.0,
    "MEMORY" : 1.6E10,
    "DISK" : 10.0,
    "TASK_CONTAINERS" : 8.0
  },
  "networkCapacity" : {
    "interface-nodeD ( nodeD )" : {
      "DATARATE_RX" : 100.0,
      "DATARATE_TX" : 100.0
    },
    "interface-nodeE ( nodeE )" : {
      "DATARATE_RX" : 100.0,
      "DATARATE_TX" : 100.0
    },
    "interface-nodeG ( nodeG )" : {
      "DATARATE_RX" : 100.0,
      "DATARATE_TX" : 100.0
    }
  },
  "networkLoad" : {
    "interface-nodeD ( nodeD )" : {
      "(nodeB_c02, clientPoolD, nodeB_c02)" : {
        "AppCoordinates {com.bbn, test-service3, 1}" : {
          "DATARATE_TX" : 0.004,
          "DATARATE_RX" : 0.008
        }
      },
      "(nodeB_c01, clientPoolD, nodeB_c01)" : {
        "AppCoordinates {com.bbn, test-service2, 1}" : {
          "DATARATE_TX" : 0.004,
          "DATARATE_RX" : 0.008
        }
      },
      "(nodeB_c00, clientPoolD, nodeB_c00)" : {
        "AppCoordinates {com.bbn, test-service1, 1}" : {
          "DATARATE_TX" : 0.004,
          "DATARATE_RX" : 0.008
        }
      },
      "(nodeB_c06, clientPoolD, nodeB_c06)" : {
        "AppCoordinates {com.bbn, test-service3, 1}" : {
          "DATARATE_TX" : 0.002,
          "DATARATE_RX" : 0.004
        }
      },
      "(nodeB_c05, clientPoolD, nodeB_c05)" : {
        "AppCoordinates {com.bbn, test-service3, 1}" : {
          "DATARATE_TX" : 0.004,
          "DATARATE_RX" : 0.008
        }
      },
      "(nodeB_c04, clientPoolD, nodeB_c04)" : {
        "AppCoordinates {com.bbn, test-service1, 1}" : {
          "DATARATE_TX" : 0.003,
          "DATARATE_RX" : 0.006
        }
      },
      "(nodeB_c03, clientPoolD, nodeB_c03)" : {
        "AppCoordinates {com.bbn, test-service2, 1}" : {
          "DATARATE_TX" : 0.003,
          "DATARATE_RX" : 0.006
        }
      },
      "(nodeB_c07, clientPoolD, nodeB_c07)" : {
        "AppCoordinates {com.bbn, test-service2, 1}" : {
          "DATARATE_TX" : 0.004,
          "DATARATE_RX" : 0.008
        }
      }
    },
    "interface-nodeE ( nodeE )" : { },
    "interface-nodeG ( nodeG )" : {
      "(nodeB_c01, clientPoolC, nodeB_c01)" : {
        "AppCoordinates {com.bbn, test-service2, 1}" : {
          "DATARATE_TX" : 0.003,
          "DATARATE_RX" : 0.006
        }
      },
      "(nodeB_c00, clientPoolC, nodeB_c00)" : {
        "AppCoordinates {com.bbn, test-service1, 1}" : {
          "DATARATE_TX" : 0.003,
          "DATARATE_RX" : 0.006
        }
      },
      "(nodeB_c05, clientPoolC, nodeB_c05)" : {
        "AppCoordinates {com.bbn, test-service3, 1}" : {
          "DATARATE_TX" : 0.003,
          "DATARATE_RX" : 0.006
        }
      },
      "(nodeB_c03, clientPoolA, nodeB_c03)" : {
        "AppCoordinates {com.bbn, test-service2, 1}" : {
          "DATARATE_TX" : 0.003,
          "DATARATE_RX" : 0.006
        }
      },
      "(nodeB_c04, clientPoolC, nodeB_c04)" : {
        "AppCoordinates {com.bbn, test-service1, 1}" : {
          "DATARATE_TX" : 0.002,
          "DATARATE_RX" : 0.004
        }
      },
      "(nodeB_c02, clientPoolA, nodeB_c02)" : {
        "AppCoordinates {com.bbn, test-service3, 1}" : {
          "DATARATE_TX" : 0.003,
          "DATARATE_RX" : 0.006
        }
      },
      "(nodeB_c03, clientPoolC, nodeB_c03)" : {
        "AppCoordinates {com.bbn, test-service2, 1}" : {
          "DATARATE_TX" : 0.004,
          "DATARATE_RX" : 0.008
        }
      },
      "(nodeB_c01, clientPoolA, nodeB_c01)" : {
        "AppCoordinates {com.bbn, test-service2, 1}" : {
          "DATARATE_TX" : 0.003,
          "DATARATE_RX" : 0.006
        }
      },
      "(nodeB_c02, clientPoolC, nodeB_c02)" : {
        "AppCoordinates {com.bbn, test-service3, 1}" : {
          "DATARATE_TX" : 0.003,
          "DATARATE_RX" : 0.006
        }
      },
      "(nodeB_c00, clientPoolA, nodeB_c00)" : {
        "AppCoordinates {com.bbn, test-service1, 1}" : {
          "DATARATE_TX" : 0.003,
          "DATARATE_RX" : 0.006
        }
      },
      "(nodeB_c07, clientPoolA, nodeB_c07)" : {
        "AppCoordinates {com.bbn, test-service2, 1}" : {
          "DATARATE_TX" : 0.003,
          "DATARATE_RX" : 0.006
        }
      },
      "(nodeB_c06, clientPoolA, nodeB_c06)" : {
        "AppCoordinates {com.bbn, test-service3, 1}" : {
          "DATARATE_TX" : 0.004,
          "DATARATE_RX" : 0.008
        }
      },
      "(nodeB_c07, clientPoolC, nodeB_c07)" : {
        "AppCoordinates {com.bbn, test-service2, 1}" : {
          "DATARATE_TX" : 0.003,
          "DATARATE_RX" : 0.006
        }
      },
      "(nodeB_c05, clientPoolA, nodeB_c05)" : {
        "AppCoordinates {com.bbn, test-service3, 1}" : {
          "DATARATE_TX" : 0.003,
          "DATARATE_RX" : 0.006
        }
      },
      "(nodeB_c06, clientPoolC, nodeB_c06)" : {
        "AppCoordinates {com.bbn, test-service3, 1}" : {
          "DATARATE_TX" : 0.004,
          "DATARATE_RX" : 0.008
        }
      },
      "(nodeB_c04, clientPoolA, nodeB_c04)" : {
        "AppCoordinates {com.bbn, test-service1, 1}" : {
          "DATARATE_TX" : 0.005,
          "DATARATE_RX" : 0.01
        }
      }
    }
  },
  "networkDemand" : {
    "interface-nodeE ( nodeE )" : { },
    "interface-nodeD ( nodeD )" : {
      "(nodeB_c02, clientPoolD, nodeB_c02)" : {
        "AppCoordinates {com.bbn, test-service3, 1}" : {
          "DATARATE_TX" : 0.003996960486322192,
          "DATARATE_RX" : 0.007993920972644383
        }
      },
      "(nodeB_c01, clientPoolD, nodeB_c01)" : {
        "AppCoordinates {com.bbn, test-service2, 1}" : {
          "DATARATE_TX" : 0.004000000000000003,
          "DATARATE_RX" : 0.008000000000000005
        }
      },
      "(nodeB_c00, clientPoolD, nodeB_c00)" : {
        "AppCoordinates {com.bbn, test-service1, 1}" : {
          "DATARATE_TX" : 0.004005988023952098,
          "DATARATE_RX" : 0.008011976047904197
        }
      },
      "(nodeB_c06, clientPoolD, nodeB_c06)" : {
        "AppCoordinates {com.bbn, test-service3, 1}" : {
          "DATARATE_TX" : 0.0020000000000000013,
          "DATARATE_RX" : 0.004000000000000003
        }
      },
      "(nodeB_c05, clientPoolD, nodeB_c05)" : {
        "AppCoordinates {com.bbn, test-service3, 1}" : {
          "DATARATE_TX" : 0.004000000000000003,
          "DATARATE_RX" : 0.008000000000000005
        }
      },
      "(nodeB_c04, clientPoolD, nodeB_c04)" : {
        "AppCoordinates {com.bbn, test-service1, 1}" : {
          "DATARATE_TX" : 0.0030000000000000022,
          "DATARATE_RX" : 0.0060000000000000045
        }
      },
      "(nodeB_c03, clientPoolD, nodeB_c03)" : {
        "AppCoordinates {com.bbn, test-service2, 1}" : {
          "DATARATE_TX" : 0.0030000000000000022,
          "DATARATE_RX" : 0.0060000000000000045
        }
      },
      "(nodeB_c07, clientPoolD, nodeB_c07)" : {
        "AppCoordinates {com.bbn, test-service2, 1}" : {
          "DATARATE_TX" : 0.004000000000000003,
          "DATARATE_RX" : 0.008000000000000005
        }
      }
    },
    "interface-nodeG ( nodeG )" : {
      "(nodeB_c01, clientPoolC, nodeB_c01)" : {
        "AppCoordinates {com.bbn, test-service2, 1}" : {
          "DATARATE_TX" : 0.002996987951807231,
          "DATARATE_RX" : 0.005993975903614462
        }
      },
      "(nodeB_c00, clientPoolC, nodeB_c00)" : {
        "AppCoordinates {com.bbn, test-service1, 1}" : {
          "DATARATE_TX" : 0.003005988023952098,
          "DATARATE_RX" : 0.006011976047904196
        }
      },
      "(nodeB_c03, clientPoolA, nodeB_c03)" : {
        "AppCoordinates {com.bbn, test-service2, 1}" : {
          "DATARATE_TX" : 0.0030000000000000022,
          "DATARATE_RX" : 0.0060000000000000045
        }
      },
      "(nodeB_c05, clientPoolC, nodeB_c05)" : {
        "AppCoordinates {com.bbn, test-service3, 1}" : {
          "DATARATE_TX" : 0.0029905660377358514,
          "DATARATE_RX" : 0.005981132075471703
        }
      },
      "(nodeB_c02, clientPoolA, nodeB_c02)" : {
        "AppCoordinates {com.bbn, test-service3, 1}" : {
          "DATARATE_TX" : 0.0030000000000000022,
          "DATARATE_RX" : 0.0060000000000000045
        }
      },
      "(nodeB_c04, clientPoolC, nodeB_c04)" : {
        "AppCoordinates {com.bbn, test-service1, 1}" : {
          "DATARATE_TX" : 0.0020000000000000013,
          "DATARATE_RX" : 0.004000000000000003
        }
      },
      "(nodeB_c01, clientPoolA, nodeB_c01)" : {
        "AppCoordinates {com.bbn, test-service2, 1}" : {
          "DATARATE_TX" : 0.0030030120481927733,
          "DATARATE_RX" : 0.006006024096385547
        }
      },
      "(nodeB_c03, clientPoolC, nodeB_c03)" : {
        "AppCoordinates {com.bbn, test-service2, 1}" : {
          "DATARATE_TX" : 0.003995305164319252,
          "DATARATE_RX" : 0.007990610328638504
        }
      },
      "(nodeB_c00, clientPoolA, nodeB_c00)" : {
        "AppCoordinates {com.bbn, test-service1, 1}" : {
          "DATARATE_TX" : 0.003000000000000002,
          "DATARATE_RX" : 0.006000000000000004
        }
      },
      "(nodeB_c02, clientPoolC, nodeB_c02)" : {
        "AppCoordinates {com.bbn, test-service3, 1}" : {
          "DATARATE_TX" : 0.0030030395136778137,
          "DATARATE_RX" : 0.006006079027355627
        }
      },
      "(nodeB_c07, clientPoolA, nodeB_c07)" : {
        "AppCoordinates {com.bbn, test-service2, 1}" : {
          "DATARATE_TX" : 0.0030000000000000022,
          "DATARATE_RX" : 0.0060000000000000045
        }
      },
      "(nodeB_c06, clientPoolA, nodeB_c06)" : {
        "AppCoordinates {com.bbn, test-service3, 1}" : {
          "DATARATE_TX" : 0.003978494623655917,
          "DATARATE_RX" : 0.007956989247311834
        }
      },
      "(nodeB_c05, clientPoolA, nodeB_c05)" : {
        "AppCoordinates {com.bbn, test-service3, 1}" : {
          "DATARATE_TX" : 0.0030000000000000022,
          "DATARATE_RX" : 0.0060000000000000045
        }
      },
      "(nodeB_c07, clientPoolC, nodeB_c07)" : {
        "AppCoordinates {com.bbn, test-service2, 1}" : {
          "DATARATE_TX" : 0.0030000000000000022,
          "DATARATE_RX" : 0.0060000000000000045
        }
      },
      "(nodeB_c04, clientPoolA, nodeB_c04)" : {
        "AppCoordinates {com.bbn, test-service1, 1}" : {
          "DATARATE_TX" : 0.004999999999999996,
          "DATARATE_RX" : 0.009999999999999992
        }
      },
      "(nodeB_c06, clientPoolC, nodeB_c06)" : {
        "AppCoordinates {com.bbn, test-service3, 1}" : {
          "DATARATE_TX" : 0.003978494623655917,
          "DATARATE_RX" : 0.007956989247311834
        }
      }
    }
  },
  "containerReports" : {
    "nodeB_c00" : {
      "containerName" : {
        "name" : "nodeB_c00"
      },
      "timestamp" : 196990,
      "service" : {
        "group" : "com.bbn",
        "artifact" : "test-service3",
        "version" : "1"
      },
      "serviceStatus" : "RUNNING",
      "demandEstimationWindow" : "LONG",
      "computeCapacity" : {
        "CPU" : 1.0,
        "TASK_CONTAINERS" : 1.0,
        "QueueLength" : 1000000.0
      },
      "computeLoad" : {
        "UNKNOWN" : {
          "QueueLength" : 0.0
        }
      },
      "computeDemand" : {
        "UNKNOWN" : {
          "QueueLength" : 0.0
        }
      },
      "averageProcessingTime" : "NaN",
      "networkCapacity" : {
        "interface-nodeB ( nodeB )" : {
          "DATARATE_TX" : 100.0,
          "DATARATE_RX" : 100.0
        }
      },
      "networkLoad" : {
        "interface-nodeB ( nodeB )" : { }
      },
      "networkDemand" : {
        "interface-nodeB ( nodeB )" : { }
      }
    },
    "nodeB_c01" : {
      "containerName" : {
        "name" : "nodeB_c01"
      },
      "timestamp" : 196990,
      "service" : {
        "group" : "com.bbn",
        "artifact" : "test-service2",
        "version" : "1"
      },
      "serviceStatus" : "RUNNING",
      "demandEstimationWindow" : "LONG",
      "computeCapacity" : {
        "CPU" : 1.0,
        "TASK_CONTAINERS" : 1.0,
        "QueueLength" : 1000000.0
      },
      "computeLoad" : {
        "UNKNOWN" : {
          "QueueLength" : 10.0,
          "TASK_CONTAINERS" : 0.9999999999999999
        }
      },
      "computeDemand" : {
        "UNKNOWN" : {
          "QueueLength" : 9.162983425414364,
          "TASK_CONTAINERS" : 0.9960960960960958
        }
      },
      "averageProcessingTime" : "NaN",
      "networkCapacity" : {
        "interface-nodeB ( nodeB )" : {
          "DATARATE_TX" : 100.0,
          "DATARATE_RX" : 100.0
        }
      },
      "networkLoad" : {
        "interface-nodeB ( nodeB )" : {
          "(clientPoolA, nodeB_c01, nodeB_c01)" : {
            "AppCoordinates {com.bbn, test-service2, 1}" : {
              "DATARATE_TX" : 0.07400000000000005,
              "DATARATE_RX" : 0.037000000000000026
            }
          },
          "(clientPoolD, nodeB_c01, nodeB_c01)" : {
            "AppCoordinates {com.bbn, test-service2, 1}" : {
              "DATARATE_TX" : 0.06800000000000005,
              "DATARATE_RX" : 0.03400000000000002
            }
          },
          "(clientPoolC, nodeB_c01, nodeB_c01)" : {
            "AppCoordinates {com.bbn, test-service2, 1}" : {
              "DATARATE_TX" : 0.07600000000000005,
              "DATARATE_RX" : 0.03800000000000003
            }
          }
        }
      },
      "networkDemand" : {
        "interface-nodeB ( nodeB )" : {
          "(clientPoolA, nodeB_c01, nodeB_c01)" : {
            "AppCoordinates {com.bbn, test-service2, 1}" : {
              "DATARATE_TX" : 0.056542168674698676,
              "DATARATE_RX" : 0.028271084337349338
            }
          },
          "(clientPoolD, nodeB_c01, nodeB_c01)" : {
            "AppCoordinates {com.bbn, test-service2, 1}" : {
              "DATARATE_TX" : 0.05488554216867453,
              "DATARATE_RX" : 0.027442771084337264
            }
          },
          "(clientPoolC, nodeB_c01, nodeB_c01)" : {
            "AppCoordinates {com.bbn, test-service2, 1}" : {
              "DATARATE_TX" : 0.05640963855421672,
              "DATARATE_RX" : 0.02820481927710836
            }
          }
        }
      }
    },
    "nodeB_c02" : {
      "containerName" : {
        "name" : "nodeB_c02"
      },
      "timestamp" : 196993,
      "service" : {
        "group" : "com.bbn",
        "artifact" : "test-service3",
        "version" : "1"
      },
      "serviceStatus" : "RUNNING",
      "demandEstimationWindow" : "LONG",
      "computeCapacity" : {
        "CPU" : 1.0,
        "TASK_CONTAINERS" : 1.0,
        "QueueLength" : 1000000.0
      },
      "computeLoad" : {
        "UNKNOWN" : {
          "QueueLength" : 10.0,
          "TASK_CONTAINERS" : 0.9999999999999999
        }
      },
      "computeDemand" : {
        "UNKNOWN" : {
          "QueueLength" : 9.09972299168975,
          "TASK_CONTAINERS" : 0.9954545454545453
        }
      },
      "averageProcessingTime" : "NaN",
      "networkCapacity" : {
        "interface-nodeB ( nodeB )" : {
          "DATARATE_TX" : 100.0,
          "DATARATE_RX" : 100.0
        }
      },
      "networkLoad" : {
        "interface-nodeB ( nodeB )" : {
          "(clientPoolA, nodeB_c02, nodeB_c02)" : {
            "AppCoordinates {com.bbn, test-service3, 1}" : {
              "DATARATE_TX" : 0.07200000000000005,
              "DATARATE_RX" : 0.036000000000000025
            }
          },
          "(clientPoolC, nodeB_c02, nodeB_c02)" : {
            "AppCoordinates {com.bbn, test-service3, 1}" : {
              "DATARATE_TX" : 0.08000000000000006,
              "DATARATE_RX" : 0.04000000000000003
            }
          },
          "(clientPoolD, nodeB_c02, nodeB_c02)" : {
            "AppCoordinates {com.bbn, test-service3, 1}" : {
              "DATARATE_TX" : 0.06400000000000004,
              "DATARATE_RX" : 0.03200000000000002
            }
          }
        }
      },
      "networkDemand" : {
        "interface-nodeB ( nodeB )" : {
          "(clientPoolA, nodeB_c02, nodeB_c02)" : {
            "AppCoordinates {com.bbn, test-service3, 1}" : {
              "DATARATE_TX" : 0.05453495440729448,
              "DATARATE_RX" : 0.02726747720364724
            }
          },
          "(clientPoolC, nodeB_c02, nodeB_c02)" : {
            "AppCoordinates {com.bbn, test-service3, 1}" : {
              "DATARATE_TX" : 0.059610942249239914,
              "DATARATE_RX" : 0.029805471124619957
            }
          },
          "(clientPoolD, nodeB_c02, nodeB_c02)" : {
            "AppCoordinates {com.bbn, test-service3, 1}" : {
              "DATARATE_TX" : 0.052291793313069684,
              "DATARATE_RX" : 0.026145896656534842
            }
          }
        }
      }
    },
    "nodeB_c03" : {
      "containerName" : {
        "name" : "nodeB_c03"
      },
      "timestamp" : 196995,
      "service" : {
        "group" : "com.bbn",
        "artifact" : "test-service2",
        "version" : "1"
      },
      "serviceStatus" : "RUNNING",
      "demandEstimationWindow" : "LONG",
      "computeCapacity" : {
        "CPU" : 1.0,
        "TASK_CONTAINERS" : 1.0,
        "QueueLength" : 1000000.0
      },
      "computeLoad" : {
        "UNKNOWN" : {
          "QueueLength" : 10.0,
          "TASK_CONTAINERS" : 0.9999999999999999
        }
      },
      "computeDemand" : {
        "UNKNOWN" : {
          "QueueLength" : 6.490853658536586,
          "TASK_CONTAINERS" : 0.9948598130841121
        }
      },
      "averageProcessingTime" : "NaN",
      "networkCapacity" : {
        "interface-nodeB ( nodeB )" : {
          "DATARATE_TX" : 100.0,
          "DATARATE_RX" : 100.0
        }
      },
      "networkLoad" : {
        "interface-nodeB ( nodeB )" : {
          "(clientPoolC, nodeB_c03, nodeB_c03)" : {
            "AppCoordinates {com.bbn, test-service2, 1}" : {
              "DATARATE_TX" : 0.032000000000000015,
              "DATARATE_RX" : 0.016000000000000007
            }
          },
          "(clientPoolA, nodeB_c03, nodeB_c03)" : {
            "AppCoordinates {com.bbn, test-service2, 1}" : {
              "DATARATE_TX" : 0.032000000000000015,
              "DATARATE_RX" : 0.016000000000000007
            }
          },
          "(clientPoolD, nodeB_c03, nodeB_c03)" : {
            "AppCoordinates {com.bbn, test-service2, 1}" : {
              "DATARATE_TX" : 0.03600000000000002,
              "DATARATE_RX" : 0.01800000000000001
            }
          }
        }
      },
      "networkDemand" : {
        "interface-nodeB ( nodeB )" : {
          "(clientPoolC, nodeB_c03, nodeB_c03)" : {
            "AppCoordinates {com.bbn, test-service2, 1}" : {
              "DATARATE_TX" : 0.026309859154929578,
              "DATARATE_RX" : 0.013154929577464789
            }
          },
          "(clientPoolA, nodeB_c03, nodeB_c03)" : {
            "AppCoordinates {com.bbn, test-service2, 1}" : {
              "DATARATE_TX" : 0.02521126760563377,
              "DATARATE_RX" : 0.012605633802816886
            }
          },
          "(clientPoolD, nodeB_c03, nodeB_c03)" : {
            "AppCoordinates {com.bbn, test-service2, 1}" : {
              "DATARATE_TX" : 0.026948356807511634,
              "DATARATE_RX" : 0.013474178403755817
            }
          }
        }
      }
    },
    "nodeB_c04" : {
      "containerName" : {
        "name" : "nodeB_c04"
      },
      "timestamp" : 196997,
      "service" : {
        "group" : "com.bbn",
        "artifact" : "test-service1",
        "version" : "1"
      },
      "serviceStatus" : "RUNNING",
      "demandEstimationWindow" : "LONG",
      "computeCapacity" : {
        "CPU" : 1.0,
        "TASK_CONTAINERS" : 1.0,
        "QueueLength" : 1000000.0
      },
      "computeLoad" : {
        "UNKNOWN" : {
          "QueueLength" : 10.0,
          "TASK_CONTAINERS" : 0.9999999999999999
        }
      },
      "computeDemand" : {
        "UNKNOWN" : {
          "QueueLength" : 6.524390243902439,
          "TASK_CONTAINERS" : 0.9953488372093022
        }
      },
      "averageProcessingTime" : "NaN",
      "networkCapacity" : {
        "interface-nodeB ( nodeB )" : {
          "DATARATE_TX" : 100.0,
          "DATARATE_RX" : 100.0
        }
      },
      "networkLoad" : {
        "interface-nodeB ( nodeB )" : {
          "(clientPoolC, nodeB_c04, nodeB_c04)" : {
            "AppCoordinates {com.bbn, test-service1, 1}" : {
              "DATARATE_TX" : 0.032000000000000015,
              "DATARATE_RX" : 0.016000000000000007
            }
          },
          "(clientPoolD, nodeB_c04, nodeB_c04)" : {
            "AppCoordinates {com.bbn, test-service1, 1}" : {
              "DATARATE_TX" : 0.04200000000000002,
              "DATARATE_RX" : 0.02100000000000001
            }
          },
          "(clientPoolA, nodeB_c04, nodeB_c04)" : {
            "AppCoordinates {com.bbn, test-service1, 1}" : {
              "DATARATE_TX" : 0.04800000000000003,
              "DATARATE_RX" : 0.024000000000000014
            }
          }
        }
      },
      "networkDemand" : {
        "interface-nodeB ( nodeB )" : {
          "(clientPoolC, nodeB_c04, nodeB_c04)" : {
            "AppCoordinates {com.bbn, test-service1, 1}" : {
              "DATARATE_TX" : 0.02271028037383179,
              "DATARATE_RX" : 0.011355140186915896
            }
          },
          "(clientPoolD, nodeB_c04, nodeB_c04)" : {
            "AppCoordinates {com.bbn, test-service1, 1}" : {
              "DATARATE_TX" : 0.030373831775700896,
              "DATARATE_RX" : 0.015186915887850448
            }
          },
          "(clientPoolA, nodeB_c04, nodeB_c04)" : {
            "AppCoordinates {com.bbn, test-service1, 1}" : {
              "DATARATE_TX" : 0.03637383177570084,
              "DATARATE_RX" : 0.01818691588785042
            }
          }
        }
      }
    },
    "nodeB_c05" : {
      "containerName" : {
        "name" : "nodeB_c05"
      },
      "timestamp" : 196999,
      "service" : {
        "group" : "com.bbn",
        "artifact" : "test-service3",
        "version" : "1"
      },
      "serviceStatus" : "RUNNING",
      "demandEstimationWindow" : "LONG",
      "computeCapacity" : {
        "CPU" : 1.0,
        "TASK_CONTAINERS" : 1.0,
        "QueueLength" : 1000000.0
      },
      "computeLoad" : {
        "UNKNOWN" : {
          "QueueLength" : 10.0,
          "TASK_CONTAINERS" : 0.9999999999999999
        }
      },
      "computeDemand" : {
        "UNKNOWN" : {
          "QueueLength" : 6.555900621118012,
          "TASK_CONTAINERS" : 0.9910798122065726
        }
      },
      "averageProcessingTime" : "NaN",
      "networkCapacity" : {
        "interface-nodeB ( nodeB )" : {
          "DATARATE_TX" : 100.0,
          "DATARATE_RX" : 100.0
        }
      },
      "networkLoad" : {
        "interface-nodeB ( nodeB )" : {
          "(clientPoolA, nodeB_c05, nodeB_c05)" : {
            "AppCoordinates {com.bbn, test-service3, 1}" : {
              "DATARATE_TX" : 0.032000000000000015,
              "DATARATE_RX" : 0.016000000000000007
            }
          },
          "(clientPoolD, nodeB_c05, nodeB_c05)" : {
            "AppCoordinates {com.bbn, test-service3, 1}" : {
              "DATARATE_TX" : 0.04800000000000003,
              "DATARATE_RX" : 0.024000000000000014
            }
          },
          "(clientPoolC, nodeB_c05, nodeB_c05)" : {
            "AppCoordinates {com.bbn, test-service3, 1}" : {
              "DATARATE_TX" : 0.02600000000000001,
              "DATARATE_RX" : 0.013000000000000005
            }
          }
        }
      },
      "networkDemand" : {
        "interface-nodeB ( nodeB )" : {
          "(clientPoolA, nodeB_c05, nodeB_c05)" : {
            "AppCoordinates {com.bbn, test-service3, 1}" : {
              "DATARATE_TX" : 0.027393364928909973,
              "DATARATE_RX" : 0.013696682464454987
            }
          },
          "(clientPoolD, nodeB_c05, nodeB_c05)" : {
            "AppCoordinates {com.bbn, test-service3, 1}" : {
              "DATARATE_TX" : 0.03438862559241709,
              "DATARATE_RX" : 0.017194312796208543
            }
          },
          "(clientPoolC, nodeB_c05, nodeB_c05)" : {
            "AppCoordinates {com.bbn, test-service3, 1}" : {
              "DATARATE_TX" : 0.020226415094339586,
              "DATARATE_RX" : 0.010113207547169793
            }
          }
        }
      }
    },
    "nodeB_c06" : {
      "containerName" : {
        "name" : "nodeB_c06"
      },
      "timestamp" : 197000,
      "service" : {
        "group" : "com.bbn",
        "artifact" : "test-service3",
        "version" : "1"
      },
      "serviceStatus" : "RUNNING",
      "demandEstimationWindow" : "LONG",
      "computeCapacity" : {
        "CPU" : 1.0,
        "TASK_CONTAINERS" : 1.0,
        "QueueLength" : 1000000.0
      },
      "computeLoad" : {
        "UNKNOWN" : {
          "QueueLength" : 10.0,
          "TASK_CONTAINERS" : 0.9999999999999999
        }
      },
      "computeDemand" : {
        "UNKNOWN" : {
          "QueueLength" : 4.579207920792079,
          "TASK_CONTAINERS" : 0.9840425531914893
        }
      },
      "averageProcessingTime" : "NaN",
      "networkCapacity" : {
        "interface-nodeB ( nodeB )" : {
          "DATARATE_TX" : 100.0,
          "DATARATE_RX" : 100.0
        }
      },
      "networkLoad" : {
        "interface-nodeB ( nodeB )" : {
          "(clientPoolA, nodeB_c06, nodeB_c06)" : {
            "AppCoordinates {com.bbn, test-service3, 1}" : {
              "DATARATE_TX" : 0.016,
              "DATARATE_RX" : 0.008
            }
          },
          "(clientPoolC, nodeB_c06, nodeB_c06)" : {
            "AppCoordinates {com.bbn, test-service3, 1}" : {
              "DATARATE_TX" : 0.014,
              "DATARATE_RX" : 0.007
            }
          },
          "(clientPoolD, nodeB_c06, nodeB_c06)" : {
            "AppCoordinates {com.bbn, test-service3, 1}" : {
              "DATARATE_TX" : 0.008,
              "DATARATE_RX" : 0.004
            }
          }
        }
      },
      "networkDemand" : {
        "interface-nodeB ( nodeB )" : {
          "(clientPoolA, nodeB_c06, nodeB_c06)" : {
            "AppCoordinates {com.bbn, test-service3, 1}" : {
              "DATARATE_TX" : 0.015806451612903238,
              "DATARATE_RX" : 0.007903225806451619
            }
          },
          "(clientPoolC, nodeB_c06, nodeB_c06)" : {
            "AppCoordinates {com.bbn, test-service3, 1}" : {
              "DATARATE_TX" : 0.01389247311827958,
              "DATARATE_RX" : 0.00694623655913979
            }
          },
          "(clientPoolD, nodeB_c06, nodeB_c06)" : {
            "AppCoordinates {com.bbn, test-service3, 1}" : {
              "DATARATE_TX" : 0.007892473118279576,
              "DATARATE_RX" : 0.003946236559139788
            }
          }
        }
      }
    },
    "nodeB_c07" : {
      "containerName" : {
        "name" : "nodeB_c07"
      },
      "timestamp" : 197001,
      "service" : {
        "group" : "com.bbn",
        "artifact" : "test-service3",
        "version" : "1"
      },
      "serviceStatus" : "RUNNING",
      "demandEstimationWindow" : "LONG",
      "computeCapacity" : {
        "CPU" : 1.0,
        "TASK_CONTAINERS" : 1.0,
        "QueueLength" : 1000000.0
      },
      "computeLoad" : {
        "UNKNOWN" : {
          "QueueLength" : 0.0
        }
      },
      "computeDemand" : {
        "UNKNOWN" : {
          "QueueLength" : 0.0
        }
      },
      "averageProcessingTime" : "NaN",
      "networkCapacity" : {
        "interface-nodeB ( nodeB )" : {
          "DATARATE_TX" : 100.0,
          "DATARATE_RX" : 100.0
        }
      },
      "networkLoad" : {
        "interface-nodeB ( nodeB )" : { }
      },
      "networkDemand" : {
        "interface-nodeB ( nodeB )" : { }
      }
    }
  },
  "maximumServiceContainers" : 8,
  "allocatedServiceContainers" : 8,
  "computeDemand" : {
    "AppCoordinates {com.bbn, test-service3, 1}" : {
      "UNKNOWN" : {
        "QueueLength" : 20.23483153359984,
        "TASK_CONTAINERS" : 2.970576910852607
      }
    },
    "AppCoordinates {com.bbn, test-service2, 1}" : {
      "UNKNOWN" : {
        "QueueLength" : 15.65383708395095,
        "TASK_CONTAINERS" : 1.990955909180208
      }
    },
    "AppCoordinates {com.bbn, test-service1, 1}" : {
      "UNKNOWN" : {
        "QueueLength" : 6.524390243902439,
        "TASK_CONTAINERS" : 0.9953488372093022
      }
    }
  },
  "containerNetworkLoad" : {
    "interface-nodeB ( nodeB )" : {
      "(clientPoolA, nodeB_c06, nodeB_c06)" : {
        "AppCoordinates {com.bbn, test-service3, 1}" : {
          "DATARATE_TX" : 0.016,
          "DATARATE_RX" : 0.008
        }
      },
      "(clientPoolA, nodeB_c05, nodeB_c05)" : {
        "AppCoordinates {com.bbn, test-service3, 1}" : {
          "DATARATE_TX" : 0.032000000000000015,
          "DATARATE_RX" : 0.016000000000000007
        }
      },
      "(clientPoolD, nodeB_c05, nodeB_c05)" : {
        "AppCoordinates {com.bbn, test-service3, 1}" : {
          "DATARATE_TX" : 0.04800000000000003,
          "DATARATE_RX" : 0.024000000000000014
        }
      },
      "(clientPoolC, nodeB_c04, nodeB_c04)" : {
        "AppCoordinates {com.bbn, test-service1, 1}" : {
          "DATARATE_TX" : 0.032000000000000015,
          "DATARATE_RX" : 0.016000000000000007
        }
      },
      "(clientPoolA, nodeB_c02, nodeB_c02)" : {
        "AppCoordinates {com.bbn, test-service3, 1}" : {
          "DATARATE_TX" : 0.07200000000000005,
          "DATARATE_RX" : 0.036000000000000025
        }
      },
      "(clientPoolD, nodeB_c04, nodeB_c04)" : {
        "AppCoordinates {com.bbn, test-service1, 1}" : {
          "DATARATE_TX" : 0.04200000000000002,
          "DATARATE_RX" : 0.02100000000000001
        }
      },
      "(clientPoolC, nodeB_c03, nodeB_c03)" : {
        "AppCoordinates {com.bbn, test-service2, 1}" : {
          "DATARATE_TX" : 0.032000000000000015,
          "DATARATE_RX" : 0.016000000000000007
        }
      },
      "(clientPoolA, nodeB_c01, nodeB_c01)" : {
        "AppCoordinates {com.bbn, test-service2, 1}" : {
          "DATARATE_TX" : 0.07400000000000005,
          "DATARATE_RX" : 0.037000000000000026
        }
      },
      "(clientPoolC, nodeB_c06, nodeB_c06)" : {
        "AppCoordinates {com.bbn, test-service3, 1}" : {
          "DATARATE_TX" : 0.014,
          "DATARATE_RX" : 0.007
        }
      },
      "(clientPoolA, nodeB_c04, nodeB_c04)" : {
        "AppCoordinates {com.bbn, test-service1, 1}" : {
          "DATARATE_TX" : 0.04800000000000003,
          "DATARATE_RX" : 0.024000000000000014
        }
      },
      "(clientPoolD, nodeB_c06, nodeB_c06)" : {
        "AppCoordinates {com.bbn, test-service3, 1}" : {
          "DATARATE_TX" : 0.008,
          "DATARATE_RX" : 0.004
        }
      },
      "(clientPoolC, nodeB_c05, nodeB_c05)" : {
        "AppCoordinates {com.bbn, test-service3, 1}" : {
          "DATARATE_TX" : 0.02600000000000001,
          "DATARATE_RX" : 0.013000000000000005
        }
      },
      "(clientPoolA, nodeB_c03, nodeB_c03)" : {
        "AppCoordinates {com.bbn, test-service2, 1}" : {
          "DATARATE_TX" : 0.032000000000000015,
          "DATARATE_RX" : 0.016000000000000007
        }
      },
      "(clientPoolD, nodeB_c01, nodeB_c01)" : {
        "AppCoordinates {com.bbn, test-service2, 1}" : {
          "DATARATE_TX" : 0.06800000000000005,
          "DATARATE_RX" : 0.03400000000000002
        }
      },
      "(clientPoolD, nodeB_c03, nodeB_c03)" : {
        "AppCoordinates {com.bbn, test-service2, 1}" : {
          "DATARATE_TX" : 0.03600000000000002,
          "DATARATE_RX" : 0.01800000000000001
        }
      },
      "(clientPoolC, nodeB_c02, nodeB_c02)" : {
        "AppCoordinates {com.bbn, test-service3, 1}" : {
          "DATARATE_TX" : 0.08000000000000006,
          "DATARATE_RX" : 0.04000000000000003
        }
      },
      "(clientPoolD, nodeB_c02, nodeB_c02)" : {
        "AppCoordinates {com.bbn, test-service3, 1}" : {
          "DATARATE_TX" : 0.06400000000000004,
          "DATARATE_RX" : 0.03200000000000002
        }
      },
      "(clientPoolC, nodeB_c01, nodeB_c01)" : {
        "AppCoordinates {com.bbn, test-service2, 1}" : {
          "DATARATE_TX" : 0.07600000000000005,
          "DATARATE_RX" : 0.03800000000000003
        }
      }
    }
  },
  "containerNetworkDemand" : {
    "interface-nodeB ( nodeB )" : {
      "(clientPoolA, nodeB_c06, nodeB_c06)" : {
        "AppCoordinates {com.bbn, test-service3, 1}" : {
          "DATARATE_TX" : 0.015806451612903238,
          "DATARATE_RX" : 0.007903225806451619
        }
      },
      "(clientPoolA, nodeB_c05, nodeB_c05)" : {
        "AppCoordinates {com.bbn, test-service3, 1}" : {
          "DATARATE_TX" : 0.027393364928909973,
          "DATARATE_RX" : 0.013696682464454987
        }
      },
      "(clientPoolD, nodeB_c05, nodeB_c05)" : {
        "AppCoordinates {com.bbn, test-service3, 1}" : {
          "DATARATE_TX" : 0.03438862559241709,
          "DATARATE_RX" : 0.017194312796208543
        }
      },
      "(clientPoolC, nodeB_c04, nodeB_c04)" : {
        "AppCoordinates {com.bbn, test-service1, 1}" : {
          "DATARATE_TX" : 0.02271028037383179,
          "DATARATE_RX" : 0.011355140186915896
        }
      },
      "(clientPoolA, nodeB_c02, nodeB_c02)" : {
        "AppCoordinates {com.bbn, test-service3, 1}" : {
          "DATARATE_TX" : 0.05453495440729448,
          "DATARATE_RX" : 0.02726747720364724
        }
      },
      "(clientPoolD, nodeB_c04, nodeB_c04)" : {
        "AppCoordinates {com.bbn, test-service1, 1}" : {
          "DATARATE_TX" : 0.030373831775700896,
          "DATARATE_RX" : 0.015186915887850448
        }
      },
      "(clientPoolC, nodeB_c03, nodeB_c03)" : {
        "AppCoordinates {com.bbn, test-service2, 1}" : {
          "DATARATE_TX" : 0.026309859154929578,
          "DATARATE_RX" : 0.013154929577464789
        }
      },
      "(clientPoolA, nodeB_c01, nodeB_c01)" : {
        "AppCoordinates {com.bbn, test-service2, 1}" : {
          "DATARATE_TX" : 0.056542168674698676,
          "DATARATE_RX" : 0.028271084337349338
        }
      },
      "(clientPoolC, nodeB_c06, nodeB_c06)" : {
        "AppCoordinates {com.bbn, test-service3, 1}" : {
          "DATARATE_TX" : 0.01389247311827958,
          "DATARATE_RX" : 0.00694623655913979
        }
      },
      "(clientPoolA, nodeB_c04, nodeB_c04)" : {
        "AppCoordinates {com.bbn, test-service1, 1}" : {
          "DATARATE_TX" : 0.03637383177570084,
          "DATARATE_RX" : 0.01818691588785042
        }
      },
      "(clientPoolD, nodeB_c06, nodeB_c06)" : {
        "AppCoordinates {com.bbn, test-service3, 1}" : {
          "DATARATE_TX" : 0.007892473118279576,
          "DATARATE_RX" : 0.003946236559139788
        }
      },
      "(clientPoolC, nodeB_c05, nodeB_c05)" : {
        "AppCoordinates {com.bbn, test-service3, 1}" : {
          "DATARATE_TX" : 0.020226415094339586,
          "DATARATE_RX" : 0.010113207547169793
        }
      },
      "(clientPoolA, nodeB_c03, nodeB_c03)" : {
        "AppCoordinates {com.bbn, test-service2, 1}" : {
          "DATARATE_TX" : 0.02521126760563377,
          "DATARATE_RX" : 0.012605633802816886
        }
      },
      "(clientPoolD, nodeB_c01, nodeB_c01)" : {
        "AppCoordinates {com.bbn, test-service2, 1}" : {
          "DATARATE_TX" : 0.05488554216867453,
          "DATARATE_RX" : 0.027442771084337264
        }
      },
      "(clientPoolD, nodeB_c03, nodeB_c03)" : {
        "AppCoordinates {com.bbn, test-service2, 1}" : {
          "DATARATE_TX" : 0.026948356807511634,
          "DATARATE_RX" : 0.013474178403755817
        }
      },
      "(clientPoolC, nodeB_c02, nodeB_c02)" : {
        "AppCoordinates {com.bbn, test-service3, 1}" : {
          "DATARATE_TX" : 0.059610942249239914,
          "DATARATE_RX" : 0.029805471124619957
        }
      },
      "(clientPoolD, nodeB_c02, nodeB_c02)" : {
        "AppCoordinates {com.bbn, test-service3, 1}" : {
          "DATARATE_TX" : 0.052291793313069684,
          "DATARATE_RX" : 0.026145896656534842
        }
      },
      "(clientPoolC, nodeB_c01, nodeB_c01)" : {
        "AppCoordinates {com.bbn, test-service2, 1}" : {
          "DATARATE_TX" : 0.05640963855421672,
          "DATARATE_RX" : 0.02820481927710836
        }
      }
    }
  },
  "computeLoad" : {
    "AppCoordinates {com.bbn, test-service3, 1}" : {
      "UNKNOWN" : {
        "QueueLength" : 30.0,
        "TASK_CONTAINERS" : 2.9999999999999996
      }
    },
    "AppCoordinates {com.bbn, test-service2, 1}" : {
      "UNKNOWN" : {
        "QueueLength" : 20.0,
        "TASK_CONTAINERS" : 1.9999999999999998
      }
    },
    "AppCoordinates {com.bbn, test-service1, 1}" : {
      "UNKNOWN" : {
        "QueueLength" : 10.0,
        "TASK_CONTAINERS" : 0.9999999999999999
      }
    }
  },
  "availableServiceContainers" : 0,
  "averageProcessingTime" : { },
  "allocatedComputeCapacity" : {
    "CPU" : 8.0,
    "QueueLength" : 8000000.0,
    "TASK_CONTAINERS" : 8.0
  }
}