{
  "region" : {
    "name" : "F"
  },
  "nodeResourceReports" : [ {
    "nodeName" : {
      "name" : "nodeF"
    },
    "timestamp" : 53478,
    "demandEstimationWindow" : "SHORT",
    "nodeComputeCapacity" : {
      "CPU" : 8.0,
      "MEMORY" : 1.6E10,
      "DISK" : 10.0,
      "TASK_CONTAINERS" : 8.0
    },
    "networkCapacity" : {
      "interface-nodeE ( nodeE )" : {
        "DATARATE_RX" : 100.0,
        "DATARATE_TX" : 100.0
      },
      "interface-nodeC ( nodeC )" : {
        "DATARATE_RX" : 100.0,
        "DATARATE_TX" : 100.0
      },
      "interface-nodeG ( nodeG )" : {
        "DATARATE_RX" : 100.0,
        "DATARATE_TX" : 100.0
      },
      "interface-nodeM ( nodeM )" : {
        "DATARATE_RX" : 100.0,
        "DATARATE_TX" : 100.0
      },
      "interface-nodeN ( nodeN )" : {
        "DATARATE_RX" : 100.0,
        "DATARATE_TX" : 100.0
      }
    },
    "networkLoad" : {
      "interface-nodeE ( nodeE )" : { },
      "interface-nodeC ( nodeC )" : {
        "(nodeF_c00, clientPoolB, nodeF_c00)" : {
          "AppCoordinates {com.bbn, test-service1, 1}" : {
            "DATARATE_TX" : 0.003,
            "DATARATE_RX" : 0.006
          }
        },
        "(nodeF_c01, clientPoolB, nodeF_c01)" : {
          "AppCoordinates {com.bbn, test-service2, 1}" : {
            "DATARATE_TX" : 0.003,
            "DATARATE_RX" : 0.006
          }
        },
        "(nodeF_c02, clientPoolB, nodeF_c02)" : {
          "AppCoordinates {com.bbn, test-service3, 1}" : {
            "DATARATE_TX" : 0.003,
            "DATARATE_RX" : 0.006
          }
        }
      },
      "interface-nodeG ( nodeG )" : {
        "(nodeF_c00, clientPoolH, nodeF_c00)" : {
          "AppCoordinates {com.bbn, test-service1, 1}" : {
            "DATARATE_TX" : 0.003,
            "DATARATE_RX" : 0.006
          }
        },
        "(nodeF_c01, clientPoolH, nodeF_c01)" : {
          "AppCoordinates {com.bbn, test-service2, 1}" : {
            "DATARATE_TX" : 0.003,
            "DATARATE_RX" : 0.006
          }
        },
        "(nodeF_c02, clientPoolH, nodeF_c02)" : {
          "AppCoordinates {com.bbn, test-service3, 1}" : {
            "DATARATE_TX" : 0.004,
            "DATARATE_RX" : 0.008
          }
        }
      },
      "interface-nodeM ( nodeM )" : { },
      "interface-nodeN ( nodeN )" : { }
    },
    "networkDemand" : {
      "interface-nodeE ( nodeE )" : { },
      "interface-nodeC ( nodeC )" : {
        "(nodeF_c00, clientPoolB, nodeF_c00)" : {
          "AppCoordinates {com.bbn, test-service1, 1}" : {
            "DATARATE_TX" : 0.0029999999999999996,
            "DATARATE_RX" : 0.005999999999999999
          }
        },
        "(nodeF_c01, clientPoolB, nodeF_c01)" : {
          "AppCoordinates {com.bbn, test-service2, 1}" : {
            "DATARATE_TX" : 0.0029999999999999996,
            "DATARATE_RX" : 0.005999999999999999
          }
        },
        "(nodeF_c02, clientPoolB, nodeF_c02)" : {
          "AppCoordinates {com.bbn, test-service3, 1}" : {
            "DATARATE_TX" : 0.0029999999999999996,
            "DATARATE_RX" : 0.005999999999999999
          }
        }
      },
      "interface-nodeN ( nodeN )" : { },
      "interface-nodeM ( nodeM )" : { },
      "interface-nodeG ( nodeG )" : {
        "(nodeF_c00, clientPoolH, nodeF_c00)" : {
          "AppCoordinates {com.bbn, test-service1, 1}" : {
            "DATARATE_TX" : 0.0029999999999999996,
            "DATARATE_RX" : 0.005999999999999999
          }
        },
        "(nodeF_c01, clientPoolH, nodeF_c01)" : {
          "AppCoordinates {com.bbn, test-service2, 1}" : {
            "DATARATE_TX" : 0.0029999999999999996,
            "DATARATE_RX" : 0.005999999999999999
          }
        },
        "(nodeF_c02, clientPoolH, nodeF_c02)" : {
          "AppCoordinates {com.bbn, test-service3, 1}" : {
            "DATARATE_TX" : 0.004,
            "DATARATE_RX" : 0.008
          }
        }
      }
    },
    "containerReports" : {
      "nodeF_c04" : {
        "containerName" : {
          "name" : "nodeF_c04"
        },
        "timestamp" : 53478,
        "service" : {
          "group" : "com.bbn",
          "artifact" : "test-service2",
          "version" : "1"
        },
        "serviceStatus" : "RUNNING",
        "demandEstimationWindow" : "SHORT",
        "computeCapacity" : {
          "CPU" : 1.0,
          "TASK_CONTAINERS" : 1.0,
          "QueueLength" : 1000000.0
        },
        "computeLoad" : {
          "UNKNOWN" : {
            "QueueLength" : 0.0
          }
        },
        "computeDemand" : {
          "UNKNOWN" : {
            "QueueLength" : 0.0
          }
        },
        "averageProcessingTime" : "NaN",
        "networkCapacity" : {
          "interface-nodeF ( nodeF )" : {
            "DATARATE_TX" : 100.0,
            "DATARATE_RX" : 100.0
          }
        },
        "networkLoad" : {
          "interface-nodeF ( nodeF )" : { }
        },
        "networkDemand" : {
          "interface-nodeF ( nodeF )" : { }
        }
      },
      "nodeF_c05" : {
        "containerName" : {
          "name" : "nodeF_c05"
        },
        "timestamp" : 53478,
        "service" : {
          "group" : "com.bbn",
          "artifact" : "test-service1",
          "version" : "1"
        },
        "serviceStatus" : "RUNNING",
        "demandEstimationWindow" : "SHORT",
        "computeCapacity" : {
          "CPU" : 1.0,
          "TASK_CONTAINERS" : 1.0,
          "QueueLength" : 1000000.0
        },
        "computeLoad" : {
          "UNKNOWN" : {
            "QueueLength" : 0.0
          }
        },
        "computeDemand" : {
          "UNKNOWN" : {
            "QueueLength" : 0.0
          }
        },
        "averageProcessingTime" : "NaN",
        "networkCapacity" : {
          "interface-nodeF ( nodeF )" : {
            "DATARATE_TX" : 100.0,
            "DATARATE_RX" : 100.0
          }
        },
        "networkLoad" : {
          "interface-nodeF ( nodeF )" : { }
        },
        "networkDemand" : {
          "interface-nodeF ( nodeF )" : { }
        }
      },
      "nodeF_c00" : {
        "containerName" : {
          "name" : "nodeF_c00"
        },
        "timestamp" : 53478,
        "service" : {
          "group" : "com.bbn",
          "artifact" : "test-service1",
          "version" : "1"
        },
        "serviceStatus" : "RUNNING",
        "demandEstimationWindow" : "SHORT",
        "computeCapacity" : {
          "CPU" : 1.0,
          "TASK_CONTAINERS" : 1.0,
          "QueueLength" : 1000000.0
        },
        "computeLoad" : {
          "UNKNOWN" : {
            "QueueLength" : 10.0,
            "TASK_CONTAINERS" : 0.9999999999999999
          }
        },
        "computeDemand" : {
          "UNKNOWN" : {
            "QueueLength" : 8.75,
            "TASK_CONTAINERS" : 0.8749999999999999
          }
        },
        "averageProcessingTime" : "NaN",
        "networkCapacity" : {
          "interface-nodeF ( nodeF )" : {
            "DATARATE_TX" : 100.0,
            "DATARATE_RX" : 100.0
          }
        },
        "networkLoad" : {
          "interface-nodeF ( nodeF )" : {
            "(clientPoolB, nodeF_c00, nodeF_c00)" : {
              "AppCoordinates {com.bbn, test-service1, 1}" : {
                "DATARATE_TX" : 0.04000000000000002,
                "DATARATE_RX" : 0.02000000000000001
              }
            },
            "(clientPoolH, nodeF_c00, nodeF_c00)" : {
              "AppCoordinates {com.bbn, test-service1, 1}" : {
                "DATARATE_TX" : 0.04000000000000002,
                "DATARATE_RX" : 0.02000000000000001
              }
            },
            "(clientPoolF, nodeF_c00, nodeF_c00)" : {
              "AppCoordinates {com.bbn, test-service1, 1}" : {
                "DATARATE_TX" : 0.04000000000000002,
                "DATARATE_RX" : 0.02000000000000001
              }
            }
          }
        },
        "networkDemand" : {
          "interface-nodeF ( nodeF )" : {
            "(clientPoolB, nodeF_c00, nodeF_c00)" : {
              "AppCoordinates {com.bbn, test-service1, 1}" : {
                "DATARATE_TX" : 0.04000000000000003,
                "DATARATE_RX" : 0.020000000000000014
              }
            },
            "(clientPoolH, nodeF_c00, nodeF_c00)" : {
              "AppCoordinates {com.bbn, test-service1, 1}" : {
                "DATARATE_TX" : 0.04000000000000003,
                "DATARATE_RX" : 0.020000000000000014
              }
            },
            "(clientPoolF, nodeF_c00, nodeF_c00)" : {
              "AppCoordinates {com.bbn, test-service1, 1}" : {
                "DATARATE_TX" : 0.04000000000000003,
                "DATARATE_RX" : 0.020000000000000014
              }
            }
          }
        }
      },
      "nodeF_c01" : {
        "containerName" : {
          "name" : "nodeF_c01"
        },
        "timestamp" : 53481,
        "service" : {
          "group" : "com.bbn",
          "artifact" : "test-service2",
          "version" : "1"
        },
        "serviceStatus" : "RUNNING",
        "demandEstimationWindow" : "SHORT",
        "computeCapacity" : {
          "CPU" : 1.0,
          "TASK_CONTAINERS" : 1.0,
          "QueueLength" : 1000000.0
        },
        "computeLoad" : {
          "UNKNOWN" : {
            "QueueLength" : 10.0,
            "TASK_CONTAINERS" : 0.9999999999999999
          }
        },
        "computeDemand" : {
          "UNKNOWN" : {
            "QueueLength" : 8.571428571428571,
            "TASK_CONTAINERS" : 0.857142857142857
          }
        },
        "averageProcessingTime" : "NaN",
        "networkCapacity" : {
          "interface-nodeF ( nodeF )" : {
            "DATARATE_TX" : 100.0,
            "DATARATE_RX" : 100.0
          }
        },
        "networkLoad" : {
          "interface-nodeF ( nodeF )" : {
            "(clientPoolB, nodeF_c01, nodeF_c01)" : {
              "AppCoordinates {com.bbn, test-service2, 1}" : {
                "DATARATE_TX" : 0.04000000000000002,
                "DATARATE_RX" : 0.02000000000000001
              }
            },
            "(clientPoolH, nodeF_c01, nodeF_c01)" : {
              "AppCoordinates {com.bbn, test-service2, 1}" : {
                "DATARATE_TX" : 0.04000000000000002,
                "DATARATE_RX" : 0.02000000000000001
              }
            },
            "(clientPoolF, nodeF_c01, nodeF_c01)" : {
              "AppCoordinates {com.bbn, test-service2, 1}" : {
                "DATARATE_TX" : 0.04000000000000002,
                "DATARATE_RX" : 0.02000000000000001
              }
            }
          }
        },
        "networkDemand" : {
          "interface-nodeF ( nodeF )" : {
            "(clientPoolB, nodeF_c01, nodeF_c01)" : {
              "AppCoordinates {com.bbn, test-service2, 1}" : {
                "DATARATE_TX" : 0.04000000000000003,
                "DATARATE_RX" : 0.020000000000000014
              }
            },
            "(clientPoolH, nodeF_c01, nodeF_c01)" : {
              "AppCoordinates {com.bbn, test-service2, 1}" : {
                "DATARATE_TX" : 0.04000000000000003,
                "DATARATE_RX" : 0.020000000000000014
              }
            },
            "(clientPoolF, nodeF_c01, nodeF_c01)" : {
              "AppCoordinates {com.bbn, test-service2, 1}" : {
                "DATARATE_TX" : 0.04000000000000003,
                "DATARATE_RX" : 0.020000000000000014
              }
            }
          }
        }
      },
      "nodeF_c02" : {
        "containerName" : {
          "name" : "nodeF_c02"
        },
        "timestamp" : 53481,
        "service" : {
          "group" : "com.bbn",
          "artifact" : "test-service3",
          "version" : "1"
        },
        "serviceStatus" : "RUNNING",
        "demandEstimationWindow" : "SHORT",
        "computeCapacity" : {
          "CPU" : 1.0,
          "TASK_CONTAINERS" : 1.0,
          "QueueLength" : 1000000.0
        },
        "computeLoad" : {
          "UNKNOWN" : {
            "QueueLength" : 10.0,
            "TASK_CONTAINERS" : 0.9999999999999999
          }
        },
        "computeDemand" : {
          "UNKNOWN" : {
            "QueueLength" : 8.571428571428571,
            "TASK_CONTAINERS" : 0.857142857142857
          }
        },
        "averageProcessingTime" : "NaN",
        "networkCapacity" : {
          "interface-nodeF ( nodeF )" : {
            "DATARATE_TX" : 100.0,
            "DATARATE_RX" : 100.0
          }
        },
        "networkLoad" : {
          "interface-nodeF ( nodeF )" : {
            "(clientPoolF, nodeF_c02, nodeF_c02)" : {
              "AppCoordinates {com.bbn, test-service3, 1}" : {
                "DATARATE_TX" : 0.04000000000000002,
                "DATARATE_RX" : 0.02000000000000001
              }
            },
            "(clientPoolH, nodeF_c02, nodeF_c02)" : {
              "AppCoordinates {com.bbn, test-service3, 1}" : {
                "DATARATE_TX" : 0.04000000000000002,
                "DATARATE_RX" : 0.02000000000000001
              }
            },
            "(clientPoolB, nodeF_c02, nodeF_c02)" : {
              "AppCoordinates {com.bbn, test-service3, 1}" : {
                "DATARATE_TX" : 0.04000000000000002,
                "DATARATE_RX" : 0.02000000000000001
              }
            }
          }
        },
        "networkDemand" : {
          "interface-nodeF ( nodeF )" : {
            "(clientPoolF, nodeF_c02, nodeF_c02)" : {
              "AppCoordinates {com.bbn, test-service3, 1}" : {
                "DATARATE_TX" : 0.04000000000000003,
                "DATARATE_RX" : 0.020000000000000014
              }
            },
            "(clientPoolH, nodeF_c02, nodeF_c02)" : {
              "AppCoordinates {com.bbn, test-service3, 1}" : {
                "DATARATE_TX" : 0.04000000000000003,
                "DATARATE_RX" : 0.020000000000000014
              }
            },
            "(clientPoolB, nodeF_c02, nodeF_c02)" : {
              "AppCoordinates {com.bbn, test-service3, 1}" : {
                "DATARATE_TX" : 0.04000000000000003,
                "DATARATE_RX" : 0.020000000000000014
              }
            }
          }
        }
      },
      "nodeF_c03" : {
        "containerName" : {
          "name" : "nodeF_c03"
        },
        "timestamp" : 53482,
        "service" : {
          "group" : "com.bbn",
          "artifact" : "test-service3",
          "version" : "1"
        },
        "serviceStatus" : "RUNNING",
        "demandEstimationWindow" : "SHORT",
        "computeCapacity" : {
          "CPU" : 1.0,
          "TASK_CONTAINERS" : 1.0,
          "QueueLength" : 1000000.0
        },
        "computeLoad" : {
          "UNKNOWN" : {
            "QueueLength" : 0.0
          }
        },
        "computeDemand" : {
          "UNKNOWN" : {
            "QueueLength" : 0.0
          }
        },
        "averageProcessingTime" : "NaN",
        "networkCapacity" : {
          "interface-nodeF ( nodeF )" : {
            "DATARATE_TX" : 100.0,
            "DATARATE_RX" : 100.0
          }
        },
        "networkLoad" : {
          "interface-nodeF ( nodeF )" : { }
        },
        "networkDemand" : {
          "interface-nodeF ( nodeF )" : { }
        }
      }
    },
    "maximumServiceContainers" : 8,
    "allocatedServiceContainers" : 6,
    "computeDemand" : {
      "AppCoordinates {com.bbn, test-service3, 1}" : {
        "UNKNOWN" : {
          "QueueLength" : 8.571428571428571,
          "TASK_CONTAINERS" : 0.857142857142857
        }
      },
      "AppCoordinates {com.bbn, test-service2, 1}" : {
        "UNKNOWN" : {
          "QueueLength" : 8.571428571428571,
          "TASK_CONTAINERS" : 0.857142857142857
        }
      },
      "AppCoordinates {com.bbn, test-service1, 1}" : {
        "UNKNOWN" : {
          "QueueLength" : 8.75,
          "TASK_CONTAINERS" : 0.8749999999999999
        }
      }
    },
    "containerNetworkLoad" : {
      "interface-nodeF ( nodeF )" : {
        "(clientPoolF, nodeF_c02, nodeF_c02)" : {
          "AppCoordinates {com.bbn, test-service3, 1}" : {
            "DATARATE_TX" : 0.04000000000000002,
            "DATARATE_RX" : 0.02000000000000001
          }
        },
        "(clientPoolB, nodeF_c01, nodeF_c01)" : {
          "AppCoordinates {com.bbn, test-service2, 1}" : {
            "DATARATE_TX" : 0.04000000000000002,
            "DATARATE_RX" : 0.02000000000000001
          }
        },
        "(clientPoolB, nodeF_c00, nodeF_c00)" : {
          "AppCoordinates {com.bbn, test-service1, 1}" : {
            "DATARATE_TX" : 0.04000000000000002,
            "DATARATE_RX" : 0.02000000000000001
          }
        },
        "(clientPoolH, nodeF_c01, nodeF_c01)" : {
          "AppCoordinates {com.bbn, test-service2, 1}" : {
            "DATARATE_TX" : 0.04000000000000002,
            "DATARATE_RX" : 0.02000000000000001
          }
        },
        "(clientPoolH, nodeF_c00, nodeF_c00)" : {
          "AppCoordinates {com.bbn, test-service1, 1}" : {
            "DATARATE_TX" : 0.04000000000000002,
            "DATARATE_RX" : 0.02000000000000001
          }
        },
        "(clientPoolF, nodeF_c01, nodeF_c01)" : {
          "AppCoordinates {com.bbn, test-service2, 1}" : {
            "DATARATE_TX" : 0.04000000000000002,
            "DATARATE_RX" : 0.02000000000000001
          }
        },
        "(clientPoolH, nodeF_c02, nodeF_c02)" : {
          "AppCoordinates {com.bbn, test-service3, 1}" : {
            "DATARATE_TX" : 0.04000000000000002,
            "DATARATE_RX" : 0.02000000000000001
          }
        },
        "(clientPoolF, nodeF_c00, nodeF_c00)" : {
          "AppCoordinates {com.bbn, test-service1, 1}" : {
            "DATARATE_TX" : 0.04000000000000002,
            "DATARATE_RX" : 0.02000000000000001
          }
        },
        "(clientPoolB, nodeF_c02, nodeF_c02)" : {
          "AppCoordinates {com.bbn, test-service3, 1}" : {
            "DATARATE_TX" : 0.04000000000000002,
            "DATARATE_RX" : 0.02000000000000001
          }
        }
      }
    },
    "containerNetworkDemand" : {
      "interface-nodeF ( nodeF )" : {
        "(clientPoolF, nodeF_c02, nodeF_c02)" : {
          "AppCoordinates {com.bbn, test-service3, 1}" : {
            "DATARATE_TX" : 0.04000000000000003,
            "DATARATE_RX" : 0.020000000000000014
          }
        },
        "(clientPoolB, nodeF_c01, nodeF_c01)" : {
          "AppCoordinates {com.bbn, test-service2, 1}" : {
            "DATARATE_TX" : 0.04000000000000003,
            "DATARATE_RX" : 0.020000000000000014
          }
        },
        "(clientPoolB, nodeF_c00, nodeF_c00)" : {
          "AppCoordinates {com.bbn, test-service1, 1}" : {
            "DATARATE_TX" : 0.04000000000000003,
            "DATARATE_RX" : 0.020000000000000014
          }
        },
        "(clientPoolH, nodeF_c01, nodeF_c01)" : {
          "AppCoordinates {com.bbn, test-service2, 1}" : {
            "DATARATE_TX" : 0.04000000000000003,
            "DATARATE_RX" : 0.020000000000000014
          }
        },
        "(clientPoolH, nodeF_c00, nodeF_c00)" : {
          "AppCoordinates {com.bbn, test-service1, 1}" : {
            "DATARATE_TX" : 0.04000000000000003,
            "DATARATE_RX" : 0.020000000000000014
          }
        },
        "(clientPoolF, nodeF_c01, nodeF_c01)" : {
          "AppCoordinates {com.bbn, test-service2, 1}" : {
            "DATARATE_TX" : 0.04000000000000003,
            "DATARATE_RX" : 0.020000000000000014
          }
        },
        "(clientPoolH, nodeF_c02, nodeF_c02)" : {
          "AppCoordinates {com.bbn, test-service3, 1}" : {
            "DATARATE_TX" : 0.04000000000000003,
            "DATARATE_RX" : 0.020000000000000014
          }
        },
        "(clientPoolF, nodeF_c00, nodeF_c00)" : {
          "AppCoordinates {com.bbn, test-service1, 1}" : {
            "DATARATE_TX" : 0.04000000000000003,
            "DATARATE_RX" : 0.020000000000000014
          }
        },
        "(clientPoolB, nodeF_c02, nodeF_c02)" : {
          "AppCoordinates {com.bbn, test-service3, 1}" : {
            "DATARATE_TX" : 0.04000000000000003,
            "DATARATE_RX" : 0.020000000000000014
          }
        }
      }
    },
    "computeLoad" : {
      "AppCoordinates {com.bbn, test-service3, 1}" : {
        "UNKNOWN" : {
          "QueueLength" : 10.0,
          "TASK_CONTAINERS" : 0.9999999999999999
        }
      },
      "AppCoordinates {com.bbn, test-service2, 1}" : {
        "UNKNOWN" : {
          "QueueLength" : 10.0,
          "TASK_CONTAINERS" : 0.9999999999999999
        }
      },
      "AppCoordinates {com.bbn, test-service1, 1}" : {
        "UNKNOWN" : {
          "QueueLength" : 10.0,
          "TASK_CONTAINERS" : 0.9999999999999999
        }
      }
    },
    "availableServiceContainers" : 2,
    "averageProcessingTime" : { },
    "allocatedComputeCapacity" : {
      "CPU" : 6.0,
      "QueueLength" : 6000000.0,
      "TASK_CONTAINERS" : 6.0
    }
  } ]
}