{
  "AppCoordinates {com.bbn, test-service3, 1}" : {
    "serverDemand" : {
      "A" : {
        "QueueLength" : 60.73729285970696,
        "TASK_CONTAINERS" : 57.80561622809223
      },
      "C" : {
        "QueueLength" : 61.19445375718989,
        "TASK_CONTAINERS" : 58.240710815785306
      },
      "E" : {
        "QueueLength" : 58.99781687516663,
        "TASK_CONTAINERS" : 56.150101527551016
      }
    }
  },
  "AppCoordinates {com.bbn, test-service2, 1}" : {
    "serverDemand" : {
      "A" : {
        "QueueLength" : 79.6269727518483,
        "TASK_CONTAINERS" : 60.84737896108058
      },
      "C" : {
        "QueueLength" : 85.25402008092298,
        "TASK_CONTAINERS" : 65.14731740444174
      },
      "E" : {
        "QueueLength" : 80.2618643100859,
        "TASK_CONTAINERS" : 61.33253475575918
      }
    }
  },
  "AppCoordinates {com.bbn, test-service1, 1}" : {
    "serverDemand" : {
      "A" : {
        "QueueLength" : 95.33284744913286,
        "TASK_CONTAINERS" : 64.83435835391128
      },
      "C" : {
        "QueueLength" : 93.96387156865066,
        "TASK_CONTAINERS" : 63.903339558313036
      },
      "E" : {
        "QueueLength" : 91.60995859579066,
        "TASK_CONTAINERS" : 62.302480659204235
      }
    }
  }
}