{
  "region" : {
    "name" : "O"
  },
  "timestamp" : 163201,
  "servicePlan" : {
    "nodeO" : [ {
      "id" : {
        "name" : "nodeO_c01"
      },
      "service" : {
        "group" : "com.bbn",
        "artifact" : "test-service3",
        "version" : "1"
      },
      "weight" : 1.0,
      "stopTrafficTo" : false,
      "stop" : false
    }, {
      "id" : {
        "name" : "nodeO_c00"
      },
      "service" : {
        "group" : "com.bbn",
        "artifact" : "test-service3",
        "version" : "1"
      },
      "weight" : 1.0,
      "stopTrafficTo" : false,
      "stop" : false
    } ]
  },
  "overflowPlan" : {
    "AppCoordinates {com.bbn, test-service3, 1}" : {
      "D" : 0.0,
      "E" : 0.0,
      "F" : 0.0,
      "I" : 0.0,
      "L" : 0.0,
      "M" : 0.0,
      "N" : 0.0,
      "O" : 1.0
    }
  }
}