{
  "nodeName" : {
    "name" : "nodeG"
  },
  "timestamp" : 111492,
  "demandEstimationWindow" : "LONG",
  "nodeComputeCapacity" : {
    "CPU" : 4.0,
    "MEMORY" : 8.0E9,
    "DISK" : 10.0,
    "TASK_CONTAINERS" : 20.0
  },
  "networkCapacity" : {
    "interface-nodeD ( nodeD )" : {
      "DATARATE_RX" : 100.0,
      "DATARATE_TX" : 100.0
    },
    "interface-nodeE ( nodeE )" : {
      "DATARATE_RX" : 100.0,
      "DATARATE_TX" : 100.0
    },
    "interface-nodeC ( nodeC )" : {
      "DATARATE_RX" : 100.0,
      "DATARATE_TX" : 100.0
    },
    "interface-nodeH ( nodeH )" : {
      "DATARATE_RX" : 100.0,
      "DATARATE_TX" : 100.0
    },
    "interface-nodeI ( nodeI )" : {
      "DATARATE_RX" : 100.0,
      "DATARATE_TX" : 100.0
    },
    "interface-nodeA ( nodeA )" : {
      "DATARATE_RX" : 100.0,
      "DATARATE_TX" : 100.0
    }
  },
  "networkLoad" : {
    "interface-nodeD ( nodeD )" : { },
    "interface-nodeE ( nodeE )" : { },
    "interface-nodeC ( nodeC )" : {
      "(nodeJ_c01, clientPoolC, nodeJ_c01)" : {
        "AppCoordinates {com.bbn, test-service2, 1}" : {
          "DATARATE_TX" : 7.09999999999999E-5,
          "DATARATE_RX" : 1.419999999999998E-4
        }
      },
      "(nodeJ_c00, clientPoolC, nodeJ_c00)" : {
        "AppCoordinates {com.bbn, test-service1, 1}" : {
          "DATARATE_TX" : 6.499999999999991E-5,
          "DATARATE_RX" : 1.2999999999999983E-4
        }
      },
      "(nodeJ_c07, clientPoolC, nodeJ_c07)" : {
        "AppCoordinates {com.bbn, test-service1, 1}" : {
          "DATARATE_TX" : 6.399999999999992E-5,
          "DATARATE_RX" : 1.2799999999999983E-4
        }
      },
      "(nodeJ_c06, clientPoolC, nodeJ_c06)" : {
        "AppCoordinates {com.bbn, test-service2, 1}" : {
          "DATARATE_TX" : 7.999999999999987E-5,
          "DATARATE_RX" : 1.5999999999999974E-4
        }
      },
      "(nodeH_c00, clientPoolC, nodeH_c00)" : {
        "AppCoordinates {com.bbn, test-service3, 1}" : {
          "DATARATE_TX" : 1.2000000000000002E-5,
          "DATARATE_RX" : 2.4000000000000004E-5
        }
      },
      "(nodeJ_c03, clientPoolC, nodeJ_c03)" : {
        "AppCoordinates {com.bbn, test-service1, 1}" : {
          "DATARATE_TX" : 6.299999999999992E-5,
          "DATARATE_RX" : 1.2599999999999984E-4
        }
      },
      "(nodeJ_c02, clientPoolC, nodeJ_c02)" : {
        "AppCoordinates {com.bbn, test-service3, 1}" : {
          "DATARATE_TX" : -3.8116482626443515E-21,
          "DATARATE_RX" : -7.623296525288703E-21
        }
      },
      "(nodeJ_c05, clientPoolC, nodeJ_c05)" : {
        "AppCoordinates {com.bbn, test-service3, 1}" : {
          "DATARATE_TX" : 6.99999999999999E-5,
          "DATARATE_RX" : 1.399999999999998E-4
        }
      },
      "(nodeJ_c04, clientPoolC, nodeJ_c04)" : {
        "AppCoordinates {com.bbn, test-service3, 1}" : {
          "DATARATE_TX" : 3.0E-6,
          "DATARATE_RX" : 6.0E-6
        },
        "AppCoordinates {com.bbn, test-service1, 1}" : {
          "DATARATE_TX" : -3.8116482626443515E-21,
          "DATARATE_RX" : -7.623296525288703E-21
        }
      }
    },
    "interface-nodeH ( nodeH )" : {
      "(clientPoolC, nodeJ_c04, nodeJ_c04)" : {
        "AppCoordinates {com.bbn, test-service3, 1}" : {
          "DATARATE_TX" : 6.0E-6,
          "DATARATE_RX" : 3.0E-6
        },
        "AppCoordinates {com.bbn, test-service1, 1}" : {
          "DATARATE_TX" : -7.623296525288703E-21,
          "DATARATE_RX" : -3.8116482626443515E-21
        }
      },
      "(clientPoolC, nodeJ_c03, nodeJ_c03)" : {
        "AppCoordinates {com.bbn, test-service1, 1}" : {
          "DATARATE_TX" : 1.2599999999999984E-4,
          "DATARATE_RX" : 6.299999999999992E-5
        }
      },
      "(clientPoolC, nodeJ_c06, nodeJ_c06)" : {
        "AppCoordinates {com.bbn, test-service2, 1}" : {
          "DATARATE_TX" : 1.5999999999999974E-4,
          "DATARATE_RX" : 7.999999999999987E-5
        }
      },
      "(clientPoolC, nodeJ_c05, nodeJ_c05)" : {
        "AppCoordinates {com.bbn, test-service3, 1}" : {
          "DATARATE_TX" : 1.399999999999998E-4,
          "DATARATE_RX" : 6.99999999999999E-5
        }
      },
      "(clientPoolC, nodeJ_c00, nodeJ_c00)" : {
        "AppCoordinates {com.bbn, test-service1, 1}" : {
          "DATARATE_TX" : 1.2999999999999983E-4,
          "DATARATE_RX" : 6.499999999999991E-5
        }
      },
      "(clientPoolC, nodeH_c00, nodeH_c00)" : {
        "AppCoordinates {com.bbn, test-service3, 1}" : {
          "DATARATE_TX" : 2.4000000000000004E-5,
          "DATARATE_RX" : 1.2000000000000002E-5
        }
      },
      "(clientPoolC, nodeJ_c02, nodeJ_c02)" : {
        "AppCoordinates {com.bbn, test-service3, 1}" : {
          "DATARATE_TX" : -7.623296525288703E-21,
          "DATARATE_RX" : -3.8116482626443515E-21
        }
      },
      "(clientPoolC, nodeJ_c01, nodeJ_c01)" : {
        "AppCoordinates {com.bbn, test-service2, 1}" : {
          "DATARATE_TX" : 1.419999999999998E-4,
          "DATARATE_RX" : 7.09999999999999E-5
        }
      },
      "(clientPoolC, nodeJ_c07, nodeJ_c07)" : {
        "AppCoordinates {com.bbn, test-service1, 1}" : {
          "DATARATE_TX" : 1.2799999999999983E-4,
          "DATARATE_RX" : 6.399999999999992E-5
        }
      }
    },
    "interface-nodeI ( nodeI )" : { },
    "interface-nodeA ( nodeA )" : { }
  },
  "networkDemand" : {
    "interface-nodeE ( nodeE )" : { },
    "interface-nodeD ( nodeD )" : { },
    "interface-nodeC ( nodeC )" : {
      "(nodeJ_c01, clientPoolC, nodeJ_c01)" : {
        "AppCoordinates {com.bbn, test-service2, 1}" : {
          "DATARATE_TX" : 6.5E-5,
          "DATARATE_RX" : 1.3E-4
        }
      },
      "(nodeJ_c00, clientPoolC, nodeJ_c00)" : {
        "AppCoordinates {com.bbn, test-service1, 1}" : {
          "DATARATE_TX" : 6.464417177914095E-5,
          "DATARATE_RX" : 1.292883435582819E-4
        }
      },
      "(nodeJ_c07, clientPoolC, nodeJ_c07)" : {
        "AppCoordinates {com.bbn, test-service1, 1}" : {
          "DATARATE_TX" : 5.732558139534873E-5,
          "DATARATE_RX" : 1.1465116279069746E-4
        }
      },
      "(nodeJ_c06, clientPoolC, nodeJ_c06)" : {
        "AppCoordinates {com.bbn, test-service2, 1}" : {
          "DATARATE_TX" : 6.556617647058825E-5,
          "DATARATE_RX" : 1.311323529411765E-4
        }
      },
      "(nodeH_c00, clientPoolC, nodeH_c00)" : {
        "AppCoordinates {com.bbn, test-service3, 1}" : {
          "DATARATE_TX" : 9.000000000000002E-6,
          "DATARATE_RX" : 1.8000000000000004E-5
        }
      },
      "(nodeJ_c03, clientPoolC, nodeJ_c03)" : {
        "AppCoordinates {com.bbn, test-service1, 1}" : {
          "DATARATE_TX" : 5.942207792207801E-5,
          "DATARATE_RX" : 1.1884415584415602E-4
        }
      },
      "(nodeJ_c02, clientPoolC, nodeJ_c02)" : {
        "AppCoordinates {com.bbn, test-service3, 1}" : {
          "DATARATE_TX" : 6.28730158730159E-5,
          "DATARATE_RX" : 1.257460317460318E-4
        }
      },
      "(nodeJ_c05, clientPoolC, nodeJ_c05)" : {
        "AppCoordinates {com.bbn, test-service3, 1}" : {
          "DATARATE_TX" : 6.858928571428551E-5,
          "DATARATE_RX" : 1.3717857142857103E-4
        }
      },
      "(nodeJ_c04, clientPoolC, nodeJ_c04)" : {
        "AppCoordinates {com.bbn, test-service3, 1}" : {
          "DATARATE_TX" : 2.25E-6,
          "DATARATE_RX" : 4.5E-6
        },
        "AppCoordinates {com.bbn, test-service1, 1}" : {
          "DATARATE_TX" : 3.6486486486486426E-5,
          "DATARATE_RX" : 7.297297297297285E-5
        }
      }
    },
    "interface-nodeA ( nodeA )" : { },
    "interface-nodeI ( nodeI )" : { },
    "interface-nodeH ( nodeH )" : {
      "(clientPoolC, nodeJ_c04, nodeJ_c04)" : {
        "AppCoordinates {com.bbn, test-service3, 1}" : {
          "DATARATE_TX" : 4.5E-6,
          "DATARATE_RX" : 2.25E-6
        },
        "AppCoordinates {com.bbn, test-service1, 1}" : {
          "DATARATE_TX" : 7.297297297297285E-5,
          "DATARATE_RX" : 3.6486486486486426E-5
        }
      },
      "(clientPoolC, nodeJ_c03, nodeJ_c03)" : {
        "AppCoordinates {com.bbn, test-service1, 1}" : {
          "DATARATE_TX" : 1.1884415584415602E-4,
          "DATARATE_RX" : 5.942207792207801E-5
        }
      },
      "(clientPoolC, nodeJ_c06, nodeJ_c06)" : {
        "AppCoordinates {com.bbn, test-service2, 1}" : {
          "DATARATE_TX" : 1.311323529411765E-4,
          "DATARATE_RX" : 6.556617647058825E-5
        }
      },
      "(clientPoolC, nodeJ_c05, nodeJ_c05)" : {
        "AppCoordinates {com.bbn, test-service3, 1}" : {
          "DATARATE_TX" : 1.3717857142857103E-4,
          "DATARATE_RX" : 6.858928571428551E-5
        }
      },
      "(clientPoolC, nodeJ_c00, nodeJ_c00)" : {
        "AppCoordinates {com.bbn, test-service1, 1}" : {
          "DATARATE_TX" : 1.292883435582819E-4,
          "DATARATE_RX" : 6.464417177914095E-5
        }
      },
      "(clientPoolC, nodeH_c00, nodeH_c00)" : {
        "AppCoordinates {com.bbn, test-service3, 1}" : {
          "DATARATE_TX" : 1.8000000000000004E-5,
          "DATARATE_RX" : 9.000000000000002E-6
        }
      },
      "(clientPoolC, nodeJ_c02, nodeJ_c02)" : {
        "AppCoordinates {com.bbn, test-service3, 1}" : {
          "DATARATE_TX" : 1.257460317460318E-4,
          "DATARATE_RX" : 6.28730158730159E-5
        }
      },
      "(clientPoolC, nodeJ_c01, nodeJ_c01)" : {
        "AppCoordinates {com.bbn, test-service2, 1}" : {
          "DATARATE_TX" : 1.3E-4,
          "DATARATE_RX" : 6.5E-5
        }
      },
      "(clientPoolC, nodeJ_c07, nodeJ_c07)" : {
        "AppCoordinates {com.bbn, test-service1, 1}" : {
          "DATARATE_TX" : 1.1465116279069746E-4,
          "DATARATE_RX" : 5.732558139534873E-5
        }
      }
    }
  },
  "containerReports" : { },
  "maximumServiceContainers" : 20,
  "allocatedServiceContainers" : 0,
  "computeDemand" : { },
  "containerNetworkLoad" : { },
  "containerNetworkDemand" : { },
  "computeLoad" : { },
  "availableServiceContainers" : 20,
  "averageProcessingTime" : { },
  "allocatedComputeCapacity" : { }
}