{
  "clientName" : "clientPoolG",
  "clientRegion" : {
    "name" : "G"
  },
  "numRequestsAttempted" : 5050,
  "numRequestsSucceeded" : 2627,
  "numRequestsFailedForServerLoad" : 2423,
  "numRequestsFailedForNetworkLoad" : 0,
  "numRequestsSlowForServerLoad" : 320,
  "numRequestsSlowForNetworkLoad" : 0,
  "numRequestsSlowForNetworkAndServerLoad" : 0,
  "numRequestsServicedByRegion" : {
    "B" : 292,
    "E" : 1159,
    "F" : 232,
    "G" : 757,
    "H" : 187
  },
  "numRequestsFailedForDownNode" : 0
}