{
  "clientName" : "clientPoolJ",
  "clientRegion" : {
    "name" : "J"
  },
  "numRequestsAttempted" : 4000,
  "numRequestsSucceeded" : 2553,
  "numRequestsFailedForServerLoad" : 1447,
  "numRequestsFailedForNetworkLoad" : 0,
  "numRequestsSlowForServerLoad" : 949,
  "numRequestsSlowForNetworkLoad" : 0,
  "numRequestsSlowForNetworkAndServerLoad" : 0,
  "numRequestsServicedByRegion" : {
    "E" : 654,
    "F" : 388,
    "H" : 390,
    "I" : 64,
    "J" : 1057
  },
  "numRequestsFailedForDownNode" : 0
}