{
  "clientName" : "clientPoolD",
  "clientRegion" : {
    "name" : "D"
  },
  "numRequestsAttempted" : 4000,
  "numRequestsSucceeded" : 2840,
  "numRequestsFailedForServerLoad" : 1160,
  "numRequestsFailedForNetworkLoad" : 0,
  "numRequestsSlowForServerLoad" : 759,
  "numRequestsSlowForNetworkLoad" : 0,
  "numRequestsSlowForNetworkAndServerLoad" : 0,
  "numRequestsServicedByRegion" : {
    "D" : 887,
    "F" : 88,
    "G" : 711,
    "H" : 398,
    "I" : 756
  },
  "numRequestsFailedForDownNode" : 0
}