{
  "AppCoordinates {com.bbn, test-service3, 1}" : {
    "serverDemand" : {
      "A" : {
        "QueueLength" : 5.75762952344338,
        "TASK_CONTAINERS" : 0.9840408260576738
      },
      "C" : {
        "QueueLength" : 5.752843214503208,
        "TASK_CONTAINERS" : 0.9832227943687512
      },
      "D" : {
        "QueueLength" : 5.7782833153221755,
        "TASK_CONTAINERS" : 0.9875707812829763
      }
    }
  },
  "AppCoordinates {com.bbn, test-service2, 1}" : {
    "serverDemand" : {
      "A" : {
        "QueueLength" : 4.250198074460247,
        "TASK_CONTAINERS" : 0.597086216709596
      },
      "C" : {
        "QueueLength" : 4.716245223900928,
        "TASK_CONTAINERS" : 0.6625585369150881
      },
      "D" : {
        "QueueLength" : 5.192696996372341,
        "TASK_CONTAINERS" : 0.7294925435862162
      }
    }
  },
  "AppCoordinates {com.bbn, test-service1, 1}" : {
    "serverDemand" : {
      "A" : {
        "QueueLength" : 2.4039478659601863,
        "TASK_CONTAINERS" : 0.39741565876567236
      },
      "C" : {
        "QueueLength" : 1.5045255907678905,
        "TASK_CONTAINERS" : 0.24872503986105007
      },
      "D" : {
        "QueueLength" : 2.105512557257937,
        "TASK_CONTAINERS" : 0.3480789545524682
      }
    }
  }
}