{
  "AppCoordinates {com.bbn, test-service3, 1}" : {
    "serverDemand" : {
      "C" : {
        "QueueLength" : 28.435772821841823,
        "TASK_CONTAINERS" : 2.9601324048124864
      },
      "E" : {
        "QueueLength" : 22.111032372335973,
        "TASK_CONTAINERS" : 2.301733940529148
      }
    }
  },
  "AppCoordinates {com.bbn, test-service2, 1}" : {
    "serverDemand" : {
      "C" : {
        "QueueLength" : 5.439363528122262,
        "TASK_CONTAINERS" : 0.5439363528122261
      },
      "E" : {
        "QueueLength" : 4.533012162485472,
        "TASK_CONTAINERS" : 0.4533012162485471
      }
    }
  },
  "AppCoordinates {com.bbn, test-service1, 1}" : {
    "serverDemand" : {
      "C" : {
        "QueueLength" : 4.156467181899143,
        "TASK_CONTAINERS" : 0.4156467181899142
      },
      "E" : {
        "QueueLength" : 5.815831987075925,
        "TASK_CONTAINERS" : 0.5815831987075925
      }
    }
  }
}