{
  "AppCoordinates {com.bbn, test-service3, 1}" : {
    "serverDemand" : {
      "I" : {
        "QueueLength" : 197.4101752553183,
        "TASK_CONTAINERS" : 123.54970416734903
      },
      "J" : {
        "QueueLength" : 451.49323109592643,
        "TASK_CONTAINERS" : 271.0950686605926
      },
      "K" : {
        "QueueLength" : 38.23562718767074,
        "TASK_CONTAINERS" : 24.101538000115344
      }
    }
  },
  "AppCoordinates {com.bbn, test-service2, 1}" : {
    "serverDemand" : {
      "I" : {
        "QueueLength" : 100.11621589522362,
        "TASK_CONTAINERS" : 65.12023602014271
      },
      "J" : {
        "QueueLength" : 131.4108880714674,
        "TASK_CONTAINERS" : 81.68772268372878
      },
      "K" : {
        "QueueLength" : 113.94647278683927,
        "TASK_CONTAINERS" : 70.71318456955194
      }
    }
  },
  "AppCoordinates {com.bbn, test-service1, 1}" : {
    "serverDemand" : {
      "I" : {
        "QueueLength" : 138.1417832232824,
        "TASK_CONTAINERS" : 76.88636909078103
      },
      "J" : {
        "QueueLength" : 130.19774207065907,
        "TASK_CONTAINERS" : 72.4649082852135
      },
      "K" : {
        "QueueLength" : 133.88236214524466,
        "TASK_CONTAINERS" : 74.51567853302468
      }
    }
  }
}