{
  "nodeName" : {
    "name" : "nodeF"
  },
  "timestamp" : 143987,
  "demandEstimationWindow" : "SHORT",
  "nodeComputeCapacity" : {
    "CPU" : 4.0,
    "MEMORY" : 8.0E9,
    "DISK" : 10.0,
    "TASK_CONTAINERS" : 20.0
  },
  "networkCapacity" : {
    "interface-nodeD ( nodeD )" : {
      "DATARATE_RX" : 100.0,
      "DATARATE_TX" : 100.0
    },
    "interface-nodeB ( nodeB )" : {
      "DATARATE_RX" : 100.0,
      "DATARATE_TX" : 100.0
    },
    "interface-nodeC ( nodeC )" : {
      "DATARATE_RX" : 100.0,
      "DATARATE_TX" : 100.0
    },
    "interface-nodeL ( nodeL )" : {
      "DATARATE_RX" : 100.0,
      "DATARATE_TX" : 100.0
    },
    "interface-nodeK ( nodeK )" : {
      "DATARATE_RX" : 100.0,
      "DATARATE_TX" : 100.0
    },
    "interface-nodeA ( nodeA )" : {
      "DATARATE_RX" : 100.0,
      "DATARATE_TX" : 100.0
    },
    "interface-nodeO ( nodeO )" : {
      "DATARATE_RX" : 100.0,
      "DATARATE_TX" : 100.0
    }
  },
  "networkLoad" : {
    "interface-nodeD ( nodeD )" : {
      "(clientPoolF, nodeD_c00, nodeD_c00)" : {
        "AppCoordinates {com.bbn, test-service3, 1}" : {
          "DATARATE_TX" : 1.8199999999999968E-4,
          "DATARATE_RX" : 9.099999999999984E-5
        }
      }
    },
    "interface-nodeB ( nodeB )" : {
      "(clientPoolF, nodeB_c00, nodeB_c00)" : {
        "AppCoordinates {com.bbn, test-service2, 1}" : {
          "DATARATE_TX" : 2.0E-6,
          "DATARATE_RX" : 1.0E-6
        }
      }
    },
    "interface-nodeC ( nodeC )" : {
      "(clientPoolF, nodeC_c00, nodeC_c00)" : {
        "AppCoordinates {com.bbn, test-service3, 1}" : {
          "DATARATE_TX" : 2.1799999999999958E-4,
          "DATARATE_RX" : 1.0899999999999979E-4
        }
      }
    },
    "interface-nodeL ( nodeL )" : {
      "(clientPoolF, nodeL_c00, nodeL_c00)" : {
        "AppCoordinates {com.bbn, test-service2, 1}" : {
          "DATARATE_TX" : 4.0E-6,
          "DATARATE_RX" : 2.0E-6
        }
      }
    },
    "interface-nodeK ( nodeK )" : {
      "(clientPoolF, nodeK_c00, nodeK_c00)" : {
        "AppCoordinates {com.bbn, test-service2, 1}" : {
          "DATARATE_TX" : 4.0E-6,
          "DATARATE_RX" : 2.0E-6
        }
      }
    },
    "interface-nodeA ( nodeA )" : {
      "(clientPoolF, nodeE_c06, nodeE_c06)" : {
        "AppCoordinates {com.bbn, test-service1, 1}" : {
          "DATARATE_TX" : 1.379999999999998E-4,
          "DATARATE_RX" : 6.89999999999999E-5
        }
      },
      "(clientPoolF, nodeA_c01, nodeA_c01)" : {
        "AppCoordinates {com.bbn, test-service2, 1}" : {
          "DATARATE_TX" : 6.0E-6,
          "DATARATE_RX" : 3.0E-6
        }
      },
      "(clientPoolF, nodeE_c05, nodeE_c05)" : {
        "AppCoordinates {com.bbn, test-service3, 1}" : {
          "DATARATE_TX" : 3.999999999999992E-6,
          "DATARATE_RX" : 1.999999999999996E-6
        }
      },
      "(clientPoolF, nodeA_c00, nodeA_c00)" : {
        "AppCoordinates {com.bbn, test-service3, 1}" : {
          "DATARATE_TX" : 4.200000000000001E-5,
          "DATARATE_RX" : 2.1000000000000006E-5
        }
      },
      "(clientPoolF, nodeE_c04, nodeE_c04)" : {
        "AppCoordinates {com.bbn, test-service3, 1}" : {
          "DATARATE_TX" : 1.1999999999999999E-5,
          "DATARATE_RX" : 5.999999999999999E-6
        },
        "AppCoordinates {com.bbn, test-service1, 1}" : {
          "DATARATE_TX" : -7.623296525288703E-21,
          "DATARATE_RX" : -3.8116482626443515E-21
        }
      },
      "(clientPoolF, nodeE_c03, nodeE_c03)" : {
        "AppCoordinates {com.bbn, test-service1, 1}" : {
          "DATARATE_TX" : 1.2599999999999984E-4,
          "DATARATE_RX" : 6.299999999999992E-5
        }
      },
      "(clientPoolF, nodeE_c02, nodeE_c02)" : {
        "AppCoordinates {com.bbn, test-service3, 1}" : {
          "DATARATE_TX" : 1.999999999999999E-5,
          "DATARATE_RX" : 9.999999999999996E-6
        }
      },
      "(clientPoolF, nodeE_c01, nodeE_c01)" : {
        "AppCoordinates {com.bbn, test-service2, 1}" : {
          "DATARATE_TX" : 1.2599999999999984E-4,
          "DATARATE_RX" : 6.299999999999992E-5
        }
      },
      "(clientPoolF, nodeE_c00, nodeE_c00)" : {
        "AppCoordinates {com.bbn, test-service1, 1}" : {
          "DATARATE_TX" : 1.419999999999998E-4,
          "DATARATE_RX" : 7.09999999999999E-5
        }
      },
      "(clientPoolF, nodeE_c07, nodeE_c07)" : {
        "AppCoordinates {com.bbn, test-service2, 1}" : {
          "DATARATE_TX" : 1.1999999999999985E-4,
          "DATARATE_RX" : 5.999999999999993E-5
        }
      }
    },
    "interface-nodeO ( nodeO )" : {
      "(clientPoolF, nodeO_c01, nodeO_c01)" : {
        "AppCoordinates {com.bbn, test-service3, 1}" : {
          "DATARATE_TX" : 6.0E-6,
          "DATARATE_RX" : 3.0E-6
        }
      },
      "(clientPoolF, nodeO_c00, nodeO_c00)" : {
        "AppCoordinates {com.bbn, test-service3, 1}" : {
          "DATARATE_TX" : 6.000000000000002E-5,
          "DATARATE_RX" : 3.000000000000001E-5
        }
      }
    }
  },
  "networkDemand" : {
    "interface-nodeD ( nodeD )" : {
      "(clientPoolF, nodeD_c00, nodeD_c00)" : {
        "AppCoordinates {com.bbn, test-service3, 1}" : {
          "DATARATE_TX" : 1.8199999999999968E-4,
          "DATARATE_RX" : 9.099999999999984E-5
        }
      }
    },
    "interface-nodeC ( nodeC )" : {
      "(clientPoolF, nodeC_c00, nodeC_c00)" : {
        "AppCoordinates {com.bbn, test-service3, 1}" : {
          "DATARATE_TX" : 2.179999999999996E-4,
          "DATARATE_RX" : 1.089999999999998E-4
        }
      }
    },
    "interface-nodeB ( nodeB )" : {
      "(clientPoolF, nodeB_c00, nodeB_c00)" : {
        "AppCoordinates {com.bbn, test-service2, 1}" : {
          "DATARATE_TX" : 2.0E-6,
          "DATARATE_RX" : 1.0E-6
        }
      }
    },
    "interface-nodeA ( nodeA )" : {
      "(clientPoolF, nodeE_c06, nodeE_c06)" : {
        "AppCoordinates {com.bbn, test-service1, 1}" : {
          "DATARATE_TX" : 1.379999999999998E-4,
          "DATARATE_RX" : 6.89999999999999E-5
        }
      },
      "(clientPoolF, nodeE_c05, nodeE_c05)" : {
        "AppCoordinates {com.bbn, test-service3, 1}" : {
          "DATARATE_TX" : 3.999999999999992E-6,
          "DATARATE_RX" : 1.999999999999996E-6
        }
      },
      "(clientPoolF, nodeA_c01, nodeA_c01)" : {
        "AppCoordinates {com.bbn, test-service2, 1}" : {
          "DATARATE_TX" : 6.000000000000001E-6,
          "DATARATE_RX" : 3.0000000000000005E-6
        }
      },
      "(clientPoolF, nodeE_c04, nodeE_c04)" : {
        "AppCoordinates {com.bbn, test-service3, 1}" : {
          "DATARATE_TX" : 1.1999999999999997E-5,
          "DATARATE_RX" : 5.9999999999999985E-6
        },
        "AppCoordinates {com.bbn, test-service1, 1}" : {
          "DATARATE_TX" : -7.623296525288703E-21,
          "DATARATE_RX" : -3.8116482626443515E-21
        }
      },
      "(clientPoolF, nodeA_c00, nodeA_c00)" : {
        "AppCoordinates {com.bbn, test-service3, 1}" : {
          "DATARATE_TX" : 4.2000000000000004E-5,
          "DATARATE_RX" : 2.1000000000000002E-5
        }
      },
      "(clientPoolF, nodeE_c03, nodeE_c03)" : {
        "AppCoordinates {com.bbn, test-service1, 1}" : {
          "DATARATE_TX" : 1.2599999999999984E-4,
          "DATARATE_RX" : 6.299999999999992E-5
        }
      },
      "(clientPoolF, nodeE_c02, nodeE_c02)" : {
        "AppCoordinates {com.bbn, test-service3, 1}" : {
          "DATARATE_TX" : 1.9999999999999995E-5,
          "DATARATE_RX" : 9.999999999999997E-6
        }
      },
      "(clientPoolF, nodeE_c01, nodeE_c01)" : {
        "AppCoordinates {com.bbn, test-service2, 1}" : {
          "DATARATE_TX" : 1.2599999999999984E-4,
          "DATARATE_RX" : 6.299999999999992E-5
        }
      },
      "(clientPoolF, nodeE_c00, nodeE_c00)" : {
        "AppCoordinates {com.bbn, test-service1, 1}" : {
          "DATARATE_TX" : 1.419999999999998E-4,
          "DATARATE_RX" : 7.09999999999999E-5
        }
      },
      "(clientPoolF, nodeE_c07, nodeE_c07)" : {
        "AppCoordinates {com.bbn, test-service2, 1}" : {
          "DATARATE_TX" : 1.1999999999999987E-4,
          "DATARATE_RX" : 5.9999999999999934E-5
        }
      }
    },
    "interface-nodeO ( nodeO )" : {
      "(clientPoolF, nodeO_c01, nodeO_c01)" : {
        "AppCoordinates {com.bbn, test-service3, 1}" : {
          "DATARATE_TX" : 6.000000000000001E-6,
          "DATARATE_RX" : 3.0000000000000005E-6
        }
      },
      "(clientPoolF, nodeO_c00, nodeO_c00)" : {
        "AppCoordinates {com.bbn, test-service3, 1}" : {
          "DATARATE_TX" : 6.0000000000000035E-5,
          "DATARATE_RX" : 3.0000000000000018E-5
        }
      }
    },
    "interface-nodeL ( nodeL )" : {
      "(clientPoolF, nodeL_c00, nodeL_c00)" : {
        "AppCoordinates {com.bbn, test-service2, 1}" : {
          "DATARATE_TX" : 4.0E-6,
          "DATARATE_RX" : 2.0E-6
        }
      }
    },
    "interface-nodeK ( nodeK )" : {
      "(clientPoolF, nodeK_c00, nodeK_c00)" : {
        "AppCoordinates {com.bbn, test-service2, 1}" : {
          "DATARATE_TX" : 4.0E-6,
          "DATARATE_RX" : 2.0E-6
        }
      }
    }
  },
  "containerReports" : {
    "nodeF_c00" : {
      "containerName" : {
        "name" : "nodeF_c00"
      },
      "timestamp" : 143987,
      "service" : {
        "group" : "com.bbn",
        "artifact" : "test-service3",
        "version" : "1"
      },
      "serviceStatus" : "RUNNING",
      "demandEstimationWindow" : "SHORT",
      "computeCapacity" : {
        "CPU" : 1.0,
        "TASK_CONTAINERS" : 100.0,
        "QueueLength" : 1000000.0
      },
      "computeLoad" : {
        "UNKNOWN" : {
          "QueueLength" : 124.0,
          "TASK_CONTAINERS" : 62.0
        }
      },
      "computeDemand" : {
        "UNKNOWN" : {
          "QueueLength" : 108.5,
          "TASK_CONTAINERS" : 54.25
        }
      },
      "averageProcessingTime" : "NaN",
      "networkCapacity" : {
        "interface-nodeF ( nodeF )" : {
          "DATARATE_TX" : 100.0,
          "DATARATE_RX" : 100.0
        }
      },
      "networkLoad" : {
        "interface-nodeF ( nodeF )" : {
          "(clientPoolF, nodeF_c00, nodeF_c00)" : {
            "AppCoordinates {com.bbn, test-service3, 1}" : {
              "DATARATE_TX" : 2.479999999999995E-4,
              "DATARATE_RX" : 1.2399999999999976E-4
            }
          }
        }
      },
      "networkDemand" : {
        "interface-nodeF ( nodeF )" : {
          "(clientPoolF, nodeF_c00, nodeF_c00)" : {
            "AppCoordinates {com.bbn, test-service3, 1}" : {
              "DATARATE_TX" : 2.479999999999995E-4,
              "DATARATE_RX" : 1.2399999999999976E-4
            }
          }
        }
      }
    }
  },
  "maximumServiceContainers" : 20,
  "allocatedServiceContainers" : 1,
  "computeDemand" : {
    "AppCoordinates {com.bbn, test-service3, 1}" : {
      "UNKNOWN" : {
        "QueueLength" : 108.5,
        "TASK_CONTAINERS" : 54.25
      }
    }
  },
  "containerNetworkLoad" : {
    "interface-nodeF ( nodeF )" : {
      "(clientPoolF, nodeF_c00, nodeF_c00)" : {
        "AppCoordinates {com.bbn, test-service3, 1}" : {
          "DATARATE_TX" : 2.479999999999995E-4,
          "DATARATE_RX" : 1.2399999999999976E-4
        }
      }
    }
  },
  "containerNetworkDemand" : {
    "interface-nodeF ( nodeF )" : {
      "(clientPoolF, nodeF_c00, nodeF_c00)" : {
        "AppCoordinates {com.bbn, test-service3, 1}" : {
          "DATARATE_TX" : 2.479999999999995E-4,
          "DATARATE_RX" : 1.2399999999999976E-4
        }
      }
    }
  },
  "computeLoad" : {
    "AppCoordinates {com.bbn, test-service3, 1}" : {
      "UNKNOWN" : {
        "QueueLength" : 124.0,
        "TASK_CONTAINERS" : 62.0
      }
    }
  },
  "availableServiceContainers" : 19,
  "averageProcessingTime" : { },
  "allocatedComputeCapacity" : {
    "CPU" : 1.0,
    "QueueLength" : 1000000.0,
    "TASK_CONTAINERS" : 100.0
  }
}