592,1,DNS_UPDATE_SUCCEEDED
621,2,DCOP_PLAN_PLUBLIED
642,2,RLG_PLAN_PUBLISHED
105979,212,DCOP_PLAN_PLUBLIED
108604,217,RLG_PLAN_PUBLISHED
108631,218,DNS_UPDATE_SUCCEEDED
109126,219,DNS_UPDATE_SUCCEEDED
111603,223,RLG_PLAN_PUBLISHED
111627,224,DNS_UPDATE_SUCCEEDED
165607,331,RLG_PLAN_PUBLISHED
165639,332,DNS_UPDATE_SUCCEEDED
165959,332,DCOP_PLAN_PLUBLIED
166140,333,DNS_UPDATE_SUCCEEDED
168605,337,RLG_PLAN_PUBLISHED
168638,338,DNS_UPDATE_SUCCEEDED
186608,373,RLG_PLAN_PUBLISHED
186647,374,DNS_UPDATE_SUCCEEDED
189609,379,RLG_PLAN_PUBLISHED
189647,380,DNS_UPDATE_SUCCEEDED
190148,381,DNS_UPDATE_SUCCEEDED
192609,385,RLG_PLAN_PUBLISHED
192662,386,DNS_UPDATE_SUCCEEDED
225949,452,DCOP_PLAN_PLUBLIED
228624,457,RLG_PLAN_PUBLISHED
228668,458,DNS_UPDATE_SUCCEEDED
285905,572,DCOP_PLAN_PLUBLIED
288627,577,RLG_PLAN_PUBLISHED
288686,578,DNS_UPDATE_SUCCEEDED
345894,692,DCOP_PLAN_PLUBLIED
348631,697,RLG_PLAN_PUBLISHED
348729,698,DNS_UPDATE_SUCCEEDED
405945,812,DCOP_PLAN_PLUBLIED
408635,817,RLG_PLAN_PUBLISHED
408747,818,DNS_UPDATE_SUCCEEDED
465966,932,DCOP_PLAN_PLUBLIED
468639,937,RLG_PLAN_PUBLISHED
468776,938,DNS_UPDATE_SUCCEEDED
525908,1052,DCOP_PLAN_PLUBLIED
528642,1057,RLG_PLAN_PUBLISHED
528812,1058,DNS_UPDATE_SUCCEEDED
585947,1172,DCOP_PLAN_PLUBLIED
588648,1177,RLG_PLAN_PUBLISHED
588830,1178,DNS_UPDATE_SUCCEEDED
630002,1260,DCOP_PLAN_PLUBLIED
