{
  "region" : {
    "name" : "M"
  },
  "minTimestamp" : 226490,
  "maxTimestamp" : 226490,
  "demandEstimationWindow" : "SHORT",
  "serverCapacity" : {
    "DISK" : 10.0,
    "MEMORY" : 8.0E9,
    "CPU" : 4.0,
    "TASK_CONTAINERS" : 20.0
  },
  "serverLoad" : {
    "AppCoordinates {com.bbn, test-service3, 1}" : {
      "unknown" : {
        "QueueLength" : 0.0
      }
    },
    "AppCoordinates {com.bbn, test-service2, 1}" : {
      "unknown" : {
        "QueueLength" : 21.0,
        "TASK_CONTAINERS" : 10.5
      }
    }
  },
  "serverDemand" : {
    "AppCoordinates {com.bbn, test-service3, 1}" : {
      "unknown" : {
        "QueueLength" : 0.0
      }
    },
    "AppCoordinates {com.bbn, test-service2, 1}" : {
      "unknown" : {
        "QueueLength" : 14.625,
        "TASK_CONTAINERS" : 7.3125
      }
    }
  },
  "serverAverageProcessingTimeCount" : {
    "AppCoordinates {com.bbn, test-service2, 1}" : 1
  },
  "serverAverageProcessingTimeSum" : {
    "AppCoordinates {com.bbn, test-service2, 1}" : 120000.0
  },
  "networkCapacity" : {
    "C" : {
      "DATARATE_RX" : 100.0,
      "DATARATE_TX" : 100.0
    },
    "D" : {
      "DATARATE_RX" : 100.0,
      "DATARATE_TX" : 100.0
    },
    "E" : {
      "DATARATE_RX" : 100.0,
      "DATARATE_TX" : 100.0
    },
    "F" : {
      "DATARATE_RX" : 100.0,
      "DATARATE_TX" : 100.0
    },
    "H" : {
      "DATARATE_RX" : 100.0,
      "DATARATE_TX" : 100.0
    },
    "J" : {
      "DATARATE_RX" : 100.0,
      "DATARATE_TX" : 100.0
    },
    "O" : {
      "DATARATE_RX" : 100.0,
      "DATARATE_TX" : 100.0
    }
  },
  "networkLoad" : {
    "C" : { },
    "D" : { },
    "E" : { },
    "F" : { },
    "H" : { },
    "J" : {
      "(M, A, M)" : {
        "AppCoordinates {com.bbn, test-service2, 1}" : {
          "DATARATE_TX" : 2.1000000000000002E-5,
          "DATARATE_RX" : 4.2000000000000004E-5
        }
      }
    },
    "O" : { }
  },
  "networkDemand" : {
    "C" : { },
    "D" : { },
    "E" : { },
    "F" : { },
    "H" : { },
    "J" : {
      "(M, A, M)" : {
        "AppCoordinates {com.bbn, test-service2, 1}" : {
          "DATARATE_TX" : 1.6714285714285713E-5,
          "DATARATE_RX" : 3.3428571428571425E-5
        }
      }
    },
    "O" : { }
  },
  "maximumServiceContainers" : 20,
  "allocatedServiceContainers" : 2,
  "serverAverageProcessingTime" : {
    "AppCoordinates {com.bbn, test-service2, 1}" : 120000.0
  },
  "availableServiceContainers" : 18,
  "nullSummary" : false
}