720,1,DNS_UPDATE_SUCCEEDED
771,2,DCOP_PLAN_PLUBLIED
796,2,RLG_PLAN_PUBLISHED
1284,3,DNS_UPDATE_SUCCEEDED
36759,74,RLG_PLAN_PUBLISHED
37301,75,DNS_UPDATE_SUCCEEDED
37755,76,DNS_UPDATE_SUCCEEDED
39746,79,RLG_PLAN_PUBLISHED
39753,80,DNS_UPDATE_SUCCEEDED
42746,85,RLG_PLAN_PUBLISHED
42778,86,DNS_UPDATE_SUCCEEDED
43267,87,DNS_UPDATE_SUCCEEDED
45745,91,RLG_PLAN_PUBLISHED
45776,92,DNS_UPDATE_SUCCEEDED
48745,97,RLG_PLAN_PUBLISHED
48757,98,DNS_UPDATE_SUCCEEDED
49265,99,DNS_UPDATE_SUCCEEDED
51745,103,RLG_PLAN_PUBLISHED
51791,104,DNS_UPDATE_SUCCEEDED
54744,109,RLG_PLAN_PUBLISHED
54764,110,DNS_UPDATE_SUCCEEDED
55270,111,DNS_UPDATE_SUCCEEDED
57745,115,RLG_PLAN_PUBLISHED
57762,116,DNS_UPDATE_SUCCEEDED
58257,117,DNS_UPDATE_SUCCEEDED
60749,121,RLG_PLAN_PUBLISHED
60771,122,DNS_UPDATE_SUCCEEDED
61299,123,DNS_UPDATE_SUCCEEDED
63752,127,RLG_PLAN_PUBLISHED
63766,128,DNS_UPDATE_SUCCEEDED
64267,129,DNS_UPDATE_SUCCEEDED
66745,133,RLG_PLAN_PUBLISHED
66781,134,DNS_UPDATE_SUCCEEDED
69749,139,RLG_PLAN_PUBLISHED
69764,140,DNS_UPDATE_SUCCEEDED
70262,141,DNS_UPDATE_SUCCEEDED
72746,145,RLG_PLAN_PUBLISHED
72762,146,DNS_UPDATE_SUCCEEDED
73274,147,DNS_UPDATE_SUCCEEDED
75745,151,RLG_PLAN_PUBLISHED
75762,152,DNS_UPDATE_SUCCEEDED
105883,212,DCOP_PLAN_PLUBLIED
108746,217,RLG_PLAN_PUBLISHED
108781,218,DNS_UPDATE_SUCCEEDED
126761,253,RLG_PLAN_PUBLISHED
126777,254,DNS_UPDATE_SUCCEEDED
127281,255,DNS_UPDATE_SUCCEEDED
129759,259,RLG_PLAN_PUBLISHED
129777,260,DNS_UPDATE_SUCCEEDED
130278,261,DNS_UPDATE_SUCCEEDED
132761,265,RLG_PLAN_PUBLISHED
132783,266,DNS_UPDATE_SUCCEEDED
156769,313,RLG_PLAN_PUBLISHED
156824,314,DNS_UPDATE_SUCCEEDED
159760,319,RLG_PLAN_PUBLISHED
159807,320,DNS_UPDATE_SUCCEEDED
160305,321,DNS_UPDATE_SUCCEEDED
162762,325,RLG_PLAN_PUBLISHED
162802,326,DNS_UPDATE_SUCCEEDED
163302,327,DNS_UPDATE_SUCCEEDED
165760,331,RLG_PLAN_PUBLISHED
165791,332,DNS_UPDATE_SUCCEEDED
171765,343,RLG_PLAN_PUBLISHED
171806,344,DNS_UPDATE_SUCCEEDED
172294,345,DNS_UPDATE_SUCCEEDED
174768,349,RLG_PLAN_PUBLISHED
174796,350,DNS_UPDATE_SUCCEEDED
175306,351,DNS_UPDATE_SUCCEEDED
177765,355,RLG_PLAN_PUBLISHED
177820,356,DNS_UPDATE_SUCCEEDED
178298,357,DNS_UPDATE_SUCCEEDED
180763,361,RLG_PLAN_PUBLISHED
180800,362,DNS_UPDATE_SUCCEEDED
181322,363,DNS_UPDATE_SUCCEEDED
183764,367,RLG_PLAN_PUBLISHED
183803,368,DNS_UPDATE_SUCCEEDED
231769,463,RLG_PLAN_PUBLISHED
231831,464,DNS_UPDATE_SUCCEEDED
234769,469,RLG_PLAN_PUBLISHED
234827,470,DNS_UPDATE_SUCCEEDED
235339,471,DNS_UPDATE_SUCCEEDED
237769,475,RLG_PLAN_PUBLISHED
237838,476,DNS_UPDATE_SUCCEEDED
238319,477,DNS_UPDATE_SUCCEEDED
240769,481,RLG_PLAN_PUBLISHED
240822,482,DNS_UPDATE_SUCCEEDED
243769,487,RLG_PLAN_PUBLISHED
243821,488,DNS_UPDATE_SUCCEEDED
244324,489,DNS_UPDATE_SUCCEEDED
246767,493,RLG_PLAN_PUBLISHED
246818,494,DNS_UPDATE_SUCCEEDED
247322,495,DNS_UPDATE_SUCCEEDED
249768,499,RLG_PLAN_PUBLISHED
249823,500,DNS_UPDATE_SUCCEEDED
250335,501,DNS_UPDATE_SUCCEEDED
252770,505,RLG_PLAN_PUBLISHED
252827,506,DNS_UPDATE_SUCCEEDED
253334,507,DNS_UPDATE_SUCCEEDED
255768,511,RLG_PLAN_PUBLISHED
255824,512,DNS_UPDATE_SUCCEEDED
256325,513,DNS_UPDATE_SUCCEEDED
258770,517,RLG_PLAN_PUBLISHED
258822,518,DNS_UPDATE_SUCCEEDED
259325,519,DNS_UPDATE_SUCCEEDED
261771,523,RLG_PLAN_PUBLISHED
261823,524,DNS_UPDATE_SUCCEEDED
435779,871,RLG_PLAN_PUBLISHED
435865,872,DNS_UPDATE_SUCCEEDED
438777,877,RLG_PLAN_PUBLISHED
438867,878,DNS_UPDATE_SUCCEEDED
439369,879,DNS_UPDATE_SUCCEEDED
441780,883,RLG_PLAN_PUBLISHED
441870,884,DNS_UPDATE_SUCCEEDED
442373,885,DNS_UPDATE_SUCCEEDED
444782,889,RLG_PLAN_PUBLISHED
444870,890,DNS_UPDATE_SUCCEEDED
447780,895,RLG_PLAN_PUBLISHED
447873,896,DNS_UPDATE_SUCCEEDED
448374,897,DNS_UPDATE_SUCCEEDED
450780,901,RLG_PLAN_PUBLISHED
450902,902,DNS_UPDATE_SUCCEEDED
453779,907,RLG_PLAN_PUBLISHED
453875,908,DNS_UPDATE_SUCCEEDED
454386,909,DNS_UPDATE_SUCCEEDED
456782,913,RLG_PLAN_PUBLISHED
456873,914,DNS_UPDATE_SUCCEEDED
457375,915,DNS_UPDATE_SUCCEEDED
459778,919,RLG_PLAN_PUBLISHED
459887,920,DNS_UPDATE_SUCCEEDED
460396,921,DNS_UPDATE_SUCCEEDED
462784,925,RLG_PLAN_PUBLISHED
462886,926,DNS_UPDATE_SUCCEEDED
465778,931,RLG_PLAN_PUBLISHED
465883,932,DNS_UPDATE_SUCCEEDED
466384,933,DNS_UPDATE_SUCCEEDED
468783,937,RLG_PLAN_PUBLISHED
468885,938,DNS_UPDATE_SUCCEEDED
469385,939,DNS_UPDATE_SUCCEEDED
471779,943,RLG_PLAN_PUBLISHED
471904,944,DNS_UPDATE_SUCCEEDED
474779,949,RLG_PLAN_PUBLISHED
474896,950,DNS_UPDATE_SUCCEEDED
475382,951,DNS_UPDATE_SUCCEEDED
477781,955,RLG_PLAN_PUBLISHED
477891,956,DNS_UPDATE_SUCCEEDED
478409,957,DNS_UPDATE_SUCCEEDED
480780,961,RLG_PLAN_PUBLISHED
480900,962,DNS_UPDATE_SUCCEEDED
483779,967,RLG_PLAN_PUBLISHED
483897,968,DNS_UPDATE_SUCCEEDED
484412,969,DNS_UPDATE_SUCCEEDED
486780,973,RLG_PLAN_PUBLISHED
486898,974,DNS_UPDATE_SUCCEEDED
487394,975,DNS_UPDATE_SUCCEEDED
489781,979,RLG_PLAN_PUBLISHED
489898,980,DNS_UPDATE_SUCCEEDED
492780,985,RLG_PLAN_PUBLISHED
492893,986,DNS_UPDATE_SUCCEEDED
493394,987,DNS_UPDATE_SUCCEEDED
495781,991,RLG_PLAN_PUBLISHED
495901,992,DNS_UPDATE_SUCCEEDED
496404,993,DNS_UPDATE_SUCCEEDED
498779,997,RLG_PLAN_PUBLISHED
498899,998,DNS_UPDATE_SUCCEEDED
513781,1027,RLG_PLAN_PUBLISHED
513914,1028,DNS_UPDATE_SUCCEEDED
514433,1029,DNS_UPDATE_SUCCEEDED
516781,1033,RLG_PLAN_PUBLISHED
516922,1034,DNS_UPDATE_SUCCEEDED
517418,1035,DNS_UPDATE_SUCCEEDED
519780,1039,RLG_PLAN_PUBLISHED
519934,1040,DNS_UPDATE_SUCCEEDED
520431,1041,DNS_UPDATE_SUCCEEDED
522782,1045,RLG_PLAN_PUBLISHED
522935,1046,DNS_UPDATE_SUCCEEDED
523438,1047,DNS_UPDATE_SUCCEEDED
525784,1051,RLG_PLAN_PUBLISHED
525956,1052,DNS_UPDATE_SUCCEEDED
526431,1053,DNS_UPDATE_SUCCEEDED
528781,1057,RLG_PLAN_PUBLISHED
528932,1058,DNS_UPDATE_SUCCEEDED
529438,1059,DNS_UPDATE_SUCCEEDED
531784,1063,RLG_PLAN_PUBLISHED
531957,1064,DNS_UPDATE_SUCCEEDED
