{
  "region" : {
    "name" : "O"
  },
  "serviceReports" : [ {
    "nodeName" : {
      "name" : "nodeO"
    },
    "timestamp" : 316315,
    "serviceState" : {
      "nodeO_c01" : {
        "service" : {
          "group" : "com.bbn",
          "artifact" : "test-service2",
          "version" : "1"
        },
        "status" : "RUNNING"
      },
      "nodeO_c00" : {
        "service" : {
          "group" : "com.bbn",
          "artifact" : "test-service3",
          "version" : "1"
        },
        "status" : "RUNNING"
      }
    }
  } ]
}