{
  "region" : {
    "name" : "A"
  },
  "timestamp" : 405897,
  "plan" : {
    "AppCoordinates {com.bbn, test-service3, 1}" : {
      "D" : 0.9042042527160619,
      "E" : 0.0,
      "F" : 0.0,
      "I" : 0.0,
      "J" : 0.0,
      "A" : 0.09579574728393814
    },
    "AppCoordinates {com.bbn, test-service2, 1}" : {
      "D" : 1.0,
      "E" : 0.0,
      "F" : 0.0,
      "I" : 0.0,
      "J" : 0.0,
      "A" : 0.0
    },
    "AppCoordinates {com.bbn, test-service1, 1}" : {
      "D" : 1.0,
      "E" : 0.0,
      "F" : 0.0,
      "I" : 0.0,
      "J" : 0.0,
      "A" : 0.0
    }
  }
}