{
  "clientName" : "clientPoolE",
  "clientRegion" : {
    "name" : "E"
  },
  "numRequestsAttempted" : 5800,
  "numRequestsSucceeded" : 3239,
  "numRequestsFailedForServerLoad" : 2561,
  "numRequestsFailedForNetworkLoad" : 0,
  "numRequestsSlowForServerLoad" : 1576,
  "numRequestsSlowForNetworkLoad" : 0,
  "numRequestsSlowForNetworkAndServerLoad" : 0,
  "numRequestsServicedByRegion" : {
    "A" : 225,
    "B" : 103,
    "C" : 1228,
    "D" : 7,
    "E" : 1676
  },
  "numRequestsFailedForDownNode" : 0
}