316,1,DNS_UPDATE_SUCCEEDED
39405,79,DCOP_PLAN_PLUBLIED
39412,79,RLG_PLAN_PUBLISHED
39905,80,DNS_UPDATE_SUCCEEDED
219480,435,DCOP_PLAN_PLUBLIED
219658,435,RLG_PLAN_PUBLISHED
339473,673,DCOP_PLAN_PLUBLIED
339831,673,RLG_PLAN_PUBLISHED
339864,674,DNS_UPDATE_SUCCEEDED
459471,911,DCOP_PLAN_PLUBLIED
460016,912,RLG_PLAN_PUBLISHED
460432,913,DNS_UPDATE_SUCCEEDED
579501,1149,DCOP_PLAN_PLUBLIED
580209,1150,RLG_PLAN_PUBLISHED
580510,1151,DNS_UPDATE_SUCCEEDED
699483,1385,DCOP_PLAN_PLUBLIED
700505,1387,RLG_PLAN_PUBLISHED
700820,1388,DNS_UPDATE_SUCCEEDED
819459,1621,DCOP_PLAN_PLUBLIED
820859,1623,RLG_PLAN_PUBLISHED
820921,1624,DNS_UPDATE_SUCCEEDED
939496,1857,DCOP_PLAN_PLUBLIED
941253,1860,RLG_PLAN_PUBLISHED
941487,1861,DNS_UPDATE_SUCCEEDED
1059573,2093,DCOP_PLAN_PLUBLIED
1061620,2097,RLG_PLAN_PUBLISHED
1062086,2098,DNS_UPDATE_SUCCEEDED
1179555,2328,DCOP_PLAN_PLUBLIED
1181995,2333,RLG_PLAN_PUBLISHED
1182218,2334,DNS_UPDATE_SUCCEEDED
1299709,2565,DCOP_PLAN_PLUBLIED
1302298,2570,RLG_PLAN_PUBLISHED
1302440,2571,DNS_UPDATE_SUCCEEDED
1419596,2803,DCOP_PLAN_PLUBLIED
1422479,2808,RLG_PLAN_PUBLISHED
1422519,2809,DNS_UPDATE_SUCCEEDED
1539586,3041,DCOP_PLAN_PLUBLIED
1539664,3041,RLG_PLAN_PUBLISHED
1540082,3042,DNS_UPDATE_SUCCEEDED
1659595,3278,DCOP_PLAN_PLUBLIED
1659844,3279,RLG_PLAN_PUBLISHED
1660173,3280,DNS_UPDATE_SUCCEEDED
1779615,3516,DCOP_PLAN_PLUBLIED
1780025,3517,RLG_PLAN_PUBLISHED
1780209,3518,DNS_UPDATE_SUCCEEDED
