243,1,DNS_UPDATE_SUCCEEDED
46891,94,RLG_PLAN_PUBLISHED
46891,94,DCOP_PLAN_PLUBLIED
47397,95,DNS_UPDATE_SUCCEEDED
347058,689,DCOP_PLAN_PLUBLIED
347302,690,RLG_PLAN_PUBLISHED
467129,927,DCOP_PLAN_PLUBLIED
467439,928,RLG_PLAN_PUBLISHED
467671,929,DNS_UPDATE_SUCCEEDED
587046,1165,DCOP_PLAN_PLUBLIED
587598,1167,RLG_PLAN_PUBLISHED
588078,1168,DNS_UPDATE_SUCCEEDED
707102,1404,DCOP_PLAN_PLUBLIED
707775,1405,RLG_PLAN_PUBLISHED
708082,1406,DNS_UPDATE_SUCCEEDED
827222,1642,DCOP_PLAN_PLUBLIED
827969,1643,RLG_PLAN_PUBLISHED
828104,1644,DNS_UPDATE_SUCCEEDED
947239,1880,DCOP_PLAN_PLUBLIED
948160,1881,RLG_PLAN_PUBLISHED
948167,1882,DNS_UPDATE_SUCCEEDED
1067169,2117,DCOP_PLAN_PLUBLIED
1068335,2120,RLG_PLAN_PUBLISHED
1068707,2121,DNS_UPDATE_SUCCEEDED
1187196,2355,DCOP_PLAN_PLUBLIED
1188513,2358,RLG_PLAN_PUBLISHED
1188731,2359,DNS_UPDATE_SUCCEEDED
1307250,2593,DCOP_PLAN_PLUBLIED
1308691,2596,RLG_PLAN_PUBLISHED
1308861,2597,DNS_UPDATE_SUCCEEDED
1427246,2831,DCOP_PLAN_PLUBLIED
1428873,2835,RLG_PLAN_PUBLISHED
1429329,2836,DNS_UPDATE_SUCCEEDED
1547137,3069,DCOP_PLAN_PLUBLIED
1549018,3073,RLG_PLAN_PUBLISHED
1549334,3074,DNS_UPDATE_SUCCEEDED
1667215,3307,DCOP_PLAN_PLUBLIED
1669210,3311,RLG_PLAN_PUBLISHED
1669241,3312,DNS_UPDATE_SUCCEEDED
1787218,3545,DCOP_PLAN_PLUBLIED
1789405,3550,RLG_PLAN_PUBLISHED
1789787,3551,DNS_UPDATE_SUCCEEDED
