{
  "nodeName" : {
    "name" : "nodeO"
  },
  "timestamp" : 417997,
  "demandEstimationWindow" : "LONG",
  "nodeComputeCapacity" : {
    "CPU" : 4.0,
    "MEMORY" : 8.0E9,
    "DISK" : 10.0,
    "TASK_CONTAINERS" : 20.0
  },
  "networkCapacity" : {
    "interface-nodeE ( nodeE )" : {
      "DATARATE_RX" : 100.0,
      "DATARATE_TX" : 100.0
    },
    "interface-nodeC ( nodeC )" : {
      "DATARATE_RX" : 100.0,
      "DATARATE_TX" : 100.0
    },
    "interface-nodeI ( nodeI )" : {
      "DATARATE_RX" : 100.0,
      "DATARATE_TX" : 100.0
    },
    "interface-nodeF ( nodeF )" : {
      "DATARATE_RX" : 100.0,
      "DATARATE_TX" : 100.0
    },
    "interface-nodeG ( nodeG )" : {
      "DATARATE_RX" : 100.0,
      "DATARATE_TX" : 100.0
    },
    "interface-nodeJ ( nodeJ )" : {
      "DATARATE_RX" : 100.0,
      "DATARATE_TX" : 100.0
    },
    "interface-nodeK ( nodeK )" : {
      "DATARATE_RX" : 100.0,
      "DATARATE_TX" : 100.0
    },
    "interface-nodeA ( nodeA )" : {
      "DATARATE_RX" : 100.0,
      "DATARATE_TX" : 100.0
    }
  },
  "networkLoad" : {
    "interface-nodeE ( nodeE )" : { },
    "interface-nodeC ( nodeC )" : { },
    "interface-nodeI ( nodeI )" : { },
    "interface-nodeF ( nodeF )" : {
      "(clientPoolO, nodeF_c07, nodeF_c07)" : {
        "AppCoordinates {com.bbn, test-service2, 1}" : {
          "DATARATE_TX" : 1.9481757786848908E-20,
          "DATARATE_RX" : 9.740878893424454E-21
        }
      },
      "(clientPoolO, nodeF_c04, nodeF_c04)" : {
        "AppCoordinates {com.bbn, test-service3, 1}" : {
          "DATARATE_TX" : 7.999999999999997E-5,
          "DATARATE_RX" : 3.999999999999998E-5
        },
        "AppCoordinates {com.bbn, test-service1, 1}" : {
          "DATARATE_TX" : -7.623296525288703E-21,
          "DATARATE_RX" : -3.8116482626443515E-21
        }
      },
      "(clientPoolO, nodeF_c03, nodeF_c03)" : {
        "AppCoordinates {com.bbn, test-service1, 1}" : {
          "DATARATE_TX" : 1.3399999999999981E-4,
          "DATARATE_RX" : 6.699999999999991E-5
        }
      },
      "(clientPoolO, nodeF_c06, nodeF_c06)" : {
        "AppCoordinates {com.bbn, test-service3, 1}" : {
          "DATARATE_TX" : 6.6E-5,
          "DATARATE_RX" : 3.3E-5
        },
        "AppCoordinates {com.bbn, test-service2, 1}" : {
          "DATARATE_TX" : 2.541098841762901E-21,
          "DATARATE_RX" : 1.2705494208814505E-21
        },
        "AppCoordinates {com.bbn, test-service1, 1}" : {
          "DATARATE_TX" : -7.623296525288703E-21,
          "DATARATE_RX" : -3.8116482626443515E-21
        }
      },
      "(clientPoolO, nodeF_c05, nodeF_c05)" : {
        "AppCoordinates {com.bbn, test-service3, 1}" : {
          "DATARATE_TX" : 5.600000000000001E-5,
          "DATARATE_RX" : 2.8000000000000006E-5
        },
        "AppCoordinates {com.bbn, test-service1, 1}" : {
          "DATARATE_TX" : -8.470329472543003E-22,
          "DATARATE_RX" : -4.2351647362715017E-22
        }
      },
      "(clientPoolO, nodeF_c00, nodeF_c00)" : {
        "AppCoordinates {com.bbn, test-service3, 1}" : {
          "DATARATE_TX" : 6.200000000000002E-5,
          "DATARATE_RX" : 3.100000000000001E-5
        },
        "AppCoordinates {com.bbn, test-service1, 1}" : {
          "DATARATE_TX" : -7.623296525288703E-21,
          "DATARATE_RX" : -3.8116482626443515E-21
        }
      },
      "(clientPoolO, nodeF_c02, nodeF_c02)" : {
        "AppCoordinates {com.bbn, test-service3, 1}" : {
          "DATARATE_TX" : 4.800000000000001E-5,
          "DATARATE_RX" : 2.4000000000000004E-5
        }
      },
      "(clientPoolO, nodeF_c01, nodeF_c01)" : {
        "AppCoordinates {com.bbn, test-service3, 1}" : {
          "DATARATE_TX" : 5.8000000000000014E-5,
          "DATARATE_RX" : 2.9000000000000007E-5
        },
        "AppCoordinates {com.bbn, test-service2, 1}" : {
          "DATARATE_TX" : -7.623296525288703E-21,
          "DATARATE_RX" : -3.8116482626443515E-21
        }
      }
    },
    "interface-nodeG ( nodeG )" : { },
    "interface-nodeJ ( nodeJ )" : { },
    "interface-nodeK ( nodeK )" : { },
    "interface-nodeA ( nodeA )" : { }
  },
  "networkDemand" : {
    "interface-nodeE ( nodeE )" : { },
    "interface-nodeC ( nodeC )" : { },
    "interface-nodeA ( nodeA )" : { },
    "interface-nodeK ( nodeK )" : { },
    "interface-nodeJ ( nodeJ )" : { },
    "interface-nodeI ( nodeI )" : { },
    "interface-nodeG ( nodeG )" : { },
    "interface-nodeF ( nodeF )" : {
      "(clientPoolO, nodeF_c07, nodeF_c07)" : {
        "AppCoordinates {com.bbn, test-service2, 1}" : {
          "DATARATE_TX" : 1.2036011080332389E-4,
          "DATARATE_RX" : 6.0180055401661946E-5
        }
      },
      "(clientPoolO, nodeF_c04, nodeF_c04)" : {
        "AppCoordinates {com.bbn, test-service3, 1}" : {
          "DATARATE_TX" : 1.1270914127423822E-4,
          "DATARATE_RX" : 5.635457063711911E-5
        },
        "AppCoordinates {com.bbn, test-service1, 1}" : {
          "DATARATE_TX" : -7.623296525288703E-21,
          "DATARATE_RX" : -3.8116482626443515E-21
        }
      },
      "(clientPoolO, nodeF_c03, nodeF_c03)" : {
        "AppCoordinates {com.bbn, test-service1, 1}" : {
          "DATARATE_TX" : 9.463711911357337E-5,
          "DATARATE_RX" : 4.7318559556786685E-5
        }
      },
      "(clientPoolO, nodeF_c06, nodeF_c06)" : {
        "AppCoordinates {com.bbn, test-service3, 1}" : {
          "DATARATE_TX" : 1.1666147859922148E-4,
          "DATARATE_RX" : 5.833073929961074E-5
        },
        "AppCoordinates {com.bbn, test-service2, 1}" : {
          "DATARATE_TX" : 2.541098841762901E-21,
          "DATARATE_RX" : 1.2705494208814505E-21
        },
        "AppCoordinates {com.bbn, test-service1, 1}" : {
          "DATARATE_TX" : -7.623296525288703E-21,
          "DATARATE_RX" : -3.8116482626443515E-21
        }
      },
      "(clientPoolO, nodeF_c05, nodeF_c05)" : {
        "AppCoordinates {com.bbn, test-service3, 1}" : {
          "DATARATE_TX" : 1.1987257617728537E-4,
          "DATARATE_RX" : 5.993628808864269E-5
        },
        "AppCoordinates {com.bbn, test-service1, 1}" : {
          "DATARATE_TX" : -8.470329472543003E-22,
          "DATARATE_RX" : -4.2351647362715017E-22
        }
      },
      "(clientPoolO, nodeF_c00, nodeF_c00)" : {
        "AppCoordinates {com.bbn, test-service3, 1}" : {
          "DATARATE_TX" : 1.095955678670353E-4,
          "DATARATE_RX" : 5.479778393351765E-5
        },
        "AppCoordinates {com.bbn, test-service1, 1}" : {
          "DATARATE_TX" : -7.623296525288703E-21,
          "DATARATE_RX" : -3.8116482626443515E-21
        }
      },
      "(clientPoolO, nodeF_c02, nodeF_c02)" : {
        "AppCoordinates {com.bbn, test-service3, 1}" : {
          "DATARATE_TX" : 1.1342936288088632E-4,
          "DATARATE_RX" : 5.671468144044316E-5
        }
      },
      "(clientPoolO, nodeF_c01, nodeF_c01)" : {
        "AppCoordinates {com.bbn, test-service3, 1}" : {
          "DATARATE_TX" : 1.0322656249999991E-4,
          "DATARATE_RX" : 5.1613281249999956E-5
        },
        "AppCoordinates {com.bbn, test-service2, 1}" : {
          "DATARATE_TX" : -7.623296525288703E-21,
          "DATARATE_RX" : -3.8116482626443515E-21
        }
      }
    }
  },
  "containerReports" : {
    "nodeO_c01" : {
      "containerName" : {
        "name" : "nodeO_c01"
      },
      "timestamp" : 417997,
      "service" : {
        "group" : "com.bbn",
        "artifact" : "test-service3",
        "version" : "1"
      },
      "serviceStatus" : "RUNNING",
      "demandEstimationWindow" : "LONG",
      "computeCapacity" : {
        "CPU" : 1.0,
        "TASK_CONTAINERS" : 100.0,
        "QueueLength" : 1000000.0
      },
      "computeLoad" : {
        "UNKNOWN" : {
          "QueueLength" : 74.0,
          "TASK_CONTAINERS" : 37.0
        }
      },
      "computeDemand" : {
        "UNKNOWN" : {
          "QueueLength" : 69.9171270718232,
          "TASK_CONTAINERS" : 34.9585635359116
        }
      },
      "averageProcessingTime" : 120000.0,
      "networkCapacity" : {
        "interface-nodeO ( nodeO )" : {
          "DATARATE_TX" : 100.0,
          "DATARATE_RX" : 100.0
        }
      },
      "networkLoad" : {
        "interface-nodeO ( nodeO )" : {
          "(clientPoolO, nodeO_c01, nodeO_c01)" : {
            "AppCoordinates {com.bbn, test-service3, 1}" : {
              "DATARATE_TX" : 1.479999999999998E-4,
              "DATARATE_RX" : 7.39999999999999E-5
            }
          }
        }
      },
      "networkDemand" : {
        "interface-nodeO ( nodeO )" : {
          "(clientPoolO, nodeO_c01, nodeO_c01)" : {
            "AppCoordinates {com.bbn, test-service3, 1}" : {
              "DATARATE_TX" : 1.4022160664819912E-4,
              "DATARATE_RX" : 7.011080332409956E-5
            }
          }
        }
      }
    }
  },
  "maximumServiceContainers" : 20,
  "allocatedServiceContainers" : 1,
  "computeDemand" : {
    "AppCoordinates {com.bbn, test-service3, 1}" : {
      "UNKNOWN" : {
        "QueueLength" : 69.9171270718232,
        "TASK_CONTAINERS" : 34.9585635359116
      }
    }
  },
  "containerNetworkLoad" : {
    "interface-nodeO ( nodeO )" : {
      "(clientPoolO, nodeO_c01, nodeO_c01)" : {
        "AppCoordinates {com.bbn, test-service3, 1}" : {
          "DATARATE_TX" : 1.479999999999998E-4,
          "DATARATE_RX" : 7.39999999999999E-5
        }
      }
    }
  },
  "containerNetworkDemand" : {
    "interface-nodeO ( nodeO )" : {
      "(clientPoolO, nodeO_c01, nodeO_c01)" : {
        "AppCoordinates {com.bbn, test-service3, 1}" : {
          "DATARATE_TX" : 1.4022160664819912E-4,
          "DATARATE_RX" : 7.011080332409956E-5
        }
      }
    }
  },
  "computeLoad" : {
    "AppCoordinates {com.bbn, test-service3, 1}" : {
      "UNKNOWN" : {
        "QueueLength" : 74.0,
        "TASK_CONTAINERS" : 37.0
      }
    }
  },
  "allocatedComputeCapacity" : {
    "CPU" : 1.0,
    "QueueLength" : 1000000.0,
    "TASK_CONTAINERS" : 100.0
  },
  "availableServiceContainers" : 19,
  "averageProcessingTime" : {
    "AppCoordinates {com.bbn, test-service3, 1}" : 120000.0
  }
}