1108,1,DNS_UPDATE_SUCCEEDED
1213,2,DCOP_PLAN_PLUBLIED
1234,2,RLG_PLAN_PUBLISHED
106207,212,DCOP_PLAN_PLUBLIED
109181,218,RLG_PLAN_PUBLISHED
109672,219,DNS_UPDATE_SUCCEEDED
110175,220,DNS_UPDATE_SUCCEEDED
112173,224,RLG_PLAN_PUBLISHED
112675,225,DNS_UPDATE_SUCCEEDED
121178,242,RLG_PLAN_PUBLISHED
121673,243,DNS_UPDATE_SUCCEEDED
122175,244,DNS_UPDATE_SUCCEEDED
124172,247,RLG_PLAN_PUBLISHED
124178,248,DNS_UPDATE_SUCCEEDED
166485,332,DCOP_PLAN_PLUBLIED
169182,337,RLG_PLAN_PUBLISHED
169207,338,DNS_UPDATE_SUCCEEDED
181184,361,RLG_PLAN_PUBLISHED
181200,362,DNS_UPDATE_SUCCEEDED
184182,367,RLG_PLAN_PUBLISHED
184203,368,DNS_UPDATE_SUCCEEDED
184706,369,DNS_UPDATE_SUCCEEDED
187183,373,RLG_PLAN_PUBLISHED
187207,374,DNS_UPDATE_SUCCEEDED
226641,452,DCOP_PLAN_PLUBLIED
229183,457,RLG_PLAN_PUBLISHED
229231,458,DNS_UPDATE_SUCCEEDED
286498,572,DCOP_PLAN_PLUBLIED
289185,577,RLG_PLAN_PUBLISHED
289285,578,DNS_UPDATE_SUCCEEDED
346604,692,DCOP_PLAN_PLUBLIED
349183,697,RLG_PLAN_PUBLISHED
349305,698,DNS_UPDATE_SUCCEEDED
406535,812,DCOP_PLAN_PLUBLIED
409194,817,RLG_PLAN_PUBLISHED
409335,818,DNS_UPDATE_SUCCEEDED
466612,932,DCOP_PLAN_PLUBLIED
469197,937,RLG_PLAN_PUBLISHED
469366,938,DNS_UPDATE_SUCCEEDED
526526,1052,DCOP_PLAN_PLUBLIED
529203,1057,RLG_PLAN_PUBLISHED
529382,1058,DNS_UPDATE_SUCCEEDED
586605,1172,DCOP_PLAN_PLUBLIED
589205,1177,RLG_PLAN_PUBLISHED
589419,1178,DNS_UPDATE_SUCCEEDED
630008,1260,DNS_UPDATE_SUCCEEDED
630008,1292,DCOP_PLAN_PLUBLIED
