271,1,DNS_UPDATE_SUCCEEDED
41410,83,DCOP_PLAN_PLUBLIED
41410,83,RLG_PLAN_PUBLISHED
41915,84,DNS_UPDATE_SUCCEEDED
221569,439,DCOP_PLAN_PLUBLIED
221705,439,RLG_PLAN_PUBLISHED
341460,675,DCOP_PLAN_PLUBLIED
342035,676,RLG_PLAN_PUBLISHED
342241,677,DNS_UPDATE_SUCCEEDED
461549,913,DCOP_PLAN_PLUBLIED
462246,914,RLG_PLAN_PUBLISHED
462426,915,DNS_UPDATE_SUCCEEDED
581521,1150,DCOP_PLAN_PLUBLIED
582423,1152,RLG_PLAN_PUBLISHED
582544,1153,DNS_UPDATE_SUCCEEDED
701524,1388,DCOP_PLAN_PLUBLIED
702597,1390,RLG_PLAN_PUBLISHED
702624,1391,DNS_UPDATE_SUCCEEDED
821552,1626,DCOP_PLAN_PLUBLIED
822786,1629,RLG_PLAN_PUBLISHED
823230,1630,DNS_UPDATE_SUCCEEDED
941645,1864,DCOP_PLAN_PLUBLIED
942975,1867,RLG_PLAN_PUBLISHED
943407,1868,DNS_UPDATE_SUCCEEDED
1061542,2100,DCOP_PLAN_PLUBLIED
1063362,2103,RLG_PLAN_PUBLISHED
1063541,2104,DNS_UPDATE_SUCCEEDED
1181742,2336,DCOP_PLAN_PLUBLIED
1183640,2340,RLG_PLAN_PUBLISHED
1183765,2341,DNS_UPDATE_SUCCEEDED
1301603,2574,DCOP_PLAN_PLUBLIED
1303835,2578,RLG_PLAN_PUBLISHED
1303896,2579,DNS_UPDATE_SUCCEEDED
1421598,2812,DCOP_PLAN_PLUBLIED
1424019,2817,RLG_PLAN_PUBLISHED
1424518,2818,DNS_UPDATE_SUCCEEDED
1541934,3049,DCOP_PLAN_PLUBLIED
1661645,3285,DCOP_PLAN_PLUBLIED
1661655,3285,RLG_PLAN_PUBLISHED
1662053,3286,DNS_UPDATE_SUCCEEDED
1781701,3520,DCOP_PLAN_PLUBLIED
1781954,3521,RLG_PLAN_PUBLISHED
1782222,3522,DNS_UPDATE_SUCCEEDED
