192,1,DNS_UPDATE_SUCCEEDED
40881,82,RLG_PLAN_PUBLISHED
40882,82,DCOP_PLAN_PLUBLIED
41381,83,DNS_UPDATE_SUCCEEDED
341301,678,DCOP_PLAN_PLUBLIED
344268,683,RLG_PLAN_PUBLISHED
460934,915,DCOP_PLAN_PLUBLIED
461416,916,RLG_PLAN_PUBLISHED
461749,917,DNS_UPDATE_SUCCEEDED
581321,1154,DCOP_PLAN_PLUBLIED
581583,1154,RLG_PLAN_PUBLISHED
581650,1155,DNS_UPDATE_SUCCEEDED
821388,1630,DCOP_PLAN_PLUBLIED
821897,1631,RLG_PLAN_PUBLISHED
822028,1632,DNS_UPDATE_SUCCEEDED
941237,1868,DCOP_PLAN_PLUBLIED
942048,1870,RLG_PLAN_PUBLISHED
942527,1871,DNS_UPDATE_SUCCEEDED
1300992,2581,DCOP_PLAN_PLUBLIED
1302619,2584,RLG_PLAN_PUBLISHED
1302637,2585,DNS_UPDATE_SUCCEEDED
1421411,2820,DCOP_PLAN_PLUBLIED
1422783,2823,RLG_PLAN_PUBLISHED
1423156,2824,DNS_UPDATE_SUCCEEDED
