{
  "region" : {
    "name" : "E"
  },
  "nodeResourceReports" : [ {
    "nodeName" : {
      "name" : "nodeE"
    },
    "timestamp" : 153490,
    "demandEstimationWindow" : "SHORT",
    "nodeComputeCapacity" : {
      "CPU" : 4.0,
      "MEMORY" : 8.0E9,
      "DISK" : 10.0,
      "TASK_CONTAINERS" : 20.0
    },
    "networkCapacity" : {
      "interface-nodeH ( nodeH )" : {
        "DATARATE_RX" : 100.0,
        "DATARATE_TX" : 100.0
      },
      "interface-nodeF ( nodeF )" : {
        "DATARATE_RX" : 100.0,
        "DATARATE_TX" : 100.0
      },
      "interface-nodeA ( nodeA )" : {
        "DATARATE_RX" : 100.0,
        "DATARATE_TX" : 100.0
      }
    },
    "networkLoad" : {
      "interface-nodeH ( nodeH )" : { },
      "interface-nodeF ( nodeF )" : {
        "(nodeB_c00, clientPoolF, nodeB_c00)" : {
          "AppCoordinates {com.bbn, test-service1, 1}" : {
            "DATARATE_TX" : 0.003,
            "DATARATE_RX" : 0.006
          }
        },
        "(nodeB_c04, clientPoolF, nodeB_c04)" : {
          "AppCoordinates {com.bbn, test-service1, 1}" : {
            "DATARATE_TX" : 0.002,
            "DATARATE_RX" : 0.004
          }
        },
        "(nodeB_c03, clientPoolF, nodeB_c03)" : {
          "AppCoordinates {com.bbn, test-service2, 1}" : {
            "DATARATE_TX" : 0.004,
            "DATARATE_RX" : 0.008
          }
        },
        "(nodeB_c02, clientPoolF, nodeB_c02)" : {
          "AppCoordinates {com.bbn, test-service3, 1}" : {
            "DATARATE_TX" : 0.003,
            "DATARATE_RX" : 0.006
          }
        },
        "(nodeB_c01, clientPoolF, nodeB_c01)" : {
          "AppCoordinates {com.bbn, test-service2, 1}" : {
            "DATARATE_TX" : 0.003,
            "DATARATE_RX" : 0.006
          }
        },
        "(nodeB_c07, clientPoolF, nodeB_c07)" : {
          "AppCoordinates {com.bbn, test-service2, 1}" : {
            "DATARATE_TX" : 0.004,
            "DATARATE_RX" : 0.008
          }
        },
        "(nodeB_c06, clientPoolF, nodeB_c06)" : {
          "AppCoordinates {com.bbn, test-service3, 1}" : {
            "DATARATE_TX" : 0.005,
            "DATARATE_RX" : 0.01
          }
        },
        "(nodeB_c05, clientPoolF, nodeB_c05)" : {
          "AppCoordinates {com.bbn, test-service3, 1}" : {
            "DATARATE_TX" : 0.002,
            "DATARATE_RX" : 0.004
          }
        }
      },
      "interface-nodeA ( nodeA )" : {
        "(clientPoolF, nodeB_c01, nodeB_c01)" : {
          "AppCoordinates {com.bbn, test-service2, 1}" : {
            "DATARATE_TX" : 0.006,
            "DATARATE_RX" : 0.003
          }
        },
        "(clientPoolE, nodeB_c00, nodeB_c00)" : {
          "AppCoordinates {com.bbn, test-service1, 1}" : {
            "DATARATE_TX" : 0.008,
            "DATARATE_RX" : 0.004
          }
        },
        "(clientPoolF, nodeB_c00, nodeB_c00)" : {
          "AppCoordinates {com.bbn, test-service1, 1}" : {
            "DATARATE_TX" : 0.006,
            "DATARATE_RX" : 0.003
          }
        },
        "(clientPoolE, nodeB_c06, nodeB_c06)" : {
          "AppCoordinates {com.bbn, test-service3, 1}" : {
            "DATARATE_TX" : 0.002,
            "DATARATE_RX" : 0.001
          }
        },
        "(clientPoolF, nodeB_c07, nodeB_c07)" : {
          "AppCoordinates {com.bbn, test-service2, 1}" : {
            "DATARATE_TX" : 0.008,
            "DATARATE_RX" : 0.004
          }
        },
        "(clientPoolF, nodeB_c06, nodeB_c06)" : {
          "AppCoordinates {com.bbn, test-service3, 1}" : {
            "DATARATE_TX" : 0.01,
            "DATARATE_RX" : 0.005
          }
        },
        "(clientPoolE, nodeB_c05, nodeB_c05)" : {
          "AppCoordinates {com.bbn, test-service3, 1}" : {
            "DATARATE_TX" : 0.008,
            "DATARATE_RX" : 0.004
          }
        },
        "(clientPoolE, nodeB_c07, nodeB_c07)" : {
          "AppCoordinates {com.bbn, test-service2, 1}" : {
            "DATARATE_TX" : 0.004,
            "DATARATE_RX" : 0.002
          }
        },
        "(clientPoolF, nodeB_c03, nodeB_c03)" : {
          "AppCoordinates {com.bbn, test-service2, 1}" : {
            "DATARATE_TX" : 0.008,
            "DATARATE_RX" : 0.004
          }
        },
        "(clientPoolE, nodeB_c02, nodeB_c02)" : {
          "AppCoordinates {com.bbn, test-service3, 1}" : {
            "DATARATE_TX" : 0.008,
            "DATARATE_RX" : 0.004
          }
        },
        "(clientPoolF, nodeB_c02, nodeB_c02)" : {
          "AppCoordinates {com.bbn, test-service3, 1}" : {
            "DATARATE_TX" : 0.006,
            "DATARATE_RX" : 0.003
          }
        },
        "(clientPoolE, nodeB_c01, nodeB_c01)" : {
          "AppCoordinates {com.bbn, test-service2, 1}" : {
            "DATARATE_TX" : 0.008,
            "DATARATE_RX" : 0.004
          }
        },
        "(clientPoolF, nodeB_c05, nodeB_c05)" : {
          "AppCoordinates {com.bbn, test-service3, 1}" : {
            "DATARATE_TX" : 0.004,
            "DATARATE_RX" : 0.002
          }
        },
        "(clientPoolE, nodeB_c04, nodeB_c04)" : {
          "AppCoordinates {com.bbn, test-service1, 1}" : {
            "DATARATE_TX" : 0.004,
            "DATARATE_RX" : 0.002
          }
        },
        "(clientPoolE, nodeB_c03, nodeB_c03)" : {
          "AppCoordinates {com.bbn, test-service2, 1}" : {
            "DATARATE_TX" : 0.004,
            "DATARATE_RX" : 0.002
          }
        },
        "(clientPoolF, nodeB_c04, nodeB_c04)" : {
          "AppCoordinates {com.bbn, test-service1, 1}" : {
            "DATARATE_TX" : 0.004,
            "DATARATE_RX" : 0.002
          }
        }
      }
    },
    "networkDemand" : {
      "interface-nodeA ( nodeA )" : {
        "(clientPoolE, nodeB_c00, nodeB_c00)" : {
          "AppCoordinates {com.bbn, test-service1, 1}" : {
            "DATARATE_TX" : 0.008,
            "DATARATE_RX" : 0.004
          }
        },
        "(clientPoolF, nodeB_c01, nodeB_c01)" : {
          "AppCoordinates {com.bbn, test-service2, 1}" : {
            "DATARATE_TX" : 0.005999999999999999,
            "DATARATE_RX" : 0.0029999999999999996
          }
        },
        "(clientPoolF, nodeB_c00, nodeB_c00)" : {
          "AppCoordinates {com.bbn, test-service1, 1}" : {
            "DATARATE_TX" : 0.005999999999999999,
            "DATARATE_RX" : 0.0029999999999999996
          }
        },
        "(clientPoolF, nodeB_c07, nodeB_c07)" : {
          "AppCoordinates {com.bbn, test-service2, 1}" : {
            "DATARATE_TX" : 0.008,
            "DATARATE_RX" : 0.004
          }
        },
        "(clientPoolE, nodeB_c06, nodeB_c06)" : {
          "AppCoordinates {com.bbn, test-service3, 1}" : {
            "DATARATE_TX" : 0.002,
            "DATARATE_RX" : 0.001
          }
        },
        "(clientPoolE, nodeB_c05, nodeB_c05)" : {
          "AppCoordinates {com.bbn, test-service3, 1}" : {
            "DATARATE_TX" : 0.008,
            "DATARATE_RX" : 0.004
          }
        },
        "(clientPoolF, nodeB_c06, nodeB_c06)" : {
          "AppCoordinates {com.bbn, test-service3, 1}" : {
            "DATARATE_TX" : 0.01,
            "DATARATE_RX" : 0.005
          }
        },
        "(clientPoolE, nodeB_c07, nodeB_c07)" : {
          "AppCoordinates {com.bbn, test-service2, 1}" : {
            "DATARATE_TX" : 0.004,
            "DATARATE_RX" : 0.002
          }
        },
        "(clientPoolE, nodeB_c02, nodeB_c02)" : {
          "AppCoordinates {com.bbn, test-service3, 1}" : {
            "DATARATE_TX" : 0.008,
            "DATARATE_RX" : 0.004
          }
        },
        "(clientPoolF, nodeB_c03, nodeB_c03)" : {
          "AppCoordinates {com.bbn, test-service2, 1}" : {
            "DATARATE_TX" : 0.008,
            "DATARATE_RX" : 0.004
          }
        },
        "(clientPoolE, nodeB_c01, nodeB_c01)" : {
          "AppCoordinates {com.bbn, test-service2, 1}" : {
            "DATARATE_TX" : 0.008,
            "DATARATE_RX" : 0.004
          }
        },
        "(clientPoolF, nodeB_c02, nodeB_c02)" : {
          "AppCoordinates {com.bbn, test-service3, 1}" : {
            "DATARATE_TX" : 0.006285714285714285,
            "DATARATE_RX" : 0.0031428571428571426
          }
        },
        "(clientPoolE, nodeB_c04, nodeB_c04)" : {
          "AppCoordinates {com.bbn, test-service1, 1}" : {
            "DATARATE_TX" : 0.004,
            "DATARATE_RX" : 0.002
          }
        },
        "(clientPoolF, nodeB_c05, nodeB_c05)" : {
          "AppCoordinates {com.bbn, test-service3, 1}" : {
            "DATARATE_TX" : 0.004,
            "DATARATE_RX" : 0.002
          }
        },
        "(clientPoolF, nodeB_c04, nodeB_c04)" : {
          "AppCoordinates {com.bbn, test-service1, 1}" : {
            "DATARATE_TX" : 0.004285714285714286,
            "DATARATE_RX" : 0.002142857142857143
          }
        },
        "(clientPoolE, nodeB_c03, nodeB_c03)" : {
          "AppCoordinates {com.bbn, test-service2, 1}" : {
            "DATARATE_TX" : 0.004,
            "DATARATE_RX" : 0.002
          }
        }
      },
      "interface-nodeH ( nodeH )" : { },
      "interface-nodeF ( nodeF )" : {
        "(nodeB_c00, clientPoolF, nodeB_c00)" : {
          "AppCoordinates {com.bbn, test-service1, 1}" : {
            "DATARATE_TX" : 0.0029999999999999996,
            "DATARATE_RX" : 0.005999999999999999
          }
        },
        "(nodeB_c04, clientPoolF, nodeB_c04)" : {
          "AppCoordinates {com.bbn, test-service1, 1}" : {
            "DATARATE_TX" : 0.002142857142857143,
            "DATARATE_RX" : 0.004285714285714286
          }
        },
        "(nodeB_c03, clientPoolF, nodeB_c03)" : {
          "AppCoordinates {com.bbn, test-service2, 1}" : {
            "DATARATE_TX" : 0.004,
            "DATARATE_RX" : 0.008
          }
        },
        "(nodeB_c02, clientPoolF, nodeB_c02)" : {
          "AppCoordinates {com.bbn, test-service3, 1}" : {
            "DATARATE_TX" : 0.0031428571428571426,
            "DATARATE_RX" : 0.006285714285714285
          }
        },
        "(nodeB_c01, clientPoolF, nodeB_c01)" : {
          "AppCoordinates {com.bbn, test-service2, 1}" : {
            "DATARATE_TX" : 0.0029999999999999996,
            "DATARATE_RX" : 0.005999999999999999
          }
        },
        "(nodeB_c07, clientPoolF, nodeB_c07)" : {
          "AppCoordinates {com.bbn, test-service2, 1}" : {
            "DATARATE_TX" : 0.004,
            "DATARATE_RX" : 0.008
          }
        },
        "(nodeB_c06, clientPoolF, nodeB_c06)" : {
          "AppCoordinates {com.bbn, test-service3, 1}" : {
            "DATARATE_TX" : 0.005,
            "DATARATE_RX" : 0.01
          }
        },
        "(nodeB_c05, clientPoolF, nodeB_c05)" : {
          "AppCoordinates {com.bbn, test-service3, 1}" : {
            "DATARATE_TX" : 0.002,
            "DATARATE_RX" : 0.004
          }
        }
      }
    },
    "containerReports" : { },
    "maximumServiceContainers" : 20,
    "allocatedServiceContainers" : 0,
    "computeDemand" : { },
    "containerNetworkLoad" : { },
    "containerNetworkDemand" : { },
    "computeLoad" : { },
    "availableServiceContainers" : 20,
    "averageProcessingTime" : { },
    "allocatedComputeCapacity" : { }
  } ]
}