417,1,DNS_UPDATE_SUCCEEDED
47675,95,DCOP_PLAN_PLUBLIED
47697,95,RLG_PLAN_PUBLISHED
48171,96,DNS_UPDATE_SUCCEEDED
227824,449,DCOP_PLAN_PLUBLIED
228214,450,RLG_PLAN_PUBLISHED
347928,685,DCOP_PLAN_PLUBLIED
348557,686,RLG_PLAN_PUBLISHED
348665,687,DNS_UPDATE_SUCCEEDED
467819,921,DCOP_PLAN_PLUBLIED
468905,923,RLG_PLAN_PUBLISHED
469192,924,DNS_UPDATE_SUCCEEDED
587862,1157,DCOP_PLAN_PLUBLIED
589266,1159,RLG_PLAN_PUBLISHED
589296,1160,DNS_UPDATE_SUCCEEDED
707837,1392,DCOP_PLAN_PLUBLIED
709636,1396,RLG_PLAN_PUBLISHED
709971,1397,DNS_UPDATE_SUCCEEDED
827889,1628,DCOP_PLAN_PLUBLIED
830013,1632,RLG_PLAN_PUBLISHED
830089,1633,DNS_UPDATE_SUCCEEDED
947781,1864,DCOP_PLAN_PLUBLIED
950385,1869,RLG_PLAN_PUBLISHED
950758,1870,DNS_UPDATE_SUCCEEDED
1067876,2099,DCOP_PLAN_PLUBLIED
1070749,2105,RLG_PLAN_PUBLISHED
1070931,2106,DNS_UPDATE_SUCCEEDED
1187837,2335,DCOP_PLAN_PLUBLIED
1188051,2336,RLG_PLAN_PUBLISHED
1188499,2337,DNS_UPDATE_SUCCEEDED
1307836,2571,DCOP_PLAN_PLUBLIED
1308426,2572,RLG_PLAN_PUBLISHED
1308695,2573,DNS_UPDATE_SUCCEEDED
1427868,2807,DCOP_PLAN_PLUBLIED
1428789,2808,RLG_PLAN_PUBLISHED
1428884,2809,DNS_UPDATE_SUCCEEDED
1547846,3042,DCOP_PLAN_PLUBLIED
1549139,3045,RLG_PLAN_PUBLISHED
1549551,3046,DNS_UPDATE_SUCCEEDED
1667873,3278,DCOP_PLAN_PLUBLIED
1669509,3281,RLG_PLAN_PUBLISHED
1669737,3282,DNS_UPDATE_SUCCEEDED
1787889,3514,DCOP_PLAN_PLUBLIED
1789865,3517,RLG_PLAN_PUBLISHED
1789917,3518,DNS_UPDATE_SUCCEEDED
