{
  "nodeName" : {
    "name" : "nodeA"
  },
  "timestamp" : 264498,
  "demandEstimationWindow" : "SHORT",
  "nodeComputeCapacity" : {
    "CPU" : 4.0,
    "MEMORY" : 8.0E9,
    "DISK" : 10.0,
    "TASK_CONTAINERS" : 20.0
  },
  "networkCapacity" : {
    "interface-nodeD ( nodeD )" : {
      "DATARATE_RX" : 100.0,
      "DATARATE_TX" : 100.0
    },
    "interface-nodeE ( nodeE )" : {
      "DATARATE_RX" : 100.0,
      "DATARATE_TX" : 100.0
    },
    "interface-nodeC ( nodeC )" : {
      "DATARATE_RX" : 100.0,
      "DATARATE_TX" : 100.0
    }
  },
  "networkLoad" : {
    "interface-nodeD ( nodeD )" : { },
    "interface-nodeE ( nodeE )" : {
      "(clientPoolA, nodeE_c01, nodeE_c01)" : {
        "AppCoordinates {com.bbn, test-service3, 1}" : {
          "DATARATE_TX" : 1.4599999999999978E-4,
          "DATARATE_RX" : 7.299999999999989E-5
        },
        "AppCoordinates {com.bbn, test-service2, 1}" : {
          "DATARATE_TX" : -7.623296525288703E-21,
          "DATARATE_RX" : -3.8116482626443515E-21
        }
      },
      "(clientPoolA, nodeE_c00, nodeE_c00)" : {
        "AppCoordinates {com.bbn, test-service3, 1}" : {
          "DATARATE_TX" : 4.800000000000001E-5,
          "DATARATE_RX" : 2.4000000000000004E-5
        },
        "AppCoordinates {com.bbn, test-service1, 1}" : {
          "DATARATE_TX" : -7.623296525288703E-21,
          "DATARATE_RX" : -3.8116482626443515E-21
        }
      },
      "(clientPoolA, nodeE_c07, nodeE_c07)" : {
        "AppCoordinates {com.bbn, test-service2, 1}" : {
          "DATARATE_TX" : 1.3399999999999984E-4,
          "DATARATE_RX" : 6.699999999999992E-5
        }
      },
      "(clientPoolA, nodeE_c06, nodeE_c06)" : {
        "AppCoordinates {com.bbn, test-service3, 1}" : {
          "DATARATE_TX" : 1.2599999999999984E-4,
          "DATARATE_RX" : 6.299999999999992E-5
        },
        "AppCoordinates {com.bbn, test-service1, 1}" : {
          "DATARATE_TX" : -7.623296525288703E-21,
          "DATARATE_RX" : -3.8116482626443515E-21
        }
      },
      "(clientPoolA, nodeE_c05, nodeE_c05)" : {
        "AppCoordinates {com.bbn, test-service3, 1}" : {
          "DATARATE_TX" : 1.3399999999999981E-4,
          "DATARATE_RX" : 6.699999999999991E-5
        }
      },
      "(clientPoolA, nodeE_c04, nodeE_c04)" : {
        "AppCoordinates {com.bbn, test-service3, 1}" : {
          "DATARATE_TX" : -7.623296525288703E-21,
          "DATARATE_RX" : -3.8116482626443515E-21
        },
        "AppCoordinates {com.bbn, test-service1, 1}" : {
          "DATARATE_TX" : -7.623296525288703E-21,
          "DATARATE_RX" : -3.8116482626443515E-21
        }
      },
      "(clientPoolA, nodeE_c03, nodeE_c03)" : {
        "AppCoordinates {com.bbn, test-service1, 1}" : {
          "DATARATE_TX" : -7.623296525288703E-21,
          "DATARATE_RX" : -3.8116482626443515E-21
        }
      },
      "(clientPoolA, nodeE_c02, nodeE_c02)" : {
        "AppCoordinates {com.bbn, test-service3, 1}" : {
          "DATARATE_TX" : 1.2199999999999985E-4,
          "DATARATE_RX" : 6.0999999999999924E-5
        }
      }
    },
    "interface-nodeC ( nodeC )" : { }
  },
  "networkDemand" : {
    "interface-nodeE ( nodeE )" : {
      "(clientPoolA, nodeE_c01, nodeE_c01)" : {
        "AppCoordinates {com.bbn, test-service3, 1}" : {
          "DATARATE_TX" : 1.4599999999999978E-4,
          "DATARATE_RX" : 7.299999999999989E-5
        },
        "AppCoordinates {com.bbn, test-service2, 1}" : {
          "DATARATE_TX" : -7.623296525288703E-21,
          "DATARATE_RX" : -3.8116482626443515E-21
        }
      },
      "(clientPoolA, nodeE_c00, nodeE_c00)" : {
        "AppCoordinates {com.bbn, test-service3, 1}" : {
          "DATARATE_TX" : 4.8000000000000015E-5,
          "DATARATE_RX" : 2.4000000000000007E-5
        },
        "AppCoordinates {com.bbn, test-service1, 1}" : {
          "DATARATE_TX" : -7.623296525288703E-21,
          "DATARATE_RX" : -3.8116482626443515E-21
        }
      },
      "(clientPoolA, nodeE_c07, nodeE_c07)" : {
        "AppCoordinates {com.bbn, test-service2, 1}" : {
          "DATARATE_TX" : 1.3399999999999981E-4,
          "DATARATE_RX" : 6.699999999999991E-5
        }
      },
      "(clientPoolA, nodeE_c06, nodeE_c06)" : {
        "AppCoordinates {com.bbn, test-service3, 1}" : {
          "DATARATE_TX" : 1.2599999999999984E-4,
          "DATARATE_RX" : 6.299999999999992E-5
        },
        "AppCoordinates {com.bbn, test-service1, 1}" : {
          "DATARATE_TX" : -7.623296525288703E-21,
          "DATARATE_RX" : -3.8116482626443515E-21
        }
      },
      "(clientPoolA, nodeE_c05, nodeE_c05)" : {
        "AppCoordinates {com.bbn, test-service3, 1}" : {
          "DATARATE_TX" : 1.3399999999999981E-4,
          "DATARATE_RX" : 6.699999999999991E-5
        }
      },
      "(clientPoolA, nodeE_c04, nodeE_c04)" : {
        "AppCoordinates {com.bbn, test-service3, 1}" : {
          "DATARATE_TX" : -7.623296525288703E-21,
          "DATARATE_RX" : -3.8116482626443515E-21
        },
        "AppCoordinates {com.bbn, test-service1, 1}" : {
          "DATARATE_TX" : -7.623296525288703E-21,
          "DATARATE_RX" : -3.8116482626443515E-21
        }
      },
      "(clientPoolA, nodeE_c03, nodeE_c03)" : {
        "AppCoordinates {com.bbn, test-service1, 1}" : {
          "DATARATE_TX" : -7.623296525288703E-21,
          "DATARATE_RX" : -3.8116482626443515E-21
        }
      },
      "(clientPoolA, nodeE_c02, nodeE_c02)" : {
        "AppCoordinates {com.bbn, test-service3, 1}" : {
          "DATARATE_TX" : 1.2199999999999983E-4,
          "DATARATE_RX" : 6.099999999999992E-5
        }
      }
    },
    "interface-nodeD ( nodeD )" : { },
    "interface-nodeC ( nodeC )" : { }
  },
  "containerReports" : {
    "nodeA_c01" : {
      "containerName" : {
        "name" : "nodeA_c01"
      },
      "timestamp" : 264498,
      "service" : {
        "group" : "com.bbn",
        "artifact" : "test-service3",
        "version" : "1"
      },
      "serviceStatus" : "RUNNING",
      "demandEstimationWindow" : "SHORT",
      "computeCapacity" : {
        "CPU" : 1.0,
        "TASK_CONTAINERS" : 100.0,
        "QueueLength" : 1000000.0
      },
      "computeLoad" : {
        "UNKNOWN" : {
          "QueueLength" : 56.0,
          "TASK_CONTAINERS" : 28.0
        }
      },
      "computeDemand" : {
        "UNKNOWN" : {
          "QueueLength" : 49.0,
          "TASK_CONTAINERS" : 24.5
        }
      },
      "averageProcessingTime" : 120000.0,
      "networkCapacity" : {
        "interface-nodeA ( nodeA )" : {
          "DATARATE_TX" : 100.0,
          "DATARATE_RX" : 100.0
        }
      },
      "networkLoad" : {
        "interface-nodeA ( nodeA )" : {
          "(clientPoolA, nodeA_c01, nodeA_c01)" : {
            "AppCoordinates {com.bbn, test-service3, 1}" : {
              "DATARATE_TX" : 1.1199999999999988E-4,
              "DATARATE_RX" : 5.599999999999994E-5
            }
          }
        }
      },
      "networkDemand" : {
        "interface-nodeA ( nodeA )" : {
          "(clientPoolA, nodeA_c01, nodeA_c01)" : {
            "AppCoordinates {com.bbn, test-service3, 1}" : {
              "DATARATE_TX" : 1.1199999999999989E-4,
              "DATARATE_RX" : 5.5999999999999945E-5
            }
          }
        }
      }
    }
  },
  "maximumServiceContainers" : 20,
  "allocatedServiceContainers" : 1,
  "computeDemand" : {
    "AppCoordinates {com.bbn, test-service3, 1}" : {
      "UNKNOWN" : {
        "QueueLength" : 49.0,
        "TASK_CONTAINERS" : 24.5
      }
    }
  },
  "containerNetworkLoad" : {
    "interface-nodeA ( nodeA )" : {
      "(clientPoolA, nodeA_c01, nodeA_c01)" : {
        "AppCoordinates {com.bbn, test-service3, 1}" : {
          "DATARATE_TX" : 1.1199999999999988E-4,
          "DATARATE_RX" : 5.599999999999994E-5
        }
      }
    }
  },
  "containerNetworkDemand" : {
    "interface-nodeA ( nodeA )" : {
      "(clientPoolA, nodeA_c01, nodeA_c01)" : {
        "AppCoordinates {com.bbn, test-service3, 1}" : {
          "DATARATE_TX" : 1.1199999999999989E-4,
          "DATARATE_RX" : 5.5999999999999945E-5
        }
      }
    }
  },
  "computeLoad" : {
    "AppCoordinates {com.bbn, test-service3, 1}" : {
      "UNKNOWN" : {
        "QueueLength" : 56.0,
        "TASK_CONTAINERS" : 28.0
      }
    }
  },
  "averageProcessingTime" : {
    "AppCoordinates {com.bbn, test-service3, 1}" : 120000.0
  },
  "availableServiceContainers" : 19,
  "allocatedComputeCapacity" : {
    "CPU" : 1.0,
    "QueueLength" : 1000000.0,
    "TASK_CONTAINERS" : 100.0
  }
}