388,1,DNS_UPDATE_SUCCEEDED
47806,95,RLG_PLAN_PUBLISHED
47806,95,DCOP_PLAN_PLUBLIED
48317,96,DNS_UPDATE_SUCCEEDED
467929,920,DCOP_PLAN_PLUBLIED
468961,922,RLG_PLAN_PUBLISHED
587970,1156,DCOP_PLAN_PLUBLIED
589317,1159,RLG_PLAN_PUBLISHED
589657,1160,DNS_UPDATE_SUCCEEDED
707945,1392,DCOP_PLAN_PLUBLIED
709659,1395,RLG_PLAN_PUBLISHED
709748,1396,DNS_UPDATE_SUCCEEDED
827950,1628,DCOP_PLAN_PLUBLIED
830009,1632,RLG_PLAN_PUBLISHED
830434,1633,DNS_UPDATE_SUCCEEDED
947975,1863,DCOP_PLAN_PLUBLIED
950368,1868,RLG_PLAN_PUBLISHED
950675,1869,DNS_UPDATE_SUCCEEDED
1067996,2099,DCOP_PLAN_PLUBLIED
1070729,2104,RLG_PLAN_PUBLISHED
1070854,2105,DNS_UPDATE_SUCCEEDED
1188002,2335,DCOP_PLAN_PLUBLIED
1188088,2335,RLG_PLAN_PUBLISHED
1188496,2336,DNS_UPDATE_SUCCEEDED
1308005,2570,DCOP_PLAN_PLUBLIED
1308443,2571,RLG_PLAN_PUBLISHED
1308678,2572,DNS_UPDATE_SUCCEEDED
1428047,2806,DCOP_PLAN_PLUBLIED
1428826,2807,RLG_PLAN_PUBLISHED
1428859,2808,DNS_UPDATE_SUCCEEDED
1547958,3041,DCOP_PLAN_PLUBLIED
1549173,3044,RLG_PLAN_PUBLISHED
1549549,3045,DNS_UPDATE_SUCCEEDED
1668032,3277,DCOP_PLAN_PLUBLIED
1669524,3280,RLG_PLAN_PUBLISHED
1669761,3281,DNS_UPDATE_SUCCEEDED
1787976,3513,DCOP_PLAN_PLUBLIED
1789878,3516,RLG_PLAN_PUBLISHED
1789920,3517,DNS_UPDATE_SUCCEEDED
