{
  "region" : {
    "name" : "E"
  },
  "nodeResourceReports" : [ {
    "nodeName" : {
      "name" : "nodeE"
    },
    "timestamp" : 173496,
    "demandEstimationWindow" : "SHORT",
    "nodeComputeCapacity" : {
      "CPU" : 4.0,
      "MEMORY" : 8.0E9,
      "DISK" : 10.0,
      "TASK_CONTAINERS" : 20.0
    },
    "networkCapacity" : {
      "interface-nodeA ( nodeA )" : {
        "DATARATE_RX" : 100.0,
        "DATARATE_TX" : 100.0
      }
    },
    "networkLoad" : {
      "interface-nodeA ( nodeA )" : {
        "(clientPoolE, nodeA_c01, nodeA_c01)" : {
          "AppCoordinates {com.bbn, test-service3, 1}" : {
            "DATARATE_TX" : 1.399999999999998E-4,
            "DATARATE_RX" : 6.99999999999999E-5
          },
          "AppCoordinates {com.bbn, test-service2, 1}" : {
            "DATARATE_TX" : -7.623296525288703E-21,
            "DATARATE_RX" : -3.8116482626443515E-21
          }
        },
        "(clientPoolE, nodeA_c00, nodeA_c00)" : {
          "AppCoordinates {com.bbn, test-service1, 1}" : {
            "DATARATE_TX" : -7.623296525288703E-21,
            "DATARATE_RX" : -3.8116482626443515E-21
          }
        },
        "(clientPoolE, nodeA_c07, nodeA_c07)" : {
          "AppCoordinates {com.bbn, test-service2, 1}" : {
            "DATARATE_TX" : 1.479999999999998E-4,
            "DATARATE_RX" : 7.39999999999999E-5
          }
        },
        "(clientPoolE, nodeA_c06, nodeA_c06)" : {
          "AppCoordinates {com.bbn, test-service2, 1}" : {
            "DATARATE_TX" : -7.623296525288703E-21,
            "DATARATE_RX" : -3.8116482626443515E-21
          }
        },
        "(clientPoolE, nodeA_c05, nodeA_c05)" : {
          "AppCoordinates {com.bbn, test-service3, 1}" : {
            "DATARATE_TX" : 6.6E-5,
            "DATARATE_RX" : 3.3E-5
          },
          "AppCoordinates {com.bbn, test-service1, 1}" : {
            "DATARATE_TX" : -7.623296525288703E-21,
            "DATARATE_RX" : -3.8116482626443515E-21
          }
        },
        "(clientPoolE, nodeA_c04, nodeA_c04)" : {
          "AppCoordinates {com.bbn, test-service3, 1}" : {
            "DATARATE_TX" : 1.399999999999998E-4,
            "DATARATE_RX" : 6.99999999999999E-5
          },
          "AppCoordinates {com.bbn, test-service1, 1}" : {
            "DATARATE_TX" : -7.623296525288703E-21,
            "DATARATE_RX" : -3.8116482626443515E-21
          }
        },
        "(clientPoolE, nodeA_c03, nodeA_c03)" : {
          "AppCoordinates {com.bbn, test-service1, 1}" : {
            "DATARATE_TX" : -7.623296525288703E-21,
            "DATARATE_RX" : -3.8116482626443515E-21
          }
        },
        "(clientPoolE, nodeA_c02, nodeA_c02)" : {
          "AppCoordinates {com.bbn, test-service3, 1}" : {
            "DATARATE_TX" : 1.2799999999999983E-4,
            "DATARATE_RX" : 6.399999999999992E-5
          }
        }
      }
    },
    "networkDemand" : {
      "interface-nodeA ( nodeA )" : {
        "(clientPoolE, nodeA_c01, nodeA_c01)" : {
          "AppCoordinates {com.bbn, test-service3, 1}" : {
            "DATARATE_TX" : 1.399999999999998E-4,
            "DATARATE_RX" : 6.99999999999999E-5
          },
          "AppCoordinates {com.bbn, test-service2, 1}" : {
            "DATARATE_TX" : -7.623296525288703E-21,
            "DATARATE_RX" : -3.8116482626443515E-21
          }
        },
        "(clientPoolE, nodeA_c00, nodeA_c00)" : {
          "AppCoordinates {com.bbn, test-service1, 1}" : {
            "DATARATE_TX" : -7.623296525288703E-21,
            "DATARATE_RX" : -3.8116482626443515E-21
          }
        },
        "(clientPoolE, nodeA_c07, nodeA_c07)" : {
          "AppCoordinates {com.bbn, test-service2, 1}" : {
            "DATARATE_TX" : 1.8799999999999972E-4,
            "DATARATE_RX" : 9.399999999999986E-5
          }
        },
        "(clientPoolE, nodeA_c06, nodeA_c06)" : {
          "AppCoordinates {com.bbn, test-service2, 1}" : {
            "DATARATE_TX" : 1.1428571428571358E-6,
            "DATARATE_RX" : 5.714285714285679E-7
          }
        },
        "(clientPoolE, nodeA_c05, nodeA_c05)" : {
          "AppCoordinates {com.bbn, test-service3, 1}" : {
            "DATARATE_TX" : 5.114285714285715E-5,
            "DATARATE_RX" : 2.5571428571428576E-5
          },
          "AppCoordinates {com.bbn, test-service1, 1}" : {
            "DATARATE_TX" : -7.623296525288703E-21,
            "DATARATE_RX" : -3.8116482626443515E-21
          }
        },
        "(clientPoolE, nodeA_c04, nodeA_c04)" : {
          "AppCoordinates {com.bbn, test-service3, 1}" : {
            "DATARATE_TX" : 1.382857142857141E-4,
            "DATARATE_RX" : 6.914285714285705E-5
          },
          "AppCoordinates {com.bbn, test-service1, 1}" : {
            "DATARATE_TX" : -7.623296525288703E-21,
            "DATARATE_RX" : -3.8116482626443515E-21
          }
        },
        "(clientPoolE, nodeA_c03, nodeA_c03)" : {
          "AppCoordinates {com.bbn, test-service1, 1}" : {
            "DATARATE_TX" : -7.623296525288703E-21,
            "DATARATE_RX" : -3.8116482626443515E-21
          }
        },
        "(clientPoolE, nodeA_c02, nodeA_c02)" : {
          "AppCoordinates {com.bbn, test-service3, 1}" : {
            "DATARATE_TX" : 1.2799999999999983E-4,
            "DATARATE_RX" : 6.399999999999992E-5
          }
        }
      }
    },
    "containerReports" : {
      "nodeE_c01" : {
        "containerName" : {
          "name" : "nodeE_c01"
        },
        "timestamp" : 173496,
        "service" : {
          "group" : "com.bbn",
          "artifact" : "test-service3",
          "version" : "1"
        },
        "serviceStatus" : "RUNNING",
        "demandEstimationWindow" : "SHORT",
        "computeCapacity" : {
          "CPU" : 1.0,
          "TASK_CONTAINERS" : 100.0,
          "QueueLength" : 1000000.0
        },
        "computeLoad" : {
          "UNKNOWN" : {
            "QueueLength" : 61.0,
            "TASK_CONTAINERS" : 30.5
          }
        },
        "computeDemand" : {
          "UNKNOWN" : {
            "QueueLength" : 48.875,
            "TASK_CONTAINERS" : 24.4375
          }
        },
        "averageProcessingTime" : "NaN",
        "networkCapacity" : {
          "interface-nodeE ( nodeE )" : {
            "DATARATE_TX" : 100.0,
            "DATARATE_RX" : 100.0
          }
        },
        "networkLoad" : {
          "interface-nodeE ( nodeE )" : {
            "(clientPoolE, nodeE_c01, nodeE_c01)" : {
              "AppCoordinates {com.bbn, test-service3, 1}" : {
                "DATARATE_TX" : 1.2199999999999985E-4,
                "DATARATE_RX" : 6.0999999999999924E-5
              }
            }
          }
        },
        "networkDemand" : {
          "interface-nodeE ( nodeE )" : {
            "(clientPoolE, nodeE_c01, nodeE_c01)" : {
              "AppCoordinates {com.bbn, test-service3, 1}" : {
                "DATARATE_TX" : 1.117142857142856E-4,
                "DATARATE_RX" : 5.58571428571428E-5
              }
            }
          }
        }
      },
      "nodeE_c00" : {
        "containerName" : {
          "name" : "nodeE_c00"
        },
        "timestamp" : 173497,
        "service" : {
          "group" : "com.bbn",
          "artifact" : "test-service3",
          "version" : "1"
        },
        "serviceStatus" : "RUNNING",
        "demandEstimationWindow" : "SHORT",
        "computeCapacity" : {
          "CPU" : 1.0,
          "TASK_CONTAINERS" : 100.0,
          "QueueLength" : 1000000.0
        },
        "computeLoad" : {
          "UNKNOWN" : {
            "QueueLength" : 200.0,
            "TASK_CONTAINERS" : 100.0
          }
        },
        "computeDemand" : {
          "UNKNOWN" : {
            "QueueLength" : 175.0,
            "TASK_CONTAINERS" : 87.5
          }
        },
        "averageProcessingTime" : "NaN",
        "networkCapacity" : {
          "interface-nodeE ( nodeE )" : {
            "DATARATE_TX" : 100.0,
            "DATARATE_RX" : 100.0
          }
        },
        "networkLoad" : {
          "interface-nodeE ( nodeE )" : {
            "(clientPoolE, nodeE_c00, nodeE_c00)" : {
              "AppCoordinates {com.bbn, test-service3, 1}" : {
                "DATARATE_TX" : 5.560000000000005E-4,
                "DATARATE_RX" : 2.7800000000000025E-4
              }
            }
          }
        },
        "networkDemand" : {
          "interface-nodeE ( nodeE )" : {
            "(clientPoolE, nodeE_c00, nodeE_c00)" : {
              "AppCoordinates {com.bbn, test-service3, 1}" : {
                "DATARATE_TX" : 5.434285714285715E-4,
                "DATARATE_RX" : 2.717142857142858E-4
              }
            }
          }
        }
      }
    },
    "maximumServiceContainers" : 20,
    "allocatedServiceContainers" : 2,
    "computeDemand" : {
      "AppCoordinates {com.bbn, test-service3, 1}" : {
        "UNKNOWN" : {
          "QueueLength" : 223.875,
          "TASK_CONTAINERS" : 111.9375
        }
      }
    },
    "containerNetworkLoad" : {
      "interface-nodeE ( nodeE )" : {
        "(clientPoolE, nodeE_c01, nodeE_c01)" : {
          "AppCoordinates {com.bbn, test-service3, 1}" : {
            "DATARATE_TX" : 1.2199999999999985E-4,
            "DATARATE_RX" : 6.0999999999999924E-5
          }
        },
        "(clientPoolE, nodeE_c00, nodeE_c00)" : {
          "AppCoordinates {com.bbn, test-service3, 1}" : {
            "DATARATE_TX" : 5.560000000000005E-4,
            "DATARATE_RX" : 2.7800000000000025E-4
          }
        }
      }
    },
    "containerNetworkDemand" : {
      "interface-nodeE ( nodeE )" : {
        "(clientPoolE, nodeE_c01, nodeE_c01)" : {
          "AppCoordinates {com.bbn, test-service3, 1}" : {
            "DATARATE_TX" : 1.117142857142856E-4,
            "DATARATE_RX" : 5.58571428571428E-5
          }
        },
        "(clientPoolE, nodeE_c00, nodeE_c00)" : {
          "AppCoordinates {com.bbn, test-service3, 1}" : {
            "DATARATE_TX" : 5.434285714285715E-4,
            "DATARATE_RX" : 2.717142857142858E-4
          }
        }
      }
    },
    "computeLoad" : {
      "AppCoordinates {com.bbn, test-service3, 1}" : {
        "UNKNOWN" : {
          "QueueLength" : 261.0,
          "TASK_CONTAINERS" : 130.5
        }
      }
    },
    "availableServiceContainers" : 18,
    "averageProcessingTime" : { },
    "allocatedComputeCapacity" : {
      "CPU" : 2.0,
      "QueueLength" : 2000000.0,
      "TASK_CONTAINERS" : 200.0
    }
  } ]
}