567,1,DNS_UPDATE_SUCCEEDED
603,2,DCOP_PLAN_PLUBLIED
615,2,RLG_PLAN_PUBLISHED
105717,212,DCOP_PLAN_PLUBLIED
108568,217,RLG_PLAN_PUBLISHED
108593,218,DNS_UPDATE_SUCCEEDED
109092,219,DNS_UPDATE_SUCCEEDED
111564,223,RLG_PLAN_PUBLISHED
111595,224,DNS_UPDATE_SUCCEEDED
120566,241,RLG_PLAN_PUBLISHED
120597,242,DNS_UPDATE_SUCCEEDED
121097,243,DNS_UPDATE_SUCCEEDED
123564,247,RLG_PLAN_PUBLISHED
123598,248,DNS_UPDATE_SUCCEEDED
165765,332,DCOP_PLAN_PLUBLIED
168568,337,RLG_PLAN_PUBLISHED
168617,338,DNS_UPDATE_SUCCEEDED
180569,361,RLG_PLAN_PUBLISHED
180622,362,DNS_UPDATE_SUCCEEDED
183568,367,RLG_PLAN_PUBLISHED
183624,368,DNS_UPDATE_SUCCEEDED
184128,369,DNS_UPDATE_SUCCEEDED
186569,373,RLG_PLAN_PUBLISHED
186625,374,DNS_UPDATE_SUCCEEDED
225718,452,DCOP_PLAN_PLUBLIED
228572,457,RLG_PLAN_PUBLISHED
228650,458,DNS_UPDATE_SUCCEEDED
285722,572,DCOP_PLAN_PLUBLIED
288576,577,RLG_PLAN_PUBLISHED
288671,578,DNS_UPDATE_SUCCEEDED
345739,692,DCOP_PLAN_PLUBLIED
348579,697,RLG_PLAN_PUBLISHED
348710,698,DNS_UPDATE_SUCCEEDED
405738,812,DCOP_PLAN_PLUBLIED
408584,817,RLG_PLAN_PUBLISHED
408729,818,DNS_UPDATE_SUCCEEDED
465694,931,DCOP_PLAN_PLUBLIED
468587,937,RLG_PLAN_PUBLISHED
468743,938,DNS_UPDATE_SUCCEEDED
525726,1051,DCOP_PLAN_PLUBLIED
528589,1057,RLG_PLAN_PUBLISHED
528777,1058,DNS_UPDATE_SUCCEEDED
579592,1159,RLG_PLAN_PUBLISHED
579791,1160,DNS_UPDATE_SUCCEEDED
580295,1161,DNS_UPDATE_SUCCEEDED
582592,1165,RLG_PLAN_PUBLISHED
582794,1166,DNS_UPDATE_SUCCEEDED
585686,1171,DCOP_PLAN_PLUBLIED
588593,1177,RLG_PLAN_PUBLISHED
588798,1178,DNS_UPDATE_SUCCEEDED
630004,1260,DCOP_PLAN_PLUBLIED
