790,1,DNS_UPDATE_SUCCEEDED
837,2,RLG_PLAN_PUBLISHED
844,2,DCOP_PLAN_PLUBLIED
226063,452,DCOP_PLAN_PLUBLIED
228839,458,RLG_PLAN_PUBLISHED
229340,459,DNS_UPDATE_SUCCEEDED
229842,460,DNS_UPDATE_SUCCEEDED
231834,463,RLG_PLAN_PUBLISHED
231841,464,DNS_UPDATE_SUCCEEDED
273835,547,RLG_PLAN_PUBLISHED
273854,548,DNS_UPDATE_SUCCEEDED
274357,549,DNS_UPDATE_SUCCEEDED
276837,553,RLG_PLAN_PUBLISHED
276857,554,DNS_UPDATE_SUCCEEDED
333836,667,RLG_PLAN_PUBLISHED
333863,668,DNS_UPDATE_SUCCEEDED
334363,669,DNS_UPDATE_SUCCEEDED
336838,673,RLG_PLAN_PUBLISHED
336868,674,DNS_UPDATE_SUCCEEDED
393840,787,RLG_PLAN_PUBLISHED
393870,788,DNS_UPDATE_SUCCEEDED
394371,789,DNS_UPDATE_SUCCEEDED
396838,793,RLG_PLAN_PUBLISHED
396870,794,DNS_UPDATE_SUCCEEDED
397372,795,DNS_UPDATE_SUCCEEDED
399837,799,RLG_PLAN_PUBLISHED
399872,800,DNS_UPDATE_SUCCEEDED
453840,907,RLG_PLAN_PUBLISHED
453885,908,DNS_UPDATE_SUCCEEDED
454386,909,DNS_UPDATE_SUCCEEDED
456839,913,RLG_PLAN_PUBLISHED
456887,914,DNS_UPDATE_SUCCEEDED
457386,915,DNS_UPDATE_SUCCEEDED
459839,919,RLG_PLAN_PUBLISHED
459887,920,DNS_UPDATE_SUCCEEDED
513842,1027,RLG_PLAN_PUBLISHED
513903,1028,DNS_UPDATE_SUCCEEDED
514401,1029,DNS_UPDATE_SUCCEEDED
516840,1033,RLG_PLAN_PUBLISHED
516904,1034,DNS_UPDATE_SUCCEEDED
517408,1035,DNS_UPDATE_SUCCEEDED
519842,1039,RLG_PLAN_PUBLISHED
519907,1040,DNS_UPDATE_SUCCEEDED
520406,1041,DNS_UPDATE_SUCCEEDED
522840,1045,RLG_PLAN_PUBLISHED
522908,1046,DNS_UPDATE_SUCCEEDED
523407,1047,DNS_UPDATE_SUCCEEDED
525841,1051,RLG_PLAN_PUBLISHED
525907,1052,DNS_UPDATE_SUCCEEDED
526421,1053,DNS_UPDATE_SUCCEEDED
528840,1057,RLG_PLAN_PUBLISHED
528922,1058,DNS_UPDATE_SUCCEEDED
531839,1063,RLG_PLAN_PUBLISHED
531922,1064,DNS_UPDATE_SUCCEEDED
532422,1065,DNS_UPDATE_SUCCEEDED
534843,1069,RLG_PLAN_PUBLISHED
534929,1070,DNS_UPDATE_SUCCEEDED
535422,1071,DNS_UPDATE_SUCCEEDED
537840,1075,RLG_PLAN_PUBLISHED
537922,1076,DNS_UPDATE_SUCCEEDED
546841,1093,RLG_PLAN_PUBLISHED
546925,1094,DNS_UPDATE_SUCCEEDED
547424,1095,DNS_UPDATE_SUCCEEDED
549840,1099,RLG_PLAN_PUBLISHED
549928,1100,DNS_UPDATE_SUCCEEDED
550426,1101,DNS_UPDATE_SUCCEEDED
552840,1105,RLG_PLAN_PUBLISHED
552926,1106,DNS_UPDATE_SUCCEEDED
553427,1107,DNS_UPDATE_SUCCEEDED
555842,1111,RLG_PLAN_PUBLISHED
555928,1112,DNS_UPDATE_SUCCEEDED
556428,1113,DNS_UPDATE_SUCCEEDED
558839,1117,RLG_PLAN_PUBLISHED
558928,1118,DNS_UPDATE_SUCCEEDED
561841,1123,RLG_PLAN_PUBLISHED
561929,1124,DNS_UPDATE_SUCCEEDED
562429,1125,DNS_UPDATE_SUCCEEDED
564839,1129,RLG_PLAN_PUBLISHED
564928,1130,DNS_UPDATE_SUCCEEDED
565430,1131,DNS_UPDATE_SUCCEEDED
567841,1135,RLG_PLAN_PUBLISHED
567927,1136,DNS_UPDATE_SUCCEEDED
570841,1141,RLG_PLAN_PUBLISHED
570929,1142,DNS_UPDATE_SUCCEEDED
571428,1143,DNS_UPDATE_SUCCEEDED
573839,1147,RLG_PLAN_PUBLISHED
573931,1148,DNS_UPDATE_SUCCEEDED
574430,1149,DNS_UPDATE_SUCCEEDED
576841,1153,RLG_PLAN_PUBLISHED
576930,1154,DNS_UPDATE_SUCCEEDED
577427,1155,DNS_UPDATE_SUCCEEDED
579840,1159,RLG_PLAN_PUBLISHED
579930,1160,DNS_UPDATE_SUCCEEDED
774862,1549,RLG_PLAN_PUBLISHED
775022,1550,DNS_UPDATE_SUCCEEDED
775523,1551,DNS_UPDATE_SUCCEEDED
777867,1555,RLG_PLAN_PUBLISHED
778027,1556,DNS_UPDATE_SUCCEEDED
778524,1557,DNS_UPDATE_SUCCEEDED
780862,1561,RLG_PLAN_PUBLISHED
781025,1562,DNS_UPDATE_SUCCEEDED
894867,1789,RLG_PLAN_PUBLISHED
895096,1790,DNS_UPDATE_SUCCEEDED
897869,1795,RLG_PLAN_PUBLISHED
898096,1796,DNS_UPDATE_SUCCEEDED
898599,1797,DNS_UPDATE_SUCCEEDED
900868,1801,RLG_PLAN_PUBLISHED
901096,1802,DNS_UPDATE_SUCCEEDED
954876,1909,RLG_PLAN_PUBLISHED
955112,1910,DNS_UPDATE_SUCCEEDED
957871,1915,RLG_PLAN_PUBLISHED
958113,1916,DNS_UPDATE_SUCCEEDED
958610,1917,DNS_UPDATE_SUCCEEDED
960873,1921,RLG_PLAN_PUBLISHED
961113,1922,DNS_UPDATE_SUCCEEDED
963872,1927,RLG_PLAN_PUBLISHED
964115,1928,DNS_UPDATE_SUCCEEDED
966873,1933,RLG_PLAN_PUBLISHED
967113,1934,DNS_UPDATE_SUCCEEDED
967616,1935,DNS_UPDATE_SUCCEEDED
969872,1939,RLG_PLAN_PUBLISHED
970113,1940,DNS_UPDATE_SUCCEEDED
972872,1945,RLG_PLAN_PUBLISHED
973118,1946,DNS_UPDATE_SUCCEEDED
975871,1951,RLG_PLAN_PUBLISHED
976119,1952,DNS_UPDATE_SUCCEEDED
976616,1953,DNS_UPDATE_SUCCEEDED
978871,1957,RLG_PLAN_PUBLISHED
979127,1958,DNS_UPDATE_SUCCEEDED
1011873,2023,RLG_PLAN_PUBLISHED
1012136,2024,DNS_UPDATE_SUCCEEDED
1014871,2029,RLG_PLAN_PUBLISHED
1015134,2030,DNS_UPDATE_SUCCEEDED
1015636,2031,DNS_UPDATE_SUCCEEDED
1017873,2035,RLG_PLAN_PUBLISHED
1018138,2036,DNS_UPDATE_SUCCEEDED
1018636,2037,DNS_UPDATE_SUCCEEDED
1020872,2041,RLG_PLAN_PUBLISHED
1021134,2042,DNS_UPDATE_SUCCEEDED
1023871,2047,RLG_PLAN_PUBLISHED
1024135,2048,DNS_UPDATE_SUCCEEDED
1024635,2049,DNS_UPDATE_SUCCEEDED
1026872,2053,RLG_PLAN_PUBLISHED
1027136,2054,DNS_UPDATE_SUCCEEDED
1027638,2055,DNS_UPDATE_SUCCEEDED
1029872,2059,RLG_PLAN_PUBLISHED
1030141,2060,DNS_UPDATE_SUCCEEDED
1032871,2065,RLG_PLAN_PUBLISHED
1033139,2066,DNS_UPDATE_SUCCEEDED
1033640,2067,DNS_UPDATE_SUCCEEDED
1035871,2071,RLG_PLAN_PUBLISHED
1036140,2072,DNS_UPDATE_SUCCEEDED
1036638,2073,DNS_UPDATE_SUCCEEDED
1038871,2077,RLG_PLAN_PUBLISHED
1039141,2078,DNS_UPDATE_SUCCEEDED
1041872,2083,RLG_PLAN_PUBLISHED
1042142,2084,DNS_UPDATE_SUCCEEDED
1042641,2085,DNS_UPDATE_SUCCEEDED
1044872,2089,RLG_PLAN_PUBLISHED
1045145,2090,DNS_UPDATE_SUCCEEDED
1047872,2095,RLG_PLAN_PUBLISHED
1048147,2096,DNS_UPDATE_SUCCEEDED
1050873,2101,RLG_PLAN_PUBLISHED
1051146,2102,DNS_UPDATE_SUCCEEDED
1051644,2103,DNS_UPDATE_SUCCEEDED
1053873,2107,RLG_PLAN_PUBLISHED
1054147,2108,DNS_UPDATE_SUCCEEDED
1066044,2131,DCOP_PLAN_PLUBLIED
1068875,2137,RLG_PLAN_PUBLISHED
1069163,2138,DNS_UPDATE_SUCCEEDED
1069662,2139,DNS_UPDATE_SUCCEEDED
