{
  "AppCoordinates {com.bbn, test-service3, 1}" : {
    "serverDemand" : {
      "E" : {
        "QueueLength" : 7.135229391738301,
        "TASK_CONTAINERS" : 1.32968651976928
      },
      "H" : {
        "QueueLength" : 8.61473622273113,
        "TASK_CONTAINERS" : 1.6054001907769135
      }
    }
  },
  "AppCoordinates {com.bbn, test-service2, 1}" : {
    "serverDemand" : {
      "E" : {
        "QueueLength" : 5.82502408704575,
        "TASK_CONTAINERS" : 0.8358428892291322
      },
      "H" : {
        "QueueLength" : 8.032209646142183,
        "TASK_CONTAINERS" : 1.1525558035813248
      }
    }
  },
  "AppCoordinates {com.bbn, test-service1, 1}" : {
    "serverDemand" : {
      "E" : {
        "QueueLength" : 2.502290076335878,
        "TASK_CONTAINERS" : 0.4257142857142857
      },
      "H" : {
        "QueueLength" : 3.3374045801526715,
        "TASK_CONTAINERS" : 0.5677922077922077
      }
    }
  }
}