706,1,DNS_UPDATE_SUCCEEDED
790,2,DCOP_PLAN_PLUBLIED
837,2,RLG_PLAN_PUBLISHED
105949,212,DCOP_PLAN_PLUBLIED
108787,218,RLG_PLAN_PUBLISHED
109262,219,DNS_UPDATE_SUCCEEDED
109759,220,DNS_UPDATE_SUCCEEDED
111786,224,RLG_PLAN_PUBLISHED
112272,225,DNS_UPDATE_SUCCEEDED
168787,338,RLG_PLAN_PUBLISHED
169288,339,DNS_UPDATE_SUCCEEDED
169788,340,DNS_UPDATE_SUCCEEDED
171794,344,RLG_PLAN_PUBLISHED
172287,345,DNS_UPDATE_SUCCEEDED
177787,356,RLG_PLAN_PUBLISHED
178289,357,DNS_UPDATE_SUCCEEDED
180788,362,RLG_PLAN_PUBLISHED
181289,363,DNS_UPDATE_SUCCEEDED
181788,364,DNS_UPDATE_SUCCEEDED
183787,367,RLG_PLAN_PUBLISHED
183790,368,DNS_UPDATE_SUCCEEDED
