398,1,DNS_UPDATE_SUCCEEDED
47781,95,RLG_PLAN_PUBLISHED
47781,95,DCOP_PLAN_PLUBLIED
48290,96,DNS_UPDATE_SUCCEEDED
467921,921,DCOP_PLAN_PLUBLIED
469054,923,RLG_PLAN_PUBLISHED
469364,924,DNS_UPDATE_SUCCEEDED
587982,1157,DCOP_PLAN_PLUBLIED
589365,1159,RLG_PLAN_PUBLISHED
589453,1160,DNS_UPDATE_SUCCEEDED
707973,1392,DCOP_PLAN_PLUBLIED
709721,1396,RLG_PLAN_PUBLISHED
710112,1397,DNS_UPDATE_SUCCEEDED
827957,1628,DCOP_PLAN_PLUBLIED
830055,1632,RLG_PLAN_PUBLISHED
830282,1633,DNS_UPDATE_SUCCEEDED
947971,1864,DCOP_PLAN_PLUBLIED
950430,1869,RLG_PLAN_PUBLISHED
950933,1870,DNS_UPDATE_SUCCEEDED
1067980,2099,DCOP_PLAN_PLUBLIED
1070779,2105,RLG_PLAN_PUBLISHED
1071087,2106,DNS_UPDATE_SUCCEEDED
1187988,2335,DCOP_PLAN_PLUBLIED
1188097,2335,RLG_PLAN_PUBLISHED
1188229,2336,DNS_UPDATE_SUCCEEDED
1307986,2571,DCOP_PLAN_PLUBLIED
1308437,2572,RLG_PLAN_PUBLISHED
1308923,2573,DNS_UPDATE_SUCCEEDED
1427944,2806,DCOP_PLAN_PLUBLIED
1428804,2808,RLG_PLAN_PUBLISHED
1429055,2809,DNS_UPDATE_SUCCEEDED
1548046,3042,DCOP_PLAN_PLUBLIED
1549159,3044,RLG_PLAN_PUBLISHED
1549317,3045,DNS_UPDATE_SUCCEEDED
1668007,3278,DCOP_PLAN_PLUBLIED
1669527,3281,RLG_PLAN_PUBLISHED
1669981,3282,DNS_UPDATE_SUCCEEDED
1787995,3513,DCOP_PLAN_PLUBLIED
1789886,3517,RLG_PLAN_PUBLISHED
1790148,3518,DNS_UPDATE_SUCCEEDED
