658,2,DNS_UPDATE_SUCCEEDED
41921,84,RLG_PLAN_PUBLISHED
41948,84,DCOP_PLAN_PLUBLIED
42421,85,DNS_UPDATE_SUCCEEDED
222332,441,DCOP_PLAN_PLUBLIED
225191,447,RLG_PLAN_PUBLISHED
342160,678,DCOP_PLAN_PLUBLIED
342383,679,RLG_PLAN_PUBLISHED
342754,680,DNS_UPDATE_SUCCEEDED
345387,685,RLG_PLAN_PUBLISHED
582156,1154,DCOP_PLAN_PLUBLIED
582762,1155,RLG_PLAN_PUBLISHED
583416,1157,DNS_UPDATE_SUCCEEDED
585766,1161,RLG_PLAN_PUBLISHED
633843,1256,RLG_PLAN_PUBLISHED
633903,1257,DNS_UPDATE_SUCCEEDED
634408,1258,DNS_UPDATE_SUCCEEDED
636848,1262,RLG_PLAN_PUBLISHED
636933,1263,DNS_UPDATE_SUCCEEDED
702015,1391,DCOP_PLAN_PLUBLIED
702950,1393,RLG_PLAN_PUBLISHED
703036,1394,DNS_UPDATE_SUCCEEDED
705957,1399,RLG_PLAN_PUBLISHED
1182416,2343,DCOP_PLAN_PLUBLIED
1183720,2346,RLG_PLAN_PUBLISHED
1184664,2348,DNS_UPDATE_SUCCEEDED
1186725,2352,RLG_PLAN_PUBLISHED
1231793,2441,RLG_PLAN_PUBLISHED
1232116,2442,DNS_UPDATE_SUCCEEDED
1232622,2443,DNS_UPDATE_SUCCEEDED
1234798,2447,RLG_PLAN_PUBLISHED
1235146,2448,DNS_UPDATE_SUCCEEDED
1302328,2581,DCOP_PLAN_PLUBLIED
1303912,2584,RLG_PLAN_PUBLISHED
1304270,2585,DNS_UPDATE_SUCCEEDED
1306917,2590,RLG_PLAN_PUBLISHED
1422088,2818,DCOP_PLAN_PLUBLIED
1424092,2822,RLG_PLAN_PUBLISHED
1424941,2824,DNS_UPDATE_SUCCEEDED
1427097,2828,RLG_PLAN_PUBLISHED
1472168,2917,RLG_PLAN_PUBLISHED
1472389,2918,DNS_UPDATE_SUCCEEDED
1472895,2919,DNS_UPDATE_SUCCEEDED
1475174,2923,RLG_PLAN_PUBLISHED
1475419,2924,DNS_UPDATE_SUCCEEDED
1542351,3056,DCOP_PLAN_PLUBLIED
1544288,3060,RLG_PLAN_PUBLISHED
1544649,3061,DNS_UPDATE_SUCCEEDED
1547293,3066,RLG_PLAN_PUBLISHED
1662048,3293,DCOP_PLAN_PLUBLIED
1664472,3298,RLG_PLAN_PUBLISHED
1665281,3300,DNS_UPDATE_SUCCEEDED
1667476,3304,RLG_PLAN_PUBLISHED
1712533,3393,RLG_PLAN_PUBLISHED
1712761,3394,DNS_UPDATE_SUCCEEDED
1713270,3395,DNS_UPDATE_SUCCEEDED
1715538,3399,RLG_PLAN_PUBLISHED
1715801,3400,DNS_UPDATE_SUCCEEDED
1782450,3532,DCOP_PLAN_PLUBLIED
1784650,3536,RLG_PLAN_PUBLISHED
1784942,3537,DNS_UPDATE_SUCCEEDED
1787654,3542,RLG_PLAN_PUBLISHED
