{
  "region" : {
    "name" : "G"
  },
  "minTimestamp" : 132482,
  "maxTimestamp" : 132482,
  "demandEstimationWindow" : "SHORT",
  "serverCapacity" : {
    "DISK" : 10.0,
    "MEMORY" : 8.0E9,
    "CPU" : 4.0,
    "TASK_CONTAINERS" : 20.0
  },
  "serverLoad" : {
    "AppCoordinates {com.bbn, test-service3, 1}" : {
      "unknown" : {
        "QueueLength" : 257.0,
        "TASK_CONTAINERS" : 128.5
      }
    },
    "AppCoordinates {com.bbn, test-service2, 1}" : {
      "unknown" : {
        "QueueLength" : 86.0,
        "TASK_CONTAINERS" : 43.0
      }
    }
  },
  "serverDemand" : {
    "AppCoordinates {com.bbn, test-service3, 1}" : {
      "unknown" : {
        "QueueLength" : 224.875,
        "TASK_CONTAINERS" : 112.4375
      }
    },
    "AppCoordinates {com.bbn, test-service2, 1}" : {
      "unknown" : {
        "QueueLength" : 75.25,
        "TASK_CONTAINERS" : 37.625
      }
    }
  },
  "serverAverageProcessingTimeCount" : { },
  "serverAverageProcessingTimeSum" : { },
  "networkCapacity" : {
    "E" : {
      "DATARATE_RX" : 100.0,
      "DATARATE_TX" : 100.0
    },
    "H" : {
      "DATARATE_RX" : 100.0,
      "DATARATE_TX" : 100.0
    },
    "M" : {
      "DATARATE_RX" : 100.0,
      "DATARATE_TX" : 100.0
    }
  },
  "networkLoad" : {
    "E" : {
      "(M, E, E)" : {
        "AppCoordinates {com.bbn, test-service3, 1}" : {
          "DATARATE_TX" : -1.5246593050577406E-20,
          "DATARATE_RX" : -7.623296525288703E-21
        },
        "AppCoordinates {com.bbn, test-service2, 1}" : {
          "DATARATE_TX" : 2.419999999999997E-4,
          "DATARATE_RX" : 1.2099999999999985E-4
        },
        "AppCoordinates {com.bbn, test-service1, 1}" : {
          "DATARATE_TX" : 3.9599999999999943E-4,
          "DATARATE_RX" : 1.9799999999999972E-4
        }
      },
      "(G, E, E)" : {
        "AppCoordinates {com.bbn, test-service3, 1}" : {
          "DATARATE_TX" : -1.5246593050577406E-20,
          "DATARATE_RX" : -7.623296525288703E-21
        },
        "AppCoordinates {com.bbn, test-service2, 1}" : {
          "DATARATE_TX" : 2.859999999999996E-4,
          "DATARATE_RX" : 1.429999999999998E-4
        },
        "AppCoordinates {com.bbn, test-service1, 1}" : {
          "DATARATE_TX" : 3.8799999999999946E-4,
          "DATARATE_RX" : 1.9399999999999973E-4
        }
      }
    },
    "H" : { },
    "M" : {
      "(G, M, G)" : {
        "AppCoordinates {com.bbn, test-service3, 1}" : {
          "DATARATE_TX" : 8.0E-6,
          "DATARATE_RX" : 1.6E-5
        },
        "AppCoordinates {com.bbn, test-service2, 1}" : {
          "DATARATE_TX" : 3.100000000000001E-5,
          "DATARATE_RX" : 6.200000000000002E-5
        }
      },
      "(G, M, M)" : {
        "AppCoordinates {com.bbn, test-service3, 1}" : {
          "DATARATE_TX" : 1.2399999999999992E-4,
          "DATARATE_RX" : 6.199999999999996E-5
        }
      },
      "(E, M, E)" : {
        "AppCoordinates {com.bbn, test-service3, 1}" : {
          "DATARATE_TX" : -7.623296525288703E-21,
          "DATARATE_RX" : -1.5246593050577406E-20
        },
        "AppCoordinates {com.bbn, test-service2, 1}" : {
          "DATARATE_TX" : 1.2099999999999985E-4,
          "DATARATE_RX" : 2.419999999999997E-4
        },
        "AppCoordinates {com.bbn, test-service1, 1}" : {
          "DATARATE_TX" : 1.9799999999999972E-4,
          "DATARATE_RX" : 3.9599999999999943E-4
        }
      }
    }
  },
  "networkDemand" : {
    "E" : {
      "(M, E, E)" : {
        "AppCoordinates {com.bbn, test-service3, 1}" : {
          "DATARATE_TX" : -1.5246593050577406E-20,
          "DATARATE_RX" : -7.623296525288703E-21
        },
        "AppCoordinates {com.bbn, test-service2, 1}" : {
          "DATARATE_TX" : 2.419999999999997E-4,
          "DATARATE_RX" : 1.2099999999999985E-4
        },
        "AppCoordinates {com.bbn, test-service1, 1}" : {
          "DATARATE_TX" : 3.9599999999999943E-4,
          "DATARATE_RX" : 1.9799999999999972E-4
        }
      },
      "(G, E, E)" : {
        "AppCoordinates {com.bbn, test-service3, 1}" : {
          "DATARATE_TX" : -1.5246593050577406E-20,
          "DATARATE_RX" : -7.623296525288703E-21
        },
        "AppCoordinates {com.bbn, test-service2, 1}" : {
          "DATARATE_TX" : 2.859999999999996E-4,
          "DATARATE_RX" : 1.429999999999998E-4
        },
        "AppCoordinates {com.bbn, test-service1, 1}" : {
          "DATARATE_TX" : 3.8799999999999946E-4,
          "DATARATE_RX" : 1.9399999999999973E-4
        }
      }
    },
    "H" : { },
    "M" : {
      "(G, M, G)" : {
        "AppCoordinates {com.bbn, test-service3, 1}" : {
          "DATARATE_TX" : 8.0E-6,
          "DATARATE_RX" : 1.6E-5
        },
        "AppCoordinates {com.bbn, test-service2, 1}" : {
          "DATARATE_TX" : 3.1E-5,
          "DATARATE_RX" : 6.2E-5
        }
      },
      "(G, M, M)" : {
        "AppCoordinates {com.bbn, test-service3, 1}" : {
          "DATARATE_TX" : 1.239999999999999E-4,
          "DATARATE_RX" : 6.199999999999995E-5
        }
      },
      "(E, M, E)" : {
        "AppCoordinates {com.bbn, test-service3, 1}" : {
          "DATARATE_TX" : -7.623296525288703E-21,
          "DATARATE_RX" : -1.5246593050577406E-20
        },
        "AppCoordinates {com.bbn, test-service2, 1}" : {
          "DATARATE_TX" : 1.2099999999999985E-4,
          "DATARATE_RX" : 2.419999999999997E-4
        },
        "AppCoordinates {com.bbn, test-service1, 1}" : {
          "DATARATE_TX" : 1.9799999999999972E-4,
          "DATARATE_RX" : 3.9599999999999943E-4
        }
      }
    }
  },
  "maximumServiceContainers" : 20,
  "allocatedServiceContainers" : 3,
  "serverAverageProcessingTime" : { },
  "availableServiceContainers" : 17,
  "nullSummary" : false
}