{
  "AppCoordinates {com.bbn, test-service3, 1}" : {
    "serverDemand" : {
      "A" : {
        "QueueLength" : 175.78316178268278,
        "TASK_CONTAINERS" : 123.58059827899847
      },
      "C" : {
        "QueueLength" : 167.75001287524884,
        "TASK_CONTAINERS" : 117.93306447668651
      },
      "E" : {
        "QueueLength" : 291.84422393728187,
        "TASK_CONTAINERS" : 189.96831065013848
      }
    }
  },
  "AppCoordinates {com.bbn, test-service2, 1}" : {
    "serverDemand" : {
      "A" : {
        "QueueLength" : 31.33767671886422,
        "TASK_CONTAINERS" : 30.8768285318221
      },
      "C" : {
        "QueueLength" : 31.78392785483704,
        "TASK_CONTAINERS" : 31.316517151089435
      },
      "E" : {
        "QueueLength" : 33.31123124719426,
        "TASK_CONTAINERS" : 32.8213601994414
      }
    }
  },
  "AppCoordinates {com.bbn, test-service1, 1}" : {
    "serverDemand" : {
      "A" : {
        "QueueLength" : 59.089490813407345,
        "TASK_CONTAINERS" : 29.7417103760817
      },
      "C" : {
        "QueueLength" : 63.99118194009966,
        "TASK_CONTAINERS" : 32.20889490985016
      },
      "E" : {
        "QueueLength" : 56.68422790874467,
        "TASK_CONTAINERS" : 28.53106138073482
      }
    }
  }
}