{
  "clientName" : "clientPoolE",
  "clientRegion" : {
    "name" : "E"
  },
  "numRequestsAttempted" : 12000,
  "numRequestsSucceeded" : 9821,
  "numRequestsFailedForServerLoad" : 2179,
  "numRequestsFailedForNetworkLoad" : 0,
  "numRequestsSlowForServerLoad" : 1357,
  "numRequestsSlowForNetworkLoad" : 0,
  "numRequestsSlowForNetworkAndServerLoad" : 0,
  "numRequestsServicedByRegion" : {
    "A" : 791,
    "B" : 15,
    "C" : 6,
    "D" : 7,
    "E" : 9002
  },
  "numRequestsFailedForDownNode" : 0
}