633,1,DNS_UPDATE_SUCCEEDED
728,2,RLG_PLAN_PUBLISHED
741,2,DCOP_PLAN_PLUBLIED
1173,3,DNS_UPDATE_SUCCEEDED
33662,68,RLG_PLAN_PUBLISHED
34142,69,DNS_UPDATE_SUCCEEDED
34641,70,DNS_UPDATE_SUCCEEDED
36654,74,RLG_PLAN_PUBLISHED
37142,75,DNS_UPDATE_SUCCEEDED
93657,187,RLG_PLAN_PUBLISHED
93673,188,DNS_UPDATE_SUCCEEDED
94172,189,DNS_UPDATE_SUCCEEDED
96660,193,RLG_PLAN_PUBLISHED
96669,194,DNS_UPDATE_SUCCEEDED
153663,307,RLG_PLAN_PUBLISHED
153688,308,DNS_UPDATE_SUCCEEDED
154187,309,DNS_UPDATE_SUCCEEDED
156661,313,RLG_PLAN_PUBLISHED
156687,314,DNS_UPDATE_SUCCEEDED
157187,315,DNS_UPDATE_SUCCEEDED
159663,319,RLG_PLAN_PUBLISHED
159687,320,DNS_UPDATE_SUCCEEDED
160187,321,DNS_UPDATE_SUCCEEDED
162664,325,RLG_PLAN_PUBLISHED
162689,326,DNS_UPDATE_SUCCEEDED
163190,327,DNS_UPDATE_SUCCEEDED
165662,331,RLG_PLAN_PUBLISHED
165693,332,DNS_UPDATE_SUCCEEDED
165851,332,DCOP_PLAN_PLUBLIED
168664,337,RLG_PLAN_PUBLISHED
168694,338,DNS_UPDATE_SUCCEEDED
534696,1069,RLG_PLAN_PUBLISHED
534903,1070,DNS_UPDATE_SUCCEEDED
535403,1071,DNS_UPDATE_SUCCEEDED
537697,1075,RLG_PLAN_PUBLISHED
537906,1076,DNS_UPDATE_SUCCEEDED
538404,1077,DNS_UPDATE_SUCCEEDED
540696,1081,RLG_PLAN_PUBLISHED
540905,1082,DNS_UPDATE_SUCCEEDED
594713,1189,RLG_PLAN_PUBLISHED
594932,1190,DNS_UPDATE_SUCCEEDED
597708,1195,RLG_PLAN_PUBLISHED
597935,1196,DNS_UPDATE_SUCCEEDED
598434,1197,DNS_UPDATE_SUCCEEDED
600708,1201,RLG_PLAN_PUBLISHED
600937,1202,DNS_UPDATE_SUCCEEDED
651710,1303,RLG_PLAN_PUBLISHED
651954,1304,DNS_UPDATE_SUCCEEDED
654711,1309,RLG_PLAN_PUBLISHED
654957,1310,DNS_UPDATE_SUCCEEDED
655457,1311,DNS_UPDATE_SUCCEEDED
657710,1315,RLG_PLAN_PUBLISHED
657956,1316,DNS_UPDATE_SUCCEEDED
660712,1321,RLG_PLAN_PUBLISHED
660956,1322,DNS_UPDATE_SUCCEEDED
663713,1327,RLG_PLAN_PUBLISHED
663956,1328,DNS_UPDATE_SUCCEEDED
664456,1329,DNS_UPDATE_SUCCEEDED
666712,1333,RLG_PLAN_PUBLISHED
666956,1334,DNS_UPDATE_SUCCEEDED
