{
  "region" : {
    "name" : "J"
  },
  "timestamp" : 120810,
  "servicePlan" : {
    "nodeJ" : [ {
      "id" : {
        "name" : "nodeJ_c00"
      },
      "service" : {
        "group" : "com.bbn",
        "artifact" : "test-service3",
        "version" : "1"
      },
      "weight" : 1.0,
      "stopTrafficTo" : false,
      "stop" : false
    } ]
  },
  "overflowPlan" : {
    "AppCoordinates {com.bbn, test-service3, 1}" : {
      "A" : 0.0,
      "C" : 0.0,
      "D" : 0.0,
      "E" : 0.0,
      "G" : 0.0,
      "H" : 0.0,
      "I" : 0.8955509304415277,
      "J" : 0.10444906955847233
    },
    "AppCoordinates {com.bbn, test-service2, 1}" : {
      "A" : 0.0,
      "C" : 0.0,
      "D" : 0.0,
      "E" : 0.0,
      "G" : 0.0,
      "H" : 0.0,
      "I" : 1.0,
      "J" : 0.0
    },
    "AppCoordinates {com.bbn, test-service1, 1}" : {
      "A" : 0.0,
      "C" : 0.0,
      "D" : 0.0,
      "E" : 0.0,
      "G" : 0.0,
      "H" : 0.0,
      "I" : 1.0,
      "J" : 0.0
    }
  }
}