196,1,DNS_UPDATE_SUCCEEDED
40891,82,DCOP_PLAN_PLUBLIED
40891,82,RLG_PLAN_PUBLISHED
41397,83,DNS_UPDATE_SUCCEEDED
340996,677,DCOP_PLAN_PLUBLIED
341298,678,RLG_PLAN_PUBLISHED
341662,679,DNS_UPDATE_SUCCEEDED
460978,915,DCOP_PLAN_PLUBLIED
461465,916,RLG_PLAN_PUBLISHED
461638,917,DNS_UPDATE_SUCCEEDED
581045,1153,DCOP_PLAN_PLUBLIED
581638,1155,RLG_PLAN_PUBLISHED
582077,1156,DNS_UPDATE_SUCCEEDED
701059,1392,DCOP_PLAN_PLUBLIED
701780,1393,RLG_PLAN_PUBLISHED
701959,1394,DNS_UPDATE_SUCCEEDED
821035,1630,DCOP_PLAN_PLUBLIED
821939,1632,RLG_PLAN_PUBLISHED
822399,1633,DNS_UPDATE_SUCCEEDED
941110,1868,DCOP_PLAN_PLUBLIED
942107,1870,RLG_PLAN_PUBLISHED
942294,1871,DNS_UPDATE_SUCCEEDED
1061029,2106,DCOP_PLAN_PLUBLIED
1062267,2109,RLG_PLAN_PUBLISHED
1062736,2110,DNS_UPDATE_SUCCEEDED
1181054,2344,DCOP_PLAN_PLUBLIED
1182414,2347,RLG_PLAN_PUBLISHED
1182648,2348,DNS_UPDATE_SUCCEEDED
1300952,2582,DCOP_PLAN_PLUBLIED
1302590,2586,RLG_PLAN_PUBLISHED
1303066,2587,DNS_UPDATE_SUCCEEDED
1420993,2821,DCOP_PLAN_PLUBLIED
1422713,2824,RLG_PLAN_PUBLISHED
1423008,2825,DNS_UPDATE_SUCCEEDED
1541060,3059,DCOP_PLAN_PLUBLIED
1542882,3062,RLG_PLAN_PUBLISHED
1542918,3063,DNS_UPDATE_SUCCEEDED
1661004,3297,DCOP_PLAN_PLUBLIED
1663040,3301,RLG_PLAN_PUBLISHED
1663352,3302,DNS_UPDATE_SUCCEEDED
1781028,3535,DCOP_PLAN_PLUBLIED
1783207,3539,RLG_PLAN_PUBLISHED
1783287,3540,DNS_UPDATE_SUCCEEDED
