{
  "region" : {
    "name" : "B"
  },
  "minTimestamp" : 203496,
  "maxTimestamp" : 203496,
  "demandEstimationWindow" : "SHORT",
  "serverCapacity" : {
    "DISK" : 10.0,
    "MEMORY" : 8.0E9,
    "CPU" : 4.0,
    "TASK_CONTAINERS" : 20.0
  },
  "serverLoad" : {
    "AppCoordinates {com.bbn, test-service3, 1}" : {
      "unknown" : {
        "QueueLength" : 108.0,
        "TASK_CONTAINERS" : 54.0
      }
    }
  },
  "serverDemand" : {
    "AppCoordinates {com.bbn, test-service3, 1}" : {
      "unknown" : {
        "QueueLength" : 92.57142857142857,
        "TASK_CONTAINERS" : 46.285714285714285
      }
    }
  },
  "serverAverageProcessingTimeCount" : { },
  "serverAverageProcessingTimeSum" : { },
  "networkCapacity" : {
    "A" : {
      "DATARATE_RX" : 100.0,
      "DATARATE_TX" : 100.0
    },
    "C" : {
      "DATARATE_RX" : 100.0,
      "DATARATE_TX" : 100.0
    }
  },
  "networkLoad" : {
    "A" : {
      "(B, A, A)" : {
        "AppCoordinates {com.bbn, test-service3, 1}" : {
          "DATARATE_TX" : 1.6599999999999986E-4,
          "DATARATE_RX" : 8.299999999999993E-5
        },
        "AppCoordinates {com.bbn, test-service2, 1}" : {
          "DATARATE_TX" : -2.286988957586611E-20,
          "DATARATE_RX" : -1.1434944787933055E-20
        },
        "AppCoordinates {com.bbn, test-service1, 1}" : {
          "DATARATE_TX" : 4.1999999999999937E-4,
          "DATARATE_RX" : 2.0999999999999968E-4
        }
      }
    },
    "C" : { }
  },
  "networkDemand" : {
    "A" : {
      "(B, A, A)" : {
        "AppCoordinates {com.bbn, test-service3, 1}" : {
          "DATARATE_TX" : 1.6599999999999986E-4,
          "DATARATE_RX" : 8.299999999999993E-5
        },
        "AppCoordinates {com.bbn, test-service2, 1}" : {
          "DATARATE_TX" : -2.286988957586611E-20,
          "DATARATE_RX" : -1.1434944787933055E-20
        },
        "AppCoordinates {com.bbn, test-service1, 1}" : {
          "DATARATE_TX" : 4.1999999999999937E-4,
          "DATARATE_RX" : 2.0999999999999968E-4
        }
      }
    },
    "C" : { }
  },
  "maximumServiceContainers" : 20,
  "allocatedServiceContainers" : 1,
  "serverAverageProcessingTime" : { },
  "availableServiceContainers" : 19,
  "nullSummary" : false
}