{
  "clientName" : "clientPoolF",
  "clientRegion" : {
    "name" : "F"
  },
  "numRequestsAttempted" : 1200,
  "numRequestsSucceeded" : 476,
  "numRequestsFailedForServerLoad" : 724,
  "numRequestsFailedForNetworkLoad" : 0,
  "numRequestsSlowForServerLoad" : 176,
  "numRequestsSlowForNetworkLoad" : 0,
  "numRequestsSlowForNetworkAndServerLoad" : 0,
  "numRequestsServicedByRegion" : {
    "A" : 47,
    "B" : 29,
    "D" : 43,
    "F" : 319,
    "H" : 38
  },
  "numRequestsFailedForDownNode" : 0
}