{
  "region" : {
    "name" : "E"
  },
  "minTimestamp" : 101479,
  "maxTimestamp" : 101479,
  "demandEstimationWindow" : "LONG",
  "serverCapacity" : {
    "DISK" : 10.0,
    "MEMORY" : 8.0E9,
    "CPU" : 4.0,
    "TASK_CONTAINERS" : 20.0
  },
  "serverLoad" : { },
  "serverDemand" : { },
  "serverAverageProcessingTimeCount" : { },
  "serverAverageProcessingTimeSum" : { },
  "networkCapacity" : {
    "D" : {
      "DATARATE_RX" : 100.0,
      "DATARATE_TX" : 100.0
    },
    "J" : {
      "DATARATE_RX" : 100.0,
      "DATARATE_TX" : 100.0
    }
  },
  "networkLoad" : {
    "D" : {
      "(J, D, D)" : {
        "AppCoordinates {com.bbn, test-service3, 1}" : {
          "DATARATE_TX" : 2.699999999999996E-4,
          "DATARATE_RX" : 1.349999999999998E-4
        },
        "AppCoordinates {com.bbn, test-service2, 1}" : {
          "DATARATE_TX" : 2.5399999999999983E-4,
          "DATARATE_RX" : 1.2699999999999992E-4
        },
        "AppCoordinates {com.bbn, test-service1, 1}" : {
          "DATARATE_TX" : 2.499999999999997E-4,
          "DATARATE_RX" : 1.2499999999999984E-4
        }
      }
    },
    "J" : {
      "(D, J, D)" : {
        "AppCoordinates {com.bbn, test-service3, 1}" : {
          "DATARATE_TX" : 1.349999999999998E-4,
          "DATARATE_RX" : 2.699999999999996E-4
        },
        "AppCoordinates {com.bbn, test-service2, 1}" : {
          "DATARATE_TX" : 1.2699999999999992E-4,
          "DATARATE_RX" : 2.5399999999999983E-4
        },
        "AppCoordinates {com.bbn, test-service1, 1}" : {
          "DATARATE_TX" : 1.2499999999999984E-4,
          "DATARATE_RX" : 2.499999999999997E-4
        }
      }
    }
  },
  "networkDemand" : {
    "D" : {
      "(J, D, D)" : {
        "AppCoordinates {com.bbn, test-service3, 1}" : {
          "DATARATE_TX" : 2.6473158855751645E-4,
          "DATARATE_RX" : 1.3236579427875823E-4
        },
        "AppCoordinates {com.bbn, test-service2, 1}" : {
          "DATARATE_TX" : 2.9619167355941507E-4,
          "DATARATE_RX" : 1.4809583677970753E-4
        },
        "AppCoordinates {com.bbn, test-service1, 1}" : {
          "DATARATE_TX" : 3.8146477565012744E-4,
          "DATARATE_RX" : 1.9073238782506372E-4
        }
      }
    },
    "J" : {
      "(D, J, D)" : {
        "AppCoordinates {com.bbn, test-service3, 1}" : {
          "DATARATE_TX" : 1.3236579427875823E-4,
          "DATARATE_RX" : 2.6473158855751645E-4
        },
        "AppCoordinates {com.bbn, test-service2, 1}" : {
          "DATARATE_TX" : 1.4809583677970753E-4,
          "DATARATE_RX" : 2.9619167355941507E-4
        },
        "AppCoordinates {com.bbn, test-service1, 1}" : {
          "DATARATE_TX" : 1.9073938083205674E-4,
          "DATARATE_RX" : 3.814787616641135E-4
        }
      }
    }
  },
  "maximumServiceContainers" : 20,
  "allocatedServiceContainers" : 0,
  "serverAverageProcessingTime" : { },
  "availableServiceContainers" : 20,
  "nullSummary" : false
}