{
  "region" : {
    "name" : "L"
  },
  "timestamp" : 234790,
  "servicePlan" : {
    "nodeL" : [ {
      "id" : {
        "name" : "nodeL_c00"
      },
      "service" : {
        "group" : "com.bbn",
        "artifact" : "test-service3",
        "version" : "1"
      },
      "weight" : 1.0,
      "stopTrafficTo" : false,
      "stop" : false
    } ]
  },
  "overflowPlan" : {
    "AppCoordinates {com.bbn, test-service3, 1}" : {
      "B" : 0.05339835449528284,
      "H" : 0.8932032910094343,
      "O" : 0.0,
      "L" : 0.05339835449528285
    },
    "AppCoordinates {com.bbn, test-service2, 1}" : {
      "B" : 0.0,
      "H" : 1.0,
      "O" : 0.0,
      "L" : 0.0
    },
    "AppCoordinates {com.bbn, test-service1, 1}" : {
      "B" : 0.0,
      "H" : 1.0,
      "O" : 0.0,
      "L" : 0.0
    }
  }
}