{
  "region" : {
    "name" : "L"
  },
  "minTimestamp" : 235988,
  "maxTimestamp" : 235988,
  "demandEstimationWindow" : "SHORT",
  "serverCapacity" : {
    "DISK" : 10.0,
    "MEMORY" : 8.0E9,
    "CPU" : 4.0,
    "TASK_CONTAINERS" : 20.0
  },
  "serverLoad" : {
    "AppCoordinates {com.bbn, test-service3, 1}" : {
      "unknown" : {
        "QueueLength" : 6.0,
        "TASK_CONTAINERS" : 3.0
      }
    }
  },
  "serverDemand" : {
    "AppCoordinates {com.bbn, test-service3, 1}" : {
      "unknown" : {
        "QueueLength" : 4.875,
        "TASK_CONTAINERS" : 2.4375
      }
    }
  },
  "serverAverageProcessingTimeCount" : {
    "AppCoordinates {com.bbn, test-service3, 1}" : 1
  },
  "serverAverageProcessingTimeSum" : {
    "AppCoordinates {com.bbn, test-service3, 1}" : 120000.0
  },
  "networkCapacity" : {
    "B" : {
      "DATARATE_RX" : 100.0,
      "DATARATE_TX" : 100.0
    },
    "H" : {
      "DATARATE_RX" : 100.0,
      "DATARATE_TX" : 100.0
    },
    "O" : {
      "DATARATE_RX" : 100.0,
      "DATARATE_TX" : 100.0
    }
  },
  "networkLoad" : {
    "B" : {
      "(M, B, B)" : {
        "AppCoordinates {com.bbn, test-service3, 1}" : {
          "DATARATE_TX" : 1.799999999999999E-5,
          "DATARATE_RX" : 8.999999999999995E-6
        }
      }
    },
    "H" : {
      "(M, A, A)" : {
        "AppCoordinates {com.bbn, test-service3, 1}" : {
          "DATARATE_TX" : 7.999999999999998E-6,
          "DATARATE_RX" : 3.999999999999999E-6
        }
      },
      "(M, G, G)" : {
        "AppCoordinates {com.bbn, test-service3, 1}" : {
          "DATARATE_TX" : 2.9399999999999994E-4,
          "DATARATE_RX" : 1.4699999999999997E-4
        },
        "AppCoordinates {com.bbn, test-service2, 1}" : {
          "DATARATE_TX" : 1.2799999999999986E-4,
          "DATARATE_RX" : 6.399999999999993E-5
        },
        "AppCoordinates {com.bbn, test-service1, 1}" : {
          "DATARATE_TX" : 1.2399999999999982E-4,
          "DATARATE_RX" : 6.199999999999991E-5
        }
      },
      "(M, H, H)" : {
        "AppCoordinates {com.bbn, test-service3, 1}" : {
          "DATARATE_TX" : 2.7999999999999996E-5,
          "DATARATE_RX" : 1.3999999999999998E-5
        }
      }
    },
    "O" : {
      "(L, M, L)" : {
        "AppCoordinates {com.bbn, test-service3, 1}" : {
          "DATARATE_TX" : 6.000000000000009E-6,
          "DATARATE_RX" : 1.2000000000000017E-5
        }
      },
      "(H, M, H)" : {
        "AppCoordinates {com.bbn, test-service3, 1}" : {
          "DATARATE_TX" : 1.3999999999999998E-5,
          "DATARATE_RX" : 2.7999999999999996E-5
        }
      },
      "(G, M, G)" : {
        "AppCoordinates {com.bbn, test-service3, 1}" : {
          "DATARATE_TX" : 1.4699999999999994E-4,
          "DATARATE_RX" : 2.939999999999999E-4
        },
        "AppCoordinates {com.bbn, test-service2, 1}" : {
          "DATARATE_TX" : 6.399999999999992E-5,
          "DATARATE_RX" : 1.2799999999999983E-4
        },
        "AppCoordinates {com.bbn, test-service1, 1}" : {
          "DATARATE_TX" : 6.199999999999992E-5,
          "DATARATE_RX" : 1.2399999999999984E-4
        }
      },
      "(B, M, B)" : {
        "AppCoordinates {com.bbn, test-service3, 1}" : {
          "DATARATE_TX" : 8.999999999999995E-6,
          "DATARATE_RX" : 1.799999999999999E-5
        }
      },
      "(A, M, A)" : {
        "AppCoordinates {com.bbn, test-service3, 1}" : {
          "DATARATE_TX" : 3.999999999999999E-6,
          "DATARATE_RX" : 7.999999999999998E-6
        }
      }
    }
  },
  "networkDemand" : {
    "B" : {
      "(M, B, B)" : {
        "AppCoordinates {com.bbn, test-service3, 1}" : {
          "DATARATE_TX" : 1.4571428571428561E-5,
          "DATARATE_RX" : 7.2857142857142805E-6
        }
      }
    },
    "H" : {
      "(M, A, A)" : {
        "AppCoordinates {com.bbn, test-service3, 1}" : {
          "DATARATE_TX" : 5.428571428571427E-6,
          "DATARATE_RX" : 2.7142857142857136E-6
        }
      },
      "(M, G, G)" : {
        "AppCoordinates {com.bbn, test-service3, 1}" : {
          "DATARATE_TX" : 2.2085714285714287E-4,
          "DATARATE_RX" : 1.1042857142857143E-4
        },
        "AppCoordinates {com.bbn, test-service2, 1}" : {
          "DATARATE_TX" : 1.2799999999999986E-4,
          "DATARATE_RX" : 6.399999999999993E-5
        },
        "AppCoordinates {com.bbn, test-service1, 1}" : {
          "DATARATE_TX" : 1.2399999999999982E-4,
          "DATARATE_RX" : 6.199999999999991E-5
        }
      },
      "(M, H, H)" : {
        "AppCoordinates {com.bbn, test-service3, 1}" : {
          "DATARATE_TX" : 2.0857142857142847E-5,
          "DATARATE_RX" : 1.0428571428571423E-5
        }
      }
    },
    "O" : {
      "(L, M, L)" : {
        "AppCoordinates {com.bbn, test-service3, 1}" : {
          "DATARATE_TX" : 5.571428571428581E-6,
          "DATARATE_RX" : 1.1142857142857162E-5
        }
      },
      "(H, M, H)" : {
        "AppCoordinates {com.bbn, test-service3, 1}" : {
          "DATARATE_TX" : 1.0428571428571423E-5,
          "DATARATE_RX" : 2.0857142857142847E-5
        }
      },
      "(G, M, G)" : {
        "AppCoordinates {com.bbn, test-service3, 1}" : {
          "DATARATE_TX" : 1.1042857142857143E-4,
          "DATARATE_RX" : 2.2085714285714287E-4
        },
        "AppCoordinates {com.bbn, test-service2, 1}" : {
          "DATARATE_TX" : 6.399999999999992E-5,
          "DATARATE_RX" : 1.2799999999999983E-4
        },
        "AppCoordinates {com.bbn, test-service1, 1}" : {
          "DATARATE_TX" : 6.199999999999992E-5,
          "DATARATE_RX" : 1.2399999999999984E-4
        }
      },
      "(B, M, B)" : {
        "AppCoordinates {com.bbn, test-service3, 1}" : {
          "DATARATE_TX" : 7.2857142857142805E-6,
          "DATARATE_RX" : 1.4571428571428561E-5
        }
      },
      "(A, M, A)" : {
        "AppCoordinates {com.bbn, test-service3, 1}" : {
          "DATARATE_TX" : 2.7142857142857136E-6,
          "DATARATE_RX" : 5.428571428571427E-6
        }
      }
    }
  },
  "maximumServiceContainers" : 20,
  "allocatedServiceContainers" : 1,
  "serverAverageProcessingTime" : {
    "AppCoordinates {com.bbn, test-service3, 1}" : 120000.0
  },
  "availableServiceContainers" : 19,
  "nullSummary" : false
}