761,1,DNS_UPDATE_SUCCEEDED
844,2,RLG_PLAN_PUBLISHED
859,2,DCOP_PLAN_PLUBLIED
105906,212,DCOP_PLAN_PLUBLIED
108812,218,RLG_PLAN_PUBLISHED
109299,219,DNS_UPDATE_SUCCEEDED
109802,220,DNS_UPDATE_SUCCEEDED
111814,224,RLG_PLAN_PUBLISHED
112298,225,DNS_UPDATE_SUCCEEDED
123815,248,RLG_PLAN_PUBLISHED
124305,249,DNS_UPDATE_SUCCEEDED
124808,250,DNS_UPDATE_SUCCEEDED
126815,254,RLG_PLAN_PUBLISHED
127307,255,DNS_UPDATE_SUCCEEDED
165874,332,DCOP_PLAN_PLUBLIED
168818,337,RLG_PLAN_PUBLISHED
168834,338,DNS_UPDATE_SUCCEEDED
171818,343,RLG_PLAN_PUBLISHED
171829,344,DNS_UPDATE_SUCCEEDED
172333,345,DNS_UPDATE_SUCCEEDED
174818,349,RLG_PLAN_PUBLISHED
174830,350,DNS_UPDATE_SUCCEEDED
180818,361,RLG_PLAN_PUBLISHED
180834,362,DNS_UPDATE_SUCCEEDED
183818,367,RLG_PLAN_PUBLISHED
183832,368,DNS_UPDATE_SUCCEEDED
184333,369,DNS_UPDATE_SUCCEEDED
186818,373,RLG_PLAN_PUBLISHED
186833,374,DNS_UPDATE_SUCCEEDED
225820,451,RLG_PLAN_PUBLISHED
225850,452,DNS_UPDATE_SUCCEEDED
225869,452,DCOP_PLAN_PLUBLIED
228820,457,RLG_PLAN_PUBLISHED
228852,458,DNS_UPDATE_SUCCEEDED
229348,459,DNS_UPDATE_SUCCEEDED
231820,463,RLG_PLAN_PUBLISHED
231849,464,DNS_UPDATE_SUCCEEDED
285865,572,DCOP_PLAN_PLUBLIED
288824,577,RLG_PLAN_PUBLISHED
288864,578,DNS_UPDATE_SUCCEEDED
345858,691,DCOP_PLAN_PLUBLIED
348831,697,RLG_PLAN_PUBLISHED
348886,698,DNS_UPDATE_SUCCEEDED
405856,811,DCOP_PLAN_PLUBLIED
408834,817,RLG_PLAN_PUBLISHED
408907,818,DNS_UPDATE_SUCCEEDED
465872,931,DCOP_PLAN_PLUBLIED
468833,937,RLG_PLAN_PUBLISHED
468917,938,DNS_UPDATE_SUCCEEDED
525868,1051,DCOP_PLAN_PLUBLIED
528834,1057,RLG_PLAN_PUBLISHED
528943,1058,DNS_UPDATE_SUCCEEDED
585900,1171,DCOP_PLAN_PLUBLIED
588837,1177,RLG_PLAN_PUBLISHED
588958,1178,DNS_UPDATE_SUCCEEDED
630009,1260,DCOP_PLAN_PLUBLIED
