{
  "region" : {
    "name" : "E"
  },
  "minTimestamp" : 152487,
  "maxTimestamp" : 152487,
  "demandEstimationWindow" : "SHORT",
  "serverCapacity" : {
    "DISK" : 10.0,
    "MEMORY" : 8.0E9,
    "CPU" : 4.0,
    "TASK_CONTAINERS" : 20.0
  },
  "serverLoad" : {
    "AppCoordinates {com.bbn, test-service3, 1}" : {
      "unknown" : {
        "QueueLength" : 124.0,
        "TASK_CONTAINERS" : 62.0
      }
    }
  },
  "serverDemand" : {
    "AppCoordinates {com.bbn, test-service3, 1}" : {
      "unknown" : {
        "QueueLength" : 108.5,
        "TASK_CONTAINERS" : 54.25
      }
    }
  },
  "serverAverageProcessingTimeCount" : { },
  "serverAverageProcessingTimeSum" : { },
  "networkCapacity" : {
    "C" : {
      "DATARATE_RX" : 100.0,
      "DATARATE_TX" : 100.0
    },
    "G" : {
      "DATARATE_RX" : 100.0,
      "DATARATE_TX" : 100.0
    },
    "H" : {
      "DATARATE_RX" : 100.0,
      "DATARATE_TX" : 100.0
    }
  },
  "networkLoad" : {
    "C" : { },
    "G" : {
      "(E, G, G)" : {
        "AppCoordinates {com.bbn, test-service3, 1}" : {
          "DATARATE_TX" : 2.899999999999997E-4,
          "DATARATE_RX" : 1.4499999999999984E-4
        },
        "AppCoordinates {com.bbn, test-service2, 1}" : {
          "DATARATE_TX" : 3.7199999999999934E-4,
          "DATARATE_RX" : 1.8599999999999967E-4
        },
        "AppCoordinates {com.bbn, test-service1, 1}" : {
          "DATARATE_TX" : 2.7999999999999976E-4,
          "DATARATE_RX" : 1.3999999999999988E-4
        }
      }
    },
    "H" : { }
  },
  "networkDemand" : {
    "C" : { },
    "G" : {
      "(E, G, G)" : {
        "AppCoordinates {com.bbn, test-service3, 1}" : {
          "DATARATE_TX" : 2.899999999999997E-4,
          "DATARATE_RX" : 1.4499999999999984E-4
        },
        "AppCoordinates {com.bbn, test-service2, 1}" : {
          "DATARATE_TX" : 3.177142857142852E-4,
          "DATARATE_RX" : 1.588571428571426E-4
        },
        "AppCoordinates {com.bbn, test-service1, 1}" : {
          "DATARATE_TX" : 3.437142857142853E-4,
          "DATARATE_RX" : 1.7185714285714265E-4
        }
      }
    },
    "H" : { }
  },
  "maximumServiceContainers" : 20,
  "allocatedServiceContainers" : 1,
  "serverAverageProcessingTime" : { },
  "availableServiceContainers" : 19,
  "nullSummary" : false
}