{
  "region" : {
    "name" : "C"
  },
  "nodeResourceReports" : [ {
    "nodeName" : {
      "name" : "nodeC"
    },
    "timestamp" : 73978,
    "demandEstimationWindow" : "SHORT",
    "nodeComputeCapacity" : {
      "CPU" : 8.0,
      "MEMORY" : 1.6E10,
      "DISK" : 10.0,
      "TASK_CONTAINERS" : 8.0
    },
    "networkCapacity" : {
      "interface-nodeD ( nodeD )" : {
        "DATARATE_RX" : 100.0,
        "DATARATE_TX" : 100.0
      },
      "interface-nodeE ( nodeE )" : {
        "DATARATE_RX" : 100.0,
        "DATARATE_TX" : 100.0
      },
      "interface-nodeH ( nodeH )" : {
        "DATARATE_RX" : 100.0,
        "DATARATE_TX" : 100.0
      },
      "interface-nodeN ( nodeN )" : {
        "DATARATE_RX" : 100.0,
        "DATARATE_TX" : 100.0
      },
      "interface-nodeO ( nodeO )" : {
        "DATARATE_RX" : 100.0,
        "DATARATE_TX" : 100.0
      }
    },
    "networkLoad" : {
      "interface-nodeD ( nodeD )" : { },
      "interface-nodeE ( nodeE )" : {
        "(nodeC_c02, clientPoolJ, nodeC_c02)" : {
          "AppCoordinates {com.bbn, test-service3, 1}" : {
            "DATARATE_TX" : 0.003,
            "DATARATE_RX" : 0.006
          }
        },
        "(nodeC_c00, clientPoolJ, nodeC_c00)" : {
          "AppCoordinates {com.bbn, test-service1, 1}" : {
            "DATARATE_TX" : 0.003,
            "DATARATE_RX" : 0.006
          }
        },
        "(nodeC_c01, clientPoolJ, nodeC_c01)" : {
          "AppCoordinates {com.bbn, test-service2, 1}" : {
            "DATARATE_TX" : 0.003,
            "DATARATE_RX" : 0.006
          }
        }
      },
      "interface-nodeH ( nodeH )" : { },
      "interface-nodeN ( nodeN )" : {
        "(nodeC_c00, clientPoolL, nodeC_c00)" : {
          "AppCoordinates {com.bbn, test-service1, 1}" : {
            "DATARATE_TX" : 0.004,
            "DATARATE_RX" : 0.008
          }
        },
        "(nodeC_c01, clientPoolL, nodeC_c01)" : {
          "AppCoordinates {com.bbn, test-service2, 1}" : {
            "DATARATE_TX" : 0.004,
            "DATARATE_RX" : 0.008
          }
        },
        "(nodeC_c00, clientPoolK, nodeC_c00)" : {
          "AppCoordinates {com.bbn, test-service1, 1}" : {
            "DATARATE_TX" : 0.003,
            "DATARATE_RX" : 0.006
          }
        },
        "(nodeC_c02, clientPoolL, nodeC_c02)" : {
          "AppCoordinates {com.bbn, test-service3, 1}" : {
            "DATARATE_TX" : 0.004,
            "DATARATE_RX" : 0.008
          }
        },
        "(nodeC_c01, clientPoolK, nodeC_c01)" : {
          "AppCoordinates {com.bbn, test-service2, 1}" : {
            "DATARATE_TX" : 0.003,
            "DATARATE_RX" : 0.006
          }
        },
        "(nodeC_c02, clientPoolK, nodeC_c02)" : {
          "AppCoordinates {com.bbn, test-service3, 1}" : {
            "DATARATE_TX" : 0.003,
            "DATARATE_RX" : 0.006
          }
        }
      },
      "interface-nodeO ( nodeO )" : { }
    },
    "networkDemand" : {
      "interface-nodeE ( nodeE )" : {
        "(nodeC_c02, clientPoolJ, nodeC_c02)" : {
          "AppCoordinates {com.bbn, test-service3, 1}" : {
            "DATARATE_TX" : 0.0029999999999999996,
            "DATARATE_RX" : 0.005999999999999999
          }
        },
        "(nodeC_c00, clientPoolJ, nodeC_c00)" : {
          "AppCoordinates {com.bbn, test-service1, 1}" : {
            "DATARATE_TX" : 0.0029999999999999996,
            "DATARATE_RX" : 0.005999999999999999
          }
        },
        "(nodeC_c01, clientPoolJ, nodeC_c01)" : {
          "AppCoordinates {com.bbn, test-service2, 1}" : {
            "DATARATE_TX" : 0.0029999999999999996,
            "DATARATE_RX" : 0.005999999999999999
          }
        }
      },
      "interface-nodeD ( nodeD )" : { },
      "interface-nodeO ( nodeO )" : { },
      "interface-nodeN ( nodeN )" : {
        "(nodeC_c00, clientPoolL, nodeC_c00)" : {
          "AppCoordinates {com.bbn, test-service1, 1}" : {
            "DATARATE_TX" : 0.004,
            "DATARATE_RX" : 0.008
          }
        },
        "(nodeC_c00, clientPoolK, nodeC_c00)" : {
          "AppCoordinates {com.bbn, test-service1, 1}" : {
            "DATARATE_TX" : 0.0029999999999999996,
            "DATARATE_RX" : 0.005999999999999999
          }
        },
        "(nodeC_c01, clientPoolL, nodeC_c01)" : {
          "AppCoordinates {com.bbn, test-service2, 1}" : {
            "DATARATE_TX" : 0.004,
            "DATARATE_RX" : 0.008
          }
        },
        "(nodeC_c01, clientPoolK, nodeC_c01)" : {
          "AppCoordinates {com.bbn, test-service2, 1}" : {
            "DATARATE_TX" : 0.0029999999999999996,
            "DATARATE_RX" : 0.005999999999999999
          }
        },
        "(nodeC_c02, clientPoolL, nodeC_c02)" : {
          "AppCoordinates {com.bbn, test-service3, 1}" : {
            "DATARATE_TX" : 0.004,
            "DATARATE_RX" : 0.008
          }
        },
        "(nodeC_c02, clientPoolK, nodeC_c02)" : {
          "AppCoordinates {com.bbn, test-service3, 1}" : {
            "DATARATE_TX" : 0.0029999999999999996,
            "DATARATE_RX" : 0.005999999999999999
          }
        }
      },
      "interface-nodeH ( nodeH )" : { }
    },
    "containerReports" : {
      "nodeC_c01" : {
        "containerName" : {
          "name" : "nodeC_c01"
        },
        "timestamp" : 73978,
        "service" : {
          "group" : "com.bbn",
          "artifact" : "test-service2",
          "version" : "1"
        },
        "serviceStatus" : "RUNNING",
        "demandEstimationWindow" : "SHORT",
        "computeCapacity" : {
          "CPU" : 1.0,
          "TASK_CONTAINERS" : 1.0,
          "QueueLength" : 1000000.0
        },
        "computeLoad" : {
          "UNKNOWN" : {
            "QueueLength" : 10.0,
            "TASK_CONTAINERS" : 0.9999999999999999
          }
        },
        "computeDemand" : {
          "UNKNOWN" : {
            "QueueLength" : 8.75,
            "TASK_CONTAINERS" : 0.8749999999999999
          }
        },
        "averageProcessingTime" : "NaN",
        "networkCapacity" : {
          "interface-nodeC ( nodeC )" : {
            "DATARATE_TX" : 100.0,
            "DATARATE_RX" : 100.0
          }
        },
        "networkLoad" : {
          "interface-nodeC ( nodeC )" : {
            "(clientPoolK, nodeC_c01, nodeC_c01)" : {
              "AppCoordinates {com.bbn, test-service2, 1}" : {
                "DATARATE_TX" : 0.04000000000000002,
                "DATARATE_RX" : 0.02000000000000001
              }
            },
            "(clientPoolL, nodeC_c01, nodeC_c01)" : {
              "AppCoordinates {com.bbn, test-service2, 1}" : {
                "DATARATE_TX" : 0.04000000000000002,
                "DATARATE_RX" : 0.02000000000000001
              }
            },
            "(clientPoolJ, nodeC_c01, nodeC_c01)" : {
              "AppCoordinates {com.bbn, test-service2, 1}" : {
                "DATARATE_TX" : 0.04000000000000002,
                "DATARATE_RX" : 0.02000000000000001
              }
            }
          }
        },
        "networkDemand" : {
          "interface-nodeC ( nodeC )" : {
            "(clientPoolK, nodeC_c01, nodeC_c01)" : {
              "AppCoordinates {com.bbn, test-service2, 1}" : {
                "DATARATE_TX" : 0.04000000000000003,
                "DATARATE_RX" : 0.020000000000000014
              }
            },
            "(clientPoolL, nodeC_c01, nodeC_c01)" : {
              "AppCoordinates {com.bbn, test-service2, 1}" : {
                "DATARATE_TX" : 0.04000000000000003,
                "DATARATE_RX" : 0.020000000000000014
              }
            },
            "(clientPoolJ, nodeC_c01, nodeC_c01)" : {
              "AppCoordinates {com.bbn, test-service2, 1}" : {
                "DATARATE_TX" : 0.04000000000000003,
                "DATARATE_RX" : 0.020000000000000014
              }
            }
          }
        }
      },
      "nodeC_c02" : {
        "containerName" : {
          "name" : "nodeC_c02"
        },
        "timestamp" : 73979,
        "service" : {
          "group" : "com.bbn",
          "artifact" : "test-service3",
          "version" : "1"
        },
        "serviceStatus" : "RUNNING",
        "demandEstimationWindow" : "SHORT",
        "computeCapacity" : {
          "CPU" : 1.0,
          "TASK_CONTAINERS" : 1.0,
          "QueueLength" : 1000000.0
        },
        "computeLoad" : {
          "UNKNOWN" : {
            "QueueLength" : 10.0,
            "TASK_CONTAINERS" : 0.9999999999999999
          }
        },
        "computeDemand" : {
          "UNKNOWN" : {
            "QueueLength" : 8.75,
            "TASK_CONTAINERS" : 0.8749999999999999
          }
        },
        "averageProcessingTime" : "NaN",
        "networkCapacity" : {
          "interface-nodeC ( nodeC )" : {
            "DATARATE_TX" : 100.0,
            "DATARATE_RX" : 100.0
          }
        },
        "networkLoad" : {
          "interface-nodeC ( nodeC )" : {
            "(clientPoolL, nodeC_c02, nodeC_c02)" : {
              "AppCoordinates {com.bbn, test-service3, 1}" : {
                "DATARATE_TX" : 0.04000000000000002,
                "DATARATE_RX" : 0.02000000000000001
              }
            },
            "(clientPoolJ, nodeC_c02, nodeC_c02)" : {
              "AppCoordinates {com.bbn, test-service3, 1}" : {
                "DATARATE_TX" : 0.04000000000000002,
                "DATARATE_RX" : 0.02000000000000001
              }
            },
            "(clientPoolK, nodeC_c02, nodeC_c02)" : {
              "AppCoordinates {com.bbn, test-service3, 1}" : {
                "DATARATE_TX" : 0.04000000000000002,
                "DATARATE_RX" : 0.02000000000000001
              }
            }
          }
        },
        "networkDemand" : {
          "interface-nodeC ( nodeC )" : {
            "(clientPoolL, nodeC_c02, nodeC_c02)" : {
              "AppCoordinates {com.bbn, test-service3, 1}" : {
                "DATARATE_TX" : 0.04000000000000003,
                "DATARATE_RX" : 0.020000000000000014
              }
            },
            "(clientPoolJ, nodeC_c02, nodeC_c02)" : {
              "AppCoordinates {com.bbn, test-service3, 1}" : {
                "DATARATE_TX" : 0.04000000000000003,
                "DATARATE_RX" : 0.020000000000000014
              }
            },
            "(clientPoolK, nodeC_c02, nodeC_c02)" : {
              "AppCoordinates {com.bbn, test-service3, 1}" : {
                "DATARATE_TX" : 0.04000000000000003,
                "DATARATE_RX" : 0.020000000000000014
              }
            }
          }
        }
      },
      "nodeC_c00" : {
        "containerName" : {
          "name" : "nodeC_c00"
        },
        "timestamp" : 73980,
        "service" : {
          "group" : "com.bbn",
          "artifact" : "test-service1",
          "version" : "1"
        },
        "serviceStatus" : "RUNNING",
        "demandEstimationWindow" : "SHORT",
        "computeCapacity" : {
          "CPU" : 1.0,
          "TASK_CONTAINERS" : 1.0,
          "QueueLength" : 1000000.0
        },
        "computeLoad" : {
          "UNKNOWN" : {
            "QueueLength" : 10.0,
            "TASK_CONTAINERS" : 0.9999999999999999
          }
        },
        "computeDemand" : {
          "UNKNOWN" : {
            "QueueLength" : 8.75,
            "TASK_CONTAINERS" : 0.8749999999999999
          }
        },
        "averageProcessingTime" : "NaN",
        "networkCapacity" : {
          "interface-nodeC ( nodeC )" : {
            "DATARATE_TX" : 100.0,
            "DATARATE_RX" : 100.0
          }
        },
        "networkLoad" : {
          "interface-nodeC ( nodeC )" : {
            "(clientPoolJ, nodeC_c00, nodeC_c00)" : {
              "AppCoordinates {com.bbn, test-service1, 1}" : {
                "DATARATE_TX" : 0.04000000000000002,
                "DATARATE_RX" : 0.02000000000000001
              }
            },
            "(clientPoolK, nodeC_c00, nodeC_c00)" : {
              "AppCoordinates {com.bbn, test-service1, 1}" : {
                "DATARATE_TX" : 0.04000000000000002,
                "DATARATE_RX" : 0.02000000000000001
              }
            },
            "(clientPoolL, nodeC_c00, nodeC_c00)" : {
              "AppCoordinates {com.bbn, test-service1, 1}" : {
                "DATARATE_TX" : 0.04000000000000002,
                "DATARATE_RX" : 0.02000000000000001
              }
            }
          }
        },
        "networkDemand" : {
          "interface-nodeC ( nodeC )" : {
            "(clientPoolJ, nodeC_c00, nodeC_c00)" : {
              "AppCoordinates {com.bbn, test-service1, 1}" : {
                "DATARATE_TX" : 0.04000000000000003,
                "DATARATE_RX" : 0.020000000000000014
              }
            },
            "(clientPoolK, nodeC_c00, nodeC_c00)" : {
              "AppCoordinates {com.bbn, test-service1, 1}" : {
                "DATARATE_TX" : 0.04000000000000003,
                "DATARATE_RX" : 0.020000000000000014
              }
            },
            "(clientPoolL, nodeC_c00, nodeC_c00)" : {
              "AppCoordinates {com.bbn, test-service1, 1}" : {
                "DATARATE_TX" : 0.04000000000000003,
                "DATARATE_RX" : 0.020000000000000014
              }
            }
          }
        }
      },
      "nodeC_c05" : {
        "containerName" : {
          "name" : "nodeC_c05"
        },
        "timestamp" : 73981,
        "service" : {
          "group" : "com.bbn",
          "artifact" : "test-service1",
          "version" : "1"
        },
        "serviceStatus" : "RUNNING",
        "demandEstimationWindow" : "SHORT",
        "computeCapacity" : {
          "CPU" : 1.0,
          "TASK_CONTAINERS" : 1.0,
          "QueueLength" : 1000000.0
        },
        "computeLoad" : {
          "UNKNOWN" : {
            "QueueLength" : 0.0
          }
        },
        "computeDemand" : {
          "UNKNOWN" : {
            "QueueLength" : 0.0
          }
        },
        "averageProcessingTime" : "NaN",
        "networkCapacity" : {
          "interface-nodeC ( nodeC )" : {
            "DATARATE_TX" : 100.0,
            "DATARATE_RX" : 100.0
          }
        },
        "networkLoad" : {
          "interface-nodeC ( nodeC )" : { }
        },
        "networkDemand" : {
          "interface-nodeC ( nodeC )" : { }
        }
      },
      "nodeC_c03" : {
        "containerName" : {
          "name" : "nodeC_c03"
        },
        "timestamp" : 73981,
        "service" : {
          "group" : "com.bbn",
          "artifact" : "test-service3",
          "version" : "1"
        },
        "serviceStatus" : "RUNNING",
        "demandEstimationWindow" : "SHORT",
        "computeCapacity" : {
          "CPU" : 1.0,
          "TASK_CONTAINERS" : 1.0,
          "QueueLength" : 1000000.0
        },
        "computeLoad" : {
          "UNKNOWN" : {
            "QueueLength" : 0.0
          }
        },
        "computeDemand" : {
          "UNKNOWN" : {
            "QueueLength" : 0.0
          }
        },
        "averageProcessingTime" : "NaN",
        "networkCapacity" : {
          "interface-nodeC ( nodeC )" : {
            "DATARATE_TX" : 100.0,
            "DATARATE_RX" : 100.0
          }
        },
        "networkLoad" : {
          "interface-nodeC ( nodeC )" : { }
        },
        "networkDemand" : {
          "interface-nodeC ( nodeC )" : { }
        }
      },
      "nodeC_c04" : {
        "containerName" : {
          "name" : "nodeC_c04"
        },
        "timestamp" : 73981,
        "service" : {
          "group" : "com.bbn",
          "artifact" : "test-service2",
          "version" : "1"
        },
        "serviceStatus" : "RUNNING",
        "demandEstimationWindow" : "SHORT",
        "computeCapacity" : {
          "CPU" : 1.0,
          "TASK_CONTAINERS" : 1.0,
          "QueueLength" : 1000000.0
        },
        "computeLoad" : {
          "UNKNOWN" : {
            "QueueLength" : 0.0
          }
        },
        "computeDemand" : {
          "UNKNOWN" : {
            "QueueLength" : 0.0
          }
        },
        "averageProcessingTime" : "NaN",
        "networkCapacity" : {
          "interface-nodeC ( nodeC )" : {
            "DATARATE_TX" : 100.0,
            "DATARATE_RX" : 100.0
          }
        },
        "networkLoad" : {
          "interface-nodeC ( nodeC )" : { }
        },
        "networkDemand" : {
          "interface-nodeC ( nodeC )" : { }
        }
      }
    },
    "maximumServiceContainers" : 8,
    "allocatedServiceContainers" : 6,
    "computeDemand" : {
      "AppCoordinates {com.bbn, test-service3, 1}" : {
        "UNKNOWN" : {
          "QueueLength" : 8.75,
          "TASK_CONTAINERS" : 0.8749999999999999
        }
      },
      "AppCoordinates {com.bbn, test-service2, 1}" : {
        "UNKNOWN" : {
          "QueueLength" : 8.75,
          "TASK_CONTAINERS" : 0.8749999999999999
        }
      },
      "AppCoordinates {com.bbn, test-service1, 1}" : {
        "UNKNOWN" : {
          "QueueLength" : 8.75,
          "TASK_CONTAINERS" : 0.8749999999999999
        }
      }
    },
    "containerNetworkLoad" : {
      "interface-nodeC ( nodeC )" : {
        "(clientPoolJ, nodeC_c00, nodeC_c00)" : {
          "AppCoordinates {com.bbn, test-service1, 1}" : {
            "DATARATE_TX" : 0.04000000000000002,
            "DATARATE_RX" : 0.02000000000000001
          }
        },
        "(clientPoolL, nodeC_c02, nodeC_c02)" : {
          "AppCoordinates {com.bbn, test-service3, 1}" : {
            "DATARATE_TX" : 0.04000000000000002,
            "DATARATE_RX" : 0.02000000000000001
          }
        },
        "(clientPoolK, nodeC_c01, nodeC_c01)" : {
          "AppCoordinates {com.bbn, test-service2, 1}" : {
            "DATARATE_TX" : 0.04000000000000002,
            "DATARATE_RX" : 0.02000000000000001
          }
        },
        "(clientPoolK, nodeC_c00, nodeC_c00)" : {
          "AppCoordinates {com.bbn, test-service1, 1}" : {
            "DATARATE_TX" : 0.04000000000000002,
            "DATARATE_RX" : 0.02000000000000001
          }
        },
        "(clientPoolL, nodeC_c01, nodeC_c01)" : {
          "AppCoordinates {com.bbn, test-service2, 1}" : {
            "DATARATE_TX" : 0.04000000000000002,
            "DATARATE_RX" : 0.02000000000000001
          }
        },
        "(clientPoolL, nodeC_c00, nodeC_c00)" : {
          "AppCoordinates {com.bbn, test-service1, 1}" : {
            "DATARATE_TX" : 0.04000000000000002,
            "DATARATE_RX" : 0.02000000000000001
          }
        },
        "(clientPoolJ, nodeC_c02, nodeC_c02)" : {
          "AppCoordinates {com.bbn, test-service3, 1}" : {
            "DATARATE_TX" : 0.04000000000000002,
            "DATARATE_RX" : 0.02000000000000001
          }
        },
        "(clientPoolK, nodeC_c02, nodeC_c02)" : {
          "AppCoordinates {com.bbn, test-service3, 1}" : {
            "DATARATE_TX" : 0.04000000000000002,
            "DATARATE_RX" : 0.02000000000000001
          }
        },
        "(clientPoolJ, nodeC_c01, nodeC_c01)" : {
          "AppCoordinates {com.bbn, test-service2, 1}" : {
            "DATARATE_TX" : 0.04000000000000002,
            "DATARATE_RX" : 0.02000000000000001
          }
        }
      }
    },
    "containerNetworkDemand" : {
      "interface-nodeC ( nodeC )" : {
        "(clientPoolJ, nodeC_c00, nodeC_c00)" : {
          "AppCoordinates {com.bbn, test-service1, 1}" : {
            "DATARATE_TX" : 0.04000000000000003,
            "DATARATE_RX" : 0.020000000000000014
          }
        },
        "(clientPoolL, nodeC_c02, nodeC_c02)" : {
          "AppCoordinates {com.bbn, test-service3, 1}" : {
            "DATARATE_TX" : 0.04000000000000003,
            "DATARATE_RX" : 0.020000000000000014
          }
        },
        "(clientPoolK, nodeC_c01, nodeC_c01)" : {
          "AppCoordinates {com.bbn, test-service2, 1}" : {
            "DATARATE_TX" : 0.04000000000000003,
            "DATARATE_RX" : 0.020000000000000014
          }
        },
        "(clientPoolK, nodeC_c00, nodeC_c00)" : {
          "AppCoordinates {com.bbn, test-service1, 1}" : {
            "DATARATE_TX" : 0.04000000000000003,
            "DATARATE_RX" : 0.020000000000000014
          }
        },
        "(clientPoolL, nodeC_c01, nodeC_c01)" : {
          "AppCoordinates {com.bbn, test-service2, 1}" : {
            "DATARATE_TX" : 0.04000000000000003,
            "DATARATE_RX" : 0.020000000000000014
          }
        },
        "(clientPoolL, nodeC_c00, nodeC_c00)" : {
          "AppCoordinates {com.bbn, test-service1, 1}" : {
            "DATARATE_TX" : 0.04000000000000003,
            "DATARATE_RX" : 0.020000000000000014
          }
        },
        "(clientPoolJ, nodeC_c02, nodeC_c02)" : {
          "AppCoordinates {com.bbn, test-service3, 1}" : {
            "DATARATE_TX" : 0.04000000000000003,
            "DATARATE_RX" : 0.020000000000000014
          }
        },
        "(clientPoolK, nodeC_c02, nodeC_c02)" : {
          "AppCoordinates {com.bbn, test-service3, 1}" : {
            "DATARATE_TX" : 0.04000000000000003,
            "DATARATE_RX" : 0.020000000000000014
          }
        },
        "(clientPoolJ, nodeC_c01, nodeC_c01)" : {
          "AppCoordinates {com.bbn, test-service2, 1}" : {
            "DATARATE_TX" : 0.04000000000000003,
            "DATARATE_RX" : 0.020000000000000014
          }
        }
      }
    },
    "computeLoad" : {
      "AppCoordinates {com.bbn, test-service3, 1}" : {
        "UNKNOWN" : {
          "QueueLength" : 10.0,
          "TASK_CONTAINERS" : 0.9999999999999999
        }
      },
      "AppCoordinates {com.bbn, test-service2, 1}" : {
        "UNKNOWN" : {
          "QueueLength" : 10.0,
          "TASK_CONTAINERS" : 0.9999999999999999
        }
      },
      "AppCoordinates {com.bbn, test-service1, 1}" : {
        "UNKNOWN" : {
          "QueueLength" : 10.0,
          "TASK_CONTAINERS" : 0.9999999999999999
        }
      }
    },
    "availableServiceContainers" : 2,
    "averageProcessingTime" : { },
    "allocatedComputeCapacity" : {
      "CPU" : 6.0,
      "QueueLength" : 6000000.0,
      "TASK_CONTAINERS" : 6.0
    }
  } ]
}