809,2,DCOP_PLAN_PLUBLIED
818,2,DNS_UPDATE_SUCCEEDED
854,2,RLG_PLAN_PUBLISHED
1314,3,DNS_UPDATE_SUCCEEDED
225950,451,DCOP_PLAN_PLUBLIED
285856,571,DCOP_PLAN_PLUBLIED
288815,577,RLG_PLAN_PUBLISHED
289012,578,DNS_UPDATE_SUCCEEDED
345856,691,DCOP_PLAN_PLUBLIED
348821,697,RLG_PLAN_PUBLISHED
349107,698,DNS_UPDATE_SUCCEEDED
406270,812,DCOP_PLAN_PLUBLIED
408832,817,RLG_PLAN_PUBLISHED
409149,818,DNS_UPDATE_SUCCEEDED
466225,932,DCOP_PLAN_PLUBLIED
468835,937,RLG_PLAN_PUBLISHED
469511,938,DNS_UPDATE_SUCCEEDED
526274,1052,DCOP_PLAN_PLUBLIED
528838,1057,RLG_PLAN_PUBLISHED
529244,1058,DNS_UPDATE_SUCCEEDED
586219,1171,DCOP_PLAN_PLUBLIED
588844,1177,RLG_PLAN_PUBLISHED
589287,1178,DNS_UPDATE_SUCCEEDED
630007,1260,DNS_UPDATE_SUCCEEDED
