{
  "region" : {
    "name" : "B"
  },
  "timestamp" : 345895,
  "plan" : {
    "AppCoordinates {com.bbn, test-service3, 1}" : {
      "C" : 0.045001029677768874,
      "D" : 0.0,
      "E" : 0.8649969109666934,
      "B" : 0.09000205935553773
    },
    "AppCoordinates {com.bbn, test-service2, 1}" : {
      "C" : 0.0,
      "D" : 0.0,
      "E" : 1.0,
      "B" : 0.0
    },
    "AppCoordinates {com.bbn, test-service1, 1}" : {
      "C" : 0.0,
      "D" : 0.0,
      "E" : 1.0,
      "B" : 0.0
    }
  }
}