{
  "region" : {
    "name" : "F"
  },
  "minTimestamp" : 407987,
  "maxTimestamp" : 407987,
  "demandEstimationWindow" : "LONG",
  "serverCapacity" : {
    "DISK" : 10.0,
    "MEMORY" : 8.0E9,
    "CPU" : 4.0,
    "TASK_CONTAINERS" : 20.0
  },
  "serverLoad" : {
    "AppCoordinates {com.bbn, test-service3, 1}" : {
      "unknown" : {
        "QueueLength" : 45.0,
        "TASK_CONTAINERS" : 22.5
      }
    }
  },
  "serverDemand" : {
    "AppCoordinates {com.bbn, test-service3, 1}" : {
      "unknown" : {
        "QueueLength" : 27.011049723756905,
        "TASK_CONTAINERS" : 13.505524861878452
      }
    }
  },
  "serverAverageProcessingTimeCount" : {
    "AppCoordinates {com.bbn, test-service3, 1}" : 1
  },
  "serverAverageProcessingTimeSum" : {
    "AppCoordinates {com.bbn, test-service3, 1}" : 120000.0
  },
  "networkCapacity" : {
    "A" : {
      "DATARATE_RX" : 100.0,
      "DATARATE_TX" : 100.0
    },
    "B" : {
      "DATARATE_RX" : 100.0,
      "DATARATE_TX" : 100.0
    },
    "C" : {
      "DATARATE_RX" : 100.0,
      "DATARATE_TX" : 100.0
    },
    "D" : {
      "DATARATE_RX" : 100.0,
      "DATARATE_TX" : 100.0
    },
    "K" : {
      "DATARATE_RX" : 100.0,
      "DATARATE_TX" : 100.0
    },
    "L" : {
      "DATARATE_RX" : 100.0,
      "DATARATE_TX" : 100.0
    },
    "O" : {
      "DATARATE_RX" : 100.0,
      "DATARATE_TX" : 100.0
    }
  },
  "networkLoad" : {
    "A" : {
      "(F, E, E)" : {
        "AppCoordinates {com.bbn, test-service3, 1}" : {
          "DATARATE_TX" : 5.199999999999996E-4,
          "DATARATE_RX" : 2.599999999999998E-4
        },
        "AppCoordinates {com.bbn, test-service2, 1}" : {
          "DATARATE_TX" : 3.599999999999999E-5,
          "DATARATE_RX" : 1.7999999999999994E-5
        },
        "AppCoordinates {com.bbn, test-service1, 1}" : {
          "DATARATE_TX" : -3.8116482626443515E-20,
          "DATARATE_RX" : -1.9058241313221758E-20
        }
      },
      "(F, J, J)" : {
        "AppCoordinates {com.bbn, test-service3, 1}" : {
          "DATARATE_TX" : 6.0E-6,
          "DATARATE_RX" : 3.0E-6
        }
      },
      "(F, A, A)" : {
        "AppCoordinates {com.bbn, test-service3, 1}" : {
          "DATARATE_TX" : 8.999999999999994E-5,
          "DATARATE_RX" : 4.499999999999997E-5
        },
        "AppCoordinates {com.bbn, test-service2, 1}" : {
          "DATARATE_TX" : -7.623296525288703E-21,
          "DATARATE_RX" : -3.8116482626443515E-21
        }
      }
    },
    "B" : {
      "(F, B, B)" : {
        "AppCoordinates {com.bbn, test-service3, 1}" : {
          "DATARATE_TX" : 9.599999999999992E-5,
          "DATARATE_RX" : 4.799999999999996E-5
        },
        "AppCoordinates {com.bbn, test-service2, 1}" : {
          "DATARATE_TX" : -7.623296525288703E-21,
          "DATARATE_RX" : -3.8116482626443515E-21
        }
      }
    },
    "C" : {
      "(F, C, C)" : {
        "AppCoordinates {com.bbn, test-service3, 1}" : {
          "DATARATE_TX" : 9.99999999999999E-5,
          "DATARATE_RX" : 4.999999999999995E-5
        }
      }
    },
    "D" : {
      "(F, H, H)" : {
        "AppCoordinates {com.bbn, test-service3, 1}" : {
          "DATARATE_TX" : 8.0E-6,
          "DATARATE_RX" : 4.0E-6
        }
      },
      "(F, D, D)" : {
        "AppCoordinates {com.bbn, test-service3, 1}" : {
          "DATARATE_TX" : 8.799999999999997E-5,
          "DATARATE_RX" : 4.3999999999999985E-5
        }
      }
    },
    "K" : {
      "(F, K, K)" : {
        "AppCoordinates {com.bbn, test-service3, 1}" : {
          "DATARATE_TX" : 8.999999999999994E-5,
          "DATARATE_RX" : 4.499999999999997E-5
        },
        "AppCoordinates {com.bbn, test-service2, 1}" : {
          "DATARATE_TX" : -7.623296525288703E-21,
          "DATARATE_RX" : -3.8116482626443515E-21
        }
      }
    },
    "L" : {
      "(F, L, L)" : {
        "AppCoordinates {com.bbn, test-service3, 1}" : {
          "DATARATE_TX" : 9.199999999999993E-5,
          "DATARATE_RX" : 4.5999999999999966E-5
        },
        "AppCoordinates {com.bbn, test-service2, 1}" : {
          "DATARATE_TX" : -7.623296525288703E-21,
          "DATARATE_RX" : -3.8116482626443515E-21
        }
      }
    },
    "O" : {
      "(F, O, O)" : {
        "AppCoordinates {com.bbn, test-service3, 1}" : {
          "DATARATE_TX" : 1.3999999999999988E-5,
          "DATARATE_RX" : 6.999999999999994E-6
        }
      }
    }
  },
  "networkDemand" : {
    "A" : {
      "(F, E, E)" : {
        "AppCoordinates {com.bbn, test-service3, 1}" : {
          "DATARATE_TX" : 3.625425144830556E-4,
          "DATARATE_RX" : 1.812712572415278E-4
        },
        "AppCoordinates {com.bbn, test-service2, 1}" : {
          "DATARATE_TX" : 2.1846566815177944E-4,
          "DATARATE_RX" : 1.0923283407588972E-4
        },
        "AppCoordinates {com.bbn, test-service1, 1}" : {
          "DATARATE_TX" : 2.7659247815896006E-4,
          "DATARATE_RX" : 1.3829623907948003E-4
        }
      },
      "(F, J, J)" : {
        "AppCoordinates {com.bbn, test-service3, 1}" : {
          "DATARATE_TX" : 5.293785310734482E-6,
          "DATARATE_RX" : 2.646892655367241E-6
        }
      },
      "(F, A, A)" : {
        "AppCoordinates {com.bbn, test-service3, 1}" : {
          "DATARATE_TX" : 5.253739612188384E-5,
          "DATARATE_RX" : 2.626869806094192E-5
        },
        "AppCoordinates {com.bbn, test-service2, 1}" : {
          "DATARATE_TX" : -7.623296525288703E-21,
          "DATARATE_RX" : -3.8116482626443515E-21
        }
      }
    },
    "B" : {
      "(F, B, B)" : {
        "AppCoordinates {com.bbn, test-service3, 1}" : {
          "DATARATE_TX" : 5.927528089887646E-5,
          "DATARATE_RX" : 2.963764044943823E-5
        },
        "AppCoordinates {com.bbn, test-service2, 1}" : {
          "DATARATE_TX" : -7.623296525288703E-21,
          "DATARATE_RX" : -3.8116482626443515E-21
        }
      }
    },
    "C" : {
      "(F, C, C)" : {
        "AppCoordinates {com.bbn, test-service3, 1}" : {
          "DATARATE_TX" : 5.939612188365654E-5,
          "DATARATE_RX" : 2.969806094182827E-5
        }
      }
    },
    "D" : {
      "(F, H, H)" : {
        "AppCoordinates {com.bbn, test-service3, 1}" : {
          "DATARATE_TX" : 7.836909871244634E-6,
          "DATARATE_RX" : 3.918454935622317E-6
        }
      },
      "(F, D, D)" : {
        "AppCoordinates {com.bbn, test-service3, 1}" : {
          "DATARATE_TX" : 5.313019390581712E-5,
          "DATARATE_RX" : 2.656509695290856E-5
        }
      }
    },
    "K" : {
      "(F, K, K)" : {
        "AppCoordinates {com.bbn, test-service3, 1}" : {
          "DATARATE_TX" : 5.407865168539315E-5,
          "DATARATE_RX" : 2.7039325842696574E-5
        },
        "AppCoordinates {com.bbn, test-service2, 1}" : {
          "DATARATE_TX" : -7.623296525288703E-21,
          "DATARATE_RX" : -3.8116482626443515E-21
        }
      }
    },
    "L" : {
      "(F, L, L)" : {
        "AppCoordinates {com.bbn, test-service3, 1}" : {
          "DATARATE_TX" : 5.423033707865155E-5,
          "DATARATE_RX" : 2.7115168539325776E-5
        },
        "AppCoordinates {com.bbn, test-service2, 1}" : {
          "DATARATE_TX" : -7.623296525288703E-21,
          "DATARATE_RX" : -3.8116482626443515E-21
        }
      }
    },
    "O" : {
      "(F, O, O)" : {
        "AppCoordinates {com.bbn, test-service3, 1}" : {
          "DATARATE_TX" : 1.1202216066482006E-5,
          "DATARATE_RX" : 5.601108033241003E-6
        }
      }
    }
  },
  "maximumServiceContainers" : 20,
  "allocatedServiceContainers" : 1,
  "serverAverageProcessingTime" : {
    "AppCoordinates {com.bbn, test-service3, 1}" : 120000.0
  },
  "availableServiceContainers" : 19,
  "nullSummary" : false
}