{
  "nodeName" : {
    "name" : "nodeA"
  },
  "timestamp" : 194500,
  "demandEstimationWindow" : "LONG",
  "nodeComputeCapacity" : {
    "CPU" : 8.0,
    "MEMORY" : 1.6E10,
    "DISK" : 10.0,
    "TASK_CONTAINERS" : 8.0
  },
  "networkCapacity" : {
    "interface-nodeE ( nodeE )" : {
      "DATARATE_RX" : 100.0,
      "DATARATE_TX" : 100.0
    },
    "interface-nodeF ( nodeF )" : {
      "DATARATE_RX" : 100.0,
      "DATARATE_TX" : 100.0
    },
    "interface-nodeG ( nodeG )" : {
      "DATARATE_RX" : 100.0,
      "DATARATE_TX" : 100.0
    },
    "interface-nodeJ ( nodeJ )" : {
      "DATARATE_RX" : 100.0,
      "DATARATE_TX" : 100.0
    }
  },
  "networkLoad" : {
    "interface-nodeE ( nodeE )" : { },
    "interface-nodeF ( nodeF )" : {
      "(nodeA_c00, clientPoolO, nodeA_c00)" : {
        "AppCoordinates {com.bbn, test-service1, 1}" : {
          "DATARATE_TX" : -3.8116482626443515E-21,
          "DATARATE_RX" : -7.623296525288703E-21
        }
      },
      "(nodeA_c01, clientPoolO, nodeA_c01)" : {
        "AppCoordinates {com.bbn, test-service3, 1}" : {
          "DATARATE_TX" : 4.2351647362715017E-22,
          "DATARATE_RX" : 8.470329472543003E-22
        },
        "AppCoordinates {com.bbn, test-service2, 1}" : {
          "DATARATE_TX" : -3.8116482626443515E-21,
          "DATARATE_RX" : -7.623296525288703E-21
        }
      },
      "(nodeA_c00, clientPoolN, nodeA_c00)" : {
        "AppCoordinates {com.bbn, test-service1, 1}" : {
          "DATARATE_TX" : -3.8116482626443515E-21,
          "DATARATE_RX" : -7.623296525288703E-21
        }
      },
      "(nodeA_c02, clientPoolO, nodeA_c02)" : {
        "AppCoordinates {com.bbn, test-service3, 1}" : {
          "DATARATE_TX" : -3.8116482626443515E-21,
          "DATARATE_RX" : -7.623296525288703E-21
        }
      },
      "(nodeA_c01, clientPoolN, nodeA_c01)" : {
        "AppCoordinates {com.bbn, test-service3, 1}" : {
          "DATARATE_TX" : 4.2351647362715017E-22,
          "DATARATE_RX" : 8.470329472543003E-22
        },
        "AppCoordinates {com.bbn, test-service2, 1}" : {
          "DATARATE_TX" : -3.8116482626443515E-21,
          "DATARATE_RX" : -7.623296525288703E-21
        }
      },
      "(nodeA_c02, clientPoolN, nodeA_c02)" : {
        "AppCoordinates {com.bbn, test-service3, 1}" : {
          "DATARATE_TX" : -3.8116482626443515E-21,
          "DATARATE_RX" : -7.623296525288703E-21
        }
      },
      "(nodeA_c03, clientPoolO, nodeA_c03)" : {
        "AppCoordinates {com.bbn, test-service1, 1}" : {
          "DATARATE_TX" : 7.19999999999999E-5,
          "DATARATE_RX" : 1.439999999999998E-4
        }
      },
      "(nodeA_c04, clientPoolO, nodeA_c04)" : {
        "AppCoordinates {com.bbn, test-service3, 1}" : {
          "DATARATE_TX" : -3.8116482626443515E-21,
          "DATARATE_RX" : -7.623296525288703E-21
        }
      },
      "(nodeA_c03, clientPoolN, nodeA_c03)" : {
        "AppCoordinates {com.bbn, test-service1, 1}" : {
          "DATARATE_TX" : 6.79999999999999E-5,
          "DATARATE_RX" : 1.359999999999998E-4
        }
      },
      "(nodeA_c04, clientPoolN, nodeA_c04)" : {
        "AppCoordinates {com.bbn, test-service3, 1}" : {
          "DATARATE_TX" : -3.8116482626443515E-21,
          "DATARATE_RX" : -7.623296525288703E-21
        }
      },
      "(nodeA_c05, clientPoolO, nodeA_c05)" : {
        "AppCoordinates {com.bbn, test-service2, 1}" : {
          "DATARATE_TX" : -3.8116482626443515E-21,
          "DATARATE_RX" : -7.623296525288703E-21
        }
      },
      "(nodeA_c06, clientPoolO, nodeA_c06)" : {
        "AppCoordinates {com.bbn, test-service2, 1}" : {
          "DATARATE_TX" : 1.7E-5,
          "DATARATE_RX" : 3.4E-5
        }
      },
      "(nodeA_c05, clientPoolN, nodeA_c05)" : {
        "AppCoordinates {com.bbn, test-service2, 1}" : {
          "DATARATE_TX" : -3.8116482626443515E-21,
          "DATARATE_RX" : -7.623296525288703E-21
        }
      },
      "(nodeA_c07, clientPoolO, nodeA_c07)" : {
        "AppCoordinates {com.bbn, test-service2, 1}" : {
          "DATARATE_TX" : 1.2705494208814505E-21,
          "DATARATE_RX" : 2.541098841762901E-21
        },
        "AppCoordinates {com.bbn, test-service1, 1}" : {
          "DATARATE_TX" : 6.399999999999992E-5,
          "DATARATE_RX" : 1.2799999999999983E-4
        }
      },
      "(nodeA_c06, clientPoolN, nodeA_c06)" : {
        "AppCoordinates {com.bbn, test-service2, 1}" : {
          "DATARATE_TX" : 2.3000000000000003E-5,
          "DATARATE_RX" : 4.600000000000001E-5
        }
      },
      "(nodeA_c07, clientPoolN, nodeA_c07)" : {
        "AppCoordinates {com.bbn, test-service2, 1}" : {
          "DATARATE_TX" : 1.2705494208814505E-21,
          "DATARATE_RX" : 2.541098841762901E-21
        },
        "AppCoordinates {com.bbn, test-service1, 1}" : {
          "DATARATE_TX" : 6.299999999999992E-5,
          "DATARATE_RX" : 1.2599999999999984E-4
        }
      }
    },
    "interface-nodeG ( nodeG )" : {
      "(nodeA_c07, clientPoolG, nodeA_c07)" : {
        "AppCoordinates {com.bbn, test-service2, 1}" : {
          "DATARATE_TX" : 1.2705494208814505E-21,
          "DATARATE_RX" : 2.541098841762901E-21
        },
        "AppCoordinates {com.bbn, test-service1, 1}" : {
          "DATARATE_TX" : 7.299999999999989E-5,
          "DATARATE_RX" : 1.4599999999999978E-4
        }
      },
      "(nodeA_c00, clientPoolG, nodeA_c00)" : {
        "AppCoordinates {com.bbn, test-service1, 1}" : {
          "DATARATE_TX" : -3.8116482626443515E-21,
          "DATARATE_RX" : -7.623296525288703E-21
        }
      },
      "(nodeA_c01, clientPoolG, nodeA_c01)" : {
        "AppCoordinates {com.bbn, test-service3, 1}" : {
          "DATARATE_TX" : 7.49999999999999E-5,
          "DATARATE_RX" : 1.499999999999998E-4
        },
        "AppCoordinates {com.bbn, test-service2, 1}" : {
          "DATARATE_TX" : -3.8116482626443515E-21,
          "DATARATE_RX" : -7.623296525288703E-21
        }
      },
      "(nodeA_c02, clientPoolG, nodeA_c02)" : {
        "AppCoordinates {com.bbn, test-service3, 1}" : {
          "DATARATE_TX" : 8.799999999999986E-5,
          "DATARATE_RX" : 1.7599999999999972E-4
        }
      },
      "(nodeA_c03, clientPoolG, nodeA_c03)" : {
        "AppCoordinates {com.bbn, test-service1, 1}" : {
          "DATARATE_TX" : 7.399999999999989E-5,
          "DATARATE_RX" : 1.4799999999999978E-4
        }
      },
      "(nodeA_c04, clientPoolG, nodeA_c04)" : {
        "AppCoordinates {com.bbn, test-service3, 1}" : {
          "DATARATE_TX" : 7.699999999999989E-5,
          "DATARATE_RX" : 1.5399999999999979E-4
        }
      },
      "(nodeA_c05, clientPoolG, nodeA_c05)" : {
        "AppCoordinates {com.bbn, test-service2, 1}" : {
          "DATARATE_TX" : -3.8116482626443515E-21,
          "DATARATE_RX" : -7.623296525288703E-21
        }
      },
      "(nodeA_c06, clientPoolG, nodeA_c06)" : {
        "AppCoordinates {com.bbn, test-service2, 1}" : {
          "DATARATE_TX" : 1.6E-5,
          "DATARATE_RX" : 3.2E-5
        }
      }
    },
    "interface-nodeJ ( nodeJ )" : { }
  },
  "networkDemand" : {
    "interface-nodeE ( nodeE )" : { },
    "interface-nodeJ ( nodeJ )" : { },
    "interface-nodeG ( nodeG )" : {
      "(nodeA_c07, clientPoolG, nodeA_c07)" : {
        "AppCoordinates {com.bbn, test-service2, 1}" : {
          "DATARATE_TX" : 3.724137931034479E-6,
          "DATARATE_RX" : 7.448275862068958E-6
        },
        "AppCoordinates {com.bbn, test-service1, 1}" : {
          "DATARATE_TX" : 5.767464114832539E-5,
          "DATARATE_RX" : 1.1534928229665077E-4
        }
      },
      "(nodeA_c00, clientPoolG, nodeA_c00)" : {
        "AppCoordinates {com.bbn, test-service1, 1}" : {
          "DATARATE_TX" : 4.597568389057743E-5,
          "DATARATE_RX" : 9.195136778115486E-5
        }
      },
      "(nodeA_c01, clientPoolG, nodeA_c01)" : {
        "AppCoordinates {com.bbn, test-service3, 1}" : {
          "DATARATE_TX" : 8.102339181286557E-5,
          "DATARATE_RX" : 1.6204678362573114E-4
        },
        "AppCoordinates {com.bbn, test-service2, 1}" : {
          "DATARATE_TX" : 2.5647249190938528E-5,
          "DATARATE_RX" : 5.1294498381877055E-5
        }
      },
      "(nodeA_c02, clientPoolG, nodeA_c02)" : {
        "AppCoordinates {com.bbn, test-service3, 1}" : {
          "DATARATE_TX" : 7.141868512110728E-5,
          "DATARATE_RX" : 1.4283737024221456E-4
        }
      },
      "(nodeA_c03, clientPoolG, nodeA_c03)" : {
        "AppCoordinates {com.bbn, test-service1, 1}" : {
          "DATARATE_TX" : 5.5428124999999757E-5,
          "DATARATE_RX" : 1.1085624999999951E-4
        }
      },
      "(nodeA_c04, clientPoolG, nodeA_c04)" : {
        "AppCoordinates {com.bbn, test-service3, 1}" : {
          "DATARATE_TX" : 6.237132352941162E-5,
          "DATARATE_RX" : 1.2474264705882325E-4
        }
      },
      "(nodeA_c05, clientPoolG, nodeA_c05)" : {
        "AppCoordinates {com.bbn, test-service2, 1}" : {
          "DATARATE_TX" : 5.603973509933761E-5,
          "DATARATE_RX" : 1.1207947019867522E-4
        }
      },
      "(nodeA_c06, clientPoolG, nodeA_c06)" : {
        "AppCoordinates {com.bbn, test-service2, 1}" : {
          "DATARATE_TX" : 5.2624999999999985E-5,
          "DATARATE_RX" : 1.0524999999999997E-4
        }
      }
    },
    "interface-nodeF ( nodeF )" : {
      "(nodeA_c00, clientPoolO, nodeA_c00)" : {
        "AppCoordinates {com.bbn, test-service1, 1}" : {
          "DATARATE_TX" : 4.74316109422492E-5,
          "DATARATE_RX" : 9.48632218844984E-5
        }
      },
      "(nodeA_c00, clientPoolN, nodeA_c00)" : {
        "AppCoordinates {com.bbn, test-service1, 1}" : {
          "DATARATE_TX" : 5.2525835866261436E-5,
          "DATARATE_RX" : 1.0505167173252287E-4
        }
      },
      "(nodeA_c01, clientPoolO, nodeA_c01)" : {
        "AppCoordinates {com.bbn, test-service3, 1}" : {
          "DATARATE_TX" : 2.8070175438596438E-6,
          "DATARATE_RX" : 5.6140350877192875E-6
        },
        "AppCoordinates {com.bbn, test-service2, 1}" : {
          "DATARATE_TX" : 2.6414239482200545E-5,
          "DATARATE_RX" : 5.282847896440109E-5
        }
      },
      "(nodeA_c01, clientPoolN, nodeA_c01)" : {
        "AppCoordinates {com.bbn, test-service3, 1}" : {
          "DATARATE_TX" : 2.8070175438596438E-6,
          "DATARATE_RX" : 5.6140350877192875E-6
        },
        "AppCoordinates {com.bbn, test-service2, 1}" : {
          "DATARATE_TX" : 2.5637540453074446E-5,
          "DATARATE_RX" : 5.127508090614889E-5
        }
      },
      "(nodeA_c02, clientPoolO, nodeA_c02)" : {
        "AppCoordinates {com.bbn, test-service3, 1}" : {
          "DATARATE_TX" : 2.824913494809678E-5,
          "DATARATE_RX" : 5.649826989619356E-5
        }
      },
      "(nodeA_c03, clientPoolO, nodeA_c03)" : {
        "AppCoordinates {com.bbn, test-service1, 1}" : {
          "DATARATE_TX" : 6.11249999999997E-5,
          "DATARATE_RX" : 1.222499999999994E-4
        }
      },
      "(nodeA_c02, clientPoolN, nodeA_c02)" : {
        "AppCoordinates {com.bbn, test-service3, 1}" : {
          "DATARATE_TX" : 2.7006920415224894E-5,
          "DATARATE_RX" : 5.401384083044979E-5
        }
      },
      "(nodeA_c03, clientPoolN, nodeA_c03)" : {
        "AppCoordinates {com.bbn, test-service1, 1}" : {
          "DATARATE_TX" : 5.3462500000000046E-5,
          "DATARATE_RX" : 1.0692500000000009E-4
        }
      },
      "(nodeA_c04, clientPoolO, nodeA_c04)" : {
        "AppCoordinates {com.bbn, test-service3, 1}" : {
          "DATARATE_TX" : 1.941544117647053E-5,
          "DATARATE_RX" : 3.883088235294106E-5
        }
      },
      "(nodeA_c05, clientPoolO, nodeA_c05)" : {
        "AppCoordinates {com.bbn, test-service2, 1}" : {
          "DATARATE_TX" : 5.446357615894025E-5,
          "DATARATE_RX" : 1.089271523178805E-4
        }
      },
      "(nodeA_c04, clientPoolN, nodeA_c04)" : {
        "AppCoordinates {com.bbn, test-service3, 1}" : {
          "DATARATE_TX" : 2.3823529411764758E-5,
          "DATARATE_RX" : 4.7647058823529516E-5
        }
      },
      "(nodeA_c05, clientPoolN, nodeA_c05)" : {
        "AppCoordinates {com.bbn, test-service2, 1}" : {
          "DATARATE_TX" : 4.848675496688716E-5,
          "DATARATE_RX" : 9.697350993377432E-5
        }
      },
      "(nodeA_c06, clientPoolO, nodeA_c06)" : {
        "AppCoordinates {com.bbn, test-service2, 1}" : {
          "DATARATE_TX" : 5.334797297297276E-5,
          "DATARATE_RX" : 1.0669594594594552E-4
        }
      },
      "(nodeA_c06, clientPoolN, nodeA_c06)" : {
        "AppCoordinates {com.bbn, test-service2, 1}" : {
          "DATARATE_TX" : 5.0277027027027E-5,
          "DATARATE_RX" : 1.00554054054054E-4
        }
      },
      "(nodeA_c07, clientPoolO, nodeA_c07)" : {
        "AppCoordinates {com.bbn, test-service2, 1}" : {
          "DATARATE_TX" : 4.137931034482768E-6,
          "DATARATE_RX" : 8.275862068965535E-6
        },
        "AppCoordinates {com.bbn, test-service1, 1}" : {
          "DATARATE_TX" : 5.486602870813379E-5,
          "DATARATE_RX" : 1.0973205741626758E-4
        }
      },
      "(nodeA_c07, clientPoolN, nodeA_c07)" : {
        "AppCoordinates {com.bbn, test-service2, 1}" : {
          "DATARATE_TX" : 4.548275862068966E-6,
          "DATARATE_RX" : 9.096551724137933E-6
        },
        "AppCoordinates {com.bbn, test-service1, 1}" : {
          "DATARATE_TX" : 5.003349282296657E-5,
          "DATARATE_RX" : 1.0006698564593314E-4
        }
      }
    }
  },
  "containerReports" : {
    "nodeA_c03" : {
      "containerName" : {
        "name" : "nodeA_c03"
      },
      "timestamp" : 194501,
      "service" : {
        "group" : "com.bbn",
        "artifact" : "test-service1",
        "version" : "1"
      },
      "serviceStatus" : "RUNNING",
      "demandEstimationWindow" : "LONG",
      "computeCapacity" : {
        "CPU" : 1.0,
        "TASK_CONTAINERS" : 100.0,
        "QueueLength" : 1000000.0
      },
      "computeLoad" : {
        "UNKNOWN" : {
          "QueueLength" : 200.0,
          "TASK_CONTAINERS" : 100.0
        }
      },
      "computeDemand" : {
        "UNKNOWN" : {
          "QueueLength" : 173.41463414634146,
          "TASK_CONTAINERS" : 91.15384615384616
        }
      },
      "averageProcessingTime" : "NaN",
      "networkCapacity" : {
        "interface-nodeA ( nodeA )" : {
          "DATARATE_TX" : 100.0,
          "DATARATE_RX" : 100.0
        }
      },
      "networkLoad" : {
        "interface-nodeA ( nodeA )" : {
          "(clientPoolG, nodeA_c03, nodeA_c03)" : {
            "AppCoordinates {com.bbn, test-service1, 1}" : {
              "DATARATE_TX" : 1.759999999999997E-4,
              "DATARATE_RX" : 8.799999999999985E-5
            }
          },
          "(clientPoolN, nodeA_c03, nodeA_c03)" : {
            "AppCoordinates {com.bbn, test-service1, 1}" : {
              "DATARATE_TX" : 1.6999999999999971E-4,
              "DATARATE_RX" : 8.499999999999986E-5
            }
          },
          "(clientPoolO, nodeA_c03, nodeA_c03)" : {
            "AppCoordinates {com.bbn, test-service1, 1}" : {
              "DATARATE_TX" : 1.739999999999997E-4,
              "DATARATE_RX" : 8.699999999999985E-5
            }
          }
        }
      },
      "networkDemand" : {
        "interface-nodeA ( nodeA )" : {
          "(clientPoolG, nodeA_c03, nodeA_c03)" : {
            "AppCoordinates {com.bbn, test-service1, 1}" : {
              "DATARATE_TX" : 1.6136842105263132E-4,
              "DATARATE_RX" : 8.068421052631566E-5
            }
          },
          "(clientPoolN, nodeA_c03, nodeA_c03)" : {
            "AppCoordinates {com.bbn, test-service1, 1}" : {
              "DATARATE_TX" : 1.5542105263157874E-4,
              "DATARATE_RX" : 7.771052631578937E-5
            }
          },
          "(clientPoolO, nodeA_c03, nodeA_c03)" : {
            "AppCoordinates {com.bbn, test-service1, 1}" : {
              "DATARATE_TX" : 1.5899999999999974E-4,
              "DATARATE_RX" : 7.949999999999987E-5
            }
          }
        }
      }
    },
    "nodeA_c04" : {
      "containerName" : {
        "name" : "nodeA_c04"
      },
      "timestamp" : 194501,
      "service" : {
        "group" : "com.bbn",
        "artifact" : "test-service3",
        "version" : "1"
      },
      "serviceStatus" : "RUNNING",
      "demandEstimationWindow" : "LONG",
      "computeCapacity" : {
        "CPU" : 1.0,
        "TASK_CONTAINERS" : 100.0,
        "QueueLength" : 1000000.0
      },
      "computeLoad" : {
        "UNKNOWN" : {
          "QueueLength" : 77.0,
          "TASK_CONTAINERS" : 38.5
        }
      },
      "computeDemand" : {
        "UNKNOWN" : {
          "QueueLength" : 104.43636363636364,
          "TASK_CONTAINERS" : 52.6007326007326
        }
      },
      "averageProcessingTime" : 120000.0,
      "networkCapacity" : {
        "interface-nodeA ( nodeA )" : {
          "DATARATE_TX" : 100.0,
          "DATARATE_RX" : 100.0
        }
      },
      "networkLoad" : {
        "interface-nodeA ( nodeA )" : {
          "(clientPoolN, nodeA_c04, nodeA_c04)" : {
            "AppCoordinates {com.bbn, test-service3, 1}" : {
              "DATARATE_TX" : -7.623296525288703E-21,
              "DATARATE_RX" : -3.8116482626443515E-21
            }
          },
          "(clientPoolO, nodeA_c04, nodeA_c04)" : {
            "AppCoordinates {com.bbn, test-service3, 1}" : {
              "DATARATE_TX" : -7.623296525288703E-21,
              "DATARATE_RX" : -3.8116482626443515E-21
            }
          },
          "(clientPoolG, nodeA_c04, nodeA_c04)" : {
            "AppCoordinates {com.bbn, test-service3, 1}" : {
              "DATARATE_TX" : 1.5399999999999979E-4,
              "DATARATE_RX" : 7.699999999999989E-5
            }
          }
        }
      },
      "networkDemand" : {
        "interface-nodeA ( nodeA )" : {
          "(clientPoolN, nodeA_c04, nodeA_c04)" : {
            "AppCoordinates {com.bbn, test-service3, 1}" : {
              "DATARATE_TX" : 4.7647058823529516E-5,
              "DATARATE_RX" : 2.3823529411764758E-5
            }
          },
          "(clientPoolO, nodeA_c04, nodeA_c04)" : {
            "AppCoordinates {com.bbn, test-service3, 1}" : {
              "DATARATE_TX" : 3.881617647058812E-5,
              "DATARATE_RX" : 1.940808823529406E-5
            }
          },
          "(clientPoolG, nodeA_c04, nodeA_c04)" : {
            "AppCoordinates {com.bbn, test-service3, 1}" : {
              "DATARATE_TX" : 1.388382352941172E-4,
              "DATARATE_RX" : 6.94191176470586E-5
            }
          }
        }
      }
    },
    "nodeA_c01" : {
      "containerName" : {
        "name" : "nodeA_c01"
      },
      "timestamp" : 194503,
      "service" : {
        "group" : "com.bbn",
        "artifact" : "test-service3",
        "version" : "1"
      },
      "serviceStatus" : "RUNNING",
      "demandEstimationWindow" : "LONG",
      "computeCapacity" : {
        "CPU" : 1.0,
        "TASK_CONTAINERS" : 100.0,
        "QueueLength" : 1000000.0
      },
      "computeLoad" : {
        "UNKNOWN" : {
          "QueueLength" : 75.0,
          "TASK_CONTAINERS" : 37.5
        }
      },
      "computeDemand" : {
        "UNKNOWN" : {
          "QueueLength" : 57.6420233463035,
          "TASK_CONTAINERS" : 43.06395348837209
        }
      },
      "averageProcessingTime" : 120000.0,
      "networkCapacity" : {
        "interface-nodeA ( nodeA )" : {
          "DATARATE_TX" : 100.0,
          "DATARATE_RX" : 100.0
        }
      },
      "networkLoad" : {
        "interface-nodeA ( nodeA )" : {
          "(clientPoolG, nodeA_c01, nodeA_c01)" : {
            "AppCoordinates {com.bbn, test-service3, 1}" : {
              "DATARATE_TX" : 1.499999999999998E-4,
              "DATARATE_RX" : 7.49999999999999E-5
            }
          },
          "(clientPoolN, nodeA_c01, nodeA_c01)" : {
            "AppCoordinates {com.bbn, test-service3, 1}" : {
              "DATARATE_TX" : 8.470329472543003E-22,
              "DATARATE_RX" : 4.2351647362715017E-22
            }
          },
          "(clientPoolO, nodeA_c01, nodeA_c01)" : {
            "AppCoordinates {com.bbn, test-service3, 1}" : {
              "DATARATE_TX" : 8.470329472543003E-22,
              "DATARATE_RX" : 4.2351647362715017E-22
            }
          }
        }
      },
      "networkDemand" : {
        "interface-nodeA ( nodeA )" : {
          "(clientPoolG, nodeA_c01, nodeA_c01)" : {
            "AppCoordinates {com.bbn, test-service3, 1}" : {
              "DATARATE_TX" : 1.6203508771929837E-4,
              "DATARATE_RX" : 8.101754385964918E-5
            }
          },
          "(clientPoolN, nodeA_c01, nodeA_c01)" : {
            "AppCoordinates {com.bbn, test-service3, 1}" : {
              "DATARATE_TX" : 5.6140350877192875E-6,
              "DATARATE_RX" : 2.8070175438596438E-6
            }
          },
          "(clientPoolO, nodeA_c01, nodeA_c01)" : {
            "AppCoordinates {com.bbn, test-service3, 1}" : {
              "DATARATE_TX" : 5.6140350877192875E-6,
              "DATARATE_RX" : 2.8070175438596438E-6
            }
          }
        }
      }
    },
    "nodeA_c02" : {
      "containerName" : {
        "name" : "nodeA_c02"
      },
      "timestamp" : 194504,
      "service" : {
        "group" : "com.bbn",
        "artifact" : "test-service3",
        "version" : "1"
      },
      "serviceStatus" : "RUNNING",
      "demandEstimationWindow" : "LONG",
      "computeCapacity" : {
        "CPU" : 1.0,
        "TASK_CONTAINERS" : 100.0,
        "QueueLength" : 1000000.0
      },
      "computeLoad" : {
        "UNKNOWN" : {
          "QueueLength" : 88.0,
          "TASK_CONTAINERS" : 44.0
        }
      },
      "computeDemand" : {
        "UNKNOWN" : {
          "QueueLength" : 101.3573407202216,
          "TASK_CONTAINERS" : 63.08620689655172
        }
      },
      "averageProcessingTime" : 120000.0,
      "networkCapacity" : {
        "interface-nodeA ( nodeA )" : {
          "DATARATE_TX" : 100.0,
          "DATARATE_RX" : 100.0
        }
      },
      "networkLoad" : {
        "interface-nodeA ( nodeA )" : {
          "(clientPoolG, nodeA_c02, nodeA_c02)" : {
            "AppCoordinates {com.bbn, test-service3, 1}" : {
              "DATARATE_TX" : 1.7599999999999978E-4,
              "DATARATE_RX" : 8.799999999999989E-5
            }
          },
          "(clientPoolN, nodeA_c02, nodeA_c02)" : {
            "AppCoordinates {com.bbn, test-service3, 1}" : {
              "DATARATE_TX" : 7.369186641112413E-20,
              "DATARATE_RX" : 3.6845933205562065E-20
            }
          },
          "(clientPoolO, nodeA_c02, nodeA_c02)" : {
            "AppCoordinates {com.bbn, test-service3, 1}" : {
              "DATARATE_TX" : 7.369186641112413E-20,
              "DATARATE_RX" : 3.6845933205562065E-20
            }
          }
        }
      },
      "networkDemand" : {
        "interface-nodeA ( nodeA )" : {
          "(clientPoolG, nodeA_c02, nodeA_c02)" : {
            "AppCoordinates {com.bbn, test-service3, 1}" : {
              "DATARATE_TX" : 3.9438754325259607E-4,
              "DATARATE_RX" : 1.9719377162629803E-4
            }
          },
          "(clientPoolN, nodeA_c02, nodeA_c02)" : {
            "AppCoordinates {com.bbn, test-service3, 1}" : {
              "DATARATE_TX" : 2.955847750865065E-4,
              "DATARATE_RX" : 1.4779238754325324E-4
            }
          },
          "(clientPoolO, nodeA_c02, nodeA_c02)" : {
            "AppCoordinates {com.bbn, test-service3, 1}" : {
              "DATARATE_TX" : 3.0639446366782195E-4,
              "DATARATE_RX" : 1.5319723183391097E-4
            }
          }
        }
      }
    },
    "nodeA_c00" : {
      "containerName" : {
        "name" : "nodeA_c00"
      },
      "timestamp" : 194506,
      "service" : {
        "group" : "com.bbn",
        "artifact" : "test-service3",
        "version" : "1"
      },
      "serviceStatus" : "RUNNING",
      "demandEstimationWindow" : "LONG",
      "computeCapacity" : {
        "CPU" : 1.0,
        "TASK_CONTAINERS" : 100.0,
        "QueueLength" : 1000000.0
      },
      "computeLoad" : {
        "UNKNOWN" : {
          "QueueLength" : 0.0
        }
      },
      "computeDemand" : {
        "UNKNOWN" : {
          "QueueLength" : 0.0
        }
      },
      "averageProcessingTime" : "NaN",
      "networkCapacity" : {
        "interface-nodeA ( nodeA )" : {
          "DATARATE_TX" : 100.0,
          "DATARATE_RX" : 100.0
        }
      },
      "networkLoad" : {
        "interface-nodeA ( nodeA )" : { }
      },
      "networkDemand" : {
        "interface-nodeA ( nodeA )" : { }
      }
    },
    "nodeA_c07" : {
      "containerName" : {
        "name" : "nodeA_c07"
      },
      "timestamp" : 194507,
      "service" : {
        "group" : "com.bbn",
        "artifact" : "test-service1",
        "version" : "1"
      },
      "serviceStatus" : "RUNNING",
      "demandEstimationWindow" : "LONG",
      "computeCapacity" : {
        "CPU" : 1.0,
        "TASK_CONTAINERS" : 100.0,
        "QueueLength" : 1000000.0
      },
      "computeLoad" : {
        "UNKNOWN" : {
          "QueueLength" : 200.0,
          "TASK_CONTAINERS" : 100.0
        }
      },
      "computeDemand" : {
        "UNKNOWN" : {
          "QueueLength" : 132.1400778210117,
          "TASK_CONTAINERS" : 80.85714285714286
        }
      },
      "averageProcessingTime" : 120000.0,
      "networkCapacity" : {
        "interface-nodeA ( nodeA )" : {
          "DATARATE_TX" : 100.0,
          "DATARATE_RX" : 100.0
        }
      },
      "networkLoad" : {
        "interface-nodeA ( nodeA )" : {
          "(clientPoolN, nodeA_c07, nodeA_c07)" : {
            "AppCoordinates {com.bbn, test-service1, 1}" : {
              "DATARATE_TX" : 6.220000000000021E-4,
              "DATARATE_RX" : 3.1100000000000105E-4
            }
          },
          "(clientPoolO, nodeA_c07, nodeA_c07)" : {
            "AppCoordinates {com.bbn, test-service1, 1}" : {
              "DATARATE_TX" : 6.16000000000002E-4,
              "DATARATE_RX" : 3.08000000000001E-4
            }
          },
          "(clientPoolG, nodeA_c07, nodeA_c07)" : {
            "AppCoordinates {com.bbn, test-service1, 1}" : {
              "DATARATE_TX" : 6.120000000000019E-4,
              "DATARATE_RX" : 3.0600000000000093E-4
            }
          }
        }
      },
      "networkDemand" : {
        "interface-nodeA ( nodeA )" : {
          "(clientPoolN, nodeA_c07, nodeA_c07)" : {
            "AppCoordinates {com.bbn, test-service1, 1}" : {
              "DATARATE_TX" : 2.773588516746408E-4,
              "DATARATE_RX" : 1.386794258373204E-4
            }
          },
          "(clientPoolO, nodeA_c07, nodeA_c07)" : {
            "AppCoordinates {com.bbn, test-service1, 1}" : {
              "DATARATE_TX" : 2.8916746411483256E-4,
              "DATARATE_RX" : 1.4458373205741628E-4
            }
          },
          "(clientPoolG, nodeA_c07, nodeA_c07)" : {
            "AppCoordinates {com.bbn, test-service1, 1}" : {
              "DATARATE_TX" : 2.754258373205742E-4,
              "DATARATE_RX" : 1.377129186602871E-4
            }
          }
        }
      }
    },
    "nodeA_c05" : {
      "containerName" : {
        "name" : "nodeA_c05"
      },
      "timestamp" : 194509,
      "service" : {
        "group" : "com.bbn",
        "artifact" : "test-service1",
        "version" : "1"
      },
      "serviceStatus" : "RUNNING",
      "demandEstimationWindow" : "LONG",
      "computeCapacity" : {
        "CPU" : 1.0,
        "TASK_CONTAINERS" : 100.0,
        "QueueLength" : 1000000.0
      },
      "computeLoad" : {
        "UNKNOWN" : {
          "QueueLength" : 0.0
        }
      },
      "computeDemand" : {
        "UNKNOWN" : {
          "QueueLength" : 0.0
        }
      },
      "averageProcessingTime" : "NaN",
      "networkCapacity" : {
        "interface-nodeA ( nodeA )" : {
          "DATARATE_TX" : 100.0,
          "DATARATE_RX" : 100.0
        }
      },
      "networkLoad" : {
        "interface-nodeA ( nodeA )" : { }
      },
      "networkDemand" : {
        "interface-nodeA ( nodeA )" : { }
      }
    },
    "nodeA_c06" : {
      "containerName" : {
        "name" : "nodeA_c06"
      },
      "timestamp" : 194509,
      "service" : {
        "group" : "com.bbn",
        "artifact" : "test-service2",
        "version" : "1"
      },
      "serviceStatus" : "RUNNING",
      "demandEstimationWindow" : "LONG",
      "computeCapacity" : {
        "CPU" : 1.0,
        "TASK_CONTAINERS" : 100.0,
        "QueueLength" : 1000000.0
      },
      "computeLoad" : {
        "UNKNOWN" : {
          "QueueLength" : 56.0,
          "TASK_CONTAINERS" : 28.0
        }
      },
      "computeDemand" : {
        "UNKNOWN" : {
          "QueueLength" : 154.63545150501673,
          "TASK_CONTAINERS" : 77.83838383838383
        }
      },
      "averageProcessingTime" : 120000.0,
      "networkCapacity" : {
        "interface-nodeA ( nodeA )" : {
          "DATARATE_TX" : 100.0,
          "DATARATE_RX" : 100.0
        }
      },
      "networkLoad" : {
        "interface-nodeA ( nodeA )" : {
          "(clientPoolN, nodeA_c06, nodeA_c06)" : {
            "AppCoordinates {com.bbn, test-service2, 1}" : {
              "DATARATE_TX" : 3.9399999999999917E-4,
              "DATARATE_RX" : 1.9699999999999958E-4
            }
          },
          "(clientPoolO, nodeA_c06, nodeA_c06)" : {
            "AppCoordinates {com.bbn, test-service2, 1}" : {
              "DATARATE_TX" : 3.559999999999993E-4,
              "DATARATE_RX" : 1.7799999999999964E-4
            }
          },
          "(clientPoolG, nodeA_c06, nodeA_c06)" : {
            "AppCoordinates {com.bbn, test-service2, 1}" : {
              "DATARATE_TX" : 3.839999999999992E-4,
              "DATARATE_RX" : 1.919999999999996E-4
            }
          }
        }
      },
      "networkDemand" : {
        "interface-nodeA ( nodeA )" : {
          "(clientPoolN, nodeA_c06, nodeA_c06)" : {
            "AppCoordinates {com.bbn, test-service2, 1}" : {
              "DATARATE_TX" : 3.1748648648648723E-4,
              "DATARATE_RX" : 1.5874324324324362E-4
            }
          },
          "(clientPoolO, nodeA_c06, nodeA_c06)" : {
            "AppCoordinates {com.bbn, test-service2, 1}" : {
              "DATARATE_TX" : 3.2393243243243304E-4,
              "DATARATE_RX" : 1.6196621621621652E-4
            }
          },
          "(clientPoolG, nodeA_c06, nodeA_c06)" : {
            "AppCoordinates {com.bbn, test-service2, 1}" : {
              "DATARATE_TX" : 3.2206081081081133E-4,
              "DATARATE_RX" : 1.6103040540540567E-4
            }
          }
        }
      }
    }
  },
  "maximumServiceContainers" : 8,
  "allocatedServiceContainers" : 8,
  "computeDemand" : {
    "AppCoordinates {com.bbn, test-service3, 1}" : {
      "UNKNOWN" : {
        "QueueLength" : 263.43572770288876,
        "TASK_CONTAINERS" : 158.7508929856564
      }
    },
    "AppCoordinates {com.bbn, test-service2, 1}" : {
      "UNKNOWN" : {
        "QueueLength" : 154.63545150501673,
        "TASK_CONTAINERS" : 77.83838383838383
      }
    },
    "AppCoordinates {com.bbn, test-service1, 1}" : {
      "UNKNOWN" : {
        "QueueLength" : 305.5547119673531,
        "TASK_CONTAINERS" : 172.01098901098902
      }
    }
  },
  "containerNetworkLoad" : {
    "interface-nodeA ( nodeA )" : {
      "(clientPoolG, nodeA_c03, nodeA_c03)" : {
        "AppCoordinates {com.bbn, test-service1, 1}" : {
          "DATARATE_TX" : 1.759999999999997E-4,
          "DATARATE_RX" : 8.799999999999985E-5
        }
      },
      "(clientPoolG, nodeA_c02, nodeA_c02)" : {
        "AppCoordinates {com.bbn, test-service3, 1}" : {
          "DATARATE_TX" : 1.7599999999999978E-4,
          "DATARATE_RX" : 8.799999999999989E-5
        }
      },
      "(clientPoolG, nodeA_c01, nodeA_c01)" : {
        "AppCoordinates {com.bbn, test-service3, 1}" : {
          "DATARATE_TX" : 1.499999999999998E-4,
          "DATARATE_RX" : 7.49999999999999E-5
        }
      },
      "(clientPoolN, nodeA_c07, nodeA_c07)" : {
        "AppCoordinates {com.bbn, test-service1, 1}" : {
          "DATARATE_TX" : 6.220000000000021E-4,
          "DATARATE_RX" : 3.1100000000000105E-4
        }
      },
      "(clientPoolN, nodeA_c06, nodeA_c06)" : {
        "AppCoordinates {com.bbn, test-service2, 1}" : {
          "DATARATE_TX" : 3.9399999999999917E-4,
          "DATARATE_RX" : 1.9699999999999958E-4
        }
      },
      "(clientPoolO, nodeA_c07, nodeA_c07)" : {
        "AppCoordinates {com.bbn, test-service1, 1}" : {
          "DATARATE_TX" : 6.16000000000002E-4,
          "DATARATE_RX" : 3.08000000000001E-4
        }
      },
      "(clientPoolO, nodeA_c06, nodeA_c06)" : {
        "AppCoordinates {com.bbn, test-service2, 1}" : {
          "DATARATE_TX" : 3.559999999999993E-4,
          "DATARATE_RX" : 1.7799999999999964E-4
        }
      },
      "(clientPoolN, nodeA_c04, nodeA_c04)" : {
        "AppCoordinates {com.bbn, test-service3, 1}" : {
          "DATARATE_TX" : -7.623296525288703E-21,
          "DATARATE_RX" : -3.8116482626443515E-21
        }
      },
      "(clientPoolO, nodeA_c04, nodeA_c04)" : {
        "AppCoordinates {com.bbn, test-service3, 1}" : {
          "DATARATE_TX" : -7.623296525288703E-21,
          "DATARATE_RX" : -3.8116482626443515E-21
        }
      },
      "(clientPoolN, nodeA_c03, nodeA_c03)" : {
        "AppCoordinates {com.bbn, test-service1, 1}" : {
          "DATARATE_TX" : 1.6999999999999971E-4,
          "DATARATE_RX" : 8.499999999999986E-5
        }
      },
      "(clientPoolG, nodeA_c07, nodeA_c07)" : {
        "AppCoordinates {com.bbn, test-service1, 1}" : {
          "DATARATE_TX" : 6.120000000000019E-4,
          "DATARATE_RX" : 3.0600000000000093E-4
        }
      },
      "(clientPoolG, nodeA_c06, nodeA_c06)" : {
        "AppCoordinates {com.bbn, test-service2, 1}" : {
          "DATARATE_TX" : 3.839999999999992E-4,
          "DATARATE_RX" : 1.919999999999996E-4
        }
      },
      "(clientPoolG, nodeA_c04, nodeA_c04)" : {
        "AppCoordinates {com.bbn, test-service3, 1}" : {
          "DATARATE_TX" : 1.5399999999999979E-4,
          "DATARATE_RX" : 7.699999999999989E-5
        }
      },
      "(clientPoolN, nodeA_c02, nodeA_c02)" : {
        "AppCoordinates {com.bbn, test-service3, 1}" : {
          "DATARATE_TX" : 7.369186641112413E-20,
          "DATARATE_RX" : 3.6845933205562065E-20
        }
      },
      "(clientPoolO, nodeA_c03, nodeA_c03)" : {
        "AppCoordinates {com.bbn, test-service1, 1}" : {
          "DATARATE_TX" : 1.739999999999997E-4,
          "DATARATE_RX" : 8.699999999999985E-5
        }
      },
      "(clientPoolO, nodeA_c02, nodeA_c02)" : {
        "AppCoordinates {com.bbn, test-service3, 1}" : {
          "DATARATE_TX" : 7.369186641112413E-20,
          "DATARATE_RX" : 3.6845933205562065E-20
        }
      },
      "(clientPoolN, nodeA_c01, nodeA_c01)" : {
        "AppCoordinates {com.bbn, test-service3, 1}" : {
          "DATARATE_TX" : 8.470329472543003E-22,
          "DATARATE_RX" : 4.2351647362715017E-22
        }
      },
      "(clientPoolO, nodeA_c01, nodeA_c01)" : {
        "AppCoordinates {com.bbn, test-service3, 1}" : {
          "DATARATE_TX" : 8.470329472543003E-22,
          "DATARATE_RX" : 4.2351647362715017E-22
        }
      }
    }
  },
  "containerNetworkDemand" : {
    "interface-nodeA ( nodeA )" : {
      "(clientPoolG, nodeA_c03, nodeA_c03)" : {
        "AppCoordinates {com.bbn, test-service1, 1}" : {
          "DATARATE_TX" : 1.6136842105263132E-4,
          "DATARATE_RX" : 8.068421052631566E-5
        }
      },
      "(clientPoolG, nodeA_c02, nodeA_c02)" : {
        "AppCoordinates {com.bbn, test-service3, 1}" : {
          "DATARATE_TX" : 3.9438754325259607E-4,
          "DATARATE_RX" : 1.9719377162629803E-4
        }
      },
      "(clientPoolG, nodeA_c01, nodeA_c01)" : {
        "AppCoordinates {com.bbn, test-service3, 1}" : {
          "DATARATE_TX" : 1.6203508771929837E-4,
          "DATARATE_RX" : 8.101754385964918E-5
        }
      },
      "(clientPoolN, nodeA_c07, nodeA_c07)" : {
        "AppCoordinates {com.bbn, test-service1, 1}" : {
          "DATARATE_TX" : 2.773588516746408E-4,
          "DATARATE_RX" : 1.386794258373204E-4
        }
      },
      "(clientPoolN, nodeA_c06, nodeA_c06)" : {
        "AppCoordinates {com.bbn, test-service2, 1}" : {
          "DATARATE_TX" : 3.1748648648648723E-4,
          "DATARATE_RX" : 1.5874324324324362E-4
        }
      },
      "(clientPoolO, nodeA_c07, nodeA_c07)" : {
        "AppCoordinates {com.bbn, test-service1, 1}" : {
          "DATARATE_TX" : 2.8916746411483256E-4,
          "DATARATE_RX" : 1.4458373205741628E-4
        }
      },
      "(clientPoolO, nodeA_c06, nodeA_c06)" : {
        "AppCoordinates {com.bbn, test-service2, 1}" : {
          "DATARATE_TX" : 3.2393243243243304E-4,
          "DATARATE_RX" : 1.6196621621621652E-4
        }
      },
      "(clientPoolN, nodeA_c04, nodeA_c04)" : {
        "AppCoordinates {com.bbn, test-service3, 1}" : {
          "DATARATE_TX" : 4.7647058823529516E-5,
          "DATARATE_RX" : 2.3823529411764758E-5
        }
      },
      "(clientPoolO, nodeA_c04, nodeA_c04)" : {
        "AppCoordinates {com.bbn, test-service3, 1}" : {
          "DATARATE_TX" : 3.881617647058812E-5,
          "DATARATE_RX" : 1.940808823529406E-5
        }
      },
      "(clientPoolN, nodeA_c03, nodeA_c03)" : {
        "AppCoordinates {com.bbn, test-service1, 1}" : {
          "DATARATE_TX" : 1.5542105263157874E-4,
          "DATARATE_RX" : 7.771052631578937E-5
        }
      },
      "(clientPoolG, nodeA_c07, nodeA_c07)" : {
        "AppCoordinates {com.bbn, test-service1, 1}" : {
          "DATARATE_TX" : 2.754258373205742E-4,
          "DATARATE_RX" : 1.377129186602871E-4
        }
      },
      "(clientPoolG, nodeA_c06, nodeA_c06)" : {
        "AppCoordinates {com.bbn, test-service2, 1}" : {
          "DATARATE_TX" : 3.2206081081081133E-4,
          "DATARATE_RX" : 1.6103040540540567E-4
        }
      },
      "(clientPoolG, nodeA_c04, nodeA_c04)" : {
        "AppCoordinates {com.bbn, test-service3, 1}" : {
          "DATARATE_TX" : 1.388382352941172E-4,
          "DATARATE_RX" : 6.94191176470586E-5
        }
      },
      "(clientPoolN, nodeA_c02, nodeA_c02)" : {
        "AppCoordinates {com.bbn, test-service3, 1}" : {
          "DATARATE_TX" : 2.955847750865065E-4,
          "DATARATE_RX" : 1.4779238754325324E-4
        }
      },
      "(clientPoolO, nodeA_c03, nodeA_c03)" : {
        "AppCoordinates {com.bbn, test-service1, 1}" : {
          "DATARATE_TX" : 1.5899999999999974E-4,
          "DATARATE_RX" : 7.949999999999987E-5
        }
      },
      "(clientPoolO, nodeA_c02, nodeA_c02)" : {
        "AppCoordinates {com.bbn, test-service3, 1}" : {
          "DATARATE_TX" : 3.0639446366782195E-4,
          "DATARATE_RX" : 1.5319723183391097E-4
        }
      },
      "(clientPoolN, nodeA_c01, nodeA_c01)" : {
        "AppCoordinates {com.bbn, test-service3, 1}" : {
          "DATARATE_TX" : 5.6140350877192875E-6,
          "DATARATE_RX" : 2.8070175438596438E-6
        }
      },
      "(clientPoolO, nodeA_c01, nodeA_c01)" : {
        "AppCoordinates {com.bbn, test-service3, 1}" : {
          "DATARATE_TX" : 5.6140350877192875E-6,
          "DATARATE_RX" : 2.8070175438596438E-6
        }
      }
    }
  },
  "computeLoad" : {
    "AppCoordinates {com.bbn, test-service3, 1}" : {
      "UNKNOWN" : {
        "QueueLength" : 240.0,
        "TASK_CONTAINERS" : 120.0
      }
    },
    "AppCoordinates {com.bbn, test-service2, 1}" : {
      "UNKNOWN" : {
        "QueueLength" : 56.0,
        "TASK_CONTAINERS" : 28.0
      }
    },
    "AppCoordinates {com.bbn, test-service1, 1}" : {
      "UNKNOWN" : {
        "QueueLength" : 400.0,
        "TASK_CONTAINERS" : 200.0
      }
    }
  },
  "availableServiceContainers" : 0,
  "allocatedComputeCapacity" : {
    "CPU" : 8.0,
    "QueueLength" : 8000000.0,
    "TASK_CONTAINERS" : 800.0
  },
  "averageProcessingTime" : {
    "AppCoordinates {com.bbn, test-service3, 1}" : 120000.0,
    "AppCoordinates {com.bbn, test-service2, 1}" : 120000.0,
    "AppCoordinates {com.bbn, test-service1, 1}" : 120000.0
  }
}