{
  "nodeName" : {
    "name" : "nodeG"
  },
  "timestamp" : 405492,
  "demandEstimationWindow" : "SHORT",
  "nodeComputeCapacity" : {
    "CPU" : 4.0,
    "MEMORY" : 8.0E9,
    "DISK" : 10.0,
    "TASK_CONTAINERS" : 20.0
  },
  "networkCapacity" : {
    "interface-nodeD ( nodeD )" : {
      "DATARATE_RX" : 100.0,
      "DATARATE_TX" : 100.0
    },
    "interface-nodeE ( nodeE )" : {
      "DATARATE_RX" : 100.0,
      "DATARATE_TX" : 100.0
    },
    "interface-nodeC ( nodeC )" : {
      "DATARATE_RX" : 100.0,
      "DATARATE_TX" : 100.0
    },
    "interface-nodeH ( nodeH )" : {
      "DATARATE_RX" : 100.0,
      "DATARATE_TX" : 100.0
    },
    "interface-nodeI ( nodeI )" : {
      "DATARATE_RX" : 100.0,
      "DATARATE_TX" : 100.0
    },
    "interface-nodeA ( nodeA )" : {
      "DATARATE_RX" : 100.0,
      "DATARATE_TX" : 100.0
    }
  },
  "networkLoad" : {
    "interface-nodeD ( nodeD )" : { },
    "interface-nodeE ( nodeE )" : { },
    "interface-nodeC ( nodeC )" : {
      "(nodeJ_c01, clientPoolC, nodeJ_c01)" : {
        "AppCoordinates {com.bbn, test-service3, 1}" : {
          "DATARATE_TX" : 5.2999999999999947E-5,
          "DATARATE_RX" : 1.0599999999999989E-4
        },
        "AppCoordinates {com.bbn, test-service2, 1}" : {
          "DATARATE_TX" : -3.8116482626443515E-21,
          "DATARATE_RX" : -7.623296525288703E-21
        }
      },
      "(nodeJ_c00, clientPoolC, nodeJ_c00)" : {
        "AppCoordinates {com.bbn, test-service3, 1}" : {
          "DATARATE_TX" : 5.799999999999993E-5,
          "DATARATE_RX" : 1.1599999999999987E-4
        },
        "AppCoordinates {com.bbn, test-service1, 1}" : {
          "DATARATE_TX" : -3.8116482626443515E-21,
          "DATARATE_RX" : -7.623296525288703E-21
        }
      },
      "(nodeJ_c07, clientPoolC, nodeJ_c07)" : {
        "AppCoordinates {com.bbn, test-service2, 1}" : {
          "DATARATE_TX" : -3.8116482626443515E-21,
          "DATARATE_RX" : -7.623296525288703E-21
        },
        "AppCoordinates {com.bbn, test-service1, 1}" : {
          "DATARATE_TX" : -3.8116482626443515E-21,
          "DATARATE_RX" : -7.623296525288703E-21
        }
      },
      "(nodeJ_c06, clientPoolC, nodeJ_c06)" : {
        "AppCoordinates {com.bbn, test-service3, 1}" : {
          "DATARATE_TX" : 5.3999999999999944E-5,
          "DATARATE_RX" : 1.0799999999999989E-4
        },
        "AppCoordinates {com.bbn, test-service2, 1}" : {
          "DATARATE_TX" : -3.8116482626443515E-21,
          "DATARATE_RX" : -7.623296525288703E-21
        }
      },
      "(nodeH_c00, clientPoolC, nodeH_c00)" : {
        "AppCoordinates {com.bbn, test-service3, 1}" : {
          "DATARATE_TX" : -3.8116482626443515E-21,
          "DATARATE_RX" : -7.623296525288703E-21
        }
      },
      "(nodeH_c01, clientPoolC, nodeH_c01)" : {
        "AppCoordinates {com.bbn, test-service3, 1}" : {
          "DATARATE_TX" : 3.5E-5,
          "DATARATE_RX" : 7.0E-5
        }
      },
      "(nodeJ_c03, clientPoolC, nodeJ_c03)" : {
        "AppCoordinates {com.bbn, test-service1, 1}" : {
          "DATARATE_TX" : -3.8116482626443515E-21,
          "DATARATE_RX" : -7.623296525288703E-21
        }
      },
      "(nodeJ_c02, clientPoolC, nodeJ_c02)" : {
        "AppCoordinates {com.bbn, test-service3, 1}" : {
          "DATARATE_TX" : 5.2999999999999947E-5,
          "DATARATE_RX" : 1.0599999999999989E-4
        }
      },
      "(nodeJ_c05, clientPoolC, nodeJ_c05)" : {
        "AppCoordinates {com.bbn, test-service3, 1}" : {
          "DATARATE_TX" : 5.599999999999994E-5,
          "DATARATE_RX" : 1.1199999999999988E-4
        }
      },
      "(nodeJ_c04, clientPoolC, nodeJ_c04)" : {
        "AppCoordinates {com.bbn, test-service3, 1}" : {
          "DATARATE_TX" : 5.499999999999994E-5,
          "DATARATE_RX" : 1.0999999999999988E-4
        },
        "AppCoordinates {com.bbn, test-service1, 1}" : {
          "DATARATE_TX" : -3.8116482626443515E-21,
          "DATARATE_RX" : -7.623296525288703E-21
        }
      }
    },
    "interface-nodeH ( nodeH )" : {
      "(clientPoolC, nodeJ_c04, nodeJ_c04)" : {
        "AppCoordinates {com.bbn, test-service3, 1}" : {
          "DATARATE_TX" : 1.0999999999999988E-4,
          "DATARATE_RX" : 5.499999999999994E-5
        },
        "AppCoordinates {com.bbn, test-service1, 1}" : {
          "DATARATE_TX" : -7.623296525288703E-21,
          "DATARATE_RX" : -3.8116482626443515E-21
        }
      },
      "(clientPoolC, nodeJ_c03, nodeJ_c03)" : {
        "AppCoordinates {com.bbn, test-service1, 1}" : {
          "DATARATE_TX" : -7.623296525288703E-21,
          "DATARATE_RX" : -3.8116482626443515E-21
        }
      },
      "(clientPoolC, nodeJ_c06, nodeJ_c06)" : {
        "AppCoordinates {com.bbn, test-service3, 1}" : {
          "DATARATE_TX" : 1.0799999999999989E-4,
          "DATARATE_RX" : 5.3999999999999944E-5
        },
        "AppCoordinates {com.bbn, test-service2, 1}" : {
          "DATARATE_TX" : -7.623296525288703E-21,
          "DATARATE_RX" : -3.8116482626443515E-21
        }
      },
      "(clientPoolC, nodeJ_c05, nodeJ_c05)" : {
        "AppCoordinates {com.bbn, test-service3, 1}" : {
          "DATARATE_TX" : 1.1199999999999988E-4,
          "DATARATE_RX" : 5.599999999999994E-5
        }
      },
      "(clientPoolC, nodeJ_c00, nodeJ_c00)" : {
        "AppCoordinates {com.bbn, test-service3, 1}" : {
          "DATARATE_TX" : 1.1599999999999987E-4,
          "DATARATE_RX" : 5.799999999999993E-5
        },
        "AppCoordinates {com.bbn, test-service1, 1}" : {
          "DATARATE_TX" : -7.623296525288703E-21,
          "DATARATE_RX" : -3.8116482626443515E-21
        }
      },
      "(clientPoolC, nodeH_c00, nodeH_c00)" : {
        "AppCoordinates {com.bbn, test-service3, 1}" : {
          "DATARATE_TX" : -7.623296525288703E-21,
          "DATARATE_RX" : -3.8116482626443515E-21
        }
      },
      "(clientPoolC, nodeJ_c02, nodeJ_c02)" : {
        "AppCoordinates {com.bbn, test-service3, 1}" : {
          "DATARATE_TX" : 1.0599999999999989E-4,
          "DATARATE_RX" : 5.2999999999999947E-5
        }
      },
      "(clientPoolC, nodeJ_c01, nodeJ_c01)" : {
        "AppCoordinates {com.bbn, test-service3, 1}" : {
          "DATARATE_TX" : 1.0599999999999989E-4,
          "DATARATE_RX" : 5.2999999999999947E-5
        },
        "AppCoordinates {com.bbn, test-service2, 1}" : {
          "DATARATE_TX" : -7.623296525288703E-21,
          "DATARATE_RX" : -3.8116482626443515E-21
        }
      },
      "(clientPoolC, nodeH_c01, nodeH_c01)" : {
        "AppCoordinates {com.bbn, test-service3, 1}" : {
          "DATARATE_TX" : 7.0E-5,
          "DATARATE_RX" : 3.5E-5
        }
      },
      "(clientPoolC, nodeJ_c07, nodeJ_c07)" : {
        "AppCoordinates {com.bbn, test-service2, 1}" : {
          "DATARATE_TX" : -7.623296525288703E-21,
          "DATARATE_RX" : -3.8116482626443515E-21
        },
        "AppCoordinates {com.bbn, test-service1, 1}" : {
          "DATARATE_TX" : -7.623296525288703E-21,
          "DATARATE_RX" : -3.8116482626443515E-21
        }
      }
    },
    "interface-nodeI ( nodeI )" : { },
    "interface-nodeA ( nodeA )" : { }
  },
  "networkDemand" : {
    "interface-nodeE ( nodeE )" : { },
    "interface-nodeD ( nodeD )" : { },
    "interface-nodeC ( nodeC )" : {
      "(nodeJ_c01, clientPoolC, nodeJ_c01)" : {
        "AppCoordinates {com.bbn, test-service3, 1}" : {
          "DATARATE_TX" : 5.299999999999994E-5,
          "DATARATE_RX" : 1.0599999999999988E-4
        },
        "AppCoordinates {com.bbn, test-service2, 1}" : {
          "DATARATE_TX" : -3.8116482626443515E-21,
          "DATARATE_RX" : -7.623296525288703E-21
        }
      },
      "(nodeJ_c00, clientPoolC, nodeJ_c00)" : {
        "AppCoordinates {com.bbn, test-service3, 1}" : {
          "DATARATE_TX" : 5.799999999999994E-5,
          "DATARATE_RX" : 1.1599999999999988E-4
        },
        "AppCoordinates {com.bbn, test-service1, 1}" : {
          "DATARATE_TX" : -3.8116482626443515E-21,
          "DATARATE_RX" : -7.623296525288703E-21
        }
      },
      "(nodeJ_c07, clientPoolC, nodeJ_c07)" : {
        "AppCoordinates {com.bbn, test-service2, 1}" : {
          "DATARATE_TX" : 3.14285714285714E-6,
          "DATARATE_RX" : 6.28571428571428E-6
        },
        "AppCoordinates {com.bbn, test-service1, 1}" : {
          "DATARATE_TX" : -3.8116482626443515E-21,
          "DATARATE_RX" : -7.623296525288703E-21
        }
      },
      "(nodeJ_c06, clientPoolC, nodeJ_c06)" : {
        "AppCoordinates {com.bbn, test-service3, 1}" : {
          "DATARATE_TX" : 5.3142857142857085E-5,
          "DATARATE_RX" : 1.0628571428571417E-4
        },
        "AppCoordinates {com.bbn, test-service2, 1}" : {
          "DATARATE_TX" : -3.8116482626443515E-21,
          "DATARATE_RX" : -7.623296525288703E-21
        }
      },
      "(nodeH_c00, clientPoolC, nodeH_c00)" : {
        "AppCoordinates {com.bbn, test-service3, 1}" : {
          "DATARATE_TX" : -3.8116482626443515E-21,
          "DATARATE_RX" : -7.623296525288703E-21
        }
      },
      "(nodeH_c01, clientPoolC, nodeH_c01)" : {
        "AppCoordinates {com.bbn, test-service3, 1}" : {
          "DATARATE_TX" : 3.057142857142858E-5,
          "DATARATE_RX" : 6.114285714285716E-5
        }
      },
      "(nodeJ_c03, clientPoolC, nodeJ_c03)" : {
        "AppCoordinates {com.bbn, test-service1, 1}" : {
          "DATARATE_TX" : -3.8116482626443515E-21,
          "DATARATE_RX" : -7.623296525288703E-21
        }
      },
      "(nodeJ_c02, clientPoolC, nodeJ_c02)" : {
        "AppCoordinates {com.bbn, test-service3, 1}" : {
          "DATARATE_TX" : 5.299999999999994E-5,
          "DATARATE_RX" : 1.0599999999999988E-4
        }
      },
      "(nodeJ_c05, clientPoolC, nodeJ_c05)" : {
        "AppCoordinates {com.bbn, test-service3, 1}" : {
          "DATARATE_TX" : 5.5999999999999945E-5,
          "DATARATE_RX" : 1.1199999999999989E-4
        }
      },
      "(nodeJ_c04, clientPoolC, nodeJ_c04)" : {
        "AppCoordinates {com.bbn, test-service3, 1}" : {
          "DATARATE_TX" : 5.4999999999999934E-5,
          "DATARATE_RX" : 1.0999999999999987E-4
        },
        "AppCoordinates {com.bbn, test-service1, 1}" : {
          "DATARATE_TX" : -3.8116482626443515E-21,
          "DATARATE_RX" : -7.623296525288703E-21
        }
      }
    },
    "interface-nodeA ( nodeA )" : { },
    "interface-nodeI ( nodeI )" : { },
    "interface-nodeH ( nodeH )" : {
      "(clientPoolC, nodeJ_c04, nodeJ_c04)" : {
        "AppCoordinates {com.bbn, test-service3, 1}" : {
          "DATARATE_TX" : 1.0999999999999987E-4,
          "DATARATE_RX" : 5.4999999999999934E-5
        },
        "AppCoordinates {com.bbn, test-service1, 1}" : {
          "DATARATE_TX" : -7.623296525288703E-21,
          "DATARATE_RX" : -3.8116482626443515E-21
        }
      },
      "(clientPoolC, nodeJ_c03, nodeJ_c03)" : {
        "AppCoordinates {com.bbn, test-service1, 1}" : {
          "DATARATE_TX" : -7.623296525288703E-21,
          "DATARATE_RX" : -3.8116482626443515E-21
        }
      },
      "(clientPoolC, nodeJ_c06, nodeJ_c06)" : {
        "AppCoordinates {com.bbn, test-service3, 1}" : {
          "DATARATE_TX" : 1.0628571428571417E-4,
          "DATARATE_RX" : 5.3142857142857085E-5
        },
        "AppCoordinates {com.bbn, test-service2, 1}" : {
          "DATARATE_TX" : -7.623296525288703E-21,
          "DATARATE_RX" : -3.8116482626443515E-21
        }
      },
      "(clientPoolC, nodeJ_c05, nodeJ_c05)" : {
        "AppCoordinates {com.bbn, test-service3, 1}" : {
          "DATARATE_TX" : 1.1199999999999989E-4,
          "DATARATE_RX" : 5.5999999999999945E-5
        }
      },
      "(clientPoolC, nodeJ_c00, nodeJ_c00)" : {
        "AppCoordinates {com.bbn, test-service3, 1}" : {
          "DATARATE_TX" : 1.1599999999999988E-4,
          "DATARATE_RX" : 5.799999999999994E-5
        },
        "AppCoordinates {com.bbn, test-service1, 1}" : {
          "DATARATE_TX" : -7.623296525288703E-21,
          "DATARATE_RX" : -3.8116482626443515E-21
        }
      },
      "(clientPoolC, nodeJ_c02, nodeJ_c02)" : {
        "AppCoordinates {com.bbn, test-service3, 1}" : {
          "DATARATE_TX" : 1.0599999999999988E-4,
          "DATARATE_RX" : 5.299999999999994E-5
        }
      },
      "(clientPoolC, nodeH_c00, nodeH_c00)" : {
        "AppCoordinates {com.bbn, test-service3, 1}" : {
          "DATARATE_TX" : -7.623296525288703E-21,
          "DATARATE_RX" : -3.8116482626443515E-21
        }
      },
      "(clientPoolC, nodeJ_c01, nodeJ_c01)" : {
        "AppCoordinates {com.bbn, test-service3, 1}" : {
          "DATARATE_TX" : 1.0599999999999988E-4,
          "DATARATE_RX" : 5.299999999999994E-5
        },
        "AppCoordinates {com.bbn, test-service2, 1}" : {
          "DATARATE_TX" : -7.623296525288703E-21,
          "DATARATE_RX" : -3.8116482626443515E-21
        }
      },
      "(clientPoolC, nodeH_c01, nodeH_c01)" : {
        "AppCoordinates {com.bbn, test-service3, 1}" : {
          "DATARATE_TX" : 6.114285714285716E-5,
          "DATARATE_RX" : 3.057142857142858E-5
        }
      },
      "(clientPoolC, nodeJ_c07, nodeJ_c07)" : {
        "AppCoordinates {com.bbn, test-service2, 1}" : {
          "DATARATE_TX" : 6.28571428571428E-6,
          "DATARATE_RX" : 3.14285714285714E-6
        },
        "AppCoordinates {com.bbn, test-service1, 1}" : {
          "DATARATE_TX" : -7.623296525288703E-21,
          "DATARATE_RX" : -3.8116482626443515E-21
        }
      }
    }
  },
  "containerReports" : { },
  "maximumServiceContainers" : 20,
  "allocatedServiceContainers" : 0,
  "computeDemand" : { },
  "containerNetworkLoad" : { },
  "containerNetworkDemand" : { },
  "computeLoad" : { },
  "availableServiceContainers" : 20,
  "averageProcessingTime" : { },
  "allocatedComputeCapacity" : { }
}