{
  "region" : {
    "name" : "K"
  },
  "minTimestamp" : 386493,
  "maxTimestamp" : 386493,
  "demandEstimationWindow" : "LONG",
  "serverCapacity" : {
    "DISK" : 10.0,
    "MEMORY" : 8.0E9,
    "CPU" : 4.0,
    "TASK_CONTAINERS" : 20.0
  },
  "serverLoad" : {
    "AppCoordinates {com.bbn, test-service3, 1}" : {
      "unknown" : {
        "QueueLength" : 33.0,
        "TASK_CONTAINERS" : 16.5
      }
    }
  },
  "serverDemand" : {
    "AppCoordinates {com.bbn, test-service3, 1}" : {
      "unknown" : {
        "QueueLength" : 34.10526315789474,
        "TASK_CONTAINERS" : 17.05263157894737
      }
    }
  },
  "serverAverageProcessingTimeCount" : {
    "AppCoordinates {com.bbn, test-service3, 1}" : 1
  },
  "serverAverageProcessingTimeSum" : {
    "AppCoordinates {com.bbn, test-service3, 1}" : 120000.0
  },
  "networkCapacity" : {
    "A" : {
      "DATARATE_RX" : 100.0,
      "DATARATE_TX" : 100.0
    },
    "C" : {
      "DATARATE_RX" : 100.0,
      "DATARATE_TX" : 100.0
    },
    "I" : {
      "DATARATE_RX" : 100.0,
      "DATARATE_TX" : 100.0
    },
    "J" : {
      "DATARATE_RX" : 100.0,
      "DATARATE_TX" : 100.0
    },
    "L" : {
      "DATARATE_RX" : 100.0,
      "DATARATE_TX" : 100.0
    },
    "N" : {
      "DATARATE_RX" : 100.0,
      "DATARATE_TX" : 100.0
    },
    "O" : {
      "DATARATE_RX" : 100.0,
      "DATARATE_TX" : 100.0
    }
  },
  "networkLoad" : {
    "A" : {
      "(K, A, A)" : {
        "AppCoordinates {com.bbn, test-service3, 1}" : {
          "DATARATE_TX" : 5.219999999999995E-4,
          "DATARATE_RX" : 2.6099999999999973E-4
        },
        "AppCoordinates {com.bbn, test-service2, 1}" : {
          "DATARATE_TX" : 1.1999999999999984E-4,
          "DATARATE_RX" : 5.999999999999992E-5
        },
        "AppCoordinates {com.bbn, test-service1, 1}" : {
          "DATARATE_TX" : 2.759999999999996E-4,
          "DATARATE_RX" : 1.379999999999998E-4
        }
      }
    },
    "C" : { },
    "I" : {
      "(K, I, I)" : {
        "AppCoordinates {com.bbn, test-service3, 1}" : {
          "DATARATE_TX" : 2.1999999999999993E-5,
          "DATARATE_RX" : 1.0999999999999996E-5
        }
      }
    },
    "J" : {
      "(K, J, J)" : {
        "AppCoordinates {com.bbn, test-service3, 1}" : {
          "DATARATE_TX" : 7.4E-5,
          "DATARATE_RX" : 3.7E-5
        }
      }
    },
    "L" : {
      "(K, L, L)" : {
        "AppCoordinates {com.bbn, test-service3, 1}" : {
          "DATARATE_TX" : 7.199999999999999E-5,
          "DATARATE_RX" : 3.5999999999999994E-5
        },
        "AppCoordinates {com.bbn, test-service2, 1}" : {
          "DATARATE_TX" : -8.470329472543003E-22,
          "DATARATE_RX" : -4.2351647362715017E-22
        }
      }
    },
    "N" : {
      "(K, B, B)" : {
        "AppCoordinates {com.bbn, test-service3, 1}" : {
          "DATARATE_TX" : 3.999999999999999E-6,
          "DATARATE_RX" : 1.9999999999999995E-6
        }
      }
    },
    "O" : { }
  },
  "networkDemand" : {
    "A" : {
      "(K, A, A)" : {
        "AppCoordinates {com.bbn, test-service3, 1}" : {
          "DATARATE_TX" : 4.781800279053728E-4,
          "DATARATE_RX" : 2.390900139526864E-4
        },
        "AppCoordinates {com.bbn, test-service2, 1}" : {
          "DATARATE_TX" : 2.8200530607467493E-4,
          "DATARATE_RX" : 1.4100265303733747E-4
        },
        "AppCoordinates {com.bbn, test-service1, 1}" : {
          "DATARATE_TX" : 3.499754671441805E-4,
          "DATARATE_RX" : 1.7498773357209026E-4
        }
      }
    },
    "C" : { },
    "I" : {
      "(K, I, I)" : {
        "AppCoordinates {com.bbn, test-service3, 1}" : {
          "DATARATE_TX" : 1.5518005540166138E-5,
          "DATARATE_RX" : 7.759002770083069E-6
        }
      }
    },
    "J" : {
      "(K, J, J)" : {
        "AppCoordinates {com.bbn, test-service3, 1}" : {
          "DATARATE_TX" : 8.107479224376753E-5,
          "DATARATE_RX" : 4.0537396121883764E-5
        }
      }
    },
    "L" : {
      "(K, L, L)" : {
        "AppCoordinates {com.bbn, test-service3, 1}" : {
          "DATARATE_TX" : 4.1645429362880616E-5,
          "DATARATE_RX" : 2.0822714681440308E-5
        },
        "AppCoordinates {com.bbn, test-service2, 1}" : {
          "DATARATE_TX" : 2.254847645429363E-6,
          "DATARATE_RX" : 1.1274238227146815E-6
        }
      }
    },
    "N" : {
      "(K, B, B)" : {
        "AppCoordinates {com.bbn, test-service3, 1}" : {
          "DATARATE_TX" : 9.429362880886443E-6,
          "DATARATE_RX" : 4.714681440443221E-6
        }
      }
    },
    "O" : { }
  },
  "maximumServiceContainers" : 20,
  "allocatedServiceContainers" : 1,
  "serverAverageProcessingTime" : {
    "AppCoordinates {com.bbn, test-service3, 1}" : 120000.0
  },
  "availableServiceContainers" : 19,
  "nullSummary" : false
}