{
  "clientName" : "clientPoolC",
  "clientRegion" : {
    "name" : "C"
  },
  "numRequestsAttempted" : 9600,
  "numRequestsSucceeded" : 4987,
  "numRequestsFailedForServerLoad" : 4613,
  "numRequestsFailedForNetworkLoad" : 0,
  "numRequestsSlowForServerLoad" : 1458,
  "numRequestsSlowForNetworkLoad" : 0,
  "numRequestsSlowForNetworkAndServerLoad" : 0,
  "numRequestsServicedByRegion" : {
    "A" : 215,
    "B" : 233,
    "C" : 512,
    "D" : 4014,
    "E" : 13
  },
  "numRequestsFailedForDownNode" : 0
}