{
  "region" : {
    "name" : "J"
  },
  "minTimestamp" : 235495,
  "maxTimestamp" : 235495,
  "demandEstimationWindow" : "LONG",
  "serverCapacity" : {
    "DISK" : 10.0,
    "MEMORY" : 1.6E10,
    "CPU" : 8.0,
    "TASK_CONTAINERS" : 8.0
  },
  "serverLoad" : {
    "AppCoordinates {com.bbn, test-service3, 1}" : {
      "unknown" : {
        "QueueLength" : 80.0,
        "TASK_CONTAINERS" : 40.0
      }
    },
    "AppCoordinates {com.bbn, test-service2, 1}" : {
      "unknown" : {
        "QueueLength" : 200.0,
        "TASK_CONTAINERS" : 100.0
      }
    },
    "AppCoordinates {com.bbn, test-service1, 1}" : {
      "unknown" : {
        "QueueLength" : 200.0,
        "TASK_CONTAINERS" : 100.0
      }
    }
  },
  "serverDemand" : {
    "AppCoordinates {com.bbn, test-service3, 1}" : {
      "unknown" : {
        "QueueLength" : 523.0413091430123,
        "TASK_CONTAINERS" : 303.2003190194482
      }
    },
    "AppCoordinates {com.bbn, test-service2, 1}" : {
      "unknown" : {
        "QueueLength" : 129.0373831775701,
        "TASK_CONTAINERS" : 80.27325581395348
      }
    },
    "AppCoordinates {com.bbn, test-service1, 1}" : {
      "unknown" : {
        "QueueLength" : 169.74861878453038,
        "TASK_CONTAINERS" : 84.87430939226519
      }
    }
  },
  "serverAverageProcessingTimeCount" : {
    "AppCoordinates {com.bbn, test-service3, 1}" : 1,
    "AppCoordinates {com.bbn, test-service2, 1}" : 1,
    "AppCoordinates {com.bbn, test-service1, 1}" : 1
  },
  "serverAverageProcessingTimeSum" : {
    "AppCoordinates {com.bbn, test-service3, 1}" : 120000.0,
    "AppCoordinates {com.bbn, test-service2, 1}" : 120000.0,
    "AppCoordinates {com.bbn, test-service1, 1}" : 120000.0
  },
  "networkCapacity" : {
    "B" : {
      "DATARATE_RX" : 100.0,
      "DATARATE_TX" : 100.0
    },
    "D" : {
      "DATARATE_RX" : 100.0,
      "DATARATE_TX" : 100.0
    },
    "G" : {
      "DATARATE_RX" : 100.0,
      "DATARATE_TX" : 100.0
    }
  },
  "networkLoad" : {
    "B" : { },
    "D" : {
      "(J, I, J)" : {
        "AppCoordinates {com.bbn, test-service3, 1}" : {
          "DATARATE_TX" : 2.2999999999999993E-5,
          "DATARATE_RX" : 4.5999999999999986E-5
        },
        "AppCoordinates {com.bbn, test-service2, 1}" : {
          "DATARATE_TX" : 6.699999999999992E-5,
          "DATARATE_RX" : 1.3399999999999984E-4
        },
        "AppCoordinates {com.bbn, test-service1, 1}" : {
          "DATARATE_TX" : 6.699999999999991E-5,
          "DATARATE_RX" : 1.3399999999999981E-4
        }
      },
      "(J, D, J)" : {
        "AppCoordinates {com.bbn, test-service3, 1}" : {
          "DATARATE_TX" : 2.899999999999999E-5,
          "DATARATE_RX" : 5.799999999999998E-5
        },
        "AppCoordinates {com.bbn, test-service2, 1}" : {
          "DATARATE_TX" : 6.699999999999992E-5,
          "DATARATE_RX" : 1.3399999999999984E-4
        },
        "AppCoordinates {com.bbn, test-service1, 1}" : {
          "DATARATE_TX" : 6.39999999999999E-5,
          "DATARATE_RX" : 1.279999999999998E-4
        }
      }
    },
    "G" : { }
  },
  "networkDemand" : {
    "B" : { },
    "D" : {
      "(J, I, J)" : {
        "AppCoordinates {com.bbn, test-service3, 1}" : {
          "DATARATE_TX" : 1.068949896912126E-4,
          "DATARATE_RX" : 2.137899793824252E-4
        },
        "AppCoordinates {com.bbn, test-service2, 1}" : {
          "DATARATE_TX" : 1.2369923371647514E-4,
          "DATARATE_RX" : 2.473984674329503E-4
        },
        "AppCoordinates {com.bbn, test-service1, 1}" : {
          "DATARATE_TX" : 1.2118264604811003E-4,
          "DATARATE_RX" : 2.4236529209622007E-4
        }
      },
      "(J, D, J)" : {
        "AppCoordinates {com.bbn, test-service3, 1}" : {
          "DATARATE_TX" : 2.048256983501548E-4,
          "DATARATE_RX" : 4.096513967003096E-4
        },
        "AppCoordinates {com.bbn, test-service2, 1}" : {
          "DATARATE_TX" : 1.2079904214559378E-4,
          "DATARATE_RX" : 2.4159808429118757E-4
        },
        "AppCoordinates {com.bbn, test-service1, 1}" : {
          "DATARATE_TX" : 1.10601202749141E-4,
          "DATARATE_RX" : 2.21202405498282E-4
        }
      }
    },
    "G" : { }
  },
  "maximumServiceContainers" : 8,
  "allocatedServiceContainers" : 7,
  "serverAverageProcessingTime" : {
    "AppCoordinates {com.bbn, test-service3, 1}" : 120000.0,
    "AppCoordinates {com.bbn, test-service2, 1}" : 120000.0,
    "AppCoordinates {com.bbn, test-service1, 1}" : 120000.0
  },
  "availableServiceContainers" : 1,
  "nullSummary" : false
}