{
  "nodeName" : {
    "name" : "nodeJ"
  },
  "timestamp" : 235495,
  "demandEstimationWindow" : "LONG",
  "nodeComputeCapacity" : {
    "CPU" : 8.0,
    "MEMORY" : 1.6E10,
    "DISK" : 10.0,
    "TASK_CONTAINERS" : 8.0
  },
  "networkCapacity" : {
    "interface-nodeD ( nodeD )" : {
      "DATARATE_RX" : 100.0,
      "DATARATE_TX" : 100.0
    },
    "interface-nodeB ( nodeB )" : {
      "DATARATE_RX" : 100.0,
      "DATARATE_TX" : 100.0
    },
    "interface-nodeG ( nodeG )" : {
      "DATARATE_RX" : 100.0,
      "DATARATE_TX" : 100.0
    }
  },
  "networkLoad" : {
    "interface-nodeD ( nodeD )" : {
      "(nodeJ_c07, clientPoolD, nodeJ_c07)" : {
        "AppCoordinates {com.bbn, test-service2, 1}" : {
          "DATARATE_TX" : 4.2351647362715017E-22,
          "DATARATE_RX" : 8.470329472543003E-22
        },
        "AppCoordinates {com.bbn, test-service1, 1}" : {
          "DATARATE_TX" : -3.8116482626443515E-21,
          "DATARATE_RX" : -7.623296525288703E-21
        }
      },
      "(nodeJ_c04, clientPoolD, nodeJ_c04)" : {
        "AppCoordinates {com.bbn, test-service3, 1}" : {
          "DATARATE_TX" : -3.8116482626443515E-21,
          "DATARATE_RX" : -7.623296525288703E-21
        }
      },
      "(nodeJ_c03, clientPoolD, nodeJ_c03)" : {
        "AppCoordinates {com.bbn, test-service3, 1}" : {
          "DATARATE_TX" : 3.999999999999996E-6,
          "DATARATE_RX" : 7.999999999999991E-6
        },
        "AppCoordinates {com.bbn, test-service1, 1}" : {
          "DATARATE_TX" : -3.8116482626443515E-21,
          "DATARATE_RX" : -7.623296525288703E-21
        }
      },
      "(nodeJ_c06, clientPoolD, nodeJ_c06)" : {
        "AppCoordinates {com.bbn, test-service3, 1}" : {
          "DATARATE_TX" : 3.999999999999996E-6,
          "DATARATE_RX" : 7.999999999999991E-6
        },
        "AppCoordinates {com.bbn, test-service2, 1}" : {
          "DATARATE_TX" : -4.2351647362715017E-22,
          "DATARATE_RX" : -8.470329472543003E-22
        }
      },
      "(nodeJ_c05, clientPoolD, nodeJ_c05)" : {
        "AppCoordinates {com.bbn, test-service2, 1}" : {
          "DATARATE_TX" : 6.699999999999992E-5,
          "DATARATE_RX" : 1.3399999999999984E-4
        }
      },
      "(nodeJ_c05, clientPoolI, nodeJ_c05)" : {
        "AppCoordinates {com.bbn, test-service2, 1}" : {
          "DATARATE_TX" : 6.699999999999992E-5,
          "DATARATE_RX" : 1.3399999999999984E-4
        }
      },
      "(nodeJ_c00, clientPoolD, nodeJ_c00)" : {
        "AppCoordinates {com.bbn, test-service1, 1}" : {
          "DATARATE_TX" : 6.399999999999992E-5,
          "DATARATE_RX" : 1.2799999999999983E-4
        }
      },
      "(nodeJ_c04, clientPoolI, nodeJ_c04)" : {
        "AppCoordinates {com.bbn, test-service3, 1}" : {
          "DATARATE_TX" : -3.8116482626443515E-21,
          "DATARATE_RX" : -7.623296525288703E-21
        }
      },
      "(nodeJ_c07, clientPoolI, nodeJ_c07)" : {
        "AppCoordinates {com.bbn, test-service2, 1}" : {
          "DATARATE_TX" : 4.2351647362715017E-22,
          "DATARATE_RX" : 8.470329472543003E-22
        },
        "AppCoordinates {com.bbn, test-service1, 1}" : {
          "DATARATE_TX" : -3.8116482626443515E-21,
          "DATARATE_RX" : -7.623296525288703E-21
        }
      },
      "(nodeJ_c02, clientPoolD, nodeJ_c02)" : {
        "AppCoordinates {com.bbn, test-service3, 1}" : {
          "DATARATE_TX" : -3.8116482626443515E-21,
          "DATARATE_RX" : -7.623296525288703E-21
        }
      },
      "(nodeJ_c06, clientPoolI, nodeJ_c06)" : {
        "AppCoordinates {com.bbn, test-service3, 1}" : {
          "DATARATE_TX" : 1.0E-6,
          "DATARATE_RX" : 2.0E-6
        },
        "AppCoordinates {com.bbn, test-service2, 1}" : {
          "DATARATE_TX" : -3.8116482626443515E-21,
          "DATARATE_RX" : -7.623296525288703E-21
        }
      },
      "(nodeJ_c01, clientPoolD, nodeJ_c01)" : {
        "AppCoordinates {com.bbn, test-service3, 1}" : {
          "DATARATE_TX" : 2.1000000000000006E-5,
          "DATARATE_RX" : 4.200000000000001E-5
        },
        "AppCoordinates {com.bbn, test-service2, 1}" : {
          "DATARATE_TX" : -3.8116482626443515E-21,
          "DATARATE_RX" : -7.623296525288703E-21
        }
      },
      "(nodeJ_c01, clientPoolI, nodeJ_c01)" : {
        "AppCoordinates {com.bbn, test-service3, 1}" : {
          "DATARATE_TX" : 1.7000000000000003E-5,
          "DATARATE_RX" : 3.4000000000000007E-5
        },
        "AppCoordinates {com.bbn, test-service2, 1}" : {
          "DATARATE_TX" : -3.8116482626443515E-21,
          "DATARATE_RX" : -7.623296525288703E-21
        }
      },
      "(nodeJ_c00, clientPoolI, nodeJ_c00)" : {
        "AppCoordinates {com.bbn, test-service1, 1}" : {
          "DATARATE_TX" : 6.699999999999991E-5,
          "DATARATE_RX" : 1.3399999999999981E-4
        }
      },
      "(nodeJ_c03, clientPoolI, nodeJ_c03)" : {
        "AppCoordinates {com.bbn, test-service3, 1}" : {
          "DATARATE_TX" : 4.999999999999995E-6,
          "DATARATE_RX" : 9.99999999999999E-6
        },
        "AppCoordinates {com.bbn, test-service1, 1}" : {
          "DATARATE_TX" : -3.8116482626443515E-21,
          "DATARATE_RX" : -7.623296525288703E-21
        }
      },
      "(nodeJ_c02, clientPoolI, nodeJ_c02)" : {
        "AppCoordinates {com.bbn, test-service3, 1}" : {
          "DATARATE_TX" : -3.8116482626443515E-21,
          "DATARATE_RX" : -7.623296525288703E-21
        }
      }
    },
    "interface-nodeB ( nodeB )" : { },
    "interface-nodeG ( nodeG )" : { }
  },
  "networkDemand" : {
    "interface-nodeD ( nodeD )" : {
      "(nodeJ_c07, clientPoolD, nodeJ_c07)" : {
        "AppCoordinates {com.bbn, test-service2, 1}" : {
          "DATARATE_TX" : 4.137931034482768E-6,
          "DATARATE_RX" : 8.275862068965535E-6
        },
        "AppCoordinates {com.bbn, test-service1, 1}" : {
          "DATARATE_TX" : 2.5151202749140905E-5,
          "DATARATE_RX" : 5.030240549828181E-5
        }
      },
      "(nodeJ_c04, clientPoolD, nodeJ_c04)" : {
        "AppCoordinates {com.bbn, test-service3, 1}" : {
          "DATARATE_TX" : 4.653935860058322E-5,
          "DATARATE_RX" : 9.307871720116644E-5
        }
      },
      "(nodeJ_c03, clientPoolD, nodeJ_c03)" : {
        "AppCoordinates {com.bbn, test-service3, 1}" : {
          "DATARATE_TX" : 5.699999999999979E-5,
          "DATARATE_RX" : 1.1399999999999959E-4
        },
        "AppCoordinates {com.bbn, test-service1, 1}" : {
          "DATARATE_TX" : 2.987777777777781E-5,
          "DATARATE_RX" : 5.975555555555562E-5
        }
      },
      "(nodeJ_c06, clientPoolD, nodeJ_c06)" : {
        "AppCoordinates {com.bbn, test-service3, 1}" : {
          "DATARATE_TX" : 3.411297071129696E-5,
          "DATARATE_RX" : 6.822594142259392E-5
        },
        "AppCoordinates {com.bbn, test-service2, 1}" : {
          "DATARATE_TX" : 9.32499999999998E-6,
          "DATARATE_RX" : 1.864999999999996E-5
        }
      },
      "(nodeJ_c05, clientPoolD, nodeJ_c05)" : {
        "AppCoordinates {com.bbn, test-service2, 1}" : {
          "DATARATE_TX" : 6.761666666666656E-5,
          "DATARATE_RX" : 1.3523333333333311E-4
        }
      },
      "(nodeJ_c00, clientPoolD, nodeJ_c00)" : {
        "AppCoordinates {com.bbn, test-service1, 1}" : {
          "DATARATE_TX" : 5.557222222222228E-5,
          "DATARATE_RX" : 1.1114444444444456E-4
        }
      },
      "(nodeJ_c05, clientPoolI, nodeJ_c05)" : {
        "AppCoordinates {com.bbn, test-service2, 1}" : {
          "DATARATE_TX" : 7.027777777777779E-5,
          "DATARATE_RX" : 1.4055555555555558E-4
        }
      },
      "(nodeJ_c04, clientPoolI, nodeJ_c04)" : {
        "AppCoordinates {com.bbn, test-service3, 1}" : {
          "DATARATE_TX" : 3.5682215743440326E-5,
          "DATARATE_RX" : 7.136443148688065E-5
        }
      },
      "(nodeJ_c02, clientPoolD, nodeJ_c02)" : {
        "AppCoordinates {com.bbn, test-service3, 1}" : {
          "DATARATE_TX" : 4.258659217877074E-5,
          "DATARATE_RX" : 8.517318435754149E-5
        }
      },
      "(nodeJ_c07, clientPoolI, nodeJ_c07)" : {
        "AppCoordinates {com.bbn, test-service2, 1}" : {
          "DATARATE_TX" : 3.3103448275862E-6,
          "DATARATE_RX" : 6.6206896551724E-6
        },
        "AppCoordinates {com.bbn, test-service1, 1}" : {
          "DATARATE_TX" : 2.8865979381443243E-5,
          "DATARATE_RX" : 5.7731958762886486E-5
        }
      },
      "(nodeJ_c01, clientPoolD, nodeJ_c01)" : {
        "AppCoordinates {com.bbn, test-service3, 1}" : {
          "DATARATE_TX" : 2.4586776859504106E-5,
          "DATARATE_RX" : 4.917355371900821E-5
        },
        "AppCoordinates {com.bbn, test-service2, 1}" : {
          "DATARATE_TX" : 3.971944444444448E-5,
          "DATARATE_RX" : 7.943888888888896E-5
        }
      },
      "(nodeJ_c06, clientPoolI, nodeJ_c06)" : {
        "AppCoordinates {com.bbn, test-service3, 1}" : {
          "DATARATE_TX" : 8.947368421052613E-7,
          "DATARATE_RX" : 1.7894736842105226E-6
        },
        "AppCoordinates {com.bbn, test-service2, 1}" : {
          "DATARATE_TX" : 1.0322222222222256E-5,
          "DATARATE_RX" : 2.0644444444444512E-5
        }
      },
      "(nodeJ_c01, clientPoolI, nodeJ_c01)" : {
        "AppCoordinates {com.bbn, test-service3, 1}" : {
          "DATARATE_TX" : 1.8694214876033027E-5,
          "DATARATE_RX" : 3.7388429752066055E-5
        },
        "AppCoordinates {com.bbn, test-service2, 1}" : {
          "DATARATE_TX" : 3.9788888888888886E-5,
          "DATARATE_RX" : 7.957777777777777E-5
        }
      },
      "(nodeJ_c00, clientPoolI, nodeJ_c00)" : {
        "AppCoordinates {com.bbn, test-service1, 1}" : {
          "DATARATE_TX" : 5.5719444444444524E-5,
          "DATARATE_RX" : 1.1143888888888905E-4
        }
      },
      "(nodeJ_c03, clientPoolI, nodeJ_c03)" : {
        "AppCoordinates {com.bbn, test-service3, 1}" : {
          "DATARATE_TX" : 2.9492537313432867E-5,
          "DATARATE_RX" : 5.8985074626865734E-5
        },
        "AppCoordinates {com.bbn, test-service1, 1}" : {
          "DATARATE_TX" : 3.6597222222222254E-5,
          "DATARATE_RX" : 7.319444444444451E-5
        }
      },
      "(nodeJ_c02, clientPoolI, nodeJ_c02)" : {
        "AppCoordinates {com.bbn, test-service3, 1}" : {
          "DATARATE_TX" : 2.2131284916201125E-5,
          "DATARATE_RX" : 4.426256983240225E-5
        }
      }
    },
    "interface-nodeB ( nodeB )" : { },
    "interface-nodeG ( nodeG )" : { }
  },
  "containerReports" : {
    "nodeJ_c05" : {
      "containerName" : {
        "name" : "nodeJ_c05"
      },
      "timestamp" : 235503,
      "service" : {
        "group" : "com.bbn",
        "artifact" : "test-service2",
        "version" : "1"
      },
      "serviceStatus" : "RUNNING",
      "demandEstimationWindow" : "LONG",
      "computeCapacity" : {
        "CPU" : 1.0,
        "TASK_CONTAINERS" : 100.0,
        "QueueLength" : 1000000.0
      },
      "computeLoad" : {
        "UNKNOWN" : {
          "QueueLength" : 200.0,
          "TASK_CONTAINERS" : 100.0
        }
      },
      "computeDemand" : {
        "UNKNOWN" : {
          "QueueLength" : 129.0373831775701,
          "TASK_CONTAINERS" : 80.27325581395348
        }
      },
      "averageProcessingTime" : 120000.0,
      "networkCapacity" : {
        "interface-nodeJ ( nodeJ )" : {
          "DATARATE_TX" : 100.0,
          "DATARATE_RX" : 100.0
        }
      },
      "networkLoad" : {
        "interface-nodeJ ( nodeJ )" : {
          "(clientPoolD, nodeJ_c05, nodeJ_c05)" : {
            "AppCoordinates {com.bbn, test-service2, 1}" : {
              "DATARATE_TX" : 5.239999999999997E-4,
              "DATARATE_RX" : 2.6199999999999986E-4
            }
          },
          "(clientPoolI, nodeJ_c05, nodeJ_c05)" : {
            "AppCoordinates {com.bbn, test-service2, 1}" : {
              "DATARATE_TX" : 5.239999999999997E-4,
              "DATARATE_RX" : 2.6199999999999986E-4
            }
          },
          "(clientPoolJ, nodeJ_c05, nodeJ_c05)" : {
            "AppCoordinates {com.bbn, test-service2, 1}" : {
              "DATARATE_TX" : 5.239999999999997E-4,
              "DATARATE_RX" : 2.6199999999999986E-4
            }
          }
        }
      },
      "networkDemand" : {
        "interface-nodeJ ( nodeJ )" : {
          "(clientPoolD, nodeJ_c05, nodeJ_c05)" : {
            "AppCoordinates {com.bbn, test-service2, 1}" : {
              "DATARATE_TX" : 2.91719298245614E-4,
              "DATARATE_RX" : 1.45859649122807E-4
            }
          },
          "(clientPoolI, nodeJ_c05, nodeJ_c05)" : {
            "AppCoordinates {com.bbn, test-service2, 1}" : {
              "DATARATE_TX" : 3.0842105263157804E-4,
              "DATARATE_RX" : 1.5421052631578902E-4
            }
          },
          "(clientPoolJ, nodeJ_c05, nodeJ_c05)" : {
            "AppCoordinates {com.bbn, test-service2, 1}" : {
              "DATARATE_TX" : 3.253450292397658E-4,
              "DATARATE_RX" : 1.626725146198829E-4
            }
          }
        }
      }
    },
    "nodeJ_c04" : {
      "containerName" : {
        "name" : "nodeJ_c04"
      },
      "timestamp" : 235504,
      "service" : {
        "group" : "com.bbn",
        "artifact" : "test-service3",
        "version" : "1"
      },
      "serviceStatus" : "RUNNING",
      "demandEstimationWindow" : "LONG",
      "computeCapacity" : {
        "CPU" : 1.0,
        "TASK_CONTAINERS" : 100.0,
        "QueueLength" : 1000000.0
      },
      "computeLoad" : {
        "UNKNOWN" : {
          "QueueLength" : 0.0,
          "TASK_CONTAINERS" : 0.0
        }
      },
      "computeDemand" : {
        "UNKNOWN" : {
          "QueueLength" : 138.6936416184971,
          "TASK_CONTAINERS" : 69.75
        }
      },
      "averageProcessingTime" : 120000.0,
      "networkCapacity" : {
        "interface-nodeJ ( nodeJ )" : {
          "DATARATE_TX" : 100.0,
          "DATARATE_RX" : 100.0
        }
      },
      "networkLoad" : {
        "interface-nodeJ ( nodeJ )" : {
          "(clientPoolD, nodeJ_c04, nodeJ_c04)" : {
            "AppCoordinates {com.bbn, test-service3, 1}" : {
              "DATARATE_TX" : 1.0000000000000018E-5,
              "DATARATE_RX" : 5.000000000000009E-6
            }
          },
          "(clientPoolI, nodeJ_c04, nodeJ_c04)" : {
            "AppCoordinates {com.bbn, test-service3, 1}" : {
              "DATARATE_TX" : 7.999999999999991E-6,
              "DATARATE_RX" : 3.999999999999996E-6
            }
          },
          "(clientPoolJ, nodeJ_c04, nodeJ_c04)" : {
            "AppCoordinates {com.bbn, test-service3, 1}" : {
              "DATARATE_TX" : 8.000000000000018E-6,
              "DATARATE_RX" : 4.000000000000009E-6
            }
          }
        }
      },
      "networkDemand" : {
        "interface-nodeJ ( nodeJ )" : {
          "(clientPoolD, nodeJ_c04, nodeJ_c04)" : {
            "AppCoordinates {com.bbn, test-service3, 1}" : {
              "DATARATE_TX" : 1.6434402332361477E-4,
              "DATARATE_RX" : 8.217201166180738E-5
            }
          },
          "(clientPoolI, nodeJ_c04, nodeJ_c04)" : {
            "AppCoordinates {com.bbn, test-service3, 1}" : {
              "DATARATE_TX" : 1.0419825072886273E-4,
              "DATARATE_RX" : 5.2099125364431364E-5
            }
          },
          "(clientPoolJ, nodeJ_c04, nodeJ_c04)" : {
            "AppCoordinates {com.bbn, test-service3, 1}" : {
              "DATARATE_TX" : 2.1193586005830816E-4,
              "DATARATE_RX" : 1.0596793002915408E-4
            }
          }
        }
      }
    },
    "nodeJ_c06" : {
      "containerName" : {
        "name" : "nodeJ_c06"
      },
      "timestamp" : 235507,
      "service" : {
        "group" : "com.bbn",
        "artifact" : "test-service3",
        "version" : "1"
      },
      "serviceStatus" : "RUNNING",
      "demandEstimationWindow" : "LONG",
      "computeCapacity" : {
        "CPU" : 1.0,
        "TASK_CONTAINERS" : 100.0,
        "QueueLength" : 1000000.0
      },
      "computeLoad" : {
        "UNKNOWN" : {
          "QueueLength" : 10.0,
          "TASK_CONTAINERS" : 5.0
        }
      },
      "computeDemand" : {
        "UNKNOWN" : {
          "QueueLength" : 76.7560975609756,
          "TASK_CONTAINERS" : 52.45
        }
      },
      "averageProcessingTime" : 120000.0,
      "networkCapacity" : {
        "interface-nodeJ ( nodeJ )" : {
          "DATARATE_TX" : 100.0,
          "DATARATE_RX" : 100.0
        }
      },
      "networkLoad" : {
        "interface-nodeJ ( nodeJ )" : {
          "(clientPoolD, nodeJ_c06, nodeJ_c06)" : {
            "AppCoordinates {com.bbn, test-service3, 1}" : {
              "DATARATE_TX" : 9.99999999999999E-6,
              "DATARATE_RX" : 4.999999999999995E-6
            }
          },
          "(clientPoolI, nodeJ_c06, nodeJ_c06)" : {
            "AppCoordinates {com.bbn, test-service3, 1}" : {
              "DATARATE_TX" : 1.9999999999999923E-6,
              "DATARATE_RX" : 9.999999999999961E-7
            }
          },
          "(clientPoolJ, nodeJ_c06, nodeJ_c06)" : {
            "AppCoordinates {com.bbn, test-service3, 1}" : {
              "DATARATE_TX" : 1.6000000000000016E-5,
              "DATARATE_RX" : 8.000000000000008E-6
            }
          }
        }
      },
      "networkDemand" : {
        "interface-nodeJ ( nodeJ )" : {
          "(clientPoolD, nodeJ_c06, nodeJ_c06)" : {
            "AppCoordinates {com.bbn, test-service3, 1}" : {
              "DATARATE_TX" : 1.1540585774058574E-4,
              "DATARATE_RX" : 5.770292887029287E-5
            }
          },
          "(clientPoolI, nodeJ_c06, nodeJ_c06)" : {
            "AppCoordinates {com.bbn, test-service3, 1}" : {
              "DATARATE_TX" : 7.213533834586471E-5,
              "DATARATE_RX" : 3.6067669172932356E-5
            }
          },
          "(clientPoolJ, nodeJ_c06, nodeJ_c06)" : {
            "AppCoordinates {com.bbn, test-service3, 1}" : {
              "DATARATE_TX" : 2.468619246861912E-4,
              "DATARATE_RX" : 1.234309623430956E-4
            }
          }
        }
      }
    },
    "nodeJ_c01" : {
      "containerName" : {
        "name" : "nodeJ_c01"
      },
      "timestamp" : 235508,
      "service" : {
        "group" : "com.bbn",
        "artifact" : "test-service3",
        "version" : "1"
      },
      "serviceStatus" : "RUNNING",
      "demandEstimationWindow" : "LONG",
      "computeCapacity" : {
        "CPU" : 1.0,
        "TASK_CONTAINERS" : 100.0,
        "QueueLength" : 1000000.0
      },
      "computeLoad" : {
        "UNKNOWN" : {
          "QueueLength" : 58.0,
          "TASK_CONTAINERS" : 29.0
        }
      },
      "computeDemand" : {
        "UNKNOWN" : {
          "QueueLength" : 65.25806451612904,
          "TASK_CONTAINERS" : 33.16393442622951
        }
      },
      "averageProcessingTime" : 120000.0,
      "networkCapacity" : {
        "interface-nodeJ ( nodeJ )" : {
          "DATARATE_TX" : 100.0,
          "DATARATE_RX" : 100.0
        }
      },
      "networkLoad" : {
        "interface-nodeJ ( nodeJ )" : {
          "(clientPoolD, nodeJ_c01, nodeJ_c01)" : {
            "AppCoordinates {com.bbn, test-service3, 1}" : {
              "DATARATE_TX" : 4.200000000000001E-5,
              "DATARATE_RX" : 2.1000000000000006E-5
            }
          },
          "(clientPoolI, nodeJ_c01, nodeJ_c01)" : {
            "AppCoordinates {com.bbn, test-service3, 1}" : {
              "DATARATE_TX" : 3.4000000000000007E-5,
              "DATARATE_RX" : 1.7000000000000003E-5
            }
          },
          "(clientPoolJ, nodeJ_c01, nodeJ_c01)" : {
            "AppCoordinates {com.bbn, test-service3, 1}" : {
              "DATARATE_TX" : 4.000000000000001E-5,
              "DATARATE_RX" : 2.0000000000000005E-5
            }
          }
        }
      },
      "networkDemand" : {
        "interface-nodeJ ( nodeJ )" : {
          "(clientPoolD, nodeJ_c01, nodeJ_c01)" : {
            "AppCoordinates {com.bbn, test-service3, 1}" : {
              "DATARATE_TX" : 4.91735537190082E-5,
              "DATARATE_RX" : 2.45867768595041E-5
            }
          },
          "(clientPoolI, nodeJ_c01, nodeJ_c01)" : {
            "AppCoordinates {com.bbn, test-service3, 1}" : {
              "DATARATE_TX" : 3.737190082644622E-5,
              "DATARATE_RX" : 1.868595041322311E-5
            }
          },
          "(clientPoolJ, nodeJ_c01, nodeJ_c01)" : {
            "AppCoordinates {com.bbn, test-service3, 1}" : {
              "DATARATE_TX" : 4.720661157024799E-5,
              "DATARATE_RX" : 2.3603305785123995E-5
            }
          }
        }
      }
    },
    "nodeJ_c00" : {
      "containerName" : {
        "name" : "nodeJ_c00"
      },
      "timestamp" : 235509,
      "service" : {
        "group" : "com.bbn",
        "artifact" : "test-service1",
        "version" : "1"
      },
      "serviceStatus" : "RUNNING",
      "demandEstimationWindow" : "LONG",
      "computeCapacity" : {
        "CPU" : 1.0,
        "TASK_CONTAINERS" : 100.0,
        "QueueLength" : 1000000.0
      },
      "computeLoad" : {
        "UNKNOWN" : {
          "QueueLength" : 200.0,
          "TASK_CONTAINERS" : 100.0
        }
      },
      "computeDemand" : {
        "UNKNOWN" : {
          "QueueLength" : 169.74861878453038,
          "TASK_CONTAINERS" : 84.87430939226519
        }
      },
      "averageProcessingTime" : 120000.0,
      "networkCapacity" : {
        "interface-nodeJ ( nodeJ )" : {
          "DATARATE_TX" : 100.0,
          "DATARATE_RX" : 100.0
        }
      },
      "networkLoad" : {
        "interface-nodeJ ( nodeJ )" : {
          "(clientPoolD, nodeJ_c00, nodeJ_c00)" : {
            "AppCoordinates {com.bbn, test-service1, 1}" : {
              "DATARATE_TX" : 0.0016000000000000259,
              "DATARATE_RX" : 8.000000000000129E-4
            }
          },
          "(clientPoolI, nodeJ_c00, nodeJ_c00)" : {
            "AppCoordinates {com.bbn, test-service1, 1}" : {
              "DATARATE_TX" : 0.0016000000000000259,
              "DATARATE_RX" : 8.000000000000129E-4
            }
          },
          "(clientPoolJ, nodeJ_c00, nodeJ_c00)" : {
            "AppCoordinates {com.bbn, test-service1, 1}" : {
              "DATARATE_TX" : 0.0016000000000000259,
              "DATARATE_RX" : 8.000000000000129E-4
            }
          }
        }
      },
      "networkDemand" : {
        "interface-nodeJ ( nodeJ )" : {
          "(clientPoolD, nodeJ_c00, nodeJ_c00)" : {
            "AppCoordinates {com.bbn, test-service1, 1}" : {
              "DATARATE_TX" : 5.367423822714708E-4,
              "DATARATE_RX" : 2.683711911357354E-4
            }
          },
          "(clientPoolI, nodeJ_c00, nodeJ_c00)" : {
            "AppCoordinates {com.bbn, test-service1, 1}" : {
              "DATARATE_TX" : 5.31335180055407E-4,
              "DATARATE_RX" : 2.656675900277035E-4
            }
          },
          "(clientPoolJ, nodeJ_c00, nodeJ_c00)" : {
            "AppCoordinates {com.bbn, test-service1, 1}" : {
              "DATARATE_TX" : 5.360387811634377E-4,
              "DATARATE_RX" : 2.6801939058171886E-4
            }
          }
        }
      }
    },
    "nodeJ_c03" : {
      "containerName" : {
        "name" : "nodeJ_c03"
      },
      "timestamp" : 235512,
      "service" : {
        "group" : "com.bbn",
        "artifact" : "test-service3",
        "version" : "1"
      },
      "serviceStatus" : "RUNNING",
      "demandEstimationWindow" : "LONG",
      "computeCapacity" : {
        "CPU" : 1.0,
        "TASK_CONTAINERS" : 100.0,
        "QueueLength" : 1000000.0
      },
      "computeLoad" : {
        "UNKNOWN" : {
          "QueueLength" : 12.0,
          "TASK_CONTAINERS" : 6.0
        }
      },
      "computeDemand" : {
        "UNKNOWN" : {
          "QueueLength" : 109.76168224299066,
          "TASK_CONTAINERS" : 80.99655172413793
        }
      },
      "averageProcessingTime" : 120000.0,
      "networkCapacity" : {
        "interface-nodeJ ( nodeJ )" : {
          "DATARATE_TX" : 100.0,
          "DATARATE_RX" : 100.0
        }
      },
      "networkLoad" : {
        "interface-nodeJ ( nodeJ )" : {
          "(clientPoolD, nodeJ_c03, nodeJ_c03)" : {
            "AppCoordinates {com.bbn, test-service3, 1}" : {
              "DATARATE_TX" : 7.999999999999991E-6,
              "DATARATE_RX" : 3.999999999999996E-6
            }
          },
          "(clientPoolJ, nodeJ_c03, nodeJ_c03)" : {
            "AppCoordinates {com.bbn, test-service3, 1}" : {
              "DATARATE_TX" : 5.999999999999992E-6,
              "DATARATE_RX" : 2.999999999999996E-6
            }
          },
          "(clientPoolI, nodeJ_c03, nodeJ_c03)" : {
            "AppCoordinates {com.bbn, test-service3, 1}" : {
              "DATARATE_TX" : 9.99999999999999E-6,
              "DATARATE_RX" : 4.999999999999995E-6
            }
          }
        }
      },
      "networkDemand" : {
        "interface-nodeJ ( nodeJ )" : {
          "(clientPoolD, nodeJ_c03, nodeJ_c03)" : {
            "AppCoordinates {com.bbn, test-service3, 1}" : {
              "DATARATE_TX" : 1.1393006993006955E-4,
              "DATARATE_RX" : 5.6965034965034775E-5
            }
          },
          "(clientPoolJ, nodeJ_c03, nodeJ_c03)" : {
            "AppCoordinates {com.bbn, test-service3, 1}" : {
              "DATARATE_TX" : 1.5822222222222184E-4,
              "DATARATE_RX" : 7.911111111111092E-5
            }
          },
          "(clientPoolI, nodeJ_c03, nodeJ_c03)" : {
            "AppCoordinates {com.bbn, test-service3, 1}" : {
              "DATARATE_TX" : 5.897014925373139E-5,
              "DATARATE_RX" : 2.9485074626865695E-5
            }
          }
        }
      }
    },
    "nodeJ_c02" : {
      "containerName" : {
        "name" : "nodeJ_c02"
      },
      "timestamp" : 235513,
      "service" : {
        "group" : "com.bbn",
        "artifact" : "test-service3",
        "version" : "1"
      },
      "serviceStatus" : "RUNNING",
      "demandEstimationWindow" : "LONG",
      "computeCapacity" : {
        "CPU" : 1.0,
        "TASK_CONTAINERS" : 100.0,
        "QueueLength" : 1000000.0
      },
      "computeLoad" : {
        "UNKNOWN" : {
          "QueueLength" : 0.0,
          "TASK_CONTAINERS" : 0.0
        }
      },
      "computeDemand" : {
        "UNKNOWN" : {
          "QueueLength" : 132.5718232044199,
          "TASK_CONTAINERS" : 66.83983286908078
        }
      },
      "averageProcessingTime" : 120000.0,
      "networkCapacity" : {
        "interface-nodeJ ( nodeJ )" : {
          "DATARATE_TX" : 100.0,
          "DATARATE_RX" : 100.0
        }
      },
      "networkLoad" : {
        "interface-nodeJ ( nodeJ )" : {
          "(clientPoolD, nodeJ_c02, nodeJ_c02)" : {
            "AppCoordinates {com.bbn, test-service3, 1}" : {
              "DATARATE_TX" : 4.0000000000000735E-6,
              "DATARATE_RX" : 2.0000000000000368E-6
            }
          },
          "(clientPoolI, nodeJ_c02, nodeJ_c02)" : {
            "AppCoordinates {com.bbn, test-service3, 1}" : {
              "DATARATE_TX" : 8.000000000000072E-6,
              "DATARATE_RX" : 4.000000000000036E-6
            }
          },
          "(clientPoolJ, nodeJ_c02, nodeJ_c02)" : {
            "AppCoordinates {com.bbn, test-service3, 1}" : {
              "DATARATE_TX" : 8.000000000000072E-6,
              "DATARATE_RX" : 4.000000000000036E-6
            }
          }
        }
      },
      "networkDemand" : {
        "interface-nodeJ ( nodeJ )" : {
          "(clientPoolD, nodeJ_c02, nodeJ_c02)" : {
            "AppCoordinates {com.bbn, test-service3, 1}" : {
              "DATARATE_TX" : 2.9356424581005624E-4,
              "DATARATE_RX" : 1.4678212290502812E-4
            }
          },
          "(clientPoolI, nodeJ_c02, nodeJ_c02)" : {
            "AppCoordinates {com.bbn, test-service3, 1}" : {
              "DATARATE_TX" : 2.2651955307262665E-4,
              "DATARATE_RX" : 1.1325977653631333E-4
            }
          },
          "(clientPoolJ, nodeJ_c02, nodeJ_c02)" : {
            "AppCoordinates {com.bbn, test-service3, 1}" : {
              "DATARATE_TX" : 3.565586592178767E-4,
              "DATARATE_RX" : 1.7827932960893836E-4
            }
          }
        }
      }
    }
  },
  "maximumServiceContainers" : 8,
  "allocatedServiceContainers" : 7,
  "computeDemand" : {
    "AppCoordinates {com.bbn, test-service3, 1}" : {
      "UNKNOWN" : {
        "QueueLength" : 523.0413091430123,
        "TASK_CONTAINERS" : 303.2003190194482
      }
    },
    "AppCoordinates {com.bbn, test-service2, 1}" : {
      "UNKNOWN" : {
        "QueueLength" : 129.0373831775701,
        "TASK_CONTAINERS" : 80.27325581395348
      }
    },
    "AppCoordinates {com.bbn, test-service1, 1}" : {
      "UNKNOWN" : {
        "QueueLength" : 169.74861878453038,
        "TASK_CONTAINERS" : 84.87430939226519
      }
    }
  },
  "containerNetworkLoad" : {
    "interface-nodeJ ( nodeJ )" : {
      "(clientPoolI, nodeJ_c02, nodeJ_c02)" : {
        "AppCoordinates {com.bbn, test-service3, 1}" : {
          "DATARATE_TX" : 8.000000000000072E-6,
          "DATARATE_RX" : 4.000000000000036E-6
        }
      },
      "(clientPoolJ, nodeJ_c03, nodeJ_c03)" : {
        "AppCoordinates {com.bbn, test-service3, 1}" : {
          "DATARATE_TX" : 5.999999999999992E-6,
          "DATARATE_RX" : 2.999999999999996E-6
        }
      },
      "(clientPoolJ, nodeJ_c02, nodeJ_c02)" : {
        "AppCoordinates {com.bbn, test-service3, 1}" : {
          "DATARATE_TX" : 8.000000000000072E-6,
          "DATARATE_RX" : 4.000000000000036E-6
        }
      },
      "(clientPoolI, nodeJ_c01, nodeJ_c01)" : {
        "AppCoordinates {com.bbn, test-service3, 1}" : {
          "DATARATE_TX" : 3.4000000000000007E-5,
          "DATARATE_RX" : 1.7000000000000003E-5
        }
      },
      "(clientPoolI, nodeJ_c04, nodeJ_c04)" : {
        "AppCoordinates {com.bbn, test-service3, 1}" : {
          "DATARATE_TX" : 7.999999999999991E-6,
          "DATARATE_RX" : 3.999999999999996E-6
        }
      },
      "(clientPoolJ, nodeJ_c05, nodeJ_c05)" : {
        "AppCoordinates {com.bbn, test-service2, 1}" : {
          "DATARATE_TX" : 5.239999999999997E-4,
          "DATARATE_RX" : 2.6199999999999986E-4
        }
      },
      "(clientPoolI, nodeJ_c03, nodeJ_c03)" : {
        "AppCoordinates {com.bbn, test-service3, 1}" : {
          "DATARATE_TX" : 9.99999999999999E-6,
          "DATARATE_RX" : 4.999999999999995E-6
        }
      },
      "(clientPoolJ, nodeJ_c04, nodeJ_c04)" : {
        "AppCoordinates {com.bbn, test-service3, 1}" : {
          "DATARATE_TX" : 8.000000000000018E-6,
          "DATARATE_RX" : 4.000000000000009E-6
        }
      },
      "(clientPoolI, nodeJ_c00, nodeJ_c00)" : {
        "AppCoordinates {com.bbn, test-service1, 1}" : {
          "DATARATE_TX" : 0.0016000000000000259,
          "DATARATE_RX" : 8.000000000000129E-4
        }
      },
      "(clientPoolJ, nodeJ_c01, nodeJ_c01)" : {
        "AppCoordinates {com.bbn, test-service3, 1}" : {
          "DATARATE_TX" : 4.000000000000001E-5,
          "DATARATE_RX" : 2.0000000000000005E-5
        }
      },
      "(clientPoolJ, nodeJ_c00, nodeJ_c00)" : {
        "AppCoordinates {com.bbn, test-service1, 1}" : {
          "DATARATE_TX" : 0.0016000000000000259,
          "DATARATE_RX" : 8.000000000000129E-4
        }
      },
      "(clientPoolD, nodeJ_c05, nodeJ_c05)" : {
        "AppCoordinates {com.bbn, test-service2, 1}" : {
          "DATARATE_TX" : 5.239999999999997E-4,
          "DATARATE_RX" : 2.6199999999999986E-4
        }
      },
      "(clientPoolD, nodeJ_c04, nodeJ_c04)" : {
        "AppCoordinates {com.bbn, test-service3, 1}" : {
          "DATARATE_TX" : 1.0000000000000018E-5,
          "DATARATE_RX" : 5.000000000000009E-6
        }
      },
      "(clientPoolD, nodeJ_c06, nodeJ_c06)" : {
        "AppCoordinates {com.bbn, test-service3, 1}" : {
          "DATARATE_TX" : 9.99999999999999E-6,
          "DATARATE_RX" : 4.999999999999995E-6
        }
      },
      "(clientPoolD, nodeJ_c01, nodeJ_c01)" : {
        "AppCoordinates {com.bbn, test-service3, 1}" : {
          "DATARATE_TX" : 4.200000000000001E-5,
          "DATARATE_RX" : 2.1000000000000006E-5
        }
      },
      "(clientPoolI, nodeJ_c06, nodeJ_c06)" : {
        "AppCoordinates {com.bbn, test-service3, 1}" : {
          "DATARATE_TX" : 1.9999999999999923E-6,
          "DATARATE_RX" : 9.999999999999961E-7
        }
      },
      "(clientPoolD, nodeJ_c00, nodeJ_c00)" : {
        "AppCoordinates {com.bbn, test-service1, 1}" : {
          "DATARATE_TX" : 0.0016000000000000259,
          "DATARATE_RX" : 8.000000000000129E-4
        }
      },
      "(clientPoolJ, nodeJ_c06, nodeJ_c06)" : {
        "AppCoordinates {com.bbn, test-service3, 1}" : {
          "DATARATE_TX" : 1.6000000000000016E-5,
          "DATARATE_RX" : 8.000000000000008E-6
        }
      },
      "(clientPoolI, nodeJ_c05, nodeJ_c05)" : {
        "AppCoordinates {com.bbn, test-service2, 1}" : {
          "DATARATE_TX" : 5.239999999999997E-4,
          "DATARATE_RX" : 2.6199999999999986E-4
        }
      },
      "(clientPoolD, nodeJ_c03, nodeJ_c03)" : {
        "AppCoordinates {com.bbn, test-service3, 1}" : {
          "DATARATE_TX" : 7.999999999999991E-6,
          "DATARATE_RX" : 3.999999999999996E-6
        }
      },
      "(clientPoolD, nodeJ_c02, nodeJ_c02)" : {
        "AppCoordinates {com.bbn, test-service3, 1}" : {
          "DATARATE_TX" : 4.0000000000000735E-6,
          "DATARATE_RX" : 2.0000000000000368E-6
        }
      }
    }
  },
  "containerNetworkDemand" : {
    "interface-nodeJ ( nodeJ )" : {
      "(clientPoolI, nodeJ_c02, nodeJ_c02)" : {
        "AppCoordinates {com.bbn, test-service3, 1}" : {
          "DATARATE_TX" : 2.2651955307262665E-4,
          "DATARATE_RX" : 1.1325977653631333E-4
        }
      },
      "(clientPoolJ, nodeJ_c03, nodeJ_c03)" : {
        "AppCoordinates {com.bbn, test-service3, 1}" : {
          "DATARATE_TX" : 1.5822222222222184E-4,
          "DATARATE_RX" : 7.911111111111092E-5
        }
      },
      "(clientPoolJ, nodeJ_c02, nodeJ_c02)" : {
        "AppCoordinates {com.bbn, test-service3, 1}" : {
          "DATARATE_TX" : 3.565586592178767E-4,
          "DATARATE_RX" : 1.7827932960893836E-4
        }
      },
      "(clientPoolI, nodeJ_c01, nodeJ_c01)" : {
        "AppCoordinates {com.bbn, test-service3, 1}" : {
          "DATARATE_TX" : 3.737190082644622E-5,
          "DATARATE_RX" : 1.868595041322311E-5
        }
      },
      "(clientPoolI, nodeJ_c04, nodeJ_c04)" : {
        "AppCoordinates {com.bbn, test-service3, 1}" : {
          "DATARATE_TX" : 1.0419825072886273E-4,
          "DATARATE_RX" : 5.2099125364431364E-5
        }
      },
      "(clientPoolJ, nodeJ_c05, nodeJ_c05)" : {
        "AppCoordinates {com.bbn, test-service2, 1}" : {
          "DATARATE_TX" : 3.253450292397658E-4,
          "DATARATE_RX" : 1.626725146198829E-4
        }
      },
      "(clientPoolI, nodeJ_c03, nodeJ_c03)" : {
        "AppCoordinates {com.bbn, test-service3, 1}" : {
          "DATARATE_TX" : 5.897014925373139E-5,
          "DATARATE_RX" : 2.9485074626865695E-5
        }
      },
      "(clientPoolJ, nodeJ_c04, nodeJ_c04)" : {
        "AppCoordinates {com.bbn, test-service3, 1}" : {
          "DATARATE_TX" : 2.1193586005830816E-4,
          "DATARATE_RX" : 1.0596793002915408E-4
        }
      },
      "(clientPoolI, nodeJ_c00, nodeJ_c00)" : {
        "AppCoordinates {com.bbn, test-service1, 1}" : {
          "DATARATE_TX" : 5.31335180055407E-4,
          "DATARATE_RX" : 2.656675900277035E-4
        }
      },
      "(clientPoolJ, nodeJ_c01, nodeJ_c01)" : {
        "AppCoordinates {com.bbn, test-service3, 1}" : {
          "DATARATE_TX" : 4.720661157024799E-5,
          "DATARATE_RX" : 2.3603305785123995E-5
        }
      },
      "(clientPoolJ, nodeJ_c00, nodeJ_c00)" : {
        "AppCoordinates {com.bbn, test-service1, 1}" : {
          "DATARATE_TX" : 5.360387811634377E-4,
          "DATARATE_RX" : 2.6801939058171886E-4
        }
      },
      "(clientPoolD, nodeJ_c05, nodeJ_c05)" : {
        "AppCoordinates {com.bbn, test-service2, 1}" : {
          "DATARATE_TX" : 2.91719298245614E-4,
          "DATARATE_RX" : 1.45859649122807E-4
        }
      },
      "(clientPoolD, nodeJ_c04, nodeJ_c04)" : {
        "AppCoordinates {com.bbn, test-service3, 1}" : {
          "DATARATE_TX" : 1.6434402332361477E-4,
          "DATARATE_RX" : 8.217201166180738E-5
        }
      },
      "(clientPoolD, nodeJ_c06, nodeJ_c06)" : {
        "AppCoordinates {com.bbn, test-service3, 1}" : {
          "DATARATE_TX" : 1.1540585774058574E-4,
          "DATARATE_RX" : 5.770292887029287E-5
        }
      },
      "(clientPoolD, nodeJ_c01, nodeJ_c01)" : {
        "AppCoordinates {com.bbn, test-service3, 1}" : {
          "DATARATE_TX" : 4.91735537190082E-5,
          "DATARATE_RX" : 2.45867768595041E-5
        }
      },
      "(clientPoolI, nodeJ_c06, nodeJ_c06)" : {
        "AppCoordinates {com.bbn, test-service3, 1}" : {
          "DATARATE_TX" : 7.213533834586471E-5,
          "DATARATE_RX" : 3.6067669172932356E-5
        }
      },
      "(clientPoolD, nodeJ_c00, nodeJ_c00)" : {
        "AppCoordinates {com.bbn, test-service1, 1}" : {
          "DATARATE_TX" : 5.367423822714708E-4,
          "DATARATE_RX" : 2.683711911357354E-4
        }
      },
      "(clientPoolJ, nodeJ_c06, nodeJ_c06)" : {
        "AppCoordinates {com.bbn, test-service3, 1}" : {
          "DATARATE_TX" : 2.468619246861912E-4,
          "DATARATE_RX" : 1.234309623430956E-4
        }
      },
      "(clientPoolI, nodeJ_c05, nodeJ_c05)" : {
        "AppCoordinates {com.bbn, test-service2, 1}" : {
          "DATARATE_TX" : 3.0842105263157804E-4,
          "DATARATE_RX" : 1.5421052631578902E-4
        }
      },
      "(clientPoolD, nodeJ_c03, nodeJ_c03)" : {
        "AppCoordinates {com.bbn, test-service3, 1}" : {
          "DATARATE_TX" : 1.1393006993006955E-4,
          "DATARATE_RX" : 5.6965034965034775E-5
        }
      },
      "(clientPoolD, nodeJ_c02, nodeJ_c02)" : {
        "AppCoordinates {com.bbn, test-service3, 1}" : {
          "DATARATE_TX" : 2.9356424581005624E-4,
          "DATARATE_RX" : 1.4678212290502812E-4
        }
      }
    }
  },
  "computeLoad" : {
    "AppCoordinates {com.bbn, test-service3, 1}" : {
      "UNKNOWN" : {
        "QueueLength" : 80.0,
        "TASK_CONTAINERS" : 40.0
      }
    },
    "AppCoordinates {com.bbn, test-service2, 1}" : {
      "UNKNOWN" : {
        "QueueLength" : 200.0,
        "TASK_CONTAINERS" : 100.0
      }
    },
    "AppCoordinates {com.bbn, test-service1, 1}" : {
      "UNKNOWN" : {
        "QueueLength" : 200.0,
        "TASK_CONTAINERS" : 100.0
      }
    }
  },
  "availableServiceContainers" : 1,
  "averageProcessingTime" : {
    "AppCoordinates {com.bbn, test-service3, 1}" : 120000.0,
    "AppCoordinates {com.bbn, test-service2, 1}" : 120000.0,
    "AppCoordinates {com.bbn, test-service1, 1}" : 120000.0
  },
  "allocatedComputeCapacity" : {
    "CPU" : 7.0,
    "QueueLength" : 7000000.0,
    "TASK_CONTAINERS" : 700.0
  }
}