{
  "region" : {
    "name" : "F"
  },
  "timestamp" : 346497,
  "plan" : {
    "AppCoordinates {com.bbn, test-service3, 1}" : {
      "A" : 0.5162473225161573,
      "B" : 0.06910752535483466,
      "C" : 0.06910752535483466,
      "D" : 0.06910752535483466,
      "K" : 0.06910752535483466,
      "L" : 0.06910752535483466,
      "O" : 0.06910752535483466,
      "F" : 0.06910752535483466
    },
    "AppCoordinates {com.bbn, test-service2, 1}" : {
      "A" : 1.0,
      "B" : 0.0,
      "C" : 0.0,
      "D" : 0.0,
      "K" : 0.0,
      "L" : 0.0,
      "O" : 0.0,
      "F" : 0.0
    },
    "AppCoordinates {com.bbn, test-service1, 1}" : {
      "A" : 1.0,
      "B" : 0.0,
      "C" : 0.0,
      "D" : 0.0,
      "K" : 0.0,
      "L" : 0.0,
      "O" : 0.0,
      "F" : 0.0
    }
  }
}