{
  "AppCoordinates {com.bbn, test-service3, 1}" : {
    "serverDemand" : {
      "C" : {
        "QueueLength" : 382.16303452037596,
        "TASK_CONTAINERS" : 208.90467223686696
      },
      "E" : {
        "QueueLength" : 386.0850365097493,
        "TASK_CONTAINERS" : 210.65126757107438
      }
    }
  },
  "AppCoordinates {com.bbn, test-service2, 1}" : {
    "serverDemand" : {
      "C" : {
        "QueueLength" : 76.61520856005937,
        "TASK_CONTAINERS" : 38.307604280029686
      },
      "E" : {
        "QueueLength" : 71.64517925157499,
        "TASK_CONTAINERS" : 35.822589625787494
      }
    }
  },
  "AppCoordinates {com.bbn, test-service1, 1}" : {
    "serverDemand" : {
      "C" : {
        "QueueLength" : 72.5382772145904,
        "TASK_CONTAINERS" : 36.2691386072952
      },
      "E" : {
        "QueueLength" : 71.20964522308275,
        "TASK_CONTAINERS" : 35.60482261154137
      }
    }
  }
}