415,1,DNS_UPDATE_SUCCEEDED
443,1,DCOP_PLAN_PLUBLIED
455,1,RLG_PLAN_PUBLISHED
105638,212,DCOP_PLAN_PLUBLIED
108435,217,RLG_PLAN_PUBLISHED
108570,218,DNS_UPDATE_SUCCEEDED
109062,219,DNS_UPDATE_SUCCEEDED
111433,223,RLG_PLAN_PUBLISHED
111571,224,DNS_UPDATE_SUCCEEDED
123433,247,RLG_PLAN_PUBLISHED
123570,248,DNS_UPDATE_SUCCEEDED
124096,249,DNS_UPDATE_SUCCEEDED
126433,253,RLG_PLAN_PUBLISHED
126574,254,DNS_UPDATE_SUCCEEDED
165612,332,DCOP_PLAN_PLUBLIED
168436,337,RLG_PLAN_PUBLISHED
168593,338,DNS_UPDATE_SUCCEEDED
169090,339,DNS_UPDATE_SUCCEEDED
171438,343,RLG_PLAN_PUBLISHED
171595,344,DNS_UPDATE_SUCCEEDED
189442,379,RLG_PLAN_PUBLISHED
189607,380,DNS_UPDATE_SUCCEEDED
192437,385,RLG_PLAN_PUBLISHED
192604,386,DNS_UPDATE_SUCCEEDED
193110,387,DNS_UPDATE_SUCCEEDED
195439,391,RLG_PLAN_PUBLISHED
195607,392,DNS_UPDATE_SUCCEEDED
225575,451,DCOP_PLAN_PLUBLIED
228440,457,RLG_PLAN_PUBLISHED
228623,458,DNS_UPDATE_SUCCEEDED
229123,459,DNS_UPDATE_SUCCEEDED
231445,463,RLG_PLAN_PUBLISHED
231629,464,DNS_UPDATE_SUCCEEDED
232123,465,DNS_UPDATE_SUCCEEDED
234437,469,RLG_PLAN_PUBLISHED
234625,470,DNS_UPDATE_SUCCEEDED
240437,481,RLG_PLAN_PUBLISHED
240631,482,DNS_UPDATE_SUCCEEDED
241140,483,DNS_UPDATE_SUCCEEDED
243438,487,RLG_PLAN_PUBLISHED
243642,488,DNS_UPDATE_SUCCEEDED
249441,499,RLG_PLAN_PUBLISHED
249637,500,DNS_UPDATE_SUCCEEDED
250137,501,DNS_UPDATE_SUCCEEDED
252441,505,RLG_PLAN_PUBLISHED
252638,506,DNS_UPDATE_SUCCEEDED
285561,571,DCOP_PLAN_PLUBLIED
288443,577,RLG_PLAN_PUBLISHED
288660,578,DNS_UPDATE_SUCCEEDED
345621,691,DCOP_PLAN_PLUBLIED
348450,697,RLG_PLAN_PUBLISHED
348674,698,DNS_UPDATE_SUCCEEDED
354454,709,RLG_PLAN_PUBLISHED
354678,710,DNS_UPDATE_SUCCEEDED
355177,711,DNS_UPDATE_SUCCEEDED
357452,715,RLG_PLAN_PUBLISHED
357681,716,DNS_UPDATE_SUCCEEDED
405600,811,DCOP_PLAN_PLUBLIED
408455,817,RLG_PLAN_PUBLISHED
408717,818,DNS_UPDATE_SUCCEEDED
409223,819,DNS_UPDATE_SUCCEEDED
411457,823,RLG_PLAN_PUBLISHED
411729,824,DNS_UPDATE_SUCCEEDED
412230,825,DNS_UPDATE_SUCCEEDED
414455,829,RLG_PLAN_PUBLISHED
414731,830,DNS_UPDATE_SUCCEEDED
465464,931,RLG_PLAN_PUBLISHED
465598,931,DCOP_PLAN_PLUBLIED
465764,932,DNS_UPDATE_SUCCEEDED
468460,937,RLG_PLAN_PUBLISHED
468763,938,DNS_UPDATE_SUCCEEDED
469263,939,DNS_UPDATE_SUCCEEDED
471465,943,RLG_PLAN_PUBLISHED
471774,944,DNS_UPDATE_SUCCEEDED
474460,949,RLG_PLAN_PUBLISHED
474778,950,DNS_UPDATE_SUCCEEDED
477463,955,RLG_PLAN_PUBLISHED
477779,956,DNS_UPDATE_SUCCEEDED
478280,957,DNS_UPDATE_SUCCEEDED
480462,961,RLG_PLAN_PUBLISHED
480783,962,DNS_UPDATE_SUCCEEDED
483461,967,RLG_PLAN_PUBLISHED
483785,968,DNS_UPDATE_SUCCEEDED
486463,973,RLG_PLAN_PUBLISHED
486784,974,DNS_UPDATE_SUCCEEDED
487283,975,DNS_UPDATE_SUCCEEDED
489461,979,RLG_PLAN_PUBLISHED
489785,980,DNS_UPDATE_SUCCEEDED
516464,1033,RLG_PLAN_PUBLISHED
516814,1034,DNS_UPDATE_SUCCEEDED
517312,1035,DNS_UPDATE_SUCCEEDED
519464,1039,RLG_PLAN_PUBLISHED
519814,1040,DNS_UPDATE_SUCCEEDED
520315,1041,DNS_UPDATE_SUCCEEDED
522463,1045,RLG_PLAN_PUBLISHED
522813,1046,DNS_UPDATE_SUCCEEDED
525580,1051,DCOP_PLAN_PLUBLIED
528465,1057,RLG_PLAN_PUBLISHED
528816,1058,DNS_UPDATE_SUCCEEDED
585563,1171,DCOP_PLAN_PLUBLIED
588470,1177,RLG_PLAN_PUBLISHED
588859,1178,DNS_UPDATE_SUCCEEDED
630002,1261,DNS_UPDATE_SUCCEEDED
630002,1291,DCOP_PLAN_PLUBLIED
