{
  "region" : {
    "name" : "I"
  },
  "timestamp" : 168793,
  "servicePlan" : {
    "nodeI" : [ {
      "id" : null,
      "service" : {
        "group" : "com.bbn",
        "artifact" : "test-service3",
        "version" : "1"
      },
      "weight" : 1.0,
      "stopTrafficTo" : false,
      "stop" : false
    }, {
      "id" : {
        "name" : "nodeI_c01"
      },
      "service" : {
        "group" : "com.bbn",
        "artifact" : "test-service2",
        "version" : "1"
      },
      "weight" : 1.0,
      "stopTrafficTo" : false,
      "stop" : true
    }, {
      "id" : {
        "name" : "nodeI_c00"
      },
      "service" : {
        "group" : "com.bbn",
        "artifact" : "test-service2",
        "version" : "1"
      },
      "weight" : 1.0,
      "stopTrafficTo" : false,
      "stop" : true
    } ]
  },
  "overflowPlan" : {
    "AppCoordinates {com.bbn, test-service3, 1}" : {
      "A" : 0.0,
      "B" : 0.0,
      "C" : 0.0,
      "G" : 0.0,
      "H" : 0.0,
      "J" : 0.6856912695547216,
      "I" : 0.3143087304452784
    },
    "AppCoordinates {com.bbn, test-service2, 1}" : {
      "A" : 0.0,
      "B" : 0.0,
      "C" : 0.0,
      "G" : 0.0,
      "H" : 0.0,
      "J" : 1.0,
      "I" : 0.0
    },
    "AppCoordinates {com.bbn, test-service1, 1}" : {
      "A" : 0.0,
      "B" : 0.0,
      "C" : 0.0,
      "G" : 0.0,
      "H" : 0.0,
      "J" : 1.0,
      "I" : 0.0
    }
  }
}