262,1,DNS_UPDATE_SUCCEEDED
42396,85,DCOP_PLAN_PLUBLIED
42396,85,RLG_PLAN_PUBLISHED
42900,86,DNS_UPDATE_SUCCEEDED
222500,442,DCOP_PLAN_PLUBLIED
222659,442,RLG_PLAN_PUBLISHED
342569,679,DCOP_PLAN_PLUBLIED
342877,680,RLG_PLAN_PUBLISHED
343186,681,DNS_UPDATE_SUCCEEDED
462891,916,DCOP_PLAN_PLUBLIED
463210,917,RLG_PLAN_PUBLISHED
463638,918,DNS_UPDATE_SUCCEEDED
582884,1152,DCOP_PLAN_PLUBLIED
583583,1154,RLG_PLAN_PUBLISHED
584055,1155,DNS_UPDATE_SUCCEEDED
702928,1388,DCOP_PLAN_PLUBLIED
703933,1390,RLG_PLAN_PUBLISHED
703980,1391,DNS_UPDATE_SUCCEEDED
822935,1625,DCOP_PLAN_PLUBLIED
824284,1627,RLG_PLAN_PUBLISHED
824313,1628,DNS_UPDATE_SUCCEEDED
942903,1861,DCOP_PLAN_PLUBLIED
944643,1864,RLG_PLAN_PUBLISHED
944808,1865,DNS_UPDATE_SUCCEEDED
1062938,2097,DCOP_PLAN_PLUBLIED
1064962,2101,RLG_PLAN_PUBLISHED
1065253,2102,DNS_UPDATE_SUCCEEDED
1182465,2332,DCOP_PLAN_PLUBLIED
1185285,2338,RLG_PLAN_PUBLISHED
1185641,2339,DNS_UPDATE_SUCCEEDED
1302894,2569,DCOP_PLAN_PLUBLIED
1305615,2575,RLG_PLAN_PUBLISHED
1306048,2576,DNS_UPDATE_SUCCEEDED
1422515,2805,DCOP_PLAN_PLUBLIED
1422906,2806,RLG_PLAN_PUBLISHED
1423308,2807,DNS_UPDATE_SUCCEEDED
1542520,3041,DCOP_PLAN_PLUBLIED
1543258,3043,RLG_PLAN_PUBLISHED
1543624,3044,DNS_UPDATE_SUCCEEDED
1662949,3279,DCOP_PLAN_PLUBLIED
1663619,3280,RLG_PLAN_PUBLISHED
1663893,3281,DNS_UPDATE_SUCCEEDED
1782922,3515,DCOP_PLAN_PLUBLIED
1783954,3517,RLG_PLAN_PUBLISHED
1784291,3518,DNS_UPDATE_SUCCEEDED
