{
  "region" : {
    "name" : "G"
  },
  "nodeResourceReports" : [ {
    "nodeName" : {
      "name" : "nodeG"
    },
    "timestamp" : 388486,
    "demandEstimationWindow" : "SHORT",
    "nodeComputeCapacity" : {
      "CPU" : 4.0,
      "MEMORY" : 8.0E9,
      "DISK" : 10.0,
      "TASK_CONTAINERS" : 20.0
    },
    "networkCapacity" : {
      "interface-nodeE ( nodeE )" : {
        "DATARATE_RX" : 100.0,
        "DATARATE_TX" : 100.0
      },
      "interface-nodeB ( nodeB )" : {
        "DATARATE_RX" : 100.0,
        "DATARATE_TX" : 100.0
      },
      "interface-nodeL ( nodeL )" : {
        "DATARATE_RX" : 100.0,
        "DATARATE_TX" : 100.0
      },
      "interface-nodeJ ( nodeJ )" : {
        "DATARATE_RX" : 100.0,
        "DATARATE_TX" : 100.0
      },
      "interface-nodeA ( nodeA )" : {
        "DATARATE_RX" : 100.0,
        "DATARATE_TX" : 100.0
      },
      "interface-nodeN ( nodeN )" : {
        "DATARATE_RX" : 100.0,
        "DATARATE_TX" : 100.0
      },
      "interface-nodeO ( nodeO )" : {
        "DATARATE_RX" : 100.0,
        "DATARATE_TX" : 100.0
      }
    },
    "networkLoad" : {
      "interface-nodeE ( nodeE )" : { },
      "interface-nodeB ( nodeB )" : { },
      "interface-nodeL ( nodeL )" : { },
      "interface-nodeJ ( nodeJ )" : {
        "(nodeG_c02, clientPoolJ, nodeG_c02)" : {
          "AppCoordinates {com.bbn, test-service3, 1}" : {
            "DATARATE_TX" : 0.0,
            "DATARATE_RX" : 0.0
          }
        },
        "(nodeG_c00, clientPoolJ, nodeG_c00)" : {
          "AppCoordinates {com.bbn, test-service3, 1}" : {
            "DATARATE_TX" : 4.199999999999999E-5,
            "DATARATE_RX" : 8.399999999999998E-5
          }
        }
      },
      "interface-nodeA ( nodeA )" : {
        "(nodeG_c02, clientPoolA, nodeG_c02)" : {
          "AppCoordinates {com.bbn, test-service3, 1}" : {
            "DATARATE_TX" : 0.0,
            "DATARATE_RX" : 0.0
          }
        },
        "(nodeG_c01, clientPoolA, nodeG_c01)" : {
          "AppCoordinates {com.bbn, test-service2, 1}" : {
            "DATARATE_TX" : 3.0000000000000008E-5,
            "DATARATE_RX" : 6.0000000000000015E-5
          }
        },
        "(nodeG_c00, clientPoolA, nodeG_c00)" : {
          "AppCoordinates {com.bbn, test-service3, 1}" : {
            "DATARATE_TX" : 3.8999999999999986E-5,
            "DATARATE_RX" : 7.799999999999997E-5
          }
        },
        "(nodeG_c03, clientPoolA, nodeG_c03)" : {
          "AppCoordinates {com.bbn, test-service2, 1}" : {
            "DATARATE_TX" : -4.2351647362715017E-22,
            "DATARATE_RX" : -8.470329472543003E-22
          }
        }
      },
      "interface-nodeN ( nodeN )" : { },
      "interface-nodeO ( nodeO )" : { }
    },
    "networkDemand" : {
      "interface-nodeE ( nodeE )" : { },
      "interface-nodeB ( nodeB )" : { },
      "interface-nodeA ( nodeA )" : {
        "(nodeG_c02, clientPoolA, nodeG_c02)" : {
          "AppCoordinates {com.bbn, test-service3, 1}" : {
            "DATARATE_TX" : 0.0,
            "DATARATE_RX" : 0.0
          }
        },
        "(nodeG_c01, clientPoolA, nodeG_c01)" : {
          "AppCoordinates {com.bbn, test-service2, 1}" : {
            "DATARATE_TX" : 3.0000000000000004E-5,
            "DATARATE_RX" : 6.000000000000001E-5
          }
        },
        "(nodeG_c00, clientPoolA, nodeG_c00)" : {
          "AppCoordinates {com.bbn, test-service3, 1}" : {
            "DATARATE_TX" : 3.899999999999998E-5,
            "DATARATE_RX" : 7.799999999999996E-5
          }
        },
        "(nodeG_c03, clientPoolA, nodeG_c03)" : {
          "AppCoordinates {com.bbn, test-service2, 1}" : {
            "DATARATE_TX" : -4.2351647362715017E-22,
            "DATARATE_RX" : -8.470329472543003E-22
          }
        }
      },
      "interface-nodeO ( nodeO )" : { },
      "interface-nodeN ( nodeN )" : { },
      "interface-nodeL ( nodeL )" : { },
      "interface-nodeJ ( nodeJ )" : {
        "(nodeG_c02, clientPoolJ, nodeG_c02)" : {
          "AppCoordinates {com.bbn, test-service3, 1}" : {
            "DATARATE_TX" : 0.0,
            "DATARATE_RX" : 0.0
          }
        },
        "(nodeG_c00, clientPoolJ, nodeG_c00)" : {
          "AppCoordinates {com.bbn, test-service3, 1}" : {
            "DATARATE_TX" : 4.199999999999999E-5,
            "DATARATE_RX" : 8.399999999999998E-5
          }
        }
      }
    },
    "containerReports" : {
      "nodeG_c01" : {
        "containerName" : {
          "name" : "nodeG_c01"
        },
        "timestamp" : 388486,
        "service" : {
          "group" : "com.bbn",
          "artifact" : "test-service2",
          "version" : "1"
        },
        "serviceStatus" : "RUNNING",
        "demandEstimationWindow" : "SHORT",
        "computeCapacity" : {
          "CPU" : 1.0,
          "TASK_CONTAINERS" : 100.0,
          "QueueLength" : 1000000.0
        },
        "computeLoad" : {
          "UNKNOWN" : {
            "QueueLength" : 30.0,
            "TASK_CONTAINERS" : 15.0
          }
        },
        "computeDemand" : {
          "UNKNOWN" : {
            "QueueLength" : 26.25,
            "TASK_CONTAINERS" : 13.125
          }
        },
        "averageProcessingTime" : 120000.0,
        "networkCapacity" : {
          "interface-nodeG ( nodeG )" : {
            "DATARATE_TX" : 100.0,
            "DATARATE_RX" : 100.0
          }
        },
        "networkLoad" : {
          "interface-nodeG ( nodeG )" : {
            "(clientPoolA, nodeG_c01, nodeG_c01)" : {
              "AppCoordinates {com.bbn, test-service2, 1}" : {
                "DATARATE_TX" : 6.0000000000000015E-5,
                "DATARATE_RX" : 3.0000000000000008E-5
              }
            }
          }
        },
        "networkDemand" : {
          "interface-nodeG ( nodeG )" : {
            "(clientPoolA, nodeG_c01, nodeG_c01)" : {
              "AppCoordinates {com.bbn, test-service2, 1}" : {
                "DATARATE_TX" : 6.000000000000001E-5,
                "DATARATE_RX" : 3.0000000000000004E-5
              }
            }
          }
        }
      },
      "nodeG_c00" : {
        "containerName" : {
          "name" : "nodeG_c00"
        },
        "timestamp" : 388487,
        "service" : {
          "group" : "com.bbn",
          "artifact" : "test-service3",
          "version" : "1"
        },
        "serviceStatus" : "RUNNING",
        "demandEstimationWindow" : "SHORT",
        "computeCapacity" : {
          "CPU" : 1.0,
          "TASK_CONTAINERS" : 100.0,
          "QueueLength" : 1000000.0
        },
        "computeLoad" : {
          "UNKNOWN" : {
            "QueueLength" : 81.0,
            "TASK_CONTAINERS" : 40.5
          }
        },
        "computeDemand" : {
          "UNKNOWN" : {
            "QueueLength" : 70.875,
            "TASK_CONTAINERS" : 35.4375
          }
        },
        "averageProcessingTime" : 120000.0,
        "networkCapacity" : {
          "interface-nodeG ( nodeG )" : {
            "DATARATE_TX" : 100.0,
            "DATARATE_RX" : 100.0
          }
        },
        "networkLoad" : {
          "interface-nodeG ( nodeG )" : {
            "(clientPoolA, nodeG_c00, nodeG_c00)" : {
              "AppCoordinates {com.bbn, test-service3, 1}" : {
                "DATARATE_TX" : 7.799999999999997E-5,
                "DATARATE_RX" : 3.8999999999999986E-5
              }
            },
            "(clientPoolJ, nodeG_c00, nodeG_c00)" : {
              "AppCoordinates {com.bbn, test-service3, 1}" : {
                "DATARATE_TX" : 8.399999999999998E-5,
                "DATARATE_RX" : 4.199999999999999E-5
              }
            }
          }
        },
        "networkDemand" : {
          "interface-nodeG ( nodeG )" : {
            "(clientPoolA, nodeG_c00, nodeG_c00)" : {
              "AppCoordinates {com.bbn, test-service3, 1}" : {
                "DATARATE_TX" : 7.799999999999996E-5,
                "DATARATE_RX" : 3.899999999999998E-5
              }
            },
            "(clientPoolJ, nodeG_c00, nodeG_c00)" : {
              "AppCoordinates {com.bbn, test-service3, 1}" : {
                "DATARATE_TX" : 8.399999999999998E-5,
                "DATARATE_RX" : 4.199999999999999E-5
              }
            }
          }
        }
      }
    },
    "maximumServiceContainers" : 20,
    "allocatedServiceContainers" : 2,
    "computeDemand" : {
      "AppCoordinates {com.bbn, test-service3, 1}" : {
        "UNKNOWN" : {
          "QueueLength" : 70.875,
          "TASK_CONTAINERS" : 35.4375
        }
      },
      "AppCoordinates {com.bbn, test-service2, 1}" : {
        "UNKNOWN" : {
          "QueueLength" : 26.25,
          "TASK_CONTAINERS" : 13.125
        }
      }
    },
    "containerNetworkLoad" : {
      "interface-nodeG ( nodeG )" : {
        "(clientPoolA, nodeG_c01, nodeG_c01)" : {
          "AppCoordinates {com.bbn, test-service2, 1}" : {
            "DATARATE_TX" : 6.0000000000000015E-5,
            "DATARATE_RX" : 3.0000000000000008E-5
          }
        },
        "(clientPoolA, nodeG_c00, nodeG_c00)" : {
          "AppCoordinates {com.bbn, test-service3, 1}" : {
            "DATARATE_TX" : 7.799999999999997E-5,
            "DATARATE_RX" : 3.8999999999999986E-5
          }
        },
        "(clientPoolJ, nodeG_c00, nodeG_c00)" : {
          "AppCoordinates {com.bbn, test-service3, 1}" : {
            "DATARATE_TX" : 8.399999999999998E-5,
            "DATARATE_RX" : 4.199999999999999E-5
          }
        }
      }
    },
    "containerNetworkDemand" : {
      "interface-nodeG ( nodeG )" : {
        "(clientPoolA, nodeG_c01, nodeG_c01)" : {
          "AppCoordinates {com.bbn, test-service2, 1}" : {
            "DATARATE_TX" : 6.000000000000001E-5,
            "DATARATE_RX" : 3.0000000000000004E-5
          }
        },
        "(clientPoolA, nodeG_c00, nodeG_c00)" : {
          "AppCoordinates {com.bbn, test-service3, 1}" : {
            "DATARATE_TX" : 7.799999999999996E-5,
            "DATARATE_RX" : 3.899999999999998E-5
          }
        },
        "(clientPoolJ, nodeG_c00, nodeG_c00)" : {
          "AppCoordinates {com.bbn, test-service3, 1}" : {
            "DATARATE_TX" : 8.399999999999998E-5,
            "DATARATE_RX" : 4.199999999999999E-5
          }
        }
      }
    },
    "computeLoad" : {
      "AppCoordinates {com.bbn, test-service3, 1}" : {
        "UNKNOWN" : {
          "QueueLength" : 81.0,
          "TASK_CONTAINERS" : 40.5
        }
      },
      "AppCoordinates {com.bbn, test-service2, 1}" : {
        "UNKNOWN" : {
          "QueueLength" : 30.0,
          "TASK_CONTAINERS" : 15.0
        }
      }
    },
    "allocatedComputeCapacity" : {
      "CPU" : 2.0,
      "QueueLength" : 2000000.0,
      "TASK_CONTAINERS" : 200.0
    },
    "availableServiceContainers" : 18,
    "averageProcessingTime" : {
      "AppCoordinates {com.bbn, test-service3, 1}" : 120000.0,
      "AppCoordinates {com.bbn, test-service2, 1}" : 120000.0
    }
  } ]
}