390,1,DNS_UPDATE_SUCCEEDED
47798,95,RLG_PLAN_PUBLISHED
47798,95,DCOP_PLAN_PLUBLIED
48307,96,DNS_UPDATE_SUCCEEDED
227947,448,DCOP_PLAN_PLUBLIED
228271,449,RLG_PLAN_PUBLISHED
347885,684,DCOP_PLAN_PLUBLIED
348624,686,RLG_PLAN_PUBLISHED
349063,687,DNS_UPDATE_SUCCEEDED
467858,920,DCOP_PLAN_PLUBLIED
468961,922,RLG_PLAN_PUBLISHED
469093,923,DNS_UPDATE_SUCCEEDED
587970,1156,DCOP_PLAN_PLUBLIED
589315,1159,RLG_PLAN_PUBLISHED
589803,1160,DNS_UPDATE_SUCCEEDED
707909,1392,DCOP_PLAN_PLUBLIED
709638,1395,RLG_PLAN_PUBLISHED
709910,1396,DNS_UPDATE_SUCCEEDED
827996,1627,DCOP_PLAN_PLUBLIED
829958,1631,RLG_PLAN_PUBLISHED
830071,1632,DNS_UPDATE_SUCCEEDED
947977,1863,DCOP_PLAN_PLUBLIED
950316,1868,RLG_PLAN_PUBLISHED
950776,1869,DNS_UPDATE_SUCCEEDED
1067962,2099,DCOP_PLAN_PLUBLIED
1070687,2104,RLG_PLAN_PUBLISHED
1070951,2105,DNS_UPDATE_SUCCEEDED
1188016,2334,DCOP_PLAN_PLUBLIED
1188042,2334,RLG_PLAN_PUBLISHED
1188082,2335,DNS_UPDATE_SUCCEEDED
1308026,2570,DCOP_PLAN_PLUBLIED
1308417,2571,RLG_PLAN_PUBLISHED
1308791,2572,DNS_UPDATE_SUCCEEDED
1427986,2806,DCOP_PLAN_PLUBLIED
1428799,2807,RLG_PLAN_PUBLISHED
1428998,2808,DNS_UPDATE_SUCCEEDED
1548041,3041,DCOP_PLAN_PLUBLIED
1549122,3043,RLG_PLAN_PUBLISHED
1549175,3044,DNS_UPDATE_SUCCEEDED
1668017,3277,DCOP_PLAN_PLUBLIED
1669479,3280,RLG_PLAN_PUBLISHED
1669861,3281,DNS_UPDATE_SUCCEEDED
1788019,3513,DCOP_PLAN_PLUBLIED
1789878,3516,RLG_PLAN_PUBLISHED
1790003,3517,DNS_UPDATE_SUCCEEDED
