{
  "region" : {
    "name" : "C"
  },
  "nodeResourceReports" : [ {
    "nodeName" : {
      "name" : "nodeC"
    },
    "timestamp" : 315981,
    "demandEstimationWindow" : "SHORT",
    "nodeComputeCapacity" : {
      "CPU" : 8.0,
      "MEMORY" : 1.6E10,
      "DISK" : 10.0,
      "TASK_CONTAINERS" : 8.0
    },
    "networkCapacity" : {
      "interface-nodeE ( nodeE )" : {
        "DATARATE_RX" : 100.0,
        "DATARATE_TX" : 100.0
      },
      "interface-nodeB ( nodeB )" : {
        "DATARATE_RX" : 100.0,
        "DATARATE_TX" : 100.0
      },
      "interface-nodeI ( nodeI )" : {
        "DATARATE_RX" : 100.0,
        "DATARATE_TX" : 100.0
      },
      "interface-nodeF ( nodeF )" : {
        "DATARATE_RX" : 100.0,
        "DATARATE_TX" : 100.0
      },
      "interface-nodeG ( nodeG )" : {
        "DATARATE_RX" : 100.0,
        "DATARATE_TX" : 100.0
      },
      "interface-nodeL ( nodeL )" : {
        "DATARATE_RX" : 100.0,
        "DATARATE_TX" : 100.0
      },
      "interface-nodeJ ( nodeJ )" : {
        "DATARATE_RX" : 100.0,
        "DATARATE_TX" : 100.0
      },
      "interface-nodeA ( nodeA )" : {
        "DATARATE_RX" : 100.0,
        "DATARATE_TX" : 100.0
      },
      "interface-nodeN ( nodeN )" : {
        "DATARATE_RX" : 100.0,
        "DATARATE_TX" : 100.0
      },
      "interface-nodeO ( nodeO )" : {
        "DATARATE_RX" : 100.0,
        "DATARATE_TX" : 100.0
      }
    },
    "networkLoad" : {
      "interface-nodeE ( nodeE )" : { },
      "interface-nodeB ( nodeB )" : {
        "(nodeC_c06, clientPoolB, nodeC_c06)" : {
          "AppCoordinates {com.bbn, test-service2, 1}" : {
            "DATARATE_TX" : 6.699999999999991E-5,
            "DATARATE_RX" : 1.3399999999999981E-4
          }
        },
        "(nodeC_c07, clientPoolB, nodeC_c07)" : {
          "AppCoordinates {com.bbn, test-service2, 1}" : {
            "DATARATE_TX" : -3.8116482626443515E-21,
            "DATARATE_RX" : -7.623296525288703E-21
          },
          "AppCoordinates {com.bbn, test-service1, 1}" : {
            "DATARATE_TX" : 6.99999999999999E-5,
            "DATARATE_RX" : 1.399999999999998E-4
          }
        },
        "(nodeC_c04, clientPoolB, nodeC_c04)" : {
          "AppCoordinates {com.bbn, test-service3, 1}" : {
            "DATARATE_TX" : 5.899999999999993E-5,
            "DATARATE_RX" : 1.1799999999999986E-4
          },
          "AppCoordinates {com.bbn, test-service2, 1}" : {
            "DATARATE_TX" : -4.2351647362715017E-22,
            "DATARATE_RX" : -8.470329472543003E-22
          },
          "AppCoordinates {com.bbn, test-service1, 1}" : {
            "DATARATE_TX" : -3.8116482626443515E-21,
            "DATARATE_RX" : -7.623296525288703E-21
          }
        },
        "(nodeC_c05, clientPoolB, nodeC_c05)" : {
          "AppCoordinates {com.bbn, test-service3, 1}" : {
            "DATARATE_TX" : 4.9999999999999955E-5,
            "DATARATE_RX" : 9.999999999999991E-5
          }
        },
        "(nodeC_c02, clientPoolB, nodeC_c02)" : {
          "AppCoordinates {com.bbn, test-service3, 1}" : {
            "DATARATE_TX" : 4.699999999999996E-5,
            "DATARATE_RX" : 9.399999999999993E-5
          }
        },
        "(nodeC_c03, clientPoolB, nodeC_c03)" : {
          "AppCoordinates {com.bbn, test-service3, 1}" : {
            "DATARATE_TX" : 4.699999999999996E-5,
            "DATARATE_RX" : 9.399999999999993E-5
          },
          "AppCoordinates {com.bbn, test-service1, 1}" : {
            "DATARATE_TX" : -3.8116482626443515E-21,
            "DATARATE_RX" : -7.623296525288703E-21
          }
        },
        "(nodeC_c00, clientPoolB, nodeC_c00)" : {
          "AppCoordinates {com.bbn, test-service3, 1}" : {
            "DATARATE_TX" : 6.599999999999991E-5,
            "DATARATE_RX" : 1.3199999999999982E-4
          },
          "AppCoordinates {com.bbn, test-service1, 1}" : {
            "DATARATE_TX" : -3.8116482626443515E-21,
            "DATARATE_RX" : -7.623296525288703E-21
          }
        },
        "(nodeC_c01, clientPoolB, nodeC_c01)" : {
          "AppCoordinates {com.bbn, test-service3, 1}" : {
            "DATARATE_TX" : 5.899999999999993E-5,
            "DATARATE_RX" : 1.1799999999999986E-4
          },
          "AppCoordinates {com.bbn, test-service2, 1}" : {
            "DATARATE_TX" : -3.8116482626443515E-21,
            "DATARATE_RX" : -7.623296525288703E-21
          }
        }
      },
      "interface-nodeI ( nodeI )" : { },
      "interface-nodeF ( nodeF )" : { },
      "interface-nodeG ( nodeG )" : { },
      "interface-nodeL ( nodeL )" : { },
      "interface-nodeJ ( nodeJ )" : {
        "(nodeC_c06, clientPoolJ, nodeC_c06)" : {
          "AppCoordinates {com.bbn, test-service2, 1}" : {
            "DATARATE_TX" : 6.699999999999991E-5,
            "DATARATE_RX" : 1.3399999999999981E-4
          }
        },
        "(nodeC_c07, clientPoolJ, nodeC_c07)" : {
          "AppCoordinates {com.bbn, test-service2, 1}" : {
            "DATARATE_TX" : 9.740878893424454E-21,
            "DATARATE_RX" : 1.9481757786848908E-20
          },
          "AppCoordinates {com.bbn, test-service1, 1}" : {
            "DATARATE_TX" : 6.79999999999999E-5,
            "DATARATE_RX" : 1.359999999999998E-4
          }
        },
        "(nodeC_c04, clientPoolJ, nodeC_c04)" : {
          "AppCoordinates {com.bbn, test-service3, 1}" : {
            "DATARATE_TX" : 2.3000000000000007E-5,
            "DATARATE_RX" : 4.6000000000000014E-5
          },
          "AppCoordinates {com.bbn, test-service2, 1}" : {
            "DATARATE_TX" : -4.2351647362715017E-22,
            "DATARATE_RX" : -8.470329472543003E-22
          },
          "AppCoordinates {com.bbn, test-service1, 1}" : {
            "DATARATE_TX" : -3.8116482626443515E-21,
            "DATARATE_RX" : -7.623296525288703E-21
          }
        },
        "(nodeC_c05, clientPoolJ, nodeC_c05)" : {
          "AppCoordinates {com.bbn, test-service3, 1}" : {
            "DATARATE_TX" : 2.1000000000000002E-5,
            "DATARATE_RX" : 4.2000000000000004E-5
          }
        },
        "(nodeC_c02, clientPoolJ, nodeC_c02)" : {
          "AppCoordinates {com.bbn, test-service3, 1}" : {
            "DATARATE_TX" : 2.5000000000000005E-5,
            "DATARATE_RX" : 5.000000000000001E-5
          }
        },
        "(nodeC_c03, clientPoolJ, nodeC_c03)" : {
          "AppCoordinates {com.bbn, test-service3, 1}" : {
            "DATARATE_TX" : 2.0000000000000005E-5,
            "DATARATE_RX" : 4.000000000000001E-5
          },
          "AppCoordinates {com.bbn, test-service1, 1}" : {
            "DATARATE_TX" : -3.8116482626443515E-21,
            "DATARATE_RX" : -7.623296525288703E-21
          }
        },
        "(nodeC_c00, clientPoolJ, nodeC_c00)" : {
          "AppCoordinates {com.bbn, test-service3, 1}" : {
            "DATARATE_TX" : 1.9000000000000004E-5,
            "DATARATE_RX" : 3.800000000000001E-5
          },
          "AppCoordinates {com.bbn, test-service1, 1}" : {
            "DATARATE_TX" : -3.8116482626443515E-21,
            "DATARATE_RX" : -7.623296525288703E-21
          }
        },
        "(nodeC_c01, clientPoolJ, nodeC_c01)" : {
          "AppCoordinates {com.bbn, test-service3, 1}" : {
            "DATARATE_TX" : 1.5000000000000002E-5,
            "DATARATE_RX" : 3.0000000000000004E-5
          },
          "AppCoordinates {com.bbn, test-service2, 1}" : {
            "DATARATE_TX" : -3.8116482626443515E-21,
            "DATARATE_RX" : -7.623296525288703E-21
          }
        }
      },
      "interface-nodeA ( nodeA )" : { },
      "interface-nodeN ( nodeN )" : { },
      "interface-nodeO ( nodeO )" : {
        "(nodeC_c03, clientPoolO, nodeC_c03)" : {
          "AppCoordinates {com.bbn, test-service3, 1}" : {
            "DATARATE_TX" : 6.0999999999999924E-5,
            "DATARATE_RX" : 1.2199999999999985E-4
          },
          "AppCoordinates {com.bbn, test-service1, 1}" : {
            "DATARATE_TX" : -3.8116482626443515E-21,
            "DATARATE_RX" : -7.623296525288703E-21
          }
        },
        "(nodeC_c04, clientPoolO, nodeC_c04)" : {
          "AppCoordinates {com.bbn, test-service3, 1}" : {
            "DATARATE_TX" : 4.5999999999999966E-5,
            "DATARATE_RX" : 9.199999999999993E-5
          },
          "AppCoordinates {com.bbn, test-service2, 1}" : {
            "DATARATE_TX" : -4.2351647362715017E-22,
            "DATARATE_RX" : -8.470329472543003E-22
          },
          "AppCoordinates {com.bbn, test-service1, 1}" : {
            "DATARATE_TX" : -3.8116482626443515E-21,
            "DATARATE_RX" : -7.623296525288703E-21
          }
        },
        "(nodeC_c01, clientPoolO, nodeC_c01)" : {
          "AppCoordinates {com.bbn, test-service3, 1}" : {
            "DATARATE_TX" : 5.3999999999999944E-5,
            "DATARATE_RX" : 1.0799999999999989E-4
          },
          "AppCoordinates {com.bbn, test-service2, 1}" : {
            "DATARATE_TX" : -3.8116482626443515E-21,
            "DATARATE_RX" : -7.623296525288703E-21
          }
        },
        "(nodeC_c02, clientPoolO, nodeC_c02)" : {
          "AppCoordinates {com.bbn, test-service3, 1}" : {
            "DATARATE_TX" : 5.599999999999994E-5,
            "DATARATE_RX" : 1.1199999999999988E-4
          }
        },
        "(nodeC_c00, clientPoolO, nodeC_c00)" : {
          "AppCoordinates {com.bbn, test-service3, 1}" : {
            "DATARATE_TX" : 4.699999999999996E-5,
            "DATARATE_RX" : 9.399999999999993E-5
          },
          "AppCoordinates {com.bbn, test-service1, 1}" : {
            "DATARATE_TX" : -3.8116482626443515E-21,
            "DATARATE_RX" : -7.623296525288703E-21
          }
        },
        "(nodeC_c07, clientPoolO, nodeC_c07)" : {
          "AppCoordinates {com.bbn, test-service2, 1}" : {
            "DATARATE_TX" : 9.740878893424454E-21,
            "DATARATE_RX" : 1.9481757786848908E-20
          },
          "AppCoordinates {com.bbn, test-service1, 1}" : {
            "DATARATE_TX" : 6.199999999999992E-5,
            "DATARATE_RX" : 1.2399999999999984E-4
          }
        },
        "(nodeC_c05, clientPoolO, nodeC_c05)" : {
          "AppCoordinates {com.bbn, test-service3, 1}" : {
            "DATARATE_TX" : 5.999999999999993E-5,
            "DATARATE_RX" : 1.1999999999999985E-4
          }
        },
        "(nodeC_c06, clientPoolO, nodeC_c06)" : {
          "AppCoordinates {com.bbn, test-service2, 1}" : {
            "DATARATE_TX" : 6.599999999999991E-5,
            "DATARATE_RX" : 1.3199999999999982E-4
          }
        }
      }
    },
    "networkDemand" : {
      "interface-nodeE ( nodeE )" : { },
      "interface-nodeB ( nodeB )" : {
        "(nodeC_c06, clientPoolB, nodeC_c06)" : {
          "AppCoordinates {com.bbn, test-service2, 1}" : {
            "DATARATE_TX" : 6.699999999999991E-5,
            "DATARATE_RX" : 1.3399999999999981E-4
          }
        },
        "(nodeC_c07, clientPoolB, nodeC_c07)" : {
          "AppCoordinates {com.bbn, test-service2, 1}" : {
            "DATARATE_TX" : -3.8116482626443515E-21,
            "DATARATE_RX" : -7.623296525288703E-21
          },
          "AppCoordinates {com.bbn, test-service1, 1}" : {
            "DATARATE_TX" : 6.99999999999999E-5,
            "DATARATE_RX" : 1.399999999999998E-4
          }
        },
        "(nodeC_c04, clientPoolB, nodeC_c04)" : {
          "AppCoordinates {com.bbn, test-service3, 1}" : {
            "DATARATE_TX" : 5.899999999999992E-5,
            "DATARATE_RX" : 1.1799999999999985E-4
          },
          "AppCoordinates {com.bbn, test-service2, 1}" : {
            "DATARATE_TX" : -4.2351647362715017E-22,
            "DATARATE_RX" : -8.470329472543003E-22
          },
          "AppCoordinates {com.bbn, test-service1, 1}" : {
            "DATARATE_TX" : -3.8116482626443515E-21,
            "DATARATE_RX" : -7.623296525288703E-21
          }
        },
        "(nodeC_c05, clientPoolB, nodeC_c05)" : {
          "AppCoordinates {com.bbn, test-service3, 1}" : {
            "DATARATE_TX" : 4.999999999999996E-5,
            "DATARATE_RX" : 9.999999999999992E-5
          }
        },
        "(nodeC_c02, clientPoolB, nodeC_c02)" : {
          "AppCoordinates {com.bbn, test-service3, 1}" : {
            "DATARATE_TX" : 4.6999999999999957E-5,
            "DATARATE_RX" : 9.399999999999991E-5
          }
        },
        "(nodeC_c03, clientPoolB, nodeC_c03)" : {
          "AppCoordinates {com.bbn, test-service3, 1}" : {
            "DATARATE_TX" : 4.6999999999999957E-5,
            "DATARATE_RX" : 9.399999999999991E-5
          },
          "AppCoordinates {com.bbn, test-service1, 1}" : {
            "DATARATE_TX" : -3.8116482626443515E-21,
            "DATARATE_RX" : -7.623296525288703E-21
          }
        },
        "(nodeC_c00, clientPoolB, nodeC_c00)" : {
          "AppCoordinates {com.bbn, test-service3, 1}" : {
            "DATARATE_TX" : 6.599999999999991E-5,
            "DATARATE_RX" : 1.3199999999999982E-4
          },
          "AppCoordinates {com.bbn, test-service1, 1}" : {
            "DATARATE_TX" : -3.8116482626443515E-21,
            "DATARATE_RX" : -7.623296525288703E-21
          }
        },
        "(nodeC_c01, clientPoolB, nodeC_c01)" : {
          "AppCoordinates {com.bbn, test-service3, 1}" : {
            "DATARATE_TX" : 5.899999999999992E-5,
            "DATARATE_RX" : 1.1799999999999985E-4
          },
          "AppCoordinates {com.bbn, test-service2, 1}" : {
            "DATARATE_TX" : -3.8116482626443515E-21,
            "DATARATE_RX" : -7.623296525288703E-21
          }
        }
      },
      "interface-nodeA ( nodeA )" : { },
      "interface-nodeO ( nodeO )" : {
        "(nodeC_c03, clientPoolO, nodeC_c03)" : {
          "AppCoordinates {com.bbn, test-service3, 1}" : {
            "DATARATE_TX" : 6.099999999999992E-5,
            "DATARATE_RX" : 1.2199999999999983E-4
          },
          "AppCoordinates {com.bbn, test-service1, 1}" : {
            "DATARATE_TX" : -3.8116482626443515E-21,
            "DATARATE_RX" : -7.623296525288703E-21
          }
        },
        "(nodeC_c04, clientPoolO, nodeC_c04)" : {
          "AppCoordinates {com.bbn, test-service3, 1}" : {
            "DATARATE_TX" : 4.599999999999997E-5,
            "DATARATE_RX" : 9.199999999999995E-5
          },
          "AppCoordinates {com.bbn, test-service2, 1}" : {
            "DATARATE_TX" : -4.2351647362715017E-22,
            "DATARATE_RX" : -8.470329472543003E-22
          },
          "AppCoordinates {com.bbn, test-service1, 1}" : {
            "DATARATE_TX" : -3.8116482626443515E-21,
            "DATARATE_RX" : -7.623296525288703E-21
          }
        },
        "(nodeC_c01, clientPoolO, nodeC_c01)" : {
          "AppCoordinates {com.bbn, test-service3, 1}" : {
            "DATARATE_TX" : 5.399999999999995E-5,
            "DATARATE_RX" : 1.079999999999999E-4
          },
          "AppCoordinates {com.bbn, test-service2, 1}" : {
            "DATARATE_TX" : -3.8116482626443515E-21,
            "DATARATE_RX" : -7.623296525288703E-21
          }
        },
        "(nodeC_c02, clientPoolO, nodeC_c02)" : {
          "AppCoordinates {com.bbn, test-service3, 1}" : {
            "DATARATE_TX" : 5.5999999999999945E-5,
            "DATARATE_RX" : 1.1199999999999989E-4
          }
        },
        "(nodeC_c00, clientPoolO, nodeC_c00)" : {
          "AppCoordinates {com.bbn, test-service3, 1}" : {
            "DATARATE_TX" : 4.6999999999999957E-5,
            "DATARATE_RX" : 9.399999999999991E-5
          },
          "AppCoordinates {com.bbn, test-service1, 1}" : {
            "DATARATE_TX" : -3.8116482626443515E-21,
            "DATARATE_RX" : -7.623296525288703E-21
          }
        },
        "(nodeC_c07, clientPoolO, nodeC_c07)" : {
          "AppCoordinates {com.bbn, test-service2, 1}" : {
            "DATARATE_TX" : 9.740878893424454E-21,
            "DATARATE_RX" : 1.9481757786848908E-20
          },
          "AppCoordinates {com.bbn, test-service1, 1}" : {
            "DATARATE_TX" : 6.199999999999992E-5,
            "DATARATE_RX" : 1.2399999999999984E-4
          }
        },
        "(nodeC_c05, clientPoolO, nodeC_c05)" : {
          "AppCoordinates {com.bbn, test-service3, 1}" : {
            "DATARATE_TX" : 5.9999999999999934E-5,
            "DATARATE_RX" : 1.1999999999999987E-4
          }
        },
        "(nodeC_c06, clientPoolO, nodeC_c06)" : {
          "AppCoordinates {com.bbn, test-service2, 1}" : {
            "DATARATE_TX" : 6.599999999999991E-5,
            "DATARATE_RX" : 1.3199999999999982E-4
          }
        }
      },
      "interface-nodeN ( nodeN )" : { },
      "interface-nodeL ( nodeL )" : { },
      "interface-nodeJ ( nodeJ )" : {
        "(nodeC_c06, clientPoolJ, nodeC_c06)" : {
          "AppCoordinates {com.bbn, test-service2, 1}" : {
            "DATARATE_TX" : 6.699999999999991E-5,
            "DATARATE_RX" : 1.3399999999999981E-4
          }
        },
        "(nodeC_c07, clientPoolJ, nodeC_c07)" : {
          "AppCoordinates {com.bbn, test-service2, 1}" : {
            "DATARATE_TX" : 9.740878893424454E-21,
            "DATARATE_RX" : 1.9481757786848908E-20
          },
          "AppCoordinates {com.bbn, test-service1, 1}" : {
            "DATARATE_TX" : 6.79999999999999E-5,
            "DATARATE_RX" : 1.359999999999998E-4
          }
        },
        "(nodeC_c04, clientPoolJ, nodeC_c04)" : {
          "AppCoordinates {com.bbn, test-service3, 1}" : {
            "DATARATE_TX" : 2.300000000000001E-5,
            "DATARATE_RX" : 4.600000000000002E-5
          },
          "AppCoordinates {com.bbn, test-service2, 1}" : {
            "DATARATE_TX" : -4.2351647362715017E-22,
            "DATARATE_RX" : -8.470329472543003E-22
          },
          "AppCoordinates {com.bbn, test-service1, 1}" : {
            "DATARATE_TX" : -3.8116482626443515E-21,
            "DATARATE_RX" : -7.623296525288703E-21
          }
        },
        "(nodeC_c05, clientPoolJ, nodeC_c05)" : {
          "AppCoordinates {com.bbn, test-service3, 1}" : {
            "DATARATE_TX" : 2.1E-5,
            "DATARATE_RX" : 4.2E-5
          }
        },
        "(nodeC_c02, clientPoolJ, nodeC_c02)" : {
          "AppCoordinates {com.bbn, test-service3, 1}" : {
            "DATARATE_TX" : 2.5000000000000008E-5,
            "DATARATE_RX" : 5.0000000000000016E-5
          }
        },
        "(nodeC_c03, clientPoolJ, nodeC_c03)" : {
          "AppCoordinates {com.bbn, test-service3, 1}" : {
            "DATARATE_TX" : 2.0E-5,
            "DATARATE_RX" : 4.0E-5
          },
          "AppCoordinates {com.bbn, test-service1, 1}" : {
            "DATARATE_TX" : -3.8116482626443515E-21,
            "DATARATE_RX" : -7.623296525288703E-21
          }
        },
        "(nodeC_c00, clientPoolJ, nodeC_c00)" : {
          "AppCoordinates {com.bbn, test-service3, 1}" : {
            "DATARATE_TX" : 1.9000000000000004E-5,
            "DATARATE_RX" : 3.800000000000001E-5
          },
          "AppCoordinates {com.bbn, test-service1, 1}" : {
            "DATARATE_TX" : -3.8116482626443515E-21,
            "DATARATE_RX" : -7.623296525288703E-21
          }
        },
        "(nodeC_c01, clientPoolJ, nodeC_c01)" : {
          "AppCoordinates {com.bbn, test-service3, 1}" : {
            "DATARATE_TX" : 1.5E-5,
            "DATARATE_RX" : 3.0E-5
          },
          "AppCoordinates {com.bbn, test-service2, 1}" : {
            "DATARATE_TX" : -3.8116482626443515E-21,
            "DATARATE_RX" : -7.623296525288703E-21
          }
        }
      },
      "interface-nodeI ( nodeI )" : { },
      "interface-nodeG ( nodeG )" : { },
      "interface-nodeF ( nodeF )" : { }
    },
    "containerReports" : {
      "nodeC_c01" : {
        "containerName" : {
          "name" : "nodeC_c01"
        },
        "timestamp" : 315981,
        "service" : {
          "group" : "com.bbn",
          "artifact" : "test-service3",
          "version" : "1"
        },
        "serviceStatus" : "RUNNING",
        "demandEstimationWindow" : "SHORT",
        "computeCapacity" : {
          "CPU" : 1.0,
          "TASK_CONTAINERS" : 100.0,
          "QueueLength" : 1000000.0
        },
        "computeLoad" : {
          "UNKNOWN" : {
            "QueueLength" : 128.0,
            "TASK_CONTAINERS" : 64.0
          }
        },
        "computeDemand" : {
          "UNKNOWN" : {
            "QueueLength" : 112.0,
            "TASK_CONTAINERS" : 56.0
          }
        },
        "averageProcessingTime" : 120000.0,
        "networkCapacity" : {
          "interface-nodeC ( nodeC )" : {
            "DATARATE_TX" : 100.0,
            "DATARATE_RX" : 100.0
          }
        },
        "networkLoad" : {
          "interface-nodeC ( nodeC )" : {
            "(clientPoolJ, nodeC_c01, nodeC_c01)" : {
              "AppCoordinates {com.bbn, test-service3, 1}" : {
                "DATARATE_TX" : 3.0000000000000004E-5,
                "DATARATE_RX" : 1.5000000000000002E-5
              }
            },
            "(clientPoolO, nodeC_c01, nodeC_c01)" : {
              "AppCoordinates {com.bbn, test-service3, 1}" : {
                "DATARATE_TX" : 1.0799999999999989E-4,
                "DATARATE_RX" : 5.3999999999999944E-5
              }
            },
            "(clientPoolB, nodeC_c01, nodeC_c01)" : {
              "AppCoordinates {com.bbn, test-service3, 1}" : {
                "DATARATE_TX" : 1.1799999999999986E-4,
                "DATARATE_RX" : 5.899999999999993E-5
              }
            }
          }
        },
        "networkDemand" : {
          "interface-nodeC ( nodeC )" : {
            "(clientPoolJ, nodeC_c01, nodeC_c01)" : {
              "AppCoordinates {com.bbn, test-service3, 1}" : {
                "DATARATE_TX" : 3.0E-5,
                "DATARATE_RX" : 1.5E-5
              }
            },
            "(clientPoolO, nodeC_c01, nodeC_c01)" : {
              "AppCoordinates {com.bbn, test-service3, 1}" : {
                "DATARATE_TX" : 1.079999999999999E-4,
                "DATARATE_RX" : 5.399999999999995E-5
              }
            },
            "(clientPoolB, nodeC_c01, nodeC_c01)" : {
              "AppCoordinates {com.bbn, test-service3, 1}" : {
                "DATARATE_TX" : 1.1799999999999985E-4,
                "DATARATE_RX" : 5.899999999999992E-5
              }
            }
          }
        }
      },
      "nodeC_c02" : {
        "containerName" : {
          "name" : "nodeC_c02"
        },
        "timestamp" : 315982,
        "service" : {
          "group" : "com.bbn",
          "artifact" : "test-service3",
          "version" : "1"
        },
        "serviceStatus" : "RUNNING",
        "demandEstimationWindow" : "SHORT",
        "computeCapacity" : {
          "CPU" : 1.0,
          "TASK_CONTAINERS" : 100.0,
          "QueueLength" : 1000000.0
        },
        "computeLoad" : {
          "UNKNOWN" : {
            "QueueLength" : 128.0,
            "TASK_CONTAINERS" : 64.0
          }
        },
        "computeDemand" : {
          "UNKNOWN" : {
            "QueueLength" : 112.0,
            "TASK_CONTAINERS" : 56.0
          }
        },
        "averageProcessingTime" : 120000.0,
        "networkCapacity" : {
          "interface-nodeC ( nodeC )" : {
            "DATARATE_TX" : 100.0,
            "DATARATE_RX" : 100.0
          }
        },
        "networkLoad" : {
          "interface-nodeC ( nodeC )" : {
            "(clientPoolO, nodeC_c02, nodeC_c02)" : {
              "AppCoordinates {com.bbn, test-service3, 1}" : {
                "DATARATE_TX" : 1.1199999999999996E-4,
                "DATARATE_RX" : 5.599999999999998E-5
              }
            },
            "(clientPoolJ, nodeC_c02, nodeC_c02)" : {
              "AppCoordinates {com.bbn, test-service3, 1}" : {
                "DATARATE_TX" : 5.000000000000009E-5,
                "DATARATE_RX" : 2.5000000000000045E-5
              }
            },
            "(clientPoolB, nodeC_c02, nodeC_c02)" : {
              "AppCoordinates {com.bbn, test-service3, 1}" : {
                "DATARATE_TX" : 9.400000000000001E-5,
                "DATARATE_RX" : 4.7000000000000004E-5
              }
            }
          }
        },
        "networkDemand" : {
          "interface-nodeC ( nodeC )" : {
            "(clientPoolO, nodeC_c02, nodeC_c02)" : {
              "AppCoordinates {com.bbn, test-service3, 1}" : {
                "DATARATE_TX" : 1.1199999999999993E-4,
                "DATARATE_RX" : 5.5999999999999965E-5
              }
            },
            "(clientPoolJ, nodeC_c02, nodeC_c02)" : {
              "AppCoordinates {com.bbn, test-service3, 1}" : {
                "DATARATE_TX" : 5.0000000000000084E-5,
                "DATARATE_RX" : 2.5000000000000042E-5
              }
            },
            "(clientPoolB, nodeC_c02, nodeC_c02)" : {
              "AppCoordinates {com.bbn, test-service3, 1}" : {
                "DATARATE_TX" : 9.400000000000001E-5,
                "DATARATE_RX" : 4.7000000000000004E-5
              }
            }
          }
        }
      },
      "nodeC_c00" : {
        "containerName" : {
          "name" : "nodeC_c00"
        },
        "timestamp" : 315985,
        "service" : {
          "group" : "com.bbn",
          "artifact" : "test-service3",
          "version" : "1"
        },
        "serviceStatus" : "RUNNING",
        "demandEstimationWindow" : "SHORT",
        "computeCapacity" : {
          "CPU" : 1.0,
          "TASK_CONTAINERS" : 100.0,
          "QueueLength" : 1000000.0
        },
        "computeLoad" : {
          "UNKNOWN" : {
            "QueueLength" : 132.0,
            "TASK_CONTAINERS" : 66.0
          }
        },
        "computeDemand" : {
          "UNKNOWN" : {
            "QueueLength" : 115.5,
            "TASK_CONTAINERS" : 57.75
          }
        },
        "averageProcessingTime" : 120000.0,
        "networkCapacity" : {
          "interface-nodeC ( nodeC )" : {
            "DATARATE_TX" : 100.0,
            "DATARATE_RX" : 100.0
          }
        },
        "networkLoad" : {
          "interface-nodeC ( nodeC )" : {
            "(clientPoolJ, nodeC_c00, nodeC_c00)" : {
              "AppCoordinates {com.bbn, test-service3, 1}" : {
                "DATARATE_TX" : 3.8E-5,
                "DATARATE_RX" : 1.9E-5
              }
            },
            "(clientPoolB, nodeC_c00, nodeC_c00)" : {
              "AppCoordinates {com.bbn, test-service3, 1}" : {
                "DATARATE_TX" : 1.3199999999999982E-4,
                "DATARATE_RX" : 6.599999999999991E-5
              }
            },
            "(clientPoolO, nodeC_c00, nodeC_c00)" : {
              "AppCoordinates {com.bbn, test-service3, 1}" : {
                "DATARATE_TX" : 9.399999999999993E-5,
                "DATARATE_RX" : 4.699999999999996E-5
              }
            }
          }
        },
        "networkDemand" : {
          "interface-nodeC ( nodeC )" : {
            "(clientPoolJ, nodeC_c00, nodeC_c00)" : {
              "AppCoordinates {com.bbn, test-service3, 1}" : {
                "DATARATE_TX" : 3.8E-5,
                "DATARATE_RX" : 1.9E-5
              }
            },
            "(clientPoolB, nodeC_c00, nodeC_c00)" : {
              "AppCoordinates {com.bbn, test-service3, 1}" : {
                "DATARATE_TX" : 1.3199999999999982E-4,
                "DATARATE_RX" : 6.599999999999991E-5
              }
            },
            "(clientPoolO, nodeC_c00, nodeC_c00)" : {
              "AppCoordinates {com.bbn, test-service3, 1}" : {
                "DATARATE_TX" : 9.399999999999991E-5,
                "DATARATE_RX" : 4.6999999999999957E-5
              }
            }
          }
        }
      },
      "nodeC_c05" : {
        "containerName" : {
          "name" : "nodeC_c05"
        },
        "timestamp" : 315987,
        "service" : {
          "group" : "com.bbn",
          "artifact" : "test-service3",
          "version" : "1"
        },
        "serviceStatus" : "RUNNING",
        "demandEstimationWindow" : "SHORT",
        "computeCapacity" : {
          "CPU" : 1.0,
          "TASK_CONTAINERS" : 100.0,
          "QueueLength" : 1000000.0
        },
        "computeLoad" : {
          "UNKNOWN" : {
            "QueueLength" : 131.0,
            "TASK_CONTAINERS" : 65.5
          }
        },
        "computeDemand" : {
          "UNKNOWN" : {
            "QueueLength" : 114.625,
            "TASK_CONTAINERS" : 57.3125
          }
        },
        "averageProcessingTime" : 120000.0,
        "networkCapacity" : {
          "interface-nodeC ( nodeC )" : {
            "DATARATE_TX" : 100.0,
            "DATARATE_RX" : 100.0
          }
        },
        "networkLoad" : {
          "interface-nodeC ( nodeC )" : {
            "(clientPoolO, nodeC_c05, nodeC_c05)" : {
              "AppCoordinates {com.bbn, test-service3, 1}" : {
                "DATARATE_TX" : 1.1999999999999988E-4,
                "DATARATE_RX" : 5.999999999999994E-5
              }
            },
            "(clientPoolB, nodeC_c05, nodeC_c05)" : {
              "AppCoordinates {com.bbn, test-service3, 1}" : {
                "DATARATE_TX" : 9.999999999999994E-5,
                "DATARATE_RX" : 4.999999999999997E-5
              }
            },
            "(clientPoolJ, nodeC_c05, nodeC_c05)" : {
              "AppCoordinates {com.bbn, test-service3, 1}" : {
                "DATARATE_TX" : 4.200000000000003E-5,
                "DATARATE_RX" : 2.1000000000000016E-5
              }
            }
          }
        },
        "networkDemand" : {
          "interface-nodeC ( nodeC )" : {
            "(clientPoolO, nodeC_c05, nodeC_c05)" : {
              "AppCoordinates {com.bbn, test-service3, 1}" : {
                "DATARATE_TX" : 1.1999999999999988E-4,
                "DATARATE_RX" : 5.999999999999994E-5
              }
            },
            "(clientPoolB, nodeC_c05, nodeC_c05)" : {
              "AppCoordinates {com.bbn, test-service3, 1}" : {
                "DATARATE_TX" : 9.999999999999994E-5,
                "DATARATE_RX" : 4.999999999999997E-5
              }
            },
            "(clientPoolJ, nodeC_c05, nodeC_c05)" : {
              "AppCoordinates {com.bbn, test-service3, 1}" : {
                "DATARATE_TX" : 4.200000000000004E-5,
                "DATARATE_RX" : 2.100000000000002E-5
              }
            }
          }
        }
      },
      "nodeC_c06" : {
        "containerName" : {
          "name" : "nodeC_c06"
        },
        "timestamp" : 315990,
        "service" : {
          "group" : "com.bbn",
          "artifact" : "test-service2",
          "version" : "1"
        },
        "serviceStatus" : "RUNNING",
        "demandEstimationWindow" : "SHORT",
        "computeCapacity" : {
          "CPU" : 1.0,
          "TASK_CONTAINERS" : 100.0,
          "QueueLength" : 1000000.0
        },
        "computeLoad" : {
          "UNKNOWN" : {
            "QueueLength" : 200.0,
            "TASK_CONTAINERS" : 100.0
          }
        },
        "computeDemand" : {
          "UNKNOWN" : {
            "QueueLength" : 175.0,
            "TASK_CONTAINERS" : 87.5
          }
        },
        "averageProcessingTime" : 120000.0,
        "networkCapacity" : {
          "interface-nodeC ( nodeC )" : {
            "DATARATE_TX" : 100.0,
            "DATARATE_RX" : 100.0
          }
        },
        "networkLoad" : {
          "interface-nodeC ( nodeC )" : {
            "(clientPoolB, nodeC_c06, nodeC_c06)" : {
              "AppCoordinates {com.bbn, test-service2, 1}" : {
                "DATARATE_TX" : 8.000000000000064E-4,
                "DATARATE_RX" : 4.000000000000032E-4
              }
            },
            "(clientPoolO, nodeC_c06, nodeC_c06)" : {
              "AppCoordinates {com.bbn, test-service2, 1}" : {
                "DATARATE_TX" : 8.000000000000064E-4,
                "DATARATE_RX" : 4.000000000000032E-4
              }
            },
            "(clientPoolJ, nodeC_c06, nodeC_c06)" : {
              "AppCoordinates {com.bbn, test-service2, 1}" : {
                "DATARATE_TX" : 8.000000000000064E-4,
                "DATARATE_RX" : 4.000000000000032E-4
              }
            }
          }
        },
        "networkDemand" : {
          "interface-nodeC ( nodeC )" : {
            "(clientPoolB, nodeC_c06, nodeC_c06)" : {
              "AppCoordinates {com.bbn, test-service2, 1}" : {
                "DATARATE_TX" : 8.000000000000064E-4,
                "DATARATE_RX" : 4.000000000000032E-4
              }
            },
            "(clientPoolO, nodeC_c06, nodeC_c06)" : {
              "AppCoordinates {com.bbn, test-service2, 1}" : {
                "DATARATE_TX" : 8.000000000000064E-4,
                "DATARATE_RX" : 4.000000000000032E-4
              }
            },
            "(clientPoolJ, nodeC_c06, nodeC_c06)" : {
              "AppCoordinates {com.bbn, test-service2, 1}" : {
                "DATARATE_TX" : 8.000000000000064E-4,
                "DATARATE_RX" : 4.000000000000032E-4
              }
            }
          }
        }
      },
      "nodeC_c03" : {
        "containerName" : {
          "name" : "nodeC_c03"
        },
        "timestamp" : 315992,
        "service" : {
          "group" : "com.bbn",
          "artifact" : "test-service3",
          "version" : "1"
        },
        "serviceStatus" : "RUNNING",
        "demandEstimationWindow" : "SHORT",
        "computeCapacity" : {
          "CPU" : 1.0,
          "TASK_CONTAINERS" : 100.0,
          "QueueLength" : 1000000.0
        },
        "computeLoad" : {
          "UNKNOWN" : {
            "QueueLength" : 128.0,
            "TASK_CONTAINERS" : 64.0
          }
        },
        "computeDemand" : {
          "UNKNOWN" : {
            "QueueLength" : 112.0,
            "TASK_CONTAINERS" : 56.0
          }
        },
        "averageProcessingTime" : "NaN",
        "networkCapacity" : {
          "interface-nodeC ( nodeC )" : {
            "DATARATE_TX" : 100.0,
            "DATARATE_RX" : 100.0
          }
        },
        "networkLoad" : {
          "interface-nodeC ( nodeC )" : {
            "(clientPoolO, nodeC_c03, nodeC_c03)" : {
              "AppCoordinates {com.bbn, test-service3, 1}" : {
                "DATARATE_TX" : 1.2199999999999985E-4,
                "DATARATE_RX" : 6.0999999999999924E-5
              }
            },
            "(clientPoolJ, nodeC_c03, nodeC_c03)" : {
              "AppCoordinates {com.bbn, test-service3, 1}" : {
                "DATARATE_TX" : 4.000000000000001E-5,
                "DATARATE_RX" : 2.0000000000000005E-5
              }
            },
            "(clientPoolB, nodeC_c03, nodeC_c03)" : {
              "AppCoordinates {com.bbn, test-service3, 1}" : {
                "DATARATE_TX" : 9.399999999999993E-5,
                "DATARATE_RX" : 4.699999999999996E-5
              }
            }
          }
        },
        "networkDemand" : {
          "interface-nodeC ( nodeC )" : {
            "(clientPoolO, nodeC_c03, nodeC_c03)" : {
              "AppCoordinates {com.bbn, test-service3, 1}" : {
                "DATARATE_TX" : 1.2199999999999983E-4,
                "DATARATE_RX" : 6.099999999999992E-5
              }
            },
            "(clientPoolJ, nodeC_c03, nodeC_c03)" : {
              "AppCoordinates {com.bbn, test-service3, 1}" : {
                "DATARATE_TX" : 4.0E-5,
                "DATARATE_RX" : 2.0E-5
              }
            },
            "(clientPoolB, nodeC_c03, nodeC_c03)" : {
              "AppCoordinates {com.bbn, test-service3, 1}" : {
                "DATARATE_TX" : 9.399999999999991E-5,
                "DATARATE_RX" : 4.6999999999999957E-5
              }
            }
          }
        }
      },
      "nodeC_c04" : {
        "containerName" : {
          "name" : "nodeC_c04"
        },
        "timestamp" : 315993,
        "service" : {
          "group" : "com.bbn",
          "artifact" : "test-service3",
          "version" : "1"
        },
        "serviceStatus" : "RUNNING",
        "demandEstimationWindow" : "SHORT",
        "computeCapacity" : {
          "CPU" : 1.0,
          "TASK_CONTAINERS" : 100.0,
          "QueueLength" : 1000000.0
        },
        "computeLoad" : {
          "UNKNOWN" : {
            "QueueLength" : 128.0,
            "TASK_CONTAINERS" : 64.0
          }
        },
        "computeDemand" : {
          "UNKNOWN" : {
            "QueueLength" : 112.0,
            "TASK_CONTAINERS" : 56.0
          }
        },
        "averageProcessingTime" : "NaN",
        "networkCapacity" : {
          "interface-nodeC ( nodeC )" : {
            "DATARATE_TX" : 100.0,
            "DATARATE_RX" : 100.0
          }
        },
        "networkLoad" : {
          "interface-nodeC ( nodeC )" : {
            "(clientPoolO, nodeC_c04, nodeC_c04)" : {
              "AppCoordinates {com.bbn, test-service3, 1}" : {
                "DATARATE_TX" : 9.199999999999993E-5,
                "DATARATE_RX" : 4.5999999999999966E-5
              }
            },
            "(clientPoolJ, nodeC_c04, nodeC_c04)" : {
              "AppCoordinates {com.bbn, test-service3, 1}" : {
                "DATARATE_TX" : 4.6000000000000014E-5,
                "DATARATE_RX" : 2.3000000000000007E-5
              }
            },
            "(clientPoolB, nodeC_c04, nodeC_c04)" : {
              "AppCoordinates {com.bbn, test-service3, 1}" : {
                "DATARATE_TX" : 1.1799999999999986E-4,
                "DATARATE_RX" : 5.899999999999993E-5
              }
            }
          }
        },
        "networkDemand" : {
          "interface-nodeC ( nodeC )" : {
            "(clientPoolO, nodeC_c04, nodeC_c04)" : {
              "AppCoordinates {com.bbn, test-service3, 1}" : {
                "DATARATE_TX" : 9.199999999999995E-5,
                "DATARATE_RX" : 4.599999999999997E-5
              }
            },
            "(clientPoolJ, nodeC_c04, nodeC_c04)" : {
              "AppCoordinates {com.bbn, test-service3, 1}" : {
                "DATARATE_TX" : 4.600000000000002E-5,
                "DATARATE_RX" : 2.300000000000001E-5
              }
            },
            "(clientPoolB, nodeC_c04, nodeC_c04)" : {
              "AppCoordinates {com.bbn, test-service3, 1}" : {
                "DATARATE_TX" : 1.1799999999999985E-4,
                "DATARATE_RX" : 5.899999999999992E-5
              }
            }
          }
        }
      },
      "nodeC_c07" : {
        "containerName" : {
          "name" : "nodeC_c07"
        },
        "timestamp" : 315993,
        "service" : {
          "group" : "com.bbn",
          "artifact" : "test-service1",
          "version" : "1"
        },
        "serviceStatus" : "RUNNING",
        "demandEstimationWindow" : "SHORT",
        "computeCapacity" : {
          "CPU" : 1.0,
          "TASK_CONTAINERS" : 100.0,
          "QueueLength" : 1000000.0
        },
        "computeLoad" : {
          "UNKNOWN" : {
            "QueueLength" : 200.0,
            "TASK_CONTAINERS" : 100.0
          }
        },
        "computeDemand" : {
          "UNKNOWN" : {
            "QueueLength" : 175.0,
            "TASK_CONTAINERS" : 87.5
          }
        },
        "averageProcessingTime" : 120000.0,
        "networkCapacity" : {
          "interface-nodeC ( nodeC )" : {
            "DATARATE_TX" : 100.0,
            "DATARATE_RX" : 100.0
          }
        },
        "networkLoad" : {
          "interface-nodeC ( nodeC )" : {
            "(clientPoolB, nodeC_c07, nodeC_c07)" : {
              "AppCoordinates {com.bbn, test-service1, 1}" : {
                "DATARATE_TX" : 8.000000000000064E-4,
                "DATARATE_RX" : 4.000000000000032E-4
              }
            },
            "(clientPoolO, nodeC_c07, nodeC_c07)" : {
              "AppCoordinates {com.bbn, test-service1, 1}" : {
                "DATARATE_TX" : 8.000000000000064E-4,
                "DATARATE_RX" : 4.000000000000032E-4
              }
            },
            "(clientPoolJ, nodeC_c07, nodeC_c07)" : {
              "AppCoordinates {com.bbn, test-service1, 1}" : {
                "DATARATE_TX" : 8.000000000000064E-4,
                "DATARATE_RX" : 4.000000000000032E-4
              }
            }
          }
        },
        "networkDemand" : {
          "interface-nodeC ( nodeC )" : {
            "(clientPoolB, nodeC_c07, nodeC_c07)" : {
              "AppCoordinates {com.bbn, test-service1, 1}" : {
                "DATARATE_TX" : 8.000000000000064E-4,
                "DATARATE_RX" : 4.000000000000032E-4
              }
            },
            "(clientPoolO, nodeC_c07, nodeC_c07)" : {
              "AppCoordinates {com.bbn, test-service1, 1}" : {
                "DATARATE_TX" : 8.000000000000064E-4,
                "DATARATE_RX" : 4.000000000000032E-4
              }
            },
            "(clientPoolJ, nodeC_c07, nodeC_c07)" : {
              "AppCoordinates {com.bbn, test-service1, 1}" : {
                "DATARATE_TX" : 8.000000000000064E-4,
                "DATARATE_RX" : 4.000000000000032E-4
              }
            }
          }
        }
      }
    },
    "maximumServiceContainers" : 8,
    "allocatedServiceContainers" : 8,
    "computeDemand" : {
      "AppCoordinates {com.bbn, test-service3, 1}" : {
        "UNKNOWN" : {
          "QueueLength" : 678.125,
          "TASK_CONTAINERS" : 339.0625
        }
      },
      "AppCoordinates {com.bbn, test-service2, 1}" : {
        "UNKNOWN" : {
          "QueueLength" : 175.0,
          "TASK_CONTAINERS" : 87.5
        }
      },
      "AppCoordinates {com.bbn, test-service1, 1}" : {
        "UNKNOWN" : {
          "QueueLength" : 175.0,
          "TASK_CONTAINERS" : 87.5
        }
      }
    },
    "containerNetworkLoad" : {
      "interface-nodeC ( nodeC )" : {
        "(clientPoolO, nodeC_c05, nodeC_c05)" : {
          "AppCoordinates {com.bbn, test-service3, 1}" : {
            "DATARATE_TX" : 1.1999999999999988E-4,
            "DATARATE_RX" : 5.999999999999994E-5
          }
        },
        "(clientPoolJ, nodeC_c00, nodeC_c00)" : {
          "AppCoordinates {com.bbn, test-service3, 1}" : {
            "DATARATE_TX" : 3.8E-5,
            "DATARATE_RX" : 1.9E-5
          }
        },
        "(clientPoolO, nodeC_c04, nodeC_c04)" : {
          "AppCoordinates {com.bbn, test-service3, 1}" : {
            "DATARATE_TX" : 9.199999999999993E-5,
            "DATARATE_RX" : 4.5999999999999966E-5
          }
        },
        "(clientPoolO, nodeC_c03, nodeC_c03)" : {
          "AppCoordinates {com.bbn, test-service3, 1}" : {
            "DATARATE_TX" : 1.2199999999999985E-4,
            "DATARATE_RX" : 6.0999999999999924E-5
          }
        },
        "(clientPoolO, nodeC_c02, nodeC_c02)" : {
          "AppCoordinates {com.bbn, test-service3, 1}" : {
            "DATARATE_TX" : 1.1199999999999996E-4,
            "DATARATE_RX" : 5.599999999999998E-5
          }
        },
        "(clientPoolJ, nodeC_c04, nodeC_c04)" : {
          "AppCoordinates {com.bbn, test-service3, 1}" : {
            "DATARATE_TX" : 4.6000000000000014E-5,
            "DATARATE_RX" : 2.3000000000000007E-5
          }
        },
        "(clientPoolJ, nodeC_c03, nodeC_c03)" : {
          "AppCoordinates {com.bbn, test-service3, 1}" : {
            "DATARATE_TX" : 4.000000000000001E-5,
            "DATARATE_RX" : 2.0000000000000005E-5
          }
        },
        "(clientPoolO, nodeC_c07, nodeC_c07)" : {
          "AppCoordinates {com.bbn, test-service1, 1}" : {
            "DATARATE_TX" : 8.000000000000064E-4,
            "DATARATE_RX" : 4.000000000000032E-4
          }
        },
        "(clientPoolJ, nodeC_c02, nodeC_c02)" : {
          "AppCoordinates {com.bbn, test-service3, 1}" : {
            "DATARATE_TX" : 5.000000000000009E-5,
            "DATARATE_RX" : 2.5000000000000045E-5
          }
        },
        "(clientPoolO, nodeC_c06, nodeC_c06)" : {
          "AppCoordinates {com.bbn, test-service2, 1}" : {
            "DATARATE_TX" : 8.000000000000064E-4,
            "DATARATE_RX" : 4.000000000000032E-4
          }
        },
        "(clientPoolJ, nodeC_c01, nodeC_c01)" : {
          "AppCoordinates {com.bbn, test-service3, 1}" : {
            "DATARATE_TX" : 3.0000000000000004E-5,
            "DATARATE_RX" : 1.5000000000000002E-5
          }
        },
        "(clientPoolB, nodeC_c00, nodeC_c00)" : {
          "AppCoordinates {com.bbn, test-service3, 1}" : {
            "DATARATE_TX" : 1.3199999999999982E-4,
            "DATARATE_RX" : 6.599999999999991E-5
          }
        },
        "(clientPoolJ, nodeC_c07, nodeC_c07)" : {
          "AppCoordinates {com.bbn, test-service1, 1}" : {
            "DATARATE_TX" : 8.000000000000064E-4,
            "DATARATE_RX" : 4.000000000000032E-4
          }
        },
        "(clientPoolJ, nodeC_c06, nodeC_c06)" : {
          "AppCoordinates {com.bbn, test-service2, 1}" : {
            "DATARATE_TX" : 8.000000000000064E-4,
            "DATARATE_RX" : 4.000000000000032E-4
          }
        },
        "(clientPoolJ, nodeC_c05, nodeC_c05)" : {
          "AppCoordinates {com.bbn, test-service3, 1}" : {
            "DATARATE_TX" : 4.200000000000003E-5,
            "DATARATE_RX" : 2.1000000000000016E-5
          }
        },
        "(clientPoolB, nodeC_c04, nodeC_c04)" : {
          "AppCoordinates {com.bbn, test-service3, 1}" : {
            "DATARATE_TX" : 1.1799999999999986E-4,
            "DATARATE_RX" : 5.899999999999993E-5
          }
        },
        "(clientPoolB, nodeC_c03, nodeC_c03)" : {
          "AppCoordinates {com.bbn, test-service3, 1}" : {
            "DATARATE_TX" : 9.399999999999993E-5,
            "DATARATE_RX" : 4.699999999999996E-5
          }
        },
        "(clientPoolB, nodeC_c02, nodeC_c02)" : {
          "AppCoordinates {com.bbn, test-service3, 1}" : {
            "DATARATE_TX" : 9.400000000000001E-5,
            "DATARATE_RX" : 4.7000000000000004E-5
          }
        },
        "(clientPoolB, nodeC_c01, nodeC_c01)" : {
          "AppCoordinates {com.bbn, test-service3, 1}" : {
            "DATARATE_TX" : 1.1799999999999986E-4,
            "DATARATE_RX" : 5.899999999999993E-5
          }
        },
        "(clientPoolB, nodeC_c07, nodeC_c07)" : {
          "AppCoordinates {com.bbn, test-service1, 1}" : {
            "DATARATE_TX" : 8.000000000000064E-4,
            "DATARATE_RX" : 4.000000000000032E-4
          }
        },
        "(clientPoolB, nodeC_c06, nodeC_c06)" : {
          "AppCoordinates {com.bbn, test-service2, 1}" : {
            "DATARATE_TX" : 8.000000000000064E-4,
            "DATARATE_RX" : 4.000000000000032E-4
          }
        },
        "(clientPoolB, nodeC_c05, nodeC_c05)" : {
          "AppCoordinates {com.bbn, test-service3, 1}" : {
            "DATARATE_TX" : 9.999999999999994E-5,
            "DATARATE_RX" : 4.999999999999997E-5
          }
        },
        "(clientPoolO, nodeC_c01, nodeC_c01)" : {
          "AppCoordinates {com.bbn, test-service3, 1}" : {
            "DATARATE_TX" : 1.0799999999999989E-4,
            "DATARATE_RX" : 5.3999999999999944E-5
          }
        },
        "(clientPoolO, nodeC_c00, nodeC_c00)" : {
          "AppCoordinates {com.bbn, test-service3, 1}" : {
            "DATARATE_TX" : 9.399999999999993E-5,
            "DATARATE_RX" : 4.699999999999996E-5
          }
        }
      }
    },
    "containerNetworkDemand" : {
      "interface-nodeC ( nodeC )" : {
        "(clientPoolO, nodeC_c05, nodeC_c05)" : {
          "AppCoordinates {com.bbn, test-service3, 1}" : {
            "DATARATE_TX" : 1.1999999999999988E-4,
            "DATARATE_RX" : 5.999999999999994E-5
          }
        },
        "(clientPoolJ, nodeC_c00, nodeC_c00)" : {
          "AppCoordinates {com.bbn, test-service3, 1}" : {
            "DATARATE_TX" : 3.8E-5,
            "DATARATE_RX" : 1.9E-5
          }
        },
        "(clientPoolO, nodeC_c04, nodeC_c04)" : {
          "AppCoordinates {com.bbn, test-service3, 1}" : {
            "DATARATE_TX" : 9.199999999999995E-5,
            "DATARATE_RX" : 4.599999999999997E-5
          }
        },
        "(clientPoolO, nodeC_c03, nodeC_c03)" : {
          "AppCoordinates {com.bbn, test-service3, 1}" : {
            "DATARATE_TX" : 1.2199999999999983E-4,
            "DATARATE_RX" : 6.099999999999992E-5
          }
        },
        "(clientPoolO, nodeC_c02, nodeC_c02)" : {
          "AppCoordinates {com.bbn, test-service3, 1}" : {
            "DATARATE_TX" : 1.1199999999999993E-4,
            "DATARATE_RX" : 5.5999999999999965E-5
          }
        },
        "(clientPoolJ, nodeC_c04, nodeC_c04)" : {
          "AppCoordinates {com.bbn, test-service3, 1}" : {
            "DATARATE_TX" : 4.600000000000002E-5,
            "DATARATE_RX" : 2.300000000000001E-5
          }
        },
        "(clientPoolJ, nodeC_c03, nodeC_c03)" : {
          "AppCoordinates {com.bbn, test-service3, 1}" : {
            "DATARATE_TX" : 4.0E-5,
            "DATARATE_RX" : 2.0E-5
          }
        },
        "(clientPoolO, nodeC_c07, nodeC_c07)" : {
          "AppCoordinates {com.bbn, test-service1, 1}" : {
            "DATARATE_TX" : 8.000000000000064E-4,
            "DATARATE_RX" : 4.000000000000032E-4
          }
        },
        "(clientPoolJ, nodeC_c02, nodeC_c02)" : {
          "AppCoordinates {com.bbn, test-service3, 1}" : {
            "DATARATE_TX" : 5.0000000000000084E-5,
            "DATARATE_RX" : 2.5000000000000042E-5
          }
        },
        "(clientPoolO, nodeC_c06, nodeC_c06)" : {
          "AppCoordinates {com.bbn, test-service2, 1}" : {
            "DATARATE_TX" : 8.000000000000064E-4,
            "DATARATE_RX" : 4.000000000000032E-4
          }
        },
        "(clientPoolJ, nodeC_c01, nodeC_c01)" : {
          "AppCoordinates {com.bbn, test-service3, 1}" : {
            "DATARATE_TX" : 3.0E-5,
            "DATARATE_RX" : 1.5E-5
          }
        },
        "(clientPoolB, nodeC_c00, nodeC_c00)" : {
          "AppCoordinates {com.bbn, test-service3, 1}" : {
            "DATARATE_TX" : 1.3199999999999982E-4,
            "DATARATE_RX" : 6.599999999999991E-5
          }
        },
        "(clientPoolJ, nodeC_c07, nodeC_c07)" : {
          "AppCoordinates {com.bbn, test-service1, 1}" : {
            "DATARATE_TX" : 8.000000000000064E-4,
            "DATARATE_RX" : 4.000000000000032E-4
          }
        },
        "(clientPoolJ, nodeC_c06, nodeC_c06)" : {
          "AppCoordinates {com.bbn, test-service2, 1}" : {
            "DATARATE_TX" : 8.000000000000064E-4,
            "DATARATE_RX" : 4.000000000000032E-4
          }
        },
        "(clientPoolJ, nodeC_c05, nodeC_c05)" : {
          "AppCoordinates {com.bbn, test-service3, 1}" : {
            "DATARATE_TX" : 4.200000000000004E-5,
            "DATARATE_RX" : 2.100000000000002E-5
          }
        },
        "(clientPoolB, nodeC_c04, nodeC_c04)" : {
          "AppCoordinates {com.bbn, test-service3, 1}" : {
            "DATARATE_TX" : 1.1799999999999985E-4,
            "DATARATE_RX" : 5.899999999999992E-5
          }
        },
        "(clientPoolB, nodeC_c03, nodeC_c03)" : {
          "AppCoordinates {com.bbn, test-service3, 1}" : {
            "DATARATE_TX" : 9.399999999999991E-5,
            "DATARATE_RX" : 4.6999999999999957E-5
          }
        },
        "(clientPoolB, nodeC_c02, nodeC_c02)" : {
          "AppCoordinates {com.bbn, test-service3, 1}" : {
            "DATARATE_TX" : 9.400000000000001E-5,
            "DATARATE_RX" : 4.7000000000000004E-5
          }
        },
        "(clientPoolB, nodeC_c01, nodeC_c01)" : {
          "AppCoordinates {com.bbn, test-service3, 1}" : {
            "DATARATE_TX" : 1.1799999999999985E-4,
            "DATARATE_RX" : 5.899999999999992E-5
          }
        },
        "(clientPoolB, nodeC_c07, nodeC_c07)" : {
          "AppCoordinates {com.bbn, test-service1, 1}" : {
            "DATARATE_TX" : 8.000000000000064E-4,
            "DATARATE_RX" : 4.000000000000032E-4
          }
        },
        "(clientPoolB, nodeC_c06, nodeC_c06)" : {
          "AppCoordinates {com.bbn, test-service2, 1}" : {
            "DATARATE_TX" : 8.000000000000064E-4,
            "DATARATE_RX" : 4.000000000000032E-4
          }
        },
        "(clientPoolB, nodeC_c05, nodeC_c05)" : {
          "AppCoordinates {com.bbn, test-service3, 1}" : {
            "DATARATE_TX" : 9.999999999999994E-5,
            "DATARATE_RX" : 4.999999999999997E-5
          }
        },
        "(clientPoolO, nodeC_c01, nodeC_c01)" : {
          "AppCoordinates {com.bbn, test-service3, 1}" : {
            "DATARATE_TX" : 1.079999999999999E-4,
            "DATARATE_RX" : 5.399999999999995E-5
          }
        },
        "(clientPoolO, nodeC_c00, nodeC_c00)" : {
          "AppCoordinates {com.bbn, test-service3, 1}" : {
            "DATARATE_TX" : 9.399999999999991E-5,
            "DATARATE_RX" : 4.6999999999999957E-5
          }
        }
      }
    },
    "computeLoad" : {
      "AppCoordinates {com.bbn, test-service3, 1}" : {
        "UNKNOWN" : {
          "QueueLength" : 775.0,
          "TASK_CONTAINERS" : 387.5
        }
      },
      "AppCoordinates {com.bbn, test-service2, 1}" : {
        "UNKNOWN" : {
          "QueueLength" : 200.0,
          "TASK_CONTAINERS" : 100.0
        }
      },
      "AppCoordinates {com.bbn, test-service1, 1}" : {
        "UNKNOWN" : {
          "QueueLength" : 200.0,
          "TASK_CONTAINERS" : 100.0
        }
      }
    },
    "allocatedComputeCapacity" : {
      "CPU" : 8.0,
      "QueueLength" : 8000000.0,
      "TASK_CONTAINERS" : 800.0
    },
    "availableServiceContainers" : 0,
    "averageProcessingTime" : {
      "AppCoordinates {com.bbn, test-service3, 1}" : 120000.0,
      "AppCoordinates {com.bbn, test-service2, 1}" : 120000.0,
      "AppCoordinates {com.bbn, test-service1, 1}" : 120000.0
    }
  } ]
}