{
  "region" : {
    "name" : "C"
  },
  "serviceReports" : [ {
    "nodeName" : {
      "name" : "nodeC"
    },
    "timestamp" : 316237,
    "serviceState" : {
      "nodeC_c01" : {
        "service" : {
          "group" : "com.bbn",
          "artifact" : "test-service3",
          "version" : "1"
        },
        "status" : "RUNNING"
      },
      "nodeC_c02" : {
        "service" : {
          "group" : "com.bbn",
          "artifact" : "test-service3",
          "version" : "1"
        },
        "status" : "RUNNING"
      },
      "nodeC_c00" : {
        "service" : {
          "group" : "com.bbn",
          "artifact" : "test-service3",
          "version" : "1"
        },
        "status" : "RUNNING"
      },
      "nodeC_c05" : {
        "service" : {
          "group" : "com.bbn",
          "artifact" : "test-service3",
          "version" : "1"
        },
        "status" : "RUNNING"
      },
      "nodeC_c06" : {
        "service" : {
          "group" : "com.bbn",
          "artifact" : "test-service2",
          "version" : "1"
        },
        "status" : "RUNNING"
      },
      "nodeC_c03" : {
        "service" : {
          "group" : "com.bbn",
          "artifact" : "test-service3",
          "version" : "1"
        },
        "status" : "RUNNING"
      },
      "nodeC_c04" : {
        "service" : {
          "group" : "com.bbn",
          "artifact" : "test-service3",
          "version" : "1"
        },
        "status" : "RUNNING"
      },
      "nodeC_c07" : {
        "service" : {
          "group" : "com.bbn",
          "artifact" : "test-service1",
          "version" : "1"
        },
        "status" : "RUNNING"
      }
    }
  } ]
}