{
  "clientName" : "clientPoolA",
  "clientRegion" : {
    "name" : "A"
  },
  "numRequestsAttempted" : 1400,
  "numRequestsSucceeded" : 695,
  "numRequestsFailedForServerLoad" : 705,
  "numRequestsFailedForNetworkLoad" : 0,
  "numRequestsSlowForServerLoad" : 194,
  "numRequestsSlowForNetworkLoad" : 0,
  "numRequestsSlowForNetworkAndServerLoad" : 0,
  "numRequestsServicedByRegion" : {
    "A" : 330,
    "B" : 149,
    "C" : 150,
    "E" : 18,
    "F" : 17,
    "H" : 8,
    "I" : 3,
    "J" : 20
  },
  "numRequestsFailedForDownNode" : 0
}