{
  "entries" : [ {
    "sourceRegion" : null,
    "ttl" : 1,
    "service" : {
      "group" : "com.bbn",
      "artifact" : "test-service3",
      "version" : "1"
    },
    "delegateRegion" : {
      "name" : "I"
    }
  }, {
    "sourceRegion" : null,
    "ttl" : 1,
    "service" : {
      "group" : "com.bbn",
      "artifact" : "test-service3",
      "version" : "1"
    },
    "node" : {
      "name" : "nodeN_c01"
    }
  }, {
    "sourceRegion" : null,
    "ttl" : 1,
    "service" : {
      "group" : "com.bbn",
      "artifact" : "test-service2",
      "version" : "1"
    },
    "delegateRegion" : {
      "name" : "I"
    }
  }, {
    "sourceRegion" : null,
    "ttl" : 1,
    "service" : {
      "group" : "com.bbn",
      "artifact" : "test-service2",
      "version" : "1"
    },
    "delegateRegion" : {
      "name" : "J"
    }
  }, {
    "sourceRegion" : null,
    "ttl" : 1,
    "service" : {
      "group" : "com.bbn",
      "artifact" : "test-service1",
      "version" : "1"
    },
    "delegateRegion" : {
      "name" : "J"
    }
  }, {
    "sourceRegion" : null,
    "ttl" : 1,
    "service" : {
      "group" : "com.bbn",
      "artifact" : "test-service1",
      "version" : "1"
    },
    "delegateRegion" : {
      "name" : "I"
    }
  } ]
}