{
  "clientName" : "clientPoolB",
  "clientRegion" : {
    "name" : "B"
  },
  "numRequestsAttempted" : 10800,
  "numRequestsSucceeded" : 5404,
  "numRequestsFailedForServerLoad" : 5396,
  "numRequestsFailedForNetworkLoad" : 0,
  "numRequestsSlowForServerLoad" : 1603,
  "numRequestsSlowForNetworkLoad" : 0,
  "numRequestsSlowForNetworkAndServerLoad" : 0,
  "numRequestsServicedByRegion" : {
    "A" : 200,
    "B" : 1133,
    "C" : 3,
    "D" : 4032,
    "E" : 36
  },
  "numRequestsFailedForDownNode" : 0
}