714,1,DNS_UPDATE_SUCCEEDED
806,2,DCOP_PLAN_PLUBLIED
825,2,RLG_PLAN_PUBLISHED
106152,212,DCOP_PLAN_PLUBLIED
108750,218,RLG_PLAN_PUBLISHED
109232,219,DNS_UPDATE_SUCCEEDED
109735,220,DNS_UPDATE_SUCCEEDED
111747,224,RLG_PLAN_PUBLISHED
112233,225,DNS_UPDATE_SUCCEEDED
120750,242,RLG_PLAN_PUBLISHED
121242,243,DNS_UPDATE_SUCCEEDED
121735,244,DNS_UPDATE_SUCCEEDED
123750,248,RLG_PLAN_PUBLISHED
124237,249,DNS_UPDATE_SUCCEEDED
159755,320,RLG_PLAN_PUBLISHED
160253,321,DNS_UPDATE_SUCCEEDED
160756,322,DNS_UPDATE_SUCCEEDED
162755,326,RLG_PLAN_PUBLISHED
163254,327,DNS_UPDATE_SUCCEEDED
165755,332,RLG_PLAN_PUBLISHED
166027,332,DCOP_PLAN_PLUBLIED
166253,333,DNS_UPDATE_SUCCEEDED
166755,334,DNS_UPDATE_SUCCEEDED
168758,337,RLG_PLAN_PUBLISHED
168765,338,DNS_UPDATE_SUCCEEDED
169254,339,DNS_UPDATE_SUCCEEDED
171756,344,RLG_PLAN_PUBLISHED
172254,345,DNS_UPDATE_SUCCEEDED
186758,374,RLG_PLAN_PUBLISHED
187253,375,DNS_UPDATE_SUCCEEDED
189756,379,RLG_PLAN_PUBLISHED
189757,380,DNS_UPDATE_SUCCEEDED
190269,381,DNS_UPDATE_SUCCEEDED
192757,386,RLG_PLAN_PUBLISHED
193258,387,DNS_UPDATE_SUCCEEDED
226048,452,DCOP_PLAN_PLUBLIED
228769,458,RLG_PLAN_PUBLISHED
229270,459,DNS_UPDATE_SUCCEEDED
231768,463,RLG_PLAN_PUBLISHED
231770,464,DNS_UPDATE_SUCCEEDED
232268,465,DNS_UPDATE_SUCCEEDED
234768,469,RLG_PLAN_PUBLISHED
234772,470,DNS_UPDATE_SUCCEEDED
286005,572,DCOP_PLAN_PLUBLIED
288771,577,RLG_PLAN_PUBLISHED
288785,578,DNS_UPDATE_SUCCEEDED
346029,692,DCOP_PLAN_PLUBLIED
348773,697,RLG_PLAN_PUBLISHED
348797,698,DNS_UPDATE_SUCCEEDED
406067,812,DCOP_PLAN_PLUBLIED
408778,817,RLG_PLAN_PUBLISHED
408810,818,DNS_UPDATE_SUCCEEDED
409309,819,DNS_UPDATE_SUCCEEDED
411778,823,RLG_PLAN_PUBLISHED
411845,824,DNS_UPDATE_SUCCEEDED
465985,932,DCOP_PLAN_PLUBLIED
468780,937,RLG_PLAN_PUBLISHED
468824,938,DNS_UPDATE_SUCCEEDED
471780,943,RLG_PLAN_PUBLISHED
471825,944,DNS_UPDATE_SUCCEEDED
474780,949,RLG_PLAN_PUBLISHED
474820,950,DNS_UPDATE_SUCCEEDED
475324,951,DNS_UPDATE_SUCCEEDED
477779,955,RLG_PLAN_PUBLISHED
477826,956,DNS_UPDATE_SUCCEEDED
525994,1052,DCOP_PLAN_PLUBLIED
528783,1057,RLG_PLAN_PUBLISHED
528830,1058,DNS_UPDATE_SUCCEEDED
586075,1172,DCOP_PLAN_PLUBLIED
588790,1177,RLG_PLAN_PUBLISHED
588844,1178,DNS_UPDATE_SUCCEEDED
630003,1261,DNS_UPDATE_SUCCEEDED
