{
  "clientName" : "clientPoolI",
  "clientRegion" : {
    "name" : "I"
  },
  "numRequestsAttempted" : 4400,
  "numRequestsSucceeded" : 2006,
  "numRequestsFailedForServerLoad" : 2394,
  "numRequestsFailedForNetworkLoad" : 0,
  "numRequestsSlowForServerLoad" : 909,
  "numRequestsSlowForNetworkLoad" : 0,
  "numRequestsSlowForNetworkAndServerLoad" : 0,
  "numRequestsServicedByRegion" : {
    "A" : 571,
    "C" : 45,
    "D" : 51,
    "F" : 102,
    "I" : 1237
  },
  "numRequestsFailedForDownNode" : 0
}