555,1,DNS_UPDATE_SUCCEEDED
619,2,DCOP_PLAN_PLUBLIED
645,2,RLG_PLAN_PUBLISHED
105691,212,DCOP_PLAN_PLUBLIED
108611,218,RLG_PLAN_PUBLISHED
109103,219,DNS_UPDATE_SUCCEEDED
109603,220,DNS_UPDATE_SUCCEEDED
111604,223,RLG_PLAN_PUBLISHED
114610,230,DNS_UPDATE_SUCCEEDED
120605,241,RLG_PLAN_PUBLISHED
120613,242,DNS_UPDATE_SUCCEEDED
121113,243,DNS_UPDATE_SUCCEEDED
123605,247,RLG_PLAN_PUBLISHED
123609,248,DNS_UPDATE_SUCCEEDED
165655,332,DCOP_PLAN_PLUBLIED
168608,337,RLG_PLAN_PUBLISHED
168629,338,DNS_UPDATE_SUCCEEDED
180607,361,RLG_PLAN_PUBLISHED
180632,362,DNS_UPDATE_SUCCEEDED
183608,367,RLG_PLAN_PUBLISHED
183637,368,DNS_UPDATE_SUCCEEDED
184137,369,DNS_UPDATE_SUCCEEDED
186609,373,RLG_PLAN_PUBLISHED
186636,374,DNS_UPDATE_SUCCEEDED
225666,452,DCOP_PLAN_PLUBLIED
228611,457,RLG_PLAN_PUBLISHED
228657,458,DNS_UPDATE_SUCCEEDED
285675,571,DCOP_PLAN_PLUBLIED
288613,577,RLG_PLAN_PUBLISHED
288678,578,DNS_UPDATE_SUCCEEDED
345670,691,DCOP_PLAN_PLUBLIED
348617,697,RLG_PLAN_PUBLISHED
348692,698,DNS_UPDATE_SUCCEEDED
405681,811,DCOP_PLAN_PLUBLIED
408620,817,RLG_PLAN_PUBLISHED
408720,818,DNS_UPDATE_SUCCEEDED
465668,931,DCOP_PLAN_PLUBLIED
468622,937,RLG_PLAN_PUBLISHED
468753,938,DNS_UPDATE_SUCCEEDED
525667,1051,DCOP_PLAN_PLUBLIED
528636,1057,RLG_PLAN_PUBLISHED
528772,1058,DNS_UPDATE_SUCCEEDED
585669,1171,DCOP_PLAN_PLUBLIED
588639,1177,RLG_PLAN_PUBLISHED
588806,1178,DNS_UPDATE_SUCCEEDED
630003,1260,DCOP_PLAN_PLUBLIED
