758,1,DNS_UPDATE_SUCCEEDED
781,1,DCOP_PLAN_PLUBLIED
807,2,RLG_PLAN_PUBLISHED
105886,212,DCOP_PLAN_PLUBLIED
108771,217,RLG_PLAN_PUBLISHED
108799,218,DNS_UPDATE_SUCCEEDED
109304,219,DNS_UPDATE_SUCCEEDED
111770,223,RLG_PLAN_PUBLISHED
111805,224,DNS_UPDATE_SUCCEEDED
123771,247,RLG_PLAN_PUBLISHED
123810,248,DNS_UPDATE_SUCCEEDED
124314,249,DNS_UPDATE_SUCCEEDED
126771,253,RLG_PLAN_PUBLISHED
126810,254,DNS_UPDATE_SUCCEEDED
165848,332,DCOP_PLAN_PLUBLIED
168773,337,RLG_PLAN_PUBLISHED
168816,338,DNS_UPDATE_SUCCEEDED
169317,339,DNS_UPDATE_SUCCEEDED
171772,343,RLG_PLAN_PUBLISHED
171818,344,DNS_UPDATE_SUCCEEDED
225855,452,DCOP_PLAN_PLUBLIED
228773,457,RLG_PLAN_PUBLISHED
228836,458,DNS_UPDATE_SUCCEEDED
285845,571,DCOP_PLAN_PLUBLIED
288774,577,RLG_PLAN_PUBLISHED
288855,578,DNS_UPDATE_SUCCEEDED
345875,691,DCOP_PLAN_PLUBLIED
348776,697,RLG_PLAN_PUBLISHED
348885,698,DNS_UPDATE_SUCCEEDED
405850,811,DCOP_PLAN_PLUBLIED
408781,817,RLG_PLAN_PUBLISHED
408924,818,DNS_UPDATE_SUCCEEDED
465852,931,DCOP_PLAN_PLUBLIED
468784,937,RLG_PLAN_PUBLISHED
468946,938,DNS_UPDATE_SUCCEEDED
525869,1051,DCOP_PLAN_PLUBLIED
528786,1057,RLG_PLAN_PUBLISHED
528990,1058,DNS_UPDATE_SUCCEEDED
579791,1159,RLG_PLAN_PUBLISHED
580021,1160,DNS_UPDATE_SUCCEEDED
580526,1161,DNS_UPDATE_SUCCEEDED
582791,1165,RLG_PLAN_PUBLISHED
583022,1166,DNS_UPDATE_SUCCEEDED
585882,1171,DCOP_PLAN_PLUBLIED
588790,1177,RLG_PLAN_PUBLISHED
589016,1178,DNS_UPDATE_SUCCEEDED
630004,1259,DCOP_PLAN_PLUBLIED
