{
  "nodeName" : {
    "name" : "nodeC"
  },
  "timestamp" : 224993,
  "demandEstimationWindow" : "SHORT",
  "nodeComputeCapacity" : {
    "CPU" : 4.0,
    "MEMORY" : 8.0E9,
    "DISK" : 10.0,
    "TASK_CONTAINERS" : 20.0
  },
  "networkCapacity" : {
    "interface-nodeE ( nodeE )" : {
      "DATARATE_RX" : 100.0,
      "DATARATE_TX" : 100.0
    },
    "interface-nodeJ ( nodeJ )" : {
      "DATARATE_RX" : 100.0,
      "DATARATE_TX" : 100.0
    },
    "interface-nodeA ( nodeA )" : {
      "DATARATE_RX" : 100.0,
      "DATARATE_TX" : 100.0
    }
  },
  "networkLoad" : {
    "interface-nodeE ( nodeE )" : {
      "(clientPoolC, nodeE_c02, nodeE_c02)" : {
        "AppCoordinates {com.bbn, test-service3, 1}" : {
          "DATARATE_TX" : 6.8E-5,
          "DATARATE_RX" : 3.4E-5
        }
      },
      "(clientPoolC, nodeE_c01, nodeE_c01)" : {
        "AppCoordinates {com.bbn, test-service2, 1}" : {
          "DATARATE_TX" : -7.623296525288703E-21,
          "DATARATE_RX" : -3.8116482626443515E-21
        }
      },
      "(clientPoolC, nodeE_c00, nodeE_c00)" : {
        "AppCoordinates {com.bbn, test-service3, 1}" : {
          "DATARATE_TX" : 6.600000000000003E-5,
          "DATARATE_RX" : 3.3000000000000016E-5
        }
      }
    },
    "interface-nodeJ ( nodeJ )" : {
      "(clientPoolC, nodeJ_c00, nodeJ_c00)" : {
        "AppCoordinates {com.bbn, test-service2, 1}" : {
          "DATARATE_TX" : -7.623296525288703E-21,
          "DATARATE_RX" : -3.8116482626443515E-21
        }
      },
      "(clientPoolC, nodeJ_c01, nodeJ_c01)" : {
        "AppCoordinates {com.bbn, test-service3, 1}" : {
          "DATARATE_TX" : 4.6000000000000014E-5,
          "DATARATE_RX" : 2.3000000000000007E-5
        }
      }
    },
    "interface-nodeA ( nodeA )" : {
      "(clientPoolC, nodeA_c07, nodeA_c07)" : {
        "AppCoordinates {com.bbn, test-service3, 1}" : {
          "DATARATE_TX" : 4.6000000000000014E-5,
          "DATARATE_RX" : 2.3000000000000007E-5
        },
        "AppCoordinates {com.bbn, test-service2, 1}" : {
          "DATARATE_TX" : -7.623296525288703E-21,
          "DATARATE_RX" : -3.8116482626443515E-21
        }
      },
      "(clientPoolC, nodeA_c06, nodeA_c06)" : {
        "AppCoordinates {com.bbn, test-service1, 1}" : {
          "DATARATE_TX" : 1.3399999999999981E-4,
          "DATARATE_RX" : 6.699999999999991E-5
        }
      },
      "(clientPoolC, nodeA_c05, nodeA_c05)" : {
        "AppCoordinates {com.bbn, test-service3, 1}" : {
          "DATARATE_TX" : 2.7999999999999996E-5,
          "DATARATE_RX" : 1.3999999999999998E-5
        },
        "AppCoordinates {com.bbn, test-service1, 1}" : {
          "DATARATE_TX" : -7.623296525288703E-21,
          "DATARATE_RX" : -3.8116482626443515E-21
        }
      },
      "(clientPoolC, nodeA_c04, nodeA_c04)" : {
        "AppCoordinates {com.bbn, test-service3, 1}" : {
          "DATARATE_TX" : 0.0,
          "DATARATE_RX" : 0.0
        },
        "AppCoordinates {com.bbn, test-service1, 1}" : {
          "DATARATE_TX" : -7.623296525288703E-21,
          "DATARATE_RX" : -3.8116482626443515E-21
        }
      },
      "(clientPoolC, nodeA_c03, nodeA_c03)" : {
        "AppCoordinates {com.bbn, test-service2, 1}" : {
          "DATARATE_TX" : 8.799999999999994E-5,
          "DATARATE_RX" : 4.399999999999997E-5
        },
        "AppCoordinates {com.bbn, test-service1, 1}" : {
          "DATARATE_TX" : -7.623296525288703E-21,
          "DATARATE_RX" : -3.8116482626443515E-21
        }
      },
      "(clientPoolC, nodeA_c02, nodeA_c02)" : {
        "AppCoordinates {com.bbn, test-service3, 1}" : {
          "DATARATE_TX" : -7.623296525288703E-21,
          "DATARATE_RX" : -3.8116482626443515E-21
        }
      },
      "(clientPoolC, nodeA_c01, nodeA_c01)" : {
        "AppCoordinates {com.bbn, test-service2, 1}" : {
          "DATARATE_TX" : -7.623296525288703E-21,
          "DATARATE_RX" : -3.8116482626443515E-21
        }
      },
      "(clientPoolC, nodeA_c00, nodeA_c00)" : {
        "AppCoordinates {com.bbn, test-service3, 1}" : {
          "DATARATE_TX" : 2.6000000000000005E-5,
          "DATARATE_RX" : 1.3000000000000003E-5
        },
        "AppCoordinates {com.bbn, test-service1, 1}" : {
          "DATARATE_TX" : -7.623296525288703E-21,
          "DATARATE_RX" : -3.8116482626443515E-21
        }
      }
    }
  },
  "networkDemand" : {
    "interface-nodeE ( nodeE )" : {
      "(clientPoolC, nodeE_c02, nodeE_c02)" : {
        "AppCoordinates {com.bbn, test-service3, 1}" : {
          "DATARATE_TX" : 8.399999999999995E-5,
          "DATARATE_RX" : 4.199999999999998E-5
        }
      },
      "(clientPoolC, nodeE_c01, nodeE_c01)" : {
        "AppCoordinates {com.bbn, test-service2, 1}" : {
          "DATARATE_TX" : -7.623296525288703E-21,
          "DATARATE_RX" : -3.8116482626443515E-21
        }
      },
      "(clientPoolC, nodeE_c00, nodeE_c00)" : {
        "AppCoordinates {com.bbn, test-service3, 1}" : {
          "DATARATE_TX" : 8.485714285714284E-5,
          "DATARATE_RX" : 4.242857142857142E-5
        }
      }
    },
    "interface-nodeA ( nodeA )" : {
      "(clientPoolC, nodeA_c07, nodeA_c07)" : {
        "AppCoordinates {com.bbn, test-service3, 1}" : {
          "DATARATE_TX" : 4.600000000000002E-5,
          "DATARATE_RX" : 2.300000000000001E-5
        },
        "AppCoordinates {com.bbn, test-service2, 1}" : {
          "DATARATE_TX" : -7.623296525288703E-21,
          "DATARATE_RX" : -3.8116482626443515E-21
        }
      },
      "(clientPoolC, nodeA_c06, nodeA_c06)" : {
        "AppCoordinates {com.bbn, test-service1, 1}" : {
          "DATARATE_TX" : 1.345714285714284E-4,
          "DATARATE_RX" : 6.72857142857142E-5
        }
      },
      "(clientPoolC, nodeA_c05, nodeA_c05)" : {
        "AppCoordinates {com.bbn, test-service3, 1}" : {
          "DATARATE_TX" : 2.8E-5,
          "DATARATE_RX" : 1.4E-5
        },
        "AppCoordinates {com.bbn, test-service1, 1}" : {
          "DATARATE_TX" : -7.623296525288703E-21,
          "DATARATE_RX" : -3.8116482626443515E-21
        }
      },
      "(clientPoolC, nodeA_c04, nodeA_c04)" : {
        "AppCoordinates {com.bbn, test-service3, 1}" : {
          "DATARATE_TX" : 0.0,
          "DATARATE_RX" : 0.0
        },
        "AppCoordinates {com.bbn, test-service1, 1}" : {
          "DATARATE_TX" : -7.623296525288703E-21,
          "DATARATE_RX" : -3.8116482626443515E-21
        }
      },
      "(clientPoolC, nodeA_c03, nodeA_c03)" : {
        "AppCoordinates {com.bbn, test-service2, 1}" : {
          "DATARATE_TX" : 2.2571428571428564E-5,
          "DATARATE_RX" : 1.1285714285714282E-5
        },
        "AppCoordinates {com.bbn, test-service1, 1}" : {
          "DATARATE_TX" : -7.623296525288703E-21,
          "DATARATE_RX" : -3.8116482626443515E-21
        }
      },
      "(clientPoolC, nodeA_c02, nodeA_c02)" : {
        "AppCoordinates {com.bbn, test-service3, 1}" : {
          "DATARATE_TX" : -7.623296525288703E-21,
          "DATARATE_RX" : -3.8116482626443515E-21
        }
      },
      "(clientPoolC, nodeA_c01, nodeA_c01)" : {
        "AppCoordinates {com.bbn, test-service2, 1}" : {
          "DATARATE_TX" : -7.623296525288703E-21,
          "DATARATE_RX" : -3.8116482626443515E-21
        }
      },
      "(clientPoolC, nodeA_c00, nodeA_c00)" : {
        "AppCoordinates {com.bbn, test-service3, 1}" : {
          "DATARATE_TX" : 2.6000000000000005E-5,
          "DATARATE_RX" : 1.3000000000000003E-5
        },
        "AppCoordinates {com.bbn, test-service1, 1}" : {
          "DATARATE_TX" : -7.623296525288703E-21,
          "DATARATE_RX" : -3.8116482626443515E-21
        }
      }
    },
    "interface-nodeJ ( nodeJ )" : {
      "(clientPoolC, nodeJ_c00, nodeJ_c00)" : {
        "AppCoordinates {com.bbn, test-service2, 1}" : {
          "DATARATE_TX" : 2.8571428571427807E-7,
          "DATARATE_RX" : 1.4285714285713904E-7
        }
      },
      "(clientPoolC, nodeJ_c01, nodeJ_c01)" : {
        "AppCoordinates {com.bbn, test-service3, 1}" : {
          "DATARATE_TX" : 4.600000000000002E-5,
          "DATARATE_RX" : 2.300000000000001E-5
        }
      }
    }
  },
  "containerReports" : {
    "nodeC_c01" : {
      "containerName" : {
        "name" : "nodeC_c01"
      },
      "timestamp" : 224993,
      "service" : {
        "group" : "com.bbn",
        "artifact" : "test-service3",
        "version" : "1"
      },
      "serviceStatus" : "RUNNING",
      "demandEstimationWindow" : "SHORT",
      "computeCapacity" : {
        "CPU" : 1.0,
        "TASK_CONTAINERS" : 100.0,
        "QueueLength" : 1000000.0
      },
      "computeLoad" : {
        "UNKNOWN" : {
          "QueueLength" : 47.0,
          "TASK_CONTAINERS" : 23.5
        }
      },
      "computeDemand" : {
        "UNKNOWN" : {
          "QueueLength" : 53.375,
          "TASK_CONTAINERS" : 26.6875
        }
      },
      "averageProcessingTime" : 120000.0,
      "networkCapacity" : {
        "interface-nodeC ( nodeC )" : {
          "DATARATE_TX" : 100.0,
          "DATARATE_RX" : 100.0
        }
      },
      "networkLoad" : {
        "interface-nodeC ( nodeC )" : {
          "(clientPoolC, nodeC_c01, nodeC_c01)" : {
            "AppCoordinates {com.bbn, test-service3, 1}" : {
              "DATARATE_TX" : 9.399999999999995E-5,
              "DATARATE_RX" : 4.699999999999998E-5
            }
          }
        }
      },
      "networkDemand" : {
        "interface-nodeC ( nodeC )" : {
          "(clientPoolC, nodeC_c01, nodeC_c01)" : {
            "AppCoordinates {com.bbn, test-service3, 1}" : {
              "DATARATE_TX" : 1.2199999999999989E-4,
              "DATARATE_RX" : 6.0999999999999945E-5
            }
          }
        }
      }
    },
    "nodeC_c02" : {
      "containerName" : {
        "name" : "nodeC_c02"
      },
      "timestamp" : 224994,
      "service" : {
        "group" : "com.bbn",
        "artifact" : "test-service3",
        "version" : "1"
      },
      "serviceStatus" : "RUNNING",
      "demandEstimationWindow" : "SHORT",
      "computeCapacity" : {
        "CPU" : 1.0,
        "TASK_CONTAINERS" : 100.0,
        "QueueLength" : 1000000.0
      },
      "computeLoad" : {
        "UNKNOWN" : {
          "QueueLength" : 44.0,
          "TASK_CONTAINERS" : 22.0
        }
      },
      "computeDemand" : {
        "UNKNOWN" : {
          "QueueLength" : 38.5,
          "TASK_CONTAINERS" : 19.25
        }
      },
      "averageProcessingTime" : "NaN",
      "networkCapacity" : {
        "interface-nodeC ( nodeC )" : {
          "DATARATE_TX" : 100.0,
          "DATARATE_RX" : 100.0
        }
      },
      "networkLoad" : {
        "interface-nodeC ( nodeC )" : {
          "(clientPoolC, nodeC_c02, nodeC_c02)" : {
            "AppCoordinates {com.bbn, test-service3, 1}" : {
              "DATARATE_TX" : 8.799999999999994E-5,
              "DATARATE_RX" : 4.399999999999997E-5
            }
          }
        }
      },
      "networkDemand" : {
        "interface-nodeC ( nodeC )" : {
          "(clientPoolC, nodeC_c02, nodeC_c02)" : {
            "AppCoordinates {com.bbn, test-service3, 1}" : {
              "DATARATE_TX" : 8.799999999999996E-5,
              "DATARATE_RX" : 4.399999999999998E-5
            }
          }
        }
      }
    }
  },
  "maximumServiceContainers" : 20,
  "allocatedServiceContainers" : 2,
  "computeDemand" : {
    "AppCoordinates {com.bbn, test-service3, 1}" : {
      "UNKNOWN" : {
        "QueueLength" : 91.875,
        "TASK_CONTAINERS" : 45.9375
      }
    }
  },
  "containerNetworkLoad" : {
    "interface-nodeC ( nodeC )" : {
      "(clientPoolC, nodeC_c01, nodeC_c01)" : {
        "AppCoordinates {com.bbn, test-service3, 1}" : {
          "DATARATE_TX" : 9.399999999999995E-5,
          "DATARATE_RX" : 4.699999999999998E-5
        }
      },
      "(clientPoolC, nodeC_c02, nodeC_c02)" : {
        "AppCoordinates {com.bbn, test-service3, 1}" : {
          "DATARATE_TX" : 8.799999999999994E-5,
          "DATARATE_RX" : 4.399999999999997E-5
        }
      }
    }
  },
  "containerNetworkDemand" : {
    "interface-nodeC ( nodeC )" : {
      "(clientPoolC, nodeC_c01, nodeC_c01)" : {
        "AppCoordinates {com.bbn, test-service3, 1}" : {
          "DATARATE_TX" : 1.2199999999999989E-4,
          "DATARATE_RX" : 6.0999999999999945E-5
        }
      },
      "(clientPoolC, nodeC_c02, nodeC_c02)" : {
        "AppCoordinates {com.bbn, test-service3, 1}" : {
          "DATARATE_TX" : 8.799999999999996E-5,
          "DATARATE_RX" : 4.399999999999998E-5
        }
      }
    }
  },
  "computeLoad" : {
    "AppCoordinates {com.bbn, test-service3, 1}" : {
      "UNKNOWN" : {
        "QueueLength" : 91.0,
        "TASK_CONTAINERS" : 45.5
      }
    }
  },
  "availableServiceContainers" : 18,
  "averageProcessingTime" : {
    "AppCoordinates {com.bbn, test-service3, 1}" : 120000.0
  },
  "allocatedComputeCapacity" : {
    "CPU" : 2.0,
    "QueueLength" : 2000000.0,
    "TASK_CONTAINERS" : 200.0
  }
}