{
  "clientName" : "clientPoolI",
  "clientRegion" : {
    "name" : "I"
  },
  "numRequestsAttempted" : 2620,
  "numRequestsSucceeded" : 1302,
  "numRequestsFailedForServerLoad" : 1318,
  "numRequestsFailedForNetworkLoad" : 0,
  "numRequestsSlowForServerLoad" : 242,
  "numRequestsSlowForNetworkLoad" : 0,
  "numRequestsSlowForNetworkAndServerLoad" : 0,
  "numRequestsServicedByRegion" : {
    "A" : 878,
    "B" : 5,
    "C" : 12,
    "E" : 142,
    "H" : 38,
    "I" : 200,
    "J" : 27
  },
  "numRequestsFailedForDownNode" : 0
}