{
  "region" : {
    "name" : "I"
  },
  "minTimestamp" : 235997,
  "maxTimestamp" : 235997,
  "demandEstimationWindow" : "LONG",
  "serverCapacity" : {
    "DISK" : 10.0,
    "MEMORY" : 8.0E9,
    "CPU" : 4.0,
    "TASK_CONTAINERS" : 20.0
  },
  "serverLoad" : {
    "AppCoordinates {com.bbn, test-service1, 1}" : {
      "unknown" : {
        "QueueLength" : 76.0,
        "TASK_CONTAINERS" : 19.0
      }
    }
  },
  "serverDemand" : {
    "AppCoordinates {com.bbn, test-service1, 1}" : {
      "unknown" : {
        "QueueLength" : 77.24667513506068,
        "TASK_CONTAINERS" : 19.31166878376517
      }
    }
  },
  "serverAverageProcessingTimeCount" : {
    "AppCoordinates {com.bbn, test-service1, 1}" : 1
  },
  "serverAverageProcessingTimeSum" : {
    "AppCoordinates {com.bbn, test-service1, 1}" : 240000.0
  },
  "networkCapacity" : {
    "A" : {
      "DATARATE_RX" : 100.0,
      "DATARATE_TX" : 100.0
    },
    "B" : {
      "DATARATE_RX" : 100.0,
      "DATARATE_TX" : 100.0
    },
    "C" : {
      "DATARATE_RX" : 100.0,
      "DATARATE_TX" : 100.0
    },
    "D" : {
      "DATARATE_RX" : 100.0,
      "DATARATE_TX" : 100.0
    },
    "G" : {
      "DATARATE_RX" : 100.0,
      "DATARATE_TX" : 100.0
    },
    "I" : {
      "DATARATE_RX" : 100.0,
      "DATARATE_TX" : 100.0
    }
  },
  "networkLoad" : {
    "A" : { },
    "B" : {
      "(I, B, B)" : {
        "AppCoordinates {com.bbn, test-service1, 1}" : {
          "DATARATE_TX" : 5.600000000000001E-5,
          "DATARATE_RX" : 2.8000000000000006E-5
        }
      }
    },
    "C" : { },
    "D" : { },
    "G" : { },
    "I" : {
      "(I, I, I)" : {
        "AppCoordinates {com.bbn, test-service1, 1}" : {
          "DATARATE_TX" : 7.600000000000002E-5,
          "DATARATE_RX" : 1.5200000000000004E-4
        }
      },
      "(B, I, B)" : {
        "AppCoordinates {com.bbn, test-service1, 1}" : {
          "DATARATE_TX" : 2.8000000000000006E-5,
          "DATARATE_RX" : 5.600000000000001E-5
        }
      }
    }
  },
  "networkDemand" : {
    "A" : { },
    "B" : {
      "(I, B, B)" : {
        "AppCoordinates {com.bbn, test-service1, 1}" : {
          "DATARATE_TX" : 6.923765897559579E-5,
          "DATARATE_RX" : 3.461882948779789E-5
        }
      }
    },
    "C" : { },
    "D" : { },
    "G" : { },
    "I" : {
      "(I, I, I)" : {
        "AppCoordinates {com.bbn, test-service1, 1}" : {
          "DATARATE_TX" : 7.750692520775663E-5,
          "DATARATE_RX" : 1.5501385041551325E-4
        }
      },
      "(B, I, B)" : {
        "AppCoordinates {com.bbn, test-service1, 1}" : {
          "DATARATE_TX" : 3.46188294877979E-5,
          "DATARATE_RX" : 6.92376589755958E-5
        }
      }
    }
  },
  "maximumServiceContainers" : 20,
  "allocatedServiceContainers" : 20,
  "serverAverageProcessingTime" : {
    "AppCoordinates {com.bbn, test-service1, 1}" : 240000.0
  },
  "availableServiceContainers" : 0,
  "nullSummary" : false
}