{
  "region" : {
    "name" : "K"
  },
  "minTimestamp" : 154990,
  "maxTimestamp" : 154990,
  "demandEstimationWindow" : "LONG",
  "serverCapacity" : {
    "DISK" : 10.0,
    "MEMORY" : 8.0E9,
    "CPU" : 4.0,
    "TASK_CONTAINERS" : 20.0
  },
  "serverLoad" : { },
  "serverDemand" : { },
  "serverAverageProcessingTimeCount" : { },
  "serverAverageProcessingTimeSum" : { },
  "networkCapacity" : {
    "H" : {
      "DATARATE_RX" : 100.0,
      "DATARATE_TX" : 100.0
    }
  },
  "networkLoad" : {
    "H" : {
      "(K, C, C)" : {
        "AppCoordinates {com.bbn, test-service3, 1}" : {
          "DATARATE_TX" : 0.018000000000000002,
          "DATARATE_RX" : 0.009000000000000001
        },
        "AppCoordinates {com.bbn, test-service2, 1}" : {
          "DATARATE_TX" : 0.014,
          "DATARATE_RX" : 0.007
        },
        "AppCoordinates {com.bbn, test-service1, 1}" : {
          "DATARATE_TX" : 0.01,
          "DATARATE_RX" : 0.005
        }
      }
    }
  },
  "networkDemand" : {
    "H" : {
      "(K, C, C)" : {
        "AppCoordinates {com.bbn, test-service3, 1}" : {
          "DATARATE_TX" : 0.017524305555555564,
          "DATARATE_RX" : 0.008762152777777782
        },
        "AppCoordinates {com.bbn, test-service2, 1}" : {
          "DATARATE_TX" : 0.01401606425702812,
          "DATARATE_RX" : 0.00700803212851406
        },
        "AppCoordinates {com.bbn, test-service1, 1}" : {
          "DATARATE_TX" : 0.010000000000000007,
          "DATARATE_RX" : 0.005000000000000004
        }
      }
    }
  },
  "maximumServiceContainers" : 20,
  "allocatedServiceContainers" : 0,
  "serverAverageProcessingTime" : { },
  "availableServiceContainers" : 20,
  "nullSummary" : false
}